

================================================================
== Vitis HLS Report for 'mmult_Pipeline_writeC_VITIS_LOOP_187_5'
================================================================
* Date:           Fri Jun  5 01:39:04 2026

* Version:        2023.2 (Build 4023990 on Oct 11 2023)
* Project:        hls_prj
* Solution:       s1 (Vivado IP Flow Target)
* Product family: zynquplus
* Target device:  xck26-sfvc784-2LV-c


================================================================
== Performance Estimates
================================================================
+ Timing: 
    * Summary: 
    +--------+---------+----------+------------+
    |  Clock |  Target | Estimated| Uncertainty|
    +--------+---------+----------+------------+
    |ap_clk  |  3.30 ns|  2.867 ns|     0.89 ns|
    +--------+---------+----------+------------+

+ Latency: 
    * Summary: 
    +---------+---------+----------+----------+------+------+---------+
    |  Latency (cycles) |  Latency (absolute) |   Interval  | Pipeline|
    |   min   |   max   |    min   |    max   |  min |  max |   Type  |
    +---------+---------+----------+----------+------+------+---------+
    |     1028|     1028|  3.392 us|  3.392 us|  1028|  1028|       no|
    +---------+---------+----------+----------+------+------+---------+

    + Detail: 
        * Instance: 
        N/A

        * Loop: 
        +---------------------------+---------+---------+----------+-----------+-----------+------+----------+
        |                           |  Latency (cycles) | Iteration|  Initiation Interval  | Trip |          |
        |         Loop Name         |   min   |   max   |  Latency |  achieved |   target  | Count| Pipelined|
        +---------------------------+---------+---------+----------+-----------+-----------+------+----------+
        |- writeC_VITIS_LOOP_187_5  |     1026|     1026|         4|          1|          1|  1024|       yes|
        +---------------------------+---------+---------+----------+-----------+-----------+------+----------+



================================================================
== Utilization Estimates
================================================================
* Summary: 
+-----------------+---------+------+--------+--------+-----+
|       Name      | BRAM_18K|  DSP |   FF   |   LUT  | URAM|
+-----------------+---------+------+--------+--------+-----+
|DSP              |        -|     -|       -|       -|    -|
|Expression       |        -|     -|       0|     335|    -|
|FIFO             |        -|     -|       -|       -|    -|
|Instance         |        -|     -|       0|     387|    -|
|Memory           |        -|     -|       -|       -|    -|
|Multiplexer      |        -|     -|       -|      63|    -|
|Register         |        -|     -|     166|       -|    -|
+-----------------+---------+------+--------+--------+-----+
|Total            |        0|     0|     166|     785|    0|
+-----------------+---------+------+--------+--------+-----+
|Available        |      288|  1248|  234240|  117120|   64|
+-----------------+---------+------+--------+--------+-----+
|Utilization (%)  |        0|     0|      ~0|      ~0|    0|
+-----------------+---------+------+--------+--------+-----+

+ Detail: 
    * Instance: 
    +-----------------------------+-----------------------+---------+----+---+----+-----+
    |           Instance          |         Module        | BRAM_18K| DSP| FF| LUT| URAM|
    +-----------------------------+-----------------------+---------+----+---+----+-----+
    |sparsemux_17_3_16_1_1_U3330  |sparsemux_17_3_16_1_1  |        0|   0|  0|  43|    0|
    |sparsemux_17_3_16_1_1_U3331  |sparsemux_17_3_16_1_1  |        0|   0|  0|  43|    0|
    |sparsemux_17_3_16_1_1_U3332  |sparsemux_17_3_16_1_1  |        0|   0|  0|  43|    0|
    |sparsemux_17_3_16_1_1_U3333  |sparsemux_17_3_16_1_1  |        0|   0|  0|  43|    0|
    |sparsemux_17_3_16_1_1_U3334  |sparsemux_17_3_16_1_1  |        0|   0|  0|  43|    0|
    |sparsemux_17_3_16_1_1_U3335  |sparsemux_17_3_16_1_1  |        0|   0|  0|  43|    0|
    |sparsemux_17_3_16_1_1_U3336  |sparsemux_17_3_16_1_1  |        0|   0|  0|  43|    0|
    |sparsemux_17_3_16_1_1_U3337  |sparsemux_17_3_16_1_1  |        0|   0|  0|  43|    0|
    |sparsemux_17_3_16_1_1_U3338  |sparsemux_17_3_16_1_1  |        0|   0|  0|  43|    0|
    +-----------------------------+-----------------------+---------+----+---+----+-----+
    |Total                        |                       |        0|   0|  0| 387|    0|
    +-----------------------------+-----------------------+---------+----+---+----+-----+

    * DSP: 
    N/A

    * Memory: 
    N/A

    * FIFO: 
    N/A

    * Expression: 
    +---------------------------+----------+----+---+----+------------+------------+
    |       Variable Name       | Operation| DSP| FF| LUT| Bitwidth P0| Bitwidth P1|
    +---------------------------+----------+----+---+----+------------+------------+
    |add_ln185_1_fu_1127_p2     |         +|   0|  0|  71|          64|           1|
    |add_ln185_fu_1136_p2       |         +|   0|  0|  38|          31|           1|
    |add_ln187_fu_1200_p2       |         +|   0|  0|  38|          31|           1|
    |add_ln190_fu_1194_p2       |         +|   0|  0|  12|           4|           4|
    |ap_block_pp0_stage0_11001  |       and|   0|  0|   2|           1|           1|
    |icmp_ln185_fu_1122_p2      |      icmp|   0|  0|  71|          64|          64|
    |icmp_ln187_fu_1117_p2      |      icmp|   0|  0|  39|          32|          32|
    |select_ln185_1_fu_1150_p3  |    select|   0|  0|  31|           1|          31|
    |select_ln185_fu_1142_p3    |    select|   0|  0|  31|           1|          31|
    |ap_enable_pp0              |       xor|   0|  0|   2|           1|           2|
    +---------------------------+----------+----+---+----+------------+------------+
    |Total                      |          |   0|  0| 335|         230|         168|
    +---------------------------+----------+----+---+----+------------+------------+

    * Multiplexer: 
    +-------------------------+----+-----------+-----+-----------+
    |           Name          | LUT| Input Size| Bits| Total Bits|
    +-------------------------+----+-----------+-----+-----------+
    |ap_done_int              |   9|          2|    1|          2|
    |ap_enable_reg_pp0_iter1  |   9|          2|    1|          2|
    |ap_enable_reg_pp0_iter2  |   9|          2|    1|          2|
    |gmem2_blk_n_W            |   9|          2|    1|          2|
    |i_fu_222                 |   9|          2|   31|         62|
    |indvar_flatten26_fu_226  |   9|          2|   64|        128|
    |j_fu_218                 |   9|          2|   31|         62|
    +-------------------------+----+-----------+-----+-----------+
    |Total                    |  63|         14|  130|        260|
    +-------------------------+----+-----------+-----+-----------+

    * Register: 
    +------------------------------------+----+----+-----+-----------+
    |                Name                | FF | LUT| Bits| Const Bits|
    +------------------------------------+----+----+-----+-----------+
    |add_ln190_reg_1702                  |   4|   0|    4|          0|
    |ap_CS_fsm                           |   1|   0|    1|          0|
    |ap_done_reg                         |   1|   0|    1|          0|
    |ap_enable_reg_pp0_iter1             |   1|   0|    1|          0|
    |ap_enable_reg_pp0_iter2             |   1|   0|    1|          0|
    |ap_enable_reg_pp0_iter3             |   1|   0|    1|          0|
    |ap_enable_reg_pp0_iter4             |   1|   0|    1|          0|
    |ap_loop_exit_ready_pp0_iter2_reg    |   1|   0|    1|          0|
    |ap_loop_exit_ready_pp0_iter3_reg    |   1|   0|    1|          0|
    |i_fu_222                            |  31|   0|   31|          0|
    |indvar_flatten26_fu_226             |  64|   0|   64|          0|
    |j_fu_218                            |  31|   0|   31|          0|
    |tmp_8_reg_2027                      |  16|   0|   16|          0|
    |trunc_ln185_reg_1685                |   3|   0|    3|          0|
    |trunc_ln185_reg_1685_pp0_iter2_reg  |   3|   0|    3|          0|
    |trunc_ln187_reg_1690                |   3|   0|    3|          0|
    |trunc_ln187_reg_1690_pp0_iter2_reg  |   3|   0|    3|          0|
    +------------------------------------+----+----+-----+-----------+
    |Total                               | 166|   0|  166|          0|
    +------------------------------------+----+----+-----+-----------+



================================================================
== Interface
================================================================
* Summary: 
+----------------------+-----+-----+------------+----------------------------------------+--------------+
|       RTL Ports      | Dir | Bits|  Protocol  |              Source Object             |    C Type    |
+----------------------+-----+-----+------------+----------------------------------------+--------------+
|ap_clk                |   in|    1|  ap_ctrl_hs|  mmult_Pipeline_writeC_VITIS_LOOP_187_5|  return value|
|ap_rst                |   in|    1|  ap_ctrl_hs|  mmult_Pipeline_writeC_VITIS_LOOP_187_5|  return value|
|ap_start              |   in|    1|  ap_ctrl_hs|  mmult_Pipeline_writeC_VITIS_LOOP_187_5|  return value|
|ap_done               |  out|    1|  ap_ctrl_hs|  mmult_Pipeline_writeC_VITIS_LOOP_187_5|  return value|
|ap_idle               |  out|    1|  ap_ctrl_hs|  mmult_Pipeline_writeC_VITIS_LOOP_187_5|  return value|
|ap_ready              |  out|    1|  ap_ctrl_hs|  mmult_Pipeline_writeC_VITIS_LOOP_187_5|  return value|
|m_axi_gmem2_AWVALID   |  out|    1|       m_axi|                                   gmem2|       pointer|
|m_axi_gmem2_AWREADY   |   in|    1|       m_axi|                                   gmem2|       pointer|
|m_axi_gmem2_AWADDR    |  out|   64|       m_axi|                                   gmem2|       pointer|
|m_axi_gmem2_AWID      |  out|    1|       m_axi|                                   gmem2|       pointer|
|m_axi_gmem2_AWLEN     |  out|   32|       m_axi|                                   gmem2|       pointer|
|m_axi_gmem2_AWSIZE    |  out|    3|       m_axi|                                   gmem2|       pointer|
|m_axi_gmem2_AWBURST   |  out|    2|       m_axi|                                   gmem2|       pointer|
|m_axi_gmem2_AWLOCK    |  out|    2|       m_axi|                                   gmem2|       pointer|
|m_axi_gmem2_AWCACHE   |  out|    4|       m_axi|                                   gmem2|       pointer|
|m_axi_gmem2_AWPROT    |  out|    3|       m_axi|                                   gmem2|       pointer|
|m_axi_gmem2_AWQOS     |  out|    4|       m_axi|                                   gmem2|       pointer|
|m_axi_gmem2_AWREGION  |  out|    4|       m_axi|                                   gmem2|       pointer|
|m_axi_gmem2_AWUSER    |  out|    1|       m_axi|                                   gmem2|       pointer|
|m_axi_gmem2_WVALID    |  out|    1|       m_axi|                                   gmem2|       pointer|
|m_axi_gmem2_WREADY    |   in|    1|       m_axi|                                   gmem2|       pointer|
|m_axi_gmem2_WDATA     |  out|   16|       m_axi|                                   gmem2|       pointer|
|m_axi_gmem2_WSTRB     |  out|    2|       m_axi|                                   gmem2|       pointer|
|m_axi_gmem2_WLAST     |  out|    1|       m_axi|                                   gmem2|       pointer|
|m_axi_gmem2_WID       |  out|    1|       m_axi|                                   gmem2|       pointer|
|m_axi_gmem2_WUSER     |  out|    1|       m_axi|                                   gmem2|       pointer|
|m_axi_gmem2_ARVALID   |  out|    1|       m_axi|                                   gmem2|       pointer|
|m_axi_gmem2_ARREADY   |   in|    1|       m_axi|                                   gmem2|       pointer|
|m_axi_gmem2_ARADDR    |  out|   64|       m_axi|                                   gmem2|       pointer|
|m_axi_gmem2_ARID      |  out|    1|       m_axi|                                   gmem2|       pointer|
|m_axi_gmem2_ARLEN     |  out|   32|       m_axi|                                   gmem2|       pointer|
|m_axi_gmem2_ARSIZE    |  out|    3|       m_axi|                                   gmem2|       pointer|
|m_axi_gmem2_ARBURST   |  out|    2|       m_axi|                                   gmem2|       pointer|
|m_axi_gmem2_ARLOCK    |  out|    2|       m_axi|                                   gmem2|       pointer|
|m_axi_gmem2_ARCACHE   |  out|    4|       m_axi|                                   gmem2|       pointer|
|m_axi_gmem2_ARPROT    |  out|    3|       m_axi|                                   gmem2|       pointer|
|m_axi_gmem2_ARQOS     |  out|    4|       m_axi|                                   gmem2|       pointer|
|m_axi_gmem2_ARREGION  |  out|    4|       m_axi|                                   gmem2|       pointer|
|m_axi_gmem2_ARUSER    |  out|    1|       m_axi|                                   gmem2|       pointer|
|m_axi_gmem2_RVALID    |   in|    1|       m_axi|                                   gmem2|       pointer|
|m_axi_gmem2_RREADY    |  out|    1|       m_axi|                                   gmem2|       pointer|
|m_axi_gmem2_RDATA     |   in|   16|       m_axi|                                   gmem2|       pointer|
|m_axi_gmem2_RLAST     |   in|    1|       m_axi|                                   gmem2|       pointer|
|m_axi_gmem2_RID       |   in|    1|       m_axi|                                   gmem2|       pointer|
|m_axi_gmem2_RFIFONUM  |   in|   10|       m_axi|                                   gmem2|       pointer|
|m_axi_gmem2_RUSER     |   in|    1|       m_axi|                                   gmem2|       pointer|
|m_axi_gmem2_RRESP     |   in|    2|       m_axi|                                   gmem2|       pointer|
|m_axi_gmem2_BVALID    |   in|    1|       m_axi|                                   gmem2|       pointer|
|m_axi_gmem2_BREADY    |  out|    1|       m_axi|                                   gmem2|       pointer|
|m_axi_gmem2_BRESP     |   in|    2|       m_axi|                                   gmem2|       pointer|
|m_axi_gmem2_BID       |   in|    1|       m_axi|                                   gmem2|       pointer|
|m_axi_gmem2_BUSER     |   in|    1|       m_axi|                                   gmem2|       pointer|
|b_col                 |   in|   32|     ap_none|                                   b_col|        scalar|
|mul_ln185_1           |   in|   64|     ap_none|                             mul_ln185_1|        scalar|
|sext_ln185            |   in|   63|     ap_none|                              sext_ln185|        scalar|
|localC_address0       |  out|    4|   ap_memory|                                  localC|         array|
|localC_ce0            |  out|    1|   ap_memory|                                  localC|         array|
|localC_q0             |   in|   16|   ap_memory|                                  localC|         array|
|localC_1_address0     |  out|    4|   ap_memory|                                localC_1|         array|
|localC_1_ce0          |  out|    1|   ap_memory|                                localC_1|         array|
|localC_1_q0           |   in|   16|   ap_memory|                                localC_1|         array|
|localC_2_address0     |  out|    4|   ap_memory|                                localC_2|         array|
|localC_2_ce0          |  out|    1|   ap_memory|                                localC_2|         array|
|localC_2_q0           |   in|   16|   ap_memory|                                localC_2|         array|
|localC_3_address0     |  out|    4|   ap_memory|                                localC_3|         array|
|localC_3_ce0          |  out|    1|   ap_memory|                                localC_3|         array|
|localC_3_q0           |   in|   16|   ap_memory|                                localC_3|         array|
|localC_4_address0     |  out|    4|   ap_memory|                                localC_4|         array|
|localC_4_ce0          |  out|    1|   ap_memory|                                localC_4|         array|
|localC_4_q0           |   in|   16|   ap_memory|                                localC_4|         array|
|localC_5_address0     |  out|    4|   ap_memory|                                localC_5|         array|
|localC_5_ce0          |  out|    1|   ap_memory|                                localC_5|         array|
|localC_5_q0           |   in|   16|   ap_memory|                                localC_5|         array|
|localC_6_address0     |  out|    4|   ap_memory|                                localC_6|         array|
|localC_6_ce0          |  out|    1|   ap_memory|                                localC_6|         array|
|localC_6_q0           |   in|   16|   ap_memory|                                localC_6|         array|
|localC_7_address0     |  out|    4|   ap_memory|                                localC_7|         array|
|localC_7_ce0          |  out|    1|   ap_memory|                                localC_7|         array|
|localC_7_q0           |   in|   16|   ap_memory|                                localC_7|         array|
|localC_8_address0     |  out|    4|   ap_memory|                                localC_8|         array|
|localC_8_ce0          |  out|    1|   ap_memory|                                localC_8|         array|
|localC_8_q0           |   in|   16|   ap_memory|                                localC_8|         array|
|localC_9_address0     |  out|    4|   ap_memory|                                localC_9|         array|
|localC_9_ce0          |  out|    1|   ap_memory|                                localC_9|         array|
|localC_9_q0           |   in|   16|   ap_memory|                                localC_9|         array|
|localC_10_address0    |  out|    4|   ap_memory|                               localC_10|         array|
|localC_10_ce0         |  out|    1|   ap_memory|                               localC_10|         array|
|localC_10_q0          |   in|   16|   ap_memory|                               localC_10|         array|
|localC_11_address0    |  out|    4|   ap_memory|                               localC_11|         array|
|localC_11_ce0         |  out|    1|   ap_memory|                               localC_11|         array|
|localC_11_q0          |   in|   16|   ap_memory|                               localC_11|         array|
|localC_12_address0    |  out|    4|   ap_memory|                               localC_12|         array|
|localC_12_ce0         |  out|    1|   ap_memory|                               localC_12|         array|
|localC_12_q0          |   in|   16|   ap_memory|                               localC_12|         array|
|localC_13_address0    |  out|    4|   ap_memory|                               localC_13|         array|
|localC_13_ce0         |  out|    1|   ap_memory|                               localC_13|         array|
|localC_13_q0          |   in|   16|   ap_memory|                               localC_13|         array|
|localC_14_address0    |  out|    4|   ap_memory|                               localC_14|         array|
|localC_14_ce0         |  out|    1|   ap_memory|                               localC_14|         array|
|localC_14_q0          |   in|   16|   ap_memory|                               localC_14|         array|
|localC_15_address0    |  out|    4|   ap_memory|                               localC_15|         array|
|localC_15_ce0         |  out|    1|   ap_memory|                               localC_15|         array|
|localC_15_q0          |   in|   16|   ap_memory|                               localC_15|         array|
|localC_16_address0    |  out|    4|   ap_memory|                               localC_16|         array|
|localC_16_ce0         |  out|    1|   ap_memory|                               localC_16|         array|
|localC_16_q0          |   in|   16|   ap_memory|                               localC_16|         array|
|localC_17_address0    |  out|    4|   ap_memory|                               localC_17|         array|
|localC_17_ce0         |  out|    1|   ap_memory|                               localC_17|         array|
|localC_17_q0          |   in|   16|   ap_memory|                               localC_17|         array|
|localC_18_address0    |  out|    4|   ap_memory|                               localC_18|         array|
|localC_18_ce0         |  out|    1|   ap_memory|                               localC_18|         array|
|localC_18_q0          |   in|   16|   ap_memory|                               localC_18|         array|
|localC_19_address0    |  out|    4|   ap_memory|                               localC_19|         array|
|localC_19_ce0         |  out|    1|   ap_memory|                               localC_19|         array|
|localC_19_q0          |   in|   16|   ap_memory|                               localC_19|         array|
|localC_20_address0    |  out|    4|   ap_memory|                               localC_20|         array|
|localC_20_ce0         |  out|    1|   ap_memory|                               localC_20|         array|
|localC_20_q0          |   in|   16|   ap_memory|                               localC_20|         array|
|localC_21_address0    |  out|    4|   ap_memory|                               localC_21|         array|
|localC_21_ce0         |  out|    1|   ap_memory|                               localC_21|         array|
|localC_21_q0          |   in|   16|   ap_memory|                               localC_21|         array|
|localC_22_address0    |  out|    4|   ap_memory|                               localC_22|         array|
|localC_22_ce0         |  out|    1|   ap_memory|                               localC_22|         array|
|localC_22_q0          |   in|   16|   ap_memory|                               localC_22|         array|
|localC_23_address0    |  out|    4|   ap_memory|                               localC_23|         array|
|localC_23_ce0         |  out|    1|   ap_memory|                               localC_23|         array|
|localC_23_q0          |   in|   16|   ap_memory|                               localC_23|         array|
|localC_24_address0    |  out|    4|   ap_memory|                               localC_24|         array|
|localC_24_ce0         |  out|    1|   ap_memory|                               localC_24|         array|
|localC_24_q0          |   in|   16|   ap_memory|                               localC_24|         array|
|localC_25_address0    |  out|    4|   ap_memory|                               localC_25|         array|
|localC_25_ce0         |  out|    1|   ap_memory|                               localC_25|         array|
|localC_25_q0          |   in|   16|   ap_memory|                               localC_25|         array|
|localC_26_address0    |  out|    4|   ap_memory|                               localC_26|         array|
|localC_26_ce0         |  out|    1|   ap_memory|                               localC_26|         array|
|localC_26_q0          |   in|   16|   ap_memory|                               localC_26|         array|
|localC_27_address0    |  out|    4|   ap_memory|                               localC_27|         array|
|localC_27_ce0         |  out|    1|   ap_memory|                               localC_27|         array|
|localC_27_q0          |   in|   16|   ap_memory|                               localC_27|         array|
|localC_28_address0    |  out|    4|   ap_memory|                               localC_28|         array|
|localC_28_ce0         |  out|    1|   ap_memory|                               localC_28|         array|
|localC_28_q0          |   in|   16|   ap_memory|                               localC_28|         array|
|localC_29_address0    |  out|    4|   ap_memory|                               localC_29|         array|
|localC_29_ce0         |  out|    1|   ap_memory|                               localC_29|         array|
|localC_29_q0          |   in|   16|   ap_memory|                               localC_29|         array|
|localC_30_address0    |  out|    4|   ap_memory|                               localC_30|         array|
|localC_30_ce0         |  out|    1|   ap_memory|                               localC_30|         array|
|localC_30_q0          |   in|   16|   ap_memory|                               localC_30|         array|
|localC_31_address0    |  out|    4|   ap_memory|                               localC_31|         array|
|localC_31_ce0         |  out|    1|   ap_memory|                               localC_31|         array|
|localC_31_q0          |   in|   16|   ap_memory|                               localC_31|         array|
|localC_32_address0    |  out|    4|   ap_memory|                               localC_32|         array|
|localC_32_ce0         |  out|    1|   ap_memory|                               localC_32|         array|
|localC_32_q0          |   in|   16|   ap_memory|                               localC_32|         array|
|localC_33_address0    |  out|    4|   ap_memory|                               localC_33|         array|
|localC_33_ce0         |  out|    1|   ap_memory|                               localC_33|         array|
|localC_33_q0          |   in|   16|   ap_memory|                               localC_33|         array|
|localC_34_address0    |  out|    4|   ap_memory|                               localC_34|         array|
|localC_34_ce0         |  out|    1|   ap_memory|                               localC_34|         array|
|localC_34_q0          |   in|   16|   ap_memory|                               localC_34|         array|
|localC_35_address0    |  out|    4|   ap_memory|                               localC_35|         array|
|localC_35_ce0         |  out|    1|   ap_memory|                               localC_35|         array|
|localC_35_q0          |   in|   16|   ap_memory|                               localC_35|         array|
|localC_36_address0    |  out|    4|   ap_memory|                               localC_36|         array|
|localC_36_ce0         |  out|    1|   ap_memory|                               localC_36|         array|
|localC_36_q0          |   in|   16|   ap_memory|                               localC_36|         array|
|localC_37_address0    |  out|    4|   ap_memory|                               localC_37|         array|
|localC_37_ce0         |  out|    1|   ap_memory|                               localC_37|         array|
|localC_37_q0          |   in|   16|   ap_memory|                               localC_37|         array|
|localC_38_address0    |  out|    4|   ap_memory|                               localC_38|         array|
|localC_38_ce0         |  out|    1|   ap_memory|                               localC_38|         array|
|localC_38_q0          |   in|   16|   ap_memory|                               localC_38|         array|
|localC_39_address0    |  out|    4|   ap_memory|                               localC_39|         array|
|localC_39_ce0         |  out|    1|   ap_memory|                               localC_39|         array|
|localC_39_q0          |   in|   16|   ap_memory|                               localC_39|         array|
|localC_40_address0    |  out|    4|   ap_memory|                               localC_40|         array|
|localC_40_ce0         |  out|    1|   ap_memory|                               localC_40|         array|
|localC_40_q0          |   in|   16|   ap_memory|                               localC_40|         array|
|localC_41_address0    |  out|    4|   ap_memory|                               localC_41|         array|
|localC_41_ce0         |  out|    1|   ap_memory|                               localC_41|         array|
|localC_41_q0          |   in|   16|   ap_memory|                               localC_41|         array|
|localC_42_address0    |  out|    4|   ap_memory|                               localC_42|         array|
|localC_42_ce0         |  out|    1|   ap_memory|                               localC_42|         array|
|localC_42_q0          |   in|   16|   ap_memory|                               localC_42|         array|
|localC_43_address0    |  out|    4|   ap_memory|                               localC_43|         array|
|localC_43_ce0         |  out|    1|   ap_memory|                               localC_43|         array|
|localC_43_q0          |   in|   16|   ap_memory|                               localC_43|         array|
|localC_44_address0    |  out|    4|   ap_memory|                               localC_44|         array|
|localC_44_ce0         |  out|    1|   ap_memory|                               localC_44|         array|
|localC_44_q0          |   in|   16|   ap_memory|                               localC_44|         array|
|localC_45_address0    |  out|    4|   ap_memory|                               localC_45|         array|
|localC_45_ce0         |  out|    1|   ap_memory|                               localC_45|         array|
|localC_45_q0          |   in|   16|   ap_memory|                               localC_45|         array|
|localC_46_address0    |  out|    4|   ap_memory|                               localC_46|         array|
|localC_46_ce0         |  out|    1|   ap_memory|                               localC_46|         array|
|localC_46_q0          |   in|   16|   ap_memory|                               localC_46|         array|
|localC_47_address0    |  out|    4|   ap_memory|                               localC_47|         array|
|localC_47_ce0         |  out|    1|   ap_memory|                               localC_47|         array|
|localC_47_q0          |   in|   16|   ap_memory|                               localC_47|         array|
|localC_48_address0    |  out|    4|   ap_memory|                               localC_48|         array|
|localC_48_ce0         |  out|    1|   ap_memory|                               localC_48|         array|
|localC_48_q0          |   in|   16|   ap_memory|                               localC_48|         array|
|localC_49_address0    |  out|    4|   ap_memory|                               localC_49|         array|
|localC_49_ce0         |  out|    1|   ap_memory|                               localC_49|         array|
|localC_49_q0          |   in|   16|   ap_memory|                               localC_49|         array|
|localC_50_address0    |  out|    4|   ap_memory|                               localC_50|         array|
|localC_50_ce0         |  out|    1|   ap_memory|                               localC_50|         array|
|localC_50_q0          |   in|   16|   ap_memory|                               localC_50|         array|
|localC_51_address0    |  out|    4|   ap_memory|                               localC_51|         array|
|localC_51_ce0         |  out|    1|   ap_memory|                               localC_51|         array|
|localC_51_q0          |   in|   16|   ap_memory|                               localC_51|         array|
|localC_52_address0    |  out|    4|   ap_memory|                               localC_52|         array|
|localC_52_ce0         |  out|    1|   ap_memory|                               localC_52|         array|
|localC_52_q0          |   in|   16|   ap_memory|                               localC_52|         array|
|localC_53_address0    |  out|    4|   ap_memory|                               localC_53|         array|
|localC_53_ce0         |  out|    1|   ap_memory|                               localC_53|         array|
|localC_53_q0          |   in|   16|   ap_memory|                               localC_53|         array|
|localC_54_address0    |  out|    4|   ap_memory|                               localC_54|         array|
|localC_54_ce0         |  out|    1|   ap_memory|                               localC_54|         array|
|localC_54_q0          |   in|   16|   ap_memory|                               localC_54|         array|
|localC_55_address0    |  out|    4|   ap_memory|                               localC_55|         array|
|localC_55_ce0         |  out|    1|   ap_memory|                               localC_55|         array|
|localC_55_q0          |   in|   16|   ap_memory|                               localC_55|         array|
|localC_56_address0    |  out|    4|   ap_memory|                               localC_56|         array|
|localC_56_ce0         |  out|    1|   ap_memory|                               localC_56|         array|
|localC_56_q0          |   in|   16|   ap_memory|                               localC_56|         array|
|localC_57_address0    |  out|    4|   ap_memory|                               localC_57|         array|
|localC_57_ce0         |  out|    1|   ap_memory|                               localC_57|         array|
|localC_57_q0          |   in|   16|   ap_memory|                               localC_57|         array|
|localC_58_address0    |  out|    4|   ap_memory|                               localC_58|         array|
|localC_58_ce0         |  out|    1|   ap_memory|                               localC_58|         array|
|localC_58_q0          |   in|   16|   ap_memory|                               localC_58|         array|
|localC_59_address0    |  out|    4|   ap_memory|                               localC_59|         array|
|localC_59_ce0         |  out|    1|   ap_memory|                               localC_59|         array|
|localC_59_q0          |   in|   16|   ap_memory|                               localC_59|         array|
|localC_60_address0    |  out|    4|   ap_memory|                               localC_60|         array|
|localC_60_ce0         |  out|    1|   ap_memory|                               localC_60|         array|
|localC_60_q0          |   in|   16|   ap_memory|                               localC_60|         array|
|localC_61_address0    |  out|    4|   ap_memory|                               localC_61|         array|
|localC_61_ce0         |  out|    1|   ap_memory|                               localC_61|         array|
|localC_61_q0          |   in|   16|   ap_memory|                               localC_61|         array|
|localC_62_address0    |  out|    4|   ap_memory|                               localC_62|         array|
|localC_62_ce0         |  out|    1|   ap_memory|                               localC_62|         array|
|localC_62_q0          |   in|   16|   ap_memory|                               localC_62|         array|
|localC_63_address0    |  out|    4|   ap_memory|                               localC_63|         array|
|localC_63_ce0         |  out|    1|   ap_memory|                               localC_63|         array|
|localC_63_q0          |   in|   16|   ap_memory|                               localC_63|         array|
+----------------------+-----+-----+------------+----------------------------------------+--------------+

============================================================
+ Verbose Summary: Synthesis Manager
============================================================
InlineROM: 1
ExposeGlobal: 0
============================================================
+ Verbose Summary: CDFG Model
============================================================
IsTopModel: 0
ResetActiveHigh: 1
IsCombinational: 2
IsDatapathOnly: 2
HasWiredReturn: 1
HasMFsm: 2
HasVarLatency: 1
IsPipeline: 0
IsRtlPipelined: 0
IsInstanceOverlapped: 0
IsDontTouch: 0
HasImplIP: 0
IsGatedGlobalClock: 0

+ Individual pipeline summary: 
  * Pipeline-0: initiation interval (II) = 1, depth = 5


============================================================
+ Verbose Summary: Schedule
============================================================
* Number of FSM states : 5
* Pipeline : 1
  Pipeline-0 : II = 1, D = 5, States = { 1 2 3 4 5 }
* Dataflow Pipeline: 0

* FSM state transitions: 
1 --> 2 
2 --> 3 
3 --> 4 
4 --> 5 
5 --> 

* FSM state operations: 

State 1 <SV = 0> <Delay = 0.42>
ST_1 : Operation 7 [1/1] (0.00ns)   --->   "%j = alloca i32 1" [mmult.cpp:187]   --->   Operation 7 'alloca' 'j' <Predicate = true> <Delay = 0.00>
ST_1 : Operation 8 [1/1] (0.00ns)   --->   "%i = alloca i32 1" [mmult.cpp:185]   --->   Operation 8 'alloca' 'i' <Predicate = true> <Delay = 0.00>
ST_1 : Operation 9 [1/1] (0.00ns)   --->   "%indvar_flatten26 = alloca i32 1"   --->   Operation 9 'alloca' 'indvar_flatten26' <Predicate = true> <Delay = 0.00>
ST_1 : Operation 10 [1/1] (0.00ns)   --->   "%sext_ln185_read = read i63 @_ssdm_op_Read.ap_auto.i63, i63 %sext_ln185"   --->   Operation 10 'read' 'sext_ln185_read' <Predicate = true> <Delay = 0.00>
ST_1 : Operation 11 [1/1] (0.00ns)   --->   "%mul_ln185_1_read = read i64 @_ssdm_op_Read.ap_auto.i64, i64 %mul_ln185_1"   --->   Operation 11 'read' 'mul_ln185_1_read' <Predicate = true> <Delay = 0.00>
ST_1 : Operation 12 [1/1] (0.00ns)   --->   "%b_col_read = read i32 @_ssdm_op_Read.ap_auto.i32, i32 %b_col"   --->   Operation 12 'read' 'b_col_read' <Predicate = true> <Delay = 0.00>
ST_1 : Operation 13 [1/1] (0.00ns)   --->   "%sext_ln185_cast = sext i63 %sext_ln185_read"   --->   Operation 13 'sext' 'sext_ln185_cast' <Predicate = true> <Delay = 0.00>
ST_1 : Operation 14 [1/1] (0.00ns)   --->   "%specinterface_ln0 = specinterface void @_ssdm_op_SpecInterface, i16 %gmem2, void @empty_3, i32 0, i32 0, void @empty_4, i32 0, i32 0, void @empty_16, void @empty_10, void @empty_4, i32 16, i32 16, i32 16, i32 16, void @empty_4, void @empty_4, i32 4294967295, i32 0"   --->   Operation 14 'specinterface' 'specinterface_ln0' <Predicate = true> <Delay = 0.00>
ST_1 : Operation 15 [1/1] (0.42ns)   --->   "%store_ln0 = store i64 0, i64 %indvar_flatten26"   --->   Operation 15 'store' 'store_ln0' <Predicate = true> <Delay = 0.42>
ST_1 : Operation 16 [1/1] (0.42ns)   --->   "%store_ln185 = store i31 0, i31 %i" [mmult.cpp:185]   --->   Operation 16 'store' 'store_ln185' <Predicate = true> <Delay = 0.42>
ST_1 : Operation 17 [1/1] (0.42ns)   --->   "%store_ln187 = store i31 0, i31 %j" [mmult.cpp:187]   --->   Operation 17 'store' 'store_ln187' <Predicate = true> <Delay = 0.42>
ST_1 : Operation 18 [1/1] (0.00ns)   --->   "%br_ln0 = br void %for.inc86"   --->   Operation 18 'br' 'br_ln0' <Predicate = true> <Delay = 0.00>

State 2 <SV = 1> <Delay = 2.86>
ST_2 : Operation 19 [1/1] (0.00ns)   --->   "%j_1 = load i31 %j" [mmult.cpp:187]   --->   Operation 19 'load' 'j_1' <Predicate = true> <Delay = 0.00>
ST_2 : Operation 20 [1/1] (0.00ns)   --->   "%indvar_flatten26_load = load i64 %indvar_flatten26" [mmult.cpp:185]   --->   Operation 20 'load' 'indvar_flatten26_load' <Predicate = true> <Delay = 0.00>
ST_2 : Operation 21 [1/1] (0.00ns)   --->   "%specbitsmap_ln0 = specbitsmap void @_ssdm_op_SpecBitsMap, i16 %gmem2"   --->   Operation 21 'specbitsmap' 'specbitsmap_ln0' <Predicate = true> <Delay = 0.00>
ST_2 : Operation 22 [1/1] (0.00ns)   --->   "%zext_ln187 = zext i31 %j_1" [mmult.cpp:187]   --->   Operation 22 'zext' 'zext_ln187' <Predicate = true> <Delay = 0.00>
ST_2 : Operation 23 [1/1] (1.01ns)   --->   "%icmp_ln187 = icmp_slt  i32 %zext_ln187, i32 %b_col_read" [mmult.cpp:187]   --->   Operation 23 'icmp' 'icmp_ln187' <Predicate = true> <Delay = 1.01> <CoreInst = "Cmp">   --->   Core 9 'Cmp' <Latency = 0> <II = 1> <Delay = 1.01> <FuncUnit> <Opcode : 'icmp'> <InPorts = 2> <OutPorts = 1>
ST_2 : Operation 24 [1/1] (1.08ns)   --->   "%icmp_ln185 = icmp_eq  i64 %indvar_flatten26_load, i64 %mul_ln185_1_read" [mmult.cpp:185]   --->   Operation 24 'icmp' 'icmp_ln185' <Predicate = true> <Delay = 1.08> <CoreInst = "Cmp">   --->   Core 9 'Cmp' <Latency = 0> <II = 1> <Delay = 1.08> <FuncUnit> <Opcode : 'icmp'> <InPorts = 2> <OutPorts = 1>
ST_2 : Operation 25 [1/1] (1.08ns)   --->   "%add_ln185_1 = add i64 %indvar_flatten26_load, i64 1" [mmult.cpp:185]   --->   Operation 25 'add' 'add_ln185_1' <Predicate = true> <Delay = 1.08> <CoreInst = "Adder">   --->   Core 1 'Adder' <Latency = 0> <II = 1> <Delay = 1.08> <FuncUnit> <Opcode : 'add' 'sub'> <InPorts = 2> <OutPorts = 1>
ST_2 : Operation 26 [1/1] (0.00ns)   --->   "%br_ln185 = br i1 %icmp_ln185, void %for.inc89.loopexit, void %for.end91.loopexit.exitStub" [mmult.cpp:185]   --->   Operation 26 'br' 'br_ln185' <Predicate = true> <Delay = 0.00>
ST_2 : Operation 27 [1/1] (0.00ns)   --->   "%i_load = load i31 %i" [mmult.cpp:185]   --->   Operation 27 'load' 'i_load' <Predicate = (!icmp_ln185)> <Delay = 0.00>
ST_2 : Operation 28 [1/1] (1.00ns)   --->   "%add_ln185 = add i31 %i_load, i31 1" [mmult.cpp:185]   --->   Operation 28 'add' 'add_ln185' <Predicate = (!icmp_ln185)> <Delay = 1.00> <CoreInst = "Adder">   --->   Core 1 'Adder' <Latency = 0> <II = 1> <Delay = 1.00> <FuncUnit> <Opcode : 'add' 'sub'> <InPorts = 2> <OutPorts = 1>
ST_2 : Operation 29 [1/1] (0.41ns)   --->   "%select_ln185 = select i1 %icmp_ln187, i31 %j_1, i31 0" [mmult.cpp:185]   --->   Operation 29 'select' 'select_ln185' <Predicate = (!icmp_ln185)> <Delay = 0.41> <CoreInst = "Sel">   --->   Core 73 'Sel' <Latency = 0> <II = 1> <Delay = 0.41> <FuncUnit> <Opcode : 'select'> <InPorts = 3> <OutPorts = 1>
ST_2 : Operation 30 [1/1] (0.41ns)   --->   "%select_ln185_1 = select i1 %icmp_ln187, i31 %i_load, i31 %add_ln185" [mmult.cpp:185]   --->   Operation 30 'select' 'select_ln185_1' <Predicate = (!icmp_ln185)> <Delay = 0.41> <CoreInst = "Sel">   --->   Core 73 'Sel' <Latency = 0> <II = 1> <Delay = 0.41> <FuncUnit> <Opcode : 'select'> <InPorts = 3> <OutPorts = 1>
ST_2 : Operation 31 [1/1] (0.00ns)   --->   "%trunc_ln185 = trunc i31 %select_ln185_1" [mmult.cpp:185]   --->   Operation 31 'trunc' 'trunc_ln185' <Predicate = (!icmp_ln185)> <Delay = 0.00>
ST_2 : Operation 32 [1/1] (0.00ns)   --->   "%lshr_ln3 = partselect i2 @_ssdm_op_PartSelect.i2.i31.i32.i32, i31 %select_ln185_1, i32 3, i32 4" [mmult.cpp:185]   --->   Operation 32 'partselect' 'lshr_ln3' <Predicate = (!icmp_ln185)> <Delay = 0.00>
ST_2 : Operation 33 [1/1] (0.00ns)   --->   "%tmp_s = bitconcatenate i4 @_ssdm_op_BitConcatenate.i4.i2.i2, i2 %lshr_ln3, i2 0" [mmult.cpp:190]   --->   Operation 33 'bitconcatenate' 'tmp_s' <Predicate = (!icmp_ln185)> <Delay = 0.00>
ST_2 : Operation 34 [1/1] (0.00ns)   --->   "%trunc_ln187 = trunc i31 %select_ln185" [mmult.cpp:187]   --->   Operation 34 'trunc' 'trunc_ln187' <Predicate = (!icmp_ln185)> <Delay = 0.00>
ST_2 : Operation 35 [1/1] (0.00ns)   --->   "%lshr_ln4 = partselect i4 @_ssdm_op_PartSelect.i4.i31.i32.i32, i31 %select_ln185, i32 3, i32 6" [mmult.cpp:187]   --->   Operation 35 'partselect' 'lshr_ln4' <Predicate = (!icmp_ln185)> <Delay = 0.00>
ST_2 : Operation 36 [1/1] (0.79ns)   --->   "%add_ln190 = add i4 %tmp_s, i4 %lshr_ln4" [mmult.cpp:190]   --->   Operation 36 'add' 'add_ln190' <Predicate = (!icmp_ln185)> <Delay = 0.79> <CoreInst = "Adder">   --->   Core 1 'Adder' <Latency = 0> <II = 1> <Delay = 0.79> <FuncUnit> <Opcode : 'add' 'sub'> <InPorts = 2> <OutPorts = 1>
ST_2 : Operation 37 [1/1] (1.00ns)   --->   "%add_ln187 = add i31 %select_ln185, i31 1" [mmult.cpp:187]   --->   Operation 37 'add' 'add_ln187' <Predicate = (!icmp_ln185)> <Delay = 1.00> <CoreInst = "Adder">   --->   Core 1 'Adder' <Latency = 0> <II = 1> <Delay = 1.00> <FuncUnit> <Opcode : 'add' 'sub'> <InPorts = 2> <OutPorts = 1>
ST_2 : Operation 38 [1/1] (0.42ns)   --->   "%store_ln185 = store i64 %add_ln185_1, i64 %indvar_flatten26" [mmult.cpp:185]   --->   Operation 38 'store' 'store_ln185' <Predicate = (!icmp_ln185)> <Delay = 0.42>
ST_2 : Operation 39 [1/1] (0.42ns)   --->   "%store_ln185 = store i31 %select_ln185_1, i31 %i" [mmult.cpp:185]   --->   Operation 39 'store' 'store_ln185' <Predicate = (!icmp_ln185)> <Delay = 0.42>
ST_2 : Operation 40 [1/1] (0.42ns)   --->   "%store_ln187 = store i31 %add_ln187, i31 %j" [mmult.cpp:187]   --->   Operation 40 'store' 'store_ln187' <Predicate = (!icmp_ln185)> <Delay = 0.42>

State 3 <SV = 2> <Delay = 0.67>
ST_3 : Operation 41 [1/1] (0.00ns)   --->   "%zext_ln190 = zext i4 %add_ln190" [mmult.cpp:190]   --->   Operation 41 'zext' 'zext_ln190' <Predicate = true> <Delay = 0.00>
ST_3 : Operation 42 [1/1] (0.00ns)   --->   "%localC_addr = getelementptr i16 %localC, i64 0, i64 %zext_ln190" [mmult.cpp:190]   --->   Operation 42 'getelementptr' 'localC_addr' <Predicate = (trunc_ln185 == 0 & trunc_ln187 == 0)> <Delay = 0.00>
ST_3 : Operation 43 [1/1] (0.00ns)   --->   "%localC_1_addr = getelementptr i16 %localC_1, i64 0, i64 %zext_ln190" [mmult.cpp:190]   --->   Operation 43 'getelementptr' 'localC_1_addr' <Predicate = (trunc_ln185 == 0 & trunc_ln187 == 1)> <Delay = 0.00>
ST_3 : Operation 44 [1/1] (0.00ns)   --->   "%localC_2_addr = getelementptr i16 %localC_2, i64 0, i64 %zext_ln190" [mmult.cpp:190]   --->   Operation 44 'getelementptr' 'localC_2_addr' <Predicate = (trunc_ln185 == 0 & trunc_ln187 == 2)> <Delay = 0.00>
ST_3 : Operation 45 [1/1] (0.00ns)   --->   "%localC_3_addr = getelementptr i16 %localC_3, i64 0, i64 %zext_ln190" [mmult.cpp:190]   --->   Operation 45 'getelementptr' 'localC_3_addr' <Predicate = (trunc_ln185 == 0 & trunc_ln187 == 3)> <Delay = 0.00>
ST_3 : Operation 46 [1/1] (0.00ns)   --->   "%localC_4_addr = getelementptr i16 %localC_4, i64 0, i64 %zext_ln190" [mmult.cpp:190]   --->   Operation 46 'getelementptr' 'localC_4_addr' <Predicate = (trunc_ln185 == 0 & trunc_ln187 == 4)> <Delay = 0.00>
ST_3 : Operation 47 [1/1] (0.00ns)   --->   "%localC_5_addr = getelementptr i16 %localC_5, i64 0, i64 %zext_ln190" [mmult.cpp:190]   --->   Operation 47 'getelementptr' 'localC_5_addr' <Predicate = (trunc_ln185 == 0 & trunc_ln187 == 5)> <Delay = 0.00>
ST_3 : Operation 48 [1/1] (0.00ns)   --->   "%localC_6_addr = getelementptr i16 %localC_6, i64 0, i64 %zext_ln190" [mmult.cpp:190]   --->   Operation 48 'getelementptr' 'localC_6_addr' <Predicate = (trunc_ln185 == 0 & trunc_ln187 == 6)> <Delay = 0.00>
ST_3 : Operation 49 [1/1] (0.00ns)   --->   "%localC_7_addr = getelementptr i16 %localC_7, i64 0, i64 %zext_ln190" [mmult.cpp:190]   --->   Operation 49 'getelementptr' 'localC_7_addr' <Predicate = (trunc_ln185 == 0 & trunc_ln187 == 7)> <Delay = 0.00>
ST_3 : Operation 50 [1/1] (0.00ns)   --->   "%localC_8_addr = getelementptr i16 %localC_8, i64 0, i64 %zext_ln190" [mmult.cpp:190]   --->   Operation 50 'getelementptr' 'localC_8_addr' <Predicate = (trunc_ln187 == 0 & trunc_ln185 == 1)> <Delay = 0.00>
ST_3 : Operation 51 [1/1] (0.00ns)   --->   "%localC_9_addr = getelementptr i16 %localC_9, i64 0, i64 %zext_ln190" [mmult.cpp:190]   --->   Operation 51 'getelementptr' 'localC_9_addr' <Predicate = (trunc_ln187 == 1 & trunc_ln185 == 1)> <Delay = 0.00>
ST_3 : Operation 52 [1/1] (0.00ns)   --->   "%localC_10_addr = getelementptr i16 %localC_10, i64 0, i64 %zext_ln190" [mmult.cpp:190]   --->   Operation 52 'getelementptr' 'localC_10_addr' <Predicate = (trunc_ln187 == 2 & trunc_ln185 == 1)> <Delay = 0.00>
ST_3 : Operation 53 [1/1] (0.00ns)   --->   "%localC_11_addr = getelementptr i16 %localC_11, i64 0, i64 %zext_ln190" [mmult.cpp:190]   --->   Operation 53 'getelementptr' 'localC_11_addr' <Predicate = (trunc_ln187 == 3 & trunc_ln185 == 1)> <Delay = 0.00>
ST_3 : Operation 54 [1/1] (0.00ns)   --->   "%localC_12_addr = getelementptr i16 %localC_12, i64 0, i64 %zext_ln190" [mmult.cpp:190]   --->   Operation 54 'getelementptr' 'localC_12_addr' <Predicate = (trunc_ln187 == 4 & trunc_ln185 == 1)> <Delay = 0.00>
ST_3 : Operation 55 [1/1] (0.00ns)   --->   "%localC_13_addr = getelementptr i16 %localC_13, i64 0, i64 %zext_ln190" [mmult.cpp:190]   --->   Operation 55 'getelementptr' 'localC_13_addr' <Predicate = (trunc_ln187 == 5 & trunc_ln185 == 1)> <Delay = 0.00>
ST_3 : Operation 56 [1/1] (0.00ns)   --->   "%localC_14_addr = getelementptr i16 %localC_14, i64 0, i64 %zext_ln190" [mmult.cpp:190]   --->   Operation 56 'getelementptr' 'localC_14_addr' <Predicate = (trunc_ln187 == 6 & trunc_ln185 == 1)> <Delay = 0.00>
ST_3 : Operation 57 [1/1] (0.00ns)   --->   "%localC_15_addr = getelementptr i16 %localC_15, i64 0, i64 %zext_ln190" [mmult.cpp:190]   --->   Operation 57 'getelementptr' 'localC_15_addr' <Predicate = (trunc_ln187 == 7 & trunc_ln185 == 1)> <Delay = 0.00>
ST_3 : Operation 58 [1/1] (0.00ns)   --->   "%localC_16_addr = getelementptr i16 %localC_16, i64 0, i64 %zext_ln190" [mmult.cpp:190]   --->   Operation 58 'getelementptr' 'localC_16_addr' <Predicate = (trunc_ln187 == 0 & trunc_ln185 == 2)> <Delay = 0.00>
ST_3 : Operation 59 [1/1] (0.00ns)   --->   "%localC_17_addr = getelementptr i16 %localC_17, i64 0, i64 %zext_ln190" [mmult.cpp:190]   --->   Operation 59 'getelementptr' 'localC_17_addr' <Predicate = (trunc_ln187 == 1 & trunc_ln185 == 2)> <Delay = 0.00>
ST_3 : Operation 60 [1/1] (0.00ns)   --->   "%localC_18_addr = getelementptr i16 %localC_18, i64 0, i64 %zext_ln190" [mmult.cpp:190]   --->   Operation 60 'getelementptr' 'localC_18_addr' <Predicate = (trunc_ln187 == 2 & trunc_ln185 == 2)> <Delay = 0.00>
ST_3 : Operation 61 [1/1] (0.00ns)   --->   "%localC_19_addr = getelementptr i16 %localC_19, i64 0, i64 %zext_ln190" [mmult.cpp:190]   --->   Operation 61 'getelementptr' 'localC_19_addr' <Predicate = (trunc_ln187 == 3 & trunc_ln185 == 2)> <Delay = 0.00>
ST_3 : Operation 62 [1/1] (0.00ns)   --->   "%localC_20_addr = getelementptr i16 %localC_20, i64 0, i64 %zext_ln190" [mmult.cpp:190]   --->   Operation 62 'getelementptr' 'localC_20_addr' <Predicate = (trunc_ln187 == 4 & trunc_ln185 == 2)> <Delay = 0.00>
ST_3 : Operation 63 [1/1] (0.00ns)   --->   "%localC_21_addr = getelementptr i16 %localC_21, i64 0, i64 %zext_ln190" [mmult.cpp:190]   --->   Operation 63 'getelementptr' 'localC_21_addr' <Predicate = (trunc_ln187 == 5 & trunc_ln185 == 2)> <Delay = 0.00>
ST_3 : Operation 64 [1/1] (0.00ns)   --->   "%localC_22_addr = getelementptr i16 %localC_22, i64 0, i64 %zext_ln190" [mmult.cpp:190]   --->   Operation 64 'getelementptr' 'localC_22_addr' <Predicate = (trunc_ln187 == 6 & trunc_ln185 == 2)> <Delay = 0.00>
ST_3 : Operation 65 [1/1] (0.00ns)   --->   "%localC_23_addr = getelementptr i16 %localC_23, i64 0, i64 %zext_ln190" [mmult.cpp:190]   --->   Operation 65 'getelementptr' 'localC_23_addr' <Predicate = (trunc_ln187 == 7 & trunc_ln185 == 2)> <Delay = 0.00>
ST_3 : Operation 66 [1/1] (0.00ns)   --->   "%localC_24_addr = getelementptr i16 %localC_24, i64 0, i64 %zext_ln190" [mmult.cpp:190]   --->   Operation 66 'getelementptr' 'localC_24_addr' <Predicate = (trunc_ln187 == 0 & trunc_ln185 == 3)> <Delay = 0.00>
ST_3 : Operation 67 [1/1] (0.00ns)   --->   "%localC_25_addr = getelementptr i16 %localC_25, i64 0, i64 %zext_ln190" [mmult.cpp:190]   --->   Operation 67 'getelementptr' 'localC_25_addr' <Predicate = (trunc_ln187 == 1 & trunc_ln185 == 3)> <Delay = 0.00>
ST_3 : Operation 68 [1/1] (0.00ns)   --->   "%localC_26_addr = getelementptr i16 %localC_26, i64 0, i64 %zext_ln190" [mmult.cpp:190]   --->   Operation 68 'getelementptr' 'localC_26_addr' <Predicate = (trunc_ln187 == 2 & trunc_ln185 == 3)> <Delay = 0.00>
ST_3 : Operation 69 [1/1] (0.00ns)   --->   "%localC_27_addr = getelementptr i16 %localC_27, i64 0, i64 %zext_ln190" [mmult.cpp:190]   --->   Operation 69 'getelementptr' 'localC_27_addr' <Predicate = (trunc_ln187 == 3 & trunc_ln185 == 3)> <Delay = 0.00>
ST_3 : Operation 70 [1/1] (0.00ns)   --->   "%localC_28_addr = getelementptr i16 %localC_28, i64 0, i64 %zext_ln190" [mmult.cpp:190]   --->   Operation 70 'getelementptr' 'localC_28_addr' <Predicate = (trunc_ln187 == 4 & trunc_ln185 == 3)> <Delay = 0.00>
ST_3 : Operation 71 [1/1] (0.00ns)   --->   "%localC_29_addr = getelementptr i16 %localC_29, i64 0, i64 %zext_ln190" [mmult.cpp:190]   --->   Operation 71 'getelementptr' 'localC_29_addr' <Predicate = (trunc_ln187 == 5 & trunc_ln185 == 3)> <Delay = 0.00>
ST_3 : Operation 72 [1/1] (0.00ns)   --->   "%localC_30_addr = getelementptr i16 %localC_30, i64 0, i64 %zext_ln190" [mmult.cpp:190]   --->   Operation 72 'getelementptr' 'localC_30_addr' <Predicate = (trunc_ln187 == 6 & trunc_ln185 == 3)> <Delay = 0.00>
ST_3 : Operation 73 [1/1] (0.00ns)   --->   "%localC_31_addr = getelementptr i16 %localC_31, i64 0, i64 %zext_ln190" [mmult.cpp:190]   --->   Operation 73 'getelementptr' 'localC_31_addr' <Predicate = (trunc_ln187 == 7 & trunc_ln185 == 3)> <Delay = 0.00>
ST_3 : Operation 74 [1/1] (0.00ns)   --->   "%localC_32_addr = getelementptr i16 %localC_32, i64 0, i64 %zext_ln190" [mmult.cpp:190]   --->   Operation 74 'getelementptr' 'localC_32_addr' <Predicate = (trunc_ln187 == 0 & trunc_ln185 == 4)> <Delay = 0.00>
ST_3 : Operation 75 [1/1] (0.00ns)   --->   "%localC_33_addr = getelementptr i16 %localC_33, i64 0, i64 %zext_ln190" [mmult.cpp:190]   --->   Operation 75 'getelementptr' 'localC_33_addr' <Predicate = (trunc_ln187 == 1 & trunc_ln185 == 4)> <Delay = 0.00>
ST_3 : Operation 76 [1/1] (0.00ns)   --->   "%localC_34_addr = getelementptr i16 %localC_34, i64 0, i64 %zext_ln190" [mmult.cpp:190]   --->   Operation 76 'getelementptr' 'localC_34_addr' <Predicate = (trunc_ln187 == 2 & trunc_ln185 == 4)> <Delay = 0.00>
ST_3 : Operation 77 [1/1] (0.00ns)   --->   "%localC_35_addr = getelementptr i16 %localC_35, i64 0, i64 %zext_ln190" [mmult.cpp:190]   --->   Operation 77 'getelementptr' 'localC_35_addr' <Predicate = (trunc_ln187 == 3 & trunc_ln185 == 4)> <Delay = 0.00>
ST_3 : Operation 78 [1/1] (0.00ns)   --->   "%localC_36_addr = getelementptr i16 %localC_36, i64 0, i64 %zext_ln190" [mmult.cpp:190]   --->   Operation 78 'getelementptr' 'localC_36_addr' <Predicate = (trunc_ln187 == 4 & trunc_ln185 == 4)> <Delay = 0.00>
ST_3 : Operation 79 [1/1] (0.00ns)   --->   "%localC_37_addr = getelementptr i16 %localC_37, i64 0, i64 %zext_ln190" [mmult.cpp:190]   --->   Operation 79 'getelementptr' 'localC_37_addr' <Predicate = (trunc_ln187 == 5 & trunc_ln185 == 4)> <Delay = 0.00>
ST_3 : Operation 80 [1/1] (0.00ns)   --->   "%localC_38_addr = getelementptr i16 %localC_38, i64 0, i64 %zext_ln190" [mmult.cpp:190]   --->   Operation 80 'getelementptr' 'localC_38_addr' <Predicate = (trunc_ln187 == 6 & trunc_ln185 == 4)> <Delay = 0.00>
ST_3 : Operation 81 [1/1] (0.00ns)   --->   "%localC_39_addr = getelementptr i16 %localC_39, i64 0, i64 %zext_ln190" [mmult.cpp:190]   --->   Operation 81 'getelementptr' 'localC_39_addr' <Predicate = (trunc_ln187 == 7 & trunc_ln185 == 4)> <Delay = 0.00>
ST_3 : Operation 82 [1/1] (0.00ns)   --->   "%localC_40_addr = getelementptr i16 %localC_40, i64 0, i64 %zext_ln190" [mmult.cpp:190]   --->   Operation 82 'getelementptr' 'localC_40_addr' <Predicate = (trunc_ln187 == 0 & trunc_ln185 == 5)> <Delay = 0.00>
ST_3 : Operation 83 [1/1] (0.00ns)   --->   "%localC_41_addr = getelementptr i16 %localC_41, i64 0, i64 %zext_ln190" [mmult.cpp:190]   --->   Operation 83 'getelementptr' 'localC_41_addr' <Predicate = (trunc_ln187 == 1 & trunc_ln185 == 5)> <Delay = 0.00>
ST_3 : Operation 84 [1/1] (0.00ns)   --->   "%localC_42_addr = getelementptr i16 %localC_42, i64 0, i64 %zext_ln190" [mmult.cpp:190]   --->   Operation 84 'getelementptr' 'localC_42_addr' <Predicate = (trunc_ln187 == 2 & trunc_ln185 == 5)> <Delay = 0.00>
ST_3 : Operation 85 [1/1] (0.00ns)   --->   "%localC_43_addr = getelementptr i16 %localC_43, i64 0, i64 %zext_ln190" [mmult.cpp:190]   --->   Operation 85 'getelementptr' 'localC_43_addr' <Predicate = (trunc_ln187 == 3 & trunc_ln185 == 5)> <Delay = 0.00>
ST_3 : Operation 86 [1/1] (0.00ns)   --->   "%localC_44_addr = getelementptr i16 %localC_44, i64 0, i64 %zext_ln190" [mmult.cpp:190]   --->   Operation 86 'getelementptr' 'localC_44_addr' <Predicate = (trunc_ln187 == 4 & trunc_ln185 == 5)> <Delay = 0.00>
ST_3 : Operation 87 [1/1] (0.00ns)   --->   "%localC_45_addr = getelementptr i16 %localC_45, i64 0, i64 %zext_ln190" [mmult.cpp:190]   --->   Operation 87 'getelementptr' 'localC_45_addr' <Predicate = (trunc_ln187 == 5 & trunc_ln185 == 5)> <Delay = 0.00>
ST_3 : Operation 88 [1/1] (0.00ns)   --->   "%localC_46_addr = getelementptr i16 %localC_46, i64 0, i64 %zext_ln190" [mmult.cpp:190]   --->   Operation 88 'getelementptr' 'localC_46_addr' <Predicate = (trunc_ln187 == 6 & trunc_ln185 == 5)> <Delay = 0.00>
ST_3 : Operation 89 [1/1] (0.00ns)   --->   "%localC_47_addr = getelementptr i16 %localC_47, i64 0, i64 %zext_ln190" [mmult.cpp:190]   --->   Operation 89 'getelementptr' 'localC_47_addr' <Predicate = (trunc_ln187 == 7 & trunc_ln185 == 5)> <Delay = 0.00>
ST_3 : Operation 90 [1/1] (0.00ns)   --->   "%localC_48_addr = getelementptr i16 %localC_48, i64 0, i64 %zext_ln190" [mmult.cpp:190]   --->   Operation 90 'getelementptr' 'localC_48_addr' <Predicate = (trunc_ln187 == 0 & trunc_ln185 == 6)> <Delay = 0.00>
ST_3 : Operation 91 [1/1] (0.00ns)   --->   "%localC_49_addr = getelementptr i16 %localC_49, i64 0, i64 %zext_ln190" [mmult.cpp:190]   --->   Operation 91 'getelementptr' 'localC_49_addr' <Predicate = (trunc_ln187 == 1 & trunc_ln185 == 6)> <Delay = 0.00>
ST_3 : Operation 92 [1/1] (0.00ns)   --->   "%localC_50_addr = getelementptr i16 %localC_50, i64 0, i64 %zext_ln190" [mmult.cpp:190]   --->   Operation 92 'getelementptr' 'localC_50_addr' <Predicate = (trunc_ln187 == 2 & trunc_ln185 == 6)> <Delay = 0.00>
ST_3 : Operation 93 [1/1] (0.00ns)   --->   "%localC_51_addr = getelementptr i16 %localC_51, i64 0, i64 %zext_ln190" [mmult.cpp:190]   --->   Operation 93 'getelementptr' 'localC_51_addr' <Predicate = (trunc_ln187 == 3 & trunc_ln185 == 6)> <Delay = 0.00>
ST_3 : Operation 94 [1/1] (0.00ns)   --->   "%localC_52_addr = getelementptr i16 %localC_52, i64 0, i64 %zext_ln190" [mmult.cpp:190]   --->   Operation 94 'getelementptr' 'localC_52_addr' <Predicate = (trunc_ln187 == 4 & trunc_ln185 == 6)> <Delay = 0.00>
ST_3 : Operation 95 [1/1] (0.00ns)   --->   "%localC_53_addr = getelementptr i16 %localC_53, i64 0, i64 %zext_ln190" [mmult.cpp:190]   --->   Operation 95 'getelementptr' 'localC_53_addr' <Predicate = (trunc_ln187 == 5 & trunc_ln185 == 6)> <Delay = 0.00>
ST_3 : Operation 96 [1/1] (0.00ns)   --->   "%localC_54_addr = getelementptr i16 %localC_54, i64 0, i64 %zext_ln190" [mmult.cpp:190]   --->   Operation 96 'getelementptr' 'localC_54_addr' <Predicate = (trunc_ln187 == 6 & trunc_ln185 == 6)> <Delay = 0.00>
ST_3 : Operation 97 [1/1] (0.00ns)   --->   "%localC_55_addr = getelementptr i16 %localC_55, i64 0, i64 %zext_ln190" [mmult.cpp:190]   --->   Operation 97 'getelementptr' 'localC_55_addr' <Predicate = (trunc_ln187 == 7 & trunc_ln185 == 6)> <Delay = 0.00>
ST_3 : Operation 98 [1/1] (0.00ns)   --->   "%localC_56_addr = getelementptr i16 %localC_56, i64 0, i64 %zext_ln190" [mmult.cpp:190]   --->   Operation 98 'getelementptr' 'localC_56_addr' <Predicate = (trunc_ln187 == 0 & trunc_ln185 == 7)> <Delay = 0.00>
ST_3 : Operation 99 [1/1] (0.00ns)   --->   "%localC_57_addr = getelementptr i16 %localC_57, i64 0, i64 %zext_ln190" [mmult.cpp:190]   --->   Operation 99 'getelementptr' 'localC_57_addr' <Predicate = (trunc_ln187 == 1 & trunc_ln185 == 7)> <Delay = 0.00>
ST_3 : Operation 100 [1/1] (0.00ns)   --->   "%localC_58_addr = getelementptr i16 %localC_58, i64 0, i64 %zext_ln190" [mmult.cpp:190]   --->   Operation 100 'getelementptr' 'localC_58_addr' <Predicate = (trunc_ln187 == 2 & trunc_ln185 == 7)> <Delay = 0.00>
ST_3 : Operation 101 [1/1] (0.00ns)   --->   "%localC_59_addr = getelementptr i16 %localC_59, i64 0, i64 %zext_ln190" [mmult.cpp:190]   --->   Operation 101 'getelementptr' 'localC_59_addr' <Predicate = (trunc_ln187 == 3 & trunc_ln185 == 7)> <Delay = 0.00>
ST_3 : Operation 102 [1/1] (0.00ns)   --->   "%localC_60_addr = getelementptr i16 %localC_60, i64 0, i64 %zext_ln190" [mmult.cpp:190]   --->   Operation 102 'getelementptr' 'localC_60_addr' <Predicate = (trunc_ln187 == 4 & trunc_ln185 == 7)> <Delay = 0.00>
ST_3 : Operation 103 [1/1] (0.00ns)   --->   "%localC_61_addr = getelementptr i16 %localC_61, i64 0, i64 %zext_ln190" [mmult.cpp:190]   --->   Operation 103 'getelementptr' 'localC_61_addr' <Predicate = (trunc_ln187 == 5 & trunc_ln185 == 7)> <Delay = 0.00>
ST_3 : Operation 104 [1/1] (0.00ns)   --->   "%localC_62_addr = getelementptr i16 %localC_62, i64 0, i64 %zext_ln190" [mmult.cpp:190]   --->   Operation 104 'getelementptr' 'localC_62_addr' <Predicate = (trunc_ln187 == 6 & trunc_ln185 == 7)> <Delay = 0.00>
ST_3 : Operation 105 [1/1] (0.00ns)   --->   "%localC_63_addr = getelementptr i16 %localC_63, i64 0, i64 %zext_ln190" [mmult.cpp:190]   --->   Operation 105 'getelementptr' 'localC_63_addr' <Predicate = (trunc_ln187 == 7 & trunc_ln185 == 7)> <Delay = 0.00>
ST_3 : Operation 106 [2/2] (0.67ns)   --->   "%localC_load = load i4 %localC_addr" [mmult.cpp:190]   --->   Operation 106 'load' 'localC_load' <Predicate = (trunc_ln185 == 0 & trunc_ln187 == 0)> <Delay = 0.67> <CoreInst = "RAM">   --->   Core 83 'RAM' <Latency = 1> <II = 1> <Delay = 0.67> <Storage> <Opcode : 'load' 'store'> <Ports = 2> <Width = 16> <Depth = 16> <RAM>
ST_3 : Operation 107 [2/2] (0.67ns)   --->   "%localC_1_load = load i4 %localC_1_addr" [mmult.cpp:190]   --->   Operation 107 'load' 'localC_1_load' <Predicate = (trunc_ln185 == 0 & trunc_ln187 == 1)> <Delay = 0.67> <CoreInst = "RAM">   --->   Core 83 'RAM' <Latency = 1> <II = 1> <Delay = 0.67> <Storage> <Opcode : 'load' 'store'> <Ports = 2> <Width = 16> <Depth = 16> <RAM>
ST_3 : Operation 108 [2/2] (0.67ns)   --->   "%localC_2_load = load i4 %localC_2_addr" [mmult.cpp:190]   --->   Operation 108 'load' 'localC_2_load' <Predicate = (trunc_ln185 == 0 & trunc_ln187 == 2)> <Delay = 0.67> <CoreInst = "RAM">   --->   Core 83 'RAM' <Latency = 1> <II = 1> <Delay = 0.67> <Storage> <Opcode : 'load' 'store'> <Ports = 2> <Width = 16> <Depth = 16> <RAM>
ST_3 : Operation 109 [2/2] (0.67ns)   --->   "%localC_3_load = load i4 %localC_3_addr" [mmult.cpp:190]   --->   Operation 109 'load' 'localC_3_load' <Predicate = (trunc_ln185 == 0 & trunc_ln187 == 3)> <Delay = 0.67> <CoreInst = "RAM">   --->   Core 83 'RAM' <Latency = 1> <II = 1> <Delay = 0.67> <Storage> <Opcode : 'load' 'store'> <Ports = 2> <Width = 16> <Depth = 16> <RAM>
ST_3 : Operation 110 [2/2] (0.67ns)   --->   "%localC_4_load = load i4 %localC_4_addr" [mmult.cpp:190]   --->   Operation 110 'load' 'localC_4_load' <Predicate = (trunc_ln185 == 0 & trunc_ln187 == 4)> <Delay = 0.67> <CoreInst = "RAM">   --->   Core 83 'RAM' <Latency = 1> <II = 1> <Delay = 0.67> <Storage> <Opcode : 'load' 'store'> <Ports = 2> <Width = 16> <Depth = 16> <RAM>
ST_3 : Operation 111 [2/2] (0.67ns)   --->   "%localC_5_load = load i4 %localC_5_addr" [mmult.cpp:190]   --->   Operation 111 'load' 'localC_5_load' <Predicate = (trunc_ln185 == 0 & trunc_ln187 == 5)> <Delay = 0.67> <CoreInst = "RAM">   --->   Core 83 'RAM' <Latency = 1> <II = 1> <Delay = 0.67> <Storage> <Opcode : 'load' 'store'> <Ports = 2> <Width = 16> <Depth = 16> <RAM>
ST_3 : Operation 112 [2/2] (0.67ns)   --->   "%localC_6_load = load i4 %localC_6_addr" [mmult.cpp:190]   --->   Operation 112 'load' 'localC_6_load' <Predicate = (trunc_ln185 == 0 & trunc_ln187 == 6)> <Delay = 0.67> <CoreInst = "RAM">   --->   Core 83 'RAM' <Latency = 1> <II = 1> <Delay = 0.67> <Storage> <Opcode : 'load' 'store'> <Ports = 2> <Width = 16> <Depth = 16> <RAM>
ST_3 : Operation 113 [2/2] (0.67ns)   --->   "%localC_7_load = load i4 %localC_7_addr" [mmult.cpp:190]   --->   Operation 113 'load' 'localC_7_load' <Predicate = (trunc_ln185 == 0 & trunc_ln187 == 7)> <Delay = 0.67> <CoreInst = "RAM">   --->   Core 83 'RAM' <Latency = 1> <II = 1> <Delay = 0.67> <Storage> <Opcode : 'load' 'store'> <Ports = 2> <Width = 16> <Depth = 16> <RAM>
ST_3 : Operation 114 [2/2] (0.67ns)   --->   "%localC_8_load = load i4 %localC_8_addr" [mmult.cpp:190]   --->   Operation 114 'load' 'localC_8_load' <Predicate = (trunc_ln187 == 0 & trunc_ln185 == 1)> <Delay = 0.67> <CoreInst = "RAM">   --->   Core 83 'RAM' <Latency = 1> <II = 1> <Delay = 0.67> <Storage> <Opcode : 'load' 'store'> <Ports = 2> <Width = 16> <Depth = 16> <RAM>
ST_3 : Operation 115 [2/2] (0.67ns)   --->   "%localC_9_load = load i4 %localC_9_addr" [mmult.cpp:190]   --->   Operation 115 'load' 'localC_9_load' <Predicate = (trunc_ln187 == 1 & trunc_ln185 == 1)> <Delay = 0.67> <CoreInst = "RAM">   --->   Core 83 'RAM' <Latency = 1> <II = 1> <Delay = 0.67> <Storage> <Opcode : 'load' 'store'> <Ports = 2> <Width = 16> <Depth = 16> <RAM>
ST_3 : Operation 116 [2/2] (0.67ns)   --->   "%localC_10_load = load i4 %localC_10_addr" [mmult.cpp:190]   --->   Operation 116 'load' 'localC_10_load' <Predicate = (trunc_ln187 == 2 & trunc_ln185 == 1)> <Delay = 0.67> <CoreInst = "RAM">   --->   Core 83 'RAM' <Latency = 1> <II = 1> <Delay = 0.67> <Storage> <Opcode : 'load' 'store'> <Ports = 2> <Width = 16> <Depth = 16> <RAM>
ST_3 : Operation 117 [2/2] (0.67ns)   --->   "%localC_11_load = load i4 %localC_11_addr" [mmult.cpp:190]   --->   Operation 117 'load' 'localC_11_load' <Predicate = (trunc_ln187 == 3 & trunc_ln185 == 1)> <Delay = 0.67> <CoreInst = "RAM">   --->   Core 83 'RAM' <Latency = 1> <II = 1> <Delay = 0.67> <Storage> <Opcode : 'load' 'store'> <Ports = 2> <Width = 16> <Depth = 16> <RAM>
ST_3 : Operation 118 [2/2] (0.67ns)   --->   "%localC_12_load = load i4 %localC_12_addr" [mmult.cpp:190]   --->   Operation 118 'load' 'localC_12_load' <Predicate = (trunc_ln187 == 4 & trunc_ln185 == 1)> <Delay = 0.67> <CoreInst = "RAM">   --->   Core 83 'RAM' <Latency = 1> <II = 1> <Delay = 0.67> <Storage> <Opcode : 'load' 'store'> <Ports = 2> <Width = 16> <Depth = 16> <RAM>
ST_3 : Operation 119 [2/2] (0.67ns)   --->   "%localC_13_load = load i4 %localC_13_addr" [mmult.cpp:190]   --->   Operation 119 'load' 'localC_13_load' <Predicate = (trunc_ln187 == 5 & trunc_ln185 == 1)> <Delay = 0.67> <CoreInst = "RAM">   --->   Core 83 'RAM' <Latency = 1> <II = 1> <Delay = 0.67> <Storage> <Opcode : 'load' 'store'> <Ports = 2> <Width = 16> <Depth = 16> <RAM>
ST_3 : Operation 120 [2/2] (0.67ns)   --->   "%localC_14_load = load i4 %localC_14_addr" [mmult.cpp:190]   --->   Operation 120 'load' 'localC_14_load' <Predicate = (trunc_ln187 == 6 & trunc_ln185 == 1)> <Delay = 0.67> <CoreInst = "RAM">   --->   Core 83 'RAM' <Latency = 1> <II = 1> <Delay = 0.67> <Storage> <Opcode : 'load' 'store'> <Ports = 2> <Width = 16> <Depth = 16> <RAM>
ST_3 : Operation 121 [2/2] (0.67ns)   --->   "%localC_15_load = load i4 %localC_15_addr" [mmult.cpp:190]   --->   Operation 121 'load' 'localC_15_load' <Predicate = (trunc_ln187 == 7 & trunc_ln185 == 1)> <Delay = 0.67> <CoreInst = "RAM">   --->   Core 83 'RAM' <Latency = 1> <II = 1> <Delay = 0.67> <Storage> <Opcode : 'load' 'store'> <Ports = 2> <Width = 16> <Depth = 16> <RAM>
ST_3 : Operation 122 [2/2] (0.67ns)   --->   "%localC_16_load = load i4 %localC_16_addr" [mmult.cpp:190]   --->   Operation 122 'load' 'localC_16_load' <Predicate = (trunc_ln187 == 0 & trunc_ln185 == 2)> <Delay = 0.67> <CoreInst = "RAM">   --->   Core 83 'RAM' <Latency = 1> <II = 1> <Delay = 0.67> <Storage> <Opcode : 'load' 'store'> <Ports = 2> <Width = 16> <Depth = 16> <RAM>
ST_3 : Operation 123 [2/2] (0.67ns)   --->   "%localC_17_load = load i4 %localC_17_addr" [mmult.cpp:190]   --->   Operation 123 'load' 'localC_17_load' <Predicate = (trunc_ln187 == 1 & trunc_ln185 == 2)> <Delay = 0.67> <CoreInst = "RAM">   --->   Core 83 'RAM' <Latency = 1> <II = 1> <Delay = 0.67> <Storage> <Opcode : 'load' 'store'> <Ports = 2> <Width = 16> <Depth = 16> <RAM>
ST_3 : Operation 124 [2/2] (0.67ns)   --->   "%localC_18_load = load i4 %localC_18_addr" [mmult.cpp:190]   --->   Operation 124 'load' 'localC_18_load' <Predicate = (trunc_ln187 == 2 & trunc_ln185 == 2)> <Delay = 0.67> <CoreInst = "RAM">   --->   Core 83 'RAM' <Latency = 1> <II = 1> <Delay = 0.67> <Storage> <Opcode : 'load' 'store'> <Ports = 2> <Width = 16> <Depth = 16> <RAM>
ST_3 : Operation 125 [2/2] (0.67ns)   --->   "%localC_19_load = load i4 %localC_19_addr" [mmult.cpp:190]   --->   Operation 125 'load' 'localC_19_load' <Predicate = (trunc_ln187 == 3 & trunc_ln185 == 2)> <Delay = 0.67> <CoreInst = "RAM">   --->   Core 83 'RAM' <Latency = 1> <II = 1> <Delay = 0.67> <Storage> <Opcode : 'load' 'store'> <Ports = 2> <Width = 16> <Depth = 16> <RAM>
ST_3 : Operation 126 [2/2] (0.67ns)   --->   "%localC_20_load = load i4 %localC_20_addr" [mmult.cpp:190]   --->   Operation 126 'load' 'localC_20_load' <Predicate = (trunc_ln187 == 4 & trunc_ln185 == 2)> <Delay = 0.67> <CoreInst = "RAM">   --->   Core 83 'RAM' <Latency = 1> <II = 1> <Delay = 0.67> <Storage> <Opcode : 'load' 'store'> <Ports = 2> <Width = 16> <Depth = 16> <RAM>
ST_3 : Operation 127 [2/2] (0.67ns)   --->   "%localC_21_load = load i4 %localC_21_addr" [mmult.cpp:190]   --->   Operation 127 'load' 'localC_21_load' <Predicate = (trunc_ln187 == 5 & trunc_ln185 == 2)> <Delay = 0.67> <CoreInst = "RAM">   --->   Core 83 'RAM' <Latency = 1> <II = 1> <Delay = 0.67> <Storage> <Opcode : 'load' 'store'> <Ports = 2> <Width = 16> <Depth = 16> <RAM>
ST_3 : Operation 128 [2/2] (0.67ns)   --->   "%localC_22_load = load i4 %localC_22_addr" [mmult.cpp:190]   --->   Operation 128 'load' 'localC_22_load' <Predicate = (trunc_ln187 == 6 & trunc_ln185 == 2)> <Delay = 0.67> <CoreInst = "RAM">   --->   Core 83 'RAM' <Latency = 1> <II = 1> <Delay = 0.67> <Storage> <Opcode : 'load' 'store'> <Ports = 2> <Width = 16> <Depth = 16> <RAM>
ST_3 : Operation 129 [2/2] (0.67ns)   --->   "%localC_23_load = load i4 %localC_23_addr" [mmult.cpp:190]   --->   Operation 129 'load' 'localC_23_load' <Predicate = (trunc_ln187 == 7 & trunc_ln185 == 2)> <Delay = 0.67> <CoreInst = "RAM">   --->   Core 83 'RAM' <Latency = 1> <II = 1> <Delay = 0.67> <Storage> <Opcode : 'load' 'store'> <Ports = 2> <Width = 16> <Depth = 16> <RAM>
ST_3 : Operation 130 [2/2] (0.67ns)   --->   "%localC_24_load = load i4 %localC_24_addr" [mmult.cpp:190]   --->   Operation 130 'load' 'localC_24_load' <Predicate = (trunc_ln187 == 0 & trunc_ln185 == 3)> <Delay = 0.67> <CoreInst = "RAM">   --->   Core 83 'RAM' <Latency = 1> <II = 1> <Delay = 0.67> <Storage> <Opcode : 'load' 'store'> <Ports = 2> <Width = 16> <Depth = 16> <RAM>
ST_3 : Operation 131 [2/2] (0.67ns)   --->   "%localC_25_load = load i4 %localC_25_addr" [mmult.cpp:190]   --->   Operation 131 'load' 'localC_25_load' <Predicate = (trunc_ln187 == 1 & trunc_ln185 == 3)> <Delay = 0.67> <CoreInst = "RAM">   --->   Core 83 'RAM' <Latency = 1> <II = 1> <Delay = 0.67> <Storage> <Opcode : 'load' 'store'> <Ports = 2> <Width = 16> <Depth = 16> <RAM>
ST_3 : Operation 132 [2/2] (0.67ns)   --->   "%localC_26_load = load i4 %localC_26_addr" [mmult.cpp:190]   --->   Operation 132 'load' 'localC_26_load' <Predicate = (trunc_ln187 == 2 & trunc_ln185 == 3)> <Delay = 0.67> <CoreInst = "RAM">   --->   Core 83 'RAM' <Latency = 1> <II = 1> <Delay = 0.67> <Storage> <Opcode : 'load' 'store'> <Ports = 2> <Width = 16> <Depth = 16> <RAM>
ST_3 : Operation 133 [2/2] (0.67ns)   --->   "%localC_27_load = load i4 %localC_27_addr" [mmult.cpp:190]   --->   Operation 133 'load' 'localC_27_load' <Predicate = (trunc_ln187 == 3 & trunc_ln185 == 3)> <Delay = 0.67> <CoreInst = "RAM">   --->   Core 83 'RAM' <Latency = 1> <II = 1> <Delay = 0.67> <Storage> <Opcode : 'load' 'store'> <Ports = 2> <Width = 16> <Depth = 16> <RAM>
ST_3 : Operation 134 [2/2] (0.67ns)   --->   "%localC_28_load = load i4 %localC_28_addr" [mmult.cpp:190]   --->   Operation 134 'load' 'localC_28_load' <Predicate = (trunc_ln187 == 4 & trunc_ln185 == 3)> <Delay = 0.67> <CoreInst = "RAM">   --->   Core 83 'RAM' <Latency = 1> <II = 1> <Delay = 0.67> <Storage> <Opcode : 'load' 'store'> <Ports = 2> <Width = 16> <Depth = 16> <RAM>
ST_3 : Operation 135 [2/2] (0.67ns)   --->   "%localC_29_load = load i4 %localC_29_addr" [mmult.cpp:190]   --->   Operation 135 'load' 'localC_29_load' <Predicate = (trunc_ln187 == 5 & trunc_ln185 == 3)> <Delay = 0.67> <CoreInst = "RAM">   --->   Core 83 'RAM' <Latency = 1> <II = 1> <Delay = 0.67> <Storage> <Opcode : 'load' 'store'> <Ports = 2> <Width = 16> <Depth = 16> <RAM>
ST_3 : Operation 136 [2/2] (0.67ns)   --->   "%localC_30_load = load i4 %localC_30_addr" [mmult.cpp:190]   --->   Operation 136 'load' 'localC_30_load' <Predicate = (trunc_ln187 == 6 & trunc_ln185 == 3)> <Delay = 0.67> <CoreInst = "RAM">   --->   Core 83 'RAM' <Latency = 1> <II = 1> <Delay = 0.67> <Storage> <Opcode : 'load' 'store'> <Ports = 2> <Width = 16> <Depth = 16> <RAM>
ST_3 : Operation 137 [2/2] (0.67ns)   --->   "%localC_31_load = load i4 %localC_31_addr" [mmult.cpp:190]   --->   Operation 137 'load' 'localC_31_load' <Predicate = (trunc_ln187 == 7 & trunc_ln185 == 3)> <Delay = 0.67> <CoreInst = "RAM">   --->   Core 83 'RAM' <Latency = 1> <II = 1> <Delay = 0.67> <Storage> <Opcode : 'load' 'store'> <Ports = 2> <Width = 16> <Depth = 16> <RAM>
ST_3 : Operation 138 [2/2] (0.67ns)   --->   "%localC_32_load = load i4 %localC_32_addr" [mmult.cpp:190]   --->   Operation 138 'load' 'localC_32_load' <Predicate = (trunc_ln187 == 0 & trunc_ln185 == 4)> <Delay = 0.67> <CoreInst = "RAM">   --->   Core 83 'RAM' <Latency = 1> <II = 1> <Delay = 0.67> <Storage> <Opcode : 'load' 'store'> <Ports = 2> <Width = 16> <Depth = 16> <RAM>
ST_3 : Operation 139 [2/2] (0.67ns)   --->   "%localC_33_load = load i4 %localC_33_addr" [mmult.cpp:190]   --->   Operation 139 'load' 'localC_33_load' <Predicate = (trunc_ln187 == 1 & trunc_ln185 == 4)> <Delay = 0.67> <CoreInst = "RAM">   --->   Core 83 'RAM' <Latency = 1> <II = 1> <Delay = 0.67> <Storage> <Opcode : 'load' 'store'> <Ports = 2> <Width = 16> <Depth = 16> <RAM>
ST_3 : Operation 140 [2/2] (0.67ns)   --->   "%localC_34_load = load i4 %localC_34_addr" [mmult.cpp:190]   --->   Operation 140 'load' 'localC_34_load' <Predicate = (trunc_ln187 == 2 & trunc_ln185 == 4)> <Delay = 0.67> <CoreInst = "RAM">   --->   Core 83 'RAM' <Latency = 1> <II = 1> <Delay = 0.67> <Storage> <Opcode : 'load' 'store'> <Ports = 2> <Width = 16> <Depth = 16> <RAM>
ST_3 : Operation 141 [2/2] (0.67ns)   --->   "%localC_35_load = load i4 %localC_35_addr" [mmult.cpp:190]   --->   Operation 141 'load' 'localC_35_load' <Predicate = (trunc_ln187 == 3 & trunc_ln185 == 4)> <Delay = 0.67> <CoreInst = "RAM">   --->   Core 83 'RAM' <Latency = 1> <II = 1> <Delay = 0.67> <Storage> <Opcode : 'load' 'store'> <Ports = 2> <Width = 16> <Depth = 16> <RAM>
ST_3 : Operation 142 [2/2] (0.67ns)   --->   "%localC_36_load = load i4 %localC_36_addr" [mmult.cpp:190]   --->   Operation 142 'load' 'localC_36_load' <Predicate = (trunc_ln187 == 4 & trunc_ln185 == 4)> <Delay = 0.67> <CoreInst = "RAM">   --->   Core 83 'RAM' <Latency = 1> <II = 1> <Delay = 0.67> <Storage> <Opcode : 'load' 'store'> <Ports = 2> <Width = 16> <Depth = 16> <RAM>
ST_3 : Operation 143 [2/2] (0.67ns)   --->   "%localC_37_load = load i4 %localC_37_addr" [mmult.cpp:190]   --->   Operation 143 'load' 'localC_37_load' <Predicate = (trunc_ln187 == 5 & trunc_ln185 == 4)> <Delay = 0.67> <CoreInst = "RAM">   --->   Core 83 'RAM' <Latency = 1> <II = 1> <Delay = 0.67> <Storage> <Opcode : 'load' 'store'> <Ports = 2> <Width = 16> <Depth = 16> <RAM>
ST_3 : Operation 144 [2/2] (0.67ns)   --->   "%localC_38_load = load i4 %localC_38_addr" [mmult.cpp:190]   --->   Operation 144 'load' 'localC_38_load' <Predicate = (trunc_ln187 == 6 & trunc_ln185 == 4)> <Delay = 0.67> <CoreInst = "RAM">   --->   Core 83 'RAM' <Latency = 1> <II = 1> <Delay = 0.67> <Storage> <Opcode : 'load' 'store'> <Ports = 2> <Width = 16> <Depth = 16> <RAM>
ST_3 : Operation 145 [2/2] (0.67ns)   --->   "%localC_39_load = load i4 %localC_39_addr" [mmult.cpp:190]   --->   Operation 145 'load' 'localC_39_load' <Predicate = (trunc_ln187 == 7 & trunc_ln185 == 4)> <Delay = 0.67> <CoreInst = "RAM">   --->   Core 83 'RAM' <Latency = 1> <II = 1> <Delay = 0.67> <Storage> <Opcode : 'load' 'store'> <Ports = 2> <Width = 16> <Depth = 16> <RAM>
ST_3 : Operation 146 [2/2] (0.67ns)   --->   "%localC_40_load = load i4 %localC_40_addr" [mmult.cpp:190]   --->   Operation 146 'load' 'localC_40_load' <Predicate = (trunc_ln187 == 0 & trunc_ln185 == 5)> <Delay = 0.67> <CoreInst = "RAM">   --->   Core 83 'RAM' <Latency = 1> <II = 1> <Delay = 0.67> <Storage> <Opcode : 'load' 'store'> <Ports = 2> <Width = 16> <Depth = 16> <RAM>
ST_3 : Operation 147 [2/2] (0.67ns)   --->   "%localC_41_load = load i4 %localC_41_addr" [mmult.cpp:190]   --->   Operation 147 'load' 'localC_41_load' <Predicate = (trunc_ln187 == 1 & trunc_ln185 == 5)> <Delay = 0.67> <CoreInst = "RAM">   --->   Core 83 'RAM' <Latency = 1> <II = 1> <Delay = 0.67> <Storage> <Opcode : 'load' 'store'> <Ports = 2> <Width = 16> <Depth = 16> <RAM>
ST_3 : Operation 148 [2/2] (0.67ns)   --->   "%localC_42_load = load i4 %localC_42_addr" [mmult.cpp:190]   --->   Operation 148 'load' 'localC_42_load' <Predicate = (trunc_ln187 == 2 & trunc_ln185 == 5)> <Delay = 0.67> <CoreInst = "RAM">   --->   Core 83 'RAM' <Latency = 1> <II = 1> <Delay = 0.67> <Storage> <Opcode : 'load' 'store'> <Ports = 2> <Width = 16> <Depth = 16> <RAM>
ST_3 : Operation 149 [2/2] (0.67ns)   --->   "%localC_43_load = load i4 %localC_43_addr" [mmult.cpp:190]   --->   Operation 149 'load' 'localC_43_load' <Predicate = (trunc_ln187 == 3 & trunc_ln185 == 5)> <Delay = 0.67> <CoreInst = "RAM">   --->   Core 83 'RAM' <Latency = 1> <II = 1> <Delay = 0.67> <Storage> <Opcode : 'load' 'store'> <Ports = 2> <Width = 16> <Depth = 16> <RAM>
ST_3 : Operation 150 [2/2] (0.67ns)   --->   "%localC_44_load = load i4 %localC_44_addr" [mmult.cpp:190]   --->   Operation 150 'load' 'localC_44_load' <Predicate = (trunc_ln187 == 4 & trunc_ln185 == 5)> <Delay = 0.67> <CoreInst = "RAM">   --->   Core 83 'RAM' <Latency = 1> <II = 1> <Delay = 0.67> <Storage> <Opcode : 'load' 'store'> <Ports = 2> <Width = 16> <Depth = 16> <RAM>
ST_3 : Operation 151 [2/2] (0.67ns)   --->   "%localC_45_load = load i4 %localC_45_addr" [mmult.cpp:190]   --->   Operation 151 'load' 'localC_45_load' <Predicate = (trunc_ln187 == 5 & trunc_ln185 == 5)> <Delay = 0.67> <CoreInst = "RAM">   --->   Core 83 'RAM' <Latency = 1> <II = 1> <Delay = 0.67> <Storage> <Opcode : 'load' 'store'> <Ports = 2> <Width = 16> <Depth = 16> <RAM>
ST_3 : Operation 152 [2/2] (0.67ns)   --->   "%localC_46_load = load i4 %localC_46_addr" [mmult.cpp:190]   --->   Operation 152 'load' 'localC_46_load' <Predicate = (trunc_ln187 == 6 & trunc_ln185 == 5)> <Delay = 0.67> <CoreInst = "RAM">   --->   Core 83 'RAM' <Latency = 1> <II = 1> <Delay = 0.67> <Storage> <Opcode : 'load' 'store'> <Ports = 2> <Width = 16> <Depth = 16> <RAM>
ST_3 : Operation 153 [2/2] (0.67ns)   --->   "%localC_47_load = load i4 %localC_47_addr" [mmult.cpp:190]   --->   Operation 153 'load' 'localC_47_load' <Predicate = (trunc_ln187 == 7 & trunc_ln185 == 5)> <Delay = 0.67> <CoreInst = "RAM">   --->   Core 83 'RAM' <Latency = 1> <II = 1> <Delay = 0.67> <Storage> <Opcode : 'load' 'store'> <Ports = 2> <Width = 16> <Depth = 16> <RAM>
ST_3 : Operation 154 [2/2] (0.67ns)   --->   "%localC_48_load = load i4 %localC_48_addr" [mmult.cpp:190]   --->   Operation 154 'load' 'localC_48_load' <Predicate = (trunc_ln187 == 0 & trunc_ln185 == 6)> <Delay = 0.67> <CoreInst = "RAM">   --->   Core 83 'RAM' <Latency = 1> <II = 1> <Delay = 0.67> <Storage> <Opcode : 'load' 'store'> <Ports = 2> <Width = 16> <Depth = 16> <RAM>
ST_3 : Operation 155 [2/2] (0.67ns)   --->   "%localC_49_load = load i4 %localC_49_addr" [mmult.cpp:190]   --->   Operation 155 'load' 'localC_49_load' <Predicate = (trunc_ln187 == 1 & trunc_ln185 == 6)> <Delay = 0.67> <CoreInst = "RAM">   --->   Core 83 'RAM' <Latency = 1> <II = 1> <Delay = 0.67> <Storage> <Opcode : 'load' 'store'> <Ports = 2> <Width = 16> <Depth = 16> <RAM>
ST_3 : Operation 156 [2/2] (0.67ns)   --->   "%localC_50_load = load i4 %localC_50_addr" [mmult.cpp:190]   --->   Operation 156 'load' 'localC_50_load' <Predicate = (trunc_ln187 == 2 & trunc_ln185 == 6)> <Delay = 0.67> <CoreInst = "RAM">   --->   Core 83 'RAM' <Latency = 1> <II = 1> <Delay = 0.67> <Storage> <Opcode : 'load' 'store'> <Ports = 2> <Width = 16> <Depth = 16> <RAM>
ST_3 : Operation 157 [2/2] (0.67ns)   --->   "%localC_51_load = load i4 %localC_51_addr" [mmult.cpp:190]   --->   Operation 157 'load' 'localC_51_load' <Predicate = (trunc_ln187 == 3 & trunc_ln185 == 6)> <Delay = 0.67> <CoreInst = "RAM">   --->   Core 83 'RAM' <Latency = 1> <II = 1> <Delay = 0.67> <Storage> <Opcode : 'load' 'store'> <Ports = 2> <Width = 16> <Depth = 16> <RAM>
ST_3 : Operation 158 [2/2] (0.67ns)   --->   "%localC_52_load = load i4 %localC_52_addr" [mmult.cpp:190]   --->   Operation 158 'load' 'localC_52_load' <Predicate = (trunc_ln187 == 4 & trunc_ln185 == 6)> <Delay = 0.67> <CoreInst = "RAM">   --->   Core 83 'RAM' <Latency = 1> <II = 1> <Delay = 0.67> <Storage> <Opcode : 'load' 'store'> <Ports = 2> <Width = 16> <Depth = 16> <RAM>
ST_3 : Operation 159 [2/2] (0.67ns)   --->   "%localC_53_load = load i4 %localC_53_addr" [mmult.cpp:190]   --->   Operation 159 'load' 'localC_53_load' <Predicate = (trunc_ln187 == 5 & trunc_ln185 == 6)> <Delay = 0.67> <CoreInst = "RAM">   --->   Core 83 'RAM' <Latency = 1> <II = 1> <Delay = 0.67> <Storage> <Opcode : 'load' 'store'> <Ports = 2> <Width = 16> <Depth = 16> <RAM>
ST_3 : Operation 160 [2/2] (0.67ns)   --->   "%localC_54_load = load i4 %localC_54_addr" [mmult.cpp:190]   --->   Operation 160 'load' 'localC_54_load' <Predicate = (trunc_ln187 == 6 & trunc_ln185 == 6)> <Delay = 0.67> <CoreInst = "RAM">   --->   Core 83 'RAM' <Latency = 1> <II = 1> <Delay = 0.67> <Storage> <Opcode : 'load' 'store'> <Ports = 2> <Width = 16> <Depth = 16> <RAM>
ST_3 : Operation 161 [2/2] (0.67ns)   --->   "%localC_55_load = load i4 %localC_55_addr" [mmult.cpp:190]   --->   Operation 161 'load' 'localC_55_load' <Predicate = (trunc_ln187 == 7 & trunc_ln185 == 6)> <Delay = 0.67> <CoreInst = "RAM">   --->   Core 83 'RAM' <Latency = 1> <II = 1> <Delay = 0.67> <Storage> <Opcode : 'load' 'store'> <Ports = 2> <Width = 16> <Depth = 16> <RAM>
ST_3 : Operation 162 [2/2] (0.67ns)   --->   "%localC_56_load = load i4 %localC_56_addr" [mmult.cpp:190]   --->   Operation 162 'load' 'localC_56_load' <Predicate = (trunc_ln187 == 0 & trunc_ln185 == 7)> <Delay = 0.67> <CoreInst = "RAM">   --->   Core 83 'RAM' <Latency = 1> <II = 1> <Delay = 0.67> <Storage> <Opcode : 'load' 'store'> <Ports = 2> <Width = 16> <Depth = 16> <RAM>
ST_3 : Operation 163 [2/2] (0.67ns)   --->   "%localC_57_load = load i4 %localC_57_addr" [mmult.cpp:190]   --->   Operation 163 'load' 'localC_57_load' <Predicate = (trunc_ln187 == 1 & trunc_ln185 == 7)> <Delay = 0.67> <CoreInst = "RAM">   --->   Core 83 'RAM' <Latency = 1> <II = 1> <Delay = 0.67> <Storage> <Opcode : 'load' 'store'> <Ports = 2> <Width = 16> <Depth = 16> <RAM>
ST_3 : Operation 164 [2/2] (0.67ns)   --->   "%localC_58_load = load i4 %localC_58_addr" [mmult.cpp:190]   --->   Operation 164 'load' 'localC_58_load' <Predicate = (trunc_ln187 == 2 & trunc_ln185 == 7)> <Delay = 0.67> <CoreInst = "RAM">   --->   Core 83 'RAM' <Latency = 1> <II = 1> <Delay = 0.67> <Storage> <Opcode : 'load' 'store'> <Ports = 2> <Width = 16> <Depth = 16> <RAM>
ST_3 : Operation 165 [2/2] (0.67ns)   --->   "%localC_59_load = load i4 %localC_59_addr" [mmult.cpp:190]   --->   Operation 165 'load' 'localC_59_load' <Predicate = (trunc_ln187 == 3 & trunc_ln185 == 7)> <Delay = 0.67> <CoreInst = "RAM">   --->   Core 83 'RAM' <Latency = 1> <II = 1> <Delay = 0.67> <Storage> <Opcode : 'load' 'store'> <Ports = 2> <Width = 16> <Depth = 16> <RAM>
ST_3 : Operation 166 [2/2] (0.67ns)   --->   "%localC_60_load = load i4 %localC_60_addr" [mmult.cpp:190]   --->   Operation 166 'load' 'localC_60_load' <Predicate = (trunc_ln187 == 4 & trunc_ln185 == 7)> <Delay = 0.67> <CoreInst = "RAM">   --->   Core 83 'RAM' <Latency = 1> <II = 1> <Delay = 0.67> <Storage> <Opcode : 'load' 'store'> <Ports = 2> <Width = 16> <Depth = 16> <RAM>
ST_3 : Operation 167 [2/2] (0.67ns)   --->   "%localC_61_load = load i4 %localC_61_addr" [mmult.cpp:190]   --->   Operation 167 'load' 'localC_61_load' <Predicate = (trunc_ln187 == 5 & trunc_ln185 == 7)> <Delay = 0.67> <CoreInst = "RAM">   --->   Core 83 'RAM' <Latency = 1> <II = 1> <Delay = 0.67> <Storage> <Opcode : 'load' 'store'> <Ports = 2> <Width = 16> <Depth = 16> <RAM>
ST_3 : Operation 168 [2/2] (0.67ns)   --->   "%localC_62_load = load i4 %localC_62_addr" [mmult.cpp:190]   --->   Operation 168 'load' 'localC_62_load' <Predicate = (trunc_ln187 == 6 & trunc_ln185 == 7)> <Delay = 0.67> <CoreInst = "RAM">   --->   Core 83 'RAM' <Latency = 1> <II = 1> <Delay = 0.67> <Storage> <Opcode : 'load' 'store'> <Ports = 2> <Width = 16> <Depth = 16> <RAM>
ST_3 : Operation 169 [2/2] (0.67ns)   --->   "%localC_63_load = load i4 %localC_63_addr" [mmult.cpp:190]   --->   Operation 169 'load' 'localC_63_load' <Predicate = (trunc_ln187 == 7 & trunc_ln185 == 7)> <Delay = 0.67> <CoreInst = "RAM">   --->   Core 83 'RAM' <Latency = 1> <II = 1> <Delay = 0.67> <Storage> <Opcode : 'load' 'store'> <Ports = 2> <Width = 16> <Depth = 16> <RAM>

State 4 <SV = 3> <Delay = 2.11>
ST_4 : Operation 170 [1/2] (0.67ns)   --->   "%localC_load = load i4 %localC_addr" [mmult.cpp:190]   --->   Operation 170 'load' 'localC_load' <Predicate = (trunc_ln185 == 0 & trunc_ln187 == 0)> <Delay = 0.67> <CoreInst = "RAM">   --->   Core 83 'RAM' <Latency = 1> <II = 1> <Delay = 0.67> <Storage> <Opcode : 'load' 'store'> <Ports = 2> <Width = 16> <Depth = 16> <RAM>
ST_4 : Operation 171 [1/2] (0.67ns)   --->   "%localC_1_load = load i4 %localC_1_addr" [mmult.cpp:190]   --->   Operation 171 'load' 'localC_1_load' <Predicate = (trunc_ln185 == 0 & trunc_ln187 == 1)> <Delay = 0.67> <CoreInst = "RAM">   --->   Core 83 'RAM' <Latency = 1> <II = 1> <Delay = 0.67> <Storage> <Opcode : 'load' 'store'> <Ports = 2> <Width = 16> <Depth = 16> <RAM>
ST_4 : Operation 172 [1/2] (0.67ns)   --->   "%localC_2_load = load i4 %localC_2_addr" [mmult.cpp:190]   --->   Operation 172 'load' 'localC_2_load' <Predicate = (trunc_ln185 == 0 & trunc_ln187 == 2)> <Delay = 0.67> <CoreInst = "RAM">   --->   Core 83 'RAM' <Latency = 1> <II = 1> <Delay = 0.67> <Storage> <Opcode : 'load' 'store'> <Ports = 2> <Width = 16> <Depth = 16> <RAM>
ST_4 : Operation 173 [1/2] (0.67ns)   --->   "%localC_3_load = load i4 %localC_3_addr" [mmult.cpp:190]   --->   Operation 173 'load' 'localC_3_load' <Predicate = (trunc_ln185 == 0 & trunc_ln187 == 3)> <Delay = 0.67> <CoreInst = "RAM">   --->   Core 83 'RAM' <Latency = 1> <II = 1> <Delay = 0.67> <Storage> <Opcode : 'load' 'store'> <Ports = 2> <Width = 16> <Depth = 16> <RAM>
ST_4 : Operation 174 [1/2] (0.67ns)   --->   "%localC_4_load = load i4 %localC_4_addr" [mmult.cpp:190]   --->   Operation 174 'load' 'localC_4_load' <Predicate = (trunc_ln185 == 0 & trunc_ln187 == 4)> <Delay = 0.67> <CoreInst = "RAM">   --->   Core 83 'RAM' <Latency = 1> <II = 1> <Delay = 0.67> <Storage> <Opcode : 'load' 'store'> <Ports = 2> <Width = 16> <Depth = 16> <RAM>
ST_4 : Operation 175 [1/2] (0.67ns)   --->   "%localC_5_load = load i4 %localC_5_addr" [mmult.cpp:190]   --->   Operation 175 'load' 'localC_5_load' <Predicate = (trunc_ln185 == 0 & trunc_ln187 == 5)> <Delay = 0.67> <CoreInst = "RAM">   --->   Core 83 'RAM' <Latency = 1> <II = 1> <Delay = 0.67> <Storage> <Opcode : 'load' 'store'> <Ports = 2> <Width = 16> <Depth = 16> <RAM>
ST_4 : Operation 176 [1/2] (0.67ns)   --->   "%localC_6_load = load i4 %localC_6_addr" [mmult.cpp:190]   --->   Operation 176 'load' 'localC_6_load' <Predicate = (trunc_ln185 == 0 & trunc_ln187 == 6)> <Delay = 0.67> <CoreInst = "RAM">   --->   Core 83 'RAM' <Latency = 1> <II = 1> <Delay = 0.67> <Storage> <Opcode : 'load' 'store'> <Ports = 2> <Width = 16> <Depth = 16> <RAM>
ST_4 : Operation 177 [1/2] (0.67ns)   --->   "%localC_7_load = load i4 %localC_7_addr" [mmult.cpp:190]   --->   Operation 177 'load' 'localC_7_load' <Predicate = (trunc_ln185 == 0 & trunc_ln187 == 7)> <Delay = 0.67> <CoreInst = "RAM">   --->   Core 83 'RAM' <Latency = 1> <II = 1> <Delay = 0.67> <Storage> <Opcode : 'load' 'store'> <Ports = 2> <Width = 16> <Depth = 16> <RAM>
ST_4 : Operation 178 [1/1] (0.72ns)   --->   "%tmp = sparsemux i16 @_ssdm_op_SparseMux.ap_auto.8i16.i16.i3, i3 0, i16 %localC_load, i3 1, i16 %localC_1_load, i3 2, i16 %localC_2_load, i3 3, i16 %localC_3_load, i3 4, i16 %localC_4_load, i3 5, i16 %localC_5_load, i3 6, i16 %localC_6_load, i3 7, i16 %localC_7_load, i16 0, i3 %trunc_ln187" [mmult.cpp:190]   --->   Operation 178 'sparsemux' 'tmp' <Predicate = (trunc_ln185 == 0)> <Delay = 0.72> <CoreInst = "SparseMux">   --->   Core 147 'SparseMux' <Latency = 0> <II = 1> <Delay = 0.72> <FuncUnit> <Opcode : 'sparsemux'> <InPorts = 2> <OutPorts = 1>
ST_4 : Operation 179 [1/2] (0.67ns)   --->   "%localC_8_load = load i4 %localC_8_addr" [mmult.cpp:190]   --->   Operation 179 'load' 'localC_8_load' <Predicate = (trunc_ln187 == 0 & trunc_ln185 == 1)> <Delay = 0.67> <CoreInst = "RAM">   --->   Core 83 'RAM' <Latency = 1> <II = 1> <Delay = 0.67> <Storage> <Opcode : 'load' 'store'> <Ports = 2> <Width = 16> <Depth = 16> <RAM>
ST_4 : Operation 180 [1/2] (0.67ns)   --->   "%localC_9_load = load i4 %localC_9_addr" [mmult.cpp:190]   --->   Operation 180 'load' 'localC_9_load' <Predicate = (trunc_ln187 == 1 & trunc_ln185 == 1)> <Delay = 0.67> <CoreInst = "RAM">   --->   Core 83 'RAM' <Latency = 1> <II = 1> <Delay = 0.67> <Storage> <Opcode : 'load' 'store'> <Ports = 2> <Width = 16> <Depth = 16> <RAM>
ST_4 : Operation 181 [1/2] (0.67ns)   --->   "%localC_10_load = load i4 %localC_10_addr" [mmult.cpp:190]   --->   Operation 181 'load' 'localC_10_load' <Predicate = (trunc_ln187 == 2 & trunc_ln185 == 1)> <Delay = 0.67> <CoreInst = "RAM">   --->   Core 83 'RAM' <Latency = 1> <II = 1> <Delay = 0.67> <Storage> <Opcode : 'load' 'store'> <Ports = 2> <Width = 16> <Depth = 16> <RAM>
ST_4 : Operation 182 [1/2] (0.67ns)   --->   "%localC_11_load = load i4 %localC_11_addr" [mmult.cpp:190]   --->   Operation 182 'load' 'localC_11_load' <Predicate = (trunc_ln187 == 3 & trunc_ln185 == 1)> <Delay = 0.67> <CoreInst = "RAM">   --->   Core 83 'RAM' <Latency = 1> <II = 1> <Delay = 0.67> <Storage> <Opcode : 'load' 'store'> <Ports = 2> <Width = 16> <Depth = 16> <RAM>
ST_4 : Operation 183 [1/2] (0.67ns)   --->   "%localC_12_load = load i4 %localC_12_addr" [mmult.cpp:190]   --->   Operation 183 'load' 'localC_12_load' <Predicate = (trunc_ln187 == 4 & trunc_ln185 == 1)> <Delay = 0.67> <CoreInst = "RAM">   --->   Core 83 'RAM' <Latency = 1> <II = 1> <Delay = 0.67> <Storage> <Opcode : 'load' 'store'> <Ports = 2> <Width = 16> <Depth = 16> <RAM>
ST_4 : Operation 184 [1/2] (0.67ns)   --->   "%localC_13_load = load i4 %localC_13_addr" [mmult.cpp:190]   --->   Operation 184 'load' 'localC_13_load' <Predicate = (trunc_ln187 == 5 & trunc_ln185 == 1)> <Delay = 0.67> <CoreInst = "RAM">   --->   Core 83 'RAM' <Latency = 1> <II = 1> <Delay = 0.67> <Storage> <Opcode : 'load' 'store'> <Ports = 2> <Width = 16> <Depth = 16> <RAM>
ST_4 : Operation 185 [1/2] (0.67ns)   --->   "%localC_14_load = load i4 %localC_14_addr" [mmult.cpp:190]   --->   Operation 185 'load' 'localC_14_load' <Predicate = (trunc_ln187 == 6 & trunc_ln185 == 1)> <Delay = 0.67> <CoreInst = "RAM">   --->   Core 83 'RAM' <Latency = 1> <II = 1> <Delay = 0.67> <Storage> <Opcode : 'load' 'store'> <Ports = 2> <Width = 16> <Depth = 16> <RAM>
ST_4 : Operation 186 [1/2] (0.67ns)   --->   "%localC_15_load = load i4 %localC_15_addr" [mmult.cpp:190]   --->   Operation 186 'load' 'localC_15_load' <Predicate = (trunc_ln187 == 7 & trunc_ln185 == 1)> <Delay = 0.67> <CoreInst = "RAM">   --->   Core 83 'RAM' <Latency = 1> <II = 1> <Delay = 0.67> <Storage> <Opcode : 'load' 'store'> <Ports = 2> <Width = 16> <Depth = 16> <RAM>
ST_4 : Operation 187 [1/1] (0.72ns)   --->   "%tmp_1 = sparsemux i16 @_ssdm_op_SparseMux.ap_auto.8i16.i16.i3, i3 0, i16 %localC_8_load, i3 1, i16 %localC_9_load, i3 2, i16 %localC_10_load, i3 3, i16 %localC_11_load, i3 4, i16 %localC_12_load, i3 5, i16 %localC_13_load, i3 6, i16 %localC_14_load, i3 7, i16 %localC_15_load, i16 0, i3 %trunc_ln187" [mmult.cpp:190]   --->   Operation 187 'sparsemux' 'tmp_1' <Predicate = (trunc_ln185 == 1)> <Delay = 0.72> <CoreInst = "SparseMux">   --->   Core 147 'SparseMux' <Latency = 0> <II = 1> <Delay = 0.72> <FuncUnit> <Opcode : 'sparsemux'> <InPorts = 2> <OutPorts = 1>
ST_4 : Operation 188 [1/2] (0.67ns)   --->   "%localC_16_load = load i4 %localC_16_addr" [mmult.cpp:190]   --->   Operation 188 'load' 'localC_16_load' <Predicate = (trunc_ln187 == 0 & trunc_ln185 == 2)> <Delay = 0.67> <CoreInst = "RAM">   --->   Core 83 'RAM' <Latency = 1> <II = 1> <Delay = 0.67> <Storage> <Opcode : 'load' 'store'> <Ports = 2> <Width = 16> <Depth = 16> <RAM>
ST_4 : Operation 189 [1/2] (0.67ns)   --->   "%localC_17_load = load i4 %localC_17_addr" [mmult.cpp:190]   --->   Operation 189 'load' 'localC_17_load' <Predicate = (trunc_ln187 == 1 & trunc_ln185 == 2)> <Delay = 0.67> <CoreInst = "RAM">   --->   Core 83 'RAM' <Latency = 1> <II = 1> <Delay = 0.67> <Storage> <Opcode : 'load' 'store'> <Ports = 2> <Width = 16> <Depth = 16> <RAM>
ST_4 : Operation 190 [1/2] (0.67ns)   --->   "%localC_18_load = load i4 %localC_18_addr" [mmult.cpp:190]   --->   Operation 190 'load' 'localC_18_load' <Predicate = (trunc_ln187 == 2 & trunc_ln185 == 2)> <Delay = 0.67> <CoreInst = "RAM">   --->   Core 83 'RAM' <Latency = 1> <II = 1> <Delay = 0.67> <Storage> <Opcode : 'load' 'store'> <Ports = 2> <Width = 16> <Depth = 16> <RAM>
ST_4 : Operation 191 [1/2] (0.67ns)   --->   "%localC_19_load = load i4 %localC_19_addr" [mmult.cpp:190]   --->   Operation 191 'load' 'localC_19_load' <Predicate = (trunc_ln187 == 3 & trunc_ln185 == 2)> <Delay = 0.67> <CoreInst = "RAM">   --->   Core 83 'RAM' <Latency = 1> <II = 1> <Delay = 0.67> <Storage> <Opcode : 'load' 'store'> <Ports = 2> <Width = 16> <Depth = 16> <RAM>
ST_4 : Operation 192 [1/2] (0.67ns)   --->   "%localC_20_load = load i4 %localC_20_addr" [mmult.cpp:190]   --->   Operation 192 'load' 'localC_20_load' <Predicate = (trunc_ln187 == 4 & trunc_ln185 == 2)> <Delay = 0.67> <CoreInst = "RAM">   --->   Core 83 'RAM' <Latency = 1> <II = 1> <Delay = 0.67> <Storage> <Opcode : 'load' 'store'> <Ports = 2> <Width = 16> <Depth = 16> <RAM>
ST_4 : Operation 193 [1/2] (0.67ns)   --->   "%localC_21_load = load i4 %localC_21_addr" [mmult.cpp:190]   --->   Operation 193 'load' 'localC_21_load' <Predicate = (trunc_ln187 == 5 & trunc_ln185 == 2)> <Delay = 0.67> <CoreInst = "RAM">   --->   Core 83 'RAM' <Latency = 1> <II = 1> <Delay = 0.67> <Storage> <Opcode : 'load' 'store'> <Ports = 2> <Width = 16> <Depth = 16> <RAM>
ST_4 : Operation 194 [1/2] (0.67ns)   --->   "%localC_22_load = load i4 %localC_22_addr" [mmult.cpp:190]   --->   Operation 194 'load' 'localC_22_load' <Predicate = (trunc_ln187 == 6 & trunc_ln185 == 2)> <Delay = 0.67> <CoreInst = "RAM">   --->   Core 83 'RAM' <Latency = 1> <II = 1> <Delay = 0.67> <Storage> <Opcode : 'load' 'store'> <Ports = 2> <Width = 16> <Depth = 16> <RAM>
ST_4 : Operation 195 [1/2] (0.67ns)   --->   "%localC_23_load = load i4 %localC_23_addr" [mmult.cpp:190]   --->   Operation 195 'load' 'localC_23_load' <Predicate = (trunc_ln187 == 7 & trunc_ln185 == 2)> <Delay = 0.67> <CoreInst = "RAM">   --->   Core 83 'RAM' <Latency = 1> <II = 1> <Delay = 0.67> <Storage> <Opcode : 'load' 'store'> <Ports = 2> <Width = 16> <Depth = 16> <RAM>
ST_4 : Operation 196 [1/1] (0.72ns)   --->   "%tmp_2 = sparsemux i16 @_ssdm_op_SparseMux.ap_auto.8i16.i16.i3, i3 0, i16 %localC_16_load, i3 1, i16 %localC_17_load, i3 2, i16 %localC_18_load, i3 3, i16 %localC_19_load, i3 4, i16 %localC_20_load, i3 5, i16 %localC_21_load, i3 6, i16 %localC_22_load, i3 7, i16 %localC_23_load, i16 0, i3 %trunc_ln187" [mmult.cpp:190]   --->   Operation 196 'sparsemux' 'tmp_2' <Predicate = (trunc_ln185 == 2)> <Delay = 0.72> <CoreInst = "SparseMux">   --->   Core 147 'SparseMux' <Latency = 0> <II = 1> <Delay = 0.72> <FuncUnit> <Opcode : 'sparsemux'> <InPorts = 2> <OutPorts = 1>
ST_4 : Operation 197 [1/2] (0.67ns)   --->   "%localC_24_load = load i4 %localC_24_addr" [mmult.cpp:190]   --->   Operation 197 'load' 'localC_24_load' <Predicate = (trunc_ln187 == 0 & trunc_ln185 == 3)> <Delay = 0.67> <CoreInst = "RAM">   --->   Core 83 'RAM' <Latency = 1> <II = 1> <Delay = 0.67> <Storage> <Opcode : 'load' 'store'> <Ports = 2> <Width = 16> <Depth = 16> <RAM>
ST_4 : Operation 198 [1/2] (0.67ns)   --->   "%localC_25_load = load i4 %localC_25_addr" [mmult.cpp:190]   --->   Operation 198 'load' 'localC_25_load' <Predicate = (trunc_ln187 == 1 & trunc_ln185 == 3)> <Delay = 0.67> <CoreInst = "RAM">   --->   Core 83 'RAM' <Latency = 1> <II = 1> <Delay = 0.67> <Storage> <Opcode : 'load' 'store'> <Ports = 2> <Width = 16> <Depth = 16> <RAM>
ST_4 : Operation 199 [1/2] (0.67ns)   --->   "%localC_26_load = load i4 %localC_26_addr" [mmult.cpp:190]   --->   Operation 199 'load' 'localC_26_load' <Predicate = (trunc_ln187 == 2 & trunc_ln185 == 3)> <Delay = 0.67> <CoreInst = "RAM">   --->   Core 83 'RAM' <Latency = 1> <II = 1> <Delay = 0.67> <Storage> <Opcode : 'load' 'store'> <Ports = 2> <Width = 16> <Depth = 16> <RAM>
ST_4 : Operation 200 [1/2] (0.67ns)   --->   "%localC_27_load = load i4 %localC_27_addr" [mmult.cpp:190]   --->   Operation 200 'load' 'localC_27_load' <Predicate = (trunc_ln187 == 3 & trunc_ln185 == 3)> <Delay = 0.67> <CoreInst = "RAM">   --->   Core 83 'RAM' <Latency = 1> <II = 1> <Delay = 0.67> <Storage> <Opcode : 'load' 'store'> <Ports = 2> <Width = 16> <Depth = 16> <RAM>
ST_4 : Operation 201 [1/2] (0.67ns)   --->   "%localC_28_load = load i4 %localC_28_addr" [mmult.cpp:190]   --->   Operation 201 'load' 'localC_28_load' <Predicate = (trunc_ln187 == 4 & trunc_ln185 == 3)> <Delay = 0.67> <CoreInst = "RAM">   --->   Core 83 'RAM' <Latency = 1> <II = 1> <Delay = 0.67> <Storage> <Opcode : 'load' 'store'> <Ports = 2> <Width = 16> <Depth = 16> <RAM>
ST_4 : Operation 202 [1/2] (0.67ns)   --->   "%localC_29_load = load i4 %localC_29_addr" [mmult.cpp:190]   --->   Operation 202 'load' 'localC_29_load' <Predicate = (trunc_ln187 == 5 & trunc_ln185 == 3)> <Delay = 0.67> <CoreInst = "RAM">   --->   Core 83 'RAM' <Latency = 1> <II = 1> <Delay = 0.67> <Storage> <Opcode : 'load' 'store'> <Ports = 2> <Width = 16> <Depth = 16> <RAM>
ST_4 : Operation 203 [1/2] (0.67ns)   --->   "%localC_30_load = load i4 %localC_30_addr" [mmult.cpp:190]   --->   Operation 203 'load' 'localC_30_load' <Predicate = (trunc_ln187 == 6 & trunc_ln185 == 3)> <Delay = 0.67> <CoreInst = "RAM">   --->   Core 83 'RAM' <Latency = 1> <II = 1> <Delay = 0.67> <Storage> <Opcode : 'load' 'store'> <Ports = 2> <Width = 16> <Depth = 16> <RAM>
ST_4 : Operation 204 [1/2] (0.67ns)   --->   "%localC_31_load = load i4 %localC_31_addr" [mmult.cpp:190]   --->   Operation 204 'load' 'localC_31_load' <Predicate = (trunc_ln187 == 7 & trunc_ln185 == 3)> <Delay = 0.67> <CoreInst = "RAM">   --->   Core 83 'RAM' <Latency = 1> <II = 1> <Delay = 0.67> <Storage> <Opcode : 'load' 'store'> <Ports = 2> <Width = 16> <Depth = 16> <RAM>
ST_4 : Operation 205 [1/1] (0.72ns)   --->   "%tmp_3 = sparsemux i16 @_ssdm_op_SparseMux.ap_auto.8i16.i16.i3, i3 0, i16 %localC_24_load, i3 1, i16 %localC_25_load, i3 2, i16 %localC_26_load, i3 3, i16 %localC_27_load, i3 4, i16 %localC_28_load, i3 5, i16 %localC_29_load, i3 6, i16 %localC_30_load, i3 7, i16 %localC_31_load, i16 0, i3 %trunc_ln187" [mmult.cpp:190]   --->   Operation 205 'sparsemux' 'tmp_3' <Predicate = (trunc_ln185 == 3)> <Delay = 0.72> <CoreInst = "SparseMux">   --->   Core 147 'SparseMux' <Latency = 0> <II = 1> <Delay = 0.72> <FuncUnit> <Opcode : 'sparsemux'> <InPorts = 2> <OutPorts = 1>
ST_4 : Operation 206 [1/2] (0.67ns)   --->   "%localC_32_load = load i4 %localC_32_addr" [mmult.cpp:190]   --->   Operation 206 'load' 'localC_32_load' <Predicate = (trunc_ln187 == 0 & trunc_ln185 == 4)> <Delay = 0.67> <CoreInst = "RAM">   --->   Core 83 'RAM' <Latency = 1> <II = 1> <Delay = 0.67> <Storage> <Opcode : 'load' 'store'> <Ports = 2> <Width = 16> <Depth = 16> <RAM>
ST_4 : Operation 207 [1/2] (0.67ns)   --->   "%localC_33_load = load i4 %localC_33_addr" [mmult.cpp:190]   --->   Operation 207 'load' 'localC_33_load' <Predicate = (trunc_ln187 == 1 & trunc_ln185 == 4)> <Delay = 0.67> <CoreInst = "RAM">   --->   Core 83 'RAM' <Latency = 1> <II = 1> <Delay = 0.67> <Storage> <Opcode : 'load' 'store'> <Ports = 2> <Width = 16> <Depth = 16> <RAM>
ST_4 : Operation 208 [1/2] (0.67ns)   --->   "%localC_34_load = load i4 %localC_34_addr" [mmult.cpp:190]   --->   Operation 208 'load' 'localC_34_load' <Predicate = (trunc_ln187 == 2 & trunc_ln185 == 4)> <Delay = 0.67> <CoreInst = "RAM">   --->   Core 83 'RAM' <Latency = 1> <II = 1> <Delay = 0.67> <Storage> <Opcode : 'load' 'store'> <Ports = 2> <Width = 16> <Depth = 16> <RAM>
ST_4 : Operation 209 [1/2] (0.67ns)   --->   "%localC_35_load = load i4 %localC_35_addr" [mmult.cpp:190]   --->   Operation 209 'load' 'localC_35_load' <Predicate = (trunc_ln187 == 3 & trunc_ln185 == 4)> <Delay = 0.67> <CoreInst = "RAM">   --->   Core 83 'RAM' <Latency = 1> <II = 1> <Delay = 0.67> <Storage> <Opcode : 'load' 'store'> <Ports = 2> <Width = 16> <Depth = 16> <RAM>
ST_4 : Operation 210 [1/2] (0.67ns)   --->   "%localC_36_load = load i4 %localC_36_addr" [mmult.cpp:190]   --->   Operation 210 'load' 'localC_36_load' <Predicate = (trunc_ln187 == 4 & trunc_ln185 == 4)> <Delay = 0.67> <CoreInst = "RAM">   --->   Core 83 'RAM' <Latency = 1> <II = 1> <Delay = 0.67> <Storage> <Opcode : 'load' 'store'> <Ports = 2> <Width = 16> <Depth = 16> <RAM>
ST_4 : Operation 211 [1/2] (0.67ns)   --->   "%localC_37_load = load i4 %localC_37_addr" [mmult.cpp:190]   --->   Operation 211 'load' 'localC_37_load' <Predicate = (trunc_ln187 == 5 & trunc_ln185 == 4)> <Delay = 0.67> <CoreInst = "RAM">   --->   Core 83 'RAM' <Latency = 1> <II = 1> <Delay = 0.67> <Storage> <Opcode : 'load' 'store'> <Ports = 2> <Width = 16> <Depth = 16> <RAM>
ST_4 : Operation 212 [1/2] (0.67ns)   --->   "%localC_38_load = load i4 %localC_38_addr" [mmult.cpp:190]   --->   Operation 212 'load' 'localC_38_load' <Predicate = (trunc_ln187 == 6 & trunc_ln185 == 4)> <Delay = 0.67> <CoreInst = "RAM">   --->   Core 83 'RAM' <Latency = 1> <II = 1> <Delay = 0.67> <Storage> <Opcode : 'load' 'store'> <Ports = 2> <Width = 16> <Depth = 16> <RAM>
ST_4 : Operation 213 [1/2] (0.67ns)   --->   "%localC_39_load = load i4 %localC_39_addr" [mmult.cpp:190]   --->   Operation 213 'load' 'localC_39_load' <Predicate = (trunc_ln187 == 7 & trunc_ln185 == 4)> <Delay = 0.67> <CoreInst = "RAM">   --->   Core 83 'RAM' <Latency = 1> <II = 1> <Delay = 0.67> <Storage> <Opcode : 'load' 'store'> <Ports = 2> <Width = 16> <Depth = 16> <RAM>
ST_4 : Operation 214 [1/1] (0.72ns)   --->   "%tmp_4 = sparsemux i16 @_ssdm_op_SparseMux.ap_auto.8i16.i16.i3, i3 0, i16 %localC_32_load, i3 1, i16 %localC_33_load, i3 2, i16 %localC_34_load, i3 3, i16 %localC_35_load, i3 4, i16 %localC_36_load, i3 5, i16 %localC_37_load, i3 6, i16 %localC_38_load, i3 7, i16 %localC_39_load, i16 0, i3 %trunc_ln187" [mmult.cpp:190]   --->   Operation 214 'sparsemux' 'tmp_4' <Predicate = (trunc_ln185 == 4)> <Delay = 0.72> <CoreInst = "SparseMux">   --->   Core 147 'SparseMux' <Latency = 0> <II = 1> <Delay = 0.72> <FuncUnit> <Opcode : 'sparsemux'> <InPorts = 2> <OutPorts = 1>
ST_4 : Operation 215 [1/2] (0.67ns)   --->   "%localC_40_load = load i4 %localC_40_addr" [mmult.cpp:190]   --->   Operation 215 'load' 'localC_40_load' <Predicate = (trunc_ln187 == 0 & trunc_ln185 == 5)> <Delay = 0.67> <CoreInst = "RAM">   --->   Core 83 'RAM' <Latency = 1> <II = 1> <Delay = 0.67> <Storage> <Opcode : 'load' 'store'> <Ports = 2> <Width = 16> <Depth = 16> <RAM>
ST_4 : Operation 216 [1/2] (0.67ns)   --->   "%localC_41_load = load i4 %localC_41_addr" [mmult.cpp:190]   --->   Operation 216 'load' 'localC_41_load' <Predicate = (trunc_ln187 == 1 & trunc_ln185 == 5)> <Delay = 0.67> <CoreInst = "RAM">   --->   Core 83 'RAM' <Latency = 1> <II = 1> <Delay = 0.67> <Storage> <Opcode : 'load' 'store'> <Ports = 2> <Width = 16> <Depth = 16> <RAM>
ST_4 : Operation 217 [1/2] (0.67ns)   --->   "%localC_42_load = load i4 %localC_42_addr" [mmult.cpp:190]   --->   Operation 217 'load' 'localC_42_load' <Predicate = (trunc_ln187 == 2 & trunc_ln185 == 5)> <Delay = 0.67> <CoreInst = "RAM">   --->   Core 83 'RAM' <Latency = 1> <II = 1> <Delay = 0.67> <Storage> <Opcode : 'load' 'store'> <Ports = 2> <Width = 16> <Depth = 16> <RAM>
ST_4 : Operation 218 [1/2] (0.67ns)   --->   "%localC_43_load = load i4 %localC_43_addr" [mmult.cpp:190]   --->   Operation 218 'load' 'localC_43_load' <Predicate = (trunc_ln187 == 3 & trunc_ln185 == 5)> <Delay = 0.67> <CoreInst = "RAM">   --->   Core 83 'RAM' <Latency = 1> <II = 1> <Delay = 0.67> <Storage> <Opcode : 'load' 'store'> <Ports = 2> <Width = 16> <Depth = 16> <RAM>
ST_4 : Operation 219 [1/2] (0.67ns)   --->   "%localC_44_load = load i4 %localC_44_addr" [mmult.cpp:190]   --->   Operation 219 'load' 'localC_44_load' <Predicate = (trunc_ln187 == 4 & trunc_ln185 == 5)> <Delay = 0.67> <CoreInst = "RAM">   --->   Core 83 'RAM' <Latency = 1> <II = 1> <Delay = 0.67> <Storage> <Opcode : 'load' 'store'> <Ports = 2> <Width = 16> <Depth = 16> <RAM>
ST_4 : Operation 220 [1/2] (0.67ns)   --->   "%localC_45_load = load i4 %localC_45_addr" [mmult.cpp:190]   --->   Operation 220 'load' 'localC_45_load' <Predicate = (trunc_ln187 == 5 & trunc_ln185 == 5)> <Delay = 0.67> <CoreInst = "RAM">   --->   Core 83 'RAM' <Latency = 1> <II = 1> <Delay = 0.67> <Storage> <Opcode : 'load' 'store'> <Ports = 2> <Width = 16> <Depth = 16> <RAM>
ST_4 : Operation 221 [1/2] (0.67ns)   --->   "%localC_46_load = load i4 %localC_46_addr" [mmult.cpp:190]   --->   Operation 221 'load' 'localC_46_load' <Predicate = (trunc_ln187 == 6 & trunc_ln185 == 5)> <Delay = 0.67> <CoreInst = "RAM">   --->   Core 83 'RAM' <Latency = 1> <II = 1> <Delay = 0.67> <Storage> <Opcode : 'load' 'store'> <Ports = 2> <Width = 16> <Depth = 16> <RAM>
ST_4 : Operation 222 [1/2] (0.67ns)   --->   "%localC_47_load = load i4 %localC_47_addr" [mmult.cpp:190]   --->   Operation 222 'load' 'localC_47_load' <Predicate = (trunc_ln187 == 7 & trunc_ln185 == 5)> <Delay = 0.67> <CoreInst = "RAM">   --->   Core 83 'RAM' <Latency = 1> <II = 1> <Delay = 0.67> <Storage> <Opcode : 'load' 'store'> <Ports = 2> <Width = 16> <Depth = 16> <RAM>
ST_4 : Operation 223 [1/1] (0.72ns)   --->   "%tmp_5 = sparsemux i16 @_ssdm_op_SparseMux.ap_auto.8i16.i16.i3, i3 0, i16 %localC_40_load, i3 1, i16 %localC_41_load, i3 2, i16 %localC_42_load, i3 3, i16 %localC_43_load, i3 4, i16 %localC_44_load, i3 5, i16 %localC_45_load, i3 6, i16 %localC_46_load, i3 7, i16 %localC_47_load, i16 0, i3 %trunc_ln187" [mmult.cpp:190]   --->   Operation 223 'sparsemux' 'tmp_5' <Predicate = (trunc_ln185 == 5)> <Delay = 0.72> <CoreInst = "SparseMux">   --->   Core 147 'SparseMux' <Latency = 0> <II = 1> <Delay = 0.72> <FuncUnit> <Opcode : 'sparsemux'> <InPorts = 2> <OutPorts = 1>
ST_4 : Operation 224 [1/2] (0.67ns)   --->   "%localC_48_load = load i4 %localC_48_addr" [mmult.cpp:190]   --->   Operation 224 'load' 'localC_48_load' <Predicate = (trunc_ln187 == 0 & trunc_ln185 == 6)> <Delay = 0.67> <CoreInst = "RAM">   --->   Core 83 'RAM' <Latency = 1> <II = 1> <Delay = 0.67> <Storage> <Opcode : 'load' 'store'> <Ports = 2> <Width = 16> <Depth = 16> <RAM>
ST_4 : Operation 225 [1/2] (0.67ns)   --->   "%localC_49_load = load i4 %localC_49_addr" [mmult.cpp:190]   --->   Operation 225 'load' 'localC_49_load' <Predicate = (trunc_ln187 == 1 & trunc_ln185 == 6)> <Delay = 0.67> <CoreInst = "RAM">   --->   Core 83 'RAM' <Latency = 1> <II = 1> <Delay = 0.67> <Storage> <Opcode : 'load' 'store'> <Ports = 2> <Width = 16> <Depth = 16> <RAM>
ST_4 : Operation 226 [1/2] (0.67ns)   --->   "%localC_50_load = load i4 %localC_50_addr" [mmult.cpp:190]   --->   Operation 226 'load' 'localC_50_load' <Predicate = (trunc_ln187 == 2 & trunc_ln185 == 6)> <Delay = 0.67> <CoreInst = "RAM">   --->   Core 83 'RAM' <Latency = 1> <II = 1> <Delay = 0.67> <Storage> <Opcode : 'load' 'store'> <Ports = 2> <Width = 16> <Depth = 16> <RAM>
ST_4 : Operation 227 [1/2] (0.67ns)   --->   "%localC_51_load = load i4 %localC_51_addr" [mmult.cpp:190]   --->   Operation 227 'load' 'localC_51_load' <Predicate = (trunc_ln187 == 3 & trunc_ln185 == 6)> <Delay = 0.67> <CoreInst = "RAM">   --->   Core 83 'RAM' <Latency = 1> <II = 1> <Delay = 0.67> <Storage> <Opcode : 'load' 'store'> <Ports = 2> <Width = 16> <Depth = 16> <RAM>
ST_4 : Operation 228 [1/2] (0.67ns)   --->   "%localC_52_load = load i4 %localC_52_addr" [mmult.cpp:190]   --->   Operation 228 'load' 'localC_52_load' <Predicate = (trunc_ln187 == 4 & trunc_ln185 == 6)> <Delay = 0.67> <CoreInst = "RAM">   --->   Core 83 'RAM' <Latency = 1> <II = 1> <Delay = 0.67> <Storage> <Opcode : 'load' 'store'> <Ports = 2> <Width = 16> <Depth = 16> <RAM>
ST_4 : Operation 229 [1/2] (0.67ns)   --->   "%localC_53_load = load i4 %localC_53_addr" [mmult.cpp:190]   --->   Operation 229 'load' 'localC_53_load' <Predicate = (trunc_ln187 == 5 & trunc_ln185 == 6)> <Delay = 0.67> <CoreInst = "RAM">   --->   Core 83 'RAM' <Latency = 1> <II = 1> <Delay = 0.67> <Storage> <Opcode : 'load' 'store'> <Ports = 2> <Width = 16> <Depth = 16> <RAM>
ST_4 : Operation 230 [1/2] (0.67ns)   --->   "%localC_54_load = load i4 %localC_54_addr" [mmult.cpp:190]   --->   Operation 230 'load' 'localC_54_load' <Predicate = (trunc_ln187 == 6 & trunc_ln185 == 6)> <Delay = 0.67> <CoreInst = "RAM">   --->   Core 83 'RAM' <Latency = 1> <II = 1> <Delay = 0.67> <Storage> <Opcode : 'load' 'store'> <Ports = 2> <Width = 16> <Depth = 16> <RAM>
ST_4 : Operation 231 [1/2] (0.67ns)   --->   "%localC_55_load = load i4 %localC_55_addr" [mmult.cpp:190]   --->   Operation 231 'load' 'localC_55_load' <Predicate = (trunc_ln187 == 7 & trunc_ln185 == 6)> <Delay = 0.67> <CoreInst = "RAM">   --->   Core 83 'RAM' <Latency = 1> <II = 1> <Delay = 0.67> <Storage> <Opcode : 'load' 'store'> <Ports = 2> <Width = 16> <Depth = 16> <RAM>
ST_4 : Operation 232 [1/1] (0.72ns)   --->   "%tmp_6 = sparsemux i16 @_ssdm_op_SparseMux.ap_auto.8i16.i16.i3, i3 0, i16 %localC_48_load, i3 1, i16 %localC_49_load, i3 2, i16 %localC_50_load, i3 3, i16 %localC_51_load, i3 4, i16 %localC_52_load, i3 5, i16 %localC_53_load, i3 6, i16 %localC_54_load, i3 7, i16 %localC_55_load, i16 0, i3 %trunc_ln187" [mmult.cpp:190]   --->   Operation 232 'sparsemux' 'tmp_6' <Predicate = (trunc_ln185 == 6)> <Delay = 0.72> <CoreInst = "SparseMux">   --->   Core 147 'SparseMux' <Latency = 0> <II = 1> <Delay = 0.72> <FuncUnit> <Opcode : 'sparsemux'> <InPorts = 2> <OutPorts = 1>
ST_4 : Operation 233 [1/2] (0.67ns)   --->   "%localC_56_load = load i4 %localC_56_addr" [mmult.cpp:190]   --->   Operation 233 'load' 'localC_56_load' <Predicate = (trunc_ln187 == 0 & trunc_ln185 == 7)> <Delay = 0.67> <CoreInst = "RAM">   --->   Core 83 'RAM' <Latency = 1> <II = 1> <Delay = 0.67> <Storage> <Opcode : 'load' 'store'> <Ports = 2> <Width = 16> <Depth = 16> <RAM>
ST_4 : Operation 234 [1/2] (0.67ns)   --->   "%localC_57_load = load i4 %localC_57_addr" [mmult.cpp:190]   --->   Operation 234 'load' 'localC_57_load' <Predicate = (trunc_ln187 == 1 & trunc_ln185 == 7)> <Delay = 0.67> <CoreInst = "RAM">   --->   Core 83 'RAM' <Latency = 1> <II = 1> <Delay = 0.67> <Storage> <Opcode : 'load' 'store'> <Ports = 2> <Width = 16> <Depth = 16> <RAM>
ST_4 : Operation 235 [1/2] (0.67ns)   --->   "%localC_58_load = load i4 %localC_58_addr" [mmult.cpp:190]   --->   Operation 235 'load' 'localC_58_load' <Predicate = (trunc_ln187 == 2 & trunc_ln185 == 7)> <Delay = 0.67> <CoreInst = "RAM">   --->   Core 83 'RAM' <Latency = 1> <II = 1> <Delay = 0.67> <Storage> <Opcode : 'load' 'store'> <Ports = 2> <Width = 16> <Depth = 16> <RAM>
ST_4 : Operation 236 [1/2] (0.67ns)   --->   "%localC_59_load = load i4 %localC_59_addr" [mmult.cpp:190]   --->   Operation 236 'load' 'localC_59_load' <Predicate = (trunc_ln187 == 3 & trunc_ln185 == 7)> <Delay = 0.67> <CoreInst = "RAM">   --->   Core 83 'RAM' <Latency = 1> <II = 1> <Delay = 0.67> <Storage> <Opcode : 'load' 'store'> <Ports = 2> <Width = 16> <Depth = 16> <RAM>
ST_4 : Operation 237 [1/2] (0.67ns)   --->   "%localC_60_load = load i4 %localC_60_addr" [mmult.cpp:190]   --->   Operation 237 'load' 'localC_60_load' <Predicate = (trunc_ln187 == 4 & trunc_ln185 == 7)> <Delay = 0.67> <CoreInst = "RAM">   --->   Core 83 'RAM' <Latency = 1> <II = 1> <Delay = 0.67> <Storage> <Opcode : 'load' 'store'> <Ports = 2> <Width = 16> <Depth = 16> <RAM>
ST_4 : Operation 238 [1/2] (0.67ns)   --->   "%localC_61_load = load i4 %localC_61_addr" [mmult.cpp:190]   --->   Operation 238 'load' 'localC_61_load' <Predicate = (trunc_ln187 == 5 & trunc_ln185 == 7)> <Delay = 0.67> <CoreInst = "RAM">   --->   Core 83 'RAM' <Latency = 1> <II = 1> <Delay = 0.67> <Storage> <Opcode : 'load' 'store'> <Ports = 2> <Width = 16> <Depth = 16> <RAM>
ST_4 : Operation 239 [1/2] (0.67ns)   --->   "%localC_62_load = load i4 %localC_62_addr" [mmult.cpp:190]   --->   Operation 239 'load' 'localC_62_load' <Predicate = (trunc_ln187 == 6 & trunc_ln185 == 7)> <Delay = 0.67> <CoreInst = "RAM">   --->   Core 83 'RAM' <Latency = 1> <II = 1> <Delay = 0.67> <Storage> <Opcode : 'load' 'store'> <Ports = 2> <Width = 16> <Depth = 16> <RAM>
ST_4 : Operation 240 [1/2] (0.67ns)   --->   "%localC_63_load = load i4 %localC_63_addr" [mmult.cpp:190]   --->   Operation 240 'load' 'localC_63_load' <Predicate = (trunc_ln187 == 7 & trunc_ln185 == 7)> <Delay = 0.67> <CoreInst = "RAM">   --->   Core 83 'RAM' <Latency = 1> <II = 1> <Delay = 0.67> <Storage> <Opcode : 'load' 'store'> <Ports = 2> <Width = 16> <Depth = 16> <RAM>
ST_4 : Operation 241 [1/1] (0.72ns)   --->   "%tmp_7 = sparsemux i16 @_ssdm_op_SparseMux.ap_auto.8i16.i16.i3, i3 0, i16 %localC_56_load, i3 1, i16 %localC_57_load, i3 2, i16 %localC_58_load, i3 3, i16 %localC_59_load, i3 4, i16 %localC_60_load, i3 5, i16 %localC_61_load, i3 6, i16 %localC_62_load, i3 7, i16 %localC_63_load, i16 0, i3 %trunc_ln187" [mmult.cpp:190]   --->   Operation 241 'sparsemux' 'tmp_7' <Predicate = (trunc_ln185 == 7)> <Delay = 0.72> <CoreInst = "SparseMux">   --->   Core 147 'SparseMux' <Latency = 0> <II = 1> <Delay = 0.72> <FuncUnit> <Opcode : 'sparsemux'> <InPorts = 2> <OutPorts = 1>
ST_4 : Operation 242 [1/1] (0.72ns)   --->   "%tmp_8 = sparsemux i16 @_ssdm_op_SparseMux.ap_auto.8i16.i16.i3, i3 0, i16 %tmp, i3 1, i16 %tmp_1, i3 2, i16 %tmp_2, i3 3, i16 %tmp_3, i3 4, i16 %tmp_4, i3 5, i16 %tmp_5, i3 6, i16 %tmp_6, i3 7, i16 %tmp_7, i16 0, i3 %trunc_ln185" [mmult.cpp:190]   --->   Operation 242 'sparsemux' 'tmp_8' <Predicate = true> <Delay = 0.72> <CoreInst = "SparseMux">   --->   Core 147 'SparseMux' <Latency = 0> <II = 1> <Delay = 0.72> <FuncUnit> <Opcode : 'sparsemux'> <InPorts = 2> <OutPorts = 1>
ST_4 : Operation 249 [1/1] (0.00ns)   --->   "%ret_ln0 = ret"   --->   Operation 249 'ret' 'ret_ln0' <Predicate = (icmp_ln185)> <Delay = 0.00>

State 5 <SV = 4> <Delay = 2.40>
ST_5 : Operation 243 [1/1] (0.00ns)   --->   "%gmem2_addr = getelementptr i16 %gmem2, i64 %sext_ln185_cast" [mmult.cpp:185]   --->   Operation 243 'getelementptr' 'gmem2_addr' <Predicate = true> <Delay = 0.00>
ST_5 : Operation 244 [1/1] (0.00ns)   --->   "%specloopname_ln0 = specloopname void @_ssdm_op_SpecLoopName, void @writeC_VITIS_LOOP_187_5_str"   --->   Operation 244 'specloopname' 'specloopname_ln0' <Predicate = true> <Delay = 0.00>
ST_5 : Operation 245 [1/1] (0.00ns)   --->   "%speclooptripcount_ln0 = speclooptripcount void @_ssdm_op_SpecLoopTripCount, i64 1024, i64 1024, i64 1024"   --->   Operation 245 'speclooptripcount' 'speclooptripcount_ln0' <Predicate = true> <Delay = 0.00>
ST_5 : Operation 246 [1/1] (0.00ns)   --->   "%specpipeline_ln189 = specpipeline void @_ssdm_op_SpecPipeline, i32 1, i32 0, i32 0, i32 0, void @empty_4" [mmult.cpp:189]   --->   Operation 246 'specpipeline' 'specpipeline_ln189' <Predicate = true> <Delay = 0.00>
ST_5 : Operation 247 [1/1] (2.40ns)   --->   "%write_ln190 = write void @_ssdm_op_Write.m_axi.p1i16, i64 %gmem2_addr, i16 %tmp_8, i2 3" [mmult.cpp:190]   --->   Operation 247 'write' 'write_ln190' <Predicate = true> <Delay = 2.40> <CoreInst = "m_axi">   --->   Core 121 'm_axi' <Latency = 0> <II = 1> <Delay = 1.00> <Adapter> <Opcode : 'read' 'write' 'readreq' 'writereq' 'writeresp'>
ST_5 : Operation 248 [1/1] (0.00ns)   --->   "%br_ln187 = br void %for.inc86" [mmult.cpp:187]   --->   Operation 248 'br' 'br_ln187' <Predicate = true> <Delay = 0.00>


============================================================
+ Verbose Summary: Binding
============================================================
STG Binding: 
---------------- STG Properties BEGIN ----------------
- Is combinational: 0
- Is one-state seq: 0
- Is datapath-only: 0
- Is pipelined: 0
- Is top level: 0
Port [ Return ] is wired: 1; IO mode=ap_ctrl_hs:ce=0
Port [ gmem2]:  wired=1; compound=1; hidden=0; nouse=0; global=0; static=0; extern=0; dir=1; type=4; pingpong=0; private_global=0; IO mode=m_axi:ce=0
Port [ b_col]:  wired=1; compound=0; hidden=0; nouse=0; global=0; static=0; extern=0; dir=0; type=0; pingpong=0; private_global=0; IO mode=ap_none:ce=0
Port [ mul_ln185_1]:  wired=1; compound=0; hidden=0; nouse=0; global=0; static=0; extern=0; dir=0; type=0; pingpong=0; private_global=0; IO mode=ap_none:ce=0
Port [ sext_ln185]:  wired=1; compound=0; hidden=0; nouse=0; global=0; static=0; extern=0; dir=0; type=0; pingpong=0; private_global=0; IO mode=ap_none:ce=0
Port [ localC]:  wired=1; compound=1; hidden=0; nouse=0; global=0; static=0; extern=0; dir=0; type=1; pingpong=0; private_global=0; MemPort=[13]; IO mode=ap_memory:ce=0
Port [ localC_1]:  wired=1; compound=1; hidden=0; nouse=0; global=0; static=0; extern=0; dir=0; type=1; pingpong=0; private_global=0; MemPort=[13]; IO mode=ap_memory:ce=0
Port [ localC_2]:  wired=1; compound=1; hidden=0; nouse=0; global=0; static=0; extern=0; dir=0; type=1; pingpong=0; private_global=0; MemPort=[13]; IO mode=ap_memory:ce=0
Port [ localC_3]:  wired=1; compound=1; hidden=0; nouse=0; global=0; static=0; extern=0; dir=0; type=1; pingpong=0; private_global=0; MemPort=[13]; IO mode=ap_memory:ce=0
Port [ localC_4]:  wired=1; compound=1; hidden=0; nouse=0; global=0; static=0; extern=0; dir=0; type=1; pingpong=0; private_global=0; MemPort=[13]; IO mode=ap_memory:ce=0
Port [ localC_5]:  wired=1; compound=1; hidden=0; nouse=0; global=0; static=0; extern=0; dir=0; type=1; pingpong=0; private_global=0; MemPort=[13]; IO mode=ap_memory:ce=0
Port [ localC_6]:  wired=1; compound=1; hidden=0; nouse=0; global=0; static=0; extern=0; dir=0; type=1; pingpong=0; private_global=0; MemPort=[13]; IO mode=ap_memory:ce=0
Port [ localC_7]:  wired=1; compound=1; hidden=0; nouse=0; global=0; static=0; extern=0; dir=0; type=1; pingpong=0; private_global=0; MemPort=[13]; IO mode=ap_memory:ce=0
Port [ localC_8]:  wired=1; compound=1; hidden=0; nouse=0; global=0; static=0; extern=0; dir=0; type=1; pingpong=0; private_global=0; MemPort=[13]; IO mode=ap_memory:ce=0
Port [ localC_9]:  wired=1; compound=1; hidden=0; nouse=0; global=0; static=0; extern=0; dir=0; type=1; pingpong=0; private_global=0; MemPort=[13]; IO mode=ap_memory:ce=0
Port [ localC_10]:  wired=1; compound=1; hidden=0; nouse=0; global=0; static=0; extern=0; dir=0; type=1; pingpong=0; private_global=0; MemPort=[13]; IO mode=ap_memory:ce=0
Port [ localC_11]:  wired=1; compound=1; hidden=0; nouse=0; global=0; static=0; extern=0; dir=0; type=1; pingpong=0; private_global=0; MemPort=[13]; IO mode=ap_memory:ce=0
Port [ localC_12]:  wired=1; compound=1; hidden=0; nouse=0; global=0; static=0; extern=0; dir=0; type=1; pingpong=0; private_global=0; MemPort=[13]; IO mode=ap_memory:ce=0
Port [ localC_13]:  wired=1; compound=1; hidden=0; nouse=0; global=0; static=0; extern=0; dir=0; type=1; pingpong=0; private_global=0; MemPort=[13]; IO mode=ap_memory:ce=0
Port [ localC_14]:  wired=1; compound=1; hidden=0; nouse=0; global=0; static=0; extern=0; dir=0; type=1; pingpong=0; private_global=0; MemPort=[13]; IO mode=ap_memory:ce=0
Port [ localC_15]:  wired=1; compound=1; hidden=0; nouse=0; global=0; static=0; extern=0; dir=0; type=1; pingpong=0; private_global=0; MemPort=[13]; IO mode=ap_memory:ce=0
Port [ localC_16]:  wired=1; compound=1; hidden=0; nouse=0; global=0; static=0; extern=0; dir=0; type=1; pingpong=0; private_global=0; MemPort=[13]; IO mode=ap_memory:ce=0
Port [ localC_17]:  wired=1; compound=1; hidden=0; nouse=0; global=0; static=0; extern=0; dir=0; type=1; pingpong=0; private_global=0; MemPort=[13]; IO mode=ap_memory:ce=0
Port [ localC_18]:  wired=1; compound=1; hidden=0; nouse=0; global=0; static=0; extern=0; dir=0; type=1; pingpong=0; private_global=0; MemPort=[13]; IO mode=ap_memory:ce=0
Port [ localC_19]:  wired=1; compound=1; hidden=0; nouse=0; global=0; static=0; extern=0; dir=0; type=1; pingpong=0; private_global=0; MemPort=[13]; IO mode=ap_memory:ce=0
Port [ localC_20]:  wired=1; compound=1; hidden=0; nouse=0; global=0; static=0; extern=0; dir=0; type=1; pingpong=0; private_global=0; MemPort=[13]; IO mode=ap_memory:ce=0
Port [ localC_21]:  wired=1; compound=1; hidden=0; nouse=0; global=0; static=0; extern=0; dir=0; type=1; pingpong=0; private_global=0; MemPort=[13]; IO mode=ap_memory:ce=0
Port [ localC_22]:  wired=1; compound=1; hidden=0; nouse=0; global=0; static=0; extern=0; dir=0; type=1; pingpong=0; private_global=0; MemPort=[13]; IO mode=ap_memory:ce=0
Port [ localC_23]:  wired=1; compound=1; hidden=0; nouse=0; global=0; static=0; extern=0; dir=0; type=1; pingpong=0; private_global=0; MemPort=[13]; IO mode=ap_memory:ce=0
Port [ localC_24]:  wired=1; compound=1; hidden=0; nouse=0; global=0; static=0; extern=0; dir=0; type=1; pingpong=0; private_global=0; MemPort=[13]; IO mode=ap_memory:ce=0
Port [ localC_25]:  wired=1; compound=1; hidden=0; nouse=0; global=0; static=0; extern=0; dir=0; type=1; pingpong=0; private_global=0; MemPort=[13]; IO mode=ap_memory:ce=0
Port [ localC_26]:  wired=1; compound=1; hidden=0; nouse=0; global=0; static=0; extern=0; dir=0; type=1; pingpong=0; private_global=0; MemPort=[13]; IO mode=ap_memory:ce=0
Port [ localC_27]:  wired=1; compound=1; hidden=0; nouse=0; global=0; static=0; extern=0; dir=0; type=1; pingpong=0; private_global=0; MemPort=[13]; IO mode=ap_memory:ce=0
Port [ localC_28]:  wired=1; compound=1; hidden=0; nouse=0; global=0; static=0; extern=0; dir=0; type=1; pingpong=0; private_global=0; MemPort=[13]; IO mode=ap_memory:ce=0
Port [ localC_29]:  wired=1; compound=1; hidden=0; nouse=0; global=0; static=0; extern=0; dir=0; type=1; pingpong=0; private_global=0; MemPort=[13]; IO mode=ap_memory:ce=0
Port [ localC_30]:  wired=1; compound=1; hidden=0; nouse=0; global=0; static=0; extern=0; dir=0; type=1; pingpong=0; private_global=0; MemPort=[13]; IO mode=ap_memory:ce=0
Port [ localC_31]:  wired=1; compound=1; hidden=0; nouse=0; global=0; static=0; extern=0; dir=0; type=1; pingpong=0; private_global=0; MemPort=[13]; IO mode=ap_memory:ce=0
Port [ localC_32]:  wired=1; compound=1; hidden=0; nouse=0; global=0; static=0; extern=0; dir=0; type=1; pingpong=0; private_global=0; MemPort=[13]; IO mode=ap_memory:ce=0
Port [ localC_33]:  wired=1; compound=1; hidden=0; nouse=0; global=0; static=0; extern=0; dir=0; type=1; pingpong=0; private_global=0; MemPort=[13]; IO mode=ap_memory:ce=0
Port [ localC_34]:  wired=1; compound=1; hidden=0; nouse=0; global=0; static=0; extern=0; dir=0; type=1; pingpong=0; private_global=0; MemPort=[13]; IO mode=ap_memory:ce=0
Port [ localC_35]:  wired=1; compound=1; hidden=0; nouse=0; global=0; static=0; extern=0; dir=0; type=1; pingpong=0; private_global=0; MemPort=[13]; IO mode=ap_memory:ce=0
Port [ localC_36]:  wired=1; compound=1; hidden=0; nouse=0; global=0; static=0; extern=0; dir=0; type=1; pingpong=0; private_global=0; MemPort=[13]; IO mode=ap_memory:ce=0
Port [ localC_37]:  wired=1; compound=1; hidden=0; nouse=0; global=0; static=0; extern=0; dir=0; type=1; pingpong=0; private_global=0; MemPort=[13]; IO mode=ap_memory:ce=0
Port [ localC_38]:  wired=1; compound=1; hidden=0; nouse=0; global=0; static=0; extern=0; dir=0; type=1; pingpong=0; private_global=0; MemPort=[13]; IO mode=ap_memory:ce=0
Port [ localC_39]:  wired=1; compound=1; hidden=0; nouse=0; global=0; static=0; extern=0; dir=0; type=1; pingpong=0; private_global=0; MemPort=[13]; IO mode=ap_memory:ce=0
Port [ localC_40]:  wired=1; compound=1; hidden=0; nouse=0; global=0; static=0; extern=0; dir=0; type=1; pingpong=0; private_global=0; MemPort=[13]; IO mode=ap_memory:ce=0
Port [ localC_41]:  wired=1; compound=1; hidden=0; nouse=0; global=0; static=0; extern=0; dir=0; type=1; pingpong=0; private_global=0; MemPort=[13]; IO mode=ap_memory:ce=0
Port [ localC_42]:  wired=1; compound=1; hidden=0; nouse=0; global=0; static=0; extern=0; dir=0; type=1; pingpong=0; private_global=0; MemPort=[13]; IO mode=ap_memory:ce=0
Port [ localC_43]:  wired=1; compound=1; hidden=0; nouse=0; global=0; static=0; extern=0; dir=0; type=1; pingpong=0; private_global=0; MemPort=[13]; IO mode=ap_memory:ce=0
Port [ localC_44]:  wired=1; compound=1; hidden=0; nouse=0; global=0; static=0; extern=0; dir=0; type=1; pingpong=0; private_global=0; MemPort=[13]; IO mode=ap_memory:ce=0
Port [ localC_45]:  wired=1; compound=1; hidden=0; nouse=0; global=0; static=0; extern=0; dir=0; type=1; pingpong=0; private_global=0; MemPort=[13]; IO mode=ap_memory:ce=0
Port [ localC_46]:  wired=1; compound=1; hidden=0; nouse=0; global=0; static=0; extern=0; dir=0; type=1; pingpong=0; private_global=0; MemPort=[13]; IO mode=ap_memory:ce=0
Port [ localC_47]:  wired=1; compound=1; hidden=0; nouse=0; global=0; static=0; extern=0; dir=0; type=1; pingpong=0; private_global=0; MemPort=[13]; IO mode=ap_memory:ce=0
Port [ localC_48]:  wired=1; compound=1; hidden=0; nouse=0; global=0; static=0; extern=0; dir=0; type=1; pingpong=0; private_global=0; MemPort=[13]; IO mode=ap_memory:ce=0
Port [ localC_49]:  wired=1; compound=1; hidden=0; nouse=0; global=0; static=0; extern=0; dir=0; type=1; pingpong=0; private_global=0; MemPort=[13]; IO mode=ap_memory:ce=0
Port [ localC_50]:  wired=1; compound=1; hidden=0; nouse=0; global=0; static=0; extern=0; dir=0; type=1; pingpong=0; private_global=0; MemPort=[13]; IO mode=ap_memory:ce=0
Port [ localC_51]:  wired=1; compound=1; hidden=0; nouse=0; global=0; static=0; extern=0; dir=0; type=1; pingpong=0; private_global=0; MemPort=[13]; IO mode=ap_memory:ce=0
Port [ localC_52]:  wired=1; compound=1; hidden=0; nouse=0; global=0; static=0; extern=0; dir=0; type=1; pingpong=0; private_global=0; MemPort=[13]; IO mode=ap_memory:ce=0
Port [ localC_53]:  wired=1; compound=1; hidden=0; nouse=0; global=0; static=0; extern=0; dir=0; type=1; pingpong=0; private_global=0; MemPort=[13]; IO mode=ap_memory:ce=0
Port [ localC_54]:  wired=1; compound=1; hidden=0; nouse=0; global=0; static=0; extern=0; dir=0; type=1; pingpong=0; private_global=0; MemPort=[13]; IO mode=ap_memory:ce=0
Port [ localC_55]:  wired=1; compound=1; hidden=0; nouse=0; global=0; static=0; extern=0; dir=0; type=1; pingpong=0; private_global=0; MemPort=[13]; IO mode=ap_memory:ce=0
Port [ localC_56]:  wired=1; compound=1; hidden=0; nouse=0; global=0; static=0; extern=0; dir=0; type=1; pingpong=0; private_global=0; MemPort=[13]; IO mode=ap_memory:ce=0
Port [ localC_57]:  wired=1; compound=1; hidden=0; nouse=0; global=0; static=0; extern=0; dir=0; type=1; pingpong=0; private_global=0; MemPort=[13]; IO mode=ap_memory:ce=0
Port [ localC_58]:  wired=1; compound=1; hidden=0; nouse=0; global=0; static=0; extern=0; dir=0; type=1; pingpong=0; private_global=0; MemPort=[13]; IO mode=ap_memory:ce=0
Port [ localC_59]:  wired=1; compound=1; hidden=0; nouse=0; global=0; static=0; extern=0; dir=0; type=1; pingpong=0; private_global=0; MemPort=[13]; IO mode=ap_memory:ce=0
Port [ localC_60]:  wired=1; compound=1; hidden=0; nouse=0; global=0; static=0; extern=0; dir=0; type=1; pingpong=0; private_global=0; MemPort=[13]; IO mode=ap_memory:ce=0
Port [ localC_61]:  wired=1; compound=1; hidden=0; nouse=0; global=0; static=0; extern=0; dir=0; type=1; pingpong=0; private_global=0; MemPort=[13]; IO mode=ap_memory:ce=0
Port [ localC_62]:  wired=1; compound=1; hidden=0; nouse=0; global=0; static=0; extern=0; dir=0; type=1; pingpong=0; private_global=0; MemPort=[13]; IO mode=ap_memory:ce=0
Port [ localC_63]:  wired=1; compound=1; hidden=0; nouse=0; global=0; static=0; extern=0; dir=0; type=1; pingpong=0; private_global=0; MemPort=[13]; IO mode=ap_memory:ce=0
---------------- STG Properties END ------------------

---------------- Datapath Model BEGIN ----------------

<LifeTime>
<method=bitvector/>
j                     (alloca           ) [ 011000]
i                     (alloca           ) [ 011000]
indvar_flatten26      (alloca           ) [ 011000]
sext_ln185_read       (read             ) [ 000000]
mul_ln185_1_read      (read             ) [ 011000]
b_col_read            (read             ) [ 011000]
sext_ln185_cast       (sext             ) [ 011111]
specinterface_ln0     (specinterface    ) [ 000000]
store_ln0             (store            ) [ 000000]
store_ln185           (store            ) [ 000000]
store_ln187           (store            ) [ 000000]
br_ln0                (br               ) [ 000000]
j_1                   (load             ) [ 000000]
indvar_flatten26_load (load             ) [ 000000]
specbitsmap_ln0       (specbitsmap      ) [ 000000]
zext_ln187            (zext             ) [ 000000]
icmp_ln187            (icmp             ) [ 000000]
icmp_ln185            (icmp             ) [ 011110]
add_ln185_1           (add              ) [ 000000]
br_ln185              (br               ) [ 000000]
i_load                (load             ) [ 000000]
add_ln185             (add              ) [ 000000]
select_ln185          (select           ) [ 000000]
select_ln185_1        (select           ) [ 000000]
trunc_ln185           (trunc            ) [ 010110]
lshr_ln3              (partselect       ) [ 000000]
tmp_s                 (bitconcatenate   ) [ 000000]
trunc_ln187           (trunc            ) [ 010110]
lshr_ln4              (partselect       ) [ 000000]
add_ln190             (add              ) [ 010100]
add_ln187             (add              ) [ 000000]
store_ln185           (store            ) [ 000000]
store_ln185           (store            ) [ 000000]
store_ln187           (store            ) [ 000000]
zext_ln190            (zext             ) [ 000000]
localC_addr           (getelementptr    ) [ 010010]
localC_1_addr         (getelementptr    ) [ 010010]
localC_2_addr         (getelementptr    ) [ 010010]
localC_3_addr         (getelementptr    ) [ 010010]
localC_4_addr         (getelementptr    ) [ 010010]
localC_5_addr         (getelementptr    ) [ 010010]
localC_6_addr         (getelementptr    ) [ 010010]
localC_7_addr         (getelementptr    ) [ 010010]
localC_8_addr         (getelementptr    ) [ 010010]
localC_9_addr         (getelementptr    ) [ 010010]
localC_10_addr        (getelementptr    ) [ 010010]
localC_11_addr        (getelementptr    ) [ 010010]
localC_12_addr        (getelementptr    ) [ 010010]
localC_13_addr        (getelementptr    ) [ 010010]
localC_14_addr        (getelementptr    ) [ 010010]
localC_15_addr        (getelementptr    ) [ 010010]
localC_16_addr        (getelementptr    ) [ 010010]
localC_17_addr        (getelementptr    ) [ 010010]
localC_18_addr        (getelementptr    ) [ 010010]
localC_19_addr        (getelementptr    ) [ 010010]
localC_20_addr        (getelementptr    ) [ 010010]
localC_21_addr        (getelementptr    ) [ 010010]
localC_22_addr        (getelementptr    ) [ 010010]
localC_23_addr        (getelementptr    ) [ 010010]
localC_24_addr        (getelementptr    ) [ 010010]
localC_25_addr        (getelementptr    ) [ 010010]
localC_26_addr        (getelementptr    ) [ 010010]
localC_27_addr        (getelementptr    ) [ 010010]
localC_28_addr        (getelementptr    ) [ 010010]
localC_29_addr        (getelementptr    ) [ 010010]
localC_30_addr        (getelementptr    ) [ 010010]
localC_31_addr        (getelementptr    ) [ 010010]
localC_32_addr        (getelementptr    ) [ 010010]
localC_33_addr        (getelementptr    ) [ 010010]
localC_34_addr        (getelementptr    ) [ 010010]
localC_35_addr        (getelementptr    ) [ 010010]
localC_36_addr        (getelementptr    ) [ 010010]
localC_37_addr        (getelementptr    ) [ 010010]
localC_38_addr        (getelementptr    ) [ 010010]
localC_39_addr        (getelementptr    ) [ 010010]
localC_40_addr        (getelementptr    ) [ 010010]
localC_41_addr        (getelementptr    ) [ 010010]
localC_42_addr        (getelementptr    ) [ 010010]
localC_43_addr        (getelementptr    ) [ 010010]
localC_44_addr        (getelementptr    ) [ 010010]
localC_45_addr        (getelementptr    ) [ 010010]
localC_46_addr        (getelementptr    ) [ 010010]
localC_47_addr        (getelementptr    ) [ 010010]
localC_48_addr        (getelementptr    ) [ 010010]
localC_49_addr        (getelementptr    ) [ 010010]
localC_50_addr        (getelementptr    ) [ 010010]
localC_51_addr        (getelementptr    ) [ 010010]
localC_52_addr        (getelementptr    ) [ 010010]
localC_53_addr        (getelementptr    ) [ 010010]
localC_54_addr        (getelementptr    ) [ 010010]
localC_55_addr        (getelementptr    ) [ 010010]
localC_56_addr        (getelementptr    ) [ 010010]
localC_57_addr        (getelementptr    ) [ 010010]
localC_58_addr        (getelementptr    ) [ 010010]
localC_59_addr        (getelementptr    ) [ 010010]
localC_60_addr        (getelementptr    ) [ 010010]
localC_61_addr        (getelementptr    ) [ 010010]
localC_62_addr        (getelementptr    ) [ 010010]
localC_63_addr        (getelementptr    ) [ 010010]
localC_load           (load             ) [ 000000]
localC_1_load         (load             ) [ 000000]
localC_2_load         (load             ) [ 000000]
localC_3_load         (load             ) [ 000000]
localC_4_load         (load             ) [ 000000]
localC_5_load         (load             ) [ 000000]
localC_6_load         (load             ) [ 000000]
localC_7_load         (load             ) [ 000000]
tmp                   (sparsemux        ) [ 000000]
localC_8_load         (load             ) [ 000000]
localC_9_load         (load             ) [ 000000]
localC_10_load        (load             ) [ 000000]
localC_11_load        (load             ) [ 000000]
localC_12_load        (load             ) [ 000000]
localC_13_load        (load             ) [ 000000]
localC_14_load        (load             ) [ 000000]
localC_15_load        (load             ) [ 000000]
tmp_1                 (sparsemux        ) [ 000000]
localC_16_load        (load             ) [ 000000]
localC_17_load        (load             ) [ 000000]
localC_18_load        (load             ) [ 000000]
localC_19_load        (load             ) [ 000000]
localC_20_load        (load             ) [ 000000]
localC_21_load        (load             ) [ 000000]
localC_22_load        (load             ) [ 000000]
localC_23_load        (load             ) [ 000000]
tmp_2                 (sparsemux        ) [ 000000]
localC_24_load        (load             ) [ 000000]
localC_25_load        (load             ) [ 000000]
localC_26_load        (load             ) [ 000000]
localC_27_load        (load             ) [ 000000]
localC_28_load        (load             ) [ 000000]
localC_29_load        (load             ) [ 000000]
localC_30_load        (load             ) [ 000000]
localC_31_load        (load             ) [ 000000]
tmp_3                 (sparsemux        ) [ 000000]
localC_32_load        (load             ) [ 000000]
localC_33_load        (load             ) [ 000000]
localC_34_load        (load             ) [ 000000]
localC_35_load        (load             ) [ 000000]
localC_36_load        (load             ) [ 000000]
localC_37_load        (load             ) [ 000000]
localC_38_load        (load             ) [ 000000]
localC_39_load        (load             ) [ 000000]
tmp_4                 (sparsemux        ) [ 000000]
localC_40_load        (load             ) [ 000000]
localC_41_load        (load             ) [ 000000]
localC_42_load        (load             ) [ 000000]
localC_43_load        (load             ) [ 000000]
localC_44_load        (load             ) [ 000000]
localC_45_load        (load             ) [ 000000]
localC_46_load        (load             ) [ 000000]
localC_47_load        (load             ) [ 000000]
tmp_5                 (sparsemux        ) [ 000000]
localC_48_load        (load             ) [ 000000]
localC_49_load        (load             ) [ 000000]
localC_50_load        (load             ) [ 000000]
localC_51_load        (load             ) [ 000000]
localC_52_load        (load             ) [ 000000]
localC_53_load        (load             ) [ 000000]
localC_54_load        (load             ) [ 000000]
localC_55_load        (load             ) [ 000000]
tmp_6                 (sparsemux        ) [ 000000]
localC_56_load        (load             ) [ 000000]
localC_57_load        (load             ) [ 000000]
localC_58_load        (load             ) [ 000000]
localC_59_load        (load             ) [ 000000]
localC_60_load        (load             ) [ 000000]
localC_61_load        (load             ) [ 000000]
localC_62_load        (load             ) [ 000000]
localC_63_load        (load             ) [ 000000]
tmp_7                 (sparsemux        ) [ 000000]
tmp_8                 (sparsemux        ) [ 010001]
gmem2_addr            (getelementptr    ) [ 000000]
specloopname_ln0      (specloopname     ) [ 000000]
speclooptripcount_ln0 (speclooptripcount) [ 000000]
specpipeline_ln189    (specpipeline     ) [ 000000]
write_ln190           (write            ) [ 000000]
br_ln187              (br               ) [ 000000]
ret_ln0               (ret              ) [ 000000]
</LifeTime>

<model>

<comp_list>
<comp id="0" class="1000" name="gmem2">
<pin_list>
<pin id="1" dir="1" index="0" bw="1" slack="0"/>
</pin_list>
<bind>
<StgValue><ssdm name="gmem2"/></StgValue>
</bind>
</comp>

<comp id="2" class="1000" name="b_col">
<pin_list>
<pin id="3" dir="1" index="0" bw="1" slack="0"/>
</pin_list>
<bind>
<StgValue><ssdm name="b_col"/></StgValue>
</bind>
</comp>

<comp id="4" class="1000" name="mul_ln185_1">
<pin_list>
<pin id="5" dir="1" index="0" bw="1" slack="0"/>
</pin_list>
<bind>
<StgValue><ssdm name="mul_ln185_1"/></StgValue>
</bind>
</comp>

<comp id="6" class="1000" name="sext_ln185">
<pin_list>
<pin id="7" dir="1" index="0" bw="1" slack="0"/>
</pin_list>
<bind>
<StgValue><ssdm name="sext_ln185"/></StgValue>
</bind>
</comp>

<comp id="8" class="1000" name="localC">
<pin_list>
<pin id="9" dir="1" index="0" bw="1" slack="0"/>
</pin_list>
<bind>
<StgValue><ssdm name="localC"/><MemPortTyVec>1 3 </MemPortTyVec>
</StgValue>
</bind>
</comp>

<comp id="10" class="1000" name="localC_1">
<pin_list>
<pin id="11" dir="1" index="0" bw="1" slack="0"/>
</pin_list>
<bind>
<StgValue><ssdm name="localC_1"/><MemPortTyVec>1 3 </MemPortTyVec>
</StgValue>
</bind>
</comp>

<comp id="12" class="1000" name="localC_2">
<pin_list>
<pin id="13" dir="1" index="0" bw="1" slack="0"/>
</pin_list>
<bind>
<StgValue><ssdm name="localC_2"/><MemPortTyVec>1 3 </MemPortTyVec>
</StgValue>
</bind>
</comp>

<comp id="14" class="1000" name="localC_3">
<pin_list>
<pin id="15" dir="1" index="0" bw="1" slack="0"/>
</pin_list>
<bind>
<StgValue><ssdm name="localC_3"/><MemPortTyVec>1 3 </MemPortTyVec>
</StgValue>
</bind>
</comp>

<comp id="16" class="1000" name="localC_4">
<pin_list>
<pin id="17" dir="1" index="0" bw="1" slack="0"/>
</pin_list>
<bind>
<StgValue><ssdm name="localC_4"/><MemPortTyVec>1 3 </MemPortTyVec>
</StgValue>
</bind>
</comp>

<comp id="18" class="1000" name="localC_5">
<pin_list>
<pin id="19" dir="1" index="0" bw="1" slack="0"/>
</pin_list>
<bind>
<StgValue><ssdm name="localC_5"/><MemPortTyVec>1 3 </MemPortTyVec>
</StgValue>
</bind>
</comp>

<comp id="20" class="1000" name="localC_6">
<pin_list>
<pin id="21" dir="1" index="0" bw="1" slack="0"/>
</pin_list>
<bind>
<StgValue><ssdm name="localC_6"/><MemPortTyVec>1 3 </MemPortTyVec>
</StgValue>
</bind>
</comp>

<comp id="22" class="1000" name="localC_7">
<pin_list>
<pin id="23" dir="1" index="0" bw="1" slack="0"/>
</pin_list>
<bind>
<StgValue><ssdm name="localC_7"/><MemPortTyVec>1 3 </MemPortTyVec>
</StgValue>
</bind>
</comp>

<comp id="24" class="1000" name="localC_8">
<pin_list>
<pin id="25" dir="1" index="0" bw="1" slack="0"/>
</pin_list>
<bind>
<StgValue><ssdm name="localC_8"/><MemPortTyVec>1 3 </MemPortTyVec>
</StgValue>
</bind>
</comp>

<comp id="26" class="1000" name="localC_9">
<pin_list>
<pin id="27" dir="1" index="0" bw="1" slack="0"/>
</pin_list>
<bind>
<StgValue><ssdm name="localC_9"/><MemPortTyVec>1 3 </MemPortTyVec>
</StgValue>
</bind>
</comp>

<comp id="28" class="1000" name="localC_10">
<pin_list>
<pin id="29" dir="1" index="0" bw="1" slack="0"/>
</pin_list>
<bind>
<StgValue><ssdm name="localC_10"/><MemPortTyVec>1 3 </MemPortTyVec>
</StgValue>
</bind>
</comp>

<comp id="30" class="1000" name="localC_11">
<pin_list>
<pin id="31" dir="1" index="0" bw="1" slack="0"/>
</pin_list>
<bind>
<StgValue><ssdm name="localC_11"/><MemPortTyVec>1 3 </MemPortTyVec>
</StgValue>
</bind>
</comp>

<comp id="32" class="1000" name="localC_12">
<pin_list>
<pin id="33" dir="1" index="0" bw="1" slack="0"/>
</pin_list>
<bind>
<StgValue><ssdm name="localC_12"/><MemPortTyVec>1 3 </MemPortTyVec>
</StgValue>
</bind>
</comp>

<comp id="34" class="1000" name="localC_13">
<pin_list>
<pin id="35" dir="1" index="0" bw="1" slack="0"/>
</pin_list>
<bind>
<StgValue><ssdm name="localC_13"/><MemPortTyVec>1 3 </MemPortTyVec>
</StgValue>
</bind>
</comp>

<comp id="36" class="1000" name="localC_14">
<pin_list>
<pin id="37" dir="1" index="0" bw="1" slack="0"/>
</pin_list>
<bind>
<StgValue><ssdm name="localC_14"/><MemPortTyVec>1 3 </MemPortTyVec>
</StgValue>
</bind>
</comp>

<comp id="38" class="1000" name="localC_15">
<pin_list>
<pin id="39" dir="1" index="0" bw="1" slack="0"/>
</pin_list>
<bind>
<StgValue><ssdm name="localC_15"/><MemPortTyVec>1 3 </MemPortTyVec>
</StgValue>
</bind>
</comp>

<comp id="40" class="1000" name="localC_16">
<pin_list>
<pin id="41" dir="1" index="0" bw="1" slack="0"/>
</pin_list>
<bind>
<StgValue><ssdm name="localC_16"/><MemPortTyVec>1 3 </MemPortTyVec>
</StgValue>
</bind>
</comp>

<comp id="42" class="1000" name="localC_17">
<pin_list>
<pin id="43" dir="1" index="0" bw="1" slack="0"/>
</pin_list>
<bind>
<StgValue><ssdm name="localC_17"/><MemPortTyVec>1 3 </MemPortTyVec>
</StgValue>
</bind>
</comp>

<comp id="44" class="1000" name="localC_18">
<pin_list>
<pin id="45" dir="1" index="0" bw="1" slack="0"/>
</pin_list>
<bind>
<StgValue><ssdm name="localC_18"/><MemPortTyVec>1 3 </MemPortTyVec>
</StgValue>
</bind>
</comp>

<comp id="46" class="1000" name="localC_19">
<pin_list>
<pin id="47" dir="1" index="0" bw="1" slack="0"/>
</pin_list>
<bind>
<StgValue><ssdm name="localC_19"/><MemPortTyVec>1 3 </MemPortTyVec>
</StgValue>
</bind>
</comp>

<comp id="48" class="1000" name="localC_20">
<pin_list>
<pin id="49" dir="1" index="0" bw="1" slack="0"/>
</pin_list>
<bind>
<StgValue><ssdm name="localC_20"/><MemPortTyVec>1 3 </MemPortTyVec>
</StgValue>
</bind>
</comp>

<comp id="50" class="1000" name="localC_21">
<pin_list>
<pin id="51" dir="1" index="0" bw="1" slack="0"/>
</pin_list>
<bind>
<StgValue><ssdm name="localC_21"/><MemPortTyVec>1 3 </MemPortTyVec>
</StgValue>
</bind>
</comp>

<comp id="52" class="1000" name="localC_22">
<pin_list>
<pin id="53" dir="1" index="0" bw="1" slack="0"/>
</pin_list>
<bind>
<StgValue><ssdm name="localC_22"/><MemPortTyVec>1 3 </MemPortTyVec>
</StgValue>
</bind>
</comp>

<comp id="54" class="1000" name="localC_23">
<pin_list>
<pin id="55" dir="1" index="0" bw="1" slack="0"/>
</pin_list>
<bind>
<StgValue><ssdm name="localC_23"/><MemPortTyVec>1 3 </MemPortTyVec>
</StgValue>
</bind>
</comp>

<comp id="56" class="1000" name="localC_24">
<pin_list>
<pin id="57" dir="1" index="0" bw="1" slack="0"/>
</pin_list>
<bind>
<StgValue><ssdm name="localC_24"/><MemPortTyVec>1 3 </MemPortTyVec>
</StgValue>
</bind>
</comp>

<comp id="58" class="1000" name="localC_25">
<pin_list>
<pin id="59" dir="1" index="0" bw="1" slack="0"/>
</pin_list>
<bind>
<StgValue><ssdm name="localC_25"/><MemPortTyVec>1 3 </MemPortTyVec>
</StgValue>
</bind>
</comp>

<comp id="60" class="1000" name="localC_26">
<pin_list>
<pin id="61" dir="1" index="0" bw="1" slack="0"/>
</pin_list>
<bind>
<StgValue><ssdm name="localC_26"/><MemPortTyVec>1 3 </MemPortTyVec>
</StgValue>
</bind>
</comp>

<comp id="62" class="1000" name="localC_27">
<pin_list>
<pin id="63" dir="1" index="0" bw="1" slack="0"/>
</pin_list>
<bind>
<StgValue><ssdm name="localC_27"/><MemPortTyVec>1 3 </MemPortTyVec>
</StgValue>
</bind>
</comp>

<comp id="64" class="1000" name="localC_28">
<pin_list>
<pin id="65" dir="1" index="0" bw="1" slack="0"/>
</pin_list>
<bind>
<StgValue><ssdm name="localC_28"/><MemPortTyVec>1 3 </MemPortTyVec>
</StgValue>
</bind>
</comp>

<comp id="66" class="1000" name="localC_29">
<pin_list>
<pin id="67" dir="1" index="0" bw="1" slack="0"/>
</pin_list>
<bind>
<StgValue><ssdm name="localC_29"/><MemPortTyVec>1 3 </MemPortTyVec>
</StgValue>
</bind>
</comp>

<comp id="68" class="1000" name="localC_30">
<pin_list>
<pin id="69" dir="1" index="0" bw="1" slack="0"/>
</pin_list>
<bind>
<StgValue><ssdm name="localC_30"/><MemPortTyVec>1 3 </MemPortTyVec>
</StgValue>
</bind>
</comp>

<comp id="70" class="1000" name="localC_31">
<pin_list>
<pin id="71" dir="1" index="0" bw="1" slack="0"/>
</pin_list>
<bind>
<StgValue><ssdm name="localC_31"/><MemPortTyVec>1 3 </MemPortTyVec>
</StgValue>
</bind>
</comp>

<comp id="72" class="1000" name="localC_32">
<pin_list>
<pin id="73" dir="1" index="0" bw="1" slack="0"/>
</pin_list>
<bind>
<StgValue><ssdm name="localC_32"/><MemPortTyVec>1 3 </MemPortTyVec>
</StgValue>
</bind>
</comp>

<comp id="74" class="1000" name="localC_33">
<pin_list>
<pin id="75" dir="1" index="0" bw="1" slack="0"/>
</pin_list>
<bind>
<StgValue><ssdm name="localC_33"/><MemPortTyVec>1 3 </MemPortTyVec>
</StgValue>
</bind>
</comp>

<comp id="76" class="1000" name="localC_34">
<pin_list>
<pin id="77" dir="1" index="0" bw="1" slack="0"/>
</pin_list>
<bind>
<StgValue><ssdm name="localC_34"/><MemPortTyVec>1 3 </MemPortTyVec>
</StgValue>
</bind>
</comp>

<comp id="78" class="1000" name="localC_35">
<pin_list>
<pin id="79" dir="1" index="0" bw="1" slack="0"/>
</pin_list>
<bind>
<StgValue><ssdm name="localC_35"/><MemPortTyVec>1 3 </MemPortTyVec>
</StgValue>
</bind>
</comp>

<comp id="80" class="1000" name="localC_36">
<pin_list>
<pin id="81" dir="1" index="0" bw="1" slack="0"/>
</pin_list>
<bind>
<StgValue><ssdm name="localC_36"/><MemPortTyVec>1 3 </MemPortTyVec>
</StgValue>
</bind>
</comp>

<comp id="82" class="1000" name="localC_37">
<pin_list>
<pin id="83" dir="1" index="0" bw="1" slack="0"/>
</pin_list>
<bind>
<StgValue><ssdm name="localC_37"/><MemPortTyVec>1 3 </MemPortTyVec>
</StgValue>
</bind>
</comp>

<comp id="84" class="1000" name="localC_38">
<pin_list>
<pin id="85" dir="1" index="0" bw="1" slack="0"/>
</pin_list>
<bind>
<StgValue><ssdm name="localC_38"/><MemPortTyVec>1 3 </MemPortTyVec>
</StgValue>
</bind>
</comp>

<comp id="86" class="1000" name="localC_39">
<pin_list>
<pin id="87" dir="1" index="0" bw="1" slack="0"/>
</pin_list>
<bind>
<StgValue><ssdm name="localC_39"/><MemPortTyVec>1 3 </MemPortTyVec>
</StgValue>
</bind>
</comp>

<comp id="88" class="1000" name="localC_40">
<pin_list>
<pin id="89" dir="1" index="0" bw="1" slack="0"/>
</pin_list>
<bind>
<StgValue><ssdm name="localC_40"/><MemPortTyVec>1 3 </MemPortTyVec>
</StgValue>
</bind>
</comp>

<comp id="90" class="1000" name="localC_41">
<pin_list>
<pin id="91" dir="1" index="0" bw="1" slack="0"/>
</pin_list>
<bind>
<StgValue><ssdm name="localC_41"/><MemPortTyVec>1 3 </MemPortTyVec>
</StgValue>
</bind>
</comp>

<comp id="92" class="1000" name="localC_42">
<pin_list>
<pin id="93" dir="1" index="0" bw="1" slack="0"/>
</pin_list>
<bind>
<StgValue><ssdm name="localC_42"/><MemPortTyVec>1 3 </MemPortTyVec>
</StgValue>
</bind>
</comp>

<comp id="94" class="1000" name="localC_43">
<pin_list>
<pin id="95" dir="1" index="0" bw="1" slack="0"/>
</pin_list>
<bind>
<StgValue><ssdm name="localC_43"/><MemPortTyVec>1 3 </MemPortTyVec>
</StgValue>
</bind>
</comp>

<comp id="96" class="1000" name="localC_44">
<pin_list>
<pin id="97" dir="1" index="0" bw="1" slack="0"/>
</pin_list>
<bind>
<StgValue><ssdm name="localC_44"/><MemPortTyVec>1 3 </MemPortTyVec>
</StgValue>
</bind>
</comp>

<comp id="98" class="1000" name="localC_45">
<pin_list>
<pin id="99" dir="1" index="0" bw="1" slack="0"/>
</pin_list>
<bind>
<StgValue><ssdm name="localC_45"/><MemPortTyVec>1 3 </MemPortTyVec>
</StgValue>
</bind>
</comp>

<comp id="100" class="1000" name="localC_46">
<pin_list>
<pin id="101" dir="1" index="0" bw="1" slack="0"/>
</pin_list>
<bind>
<StgValue><ssdm name="localC_46"/><MemPortTyVec>1 3 </MemPortTyVec>
</StgValue>
</bind>
</comp>

<comp id="102" class="1000" name="localC_47">
<pin_list>
<pin id="103" dir="1" index="0" bw="1" slack="0"/>
</pin_list>
<bind>
<StgValue><ssdm name="localC_47"/><MemPortTyVec>1 3 </MemPortTyVec>
</StgValue>
</bind>
</comp>

<comp id="104" class="1000" name="localC_48">
<pin_list>
<pin id="105" dir="1" index="0" bw="1" slack="0"/>
</pin_list>
<bind>
<StgValue><ssdm name="localC_48"/><MemPortTyVec>1 3 </MemPortTyVec>
</StgValue>
</bind>
</comp>

<comp id="106" class="1000" name="localC_49">
<pin_list>
<pin id="107" dir="1" index="0" bw="1" slack="0"/>
</pin_list>
<bind>
<StgValue><ssdm name="localC_49"/><MemPortTyVec>1 3 </MemPortTyVec>
</StgValue>
</bind>
</comp>

<comp id="108" class="1000" name="localC_50">
<pin_list>
<pin id="109" dir="1" index="0" bw="1" slack="0"/>
</pin_list>
<bind>
<StgValue><ssdm name="localC_50"/><MemPortTyVec>1 3 </MemPortTyVec>
</StgValue>
</bind>
</comp>

<comp id="110" class="1000" name="localC_51">
<pin_list>
<pin id="111" dir="1" index="0" bw="1" slack="0"/>
</pin_list>
<bind>
<StgValue><ssdm name="localC_51"/><MemPortTyVec>1 3 </MemPortTyVec>
</StgValue>
</bind>
</comp>

<comp id="112" class="1000" name="localC_52">
<pin_list>
<pin id="113" dir="1" index="0" bw="1" slack="0"/>
</pin_list>
<bind>
<StgValue><ssdm name="localC_52"/><MemPortTyVec>1 3 </MemPortTyVec>
</StgValue>
</bind>
</comp>

<comp id="114" class="1000" name="localC_53">
<pin_list>
<pin id="115" dir="1" index="0" bw="1" slack="0"/>
</pin_list>
<bind>
<StgValue><ssdm name="localC_53"/><MemPortTyVec>1 3 </MemPortTyVec>
</StgValue>
</bind>
</comp>

<comp id="116" class="1000" name="localC_54">
<pin_list>
<pin id="117" dir="1" index="0" bw="1" slack="0"/>
</pin_list>
<bind>
<StgValue><ssdm name="localC_54"/><MemPortTyVec>1 3 </MemPortTyVec>
</StgValue>
</bind>
</comp>

<comp id="118" class="1000" name="localC_55">
<pin_list>
<pin id="119" dir="1" index="0" bw="1" slack="0"/>
</pin_list>
<bind>
<StgValue><ssdm name="localC_55"/><MemPortTyVec>1 3 </MemPortTyVec>
</StgValue>
</bind>
</comp>

<comp id="120" class="1000" name="localC_56">
<pin_list>
<pin id="121" dir="1" index="0" bw="1" slack="0"/>
</pin_list>
<bind>
<StgValue><ssdm name="localC_56"/><MemPortTyVec>1 3 </MemPortTyVec>
</StgValue>
</bind>
</comp>

<comp id="122" class="1000" name="localC_57">
<pin_list>
<pin id="123" dir="1" index="0" bw="1" slack="0"/>
</pin_list>
<bind>
<StgValue><ssdm name="localC_57"/><MemPortTyVec>1 3 </MemPortTyVec>
</StgValue>
</bind>
</comp>

<comp id="124" class="1000" name="localC_58">
<pin_list>
<pin id="125" dir="1" index="0" bw="1" slack="0"/>
</pin_list>
<bind>
<StgValue><ssdm name="localC_58"/><MemPortTyVec>1 3 </MemPortTyVec>
</StgValue>
</bind>
</comp>

<comp id="126" class="1000" name="localC_59">
<pin_list>
<pin id="127" dir="1" index="0" bw="1" slack="0"/>
</pin_list>
<bind>
<StgValue><ssdm name="localC_59"/><MemPortTyVec>1 3 </MemPortTyVec>
</StgValue>
</bind>
</comp>

<comp id="128" class="1000" name="localC_60">
<pin_list>
<pin id="129" dir="1" index="0" bw="1" slack="0"/>
</pin_list>
<bind>
<StgValue><ssdm name="localC_60"/><MemPortTyVec>1 3 </MemPortTyVec>
</StgValue>
</bind>
</comp>

<comp id="130" class="1000" name="localC_61">
<pin_list>
<pin id="131" dir="1" index="0" bw="1" slack="0"/>
</pin_list>
<bind>
<StgValue><ssdm name="localC_61"/><MemPortTyVec>1 3 </MemPortTyVec>
</StgValue>
</bind>
</comp>

<comp id="132" class="1000" name="localC_62">
<pin_list>
<pin id="133" dir="1" index="0" bw="1" slack="0"/>
</pin_list>
<bind>
<StgValue><ssdm name="localC_62"/><MemPortTyVec>1 3 </MemPortTyVec>
</StgValue>
</bind>
</comp>

<comp id="134" class="1000" name="localC_63">
<pin_list>
<pin id="135" dir="1" index="0" bw="1" slack="0"/>
</pin_list>
<bind>
<StgValue><ssdm name="localC_63"/><MemPortTyVec>1 3 </MemPortTyVec>
</StgValue>
</bind>
</comp>

<comp id="136" class="1001" name="const_136">
<pin_list>
<pin id="137" dir="1" index="0" bw="1" slack="0"/>
</pin_list>
<bind>
<StgValue><ssdm name=""/></StgValue>
</bind>
</comp>

<comp id="138" class="1001" name="const_138">
<pin_list>
<pin id="139" dir="1" index="0" bw="1" slack="0"/>
</pin_list>
<bind>
<StgValue><ssdm name="_ssdm_op_Read.ap_auto.i63"/></StgValue>
</bind>
</comp>

<comp id="140" class="1001" name="const_140">
<pin_list>
<pin id="141" dir="1" index="0" bw="1" slack="0"/>
</pin_list>
<bind>
<StgValue><ssdm name="_ssdm_op_Read.ap_auto.i64"/></StgValue>
</bind>
</comp>

<comp id="142" class="1001" name="const_142">
<pin_list>
<pin id="143" dir="1" index="0" bw="1" slack="0"/>
</pin_list>
<bind>
<StgValue><ssdm name="_ssdm_op_Read.ap_auto.i32"/></StgValue>
</bind>
</comp>

<comp id="144" class="1001" name="const_144">
<pin_list>
<pin id="145" dir="1" index="0" bw="1" slack="2147483647"/>
</pin_list>
<bind>
<StgValue><ssdm name="_ssdm_op_SpecInterface"/></StgValue>
</bind>
</comp>

<comp id="146" class="1001" name="const_146">
<pin_list>
<pin id="147" dir="1" index="0" bw="1" slack="2147483647"/>
</pin_list>
<bind>
<StgValue><ssdm name="empty_3"/></StgValue>
</bind>
</comp>

<comp id="148" class="1001" name="const_148">
<pin_list>
<pin id="149" dir="1" index="0" bw="1" slack="2147483647"/>
</pin_list>
<bind>
<StgValue><ssdm name=""/></StgValue>
</bind>
</comp>

<comp id="150" class="1001" name="const_150">
<pin_list>
<pin id="151" dir="1" index="0" bw="1" slack="2147483647"/>
</pin_list>
<bind>
<StgValue><ssdm name="empty_4"/></StgValue>
</bind>
</comp>

<comp id="152" class="1001" name="const_152">
<pin_list>
<pin id="153" dir="1" index="0" bw="1" slack="2147483647"/>
</pin_list>
<bind>
<StgValue><ssdm name="empty_16"/></StgValue>
</bind>
</comp>

<comp id="154" class="1001" name="const_154">
<pin_list>
<pin id="155" dir="1" index="0" bw="1" slack="2147483647"/>
</pin_list>
<bind>
<StgValue><ssdm name="empty_10"/></StgValue>
</bind>
</comp>

<comp id="156" class="1001" name="const_156">
<pin_list>
<pin id="157" dir="1" index="0" bw="1" slack="2147483647"/>
</pin_list>
<bind>
<StgValue><ssdm name=""/></StgValue>
</bind>
</comp>

<comp id="158" class="1001" name="const_158">
<pin_list>
<pin id="159" dir="1" index="0" bw="1" slack="2147483647"/>
</pin_list>
<bind>
<StgValue><ssdm name=""/></StgValue>
</bind>
</comp>

<comp id="160" class="1001" name="const_160">
<pin_list>
<pin id="161" dir="1" index="0" bw="1" slack="0"/>
</pin_list>
<bind>
<StgValue><ssdm name=""/></StgValue>
</bind>
</comp>

<comp id="162" class="1001" name="const_162">
<pin_list>
<pin id="163" dir="1" index="0" bw="1" slack="0"/>
</pin_list>
<bind>
<StgValue><ssdm name=""/></StgValue>
</bind>
</comp>

<comp id="164" class="1001" name="const_164">
<pin_list>
<pin id="165" dir="1" index="0" bw="1" slack="2147483647"/>
</pin_list>
<bind>
<StgValue><ssdm name="_ssdm_op_SpecBitsMap"/></StgValue>
</bind>
</comp>

<comp id="166" class="1001" name="const_166">
<pin_list>
<pin id="167" dir="1" index="0" bw="1" slack="0"/>
</pin_list>
<bind>
<StgValue><ssdm name=""/></StgValue>
</bind>
</comp>

<comp id="168" class="1001" name="const_168">
<pin_list>
<pin id="169" dir="1" index="0" bw="1" slack="0"/>
</pin_list>
<bind>
<StgValue><ssdm name=""/></StgValue>
</bind>
</comp>

<comp id="170" class="1001" name="const_170">
<pin_list>
<pin id="171" dir="1" index="0" bw="1" slack="0"/>
</pin_list>
<bind>
<StgValue><ssdm name="_ssdm_op_PartSelect.i2.i31.i32.i32"/></StgValue>
</bind>
</comp>

<comp id="172" class="1001" name="const_172">
<pin_list>
<pin id="173" dir="1" index="0" bw="1" slack="0"/>
</pin_list>
<bind>
<StgValue><ssdm name=""/></StgValue>
</bind>
</comp>

<comp id="174" class="1001" name="const_174">
<pin_list>
<pin id="175" dir="1" index="0" bw="1" slack="0"/>
</pin_list>
<bind>
<StgValue><ssdm name=""/></StgValue>
</bind>
</comp>

<comp id="176" class="1001" name="const_176">
<pin_list>
<pin id="177" dir="1" index="0" bw="1" slack="0"/>
</pin_list>
<bind>
<StgValue><ssdm name="_ssdm_op_BitConcatenate.i4.i2.i2"/></StgValue>
</bind>
</comp>

<comp id="178" class="1001" name="const_178">
<pin_list>
<pin id="179" dir="1" index="0" bw="1" slack="0"/>
</pin_list>
<bind>
<StgValue><ssdm name=""/></StgValue>
</bind>
</comp>

<comp id="180" class="1001" name="const_180">
<pin_list>
<pin id="181" dir="1" index="0" bw="1" slack="0"/>
</pin_list>
<bind>
<StgValue><ssdm name="_ssdm_op_PartSelect.i4.i31.i32.i32"/></StgValue>
</bind>
</comp>

<comp id="182" class="1001" name="const_182">
<pin_list>
<pin id="183" dir="1" index="0" bw="1" slack="0"/>
</pin_list>
<bind>
<StgValue><ssdm name=""/></StgValue>
</bind>
</comp>

<comp id="184" class="1001" name="const_184">
<pin_list>
<pin id="185" dir="1" index="0" bw="1" slack="0"/>
</pin_list>
<bind>
<StgValue><ssdm name="_ssdm_op_SparseMux.ap_auto.8i16.i16.i3"/></StgValue>
</bind>
</comp>

<comp id="186" class="1001" name="const_186">
<pin_list>
<pin id="187" dir="1" index="0" bw="1" slack="0"/>
</pin_list>
<bind>
<StgValue><ssdm name=""/></StgValue>
</bind>
</comp>

<comp id="188" class="1001" name="const_188">
<pin_list>
<pin id="189" dir="1" index="0" bw="1" slack="0"/>
</pin_list>
<bind>
<StgValue><ssdm name=""/></StgValue>
</bind>
</comp>

<comp id="190" class="1001" name="const_190">
<pin_list>
<pin id="191" dir="1" index="0" bw="1" slack="0"/>
</pin_list>
<bind>
<StgValue><ssdm name=""/></StgValue>
</bind>
</comp>

<comp id="192" class="1001" name="const_192">
<pin_list>
<pin id="193" dir="1" index="0" bw="1" slack="0"/>
</pin_list>
<bind>
<StgValue><ssdm name=""/></StgValue>
</bind>
</comp>

<comp id="194" class="1001" name="const_194">
<pin_list>
<pin id="195" dir="1" index="0" bw="1" slack="0"/>
</pin_list>
<bind>
<StgValue><ssdm name=""/></StgValue>
</bind>
</comp>

<comp id="196" class="1001" name="const_196">
<pin_list>
<pin id="197" dir="1" index="0" bw="1" slack="0"/>
</pin_list>
<bind>
<StgValue><ssdm name=""/></StgValue>
</bind>
</comp>

<comp id="198" class="1001" name="const_198">
<pin_list>
<pin id="199" dir="1" index="0" bw="1" slack="0"/>
</pin_list>
<bind>
<StgValue><ssdm name=""/></StgValue>
</bind>
</comp>

<comp id="200" class="1001" name="const_200">
<pin_list>
<pin id="201" dir="1" index="0" bw="1" slack="0"/>
</pin_list>
<bind>
<StgValue><ssdm name=""/></StgValue>
</bind>
</comp>

<comp id="202" class="1001" name="const_202">
<pin_list>
<pin id="203" dir="1" index="0" bw="1" slack="0"/>
</pin_list>
<bind>
<StgValue><ssdm name=""/></StgValue>
</bind>
</comp>

<comp id="204" class="1001" name="const_204">
<pin_list>
<pin id="205" dir="1" index="0" bw="1" slack="2147483647"/>
</pin_list>
<bind>
<StgValue><ssdm name="_ssdm_op_SpecLoopName"/></StgValue>
</bind>
</comp>

<comp id="206" class="1001" name="const_206">
<pin_list>
<pin id="207" dir="1" index="0" bw="1" slack="2147483647"/>
</pin_list>
<bind>
<StgValue><ssdm name="writeC_VITIS_LOOP_187_5_str"/></StgValue>
</bind>
</comp>

<comp id="208" class="1001" name="const_208">
<pin_list>
<pin id="209" dir="1" index="0" bw="1" slack="2147483647"/>
</pin_list>
<bind>
<StgValue><ssdm name="_ssdm_op_SpecLoopTripCount"/></StgValue>
</bind>
</comp>

<comp id="210" class="1001" name="const_210">
<pin_list>
<pin id="211" dir="1" index="0" bw="1" slack="2147483647"/>
</pin_list>
<bind>
<StgValue><ssdm name=""/></StgValue>
</bind>
</comp>

<comp id="212" class="1001" name="const_212">
<pin_list>
<pin id="213" dir="1" index="0" bw="1" slack="2147483647"/>
</pin_list>
<bind>
<StgValue><ssdm name="_ssdm_op_SpecPipeline"/></StgValue>
</bind>
</comp>

<comp id="214" class="1001" name="const_214">
<pin_list>
<pin id="215" dir="1" index="0" bw="1" slack="0"/>
</pin_list>
<bind>
<StgValue><ssdm name="_ssdm_op_Write.m_axi.p1i16"/></StgValue>
</bind>
</comp>

<comp id="216" class="1001" name="const_216">
<pin_list>
<pin id="217" dir="1" index="0" bw="1" slack="0"/>
</pin_list>
<bind>
<StgValue><ssdm name=""/></StgValue>
</bind>
</comp>

<comp id="218" class="1004" name="j_fu_218">
<pin_list>
<pin id="219" dir="0" index="0" bw="1" slack="0"/>
<pin id="220" dir="1" index="1" bw="31" slack="0"/>
</pin_list>
<bind>
<opcode="alloca(26) " fcode="alloca"/>
<opset="j/1 "/>
</bind>
</comp>

<comp id="222" class="1004" name="i_fu_222">
<pin_list>
<pin id="223" dir="0" index="0" bw="1" slack="0"/>
<pin id="224" dir="1" index="1" bw="31" slack="0"/>
</pin_list>
<bind>
<opcode="alloca(26) " fcode="alloca"/>
<opset="i/1 "/>
</bind>
</comp>

<comp id="226" class="1004" name="indvar_flatten26_fu_226">
<pin_list>
<pin id="227" dir="0" index="0" bw="1" slack="0"/>
<pin id="228" dir="1" index="1" bw="64" slack="0"/>
</pin_list>
<bind>
<opcode="alloca(26) " fcode="alloca"/>
<opset="indvar_flatten26/1 "/>
</bind>
</comp>

<comp id="230" class="1004" name="sext_ln185_read_read_fu_230">
<pin_list>
<pin id="231" dir="0" index="0" bw="63" slack="0"/>
<pin id="232" dir="0" index="1" bw="63" slack="0"/>
<pin id="233" dir="1" index="2" bw="63" slack="0"/>
</pin_list>
<bind>
<opcode="read(1150) " fcode="read"/>
<opset="sext_ln185_read/1 "/>
</bind>
</comp>

<comp id="236" class="1004" name="mul_ln185_1_read_read_fu_236">
<pin_list>
<pin id="237" dir="0" index="0" bw="64" slack="0"/>
<pin id="238" dir="0" index="1" bw="64" slack="0"/>
<pin id="239" dir="1" index="2" bw="64" slack="1"/>
</pin_list>
<bind>
<opcode="read(1150) " fcode="read"/>
<opset="mul_ln185_1_read/1 "/>
</bind>
</comp>

<comp id="242" class="1004" name="b_col_read_read_fu_242">
<pin_list>
<pin id="243" dir="0" index="0" bw="32" slack="0"/>
<pin id="244" dir="0" index="1" bw="32" slack="0"/>
<pin id="245" dir="1" index="2" bw="32" slack="1"/>
</pin_list>
<bind>
<opcode="read(1150) " fcode="read"/>
<opset="b_col_read/1 "/>
</bind>
</comp>

<comp id="248" class="1004" name="write_ln190_write_fu_248">
<pin_list>
<pin id="249" dir="0" index="0" bw="0" slack="0"/>
<pin id="250" dir="0" index="1" bw="16" slack="0"/>
<pin id="251" dir="0" index="2" bw="16" slack="1"/>
<pin id="252" dir="0" index="3" bw="1" slack="0"/>
<pin id="253" dir="1" index="4" bw="0" slack="2147483647"/>
</pin_list>
<bind>
<opcode="write(1151) " fcode="write"/>
<opset="write_ln190/5 "/>
</bind>
</comp>

<comp id="256" class="1004" name="localC_addr_gep_fu_256">
<pin_list>
<pin id="257" dir="0" index="0" bw="16" slack="0"/>
<pin id="258" dir="0" index="1" bw="1" slack="0"/>
<pin id="259" dir="0" index="2" bw="4" slack="0"/>
<pin id="260" dir="1" index="3" bw="4" slack="0"/>
</pin_list>
<bind>
<opcode="getelementptr(29) " fcode="getelementptr"/>
<opset="localC_addr/3 "/>
</bind>
</comp>

<comp id="263" class="1004" name="localC_1_addr_gep_fu_263">
<pin_list>
<pin id="264" dir="0" index="0" bw="16" slack="0"/>
<pin id="265" dir="0" index="1" bw="1" slack="0"/>
<pin id="266" dir="0" index="2" bw="4" slack="0"/>
<pin id="267" dir="1" index="3" bw="4" slack="0"/>
</pin_list>
<bind>
<opcode="getelementptr(29) " fcode="getelementptr"/>
<opset="localC_1_addr/3 "/>
</bind>
</comp>

<comp id="270" class="1004" name="localC_2_addr_gep_fu_270">
<pin_list>
<pin id="271" dir="0" index="0" bw="16" slack="0"/>
<pin id="272" dir="0" index="1" bw="1" slack="0"/>
<pin id="273" dir="0" index="2" bw="4" slack="0"/>
<pin id="274" dir="1" index="3" bw="4" slack="0"/>
</pin_list>
<bind>
<opcode="getelementptr(29) " fcode="getelementptr"/>
<opset="localC_2_addr/3 "/>
</bind>
</comp>

<comp id="277" class="1004" name="localC_3_addr_gep_fu_277">
<pin_list>
<pin id="278" dir="0" index="0" bw="16" slack="0"/>
<pin id="279" dir="0" index="1" bw="1" slack="0"/>
<pin id="280" dir="0" index="2" bw="4" slack="0"/>
<pin id="281" dir="1" index="3" bw="4" slack="0"/>
</pin_list>
<bind>
<opcode="getelementptr(29) " fcode="getelementptr"/>
<opset="localC_3_addr/3 "/>
</bind>
</comp>

<comp id="284" class="1004" name="localC_4_addr_gep_fu_284">
<pin_list>
<pin id="285" dir="0" index="0" bw="16" slack="0"/>
<pin id="286" dir="0" index="1" bw="1" slack="0"/>
<pin id="287" dir="0" index="2" bw="4" slack="0"/>
<pin id="288" dir="1" index="3" bw="4" slack="0"/>
</pin_list>
<bind>
<opcode="getelementptr(29) " fcode="getelementptr"/>
<opset="localC_4_addr/3 "/>
</bind>
</comp>

<comp id="291" class="1004" name="localC_5_addr_gep_fu_291">
<pin_list>
<pin id="292" dir="0" index="0" bw="16" slack="0"/>
<pin id="293" dir="0" index="1" bw="1" slack="0"/>
<pin id="294" dir="0" index="2" bw="4" slack="0"/>
<pin id="295" dir="1" index="3" bw="4" slack="0"/>
</pin_list>
<bind>
<opcode="getelementptr(29) " fcode="getelementptr"/>
<opset="localC_5_addr/3 "/>
</bind>
</comp>

<comp id="298" class="1004" name="localC_6_addr_gep_fu_298">
<pin_list>
<pin id="299" dir="0" index="0" bw="16" slack="0"/>
<pin id="300" dir="0" index="1" bw="1" slack="0"/>
<pin id="301" dir="0" index="2" bw="4" slack="0"/>
<pin id="302" dir="1" index="3" bw="4" slack="0"/>
</pin_list>
<bind>
<opcode="getelementptr(29) " fcode="getelementptr"/>
<opset="localC_6_addr/3 "/>
</bind>
</comp>

<comp id="305" class="1004" name="localC_7_addr_gep_fu_305">
<pin_list>
<pin id="306" dir="0" index="0" bw="16" slack="0"/>
<pin id="307" dir="0" index="1" bw="1" slack="0"/>
<pin id="308" dir="0" index="2" bw="4" slack="0"/>
<pin id="309" dir="1" index="3" bw="4" slack="0"/>
</pin_list>
<bind>
<opcode="getelementptr(29) " fcode="getelementptr"/>
<opset="localC_7_addr/3 "/>
</bind>
</comp>

<comp id="312" class="1004" name="localC_8_addr_gep_fu_312">
<pin_list>
<pin id="313" dir="0" index="0" bw="16" slack="0"/>
<pin id="314" dir="0" index="1" bw="1" slack="0"/>
<pin id="315" dir="0" index="2" bw="4" slack="0"/>
<pin id="316" dir="1" index="3" bw="4" slack="0"/>
</pin_list>
<bind>
<opcode="getelementptr(29) " fcode="getelementptr"/>
<opset="localC_8_addr/3 "/>
</bind>
</comp>

<comp id="319" class="1004" name="localC_9_addr_gep_fu_319">
<pin_list>
<pin id="320" dir="0" index="0" bw="16" slack="0"/>
<pin id="321" dir="0" index="1" bw="1" slack="0"/>
<pin id="322" dir="0" index="2" bw="4" slack="0"/>
<pin id="323" dir="1" index="3" bw="4" slack="0"/>
</pin_list>
<bind>
<opcode="getelementptr(29) " fcode="getelementptr"/>
<opset="localC_9_addr/3 "/>
</bind>
</comp>

<comp id="326" class="1004" name="localC_10_addr_gep_fu_326">
<pin_list>
<pin id="327" dir="0" index="0" bw="16" slack="0"/>
<pin id="328" dir="0" index="1" bw="1" slack="0"/>
<pin id="329" dir="0" index="2" bw="4" slack="0"/>
<pin id="330" dir="1" index="3" bw="4" slack="0"/>
</pin_list>
<bind>
<opcode="getelementptr(29) " fcode="getelementptr"/>
<opset="localC_10_addr/3 "/>
</bind>
</comp>

<comp id="333" class="1004" name="localC_11_addr_gep_fu_333">
<pin_list>
<pin id="334" dir="0" index="0" bw="16" slack="0"/>
<pin id="335" dir="0" index="1" bw="1" slack="0"/>
<pin id="336" dir="0" index="2" bw="4" slack="0"/>
<pin id="337" dir="1" index="3" bw="4" slack="0"/>
</pin_list>
<bind>
<opcode="getelementptr(29) " fcode="getelementptr"/>
<opset="localC_11_addr/3 "/>
</bind>
</comp>

<comp id="340" class="1004" name="localC_12_addr_gep_fu_340">
<pin_list>
<pin id="341" dir="0" index="0" bw="16" slack="0"/>
<pin id="342" dir="0" index="1" bw="1" slack="0"/>
<pin id="343" dir="0" index="2" bw="4" slack="0"/>
<pin id="344" dir="1" index="3" bw="4" slack="0"/>
</pin_list>
<bind>
<opcode="getelementptr(29) " fcode="getelementptr"/>
<opset="localC_12_addr/3 "/>
</bind>
</comp>

<comp id="347" class="1004" name="localC_13_addr_gep_fu_347">
<pin_list>
<pin id="348" dir="0" index="0" bw="16" slack="0"/>
<pin id="349" dir="0" index="1" bw="1" slack="0"/>
<pin id="350" dir="0" index="2" bw="4" slack="0"/>
<pin id="351" dir="1" index="3" bw="4" slack="0"/>
</pin_list>
<bind>
<opcode="getelementptr(29) " fcode="getelementptr"/>
<opset="localC_13_addr/3 "/>
</bind>
</comp>

<comp id="354" class="1004" name="localC_14_addr_gep_fu_354">
<pin_list>
<pin id="355" dir="0" index="0" bw="16" slack="0"/>
<pin id="356" dir="0" index="1" bw="1" slack="0"/>
<pin id="357" dir="0" index="2" bw="4" slack="0"/>
<pin id="358" dir="1" index="3" bw="4" slack="0"/>
</pin_list>
<bind>
<opcode="getelementptr(29) " fcode="getelementptr"/>
<opset="localC_14_addr/3 "/>
</bind>
</comp>

<comp id="361" class="1004" name="localC_15_addr_gep_fu_361">
<pin_list>
<pin id="362" dir="0" index="0" bw="16" slack="0"/>
<pin id="363" dir="0" index="1" bw="1" slack="0"/>
<pin id="364" dir="0" index="2" bw="4" slack="0"/>
<pin id="365" dir="1" index="3" bw="4" slack="0"/>
</pin_list>
<bind>
<opcode="getelementptr(29) " fcode="getelementptr"/>
<opset="localC_15_addr/3 "/>
</bind>
</comp>

<comp id="368" class="1004" name="localC_16_addr_gep_fu_368">
<pin_list>
<pin id="369" dir="0" index="0" bw="16" slack="0"/>
<pin id="370" dir="0" index="1" bw="1" slack="0"/>
<pin id="371" dir="0" index="2" bw="4" slack="0"/>
<pin id="372" dir="1" index="3" bw="4" slack="0"/>
</pin_list>
<bind>
<opcode="getelementptr(29) " fcode="getelementptr"/>
<opset="localC_16_addr/3 "/>
</bind>
</comp>

<comp id="375" class="1004" name="localC_17_addr_gep_fu_375">
<pin_list>
<pin id="376" dir="0" index="0" bw="16" slack="0"/>
<pin id="377" dir="0" index="1" bw="1" slack="0"/>
<pin id="378" dir="0" index="2" bw="4" slack="0"/>
<pin id="379" dir="1" index="3" bw="4" slack="0"/>
</pin_list>
<bind>
<opcode="getelementptr(29) " fcode="getelementptr"/>
<opset="localC_17_addr/3 "/>
</bind>
</comp>

<comp id="382" class="1004" name="localC_18_addr_gep_fu_382">
<pin_list>
<pin id="383" dir="0" index="0" bw="16" slack="0"/>
<pin id="384" dir="0" index="1" bw="1" slack="0"/>
<pin id="385" dir="0" index="2" bw="4" slack="0"/>
<pin id="386" dir="1" index="3" bw="4" slack="0"/>
</pin_list>
<bind>
<opcode="getelementptr(29) " fcode="getelementptr"/>
<opset="localC_18_addr/3 "/>
</bind>
</comp>

<comp id="389" class="1004" name="localC_19_addr_gep_fu_389">
<pin_list>
<pin id="390" dir="0" index="0" bw="16" slack="0"/>
<pin id="391" dir="0" index="1" bw="1" slack="0"/>
<pin id="392" dir="0" index="2" bw="4" slack="0"/>
<pin id="393" dir="1" index="3" bw="4" slack="0"/>
</pin_list>
<bind>
<opcode="getelementptr(29) " fcode="getelementptr"/>
<opset="localC_19_addr/3 "/>
</bind>
</comp>

<comp id="396" class="1004" name="localC_20_addr_gep_fu_396">
<pin_list>
<pin id="397" dir="0" index="0" bw="16" slack="0"/>
<pin id="398" dir="0" index="1" bw="1" slack="0"/>
<pin id="399" dir="0" index="2" bw="4" slack="0"/>
<pin id="400" dir="1" index="3" bw="4" slack="0"/>
</pin_list>
<bind>
<opcode="getelementptr(29) " fcode="getelementptr"/>
<opset="localC_20_addr/3 "/>
</bind>
</comp>

<comp id="403" class="1004" name="localC_21_addr_gep_fu_403">
<pin_list>
<pin id="404" dir="0" index="0" bw="16" slack="0"/>
<pin id="405" dir="0" index="1" bw="1" slack="0"/>
<pin id="406" dir="0" index="2" bw="4" slack="0"/>
<pin id="407" dir="1" index="3" bw="4" slack="0"/>
</pin_list>
<bind>
<opcode="getelementptr(29) " fcode="getelementptr"/>
<opset="localC_21_addr/3 "/>
</bind>
</comp>

<comp id="410" class="1004" name="localC_22_addr_gep_fu_410">
<pin_list>
<pin id="411" dir="0" index="0" bw="16" slack="0"/>
<pin id="412" dir="0" index="1" bw="1" slack="0"/>
<pin id="413" dir="0" index="2" bw="4" slack="0"/>
<pin id="414" dir="1" index="3" bw="4" slack="0"/>
</pin_list>
<bind>
<opcode="getelementptr(29) " fcode="getelementptr"/>
<opset="localC_22_addr/3 "/>
</bind>
</comp>

<comp id="417" class="1004" name="localC_23_addr_gep_fu_417">
<pin_list>
<pin id="418" dir="0" index="0" bw="16" slack="0"/>
<pin id="419" dir="0" index="1" bw="1" slack="0"/>
<pin id="420" dir="0" index="2" bw="4" slack="0"/>
<pin id="421" dir="1" index="3" bw="4" slack="0"/>
</pin_list>
<bind>
<opcode="getelementptr(29) " fcode="getelementptr"/>
<opset="localC_23_addr/3 "/>
</bind>
</comp>

<comp id="424" class="1004" name="localC_24_addr_gep_fu_424">
<pin_list>
<pin id="425" dir="0" index="0" bw="16" slack="0"/>
<pin id="426" dir="0" index="1" bw="1" slack="0"/>
<pin id="427" dir="0" index="2" bw="4" slack="0"/>
<pin id="428" dir="1" index="3" bw="4" slack="0"/>
</pin_list>
<bind>
<opcode="getelementptr(29) " fcode="getelementptr"/>
<opset="localC_24_addr/3 "/>
</bind>
</comp>

<comp id="431" class="1004" name="localC_25_addr_gep_fu_431">
<pin_list>
<pin id="432" dir="0" index="0" bw="16" slack="0"/>
<pin id="433" dir="0" index="1" bw="1" slack="0"/>
<pin id="434" dir="0" index="2" bw="4" slack="0"/>
<pin id="435" dir="1" index="3" bw="4" slack="0"/>
</pin_list>
<bind>
<opcode="getelementptr(29) " fcode="getelementptr"/>
<opset="localC_25_addr/3 "/>
</bind>
</comp>

<comp id="438" class="1004" name="localC_26_addr_gep_fu_438">
<pin_list>
<pin id="439" dir="0" index="0" bw="16" slack="0"/>
<pin id="440" dir="0" index="1" bw="1" slack="0"/>
<pin id="441" dir="0" index="2" bw="4" slack="0"/>
<pin id="442" dir="1" index="3" bw="4" slack="0"/>
</pin_list>
<bind>
<opcode="getelementptr(29) " fcode="getelementptr"/>
<opset="localC_26_addr/3 "/>
</bind>
</comp>

<comp id="445" class="1004" name="localC_27_addr_gep_fu_445">
<pin_list>
<pin id="446" dir="0" index="0" bw="16" slack="0"/>
<pin id="447" dir="0" index="1" bw="1" slack="0"/>
<pin id="448" dir="0" index="2" bw="4" slack="0"/>
<pin id="449" dir="1" index="3" bw="4" slack="0"/>
</pin_list>
<bind>
<opcode="getelementptr(29) " fcode="getelementptr"/>
<opset="localC_27_addr/3 "/>
</bind>
</comp>

<comp id="452" class="1004" name="localC_28_addr_gep_fu_452">
<pin_list>
<pin id="453" dir="0" index="0" bw="16" slack="0"/>
<pin id="454" dir="0" index="1" bw="1" slack="0"/>
<pin id="455" dir="0" index="2" bw="4" slack="0"/>
<pin id="456" dir="1" index="3" bw="4" slack="0"/>
</pin_list>
<bind>
<opcode="getelementptr(29) " fcode="getelementptr"/>
<opset="localC_28_addr/3 "/>
</bind>
</comp>

<comp id="459" class="1004" name="localC_29_addr_gep_fu_459">
<pin_list>
<pin id="460" dir="0" index="0" bw="16" slack="0"/>
<pin id="461" dir="0" index="1" bw="1" slack="0"/>
<pin id="462" dir="0" index="2" bw="4" slack="0"/>
<pin id="463" dir="1" index="3" bw="4" slack="0"/>
</pin_list>
<bind>
<opcode="getelementptr(29) " fcode="getelementptr"/>
<opset="localC_29_addr/3 "/>
</bind>
</comp>

<comp id="466" class="1004" name="localC_30_addr_gep_fu_466">
<pin_list>
<pin id="467" dir="0" index="0" bw="16" slack="0"/>
<pin id="468" dir="0" index="1" bw="1" slack="0"/>
<pin id="469" dir="0" index="2" bw="4" slack="0"/>
<pin id="470" dir="1" index="3" bw="4" slack="0"/>
</pin_list>
<bind>
<opcode="getelementptr(29) " fcode="getelementptr"/>
<opset="localC_30_addr/3 "/>
</bind>
</comp>

<comp id="473" class="1004" name="localC_31_addr_gep_fu_473">
<pin_list>
<pin id="474" dir="0" index="0" bw="16" slack="0"/>
<pin id="475" dir="0" index="1" bw="1" slack="0"/>
<pin id="476" dir="0" index="2" bw="4" slack="0"/>
<pin id="477" dir="1" index="3" bw="4" slack="0"/>
</pin_list>
<bind>
<opcode="getelementptr(29) " fcode="getelementptr"/>
<opset="localC_31_addr/3 "/>
</bind>
</comp>

<comp id="480" class="1004" name="localC_32_addr_gep_fu_480">
<pin_list>
<pin id="481" dir="0" index="0" bw="16" slack="0"/>
<pin id="482" dir="0" index="1" bw="1" slack="0"/>
<pin id="483" dir="0" index="2" bw="4" slack="0"/>
<pin id="484" dir="1" index="3" bw="4" slack="0"/>
</pin_list>
<bind>
<opcode="getelementptr(29) " fcode="getelementptr"/>
<opset="localC_32_addr/3 "/>
</bind>
</comp>

<comp id="487" class="1004" name="localC_33_addr_gep_fu_487">
<pin_list>
<pin id="488" dir="0" index="0" bw="16" slack="0"/>
<pin id="489" dir="0" index="1" bw="1" slack="0"/>
<pin id="490" dir="0" index="2" bw="4" slack="0"/>
<pin id="491" dir="1" index="3" bw="4" slack="0"/>
</pin_list>
<bind>
<opcode="getelementptr(29) " fcode="getelementptr"/>
<opset="localC_33_addr/3 "/>
</bind>
</comp>

<comp id="494" class="1004" name="localC_34_addr_gep_fu_494">
<pin_list>
<pin id="495" dir="0" index="0" bw="16" slack="0"/>
<pin id="496" dir="0" index="1" bw="1" slack="0"/>
<pin id="497" dir="0" index="2" bw="4" slack="0"/>
<pin id="498" dir="1" index="3" bw="4" slack="0"/>
</pin_list>
<bind>
<opcode="getelementptr(29) " fcode="getelementptr"/>
<opset="localC_34_addr/3 "/>
</bind>
</comp>

<comp id="501" class="1004" name="localC_35_addr_gep_fu_501">
<pin_list>
<pin id="502" dir="0" index="0" bw="16" slack="0"/>
<pin id="503" dir="0" index="1" bw="1" slack="0"/>
<pin id="504" dir="0" index="2" bw="4" slack="0"/>
<pin id="505" dir="1" index="3" bw="4" slack="0"/>
</pin_list>
<bind>
<opcode="getelementptr(29) " fcode="getelementptr"/>
<opset="localC_35_addr/3 "/>
</bind>
</comp>

<comp id="508" class="1004" name="localC_36_addr_gep_fu_508">
<pin_list>
<pin id="509" dir="0" index="0" bw="16" slack="0"/>
<pin id="510" dir="0" index="1" bw="1" slack="0"/>
<pin id="511" dir="0" index="2" bw="4" slack="0"/>
<pin id="512" dir="1" index="3" bw="4" slack="0"/>
</pin_list>
<bind>
<opcode="getelementptr(29) " fcode="getelementptr"/>
<opset="localC_36_addr/3 "/>
</bind>
</comp>

<comp id="515" class="1004" name="localC_37_addr_gep_fu_515">
<pin_list>
<pin id="516" dir="0" index="0" bw="16" slack="0"/>
<pin id="517" dir="0" index="1" bw="1" slack="0"/>
<pin id="518" dir="0" index="2" bw="4" slack="0"/>
<pin id="519" dir="1" index="3" bw="4" slack="0"/>
</pin_list>
<bind>
<opcode="getelementptr(29) " fcode="getelementptr"/>
<opset="localC_37_addr/3 "/>
</bind>
</comp>

<comp id="522" class="1004" name="localC_38_addr_gep_fu_522">
<pin_list>
<pin id="523" dir="0" index="0" bw="16" slack="0"/>
<pin id="524" dir="0" index="1" bw="1" slack="0"/>
<pin id="525" dir="0" index="2" bw="4" slack="0"/>
<pin id="526" dir="1" index="3" bw="4" slack="0"/>
</pin_list>
<bind>
<opcode="getelementptr(29) " fcode="getelementptr"/>
<opset="localC_38_addr/3 "/>
</bind>
</comp>

<comp id="529" class="1004" name="localC_39_addr_gep_fu_529">
<pin_list>
<pin id="530" dir="0" index="0" bw="16" slack="0"/>
<pin id="531" dir="0" index="1" bw="1" slack="0"/>
<pin id="532" dir="0" index="2" bw="4" slack="0"/>
<pin id="533" dir="1" index="3" bw="4" slack="0"/>
</pin_list>
<bind>
<opcode="getelementptr(29) " fcode="getelementptr"/>
<opset="localC_39_addr/3 "/>
</bind>
</comp>

<comp id="536" class="1004" name="localC_40_addr_gep_fu_536">
<pin_list>
<pin id="537" dir="0" index="0" bw="16" slack="0"/>
<pin id="538" dir="0" index="1" bw="1" slack="0"/>
<pin id="539" dir="0" index="2" bw="4" slack="0"/>
<pin id="540" dir="1" index="3" bw="4" slack="0"/>
</pin_list>
<bind>
<opcode="getelementptr(29) " fcode="getelementptr"/>
<opset="localC_40_addr/3 "/>
</bind>
</comp>

<comp id="543" class="1004" name="localC_41_addr_gep_fu_543">
<pin_list>
<pin id="544" dir="0" index="0" bw="16" slack="0"/>
<pin id="545" dir="0" index="1" bw="1" slack="0"/>
<pin id="546" dir="0" index="2" bw="4" slack="0"/>
<pin id="547" dir="1" index="3" bw="4" slack="0"/>
</pin_list>
<bind>
<opcode="getelementptr(29) " fcode="getelementptr"/>
<opset="localC_41_addr/3 "/>
</bind>
</comp>

<comp id="550" class="1004" name="localC_42_addr_gep_fu_550">
<pin_list>
<pin id="551" dir="0" index="0" bw="16" slack="0"/>
<pin id="552" dir="0" index="1" bw="1" slack="0"/>
<pin id="553" dir="0" index="2" bw="4" slack="0"/>
<pin id="554" dir="1" index="3" bw="4" slack="0"/>
</pin_list>
<bind>
<opcode="getelementptr(29) " fcode="getelementptr"/>
<opset="localC_42_addr/3 "/>
</bind>
</comp>

<comp id="557" class="1004" name="localC_43_addr_gep_fu_557">
<pin_list>
<pin id="558" dir="0" index="0" bw="16" slack="0"/>
<pin id="559" dir="0" index="1" bw="1" slack="0"/>
<pin id="560" dir="0" index="2" bw="4" slack="0"/>
<pin id="561" dir="1" index="3" bw="4" slack="0"/>
</pin_list>
<bind>
<opcode="getelementptr(29) " fcode="getelementptr"/>
<opset="localC_43_addr/3 "/>
</bind>
</comp>

<comp id="564" class="1004" name="localC_44_addr_gep_fu_564">
<pin_list>
<pin id="565" dir="0" index="0" bw="16" slack="0"/>
<pin id="566" dir="0" index="1" bw="1" slack="0"/>
<pin id="567" dir="0" index="2" bw="4" slack="0"/>
<pin id="568" dir="1" index="3" bw="4" slack="0"/>
</pin_list>
<bind>
<opcode="getelementptr(29) " fcode="getelementptr"/>
<opset="localC_44_addr/3 "/>
</bind>
</comp>

<comp id="571" class="1004" name="localC_45_addr_gep_fu_571">
<pin_list>
<pin id="572" dir="0" index="0" bw="16" slack="0"/>
<pin id="573" dir="0" index="1" bw="1" slack="0"/>
<pin id="574" dir="0" index="2" bw="4" slack="0"/>
<pin id="575" dir="1" index="3" bw="4" slack="0"/>
</pin_list>
<bind>
<opcode="getelementptr(29) " fcode="getelementptr"/>
<opset="localC_45_addr/3 "/>
</bind>
</comp>

<comp id="578" class="1004" name="localC_46_addr_gep_fu_578">
<pin_list>
<pin id="579" dir="0" index="0" bw="16" slack="0"/>
<pin id="580" dir="0" index="1" bw="1" slack="0"/>
<pin id="581" dir="0" index="2" bw="4" slack="0"/>
<pin id="582" dir="1" index="3" bw="4" slack="0"/>
</pin_list>
<bind>
<opcode="getelementptr(29) " fcode="getelementptr"/>
<opset="localC_46_addr/3 "/>
</bind>
</comp>

<comp id="585" class="1004" name="localC_47_addr_gep_fu_585">
<pin_list>
<pin id="586" dir="0" index="0" bw="16" slack="0"/>
<pin id="587" dir="0" index="1" bw="1" slack="0"/>
<pin id="588" dir="0" index="2" bw="4" slack="0"/>
<pin id="589" dir="1" index="3" bw="4" slack="0"/>
</pin_list>
<bind>
<opcode="getelementptr(29) " fcode="getelementptr"/>
<opset="localC_47_addr/3 "/>
</bind>
</comp>

<comp id="592" class="1004" name="localC_48_addr_gep_fu_592">
<pin_list>
<pin id="593" dir="0" index="0" bw="16" slack="0"/>
<pin id="594" dir="0" index="1" bw="1" slack="0"/>
<pin id="595" dir="0" index="2" bw="4" slack="0"/>
<pin id="596" dir="1" index="3" bw="4" slack="0"/>
</pin_list>
<bind>
<opcode="getelementptr(29) " fcode="getelementptr"/>
<opset="localC_48_addr/3 "/>
</bind>
</comp>

<comp id="599" class="1004" name="localC_49_addr_gep_fu_599">
<pin_list>
<pin id="600" dir="0" index="0" bw="16" slack="0"/>
<pin id="601" dir="0" index="1" bw="1" slack="0"/>
<pin id="602" dir="0" index="2" bw="4" slack="0"/>
<pin id="603" dir="1" index="3" bw="4" slack="0"/>
</pin_list>
<bind>
<opcode="getelementptr(29) " fcode="getelementptr"/>
<opset="localC_49_addr/3 "/>
</bind>
</comp>

<comp id="606" class="1004" name="localC_50_addr_gep_fu_606">
<pin_list>
<pin id="607" dir="0" index="0" bw="16" slack="0"/>
<pin id="608" dir="0" index="1" bw="1" slack="0"/>
<pin id="609" dir="0" index="2" bw="4" slack="0"/>
<pin id="610" dir="1" index="3" bw="4" slack="0"/>
</pin_list>
<bind>
<opcode="getelementptr(29) " fcode="getelementptr"/>
<opset="localC_50_addr/3 "/>
</bind>
</comp>

<comp id="613" class="1004" name="localC_51_addr_gep_fu_613">
<pin_list>
<pin id="614" dir="0" index="0" bw="16" slack="0"/>
<pin id="615" dir="0" index="1" bw="1" slack="0"/>
<pin id="616" dir="0" index="2" bw="4" slack="0"/>
<pin id="617" dir="1" index="3" bw="4" slack="0"/>
</pin_list>
<bind>
<opcode="getelementptr(29) " fcode="getelementptr"/>
<opset="localC_51_addr/3 "/>
</bind>
</comp>

<comp id="620" class="1004" name="localC_52_addr_gep_fu_620">
<pin_list>
<pin id="621" dir="0" index="0" bw="16" slack="0"/>
<pin id="622" dir="0" index="1" bw="1" slack="0"/>
<pin id="623" dir="0" index="2" bw="4" slack="0"/>
<pin id="624" dir="1" index="3" bw="4" slack="0"/>
</pin_list>
<bind>
<opcode="getelementptr(29) " fcode="getelementptr"/>
<opset="localC_52_addr/3 "/>
</bind>
</comp>

<comp id="627" class="1004" name="localC_53_addr_gep_fu_627">
<pin_list>
<pin id="628" dir="0" index="0" bw="16" slack="0"/>
<pin id="629" dir="0" index="1" bw="1" slack="0"/>
<pin id="630" dir="0" index="2" bw="4" slack="0"/>
<pin id="631" dir="1" index="3" bw="4" slack="0"/>
</pin_list>
<bind>
<opcode="getelementptr(29) " fcode="getelementptr"/>
<opset="localC_53_addr/3 "/>
</bind>
</comp>

<comp id="634" class="1004" name="localC_54_addr_gep_fu_634">
<pin_list>
<pin id="635" dir="0" index="0" bw="16" slack="0"/>
<pin id="636" dir="0" index="1" bw="1" slack="0"/>
<pin id="637" dir="0" index="2" bw="4" slack="0"/>
<pin id="638" dir="1" index="3" bw="4" slack="0"/>
</pin_list>
<bind>
<opcode="getelementptr(29) " fcode="getelementptr"/>
<opset="localC_54_addr/3 "/>
</bind>
</comp>

<comp id="641" class="1004" name="localC_55_addr_gep_fu_641">
<pin_list>
<pin id="642" dir="0" index="0" bw="16" slack="0"/>
<pin id="643" dir="0" index="1" bw="1" slack="0"/>
<pin id="644" dir="0" index="2" bw="4" slack="0"/>
<pin id="645" dir="1" index="3" bw="4" slack="0"/>
</pin_list>
<bind>
<opcode="getelementptr(29) " fcode="getelementptr"/>
<opset="localC_55_addr/3 "/>
</bind>
</comp>

<comp id="648" class="1004" name="localC_56_addr_gep_fu_648">
<pin_list>
<pin id="649" dir="0" index="0" bw="16" slack="0"/>
<pin id="650" dir="0" index="1" bw="1" slack="0"/>
<pin id="651" dir="0" index="2" bw="4" slack="0"/>
<pin id="652" dir="1" index="3" bw="4" slack="0"/>
</pin_list>
<bind>
<opcode="getelementptr(29) " fcode="getelementptr"/>
<opset="localC_56_addr/3 "/>
</bind>
</comp>

<comp id="655" class="1004" name="localC_57_addr_gep_fu_655">
<pin_list>
<pin id="656" dir="0" index="0" bw="16" slack="0"/>
<pin id="657" dir="0" index="1" bw="1" slack="0"/>
<pin id="658" dir="0" index="2" bw="4" slack="0"/>
<pin id="659" dir="1" index="3" bw="4" slack="0"/>
</pin_list>
<bind>
<opcode="getelementptr(29) " fcode="getelementptr"/>
<opset="localC_57_addr/3 "/>
</bind>
</comp>

<comp id="662" class="1004" name="localC_58_addr_gep_fu_662">
<pin_list>
<pin id="663" dir="0" index="0" bw="16" slack="0"/>
<pin id="664" dir="0" index="1" bw="1" slack="0"/>
<pin id="665" dir="0" index="2" bw="4" slack="0"/>
<pin id="666" dir="1" index="3" bw="4" slack="0"/>
</pin_list>
<bind>
<opcode="getelementptr(29) " fcode="getelementptr"/>
<opset="localC_58_addr/3 "/>
</bind>
</comp>

<comp id="669" class="1004" name="localC_59_addr_gep_fu_669">
<pin_list>
<pin id="670" dir="0" index="0" bw="16" slack="0"/>
<pin id="671" dir="0" index="1" bw="1" slack="0"/>
<pin id="672" dir="0" index="2" bw="4" slack="0"/>
<pin id="673" dir="1" index="3" bw="4" slack="0"/>
</pin_list>
<bind>
<opcode="getelementptr(29) " fcode="getelementptr"/>
<opset="localC_59_addr/3 "/>
</bind>
</comp>

<comp id="676" class="1004" name="localC_60_addr_gep_fu_676">
<pin_list>
<pin id="677" dir="0" index="0" bw="16" slack="0"/>
<pin id="678" dir="0" index="1" bw="1" slack="0"/>
<pin id="679" dir="0" index="2" bw="4" slack="0"/>
<pin id="680" dir="1" index="3" bw="4" slack="0"/>
</pin_list>
<bind>
<opcode="getelementptr(29) " fcode="getelementptr"/>
<opset="localC_60_addr/3 "/>
</bind>
</comp>

<comp id="683" class="1004" name="localC_61_addr_gep_fu_683">
<pin_list>
<pin id="684" dir="0" index="0" bw="16" slack="0"/>
<pin id="685" dir="0" index="1" bw="1" slack="0"/>
<pin id="686" dir="0" index="2" bw="4" slack="0"/>
<pin id="687" dir="1" index="3" bw="4" slack="0"/>
</pin_list>
<bind>
<opcode="getelementptr(29) " fcode="getelementptr"/>
<opset="localC_61_addr/3 "/>
</bind>
</comp>

<comp id="690" class="1004" name="localC_62_addr_gep_fu_690">
<pin_list>
<pin id="691" dir="0" index="0" bw="16" slack="0"/>
<pin id="692" dir="0" index="1" bw="1" slack="0"/>
<pin id="693" dir="0" index="2" bw="4" slack="0"/>
<pin id="694" dir="1" index="3" bw="4" slack="0"/>
</pin_list>
<bind>
<opcode="getelementptr(29) " fcode="getelementptr"/>
<opset="localC_62_addr/3 "/>
</bind>
</comp>

<comp id="697" class="1004" name="localC_63_addr_gep_fu_697">
<pin_list>
<pin id="698" dir="0" index="0" bw="16" slack="0"/>
<pin id="699" dir="0" index="1" bw="1" slack="0"/>
<pin id="700" dir="0" index="2" bw="4" slack="0"/>
<pin id="701" dir="1" index="3" bw="4" slack="0"/>
</pin_list>
<bind>
<opcode="getelementptr(29) " fcode="getelementptr"/>
<opset="localC_63_addr/3 "/>
</bind>
</comp>

<comp id="704" class="1004" name="grp_access_fu_704">
<pin_list>
<pin id="705" dir="0" index="0" bw="4" slack="0"/>
<pin id="706" dir="0" index="1" bw="16" slack="2147483647"/>
<pin id="707" dir="0" index="2" bw="0" slack="2147483647"/>
<pin id="708" dir="1" index="3" bw="16" slack="0"/>
</pin_list>
<bind>
<opcode="load(27) " fcode="load"/>
<opset="localC_load/3 "/>
</bind>
</comp>

<comp id="710" class="1004" name="grp_access_fu_710">
<pin_list>
<pin id="711" dir="0" index="0" bw="4" slack="0"/>
<pin id="712" dir="0" index="1" bw="16" slack="2147483647"/>
<pin id="713" dir="0" index="2" bw="0" slack="2147483647"/>
<pin id="714" dir="1" index="3" bw="16" slack="0"/>
</pin_list>
<bind>
<opcode="load(27) " fcode="load"/>
<opset="localC_1_load/3 "/>
</bind>
</comp>

<comp id="716" class="1004" name="grp_access_fu_716">
<pin_list>
<pin id="717" dir="0" index="0" bw="4" slack="0"/>
<pin id="718" dir="0" index="1" bw="16" slack="2147483647"/>
<pin id="719" dir="0" index="2" bw="0" slack="2147483647"/>
<pin id="720" dir="1" index="3" bw="16" slack="0"/>
</pin_list>
<bind>
<opcode="load(27) " fcode="load"/>
<opset="localC_2_load/3 "/>
</bind>
</comp>

<comp id="722" class="1004" name="grp_access_fu_722">
<pin_list>
<pin id="723" dir="0" index="0" bw="4" slack="0"/>
<pin id="724" dir="0" index="1" bw="16" slack="2147483647"/>
<pin id="725" dir="0" index="2" bw="0" slack="2147483647"/>
<pin id="726" dir="1" index="3" bw="16" slack="0"/>
</pin_list>
<bind>
<opcode="load(27) " fcode="load"/>
<opset="localC_3_load/3 "/>
</bind>
</comp>

<comp id="728" class="1004" name="grp_access_fu_728">
<pin_list>
<pin id="729" dir="0" index="0" bw="4" slack="0"/>
<pin id="730" dir="0" index="1" bw="16" slack="2147483647"/>
<pin id="731" dir="0" index="2" bw="0" slack="2147483647"/>
<pin id="732" dir="1" index="3" bw="16" slack="0"/>
</pin_list>
<bind>
<opcode="load(27) " fcode="load"/>
<opset="localC_4_load/3 "/>
</bind>
</comp>

<comp id="734" class="1004" name="grp_access_fu_734">
<pin_list>
<pin id="735" dir="0" index="0" bw="4" slack="0"/>
<pin id="736" dir="0" index="1" bw="16" slack="2147483647"/>
<pin id="737" dir="0" index="2" bw="0" slack="2147483647"/>
<pin id="738" dir="1" index="3" bw="16" slack="0"/>
</pin_list>
<bind>
<opcode="load(27) " fcode="load"/>
<opset="localC_5_load/3 "/>
</bind>
</comp>

<comp id="740" class="1004" name="grp_access_fu_740">
<pin_list>
<pin id="741" dir="0" index="0" bw="4" slack="0"/>
<pin id="742" dir="0" index="1" bw="16" slack="2147483647"/>
<pin id="743" dir="0" index="2" bw="0" slack="2147483647"/>
<pin id="744" dir="1" index="3" bw="16" slack="0"/>
</pin_list>
<bind>
<opcode="load(27) " fcode="load"/>
<opset="localC_6_load/3 "/>
</bind>
</comp>

<comp id="746" class="1004" name="grp_access_fu_746">
<pin_list>
<pin id="747" dir="0" index="0" bw="4" slack="0"/>
<pin id="748" dir="0" index="1" bw="16" slack="2147483647"/>
<pin id="749" dir="0" index="2" bw="0" slack="2147483647"/>
<pin id="750" dir="1" index="3" bw="16" slack="0"/>
</pin_list>
<bind>
<opcode="load(27) " fcode="load"/>
<opset="localC_7_load/3 "/>
</bind>
</comp>

<comp id="752" class="1004" name="grp_access_fu_752">
<pin_list>
<pin id="753" dir="0" index="0" bw="4" slack="0"/>
<pin id="754" dir="0" index="1" bw="16" slack="2147483647"/>
<pin id="755" dir="0" index="2" bw="0" slack="2147483647"/>
<pin id="756" dir="1" index="3" bw="16" slack="0"/>
</pin_list>
<bind>
<opcode="load(27) " fcode="load"/>
<opset="localC_8_load/3 "/>
</bind>
</comp>

<comp id="758" class="1004" name="grp_access_fu_758">
<pin_list>
<pin id="759" dir="0" index="0" bw="4" slack="0"/>
<pin id="760" dir="0" index="1" bw="16" slack="2147483647"/>
<pin id="761" dir="0" index="2" bw="0" slack="2147483647"/>
<pin id="762" dir="1" index="3" bw="16" slack="0"/>
</pin_list>
<bind>
<opcode="load(27) " fcode="load"/>
<opset="localC_9_load/3 "/>
</bind>
</comp>

<comp id="764" class="1004" name="grp_access_fu_764">
<pin_list>
<pin id="765" dir="0" index="0" bw="4" slack="0"/>
<pin id="766" dir="0" index="1" bw="16" slack="2147483647"/>
<pin id="767" dir="0" index="2" bw="0" slack="2147483647"/>
<pin id="768" dir="1" index="3" bw="16" slack="0"/>
</pin_list>
<bind>
<opcode="load(27) " fcode="load"/>
<opset="localC_10_load/3 "/>
</bind>
</comp>

<comp id="770" class="1004" name="grp_access_fu_770">
<pin_list>
<pin id="771" dir="0" index="0" bw="4" slack="0"/>
<pin id="772" dir="0" index="1" bw="16" slack="2147483647"/>
<pin id="773" dir="0" index="2" bw="0" slack="2147483647"/>
<pin id="774" dir="1" index="3" bw="16" slack="0"/>
</pin_list>
<bind>
<opcode="load(27) " fcode="load"/>
<opset="localC_11_load/3 "/>
</bind>
</comp>

<comp id="776" class="1004" name="grp_access_fu_776">
<pin_list>
<pin id="777" dir="0" index="0" bw="4" slack="0"/>
<pin id="778" dir="0" index="1" bw="16" slack="2147483647"/>
<pin id="779" dir="0" index="2" bw="0" slack="2147483647"/>
<pin id="780" dir="1" index="3" bw="16" slack="0"/>
</pin_list>
<bind>
<opcode="load(27) " fcode="load"/>
<opset="localC_12_load/3 "/>
</bind>
</comp>

<comp id="782" class="1004" name="grp_access_fu_782">
<pin_list>
<pin id="783" dir="0" index="0" bw="4" slack="0"/>
<pin id="784" dir="0" index="1" bw="16" slack="2147483647"/>
<pin id="785" dir="0" index="2" bw="0" slack="2147483647"/>
<pin id="786" dir="1" index="3" bw="16" slack="0"/>
</pin_list>
<bind>
<opcode="load(27) " fcode="load"/>
<opset="localC_13_load/3 "/>
</bind>
</comp>

<comp id="788" class="1004" name="grp_access_fu_788">
<pin_list>
<pin id="789" dir="0" index="0" bw="4" slack="0"/>
<pin id="790" dir="0" index="1" bw="16" slack="2147483647"/>
<pin id="791" dir="0" index="2" bw="0" slack="2147483647"/>
<pin id="792" dir="1" index="3" bw="16" slack="0"/>
</pin_list>
<bind>
<opcode="load(27) " fcode="load"/>
<opset="localC_14_load/3 "/>
</bind>
</comp>

<comp id="794" class="1004" name="grp_access_fu_794">
<pin_list>
<pin id="795" dir="0" index="0" bw="4" slack="0"/>
<pin id="796" dir="0" index="1" bw="16" slack="2147483647"/>
<pin id="797" dir="0" index="2" bw="0" slack="2147483647"/>
<pin id="798" dir="1" index="3" bw="16" slack="0"/>
</pin_list>
<bind>
<opcode="load(27) " fcode="load"/>
<opset="localC_15_load/3 "/>
</bind>
</comp>

<comp id="800" class="1004" name="grp_access_fu_800">
<pin_list>
<pin id="801" dir="0" index="0" bw="4" slack="0"/>
<pin id="802" dir="0" index="1" bw="16" slack="2147483647"/>
<pin id="803" dir="0" index="2" bw="0" slack="2147483647"/>
<pin id="804" dir="1" index="3" bw="16" slack="0"/>
</pin_list>
<bind>
<opcode="load(27) " fcode="load"/>
<opset="localC_16_load/3 "/>
</bind>
</comp>

<comp id="806" class="1004" name="grp_access_fu_806">
<pin_list>
<pin id="807" dir="0" index="0" bw="4" slack="0"/>
<pin id="808" dir="0" index="1" bw="16" slack="2147483647"/>
<pin id="809" dir="0" index="2" bw="0" slack="2147483647"/>
<pin id="810" dir="1" index="3" bw="16" slack="0"/>
</pin_list>
<bind>
<opcode="load(27) " fcode="load"/>
<opset="localC_17_load/3 "/>
</bind>
</comp>

<comp id="812" class="1004" name="grp_access_fu_812">
<pin_list>
<pin id="813" dir="0" index="0" bw="4" slack="0"/>
<pin id="814" dir="0" index="1" bw="16" slack="2147483647"/>
<pin id="815" dir="0" index="2" bw="0" slack="2147483647"/>
<pin id="816" dir="1" index="3" bw="16" slack="0"/>
</pin_list>
<bind>
<opcode="load(27) " fcode="load"/>
<opset="localC_18_load/3 "/>
</bind>
</comp>

<comp id="818" class="1004" name="grp_access_fu_818">
<pin_list>
<pin id="819" dir="0" index="0" bw="4" slack="0"/>
<pin id="820" dir="0" index="1" bw="16" slack="2147483647"/>
<pin id="821" dir="0" index="2" bw="0" slack="2147483647"/>
<pin id="822" dir="1" index="3" bw="16" slack="0"/>
</pin_list>
<bind>
<opcode="load(27) " fcode="load"/>
<opset="localC_19_load/3 "/>
</bind>
</comp>

<comp id="824" class="1004" name="grp_access_fu_824">
<pin_list>
<pin id="825" dir="0" index="0" bw="4" slack="0"/>
<pin id="826" dir="0" index="1" bw="16" slack="2147483647"/>
<pin id="827" dir="0" index="2" bw="0" slack="2147483647"/>
<pin id="828" dir="1" index="3" bw="16" slack="0"/>
</pin_list>
<bind>
<opcode="load(27) " fcode="load"/>
<opset="localC_20_load/3 "/>
</bind>
</comp>

<comp id="830" class="1004" name="grp_access_fu_830">
<pin_list>
<pin id="831" dir="0" index="0" bw="4" slack="0"/>
<pin id="832" dir="0" index="1" bw="16" slack="2147483647"/>
<pin id="833" dir="0" index="2" bw="0" slack="2147483647"/>
<pin id="834" dir="1" index="3" bw="16" slack="0"/>
</pin_list>
<bind>
<opcode="load(27) " fcode="load"/>
<opset="localC_21_load/3 "/>
</bind>
</comp>

<comp id="836" class="1004" name="grp_access_fu_836">
<pin_list>
<pin id="837" dir="0" index="0" bw="4" slack="0"/>
<pin id="838" dir="0" index="1" bw="16" slack="2147483647"/>
<pin id="839" dir="0" index="2" bw="0" slack="2147483647"/>
<pin id="840" dir="1" index="3" bw="16" slack="0"/>
</pin_list>
<bind>
<opcode="load(27) " fcode="load"/>
<opset="localC_22_load/3 "/>
</bind>
</comp>

<comp id="842" class="1004" name="grp_access_fu_842">
<pin_list>
<pin id="843" dir="0" index="0" bw="4" slack="0"/>
<pin id="844" dir="0" index="1" bw="16" slack="2147483647"/>
<pin id="845" dir="0" index="2" bw="0" slack="2147483647"/>
<pin id="846" dir="1" index="3" bw="16" slack="0"/>
</pin_list>
<bind>
<opcode="load(27) " fcode="load"/>
<opset="localC_23_load/3 "/>
</bind>
</comp>

<comp id="848" class="1004" name="grp_access_fu_848">
<pin_list>
<pin id="849" dir="0" index="0" bw="4" slack="0"/>
<pin id="850" dir="0" index="1" bw="16" slack="2147483647"/>
<pin id="851" dir="0" index="2" bw="0" slack="2147483647"/>
<pin id="852" dir="1" index="3" bw="16" slack="0"/>
</pin_list>
<bind>
<opcode="load(27) " fcode="load"/>
<opset="localC_24_load/3 "/>
</bind>
</comp>

<comp id="854" class="1004" name="grp_access_fu_854">
<pin_list>
<pin id="855" dir="0" index="0" bw="4" slack="0"/>
<pin id="856" dir="0" index="1" bw="16" slack="2147483647"/>
<pin id="857" dir="0" index="2" bw="0" slack="2147483647"/>
<pin id="858" dir="1" index="3" bw="16" slack="0"/>
</pin_list>
<bind>
<opcode="load(27) " fcode="load"/>
<opset="localC_25_load/3 "/>
</bind>
</comp>

<comp id="860" class="1004" name="grp_access_fu_860">
<pin_list>
<pin id="861" dir="0" index="0" bw="4" slack="0"/>
<pin id="862" dir="0" index="1" bw="16" slack="2147483647"/>
<pin id="863" dir="0" index="2" bw="0" slack="2147483647"/>
<pin id="864" dir="1" index="3" bw="16" slack="0"/>
</pin_list>
<bind>
<opcode="load(27) " fcode="load"/>
<opset="localC_26_load/3 "/>
</bind>
</comp>

<comp id="866" class="1004" name="grp_access_fu_866">
<pin_list>
<pin id="867" dir="0" index="0" bw="4" slack="0"/>
<pin id="868" dir="0" index="1" bw="16" slack="2147483647"/>
<pin id="869" dir="0" index="2" bw="0" slack="2147483647"/>
<pin id="870" dir="1" index="3" bw="16" slack="0"/>
</pin_list>
<bind>
<opcode="load(27) " fcode="load"/>
<opset="localC_27_load/3 "/>
</bind>
</comp>

<comp id="872" class="1004" name="grp_access_fu_872">
<pin_list>
<pin id="873" dir="0" index="0" bw="4" slack="0"/>
<pin id="874" dir="0" index="1" bw="16" slack="2147483647"/>
<pin id="875" dir="0" index="2" bw="0" slack="2147483647"/>
<pin id="876" dir="1" index="3" bw="16" slack="0"/>
</pin_list>
<bind>
<opcode="load(27) " fcode="load"/>
<opset="localC_28_load/3 "/>
</bind>
</comp>

<comp id="878" class="1004" name="grp_access_fu_878">
<pin_list>
<pin id="879" dir="0" index="0" bw="4" slack="0"/>
<pin id="880" dir="0" index="1" bw="16" slack="2147483647"/>
<pin id="881" dir="0" index="2" bw="0" slack="2147483647"/>
<pin id="882" dir="1" index="3" bw="16" slack="0"/>
</pin_list>
<bind>
<opcode="load(27) " fcode="load"/>
<opset="localC_29_load/3 "/>
</bind>
</comp>

<comp id="884" class="1004" name="grp_access_fu_884">
<pin_list>
<pin id="885" dir="0" index="0" bw="4" slack="0"/>
<pin id="886" dir="0" index="1" bw="16" slack="2147483647"/>
<pin id="887" dir="0" index="2" bw="0" slack="2147483647"/>
<pin id="888" dir="1" index="3" bw="16" slack="0"/>
</pin_list>
<bind>
<opcode="load(27) " fcode="load"/>
<opset="localC_30_load/3 "/>
</bind>
</comp>

<comp id="890" class="1004" name="grp_access_fu_890">
<pin_list>
<pin id="891" dir="0" index="0" bw="4" slack="0"/>
<pin id="892" dir="0" index="1" bw="16" slack="2147483647"/>
<pin id="893" dir="0" index="2" bw="0" slack="2147483647"/>
<pin id="894" dir="1" index="3" bw="16" slack="0"/>
</pin_list>
<bind>
<opcode="load(27) " fcode="load"/>
<opset="localC_31_load/3 "/>
</bind>
</comp>

<comp id="896" class="1004" name="grp_access_fu_896">
<pin_list>
<pin id="897" dir="0" index="0" bw="4" slack="0"/>
<pin id="898" dir="0" index="1" bw="16" slack="2147483647"/>
<pin id="899" dir="0" index="2" bw="0" slack="2147483647"/>
<pin id="900" dir="1" index="3" bw="16" slack="0"/>
</pin_list>
<bind>
<opcode="load(27) " fcode="load"/>
<opset="localC_32_load/3 "/>
</bind>
</comp>

<comp id="902" class="1004" name="grp_access_fu_902">
<pin_list>
<pin id="903" dir="0" index="0" bw="4" slack="0"/>
<pin id="904" dir="0" index="1" bw="16" slack="2147483647"/>
<pin id="905" dir="0" index="2" bw="0" slack="2147483647"/>
<pin id="906" dir="1" index="3" bw="16" slack="0"/>
</pin_list>
<bind>
<opcode="load(27) " fcode="load"/>
<opset="localC_33_load/3 "/>
</bind>
</comp>

<comp id="908" class="1004" name="grp_access_fu_908">
<pin_list>
<pin id="909" dir="0" index="0" bw="4" slack="0"/>
<pin id="910" dir="0" index="1" bw="16" slack="2147483647"/>
<pin id="911" dir="0" index="2" bw="0" slack="2147483647"/>
<pin id="912" dir="1" index="3" bw="16" slack="0"/>
</pin_list>
<bind>
<opcode="load(27) " fcode="load"/>
<opset="localC_34_load/3 "/>
</bind>
</comp>

<comp id="914" class="1004" name="grp_access_fu_914">
<pin_list>
<pin id="915" dir="0" index="0" bw="4" slack="0"/>
<pin id="916" dir="0" index="1" bw="16" slack="2147483647"/>
<pin id="917" dir="0" index="2" bw="0" slack="2147483647"/>
<pin id="918" dir="1" index="3" bw="16" slack="0"/>
</pin_list>
<bind>
<opcode="load(27) " fcode="load"/>
<opset="localC_35_load/3 "/>
</bind>
</comp>

<comp id="920" class="1004" name="grp_access_fu_920">
<pin_list>
<pin id="921" dir="0" index="0" bw="4" slack="0"/>
<pin id="922" dir="0" index="1" bw="16" slack="2147483647"/>
<pin id="923" dir="0" index="2" bw="0" slack="2147483647"/>
<pin id="924" dir="1" index="3" bw="16" slack="0"/>
</pin_list>
<bind>
<opcode="load(27) " fcode="load"/>
<opset="localC_36_load/3 "/>
</bind>
</comp>

<comp id="926" class="1004" name="grp_access_fu_926">
<pin_list>
<pin id="927" dir="0" index="0" bw="4" slack="0"/>
<pin id="928" dir="0" index="1" bw="16" slack="2147483647"/>
<pin id="929" dir="0" index="2" bw="0" slack="2147483647"/>
<pin id="930" dir="1" index="3" bw="16" slack="0"/>
</pin_list>
<bind>
<opcode="load(27) " fcode="load"/>
<opset="localC_37_load/3 "/>
</bind>
</comp>

<comp id="932" class="1004" name="grp_access_fu_932">
<pin_list>
<pin id="933" dir="0" index="0" bw="4" slack="0"/>
<pin id="934" dir="0" index="1" bw="16" slack="2147483647"/>
<pin id="935" dir="0" index="2" bw="0" slack="2147483647"/>
<pin id="936" dir="1" index="3" bw="16" slack="0"/>
</pin_list>
<bind>
<opcode="load(27) " fcode="load"/>
<opset="localC_38_load/3 "/>
</bind>
</comp>

<comp id="938" class="1004" name="grp_access_fu_938">
<pin_list>
<pin id="939" dir="0" index="0" bw="4" slack="0"/>
<pin id="940" dir="0" index="1" bw="16" slack="2147483647"/>
<pin id="941" dir="0" index="2" bw="0" slack="2147483647"/>
<pin id="942" dir="1" index="3" bw="16" slack="0"/>
</pin_list>
<bind>
<opcode="load(27) " fcode="load"/>
<opset="localC_39_load/3 "/>
</bind>
</comp>

<comp id="944" class="1004" name="grp_access_fu_944">
<pin_list>
<pin id="945" dir="0" index="0" bw="4" slack="0"/>
<pin id="946" dir="0" index="1" bw="16" slack="2147483647"/>
<pin id="947" dir="0" index="2" bw="0" slack="2147483647"/>
<pin id="948" dir="1" index="3" bw="16" slack="0"/>
</pin_list>
<bind>
<opcode="load(27) " fcode="load"/>
<opset="localC_40_load/3 "/>
</bind>
</comp>

<comp id="950" class="1004" name="grp_access_fu_950">
<pin_list>
<pin id="951" dir="0" index="0" bw="4" slack="0"/>
<pin id="952" dir="0" index="1" bw="16" slack="2147483647"/>
<pin id="953" dir="0" index="2" bw="0" slack="2147483647"/>
<pin id="954" dir="1" index="3" bw="16" slack="0"/>
</pin_list>
<bind>
<opcode="load(27) " fcode="load"/>
<opset="localC_41_load/3 "/>
</bind>
</comp>

<comp id="956" class="1004" name="grp_access_fu_956">
<pin_list>
<pin id="957" dir="0" index="0" bw="4" slack="0"/>
<pin id="958" dir="0" index="1" bw="16" slack="2147483647"/>
<pin id="959" dir="0" index="2" bw="0" slack="2147483647"/>
<pin id="960" dir="1" index="3" bw="16" slack="0"/>
</pin_list>
<bind>
<opcode="load(27) " fcode="load"/>
<opset="localC_42_load/3 "/>
</bind>
</comp>

<comp id="962" class="1004" name="grp_access_fu_962">
<pin_list>
<pin id="963" dir="0" index="0" bw="4" slack="0"/>
<pin id="964" dir="0" index="1" bw="16" slack="2147483647"/>
<pin id="965" dir="0" index="2" bw="0" slack="2147483647"/>
<pin id="966" dir="1" index="3" bw="16" slack="0"/>
</pin_list>
<bind>
<opcode="load(27) " fcode="load"/>
<opset="localC_43_load/3 "/>
</bind>
</comp>

<comp id="968" class="1004" name="grp_access_fu_968">
<pin_list>
<pin id="969" dir="0" index="0" bw="4" slack="0"/>
<pin id="970" dir="0" index="1" bw="16" slack="2147483647"/>
<pin id="971" dir="0" index="2" bw="0" slack="2147483647"/>
<pin id="972" dir="1" index="3" bw="16" slack="0"/>
</pin_list>
<bind>
<opcode="load(27) " fcode="load"/>
<opset="localC_44_load/3 "/>
</bind>
</comp>

<comp id="974" class="1004" name="grp_access_fu_974">
<pin_list>
<pin id="975" dir="0" index="0" bw="4" slack="0"/>
<pin id="976" dir="0" index="1" bw="16" slack="2147483647"/>
<pin id="977" dir="0" index="2" bw="0" slack="2147483647"/>
<pin id="978" dir="1" index="3" bw="16" slack="0"/>
</pin_list>
<bind>
<opcode="load(27) " fcode="load"/>
<opset="localC_45_load/3 "/>
</bind>
</comp>

<comp id="980" class="1004" name="grp_access_fu_980">
<pin_list>
<pin id="981" dir="0" index="0" bw="4" slack="0"/>
<pin id="982" dir="0" index="1" bw="16" slack="2147483647"/>
<pin id="983" dir="0" index="2" bw="0" slack="2147483647"/>
<pin id="984" dir="1" index="3" bw="16" slack="0"/>
</pin_list>
<bind>
<opcode="load(27) " fcode="load"/>
<opset="localC_46_load/3 "/>
</bind>
</comp>

<comp id="986" class="1004" name="grp_access_fu_986">
<pin_list>
<pin id="987" dir="0" index="0" bw="4" slack="0"/>
<pin id="988" dir="0" index="1" bw="16" slack="2147483647"/>
<pin id="989" dir="0" index="2" bw="0" slack="2147483647"/>
<pin id="990" dir="1" index="3" bw="16" slack="0"/>
</pin_list>
<bind>
<opcode="load(27) " fcode="load"/>
<opset="localC_47_load/3 "/>
</bind>
</comp>

<comp id="992" class="1004" name="grp_access_fu_992">
<pin_list>
<pin id="993" dir="0" index="0" bw="4" slack="0"/>
<pin id="994" dir="0" index="1" bw="16" slack="2147483647"/>
<pin id="995" dir="0" index="2" bw="0" slack="2147483647"/>
<pin id="996" dir="1" index="3" bw="16" slack="0"/>
</pin_list>
<bind>
<opcode="load(27) " fcode="load"/>
<opset="localC_48_load/3 "/>
</bind>
</comp>

<comp id="998" class="1004" name="grp_access_fu_998">
<pin_list>
<pin id="999" dir="0" index="0" bw="4" slack="0"/>
<pin id="1000" dir="0" index="1" bw="16" slack="2147483647"/>
<pin id="1001" dir="0" index="2" bw="0" slack="2147483647"/>
<pin id="1002" dir="1" index="3" bw="16" slack="0"/>
</pin_list>
<bind>
<opcode="load(27) " fcode="load"/>
<opset="localC_49_load/3 "/>
</bind>
</comp>

<comp id="1004" class="1004" name="grp_access_fu_1004">
<pin_list>
<pin id="1005" dir="0" index="0" bw="4" slack="0"/>
<pin id="1006" dir="0" index="1" bw="16" slack="2147483647"/>
<pin id="1007" dir="0" index="2" bw="0" slack="2147483647"/>
<pin id="1008" dir="1" index="3" bw="16" slack="0"/>
</pin_list>
<bind>
<opcode="load(27) " fcode="load"/>
<opset="localC_50_load/3 "/>
</bind>
</comp>

<comp id="1010" class="1004" name="grp_access_fu_1010">
<pin_list>
<pin id="1011" dir="0" index="0" bw="4" slack="0"/>
<pin id="1012" dir="0" index="1" bw="16" slack="2147483647"/>
<pin id="1013" dir="0" index="2" bw="0" slack="2147483647"/>
<pin id="1014" dir="1" index="3" bw="16" slack="0"/>
</pin_list>
<bind>
<opcode="load(27) " fcode="load"/>
<opset="localC_51_load/3 "/>
</bind>
</comp>

<comp id="1016" class="1004" name="grp_access_fu_1016">
<pin_list>
<pin id="1017" dir="0" index="0" bw="4" slack="0"/>
<pin id="1018" dir="0" index="1" bw="16" slack="2147483647"/>
<pin id="1019" dir="0" index="2" bw="0" slack="2147483647"/>
<pin id="1020" dir="1" index="3" bw="16" slack="0"/>
</pin_list>
<bind>
<opcode="load(27) " fcode="load"/>
<opset="localC_52_load/3 "/>
</bind>
</comp>

<comp id="1022" class="1004" name="grp_access_fu_1022">
<pin_list>
<pin id="1023" dir="0" index="0" bw="4" slack="0"/>
<pin id="1024" dir="0" index="1" bw="16" slack="2147483647"/>
<pin id="1025" dir="0" index="2" bw="0" slack="2147483647"/>
<pin id="1026" dir="1" index="3" bw="16" slack="0"/>
</pin_list>
<bind>
<opcode="load(27) " fcode="load"/>
<opset="localC_53_load/3 "/>
</bind>
</comp>

<comp id="1028" class="1004" name="grp_access_fu_1028">
<pin_list>
<pin id="1029" dir="0" index="0" bw="4" slack="0"/>
<pin id="1030" dir="0" index="1" bw="16" slack="2147483647"/>
<pin id="1031" dir="0" index="2" bw="0" slack="2147483647"/>
<pin id="1032" dir="1" index="3" bw="16" slack="0"/>
</pin_list>
<bind>
<opcode="load(27) " fcode="load"/>
<opset="localC_54_load/3 "/>
</bind>
</comp>

<comp id="1034" class="1004" name="grp_access_fu_1034">
<pin_list>
<pin id="1035" dir="0" index="0" bw="4" slack="0"/>
<pin id="1036" dir="0" index="1" bw="16" slack="2147483647"/>
<pin id="1037" dir="0" index="2" bw="0" slack="2147483647"/>
<pin id="1038" dir="1" index="3" bw="16" slack="0"/>
</pin_list>
<bind>
<opcode="load(27) " fcode="load"/>
<opset="localC_55_load/3 "/>
</bind>
</comp>

<comp id="1040" class="1004" name="grp_access_fu_1040">
<pin_list>
<pin id="1041" dir="0" index="0" bw="4" slack="0"/>
<pin id="1042" dir="0" index="1" bw="16" slack="2147483647"/>
<pin id="1043" dir="0" index="2" bw="0" slack="2147483647"/>
<pin id="1044" dir="1" index="3" bw="16" slack="0"/>
</pin_list>
<bind>
<opcode="load(27) " fcode="load"/>
<opset="localC_56_load/3 "/>
</bind>
</comp>

<comp id="1046" class="1004" name="grp_access_fu_1046">
<pin_list>
<pin id="1047" dir="0" index="0" bw="4" slack="0"/>
<pin id="1048" dir="0" index="1" bw="16" slack="2147483647"/>
<pin id="1049" dir="0" index="2" bw="0" slack="2147483647"/>
<pin id="1050" dir="1" index="3" bw="16" slack="0"/>
</pin_list>
<bind>
<opcode="load(27) " fcode="load"/>
<opset="localC_57_load/3 "/>
</bind>
</comp>

<comp id="1052" class="1004" name="grp_access_fu_1052">
<pin_list>
<pin id="1053" dir="0" index="0" bw="4" slack="0"/>
<pin id="1054" dir="0" index="1" bw="16" slack="2147483647"/>
<pin id="1055" dir="0" index="2" bw="0" slack="2147483647"/>
<pin id="1056" dir="1" index="3" bw="16" slack="0"/>
</pin_list>
<bind>
<opcode="load(27) " fcode="load"/>
<opset="localC_58_load/3 "/>
</bind>
</comp>

<comp id="1058" class="1004" name="grp_access_fu_1058">
<pin_list>
<pin id="1059" dir="0" index="0" bw="4" slack="0"/>
<pin id="1060" dir="0" index="1" bw="16" slack="2147483647"/>
<pin id="1061" dir="0" index="2" bw="0" slack="2147483647"/>
<pin id="1062" dir="1" index="3" bw="16" slack="0"/>
</pin_list>
<bind>
<opcode="load(27) " fcode="load"/>
<opset="localC_59_load/3 "/>
</bind>
</comp>

<comp id="1064" class="1004" name="grp_access_fu_1064">
<pin_list>
<pin id="1065" dir="0" index="0" bw="4" slack="0"/>
<pin id="1066" dir="0" index="1" bw="16" slack="2147483647"/>
<pin id="1067" dir="0" index="2" bw="0" slack="2147483647"/>
<pin id="1068" dir="1" index="3" bw="16" slack="0"/>
</pin_list>
<bind>
<opcode="load(27) " fcode="load"/>
<opset="localC_60_load/3 "/>
</bind>
</comp>

<comp id="1070" class="1004" name="grp_access_fu_1070">
<pin_list>
<pin id="1071" dir="0" index="0" bw="4" slack="0"/>
<pin id="1072" dir="0" index="1" bw="16" slack="2147483647"/>
<pin id="1073" dir="0" index="2" bw="0" slack="2147483647"/>
<pin id="1074" dir="1" index="3" bw="16" slack="0"/>
</pin_list>
<bind>
<opcode="load(27) " fcode="load"/>
<opset="localC_61_load/3 "/>
</bind>
</comp>

<comp id="1076" class="1004" name="grp_access_fu_1076">
<pin_list>
<pin id="1077" dir="0" index="0" bw="4" slack="0"/>
<pin id="1078" dir="0" index="1" bw="16" slack="2147483647"/>
<pin id="1079" dir="0" index="2" bw="0" slack="2147483647"/>
<pin id="1080" dir="1" index="3" bw="16" slack="0"/>
</pin_list>
<bind>
<opcode="load(27) " fcode="load"/>
<opset="localC_62_load/3 "/>
</bind>
</comp>

<comp id="1082" class="1004" name="grp_access_fu_1082">
<pin_list>
<pin id="1083" dir="0" index="0" bw="4" slack="0"/>
<pin id="1084" dir="0" index="1" bw="16" slack="2147483647"/>
<pin id="1085" dir="0" index="2" bw="0" slack="2147483647"/>
<pin id="1086" dir="1" index="3" bw="16" slack="0"/>
</pin_list>
<bind>
<opcode="load(27) " fcode="load"/>
<opset="localC_63_load/3 "/>
</bind>
</comp>

<comp id="1088" class="1004" name="sext_ln185_cast_fu_1088">
<pin_list>
<pin id="1089" dir="0" index="0" bw="63" slack="0"/>
<pin id="1090" dir="1" index="1" bw="64" slack="4"/>
</pin_list>
<bind>
<opcode="sext(35) " fcode="sext"/>
<opset="sext_ln185_cast/1 "/>
</bind>
</comp>

<comp id="1092" class="1004" name="store_ln0_store_fu_1092">
<pin_list>
<pin id="1093" dir="0" index="0" bw="1" slack="0"/>
<pin id="1094" dir="0" index="1" bw="64" slack="0"/>
<pin id="1095" dir="1" index="2" bw="0" slack="2147483647"/>
</pin_list>
<bind>
<opcode="store(28) " fcode="store"/>
<opset="store_ln0/1 "/>
</bind>
</comp>

<comp id="1097" class="1004" name="store_ln185_store_fu_1097">
<pin_list>
<pin id="1098" dir="0" index="0" bw="1" slack="0"/>
<pin id="1099" dir="0" index="1" bw="31" slack="0"/>
<pin id="1100" dir="1" index="2" bw="0" slack="2147483647"/>
</pin_list>
<bind>
<opcode="store(28) " fcode="store"/>
<opset="store_ln185/1 "/>
</bind>
</comp>

<comp id="1102" class="1004" name="store_ln187_store_fu_1102">
<pin_list>
<pin id="1103" dir="0" index="0" bw="1" slack="0"/>
<pin id="1104" dir="0" index="1" bw="31" slack="0"/>
<pin id="1105" dir="1" index="2" bw="0" slack="2147483647"/>
</pin_list>
<bind>
<opcode="store(28) " fcode="store"/>
<opset="store_ln187/1 "/>
</bind>
</comp>

<comp id="1107" class="1004" name="j_1_load_fu_1107">
<pin_list>
<pin id="1108" dir="0" index="0" bw="31" slack="1"/>
<pin id="1109" dir="1" index="1" bw="31" slack="0"/>
</pin_list>
<bind>
<opcode="load(27) " fcode="load"/>
<opset="j_1/2 "/>
</bind>
</comp>

<comp id="1110" class="1004" name="indvar_flatten26_load_load_fu_1110">
<pin_list>
<pin id="1111" dir="0" index="0" bw="64" slack="1"/>
<pin id="1112" dir="1" index="1" bw="64" slack="0"/>
</pin_list>
<bind>
<opcode="load(27) " fcode="load"/>
<opset="indvar_flatten26_load/2 "/>
</bind>
</comp>

<comp id="1113" class="1004" name="zext_ln187_fu_1113">
<pin_list>
<pin id="1114" dir="0" index="0" bw="31" slack="0"/>
<pin id="1115" dir="1" index="1" bw="32" slack="0"/>
</pin_list>
<bind>
<opcode="zext(34) " fcode="zext"/>
<opset="zext_ln187/2 "/>
</bind>
</comp>

<comp id="1117" class="1004" name="icmp_ln187_fu_1117">
<pin_list>
<pin id="1118" dir="0" index="0" bw="32" slack="0"/>
<pin id="1119" dir="0" index="1" bw="32" slack="1"/>
<pin id="1120" dir="1" index="2" bw="1" slack="0"/>
</pin_list>
<bind>
<opcode="icmp(45) " fcode="icmp"/>
<opset="icmp_ln187/2 "/>
</bind>
</comp>

<comp id="1122" class="1004" name="icmp_ln185_fu_1122">
<pin_list>
<pin id="1123" dir="0" index="0" bw="64" slack="0"/>
<pin id="1124" dir="0" index="1" bw="64" slack="1"/>
<pin id="1125" dir="1" index="2" bw="1" slack="2"/>
</pin_list>
<bind>
<opcode="icmp(45) " fcode="icmp"/>
<opset="icmp_ln185/2 "/>
</bind>
</comp>

<comp id="1127" class="1004" name="add_ln185_1_fu_1127">
<pin_list>
<pin id="1128" dir="0" index="0" bw="64" slack="0"/>
<pin id="1129" dir="0" index="1" bw="1" slack="0"/>
<pin id="1130" dir="1" index="2" bw="64" slack="0"/>
</pin_list>
<bind>
<opcode="add(8) " fcode="add"/>
<opset="add_ln185_1/2 "/>
</bind>
</comp>

<comp id="1133" class="1004" name="i_load_load_fu_1133">
<pin_list>
<pin id="1134" dir="0" index="0" bw="31" slack="1"/>
<pin id="1135" dir="1" index="1" bw="31" slack="0"/>
</pin_list>
<bind>
<opcode="load(27) " fcode="load"/>
<opset="i_load/2 "/>
</bind>
</comp>

<comp id="1136" class="1004" name="add_ln185_fu_1136">
<pin_list>
<pin id="1137" dir="0" index="0" bw="31" slack="0"/>
<pin id="1138" dir="0" index="1" bw="1" slack="0"/>
<pin id="1139" dir="1" index="2" bw="31" slack="0"/>
</pin_list>
<bind>
<opcode="add(8) " fcode="add"/>
<opset="add_ln185/2 "/>
</bind>
</comp>

<comp id="1142" class="1004" name="select_ln185_fu_1142">
<pin_list>
<pin id="1143" dir="0" index="0" bw="1" slack="0"/>
<pin id="1144" dir="0" index="1" bw="31" slack="0"/>
<pin id="1145" dir="0" index="2" bw="31" slack="0"/>
<pin id="1146" dir="1" index="3" bw="31" slack="0"/>
</pin_list>
<bind>
<opcode="select(49) " fcode="select"/>
<opset="select_ln185/2 "/>
</bind>
</comp>

<comp id="1150" class="1004" name="select_ln185_1_fu_1150">
<pin_list>
<pin id="1151" dir="0" index="0" bw="1" slack="0"/>
<pin id="1152" dir="0" index="1" bw="31" slack="0"/>
<pin id="1153" dir="0" index="2" bw="31" slack="0"/>
<pin id="1154" dir="1" index="3" bw="31" slack="0"/>
</pin_list>
<bind>
<opcode="select(49) " fcode="select"/>
<opset="select_ln185_1/2 "/>
</bind>
</comp>

<comp id="1158" class="1004" name="trunc_ln185_fu_1158">
<pin_list>
<pin id="1159" dir="0" index="0" bw="31" slack="0"/>
<pin id="1160" dir="1" index="1" bw="3" slack="1"/>
</pin_list>
<bind>
<opcode="trunc(33) " fcode="trunc"/>
<opset="trunc_ln185/2 "/>
</bind>
</comp>

<comp id="1162" class="1004" name="lshr_ln3_fu_1162">
<pin_list>
<pin id="1163" dir="0" index="0" bw="2" slack="0"/>
<pin id="1164" dir="0" index="1" bw="31" slack="0"/>
<pin id="1165" dir="0" index="2" bw="3" slack="0"/>
<pin id="1166" dir="0" index="3" bw="4" slack="0"/>
<pin id="1167" dir="1" index="4" bw="2" slack="0"/>
</pin_list>
<bind>
<opcode="partselect(1002) " fcode="partselect"/>
<opset="lshr_ln3/2 "/>
</bind>
</comp>

<comp id="1172" class="1004" name="tmp_s_fu_1172">
<pin_list>
<pin id="1173" dir="0" index="0" bw="4" slack="0"/>
<pin id="1174" dir="0" index="1" bw="2" slack="0"/>
<pin id="1175" dir="0" index="2" bw="1" slack="0"/>
<pin id="1176" dir="1" index="3" bw="4" slack="0"/>
</pin_list>
<bind>
<opcode="bitconcatenate(1004) " fcode="bitconcatenate"/>
<opset="tmp_s/2 "/>
</bind>
</comp>

<comp id="1180" class="1004" name="trunc_ln187_fu_1180">
<pin_list>
<pin id="1181" dir="0" index="0" bw="31" slack="0"/>
<pin id="1182" dir="1" index="1" bw="3" slack="1"/>
</pin_list>
<bind>
<opcode="trunc(33) " fcode="trunc"/>
<opset="trunc_ln187/2 "/>
</bind>
</comp>

<comp id="1184" class="1004" name="lshr_ln4_fu_1184">
<pin_list>
<pin id="1185" dir="0" index="0" bw="4" slack="0"/>
<pin id="1186" dir="0" index="1" bw="31" slack="0"/>
<pin id="1187" dir="0" index="2" bw="3" slack="0"/>
<pin id="1188" dir="0" index="3" bw="4" slack="0"/>
<pin id="1189" dir="1" index="4" bw="4" slack="0"/>
</pin_list>
<bind>
<opcode="partselect(1002) " fcode="partselect"/>
<opset="lshr_ln4/2 "/>
</bind>
</comp>

<comp id="1194" class="1004" name="add_ln190_fu_1194">
<pin_list>
<pin id="1195" dir="0" index="0" bw="4" slack="0"/>
<pin id="1196" dir="0" index="1" bw="4" slack="0"/>
<pin id="1197" dir="1" index="2" bw="4" slack="1"/>
</pin_list>
<bind>
<opcode="add(8) " fcode="add"/>
<opset="add_ln190/2 "/>
</bind>
</comp>

<comp id="1200" class="1004" name="add_ln187_fu_1200">
<pin_list>
<pin id="1201" dir="0" index="0" bw="31" slack="0"/>
<pin id="1202" dir="0" index="1" bw="1" slack="0"/>
<pin id="1203" dir="1" index="2" bw="31" slack="0"/>
</pin_list>
<bind>
<opcode="add(8) " fcode="add"/>
<opset="add_ln187/2 "/>
</bind>
</comp>

<comp id="1206" class="1004" name="store_ln185_store_fu_1206">
<pin_list>
<pin id="1207" dir="0" index="0" bw="64" slack="0"/>
<pin id="1208" dir="0" index="1" bw="64" slack="1"/>
<pin id="1209" dir="1" index="2" bw="0" slack="2147483647"/>
</pin_list>
<bind>
<opcode="store(28) " fcode="store"/>
<opset="store_ln185/2 "/>
</bind>
</comp>

<comp id="1211" class="1004" name="store_ln185_store_fu_1211">
<pin_list>
<pin id="1212" dir="0" index="0" bw="31" slack="0"/>
<pin id="1213" dir="0" index="1" bw="31" slack="1"/>
<pin id="1214" dir="1" index="2" bw="0" slack="2147483647"/>
</pin_list>
<bind>
<opcode="store(28) " fcode="store"/>
<opset="store_ln185/2 "/>
</bind>
</comp>

<comp id="1216" class="1004" name="store_ln187_store_fu_1216">
<pin_list>
<pin id="1217" dir="0" index="0" bw="31" slack="0"/>
<pin id="1218" dir="0" index="1" bw="31" slack="1"/>
<pin id="1219" dir="1" index="2" bw="0" slack="2147483647"/>
</pin_list>
<bind>
<opcode="store(28) " fcode="store"/>
<opset="store_ln187/2 "/>
</bind>
</comp>

<comp id="1221" class="1004" name="zext_ln190_fu_1221">
<pin_list>
<pin id="1222" dir="0" index="0" bw="4" slack="1"/>
<pin id="1223" dir="1" index="1" bw="64" slack="0"/>
</pin_list>
<bind>
<opcode="zext(34) " fcode="zext"/>
<opset="zext_ln190/3 "/>
</bind>
</comp>

<comp id="1288" class="1004" name="tmp_fu_1288">
<pin_list>
<pin id="1289" dir="0" index="0" bw="16" slack="0"/>
<pin id="1290" dir="0" index="1" bw="1" slack="0"/>
<pin id="1291" dir="0" index="2" bw="16" slack="0"/>
<pin id="1292" dir="0" index="3" bw="1" slack="0"/>
<pin id="1293" dir="0" index="4" bw="16" slack="0"/>
<pin id="1294" dir="0" index="5" bw="3" slack="0"/>
<pin id="1295" dir="0" index="6" bw="16" slack="0"/>
<pin id="1296" dir="0" index="7" bw="3" slack="0"/>
<pin id="1297" dir="0" index="8" bw="16" slack="0"/>
<pin id="1298" dir="0" index="9" bw="3" slack="0"/>
<pin id="1299" dir="0" index="10" bw="16" slack="0"/>
<pin id="1300" dir="0" index="11" bw="3" slack="0"/>
<pin id="1301" dir="0" index="12" bw="16" slack="0"/>
<pin id="1302" dir="0" index="13" bw="2" slack="0"/>
<pin id="1303" dir="0" index="14" bw="16" slack="0"/>
<pin id="1304" dir="0" index="15" bw="1" slack="0"/>
<pin id="1305" dir="0" index="16" bw="16" slack="0"/>
<pin id="1306" dir="0" index="17" bw="1" slack="0"/>
<pin id="1307" dir="0" index="18" bw="3" slack="2"/>
<pin id="1308" dir="1" index="19" bw="16" slack="0"/>
</pin_list>
<bind>
<opcode="sparsemux(1197) " fcode="sparsemux"/>
<opset="tmp/4 "/>
</bind>
</comp>

<comp id="1327" class="1004" name="tmp_1_fu_1327">
<pin_list>
<pin id="1328" dir="0" index="0" bw="16" slack="0"/>
<pin id="1329" dir="0" index="1" bw="1" slack="0"/>
<pin id="1330" dir="0" index="2" bw="16" slack="0"/>
<pin id="1331" dir="0" index="3" bw="1" slack="0"/>
<pin id="1332" dir="0" index="4" bw="16" slack="0"/>
<pin id="1333" dir="0" index="5" bw="3" slack="0"/>
<pin id="1334" dir="0" index="6" bw="16" slack="0"/>
<pin id="1335" dir="0" index="7" bw="3" slack="0"/>
<pin id="1336" dir="0" index="8" bw="16" slack="0"/>
<pin id="1337" dir="0" index="9" bw="3" slack="0"/>
<pin id="1338" dir="0" index="10" bw="16" slack="0"/>
<pin id="1339" dir="0" index="11" bw="3" slack="0"/>
<pin id="1340" dir="0" index="12" bw="16" slack="0"/>
<pin id="1341" dir="0" index="13" bw="2" slack="0"/>
<pin id="1342" dir="0" index="14" bw="16" slack="0"/>
<pin id="1343" dir="0" index="15" bw="1" slack="0"/>
<pin id="1344" dir="0" index="16" bw="16" slack="0"/>
<pin id="1345" dir="0" index="17" bw="1" slack="0"/>
<pin id="1346" dir="0" index="18" bw="3" slack="2"/>
<pin id="1347" dir="1" index="19" bw="16" slack="0"/>
</pin_list>
<bind>
<opcode="sparsemux(1197) " fcode="sparsemux"/>
<opset="tmp_1/4 "/>
</bind>
</comp>

<comp id="1366" class="1004" name="tmp_2_fu_1366">
<pin_list>
<pin id="1367" dir="0" index="0" bw="16" slack="0"/>
<pin id="1368" dir="0" index="1" bw="1" slack="0"/>
<pin id="1369" dir="0" index="2" bw="16" slack="0"/>
<pin id="1370" dir="0" index="3" bw="1" slack="0"/>
<pin id="1371" dir="0" index="4" bw="16" slack="0"/>
<pin id="1372" dir="0" index="5" bw="3" slack="0"/>
<pin id="1373" dir="0" index="6" bw="16" slack="0"/>
<pin id="1374" dir="0" index="7" bw="3" slack="0"/>
<pin id="1375" dir="0" index="8" bw="16" slack="0"/>
<pin id="1376" dir="0" index="9" bw="3" slack="0"/>
<pin id="1377" dir="0" index="10" bw="16" slack="0"/>
<pin id="1378" dir="0" index="11" bw="3" slack="0"/>
<pin id="1379" dir="0" index="12" bw="16" slack="0"/>
<pin id="1380" dir="0" index="13" bw="2" slack="0"/>
<pin id="1381" dir="0" index="14" bw="16" slack="0"/>
<pin id="1382" dir="0" index="15" bw="1" slack="0"/>
<pin id="1383" dir="0" index="16" bw="16" slack="0"/>
<pin id="1384" dir="0" index="17" bw="1" slack="0"/>
<pin id="1385" dir="0" index="18" bw="3" slack="2"/>
<pin id="1386" dir="1" index="19" bw="16" slack="0"/>
</pin_list>
<bind>
<opcode="sparsemux(1197) " fcode="sparsemux"/>
<opset="tmp_2/4 "/>
</bind>
</comp>

<comp id="1405" class="1004" name="tmp_3_fu_1405">
<pin_list>
<pin id="1406" dir="0" index="0" bw="16" slack="0"/>
<pin id="1407" dir="0" index="1" bw="1" slack="0"/>
<pin id="1408" dir="0" index="2" bw="16" slack="0"/>
<pin id="1409" dir="0" index="3" bw="1" slack="0"/>
<pin id="1410" dir="0" index="4" bw="16" slack="0"/>
<pin id="1411" dir="0" index="5" bw="3" slack="0"/>
<pin id="1412" dir="0" index="6" bw="16" slack="0"/>
<pin id="1413" dir="0" index="7" bw="3" slack="0"/>
<pin id="1414" dir="0" index="8" bw="16" slack="0"/>
<pin id="1415" dir="0" index="9" bw="3" slack="0"/>
<pin id="1416" dir="0" index="10" bw="16" slack="0"/>
<pin id="1417" dir="0" index="11" bw="3" slack="0"/>
<pin id="1418" dir="0" index="12" bw="16" slack="0"/>
<pin id="1419" dir="0" index="13" bw="2" slack="0"/>
<pin id="1420" dir="0" index="14" bw="16" slack="0"/>
<pin id="1421" dir="0" index="15" bw="1" slack="0"/>
<pin id="1422" dir="0" index="16" bw="16" slack="0"/>
<pin id="1423" dir="0" index="17" bw="1" slack="0"/>
<pin id="1424" dir="0" index="18" bw="3" slack="2"/>
<pin id="1425" dir="1" index="19" bw="16" slack="0"/>
</pin_list>
<bind>
<opcode="sparsemux(1197) " fcode="sparsemux"/>
<opset="tmp_3/4 "/>
</bind>
</comp>

<comp id="1444" class="1004" name="tmp_4_fu_1444">
<pin_list>
<pin id="1445" dir="0" index="0" bw="16" slack="0"/>
<pin id="1446" dir="0" index="1" bw="1" slack="0"/>
<pin id="1447" dir="0" index="2" bw="16" slack="0"/>
<pin id="1448" dir="0" index="3" bw="1" slack="0"/>
<pin id="1449" dir="0" index="4" bw="16" slack="0"/>
<pin id="1450" dir="0" index="5" bw="3" slack="0"/>
<pin id="1451" dir="0" index="6" bw="16" slack="0"/>
<pin id="1452" dir="0" index="7" bw="3" slack="0"/>
<pin id="1453" dir="0" index="8" bw="16" slack="0"/>
<pin id="1454" dir="0" index="9" bw="3" slack="0"/>
<pin id="1455" dir="0" index="10" bw="16" slack="0"/>
<pin id="1456" dir="0" index="11" bw="3" slack="0"/>
<pin id="1457" dir="0" index="12" bw="16" slack="0"/>
<pin id="1458" dir="0" index="13" bw="2" slack="0"/>
<pin id="1459" dir="0" index="14" bw="16" slack="0"/>
<pin id="1460" dir="0" index="15" bw="1" slack="0"/>
<pin id="1461" dir="0" index="16" bw="16" slack="0"/>
<pin id="1462" dir="0" index="17" bw="1" slack="0"/>
<pin id="1463" dir="0" index="18" bw="3" slack="2"/>
<pin id="1464" dir="1" index="19" bw="16" slack="0"/>
</pin_list>
<bind>
<opcode="sparsemux(1197) " fcode="sparsemux"/>
<opset="tmp_4/4 "/>
</bind>
</comp>

<comp id="1483" class="1004" name="tmp_5_fu_1483">
<pin_list>
<pin id="1484" dir="0" index="0" bw="16" slack="0"/>
<pin id="1485" dir="0" index="1" bw="1" slack="0"/>
<pin id="1486" dir="0" index="2" bw="16" slack="0"/>
<pin id="1487" dir="0" index="3" bw="1" slack="0"/>
<pin id="1488" dir="0" index="4" bw="16" slack="0"/>
<pin id="1489" dir="0" index="5" bw="3" slack="0"/>
<pin id="1490" dir="0" index="6" bw="16" slack="0"/>
<pin id="1491" dir="0" index="7" bw="3" slack="0"/>
<pin id="1492" dir="0" index="8" bw="16" slack="0"/>
<pin id="1493" dir="0" index="9" bw="3" slack="0"/>
<pin id="1494" dir="0" index="10" bw="16" slack="0"/>
<pin id="1495" dir="0" index="11" bw="3" slack="0"/>
<pin id="1496" dir="0" index="12" bw="16" slack="0"/>
<pin id="1497" dir="0" index="13" bw="2" slack="0"/>
<pin id="1498" dir="0" index="14" bw="16" slack="0"/>
<pin id="1499" dir="0" index="15" bw="1" slack="0"/>
<pin id="1500" dir="0" index="16" bw="16" slack="0"/>
<pin id="1501" dir="0" index="17" bw="1" slack="0"/>
<pin id="1502" dir="0" index="18" bw="3" slack="2"/>
<pin id="1503" dir="1" index="19" bw="16" slack="0"/>
</pin_list>
<bind>
<opcode="sparsemux(1197) " fcode="sparsemux"/>
<opset="tmp_5/4 "/>
</bind>
</comp>

<comp id="1522" class="1004" name="tmp_6_fu_1522">
<pin_list>
<pin id="1523" dir="0" index="0" bw="16" slack="0"/>
<pin id="1524" dir="0" index="1" bw="1" slack="0"/>
<pin id="1525" dir="0" index="2" bw="16" slack="0"/>
<pin id="1526" dir="0" index="3" bw="1" slack="0"/>
<pin id="1527" dir="0" index="4" bw="16" slack="0"/>
<pin id="1528" dir="0" index="5" bw="3" slack="0"/>
<pin id="1529" dir="0" index="6" bw="16" slack="0"/>
<pin id="1530" dir="0" index="7" bw="3" slack="0"/>
<pin id="1531" dir="0" index="8" bw="16" slack="0"/>
<pin id="1532" dir="0" index="9" bw="3" slack="0"/>
<pin id="1533" dir="0" index="10" bw="16" slack="0"/>
<pin id="1534" dir="0" index="11" bw="3" slack="0"/>
<pin id="1535" dir="0" index="12" bw="16" slack="0"/>
<pin id="1536" dir="0" index="13" bw="2" slack="0"/>
<pin id="1537" dir="0" index="14" bw="16" slack="0"/>
<pin id="1538" dir="0" index="15" bw="1" slack="0"/>
<pin id="1539" dir="0" index="16" bw="16" slack="0"/>
<pin id="1540" dir="0" index="17" bw="1" slack="0"/>
<pin id="1541" dir="0" index="18" bw="3" slack="2"/>
<pin id="1542" dir="1" index="19" bw="16" slack="0"/>
</pin_list>
<bind>
<opcode="sparsemux(1197) " fcode="sparsemux"/>
<opset="tmp_6/4 "/>
</bind>
</comp>

<comp id="1561" class="1004" name="tmp_7_fu_1561">
<pin_list>
<pin id="1562" dir="0" index="0" bw="16" slack="0"/>
<pin id="1563" dir="0" index="1" bw="1" slack="0"/>
<pin id="1564" dir="0" index="2" bw="16" slack="0"/>
<pin id="1565" dir="0" index="3" bw="1" slack="0"/>
<pin id="1566" dir="0" index="4" bw="16" slack="0"/>
<pin id="1567" dir="0" index="5" bw="3" slack="0"/>
<pin id="1568" dir="0" index="6" bw="16" slack="0"/>
<pin id="1569" dir="0" index="7" bw="3" slack="0"/>
<pin id="1570" dir="0" index="8" bw="16" slack="0"/>
<pin id="1571" dir="0" index="9" bw="3" slack="0"/>
<pin id="1572" dir="0" index="10" bw="16" slack="0"/>
<pin id="1573" dir="0" index="11" bw="3" slack="0"/>
<pin id="1574" dir="0" index="12" bw="16" slack="0"/>
<pin id="1575" dir="0" index="13" bw="2" slack="0"/>
<pin id="1576" dir="0" index="14" bw="16" slack="0"/>
<pin id="1577" dir="0" index="15" bw="1" slack="0"/>
<pin id="1578" dir="0" index="16" bw="16" slack="0"/>
<pin id="1579" dir="0" index="17" bw="1" slack="0"/>
<pin id="1580" dir="0" index="18" bw="3" slack="2"/>
<pin id="1581" dir="1" index="19" bw="16" slack="0"/>
</pin_list>
<bind>
<opcode="sparsemux(1197) " fcode="sparsemux"/>
<opset="tmp_7/4 "/>
</bind>
</comp>

<comp id="1600" class="1004" name="tmp_8_fu_1600">
<pin_list>
<pin id="1601" dir="0" index="0" bw="16" slack="0"/>
<pin id="1602" dir="0" index="1" bw="1" slack="0"/>
<pin id="1603" dir="0" index="2" bw="16" slack="0"/>
<pin id="1604" dir="0" index="3" bw="1" slack="0"/>
<pin id="1605" dir="0" index="4" bw="16" slack="0"/>
<pin id="1606" dir="0" index="5" bw="3" slack="0"/>
<pin id="1607" dir="0" index="6" bw="16" slack="0"/>
<pin id="1608" dir="0" index="7" bw="3" slack="0"/>
<pin id="1609" dir="0" index="8" bw="16" slack="0"/>
<pin id="1610" dir="0" index="9" bw="3" slack="0"/>
<pin id="1611" dir="0" index="10" bw="16" slack="0"/>
<pin id="1612" dir="0" index="11" bw="3" slack="0"/>
<pin id="1613" dir="0" index="12" bw="16" slack="0"/>
<pin id="1614" dir="0" index="13" bw="2" slack="0"/>
<pin id="1615" dir="0" index="14" bw="16" slack="0"/>
<pin id="1616" dir="0" index="15" bw="1" slack="0"/>
<pin id="1617" dir="0" index="16" bw="16" slack="0"/>
<pin id="1618" dir="0" index="17" bw="1" slack="0"/>
<pin id="1619" dir="0" index="18" bw="3" slack="2"/>
<pin id="1620" dir="1" index="19" bw="16" slack="1"/>
</pin_list>
<bind>
<opcode="sparsemux(1197) " fcode="sparsemux"/>
<opset="tmp_8/4 "/>
</bind>
</comp>

<comp id="1639" class="1004" name="gmem2_addr_fu_1639">
<pin_list>
<pin id="1640" dir="0" index="0" bw="64" slack="0"/>
<pin id="1641" dir="0" index="1" bw="64" slack="4"/>
<pin id="1642" dir="1" index="2" bw="64" slack="0"/>
</pin_list>
<bind>
<opcode="getelementptr(29) " fcode="getelementptr"/>
<opset="gmem2_addr/5 "/>
</bind>
</comp>

<comp id="1645" class="1005" name="j_reg_1645">
<pin_list>
<pin id="1646" dir="0" index="0" bw="31" slack="0"/>
<pin id="1647" dir="1" index="1" bw="31" slack="0"/>
</pin_list>
<bind>
<opset="j "/>
</bind>
</comp>

<comp id="1652" class="1005" name="i_reg_1652">
<pin_list>
<pin id="1653" dir="0" index="0" bw="31" slack="0"/>
<pin id="1654" dir="1" index="1" bw="31" slack="0"/>
</pin_list>
<bind>
<opset="i "/>
</bind>
</comp>

<comp id="1659" class="1005" name="indvar_flatten26_reg_1659">
<pin_list>
<pin id="1660" dir="0" index="0" bw="64" slack="0"/>
<pin id="1661" dir="1" index="1" bw="64" slack="0"/>
</pin_list>
<bind>
<opset="indvar_flatten26 "/>
</bind>
</comp>

<comp id="1666" class="1005" name="mul_ln185_1_read_reg_1666">
<pin_list>
<pin id="1667" dir="0" index="0" bw="64" slack="1"/>
<pin id="1668" dir="1" index="1" bw="64" slack="1"/>
</pin_list>
<bind>
<opset="mul_ln185_1_read "/>
</bind>
</comp>

<comp id="1671" class="1005" name="b_col_read_reg_1671">
<pin_list>
<pin id="1672" dir="0" index="0" bw="32" slack="1"/>
<pin id="1673" dir="1" index="1" bw="32" slack="1"/>
</pin_list>
<bind>
<opset="b_col_read "/>
</bind>
</comp>

<comp id="1676" class="1005" name="sext_ln185_cast_reg_1676">
<pin_list>
<pin id="1677" dir="0" index="0" bw="64" slack="4"/>
<pin id="1678" dir="1" index="1" bw="64" slack="4"/>
</pin_list>
<bind>
<opset="sext_ln185_cast "/>
</bind>
</comp>

<comp id="1681" class="1005" name="icmp_ln185_reg_1681">
<pin_list>
<pin id="1682" dir="0" index="0" bw="1" slack="2"/>
<pin id="1683" dir="1" index="1" bw="1" slack="2147483647"/>
</pin_list>
<bind>
<opset="icmp_ln185 "/>
</bind>
</comp>

<comp id="1685" class="1005" name="trunc_ln185_reg_1685">
<pin_list>
<pin id="1686" dir="0" index="0" bw="3" slack="1"/>
<pin id="1687" dir="1" index="1" bw="3" slack="2"/>
</pin_list>
<bind>
<opset="trunc_ln185 "/>
</bind>
</comp>

<comp id="1690" class="1005" name="trunc_ln187_reg_1690">
<pin_list>
<pin id="1691" dir="0" index="0" bw="3" slack="1"/>
<pin id="1692" dir="1" index="1" bw="3" slack="2"/>
</pin_list>
<bind>
<opset="trunc_ln187 "/>
</bind>
</comp>

<comp id="1702" class="1005" name="add_ln190_reg_1702">
<pin_list>
<pin id="1703" dir="0" index="0" bw="4" slack="1"/>
<pin id="1704" dir="1" index="1" bw="4" slack="1"/>
</pin_list>
<bind>
<opset="add_ln190 "/>
</bind>
</comp>

<comp id="1707" class="1005" name="localC_addr_reg_1707">
<pin_list>
<pin id="1708" dir="0" index="0" bw="4" slack="1"/>
<pin id="1709" dir="1" index="1" bw="4" slack="1"/>
</pin_list>
<bind>
<opset="localC_addr "/>
</bind>
</comp>

<comp id="1712" class="1005" name="localC_1_addr_reg_1712">
<pin_list>
<pin id="1713" dir="0" index="0" bw="4" slack="1"/>
<pin id="1714" dir="1" index="1" bw="4" slack="1"/>
</pin_list>
<bind>
<opset="localC_1_addr "/>
</bind>
</comp>

<comp id="1717" class="1005" name="localC_2_addr_reg_1717">
<pin_list>
<pin id="1718" dir="0" index="0" bw="4" slack="1"/>
<pin id="1719" dir="1" index="1" bw="4" slack="1"/>
</pin_list>
<bind>
<opset="localC_2_addr "/>
</bind>
</comp>

<comp id="1722" class="1005" name="localC_3_addr_reg_1722">
<pin_list>
<pin id="1723" dir="0" index="0" bw="4" slack="1"/>
<pin id="1724" dir="1" index="1" bw="4" slack="1"/>
</pin_list>
<bind>
<opset="localC_3_addr "/>
</bind>
</comp>

<comp id="1727" class="1005" name="localC_4_addr_reg_1727">
<pin_list>
<pin id="1728" dir="0" index="0" bw="4" slack="1"/>
<pin id="1729" dir="1" index="1" bw="4" slack="1"/>
</pin_list>
<bind>
<opset="localC_4_addr "/>
</bind>
</comp>

<comp id="1732" class="1005" name="localC_5_addr_reg_1732">
<pin_list>
<pin id="1733" dir="0" index="0" bw="4" slack="1"/>
<pin id="1734" dir="1" index="1" bw="4" slack="1"/>
</pin_list>
<bind>
<opset="localC_5_addr "/>
</bind>
</comp>

<comp id="1737" class="1005" name="localC_6_addr_reg_1737">
<pin_list>
<pin id="1738" dir="0" index="0" bw="4" slack="1"/>
<pin id="1739" dir="1" index="1" bw="4" slack="1"/>
</pin_list>
<bind>
<opset="localC_6_addr "/>
</bind>
</comp>

<comp id="1742" class="1005" name="localC_7_addr_reg_1742">
<pin_list>
<pin id="1743" dir="0" index="0" bw="4" slack="1"/>
<pin id="1744" dir="1" index="1" bw="4" slack="1"/>
</pin_list>
<bind>
<opset="localC_7_addr "/>
</bind>
</comp>

<comp id="1747" class="1005" name="localC_8_addr_reg_1747">
<pin_list>
<pin id="1748" dir="0" index="0" bw="4" slack="1"/>
<pin id="1749" dir="1" index="1" bw="4" slack="1"/>
</pin_list>
<bind>
<opset="localC_8_addr "/>
</bind>
</comp>

<comp id="1752" class="1005" name="localC_9_addr_reg_1752">
<pin_list>
<pin id="1753" dir="0" index="0" bw="4" slack="1"/>
<pin id="1754" dir="1" index="1" bw="4" slack="1"/>
</pin_list>
<bind>
<opset="localC_9_addr "/>
</bind>
</comp>

<comp id="1757" class="1005" name="localC_10_addr_reg_1757">
<pin_list>
<pin id="1758" dir="0" index="0" bw="4" slack="1"/>
<pin id="1759" dir="1" index="1" bw="4" slack="1"/>
</pin_list>
<bind>
<opset="localC_10_addr "/>
</bind>
</comp>

<comp id="1762" class="1005" name="localC_11_addr_reg_1762">
<pin_list>
<pin id="1763" dir="0" index="0" bw="4" slack="1"/>
<pin id="1764" dir="1" index="1" bw="4" slack="1"/>
</pin_list>
<bind>
<opset="localC_11_addr "/>
</bind>
</comp>

<comp id="1767" class="1005" name="localC_12_addr_reg_1767">
<pin_list>
<pin id="1768" dir="0" index="0" bw="4" slack="1"/>
<pin id="1769" dir="1" index="1" bw="4" slack="1"/>
</pin_list>
<bind>
<opset="localC_12_addr "/>
</bind>
</comp>

<comp id="1772" class="1005" name="localC_13_addr_reg_1772">
<pin_list>
<pin id="1773" dir="0" index="0" bw="4" slack="1"/>
<pin id="1774" dir="1" index="1" bw="4" slack="1"/>
</pin_list>
<bind>
<opset="localC_13_addr "/>
</bind>
</comp>

<comp id="1777" class="1005" name="localC_14_addr_reg_1777">
<pin_list>
<pin id="1778" dir="0" index="0" bw="4" slack="1"/>
<pin id="1779" dir="1" index="1" bw="4" slack="1"/>
</pin_list>
<bind>
<opset="localC_14_addr "/>
</bind>
</comp>

<comp id="1782" class="1005" name="localC_15_addr_reg_1782">
<pin_list>
<pin id="1783" dir="0" index="0" bw="4" slack="1"/>
<pin id="1784" dir="1" index="1" bw="4" slack="1"/>
</pin_list>
<bind>
<opset="localC_15_addr "/>
</bind>
</comp>

<comp id="1787" class="1005" name="localC_16_addr_reg_1787">
<pin_list>
<pin id="1788" dir="0" index="0" bw="4" slack="1"/>
<pin id="1789" dir="1" index="1" bw="4" slack="1"/>
</pin_list>
<bind>
<opset="localC_16_addr "/>
</bind>
</comp>

<comp id="1792" class="1005" name="localC_17_addr_reg_1792">
<pin_list>
<pin id="1793" dir="0" index="0" bw="4" slack="1"/>
<pin id="1794" dir="1" index="1" bw="4" slack="1"/>
</pin_list>
<bind>
<opset="localC_17_addr "/>
</bind>
</comp>

<comp id="1797" class="1005" name="localC_18_addr_reg_1797">
<pin_list>
<pin id="1798" dir="0" index="0" bw="4" slack="1"/>
<pin id="1799" dir="1" index="1" bw="4" slack="1"/>
</pin_list>
<bind>
<opset="localC_18_addr "/>
</bind>
</comp>

<comp id="1802" class="1005" name="localC_19_addr_reg_1802">
<pin_list>
<pin id="1803" dir="0" index="0" bw="4" slack="1"/>
<pin id="1804" dir="1" index="1" bw="4" slack="1"/>
</pin_list>
<bind>
<opset="localC_19_addr "/>
</bind>
</comp>

<comp id="1807" class="1005" name="localC_20_addr_reg_1807">
<pin_list>
<pin id="1808" dir="0" index="0" bw="4" slack="1"/>
<pin id="1809" dir="1" index="1" bw="4" slack="1"/>
</pin_list>
<bind>
<opset="localC_20_addr "/>
</bind>
</comp>

<comp id="1812" class="1005" name="localC_21_addr_reg_1812">
<pin_list>
<pin id="1813" dir="0" index="0" bw="4" slack="1"/>
<pin id="1814" dir="1" index="1" bw="4" slack="1"/>
</pin_list>
<bind>
<opset="localC_21_addr "/>
</bind>
</comp>

<comp id="1817" class="1005" name="localC_22_addr_reg_1817">
<pin_list>
<pin id="1818" dir="0" index="0" bw="4" slack="1"/>
<pin id="1819" dir="1" index="1" bw="4" slack="1"/>
</pin_list>
<bind>
<opset="localC_22_addr "/>
</bind>
</comp>

<comp id="1822" class="1005" name="localC_23_addr_reg_1822">
<pin_list>
<pin id="1823" dir="0" index="0" bw="4" slack="1"/>
<pin id="1824" dir="1" index="1" bw="4" slack="1"/>
</pin_list>
<bind>
<opset="localC_23_addr "/>
</bind>
</comp>

<comp id="1827" class="1005" name="localC_24_addr_reg_1827">
<pin_list>
<pin id="1828" dir="0" index="0" bw="4" slack="1"/>
<pin id="1829" dir="1" index="1" bw="4" slack="1"/>
</pin_list>
<bind>
<opset="localC_24_addr "/>
</bind>
</comp>

<comp id="1832" class="1005" name="localC_25_addr_reg_1832">
<pin_list>
<pin id="1833" dir="0" index="0" bw="4" slack="1"/>
<pin id="1834" dir="1" index="1" bw="4" slack="1"/>
</pin_list>
<bind>
<opset="localC_25_addr "/>
</bind>
</comp>

<comp id="1837" class="1005" name="localC_26_addr_reg_1837">
<pin_list>
<pin id="1838" dir="0" index="0" bw="4" slack="1"/>
<pin id="1839" dir="1" index="1" bw="4" slack="1"/>
</pin_list>
<bind>
<opset="localC_26_addr "/>
</bind>
</comp>

<comp id="1842" class="1005" name="localC_27_addr_reg_1842">
<pin_list>
<pin id="1843" dir="0" index="0" bw="4" slack="1"/>
<pin id="1844" dir="1" index="1" bw="4" slack="1"/>
</pin_list>
<bind>
<opset="localC_27_addr "/>
</bind>
</comp>

<comp id="1847" class="1005" name="localC_28_addr_reg_1847">
<pin_list>
<pin id="1848" dir="0" index="0" bw="4" slack="1"/>
<pin id="1849" dir="1" index="1" bw="4" slack="1"/>
</pin_list>
<bind>
<opset="localC_28_addr "/>
</bind>
</comp>

<comp id="1852" class="1005" name="localC_29_addr_reg_1852">
<pin_list>
<pin id="1853" dir="0" index="0" bw="4" slack="1"/>
<pin id="1854" dir="1" index="1" bw="4" slack="1"/>
</pin_list>
<bind>
<opset="localC_29_addr "/>
</bind>
</comp>

<comp id="1857" class="1005" name="localC_30_addr_reg_1857">
<pin_list>
<pin id="1858" dir="0" index="0" bw="4" slack="1"/>
<pin id="1859" dir="1" index="1" bw="4" slack="1"/>
</pin_list>
<bind>
<opset="localC_30_addr "/>
</bind>
</comp>

<comp id="1862" class="1005" name="localC_31_addr_reg_1862">
<pin_list>
<pin id="1863" dir="0" index="0" bw="4" slack="1"/>
<pin id="1864" dir="1" index="1" bw="4" slack="1"/>
</pin_list>
<bind>
<opset="localC_31_addr "/>
</bind>
</comp>

<comp id="1867" class="1005" name="localC_32_addr_reg_1867">
<pin_list>
<pin id="1868" dir="0" index="0" bw="4" slack="1"/>
<pin id="1869" dir="1" index="1" bw="4" slack="1"/>
</pin_list>
<bind>
<opset="localC_32_addr "/>
</bind>
</comp>

<comp id="1872" class="1005" name="localC_33_addr_reg_1872">
<pin_list>
<pin id="1873" dir="0" index="0" bw="4" slack="1"/>
<pin id="1874" dir="1" index="1" bw="4" slack="1"/>
</pin_list>
<bind>
<opset="localC_33_addr "/>
</bind>
</comp>

<comp id="1877" class="1005" name="localC_34_addr_reg_1877">
<pin_list>
<pin id="1878" dir="0" index="0" bw="4" slack="1"/>
<pin id="1879" dir="1" index="1" bw="4" slack="1"/>
</pin_list>
<bind>
<opset="localC_34_addr "/>
</bind>
</comp>

<comp id="1882" class="1005" name="localC_35_addr_reg_1882">
<pin_list>
<pin id="1883" dir="0" index="0" bw="4" slack="1"/>
<pin id="1884" dir="1" index="1" bw="4" slack="1"/>
</pin_list>
<bind>
<opset="localC_35_addr "/>
</bind>
</comp>

<comp id="1887" class="1005" name="localC_36_addr_reg_1887">
<pin_list>
<pin id="1888" dir="0" index="0" bw="4" slack="1"/>
<pin id="1889" dir="1" index="1" bw="4" slack="1"/>
</pin_list>
<bind>
<opset="localC_36_addr "/>
</bind>
</comp>

<comp id="1892" class="1005" name="localC_37_addr_reg_1892">
<pin_list>
<pin id="1893" dir="0" index="0" bw="4" slack="1"/>
<pin id="1894" dir="1" index="1" bw="4" slack="1"/>
</pin_list>
<bind>
<opset="localC_37_addr "/>
</bind>
</comp>

<comp id="1897" class="1005" name="localC_38_addr_reg_1897">
<pin_list>
<pin id="1898" dir="0" index="0" bw="4" slack="1"/>
<pin id="1899" dir="1" index="1" bw="4" slack="1"/>
</pin_list>
<bind>
<opset="localC_38_addr "/>
</bind>
</comp>

<comp id="1902" class="1005" name="localC_39_addr_reg_1902">
<pin_list>
<pin id="1903" dir="0" index="0" bw="4" slack="1"/>
<pin id="1904" dir="1" index="1" bw="4" slack="1"/>
</pin_list>
<bind>
<opset="localC_39_addr "/>
</bind>
</comp>

<comp id="1907" class="1005" name="localC_40_addr_reg_1907">
<pin_list>
<pin id="1908" dir="0" index="0" bw="4" slack="1"/>
<pin id="1909" dir="1" index="1" bw="4" slack="1"/>
</pin_list>
<bind>
<opset="localC_40_addr "/>
</bind>
</comp>

<comp id="1912" class="1005" name="localC_41_addr_reg_1912">
<pin_list>
<pin id="1913" dir="0" index="0" bw="4" slack="1"/>
<pin id="1914" dir="1" index="1" bw="4" slack="1"/>
</pin_list>
<bind>
<opset="localC_41_addr "/>
</bind>
</comp>

<comp id="1917" class="1005" name="localC_42_addr_reg_1917">
<pin_list>
<pin id="1918" dir="0" index="0" bw="4" slack="1"/>
<pin id="1919" dir="1" index="1" bw="4" slack="1"/>
</pin_list>
<bind>
<opset="localC_42_addr "/>
</bind>
</comp>

<comp id="1922" class="1005" name="localC_43_addr_reg_1922">
<pin_list>
<pin id="1923" dir="0" index="0" bw="4" slack="1"/>
<pin id="1924" dir="1" index="1" bw="4" slack="1"/>
</pin_list>
<bind>
<opset="localC_43_addr "/>
</bind>
</comp>

<comp id="1927" class="1005" name="localC_44_addr_reg_1927">
<pin_list>
<pin id="1928" dir="0" index="0" bw="4" slack="1"/>
<pin id="1929" dir="1" index="1" bw="4" slack="1"/>
</pin_list>
<bind>
<opset="localC_44_addr "/>
</bind>
</comp>

<comp id="1932" class="1005" name="localC_45_addr_reg_1932">
<pin_list>
<pin id="1933" dir="0" index="0" bw="4" slack="1"/>
<pin id="1934" dir="1" index="1" bw="4" slack="1"/>
</pin_list>
<bind>
<opset="localC_45_addr "/>
</bind>
</comp>

<comp id="1937" class="1005" name="localC_46_addr_reg_1937">
<pin_list>
<pin id="1938" dir="0" index="0" bw="4" slack="1"/>
<pin id="1939" dir="1" index="1" bw="4" slack="1"/>
</pin_list>
<bind>
<opset="localC_46_addr "/>
</bind>
</comp>

<comp id="1942" class="1005" name="localC_47_addr_reg_1942">
<pin_list>
<pin id="1943" dir="0" index="0" bw="4" slack="1"/>
<pin id="1944" dir="1" index="1" bw="4" slack="1"/>
</pin_list>
<bind>
<opset="localC_47_addr "/>
</bind>
</comp>

<comp id="1947" class="1005" name="localC_48_addr_reg_1947">
<pin_list>
<pin id="1948" dir="0" index="0" bw="4" slack="1"/>
<pin id="1949" dir="1" index="1" bw="4" slack="1"/>
</pin_list>
<bind>
<opset="localC_48_addr "/>
</bind>
</comp>

<comp id="1952" class="1005" name="localC_49_addr_reg_1952">
<pin_list>
<pin id="1953" dir="0" index="0" bw="4" slack="1"/>
<pin id="1954" dir="1" index="1" bw="4" slack="1"/>
</pin_list>
<bind>
<opset="localC_49_addr "/>
</bind>
</comp>

<comp id="1957" class="1005" name="localC_50_addr_reg_1957">
<pin_list>
<pin id="1958" dir="0" index="0" bw="4" slack="1"/>
<pin id="1959" dir="1" index="1" bw="4" slack="1"/>
</pin_list>
<bind>
<opset="localC_50_addr "/>
</bind>
</comp>

<comp id="1962" class="1005" name="localC_51_addr_reg_1962">
<pin_list>
<pin id="1963" dir="0" index="0" bw="4" slack="1"/>
<pin id="1964" dir="1" index="1" bw="4" slack="1"/>
</pin_list>
<bind>
<opset="localC_51_addr "/>
</bind>
</comp>

<comp id="1967" class="1005" name="localC_52_addr_reg_1967">
<pin_list>
<pin id="1968" dir="0" index="0" bw="4" slack="1"/>
<pin id="1969" dir="1" index="1" bw="4" slack="1"/>
</pin_list>
<bind>
<opset="localC_52_addr "/>
</bind>
</comp>

<comp id="1972" class="1005" name="localC_53_addr_reg_1972">
<pin_list>
<pin id="1973" dir="0" index="0" bw="4" slack="1"/>
<pin id="1974" dir="1" index="1" bw="4" slack="1"/>
</pin_list>
<bind>
<opset="localC_53_addr "/>
</bind>
</comp>

<comp id="1977" class="1005" name="localC_54_addr_reg_1977">
<pin_list>
<pin id="1978" dir="0" index="0" bw="4" slack="1"/>
<pin id="1979" dir="1" index="1" bw="4" slack="1"/>
</pin_list>
<bind>
<opset="localC_54_addr "/>
</bind>
</comp>

<comp id="1982" class="1005" name="localC_55_addr_reg_1982">
<pin_list>
<pin id="1983" dir="0" index="0" bw="4" slack="1"/>
<pin id="1984" dir="1" index="1" bw="4" slack="1"/>
</pin_list>
<bind>
<opset="localC_55_addr "/>
</bind>
</comp>

<comp id="1987" class="1005" name="localC_56_addr_reg_1987">
<pin_list>
<pin id="1988" dir="0" index="0" bw="4" slack="1"/>
<pin id="1989" dir="1" index="1" bw="4" slack="1"/>
</pin_list>
<bind>
<opset="localC_56_addr "/>
</bind>
</comp>

<comp id="1992" class="1005" name="localC_57_addr_reg_1992">
<pin_list>
<pin id="1993" dir="0" index="0" bw="4" slack="1"/>
<pin id="1994" dir="1" index="1" bw="4" slack="1"/>
</pin_list>
<bind>
<opset="localC_57_addr "/>
</bind>
</comp>

<comp id="1997" class="1005" name="localC_58_addr_reg_1997">
<pin_list>
<pin id="1998" dir="0" index="0" bw="4" slack="1"/>
<pin id="1999" dir="1" index="1" bw="4" slack="1"/>
</pin_list>
<bind>
<opset="localC_58_addr "/>
</bind>
</comp>

<comp id="2002" class="1005" name="localC_59_addr_reg_2002">
<pin_list>
<pin id="2003" dir="0" index="0" bw="4" slack="1"/>
<pin id="2004" dir="1" index="1" bw="4" slack="1"/>
</pin_list>
<bind>
<opset="localC_59_addr "/>
</bind>
</comp>

<comp id="2007" class="1005" name="localC_60_addr_reg_2007">
<pin_list>
<pin id="2008" dir="0" index="0" bw="4" slack="1"/>
<pin id="2009" dir="1" index="1" bw="4" slack="1"/>
</pin_list>
<bind>
<opset="localC_60_addr "/>
</bind>
</comp>

<comp id="2012" class="1005" name="localC_61_addr_reg_2012">
<pin_list>
<pin id="2013" dir="0" index="0" bw="4" slack="1"/>
<pin id="2014" dir="1" index="1" bw="4" slack="1"/>
</pin_list>
<bind>
<opset="localC_61_addr "/>
</bind>
</comp>

<comp id="2017" class="1005" name="localC_62_addr_reg_2017">
<pin_list>
<pin id="2018" dir="0" index="0" bw="4" slack="1"/>
<pin id="2019" dir="1" index="1" bw="4" slack="1"/>
</pin_list>
<bind>
<opset="localC_62_addr "/>
</bind>
</comp>

<comp id="2022" class="1005" name="localC_63_addr_reg_2022">
<pin_list>
<pin id="2023" dir="0" index="0" bw="4" slack="1"/>
<pin id="2024" dir="1" index="1" bw="4" slack="1"/>
</pin_list>
<bind>
<opset="localC_63_addr "/>
</bind>
</comp>

<comp id="2027" class="1005" name="tmp_8_reg_2027">
<pin_list>
<pin id="2028" dir="0" index="0" bw="16" slack="1"/>
<pin id="2029" dir="1" index="1" bw="16" slack="1"/>
</pin_list>
<bind>
<opset="tmp_8 "/>
</bind>
</comp>

</comp_list>

<net_list>
<net id="221"><net_src comp="136" pin="0"/><net_sink comp="218" pin=0"/></net>

<net id="225"><net_src comp="136" pin="0"/><net_sink comp="222" pin=0"/></net>

<net id="229"><net_src comp="136" pin="0"/><net_sink comp="226" pin=0"/></net>

<net id="234"><net_src comp="138" pin="0"/><net_sink comp="230" pin=0"/></net>

<net id="235"><net_src comp="6" pin="0"/><net_sink comp="230" pin=1"/></net>

<net id="240"><net_src comp="140" pin="0"/><net_sink comp="236" pin=0"/></net>

<net id="241"><net_src comp="4" pin="0"/><net_sink comp="236" pin=1"/></net>

<net id="246"><net_src comp="142" pin="0"/><net_sink comp="242" pin=0"/></net>

<net id="247"><net_src comp="2" pin="0"/><net_sink comp="242" pin=1"/></net>

<net id="254"><net_src comp="214" pin="0"/><net_sink comp="248" pin=0"/></net>

<net id="255"><net_src comp="216" pin="0"/><net_sink comp="248" pin=3"/></net>

<net id="261"><net_src comp="8" pin="0"/><net_sink comp="256" pin=0"/></net>

<net id="262"><net_src comp="160" pin="0"/><net_sink comp="256" pin=1"/></net>

<net id="268"><net_src comp="10" pin="0"/><net_sink comp="263" pin=0"/></net>

<net id="269"><net_src comp="160" pin="0"/><net_sink comp="263" pin=1"/></net>

<net id="275"><net_src comp="12" pin="0"/><net_sink comp="270" pin=0"/></net>

<net id="276"><net_src comp="160" pin="0"/><net_sink comp="270" pin=1"/></net>

<net id="282"><net_src comp="14" pin="0"/><net_sink comp="277" pin=0"/></net>

<net id="283"><net_src comp="160" pin="0"/><net_sink comp="277" pin=1"/></net>

<net id="289"><net_src comp="16" pin="0"/><net_sink comp="284" pin=0"/></net>

<net id="290"><net_src comp="160" pin="0"/><net_sink comp="284" pin=1"/></net>

<net id="296"><net_src comp="18" pin="0"/><net_sink comp="291" pin=0"/></net>

<net id="297"><net_src comp="160" pin="0"/><net_sink comp="291" pin=1"/></net>

<net id="303"><net_src comp="20" pin="0"/><net_sink comp="298" pin=0"/></net>

<net id="304"><net_src comp="160" pin="0"/><net_sink comp="298" pin=1"/></net>

<net id="310"><net_src comp="22" pin="0"/><net_sink comp="305" pin=0"/></net>

<net id="311"><net_src comp="160" pin="0"/><net_sink comp="305" pin=1"/></net>

<net id="317"><net_src comp="24" pin="0"/><net_sink comp="312" pin=0"/></net>

<net id="318"><net_src comp="160" pin="0"/><net_sink comp="312" pin=1"/></net>

<net id="324"><net_src comp="26" pin="0"/><net_sink comp="319" pin=0"/></net>

<net id="325"><net_src comp="160" pin="0"/><net_sink comp="319" pin=1"/></net>

<net id="331"><net_src comp="28" pin="0"/><net_sink comp="326" pin=0"/></net>

<net id="332"><net_src comp="160" pin="0"/><net_sink comp="326" pin=1"/></net>

<net id="338"><net_src comp="30" pin="0"/><net_sink comp="333" pin=0"/></net>

<net id="339"><net_src comp="160" pin="0"/><net_sink comp="333" pin=1"/></net>

<net id="345"><net_src comp="32" pin="0"/><net_sink comp="340" pin=0"/></net>

<net id="346"><net_src comp="160" pin="0"/><net_sink comp="340" pin=1"/></net>

<net id="352"><net_src comp="34" pin="0"/><net_sink comp="347" pin=0"/></net>

<net id="353"><net_src comp="160" pin="0"/><net_sink comp="347" pin=1"/></net>

<net id="359"><net_src comp="36" pin="0"/><net_sink comp="354" pin=0"/></net>

<net id="360"><net_src comp="160" pin="0"/><net_sink comp="354" pin=1"/></net>

<net id="366"><net_src comp="38" pin="0"/><net_sink comp="361" pin=0"/></net>

<net id="367"><net_src comp="160" pin="0"/><net_sink comp="361" pin=1"/></net>

<net id="373"><net_src comp="40" pin="0"/><net_sink comp="368" pin=0"/></net>

<net id="374"><net_src comp="160" pin="0"/><net_sink comp="368" pin=1"/></net>

<net id="380"><net_src comp="42" pin="0"/><net_sink comp="375" pin=0"/></net>

<net id="381"><net_src comp="160" pin="0"/><net_sink comp="375" pin=1"/></net>

<net id="387"><net_src comp="44" pin="0"/><net_sink comp="382" pin=0"/></net>

<net id="388"><net_src comp="160" pin="0"/><net_sink comp="382" pin=1"/></net>

<net id="394"><net_src comp="46" pin="0"/><net_sink comp="389" pin=0"/></net>

<net id="395"><net_src comp="160" pin="0"/><net_sink comp="389" pin=1"/></net>

<net id="401"><net_src comp="48" pin="0"/><net_sink comp="396" pin=0"/></net>

<net id="402"><net_src comp="160" pin="0"/><net_sink comp="396" pin=1"/></net>

<net id="408"><net_src comp="50" pin="0"/><net_sink comp="403" pin=0"/></net>

<net id="409"><net_src comp="160" pin="0"/><net_sink comp="403" pin=1"/></net>

<net id="415"><net_src comp="52" pin="0"/><net_sink comp="410" pin=0"/></net>

<net id="416"><net_src comp="160" pin="0"/><net_sink comp="410" pin=1"/></net>

<net id="422"><net_src comp="54" pin="0"/><net_sink comp="417" pin=0"/></net>

<net id="423"><net_src comp="160" pin="0"/><net_sink comp="417" pin=1"/></net>

<net id="429"><net_src comp="56" pin="0"/><net_sink comp="424" pin=0"/></net>

<net id="430"><net_src comp="160" pin="0"/><net_sink comp="424" pin=1"/></net>

<net id="436"><net_src comp="58" pin="0"/><net_sink comp="431" pin=0"/></net>

<net id="437"><net_src comp="160" pin="0"/><net_sink comp="431" pin=1"/></net>

<net id="443"><net_src comp="60" pin="0"/><net_sink comp="438" pin=0"/></net>

<net id="444"><net_src comp="160" pin="0"/><net_sink comp="438" pin=1"/></net>

<net id="450"><net_src comp="62" pin="0"/><net_sink comp="445" pin=0"/></net>

<net id="451"><net_src comp="160" pin="0"/><net_sink comp="445" pin=1"/></net>

<net id="457"><net_src comp="64" pin="0"/><net_sink comp="452" pin=0"/></net>

<net id="458"><net_src comp="160" pin="0"/><net_sink comp="452" pin=1"/></net>

<net id="464"><net_src comp="66" pin="0"/><net_sink comp="459" pin=0"/></net>

<net id="465"><net_src comp="160" pin="0"/><net_sink comp="459" pin=1"/></net>

<net id="471"><net_src comp="68" pin="0"/><net_sink comp="466" pin=0"/></net>

<net id="472"><net_src comp="160" pin="0"/><net_sink comp="466" pin=1"/></net>

<net id="478"><net_src comp="70" pin="0"/><net_sink comp="473" pin=0"/></net>

<net id="479"><net_src comp="160" pin="0"/><net_sink comp="473" pin=1"/></net>

<net id="485"><net_src comp="72" pin="0"/><net_sink comp="480" pin=0"/></net>

<net id="486"><net_src comp="160" pin="0"/><net_sink comp="480" pin=1"/></net>

<net id="492"><net_src comp="74" pin="0"/><net_sink comp="487" pin=0"/></net>

<net id="493"><net_src comp="160" pin="0"/><net_sink comp="487" pin=1"/></net>

<net id="499"><net_src comp="76" pin="0"/><net_sink comp="494" pin=0"/></net>

<net id="500"><net_src comp="160" pin="0"/><net_sink comp="494" pin=1"/></net>

<net id="506"><net_src comp="78" pin="0"/><net_sink comp="501" pin=0"/></net>

<net id="507"><net_src comp="160" pin="0"/><net_sink comp="501" pin=1"/></net>

<net id="513"><net_src comp="80" pin="0"/><net_sink comp="508" pin=0"/></net>

<net id="514"><net_src comp="160" pin="0"/><net_sink comp="508" pin=1"/></net>

<net id="520"><net_src comp="82" pin="0"/><net_sink comp="515" pin=0"/></net>

<net id="521"><net_src comp="160" pin="0"/><net_sink comp="515" pin=1"/></net>

<net id="527"><net_src comp="84" pin="0"/><net_sink comp="522" pin=0"/></net>

<net id="528"><net_src comp="160" pin="0"/><net_sink comp="522" pin=1"/></net>

<net id="534"><net_src comp="86" pin="0"/><net_sink comp="529" pin=0"/></net>

<net id="535"><net_src comp="160" pin="0"/><net_sink comp="529" pin=1"/></net>

<net id="541"><net_src comp="88" pin="0"/><net_sink comp="536" pin=0"/></net>

<net id="542"><net_src comp="160" pin="0"/><net_sink comp="536" pin=1"/></net>

<net id="548"><net_src comp="90" pin="0"/><net_sink comp="543" pin=0"/></net>

<net id="549"><net_src comp="160" pin="0"/><net_sink comp="543" pin=1"/></net>

<net id="555"><net_src comp="92" pin="0"/><net_sink comp="550" pin=0"/></net>

<net id="556"><net_src comp="160" pin="0"/><net_sink comp="550" pin=1"/></net>

<net id="562"><net_src comp="94" pin="0"/><net_sink comp="557" pin=0"/></net>

<net id="563"><net_src comp="160" pin="0"/><net_sink comp="557" pin=1"/></net>

<net id="569"><net_src comp="96" pin="0"/><net_sink comp="564" pin=0"/></net>

<net id="570"><net_src comp="160" pin="0"/><net_sink comp="564" pin=1"/></net>

<net id="576"><net_src comp="98" pin="0"/><net_sink comp="571" pin=0"/></net>

<net id="577"><net_src comp="160" pin="0"/><net_sink comp="571" pin=1"/></net>

<net id="583"><net_src comp="100" pin="0"/><net_sink comp="578" pin=0"/></net>

<net id="584"><net_src comp="160" pin="0"/><net_sink comp="578" pin=1"/></net>

<net id="590"><net_src comp="102" pin="0"/><net_sink comp="585" pin=0"/></net>

<net id="591"><net_src comp="160" pin="0"/><net_sink comp="585" pin=1"/></net>

<net id="597"><net_src comp="104" pin="0"/><net_sink comp="592" pin=0"/></net>

<net id="598"><net_src comp="160" pin="0"/><net_sink comp="592" pin=1"/></net>

<net id="604"><net_src comp="106" pin="0"/><net_sink comp="599" pin=0"/></net>

<net id="605"><net_src comp="160" pin="0"/><net_sink comp="599" pin=1"/></net>

<net id="611"><net_src comp="108" pin="0"/><net_sink comp="606" pin=0"/></net>

<net id="612"><net_src comp="160" pin="0"/><net_sink comp="606" pin=1"/></net>

<net id="618"><net_src comp="110" pin="0"/><net_sink comp="613" pin=0"/></net>

<net id="619"><net_src comp="160" pin="0"/><net_sink comp="613" pin=1"/></net>

<net id="625"><net_src comp="112" pin="0"/><net_sink comp="620" pin=0"/></net>

<net id="626"><net_src comp="160" pin="0"/><net_sink comp="620" pin=1"/></net>

<net id="632"><net_src comp="114" pin="0"/><net_sink comp="627" pin=0"/></net>

<net id="633"><net_src comp="160" pin="0"/><net_sink comp="627" pin=1"/></net>

<net id="639"><net_src comp="116" pin="0"/><net_sink comp="634" pin=0"/></net>

<net id="640"><net_src comp="160" pin="0"/><net_sink comp="634" pin=1"/></net>

<net id="646"><net_src comp="118" pin="0"/><net_sink comp="641" pin=0"/></net>

<net id="647"><net_src comp="160" pin="0"/><net_sink comp="641" pin=1"/></net>

<net id="653"><net_src comp="120" pin="0"/><net_sink comp="648" pin=0"/></net>

<net id="654"><net_src comp="160" pin="0"/><net_sink comp="648" pin=1"/></net>

<net id="660"><net_src comp="122" pin="0"/><net_sink comp="655" pin=0"/></net>

<net id="661"><net_src comp="160" pin="0"/><net_sink comp="655" pin=1"/></net>

<net id="667"><net_src comp="124" pin="0"/><net_sink comp="662" pin=0"/></net>

<net id="668"><net_src comp="160" pin="0"/><net_sink comp="662" pin=1"/></net>

<net id="674"><net_src comp="126" pin="0"/><net_sink comp="669" pin=0"/></net>

<net id="675"><net_src comp="160" pin="0"/><net_sink comp="669" pin=1"/></net>

<net id="681"><net_src comp="128" pin="0"/><net_sink comp="676" pin=0"/></net>

<net id="682"><net_src comp="160" pin="0"/><net_sink comp="676" pin=1"/></net>

<net id="688"><net_src comp="130" pin="0"/><net_sink comp="683" pin=0"/></net>

<net id="689"><net_src comp="160" pin="0"/><net_sink comp="683" pin=1"/></net>

<net id="695"><net_src comp="132" pin="0"/><net_sink comp="690" pin=0"/></net>

<net id="696"><net_src comp="160" pin="0"/><net_sink comp="690" pin=1"/></net>

<net id="702"><net_src comp="134" pin="0"/><net_sink comp="697" pin=0"/></net>

<net id="703"><net_src comp="160" pin="0"/><net_sink comp="697" pin=1"/></net>

<net id="709"><net_src comp="256" pin="3"/><net_sink comp="704" pin=0"/></net>

<net id="715"><net_src comp="263" pin="3"/><net_sink comp="710" pin=0"/></net>

<net id="721"><net_src comp="270" pin="3"/><net_sink comp="716" pin=0"/></net>

<net id="727"><net_src comp="277" pin="3"/><net_sink comp="722" pin=0"/></net>

<net id="733"><net_src comp="284" pin="3"/><net_sink comp="728" pin=0"/></net>

<net id="739"><net_src comp="291" pin="3"/><net_sink comp="734" pin=0"/></net>

<net id="745"><net_src comp="298" pin="3"/><net_sink comp="740" pin=0"/></net>

<net id="751"><net_src comp="305" pin="3"/><net_sink comp="746" pin=0"/></net>

<net id="757"><net_src comp="312" pin="3"/><net_sink comp="752" pin=0"/></net>

<net id="763"><net_src comp="319" pin="3"/><net_sink comp="758" pin=0"/></net>

<net id="769"><net_src comp="326" pin="3"/><net_sink comp="764" pin=0"/></net>

<net id="775"><net_src comp="333" pin="3"/><net_sink comp="770" pin=0"/></net>

<net id="781"><net_src comp="340" pin="3"/><net_sink comp="776" pin=0"/></net>

<net id="787"><net_src comp="347" pin="3"/><net_sink comp="782" pin=0"/></net>

<net id="793"><net_src comp="354" pin="3"/><net_sink comp="788" pin=0"/></net>

<net id="799"><net_src comp="361" pin="3"/><net_sink comp="794" pin=0"/></net>

<net id="805"><net_src comp="368" pin="3"/><net_sink comp="800" pin=0"/></net>

<net id="811"><net_src comp="375" pin="3"/><net_sink comp="806" pin=0"/></net>

<net id="817"><net_src comp="382" pin="3"/><net_sink comp="812" pin=0"/></net>

<net id="823"><net_src comp="389" pin="3"/><net_sink comp="818" pin=0"/></net>

<net id="829"><net_src comp="396" pin="3"/><net_sink comp="824" pin=0"/></net>

<net id="835"><net_src comp="403" pin="3"/><net_sink comp="830" pin=0"/></net>

<net id="841"><net_src comp="410" pin="3"/><net_sink comp="836" pin=0"/></net>

<net id="847"><net_src comp="417" pin="3"/><net_sink comp="842" pin=0"/></net>

<net id="853"><net_src comp="424" pin="3"/><net_sink comp="848" pin=0"/></net>

<net id="859"><net_src comp="431" pin="3"/><net_sink comp="854" pin=0"/></net>

<net id="865"><net_src comp="438" pin="3"/><net_sink comp="860" pin=0"/></net>

<net id="871"><net_src comp="445" pin="3"/><net_sink comp="866" pin=0"/></net>

<net id="877"><net_src comp="452" pin="3"/><net_sink comp="872" pin=0"/></net>

<net id="883"><net_src comp="459" pin="3"/><net_sink comp="878" pin=0"/></net>

<net id="889"><net_src comp="466" pin="3"/><net_sink comp="884" pin=0"/></net>

<net id="895"><net_src comp="473" pin="3"/><net_sink comp="890" pin=0"/></net>

<net id="901"><net_src comp="480" pin="3"/><net_sink comp="896" pin=0"/></net>

<net id="907"><net_src comp="487" pin="3"/><net_sink comp="902" pin=0"/></net>

<net id="913"><net_src comp="494" pin="3"/><net_sink comp="908" pin=0"/></net>

<net id="919"><net_src comp="501" pin="3"/><net_sink comp="914" pin=0"/></net>

<net id="925"><net_src comp="508" pin="3"/><net_sink comp="920" pin=0"/></net>

<net id="931"><net_src comp="515" pin="3"/><net_sink comp="926" pin=0"/></net>

<net id="937"><net_src comp="522" pin="3"/><net_sink comp="932" pin=0"/></net>

<net id="943"><net_src comp="529" pin="3"/><net_sink comp="938" pin=0"/></net>

<net id="949"><net_src comp="536" pin="3"/><net_sink comp="944" pin=0"/></net>

<net id="955"><net_src comp="543" pin="3"/><net_sink comp="950" pin=0"/></net>

<net id="961"><net_src comp="550" pin="3"/><net_sink comp="956" pin=0"/></net>

<net id="967"><net_src comp="557" pin="3"/><net_sink comp="962" pin=0"/></net>

<net id="973"><net_src comp="564" pin="3"/><net_sink comp="968" pin=0"/></net>

<net id="979"><net_src comp="571" pin="3"/><net_sink comp="974" pin=0"/></net>

<net id="985"><net_src comp="578" pin="3"/><net_sink comp="980" pin=0"/></net>

<net id="991"><net_src comp="585" pin="3"/><net_sink comp="986" pin=0"/></net>

<net id="997"><net_src comp="592" pin="3"/><net_sink comp="992" pin=0"/></net>

<net id="1003"><net_src comp="599" pin="3"/><net_sink comp="998" pin=0"/></net>

<net id="1009"><net_src comp="606" pin="3"/><net_sink comp="1004" pin=0"/></net>

<net id="1015"><net_src comp="613" pin="3"/><net_sink comp="1010" pin=0"/></net>

<net id="1021"><net_src comp="620" pin="3"/><net_sink comp="1016" pin=0"/></net>

<net id="1027"><net_src comp="627" pin="3"/><net_sink comp="1022" pin=0"/></net>

<net id="1033"><net_src comp="634" pin="3"/><net_sink comp="1028" pin=0"/></net>

<net id="1039"><net_src comp="641" pin="3"/><net_sink comp="1034" pin=0"/></net>

<net id="1045"><net_src comp="648" pin="3"/><net_sink comp="1040" pin=0"/></net>

<net id="1051"><net_src comp="655" pin="3"/><net_sink comp="1046" pin=0"/></net>

<net id="1057"><net_src comp="662" pin="3"/><net_sink comp="1052" pin=0"/></net>

<net id="1063"><net_src comp="669" pin="3"/><net_sink comp="1058" pin=0"/></net>

<net id="1069"><net_src comp="676" pin="3"/><net_sink comp="1064" pin=0"/></net>

<net id="1075"><net_src comp="683" pin="3"/><net_sink comp="1070" pin=0"/></net>

<net id="1081"><net_src comp="690" pin="3"/><net_sink comp="1076" pin=0"/></net>

<net id="1087"><net_src comp="697" pin="3"/><net_sink comp="1082" pin=0"/></net>

<net id="1091"><net_src comp="230" pin="2"/><net_sink comp="1088" pin=0"/></net>

<net id="1096"><net_src comp="160" pin="0"/><net_sink comp="1092" pin=0"/></net>

<net id="1101"><net_src comp="162" pin="0"/><net_sink comp="1097" pin=0"/></net>

<net id="1106"><net_src comp="162" pin="0"/><net_sink comp="1102" pin=0"/></net>

<net id="1116"><net_src comp="1107" pin="1"/><net_sink comp="1113" pin=0"/></net>

<net id="1121"><net_src comp="1113" pin="1"/><net_sink comp="1117" pin=0"/></net>

<net id="1126"><net_src comp="1110" pin="1"/><net_sink comp="1122" pin=0"/></net>

<net id="1131"><net_src comp="1110" pin="1"/><net_sink comp="1127" pin=0"/></net>

<net id="1132"><net_src comp="166" pin="0"/><net_sink comp="1127" pin=1"/></net>

<net id="1140"><net_src comp="1133" pin="1"/><net_sink comp="1136" pin=0"/></net>

<net id="1141"><net_src comp="168" pin="0"/><net_sink comp="1136" pin=1"/></net>

<net id="1147"><net_src comp="1117" pin="2"/><net_sink comp="1142" pin=0"/></net>

<net id="1148"><net_src comp="1107" pin="1"/><net_sink comp="1142" pin=1"/></net>

<net id="1149"><net_src comp="162" pin="0"/><net_sink comp="1142" pin=2"/></net>

<net id="1155"><net_src comp="1117" pin="2"/><net_sink comp="1150" pin=0"/></net>

<net id="1156"><net_src comp="1133" pin="1"/><net_sink comp="1150" pin=1"/></net>

<net id="1157"><net_src comp="1136" pin="2"/><net_sink comp="1150" pin=2"/></net>

<net id="1161"><net_src comp="1150" pin="3"/><net_sink comp="1158" pin=0"/></net>

<net id="1168"><net_src comp="170" pin="0"/><net_sink comp="1162" pin=0"/></net>

<net id="1169"><net_src comp="1150" pin="3"/><net_sink comp="1162" pin=1"/></net>

<net id="1170"><net_src comp="172" pin="0"/><net_sink comp="1162" pin=2"/></net>

<net id="1171"><net_src comp="174" pin="0"/><net_sink comp="1162" pin=3"/></net>

<net id="1177"><net_src comp="176" pin="0"/><net_sink comp="1172" pin=0"/></net>

<net id="1178"><net_src comp="1162" pin="4"/><net_sink comp="1172" pin=1"/></net>

<net id="1179"><net_src comp="178" pin="0"/><net_sink comp="1172" pin=2"/></net>

<net id="1183"><net_src comp="1142" pin="3"/><net_sink comp="1180" pin=0"/></net>

<net id="1190"><net_src comp="180" pin="0"/><net_sink comp="1184" pin=0"/></net>

<net id="1191"><net_src comp="1142" pin="3"/><net_sink comp="1184" pin=1"/></net>

<net id="1192"><net_src comp="172" pin="0"/><net_sink comp="1184" pin=2"/></net>

<net id="1193"><net_src comp="182" pin="0"/><net_sink comp="1184" pin=3"/></net>

<net id="1198"><net_src comp="1172" pin="3"/><net_sink comp="1194" pin=0"/></net>

<net id="1199"><net_src comp="1184" pin="4"/><net_sink comp="1194" pin=1"/></net>

<net id="1204"><net_src comp="1142" pin="3"/><net_sink comp="1200" pin=0"/></net>

<net id="1205"><net_src comp="168" pin="0"/><net_sink comp="1200" pin=1"/></net>

<net id="1210"><net_src comp="1127" pin="2"/><net_sink comp="1206" pin=0"/></net>

<net id="1215"><net_src comp="1150" pin="3"/><net_sink comp="1211" pin=0"/></net>

<net id="1220"><net_src comp="1200" pin="2"/><net_sink comp="1216" pin=0"/></net>

<net id="1224"><net_src comp="1221" pin="1"/><net_sink comp="256" pin=2"/></net>

<net id="1225"><net_src comp="1221" pin="1"/><net_sink comp="263" pin=2"/></net>

<net id="1226"><net_src comp="1221" pin="1"/><net_sink comp="270" pin=2"/></net>

<net id="1227"><net_src comp="1221" pin="1"/><net_sink comp="277" pin=2"/></net>

<net id="1228"><net_src comp="1221" pin="1"/><net_sink comp="284" pin=2"/></net>

<net id="1229"><net_src comp="1221" pin="1"/><net_sink comp="291" pin=2"/></net>

<net id="1230"><net_src comp="1221" pin="1"/><net_sink comp="298" pin=2"/></net>

<net id="1231"><net_src comp="1221" pin="1"/><net_sink comp="305" pin=2"/></net>

<net id="1232"><net_src comp="1221" pin="1"/><net_sink comp="312" pin=2"/></net>

<net id="1233"><net_src comp="1221" pin="1"/><net_sink comp="319" pin=2"/></net>

<net id="1234"><net_src comp="1221" pin="1"/><net_sink comp="326" pin=2"/></net>

<net id="1235"><net_src comp="1221" pin="1"/><net_sink comp="333" pin=2"/></net>

<net id="1236"><net_src comp="1221" pin="1"/><net_sink comp="340" pin=2"/></net>

<net id="1237"><net_src comp="1221" pin="1"/><net_sink comp="347" pin=2"/></net>

<net id="1238"><net_src comp="1221" pin="1"/><net_sink comp="354" pin=2"/></net>

<net id="1239"><net_src comp="1221" pin="1"/><net_sink comp="361" pin=2"/></net>

<net id="1240"><net_src comp="1221" pin="1"/><net_sink comp="368" pin=2"/></net>

<net id="1241"><net_src comp="1221" pin="1"/><net_sink comp="375" pin=2"/></net>

<net id="1242"><net_src comp="1221" pin="1"/><net_sink comp="382" pin=2"/></net>

<net id="1243"><net_src comp="1221" pin="1"/><net_sink comp="389" pin=2"/></net>

<net id="1244"><net_src comp="1221" pin="1"/><net_sink comp="396" pin=2"/></net>

<net id="1245"><net_src comp="1221" pin="1"/><net_sink comp="403" pin=2"/></net>

<net id="1246"><net_src comp="1221" pin="1"/><net_sink comp="410" pin=2"/></net>

<net id="1247"><net_src comp="1221" pin="1"/><net_sink comp="417" pin=2"/></net>

<net id="1248"><net_src comp="1221" pin="1"/><net_sink comp="424" pin=2"/></net>

<net id="1249"><net_src comp="1221" pin="1"/><net_sink comp="431" pin=2"/></net>

<net id="1250"><net_src comp="1221" pin="1"/><net_sink comp="438" pin=2"/></net>

<net id="1251"><net_src comp="1221" pin="1"/><net_sink comp="445" pin=2"/></net>

<net id="1252"><net_src comp="1221" pin="1"/><net_sink comp="452" pin=2"/></net>

<net id="1253"><net_src comp="1221" pin="1"/><net_sink comp="459" pin=2"/></net>

<net id="1254"><net_src comp="1221" pin="1"/><net_sink comp="466" pin=2"/></net>

<net id="1255"><net_src comp="1221" pin="1"/><net_sink comp="473" pin=2"/></net>

<net id="1256"><net_src comp="1221" pin="1"/><net_sink comp="480" pin=2"/></net>

<net id="1257"><net_src comp="1221" pin="1"/><net_sink comp="487" pin=2"/></net>

<net id="1258"><net_src comp="1221" pin="1"/><net_sink comp="494" pin=2"/></net>

<net id="1259"><net_src comp="1221" pin="1"/><net_sink comp="501" pin=2"/></net>

<net id="1260"><net_src comp="1221" pin="1"/><net_sink comp="508" pin=2"/></net>

<net id="1261"><net_src comp="1221" pin="1"/><net_sink comp="515" pin=2"/></net>

<net id="1262"><net_src comp="1221" pin="1"/><net_sink comp="522" pin=2"/></net>

<net id="1263"><net_src comp="1221" pin="1"/><net_sink comp="529" pin=2"/></net>

<net id="1264"><net_src comp="1221" pin="1"/><net_sink comp="536" pin=2"/></net>

<net id="1265"><net_src comp="1221" pin="1"/><net_sink comp="543" pin=2"/></net>

<net id="1266"><net_src comp="1221" pin="1"/><net_sink comp="550" pin=2"/></net>

<net id="1267"><net_src comp="1221" pin="1"/><net_sink comp="557" pin=2"/></net>

<net id="1268"><net_src comp="1221" pin="1"/><net_sink comp="564" pin=2"/></net>

<net id="1269"><net_src comp="1221" pin="1"/><net_sink comp="571" pin=2"/></net>

<net id="1270"><net_src comp="1221" pin="1"/><net_sink comp="578" pin=2"/></net>

<net id="1271"><net_src comp="1221" pin="1"/><net_sink comp="585" pin=2"/></net>

<net id="1272"><net_src comp="1221" pin="1"/><net_sink comp="592" pin=2"/></net>

<net id="1273"><net_src comp="1221" pin="1"/><net_sink comp="599" pin=2"/></net>

<net id="1274"><net_src comp="1221" pin="1"/><net_sink comp="606" pin=2"/></net>

<net id="1275"><net_src comp="1221" pin="1"/><net_sink comp="613" pin=2"/></net>

<net id="1276"><net_src comp="1221" pin="1"/><net_sink comp="620" pin=2"/></net>

<net id="1277"><net_src comp="1221" pin="1"/><net_sink comp="627" pin=2"/></net>

<net id="1278"><net_src comp="1221" pin="1"/><net_sink comp="634" pin=2"/></net>

<net id="1279"><net_src comp="1221" pin="1"/><net_sink comp="641" pin=2"/></net>

<net id="1280"><net_src comp="1221" pin="1"/><net_sink comp="648" pin=2"/></net>

<net id="1281"><net_src comp="1221" pin="1"/><net_sink comp="655" pin=2"/></net>

<net id="1282"><net_src comp="1221" pin="1"/><net_sink comp="662" pin=2"/></net>

<net id="1283"><net_src comp="1221" pin="1"/><net_sink comp="669" pin=2"/></net>

<net id="1284"><net_src comp="1221" pin="1"/><net_sink comp="676" pin=2"/></net>

<net id="1285"><net_src comp="1221" pin="1"/><net_sink comp="683" pin=2"/></net>

<net id="1286"><net_src comp="1221" pin="1"/><net_sink comp="690" pin=2"/></net>

<net id="1287"><net_src comp="1221" pin="1"/><net_sink comp="697" pin=2"/></net>

<net id="1309"><net_src comp="184" pin="0"/><net_sink comp="1288" pin=0"/></net>

<net id="1310"><net_src comp="186" pin="0"/><net_sink comp="1288" pin=1"/></net>

<net id="1311"><net_src comp="704" pin="3"/><net_sink comp="1288" pin=2"/></net>

<net id="1312"><net_src comp="188" pin="0"/><net_sink comp="1288" pin=3"/></net>

<net id="1313"><net_src comp="710" pin="3"/><net_sink comp="1288" pin=4"/></net>

<net id="1314"><net_src comp="190" pin="0"/><net_sink comp="1288" pin=5"/></net>

<net id="1315"><net_src comp="716" pin="3"/><net_sink comp="1288" pin=6"/></net>

<net id="1316"><net_src comp="192" pin="0"/><net_sink comp="1288" pin=7"/></net>

<net id="1317"><net_src comp="722" pin="3"/><net_sink comp="1288" pin=8"/></net>

<net id="1318"><net_src comp="194" pin="0"/><net_sink comp="1288" pin=9"/></net>

<net id="1319"><net_src comp="728" pin="3"/><net_sink comp="1288" pin=10"/></net>

<net id="1320"><net_src comp="196" pin="0"/><net_sink comp="1288" pin=11"/></net>

<net id="1321"><net_src comp="734" pin="3"/><net_sink comp="1288" pin=12"/></net>

<net id="1322"><net_src comp="198" pin="0"/><net_sink comp="1288" pin=13"/></net>

<net id="1323"><net_src comp="740" pin="3"/><net_sink comp="1288" pin=14"/></net>

<net id="1324"><net_src comp="200" pin="0"/><net_sink comp="1288" pin=15"/></net>

<net id="1325"><net_src comp="746" pin="3"/><net_sink comp="1288" pin=16"/></net>

<net id="1326"><net_src comp="202" pin="0"/><net_sink comp="1288" pin=17"/></net>

<net id="1348"><net_src comp="184" pin="0"/><net_sink comp="1327" pin=0"/></net>

<net id="1349"><net_src comp="186" pin="0"/><net_sink comp="1327" pin=1"/></net>

<net id="1350"><net_src comp="752" pin="3"/><net_sink comp="1327" pin=2"/></net>

<net id="1351"><net_src comp="188" pin="0"/><net_sink comp="1327" pin=3"/></net>

<net id="1352"><net_src comp="758" pin="3"/><net_sink comp="1327" pin=4"/></net>

<net id="1353"><net_src comp="190" pin="0"/><net_sink comp="1327" pin=5"/></net>

<net id="1354"><net_src comp="764" pin="3"/><net_sink comp="1327" pin=6"/></net>

<net id="1355"><net_src comp="192" pin="0"/><net_sink comp="1327" pin=7"/></net>

<net id="1356"><net_src comp="770" pin="3"/><net_sink comp="1327" pin=8"/></net>

<net id="1357"><net_src comp="194" pin="0"/><net_sink comp="1327" pin=9"/></net>

<net id="1358"><net_src comp="776" pin="3"/><net_sink comp="1327" pin=10"/></net>

<net id="1359"><net_src comp="196" pin="0"/><net_sink comp="1327" pin=11"/></net>

<net id="1360"><net_src comp="782" pin="3"/><net_sink comp="1327" pin=12"/></net>

<net id="1361"><net_src comp="198" pin="0"/><net_sink comp="1327" pin=13"/></net>

<net id="1362"><net_src comp="788" pin="3"/><net_sink comp="1327" pin=14"/></net>

<net id="1363"><net_src comp="200" pin="0"/><net_sink comp="1327" pin=15"/></net>

<net id="1364"><net_src comp="794" pin="3"/><net_sink comp="1327" pin=16"/></net>

<net id="1365"><net_src comp="202" pin="0"/><net_sink comp="1327" pin=17"/></net>

<net id="1387"><net_src comp="184" pin="0"/><net_sink comp="1366" pin=0"/></net>

<net id="1388"><net_src comp="186" pin="0"/><net_sink comp="1366" pin=1"/></net>

<net id="1389"><net_src comp="800" pin="3"/><net_sink comp="1366" pin=2"/></net>

<net id="1390"><net_src comp="188" pin="0"/><net_sink comp="1366" pin=3"/></net>

<net id="1391"><net_src comp="806" pin="3"/><net_sink comp="1366" pin=4"/></net>

<net id="1392"><net_src comp="190" pin="0"/><net_sink comp="1366" pin=5"/></net>

<net id="1393"><net_src comp="812" pin="3"/><net_sink comp="1366" pin=6"/></net>

<net id="1394"><net_src comp="192" pin="0"/><net_sink comp="1366" pin=7"/></net>

<net id="1395"><net_src comp="818" pin="3"/><net_sink comp="1366" pin=8"/></net>

<net id="1396"><net_src comp="194" pin="0"/><net_sink comp="1366" pin=9"/></net>

<net id="1397"><net_src comp="824" pin="3"/><net_sink comp="1366" pin=10"/></net>

<net id="1398"><net_src comp="196" pin="0"/><net_sink comp="1366" pin=11"/></net>

<net id="1399"><net_src comp="830" pin="3"/><net_sink comp="1366" pin=12"/></net>

<net id="1400"><net_src comp="198" pin="0"/><net_sink comp="1366" pin=13"/></net>

<net id="1401"><net_src comp="836" pin="3"/><net_sink comp="1366" pin=14"/></net>

<net id="1402"><net_src comp="200" pin="0"/><net_sink comp="1366" pin=15"/></net>

<net id="1403"><net_src comp="842" pin="3"/><net_sink comp="1366" pin=16"/></net>

<net id="1404"><net_src comp="202" pin="0"/><net_sink comp="1366" pin=17"/></net>

<net id="1426"><net_src comp="184" pin="0"/><net_sink comp="1405" pin=0"/></net>

<net id="1427"><net_src comp="186" pin="0"/><net_sink comp="1405" pin=1"/></net>

<net id="1428"><net_src comp="848" pin="3"/><net_sink comp="1405" pin=2"/></net>

<net id="1429"><net_src comp="188" pin="0"/><net_sink comp="1405" pin=3"/></net>

<net id="1430"><net_src comp="854" pin="3"/><net_sink comp="1405" pin=4"/></net>

<net id="1431"><net_src comp="190" pin="0"/><net_sink comp="1405" pin=5"/></net>

<net id="1432"><net_src comp="860" pin="3"/><net_sink comp="1405" pin=6"/></net>

<net id="1433"><net_src comp="192" pin="0"/><net_sink comp="1405" pin=7"/></net>

<net id="1434"><net_src comp="866" pin="3"/><net_sink comp="1405" pin=8"/></net>

<net id="1435"><net_src comp="194" pin="0"/><net_sink comp="1405" pin=9"/></net>

<net id="1436"><net_src comp="872" pin="3"/><net_sink comp="1405" pin=10"/></net>

<net id="1437"><net_src comp="196" pin="0"/><net_sink comp="1405" pin=11"/></net>

<net id="1438"><net_src comp="878" pin="3"/><net_sink comp="1405" pin=12"/></net>

<net id="1439"><net_src comp="198" pin="0"/><net_sink comp="1405" pin=13"/></net>

<net id="1440"><net_src comp="884" pin="3"/><net_sink comp="1405" pin=14"/></net>

<net id="1441"><net_src comp="200" pin="0"/><net_sink comp="1405" pin=15"/></net>

<net id="1442"><net_src comp="890" pin="3"/><net_sink comp="1405" pin=16"/></net>

<net id="1443"><net_src comp="202" pin="0"/><net_sink comp="1405" pin=17"/></net>

<net id="1465"><net_src comp="184" pin="0"/><net_sink comp="1444" pin=0"/></net>

<net id="1466"><net_src comp="186" pin="0"/><net_sink comp="1444" pin=1"/></net>

<net id="1467"><net_src comp="896" pin="3"/><net_sink comp="1444" pin=2"/></net>

<net id="1468"><net_src comp="188" pin="0"/><net_sink comp="1444" pin=3"/></net>

<net id="1469"><net_src comp="902" pin="3"/><net_sink comp="1444" pin=4"/></net>

<net id="1470"><net_src comp="190" pin="0"/><net_sink comp="1444" pin=5"/></net>

<net id="1471"><net_src comp="908" pin="3"/><net_sink comp="1444" pin=6"/></net>

<net id="1472"><net_src comp="192" pin="0"/><net_sink comp="1444" pin=7"/></net>

<net id="1473"><net_src comp="914" pin="3"/><net_sink comp="1444" pin=8"/></net>

<net id="1474"><net_src comp="194" pin="0"/><net_sink comp="1444" pin=9"/></net>

<net id="1475"><net_src comp="920" pin="3"/><net_sink comp="1444" pin=10"/></net>

<net id="1476"><net_src comp="196" pin="0"/><net_sink comp="1444" pin=11"/></net>

<net id="1477"><net_src comp="926" pin="3"/><net_sink comp="1444" pin=12"/></net>

<net id="1478"><net_src comp="198" pin="0"/><net_sink comp="1444" pin=13"/></net>

<net id="1479"><net_src comp="932" pin="3"/><net_sink comp="1444" pin=14"/></net>

<net id="1480"><net_src comp="200" pin="0"/><net_sink comp="1444" pin=15"/></net>

<net id="1481"><net_src comp="938" pin="3"/><net_sink comp="1444" pin=16"/></net>

<net id="1482"><net_src comp="202" pin="0"/><net_sink comp="1444" pin=17"/></net>

<net id="1504"><net_src comp="184" pin="0"/><net_sink comp="1483" pin=0"/></net>

<net id="1505"><net_src comp="186" pin="0"/><net_sink comp="1483" pin=1"/></net>

<net id="1506"><net_src comp="944" pin="3"/><net_sink comp="1483" pin=2"/></net>

<net id="1507"><net_src comp="188" pin="0"/><net_sink comp="1483" pin=3"/></net>

<net id="1508"><net_src comp="950" pin="3"/><net_sink comp="1483" pin=4"/></net>

<net id="1509"><net_src comp="190" pin="0"/><net_sink comp="1483" pin=5"/></net>

<net id="1510"><net_src comp="956" pin="3"/><net_sink comp="1483" pin=6"/></net>

<net id="1511"><net_src comp="192" pin="0"/><net_sink comp="1483" pin=7"/></net>

<net id="1512"><net_src comp="962" pin="3"/><net_sink comp="1483" pin=8"/></net>

<net id="1513"><net_src comp="194" pin="0"/><net_sink comp="1483" pin=9"/></net>

<net id="1514"><net_src comp="968" pin="3"/><net_sink comp="1483" pin=10"/></net>

<net id="1515"><net_src comp="196" pin="0"/><net_sink comp="1483" pin=11"/></net>

<net id="1516"><net_src comp="974" pin="3"/><net_sink comp="1483" pin=12"/></net>

<net id="1517"><net_src comp="198" pin="0"/><net_sink comp="1483" pin=13"/></net>

<net id="1518"><net_src comp="980" pin="3"/><net_sink comp="1483" pin=14"/></net>

<net id="1519"><net_src comp="200" pin="0"/><net_sink comp="1483" pin=15"/></net>

<net id="1520"><net_src comp="986" pin="3"/><net_sink comp="1483" pin=16"/></net>

<net id="1521"><net_src comp="202" pin="0"/><net_sink comp="1483" pin=17"/></net>

<net id="1543"><net_src comp="184" pin="0"/><net_sink comp="1522" pin=0"/></net>

<net id="1544"><net_src comp="186" pin="0"/><net_sink comp="1522" pin=1"/></net>

<net id="1545"><net_src comp="992" pin="3"/><net_sink comp="1522" pin=2"/></net>

<net id="1546"><net_src comp="188" pin="0"/><net_sink comp="1522" pin=3"/></net>

<net id="1547"><net_src comp="998" pin="3"/><net_sink comp="1522" pin=4"/></net>

<net id="1548"><net_src comp="190" pin="0"/><net_sink comp="1522" pin=5"/></net>

<net id="1549"><net_src comp="1004" pin="3"/><net_sink comp="1522" pin=6"/></net>

<net id="1550"><net_src comp="192" pin="0"/><net_sink comp="1522" pin=7"/></net>

<net id="1551"><net_src comp="1010" pin="3"/><net_sink comp="1522" pin=8"/></net>

<net id="1552"><net_src comp="194" pin="0"/><net_sink comp="1522" pin=9"/></net>

<net id="1553"><net_src comp="1016" pin="3"/><net_sink comp="1522" pin=10"/></net>

<net id="1554"><net_src comp="196" pin="0"/><net_sink comp="1522" pin=11"/></net>

<net id="1555"><net_src comp="1022" pin="3"/><net_sink comp="1522" pin=12"/></net>

<net id="1556"><net_src comp="198" pin="0"/><net_sink comp="1522" pin=13"/></net>

<net id="1557"><net_src comp="1028" pin="3"/><net_sink comp="1522" pin=14"/></net>

<net id="1558"><net_src comp="200" pin="0"/><net_sink comp="1522" pin=15"/></net>

<net id="1559"><net_src comp="1034" pin="3"/><net_sink comp="1522" pin=16"/></net>

<net id="1560"><net_src comp="202" pin="0"/><net_sink comp="1522" pin=17"/></net>

<net id="1582"><net_src comp="184" pin="0"/><net_sink comp="1561" pin=0"/></net>

<net id="1583"><net_src comp="186" pin="0"/><net_sink comp="1561" pin=1"/></net>

<net id="1584"><net_src comp="1040" pin="3"/><net_sink comp="1561" pin=2"/></net>

<net id="1585"><net_src comp="188" pin="0"/><net_sink comp="1561" pin=3"/></net>

<net id="1586"><net_src comp="1046" pin="3"/><net_sink comp="1561" pin=4"/></net>

<net id="1587"><net_src comp="190" pin="0"/><net_sink comp="1561" pin=5"/></net>

<net id="1588"><net_src comp="1052" pin="3"/><net_sink comp="1561" pin=6"/></net>

<net id="1589"><net_src comp="192" pin="0"/><net_sink comp="1561" pin=7"/></net>

<net id="1590"><net_src comp="1058" pin="3"/><net_sink comp="1561" pin=8"/></net>

<net id="1591"><net_src comp="194" pin="0"/><net_sink comp="1561" pin=9"/></net>

<net id="1592"><net_src comp="1064" pin="3"/><net_sink comp="1561" pin=10"/></net>

<net id="1593"><net_src comp="196" pin="0"/><net_sink comp="1561" pin=11"/></net>

<net id="1594"><net_src comp="1070" pin="3"/><net_sink comp="1561" pin=12"/></net>

<net id="1595"><net_src comp="198" pin="0"/><net_sink comp="1561" pin=13"/></net>

<net id="1596"><net_src comp="1076" pin="3"/><net_sink comp="1561" pin=14"/></net>

<net id="1597"><net_src comp="200" pin="0"/><net_sink comp="1561" pin=15"/></net>

<net id="1598"><net_src comp="1082" pin="3"/><net_sink comp="1561" pin=16"/></net>

<net id="1599"><net_src comp="202" pin="0"/><net_sink comp="1561" pin=17"/></net>

<net id="1621"><net_src comp="184" pin="0"/><net_sink comp="1600" pin=0"/></net>

<net id="1622"><net_src comp="186" pin="0"/><net_sink comp="1600" pin=1"/></net>

<net id="1623"><net_src comp="1288" pin="19"/><net_sink comp="1600" pin=2"/></net>

<net id="1624"><net_src comp="188" pin="0"/><net_sink comp="1600" pin=3"/></net>

<net id="1625"><net_src comp="1327" pin="19"/><net_sink comp="1600" pin=4"/></net>

<net id="1626"><net_src comp="190" pin="0"/><net_sink comp="1600" pin=5"/></net>

<net id="1627"><net_src comp="1366" pin="19"/><net_sink comp="1600" pin=6"/></net>

<net id="1628"><net_src comp="192" pin="0"/><net_sink comp="1600" pin=7"/></net>

<net id="1629"><net_src comp="1405" pin="19"/><net_sink comp="1600" pin=8"/></net>

<net id="1630"><net_src comp="194" pin="0"/><net_sink comp="1600" pin=9"/></net>

<net id="1631"><net_src comp="1444" pin="19"/><net_sink comp="1600" pin=10"/></net>

<net id="1632"><net_src comp="196" pin="0"/><net_sink comp="1600" pin=11"/></net>

<net id="1633"><net_src comp="1483" pin="19"/><net_sink comp="1600" pin=12"/></net>

<net id="1634"><net_src comp="198" pin="0"/><net_sink comp="1600" pin=13"/></net>

<net id="1635"><net_src comp="1522" pin="19"/><net_sink comp="1600" pin=14"/></net>

<net id="1636"><net_src comp="200" pin="0"/><net_sink comp="1600" pin=15"/></net>

<net id="1637"><net_src comp="1561" pin="19"/><net_sink comp="1600" pin=16"/></net>

<net id="1638"><net_src comp="202" pin="0"/><net_sink comp="1600" pin=17"/></net>

<net id="1643"><net_src comp="0" pin="0"/><net_sink comp="1639" pin=0"/></net>

<net id="1644"><net_src comp="1639" pin="2"/><net_sink comp="248" pin=1"/></net>

<net id="1648"><net_src comp="218" pin="1"/><net_sink comp="1645" pin=0"/></net>

<net id="1649"><net_src comp="1645" pin="1"/><net_sink comp="1102" pin=1"/></net>

<net id="1650"><net_src comp="1645" pin="1"/><net_sink comp="1107" pin=0"/></net>

<net id="1651"><net_src comp="1645" pin="1"/><net_sink comp="1216" pin=1"/></net>

<net id="1655"><net_src comp="222" pin="1"/><net_sink comp="1652" pin=0"/></net>

<net id="1656"><net_src comp="1652" pin="1"/><net_sink comp="1097" pin=1"/></net>

<net id="1657"><net_src comp="1652" pin="1"/><net_sink comp="1133" pin=0"/></net>

<net id="1658"><net_src comp="1652" pin="1"/><net_sink comp="1211" pin=1"/></net>

<net id="1662"><net_src comp="226" pin="1"/><net_sink comp="1659" pin=0"/></net>

<net id="1663"><net_src comp="1659" pin="1"/><net_sink comp="1092" pin=1"/></net>

<net id="1664"><net_src comp="1659" pin="1"/><net_sink comp="1110" pin=0"/></net>

<net id="1665"><net_src comp="1659" pin="1"/><net_sink comp="1206" pin=1"/></net>

<net id="1669"><net_src comp="236" pin="2"/><net_sink comp="1666" pin=0"/></net>

<net id="1670"><net_src comp="1666" pin="1"/><net_sink comp="1122" pin=1"/></net>

<net id="1674"><net_src comp="242" pin="2"/><net_sink comp="1671" pin=0"/></net>

<net id="1675"><net_src comp="1671" pin="1"/><net_sink comp="1117" pin=1"/></net>

<net id="1679"><net_src comp="1088" pin="1"/><net_sink comp="1676" pin=0"/></net>

<net id="1680"><net_src comp="1676" pin="1"/><net_sink comp="1639" pin=1"/></net>

<net id="1684"><net_src comp="1122" pin="2"/><net_sink comp="1681" pin=0"/></net>

<net id="1688"><net_src comp="1158" pin="1"/><net_sink comp="1685" pin=0"/></net>

<net id="1689"><net_src comp="1685" pin="1"/><net_sink comp="1600" pin=18"/></net>

<net id="1693"><net_src comp="1180" pin="1"/><net_sink comp="1690" pin=0"/></net>

<net id="1694"><net_src comp="1690" pin="1"/><net_sink comp="1288" pin=18"/></net>

<net id="1695"><net_src comp="1690" pin="1"/><net_sink comp="1327" pin=18"/></net>

<net id="1696"><net_src comp="1690" pin="1"/><net_sink comp="1366" pin=18"/></net>

<net id="1697"><net_src comp="1690" pin="1"/><net_sink comp="1405" pin=18"/></net>

<net id="1698"><net_src comp="1690" pin="1"/><net_sink comp="1444" pin=18"/></net>

<net id="1699"><net_src comp="1690" pin="1"/><net_sink comp="1483" pin=18"/></net>

<net id="1700"><net_src comp="1690" pin="1"/><net_sink comp="1522" pin=18"/></net>

<net id="1701"><net_src comp="1690" pin="1"/><net_sink comp="1561" pin=18"/></net>

<net id="1705"><net_src comp="1194" pin="2"/><net_sink comp="1702" pin=0"/></net>

<net id="1706"><net_src comp="1702" pin="1"/><net_sink comp="1221" pin=0"/></net>

<net id="1710"><net_src comp="256" pin="3"/><net_sink comp="1707" pin=0"/></net>

<net id="1711"><net_src comp="1707" pin="1"/><net_sink comp="704" pin=0"/></net>

<net id="1715"><net_src comp="263" pin="3"/><net_sink comp="1712" pin=0"/></net>

<net id="1716"><net_src comp="1712" pin="1"/><net_sink comp="710" pin=0"/></net>

<net id="1720"><net_src comp="270" pin="3"/><net_sink comp="1717" pin=0"/></net>

<net id="1721"><net_src comp="1717" pin="1"/><net_sink comp="716" pin=0"/></net>

<net id="1725"><net_src comp="277" pin="3"/><net_sink comp="1722" pin=0"/></net>

<net id="1726"><net_src comp="1722" pin="1"/><net_sink comp="722" pin=0"/></net>

<net id="1730"><net_src comp="284" pin="3"/><net_sink comp="1727" pin=0"/></net>

<net id="1731"><net_src comp="1727" pin="1"/><net_sink comp="728" pin=0"/></net>

<net id="1735"><net_src comp="291" pin="3"/><net_sink comp="1732" pin=0"/></net>

<net id="1736"><net_src comp="1732" pin="1"/><net_sink comp="734" pin=0"/></net>

<net id="1740"><net_src comp="298" pin="3"/><net_sink comp="1737" pin=0"/></net>

<net id="1741"><net_src comp="1737" pin="1"/><net_sink comp="740" pin=0"/></net>

<net id="1745"><net_src comp="305" pin="3"/><net_sink comp="1742" pin=0"/></net>

<net id="1746"><net_src comp="1742" pin="1"/><net_sink comp="746" pin=0"/></net>

<net id="1750"><net_src comp="312" pin="3"/><net_sink comp="1747" pin=0"/></net>

<net id="1751"><net_src comp="1747" pin="1"/><net_sink comp="752" pin=0"/></net>

<net id="1755"><net_src comp="319" pin="3"/><net_sink comp="1752" pin=0"/></net>

<net id="1756"><net_src comp="1752" pin="1"/><net_sink comp="758" pin=0"/></net>

<net id="1760"><net_src comp="326" pin="3"/><net_sink comp="1757" pin=0"/></net>

<net id="1761"><net_src comp="1757" pin="1"/><net_sink comp="764" pin=0"/></net>

<net id="1765"><net_src comp="333" pin="3"/><net_sink comp="1762" pin=0"/></net>

<net id="1766"><net_src comp="1762" pin="1"/><net_sink comp="770" pin=0"/></net>

<net id="1770"><net_src comp="340" pin="3"/><net_sink comp="1767" pin=0"/></net>

<net id="1771"><net_src comp="1767" pin="1"/><net_sink comp="776" pin=0"/></net>

<net id="1775"><net_src comp="347" pin="3"/><net_sink comp="1772" pin=0"/></net>

<net id="1776"><net_src comp="1772" pin="1"/><net_sink comp="782" pin=0"/></net>

<net id="1780"><net_src comp="354" pin="3"/><net_sink comp="1777" pin=0"/></net>

<net id="1781"><net_src comp="1777" pin="1"/><net_sink comp="788" pin=0"/></net>

<net id="1785"><net_src comp="361" pin="3"/><net_sink comp="1782" pin=0"/></net>

<net id="1786"><net_src comp="1782" pin="1"/><net_sink comp="794" pin=0"/></net>

<net id="1790"><net_src comp="368" pin="3"/><net_sink comp="1787" pin=0"/></net>

<net id="1791"><net_src comp="1787" pin="1"/><net_sink comp="800" pin=0"/></net>

<net id="1795"><net_src comp="375" pin="3"/><net_sink comp="1792" pin=0"/></net>

<net id="1796"><net_src comp="1792" pin="1"/><net_sink comp="806" pin=0"/></net>

<net id="1800"><net_src comp="382" pin="3"/><net_sink comp="1797" pin=0"/></net>

<net id="1801"><net_src comp="1797" pin="1"/><net_sink comp="812" pin=0"/></net>

<net id="1805"><net_src comp="389" pin="3"/><net_sink comp="1802" pin=0"/></net>

<net id="1806"><net_src comp="1802" pin="1"/><net_sink comp="818" pin=0"/></net>

<net id="1810"><net_src comp="396" pin="3"/><net_sink comp="1807" pin=0"/></net>

<net id="1811"><net_src comp="1807" pin="1"/><net_sink comp="824" pin=0"/></net>

<net id="1815"><net_src comp="403" pin="3"/><net_sink comp="1812" pin=0"/></net>

<net id="1816"><net_src comp="1812" pin="1"/><net_sink comp="830" pin=0"/></net>

<net id="1820"><net_src comp="410" pin="3"/><net_sink comp="1817" pin=0"/></net>

<net id="1821"><net_src comp="1817" pin="1"/><net_sink comp="836" pin=0"/></net>

<net id="1825"><net_src comp="417" pin="3"/><net_sink comp="1822" pin=0"/></net>

<net id="1826"><net_src comp="1822" pin="1"/><net_sink comp="842" pin=0"/></net>

<net id="1830"><net_src comp="424" pin="3"/><net_sink comp="1827" pin=0"/></net>

<net id="1831"><net_src comp="1827" pin="1"/><net_sink comp="848" pin=0"/></net>

<net id="1835"><net_src comp="431" pin="3"/><net_sink comp="1832" pin=0"/></net>

<net id="1836"><net_src comp="1832" pin="1"/><net_sink comp="854" pin=0"/></net>

<net id="1840"><net_src comp="438" pin="3"/><net_sink comp="1837" pin=0"/></net>

<net id="1841"><net_src comp="1837" pin="1"/><net_sink comp="860" pin=0"/></net>

<net id="1845"><net_src comp="445" pin="3"/><net_sink comp="1842" pin=0"/></net>

<net id="1846"><net_src comp="1842" pin="1"/><net_sink comp="866" pin=0"/></net>

<net id="1850"><net_src comp="452" pin="3"/><net_sink comp="1847" pin=0"/></net>

<net id="1851"><net_src comp="1847" pin="1"/><net_sink comp="872" pin=0"/></net>

<net id="1855"><net_src comp="459" pin="3"/><net_sink comp="1852" pin=0"/></net>

<net id="1856"><net_src comp="1852" pin="1"/><net_sink comp="878" pin=0"/></net>

<net id="1860"><net_src comp="466" pin="3"/><net_sink comp="1857" pin=0"/></net>

<net id="1861"><net_src comp="1857" pin="1"/><net_sink comp="884" pin=0"/></net>

<net id="1865"><net_src comp="473" pin="3"/><net_sink comp="1862" pin=0"/></net>

<net id="1866"><net_src comp="1862" pin="1"/><net_sink comp="890" pin=0"/></net>

<net id="1870"><net_src comp="480" pin="3"/><net_sink comp="1867" pin=0"/></net>

<net id="1871"><net_src comp="1867" pin="1"/><net_sink comp="896" pin=0"/></net>

<net id="1875"><net_src comp="487" pin="3"/><net_sink comp="1872" pin=0"/></net>

<net id="1876"><net_src comp="1872" pin="1"/><net_sink comp="902" pin=0"/></net>

<net id="1880"><net_src comp="494" pin="3"/><net_sink comp="1877" pin=0"/></net>

<net id="1881"><net_src comp="1877" pin="1"/><net_sink comp="908" pin=0"/></net>

<net id="1885"><net_src comp="501" pin="3"/><net_sink comp="1882" pin=0"/></net>

<net id="1886"><net_src comp="1882" pin="1"/><net_sink comp="914" pin=0"/></net>

<net id="1890"><net_src comp="508" pin="3"/><net_sink comp="1887" pin=0"/></net>

<net id="1891"><net_src comp="1887" pin="1"/><net_sink comp="920" pin=0"/></net>

<net id="1895"><net_src comp="515" pin="3"/><net_sink comp="1892" pin=0"/></net>

<net id="1896"><net_src comp="1892" pin="1"/><net_sink comp="926" pin=0"/></net>

<net id="1900"><net_src comp="522" pin="3"/><net_sink comp="1897" pin=0"/></net>

<net id="1901"><net_src comp="1897" pin="1"/><net_sink comp="932" pin=0"/></net>

<net id="1905"><net_src comp="529" pin="3"/><net_sink comp="1902" pin=0"/></net>

<net id="1906"><net_src comp="1902" pin="1"/><net_sink comp="938" pin=0"/></net>

<net id="1910"><net_src comp="536" pin="3"/><net_sink comp="1907" pin=0"/></net>

<net id="1911"><net_src comp="1907" pin="1"/><net_sink comp="944" pin=0"/></net>

<net id="1915"><net_src comp="543" pin="3"/><net_sink comp="1912" pin=0"/></net>

<net id="1916"><net_src comp="1912" pin="1"/><net_sink comp="950" pin=0"/></net>

<net id="1920"><net_src comp="550" pin="3"/><net_sink comp="1917" pin=0"/></net>

<net id="1921"><net_src comp="1917" pin="1"/><net_sink comp="956" pin=0"/></net>

<net id="1925"><net_src comp="557" pin="3"/><net_sink comp="1922" pin=0"/></net>

<net id="1926"><net_src comp="1922" pin="1"/><net_sink comp="962" pin=0"/></net>

<net id="1930"><net_src comp="564" pin="3"/><net_sink comp="1927" pin=0"/></net>

<net id="1931"><net_src comp="1927" pin="1"/><net_sink comp="968" pin=0"/></net>

<net id="1935"><net_src comp="571" pin="3"/><net_sink comp="1932" pin=0"/></net>

<net id="1936"><net_src comp="1932" pin="1"/><net_sink comp="974" pin=0"/></net>

<net id="1940"><net_src comp="578" pin="3"/><net_sink comp="1937" pin=0"/></net>

<net id="1941"><net_src comp="1937" pin="1"/><net_sink comp="980" pin=0"/></net>

<net id="1945"><net_src comp="585" pin="3"/><net_sink comp="1942" pin=0"/></net>

<net id="1946"><net_src comp="1942" pin="1"/><net_sink comp="986" pin=0"/></net>

<net id="1950"><net_src comp="592" pin="3"/><net_sink comp="1947" pin=0"/></net>

<net id="1951"><net_src comp="1947" pin="1"/><net_sink comp="992" pin=0"/></net>

<net id="1955"><net_src comp="599" pin="3"/><net_sink comp="1952" pin=0"/></net>

<net id="1956"><net_src comp="1952" pin="1"/><net_sink comp="998" pin=0"/></net>

<net id="1960"><net_src comp="606" pin="3"/><net_sink comp="1957" pin=0"/></net>

<net id="1961"><net_src comp="1957" pin="1"/><net_sink comp="1004" pin=0"/></net>

<net id="1965"><net_src comp="613" pin="3"/><net_sink comp="1962" pin=0"/></net>

<net id="1966"><net_src comp="1962" pin="1"/><net_sink comp="1010" pin=0"/></net>

<net id="1970"><net_src comp="620" pin="3"/><net_sink comp="1967" pin=0"/></net>

<net id="1971"><net_src comp="1967" pin="1"/><net_sink comp="1016" pin=0"/></net>

<net id="1975"><net_src comp="627" pin="3"/><net_sink comp="1972" pin=0"/></net>

<net id="1976"><net_src comp="1972" pin="1"/><net_sink comp="1022" pin=0"/></net>

<net id="1980"><net_src comp="634" pin="3"/><net_sink comp="1977" pin=0"/></net>

<net id="1981"><net_src comp="1977" pin="1"/><net_sink comp="1028" pin=0"/></net>

<net id="1985"><net_src comp="641" pin="3"/><net_sink comp="1982" pin=0"/></net>

<net id="1986"><net_src comp="1982" pin="1"/><net_sink comp="1034" pin=0"/></net>

<net id="1990"><net_src comp="648" pin="3"/><net_sink comp="1987" pin=0"/></net>

<net id="1991"><net_src comp="1987" pin="1"/><net_sink comp="1040" pin=0"/></net>

<net id="1995"><net_src comp="655" pin="3"/><net_sink comp="1992" pin=0"/></net>

<net id="1996"><net_src comp="1992" pin="1"/><net_sink comp="1046" pin=0"/></net>

<net id="2000"><net_src comp="662" pin="3"/><net_sink comp="1997" pin=0"/></net>

<net id="2001"><net_src comp="1997" pin="1"/><net_sink comp="1052" pin=0"/></net>

<net id="2005"><net_src comp="669" pin="3"/><net_sink comp="2002" pin=0"/></net>

<net id="2006"><net_src comp="2002" pin="1"/><net_sink comp="1058" pin=0"/></net>

<net id="2010"><net_src comp="676" pin="3"/><net_sink comp="2007" pin=0"/></net>

<net id="2011"><net_src comp="2007" pin="1"/><net_sink comp="1064" pin=0"/></net>

<net id="2015"><net_src comp="683" pin="3"/><net_sink comp="2012" pin=0"/></net>

<net id="2016"><net_src comp="2012" pin="1"/><net_sink comp="1070" pin=0"/></net>

<net id="2020"><net_src comp="690" pin="3"/><net_sink comp="2017" pin=0"/></net>

<net id="2021"><net_src comp="2017" pin="1"/><net_sink comp="1076" pin=0"/></net>

<net id="2025"><net_src comp="697" pin="3"/><net_sink comp="2022" pin=0"/></net>

<net id="2026"><net_src comp="2022" pin="1"/><net_sink comp="1082" pin=0"/></net>

<net id="2030"><net_src comp="1600" pin="19"/><net_sink comp="2027" pin=0"/></net>

<net id="2031"><net_src comp="2027" pin="1"/><net_sink comp="248" pin=2"/></net>

</net_list>

</model> 
---------------- Datapath Model END ------------------

* FSMD analyzer results:
  - Output states:
	Port: gmem2 | {5 }
 - Input state : 
	Port: mmult_Pipeline_writeC_VITIS_LOOP_187_5 : gmem2 | {}
	Port: mmult_Pipeline_writeC_VITIS_LOOP_187_5 : b_col | {1 }
	Port: mmult_Pipeline_writeC_VITIS_LOOP_187_5 : mul_ln185_1 | {1 }
	Port: mmult_Pipeline_writeC_VITIS_LOOP_187_5 : sext_ln185 | {1 }
	Port: mmult_Pipeline_writeC_VITIS_LOOP_187_5 : localC | {3 4 }
	Port: mmult_Pipeline_writeC_VITIS_LOOP_187_5 : localC_1 | {3 4 }
	Port: mmult_Pipeline_writeC_VITIS_LOOP_187_5 : localC_2 | {3 4 }
	Port: mmult_Pipeline_writeC_VITIS_LOOP_187_5 : localC_3 | {3 4 }
	Port: mmult_Pipeline_writeC_VITIS_LOOP_187_5 : localC_4 | {3 4 }
	Port: mmult_Pipeline_writeC_VITIS_LOOP_187_5 : localC_5 | {3 4 }
	Port: mmult_Pipeline_writeC_VITIS_LOOP_187_5 : localC_6 | {3 4 }
	Port: mmult_Pipeline_writeC_VITIS_LOOP_187_5 : localC_7 | {3 4 }
	Port: mmult_Pipeline_writeC_VITIS_LOOP_187_5 : localC_8 | {3 4 }
	Port: mmult_Pipeline_writeC_VITIS_LOOP_187_5 : localC_9 | {3 4 }
	Port: mmult_Pipeline_writeC_VITIS_LOOP_187_5 : localC_10 | {3 4 }
	Port: mmult_Pipeline_writeC_VITIS_LOOP_187_5 : localC_11 | {3 4 }
	Port: mmult_Pipeline_writeC_VITIS_LOOP_187_5 : localC_12 | {3 4 }
	Port: mmult_Pipeline_writeC_VITIS_LOOP_187_5 : localC_13 | {3 4 }
	Port: mmult_Pipeline_writeC_VITIS_LOOP_187_5 : localC_14 | {3 4 }
	Port: mmult_Pipeline_writeC_VITIS_LOOP_187_5 : localC_15 | {3 4 }
	Port: mmult_Pipeline_writeC_VITIS_LOOP_187_5 : localC_16 | {3 4 }
	Port: mmult_Pipeline_writeC_VITIS_LOOP_187_5 : localC_17 | {3 4 }
	Port: mmult_Pipeline_writeC_VITIS_LOOP_187_5 : localC_18 | {3 4 }
	Port: mmult_Pipeline_writeC_VITIS_LOOP_187_5 : localC_19 | {3 4 }
	Port: mmult_Pipeline_writeC_VITIS_LOOP_187_5 : localC_20 | {3 4 }
	Port: mmult_Pipeline_writeC_VITIS_LOOP_187_5 : localC_21 | {3 4 }
	Port: mmult_Pipeline_writeC_VITIS_LOOP_187_5 : localC_22 | {3 4 }
	Port: mmult_Pipeline_writeC_VITIS_LOOP_187_5 : localC_23 | {3 4 }
	Port: mmult_Pipeline_writeC_VITIS_LOOP_187_5 : localC_24 | {3 4 }
	Port: mmult_Pipeline_writeC_VITIS_LOOP_187_5 : localC_25 | {3 4 }
	Port: mmult_Pipeline_writeC_VITIS_LOOP_187_5 : localC_26 | {3 4 }
	Port: mmult_Pipeline_writeC_VITIS_LOOP_187_5 : localC_27 | {3 4 }
	Port: mmult_Pipeline_writeC_VITIS_LOOP_187_5 : localC_28 | {3 4 }
	Port: mmult_Pipeline_writeC_VITIS_LOOP_187_5 : localC_29 | {3 4 }
	Port: mmult_Pipeline_writeC_VITIS_LOOP_187_5 : localC_30 | {3 4 }
	Port: mmult_Pipeline_writeC_VITIS_LOOP_187_5 : localC_31 | {3 4 }
	Port: mmult_Pipeline_writeC_VITIS_LOOP_187_5 : localC_32 | {3 4 }
	Port: mmult_Pipeline_writeC_VITIS_LOOP_187_5 : localC_33 | {3 4 }
	Port: mmult_Pipeline_writeC_VITIS_LOOP_187_5 : localC_34 | {3 4 }
	Port: mmult_Pipeline_writeC_VITIS_LOOP_187_5 : localC_35 | {3 4 }
	Port: mmult_Pipeline_writeC_VITIS_LOOP_187_5 : localC_36 | {3 4 }
	Port: mmult_Pipeline_writeC_VITIS_LOOP_187_5 : localC_37 | {3 4 }
	Port: mmult_Pipeline_writeC_VITIS_LOOP_187_5 : localC_38 | {3 4 }
	Port: mmult_Pipeline_writeC_VITIS_LOOP_187_5 : localC_39 | {3 4 }
	Port: mmult_Pipeline_writeC_VITIS_LOOP_187_5 : localC_40 | {3 4 }
	Port: mmult_Pipeline_writeC_VITIS_LOOP_187_5 : localC_41 | {3 4 }
	Port: mmult_Pipeline_writeC_VITIS_LOOP_187_5 : localC_42 | {3 4 }
	Port: mmult_Pipeline_writeC_VITIS_LOOP_187_5 : localC_43 | {3 4 }
	Port: mmult_Pipeline_writeC_VITIS_LOOP_187_5 : localC_44 | {3 4 }
	Port: mmult_Pipeline_writeC_VITIS_LOOP_187_5 : localC_45 | {3 4 }
	Port: mmult_Pipeline_writeC_VITIS_LOOP_187_5 : localC_46 | {3 4 }
	Port: mmult_Pipeline_writeC_VITIS_LOOP_187_5 : localC_47 | {3 4 }
	Port: mmult_Pipeline_writeC_VITIS_LOOP_187_5 : localC_48 | {3 4 }
	Port: mmult_Pipeline_writeC_VITIS_LOOP_187_5 : localC_49 | {3 4 }
	Port: mmult_Pipeline_writeC_VITIS_LOOP_187_5 : localC_50 | {3 4 }
	Port: mmult_Pipeline_writeC_VITIS_LOOP_187_5 : localC_51 | {3 4 }
	Port: mmult_Pipeline_writeC_VITIS_LOOP_187_5 : localC_52 | {3 4 }
	Port: mmult_Pipeline_writeC_VITIS_LOOP_187_5 : localC_53 | {3 4 }
	Port: mmult_Pipeline_writeC_VITIS_LOOP_187_5 : localC_54 | {3 4 }
	Port: mmult_Pipeline_writeC_VITIS_LOOP_187_5 : localC_55 | {3 4 }
	Port: mmult_Pipeline_writeC_VITIS_LOOP_187_5 : localC_56 | {3 4 }
	Port: mmult_Pipeline_writeC_VITIS_LOOP_187_5 : localC_57 | {3 4 }
	Port: mmult_Pipeline_writeC_VITIS_LOOP_187_5 : localC_58 | {3 4 }
	Port: mmult_Pipeline_writeC_VITIS_LOOP_187_5 : localC_59 | {3 4 }
	Port: mmult_Pipeline_writeC_VITIS_LOOP_187_5 : localC_60 | {3 4 }
	Port: mmult_Pipeline_writeC_VITIS_LOOP_187_5 : localC_61 | {3 4 }
	Port: mmult_Pipeline_writeC_VITIS_LOOP_187_5 : localC_62 | {3 4 }
	Port: mmult_Pipeline_writeC_VITIS_LOOP_187_5 : localC_63 | {3 4 }
  - Chain level:
	State 1
		store_ln0 : 1
		store_ln185 : 1
		store_ln187 : 1
	State 2
		zext_ln187 : 1
		icmp_ln187 : 2
		icmp_ln185 : 1
		add_ln185_1 : 1
		br_ln185 : 2
		add_ln185 : 1
		select_ln185 : 3
		select_ln185_1 : 3
		trunc_ln185 : 4
		lshr_ln3 : 4
		tmp_s : 5
		trunc_ln187 : 4
		lshr_ln4 : 4
		add_ln190 : 6
		add_ln187 : 4
		store_ln185 : 2
		store_ln185 : 4
		store_ln187 : 5
	State 3
		localC_addr : 1
		localC_1_addr : 1
		localC_2_addr : 1
		localC_3_addr : 1
		localC_4_addr : 1
		localC_5_addr : 1
		localC_6_addr : 1
		localC_7_addr : 1
		localC_8_addr : 1
		localC_9_addr : 1
		localC_10_addr : 1
		localC_11_addr : 1
		localC_12_addr : 1
		localC_13_addr : 1
		localC_14_addr : 1
		localC_15_addr : 1
		localC_16_addr : 1
		localC_17_addr : 1
		localC_18_addr : 1
		localC_19_addr : 1
		localC_20_addr : 1
		localC_21_addr : 1
		localC_22_addr : 1
		localC_23_addr : 1
		localC_24_addr : 1
		localC_25_addr : 1
		localC_26_addr : 1
		localC_27_addr : 1
		localC_28_addr : 1
		localC_29_addr : 1
		localC_30_addr : 1
		localC_31_addr : 1
		localC_32_addr : 1
		localC_33_addr : 1
		localC_34_addr : 1
		localC_35_addr : 1
		localC_36_addr : 1
		localC_37_addr : 1
		localC_38_addr : 1
		localC_39_addr : 1
		localC_40_addr : 1
		localC_41_addr : 1
		localC_42_addr : 1
		localC_43_addr : 1
		localC_44_addr : 1
		localC_45_addr : 1
		localC_46_addr : 1
		localC_47_addr : 1
		localC_48_addr : 1
		localC_49_addr : 1
		localC_50_addr : 1
		localC_51_addr : 1
		localC_52_addr : 1
		localC_53_addr : 1
		localC_54_addr : 1
		localC_55_addr : 1
		localC_56_addr : 1
		localC_57_addr : 1
		localC_58_addr : 1
		localC_59_addr : 1
		localC_60_addr : 1
		localC_61_addr : 1
		localC_62_addr : 1
		localC_63_addr : 1
		localC_load : 2
		localC_1_load : 2
		localC_2_load : 2
		localC_3_load : 2
		localC_4_load : 2
		localC_5_load : 2
		localC_6_load : 2
		localC_7_load : 2
		localC_8_load : 2
		localC_9_load : 2
		localC_10_load : 2
		localC_11_load : 2
		localC_12_load : 2
		localC_13_load : 2
		localC_14_load : 2
		localC_15_load : 2
		localC_16_load : 2
		localC_17_load : 2
		localC_18_load : 2
		localC_19_load : 2
		localC_20_load : 2
		localC_21_load : 2
		localC_22_load : 2
		localC_23_load : 2
		localC_24_load : 2
		localC_25_load : 2
		localC_26_load : 2
		localC_27_load : 2
		localC_28_load : 2
		localC_29_load : 2
		localC_30_load : 2
		localC_31_load : 2
		localC_32_load : 2
		localC_33_load : 2
		localC_34_load : 2
		localC_35_load : 2
		localC_36_load : 2
		localC_37_load : 2
		localC_38_load : 2
		localC_39_load : 2
		localC_40_load : 2
		localC_41_load : 2
		localC_42_load : 2
		localC_43_load : 2
		localC_44_load : 2
		localC_45_load : 2
		localC_46_load : 2
		localC_47_load : 2
		localC_48_load : 2
		localC_49_load : 2
		localC_50_load : 2
		localC_51_load : 2
		localC_52_load : 2
		localC_53_load : 2
		localC_54_load : 2
		localC_55_load : 2
		localC_56_load : 2
		localC_57_load : 2
		localC_58_load : 2
		localC_59_load : 2
		localC_60_load : 2
		localC_61_load : 2
		localC_62_load : 2
		localC_63_load : 2
	State 4
		tmp : 1
		tmp_1 : 1
		tmp_2 : 1
		tmp_3 : 1
		tmp_4 : 1
		tmp_5 : 1
		tmp_6 : 1
		tmp_7 : 1
		tmp_8 : 2
	State 5
		write_ln190 : 1


============================================================
+ Verbose Summary: Datapath Resource usage 
============================================================

* Functional unit list:
|----------|------------------------------|---------|---------|
| Operation|        Functional Unit       |    FF   |   LUT   |
|----------|------------------------------|---------|---------|
|          |          tmp_fu_1288         |    0    |    43   |
|          |         tmp_1_fu_1327        |    0    |    43   |
|          |         tmp_2_fu_1366        |    0    |    43   |
|          |         tmp_3_fu_1405        |    0    |    43   |
| sparsemux|         tmp_4_fu_1444        |    0    |    43   |
|          |         tmp_5_fu_1483        |    0    |    43   |
|          |         tmp_6_fu_1522        |    0    |    43   |
|          |         tmp_7_fu_1561        |    0    |    43   |
|          |         tmp_8_fu_1600        |    0    |    43   |
|----------|------------------------------|---------|---------|
|          |      add_ln185_1_fu_1127     |    0    |    71   |
|    add   |       add_ln185_fu_1136      |    0    |    38   |
|          |       add_ln190_fu_1194      |    0    |    12   |
|          |       add_ln187_fu_1200      |    0    |    38   |
|----------|------------------------------|---------|---------|
|   icmp   |      icmp_ln187_fu_1117      |    0    |    39   |
|          |      icmp_ln185_fu_1122      |    0    |    71   |
|----------|------------------------------|---------|---------|
|  select  |     select_ln185_fu_1142     |    0    |    31   |
|          |    select_ln185_1_fu_1150    |    0    |    31   |
|----------|------------------------------|---------|---------|
|          |  sext_ln185_read_read_fu_230 |    0    |    0    |
|   read   | mul_ln185_1_read_read_fu_236 |    0    |    0    |
|          |    b_col_read_read_fu_242    |    0    |    0    |
|----------|------------------------------|---------|---------|
|   write  |   write_ln190_write_fu_248   |    0    |    0    |
|----------|------------------------------|---------|---------|
|   sext   |    sext_ln185_cast_fu_1088   |    0    |    0    |
|----------|------------------------------|---------|---------|
|   zext   |      zext_ln187_fu_1113      |    0    |    0    |
|          |      zext_ln190_fu_1221      |    0    |    0    |
|----------|------------------------------|---------|---------|
|   trunc  |      trunc_ln185_fu_1158     |    0    |    0    |
|          |      trunc_ln187_fu_1180     |    0    |    0    |
|----------|------------------------------|---------|---------|
|partselect|       lshr_ln3_fu_1162       |    0    |    0    |
|          |       lshr_ln4_fu_1184       |    0    |    0    |
|----------|------------------------------|---------|---------|
|bitconcatenate|         tmp_s_fu_1172        |    0    |    0    |
|----------|------------------------------|---------|---------|
|   Total  |                              |    0    |   718   |
|----------|------------------------------|---------|---------|

Memories:
N/A

* Register list:
+-------------------------+--------+
|                         |   FF   |
+-------------------------+--------+
|    add_ln190_reg_1702   |    4   |
|   b_col_read_reg_1671   |   32   |
|        i_reg_1652       |   31   |
|   icmp_ln185_reg_1681   |    1   |
|indvar_flatten26_reg_1659|   64   |
|        j_reg_1645       |   31   |
| localC_10_addr_reg_1757 |    4   |
| localC_11_addr_reg_1762 |    4   |
| localC_12_addr_reg_1767 |    4   |
| localC_13_addr_reg_1772 |    4   |
| localC_14_addr_reg_1777 |    4   |
| localC_15_addr_reg_1782 |    4   |
| localC_16_addr_reg_1787 |    4   |
| localC_17_addr_reg_1792 |    4   |
| localC_18_addr_reg_1797 |    4   |
| localC_19_addr_reg_1802 |    4   |
|  localC_1_addr_reg_1712 |    4   |
| localC_20_addr_reg_1807 |    4   |
| localC_21_addr_reg_1812 |    4   |
| localC_22_addr_reg_1817 |    4   |
| localC_23_addr_reg_1822 |    4   |
| localC_24_addr_reg_1827 |    4   |
| localC_25_addr_reg_1832 |    4   |
| localC_26_addr_reg_1837 |    4   |
| localC_27_addr_reg_1842 |    4   |
| localC_28_addr_reg_1847 |    4   |
| localC_29_addr_reg_1852 |    4   |
|  localC_2_addr_reg_1717 |    4   |
| localC_30_addr_reg_1857 |    4   |
| localC_31_addr_reg_1862 |    4   |
| localC_32_addr_reg_1867 |    4   |
| localC_33_addr_reg_1872 |    4   |
| localC_34_addr_reg_1877 |    4   |
| localC_35_addr_reg_1882 |    4   |
| localC_36_addr_reg_1887 |    4   |
| localC_37_addr_reg_1892 |    4   |
| localC_38_addr_reg_1897 |    4   |
| localC_39_addr_reg_1902 |    4   |
|  localC_3_addr_reg_1722 |    4   |
| localC_40_addr_reg_1907 |    4   |
| localC_41_addr_reg_1912 |    4   |
| localC_42_addr_reg_1917 |    4   |
| localC_43_addr_reg_1922 |    4   |
| localC_44_addr_reg_1927 |    4   |
| localC_45_addr_reg_1932 |    4   |
| localC_46_addr_reg_1937 |    4   |
| localC_47_addr_reg_1942 |    4   |
| localC_48_addr_reg_1947 |    4   |
| localC_49_addr_reg_1952 |    4   |
|  localC_4_addr_reg_1727 |    4   |
| localC_50_addr_reg_1957 |    4   |
| localC_51_addr_reg_1962 |    4   |
| localC_52_addr_reg_1967 |    4   |
| localC_53_addr_reg_1972 |    4   |
| localC_54_addr_reg_1977 |    4   |
| localC_55_addr_reg_1982 |    4   |
| localC_56_addr_reg_1987 |    4   |
| localC_57_addr_reg_1992 |    4   |
| localC_58_addr_reg_1997 |    4   |
| localC_59_addr_reg_2002 |    4   |
|  localC_5_addr_reg_1732 |    4   |
| localC_60_addr_reg_2007 |    4   |
| localC_61_addr_reg_2012 |    4   |
| localC_62_addr_reg_2017 |    4   |
| localC_63_addr_reg_2022 |    4   |
|  localC_6_addr_reg_1737 |    4   |
|  localC_7_addr_reg_1742 |    4   |
|  localC_8_addr_reg_1747 |    4   |
|  localC_9_addr_reg_1752 |    4   |
|   localC_addr_reg_1707  |    4   |
|mul_ln185_1_read_reg_1666|   64   |
| sext_ln185_cast_reg_1676|   64   |
|      tmp_8_reg_2027     |   16   |
|   trunc_ln185_reg_1685  |    3   |
|   trunc_ln187_reg_1690  |    3   |
+-------------------------+--------+
|          Total          |   569  |
+-------------------------+--------+

* Multiplexer (MUX) list: 
|--------------------|------|------|------|--------||---------||---------|
|        Comp        |  Pin | Size |  BW  | S x BW ||  Delay  ||   LUT   |
|--------------------|------|------|------|--------||---------||---------|
|  grp_access_fu_704 |  p0  |   2  |   4  |    8   ||    9    |
|  grp_access_fu_710 |  p0  |   2  |   4  |    8   ||    9    |
|  grp_access_fu_716 |  p0  |   2  |   4  |    8   ||    9    |
|  grp_access_fu_722 |  p0  |   2  |   4  |    8   ||    9    |
|  grp_access_fu_728 |  p0  |   2  |   4  |    8   ||    9    |
|  grp_access_fu_734 |  p0  |   2  |   4  |    8   ||    9    |
|  grp_access_fu_740 |  p0  |   2  |   4  |    8   ||    9    |
|  grp_access_fu_746 |  p0  |   2  |   4  |    8   ||    9    |
|  grp_access_fu_752 |  p0  |   2  |   4  |    8   ||    9    |
|  grp_access_fu_758 |  p0  |   2  |   4  |    8   ||    9    |
|  grp_access_fu_764 |  p0  |   2  |   4  |    8   ||    9    |
|  grp_access_fu_770 |  p0  |   2  |   4  |    8   ||    9    |
|  grp_access_fu_776 |  p0  |   2  |   4  |    8   ||    9    |
|  grp_access_fu_782 |  p0  |   2  |   4  |    8   ||    9    |
|  grp_access_fu_788 |  p0  |   2  |   4  |    8   ||    9    |
|  grp_access_fu_794 |  p0  |   2  |   4  |    8   ||    9    |
|  grp_access_fu_800 |  p0  |   2  |   4  |    8   ||    9    |
|  grp_access_fu_806 |  p0  |   2  |   4  |    8   ||    9    |
|  grp_access_fu_812 |  p0  |   2  |   4  |    8   ||    9    |
|  grp_access_fu_818 |  p0  |   2  |   4  |    8   ||    9    |
|  grp_access_fu_824 |  p0  |   2  |   4  |    8   ||    9    |
|  grp_access_fu_830 |  p0  |   2  |   4  |    8   ||    9    |
|  grp_access_fu_836 |  p0  |   2  |   4  |    8   ||    9    |
|  grp_access_fu_842 |  p0  |   2  |   4  |    8   ||    9    |
|  grp_access_fu_848 |  p0  |   2  |   4  |    8   ||    9    |
|  grp_access_fu_854 |  p0  |   2  |   4  |    8   ||    9    |
|  grp_access_fu_860 |  p0  |   2  |   4  |    8   ||    9    |
|  grp_access_fu_866 |  p0  |   2  |   4  |    8   ||    9    |
|  grp_access_fu_872 |  p0  |   2  |   4  |    8   ||    9    |
|  grp_access_fu_878 |  p0  |   2  |   4  |    8   ||    9    |
|  grp_access_fu_884 |  p0  |   2  |   4  |    8   ||    9    |
|  grp_access_fu_890 |  p0  |   2  |   4  |    8   ||    9    |
|  grp_access_fu_896 |  p0  |   2  |   4  |    8   ||    9    |
|  grp_access_fu_902 |  p0  |   2  |   4  |    8   ||    9    |
|  grp_access_fu_908 |  p0  |   2  |   4  |    8   ||    9    |
|  grp_access_fu_914 |  p0  |   2  |   4  |    8   ||    9    |
|  grp_access_fu_920 |  p0  |   2  |   4  |    8   ||    9    |
|  grp_access_fu_926 |  p0  |   2  |   4  |    8   ||    9    |
|  grp_access_fu_932 |  p0  |   2  |   4  |    8   ||    9    |
|  grp_access_fu_938 |  p0  |   2  |   4  |    8   ||    9    |
|  grp_access_fu_944 |  p0  |   2  |   4  |    8   ||    9    |
|  grp_access_fu_950 |  p0  |   2  |   4  |    8   ||    9    |
|  grp_access_fu_956 |  p0  |   2  |   4  |    8   ||    9    |
|  grp_access_fu_962 |  p0  |   2  |   4  |    8   ||    9    |
|  grp_access_fu_968 |  p0  |   2  |   4  |    8   ||    9    |
|  grp_access_fu_974 |  p0  |   2  |   4  |    8   ||    9    |
|  grp_access_fu_980 |  p0  |   2  |   4  |    8   ||    9    |
|  grp_access_fu_986 |  p0  |   2  |   4  |    8   ||    9    |
|  grp_access_fu_992 |  p0  |   2  |   4  |    8   ||    9    |
|  grp_access_fu_998 |  p0  |   2  |   4  |    8   ||    9    |
| grp_access_fu_1004 |  p0  |   2  |   4  |    8   ||    9    |
| grp_access_fu_1010 |  p0  |   2  |   4  |    8   ||    9    |
| grp_access_fu_1016 |  p0  |   2  |   4  |    8   ||    9    |
| grp_access_fu_1022 |  p0  |   2  |   4  |    8   ||    9    |
| grp_access_fu_1028 |  p0  |   2  |   4  |    8   ||    9    |
| grp_access_fu_1034 |  p0  |   2  |   4  |    8   ||    9    |
| grp_access_fu_1040 |  p0  |   2  |   4  |    8   ||    9    |
| grp_access_fu_1046 |  p0  |   2  |   4  |    8   ||    9    |
| grp_access_fu_1052 |  p0  |   2  |   4  |    8   ||    9    |
| grp_access_fu_1058 |  p0  |   2  |   4  |    8   ||    9    |
| grp_access_fu_1064 |  p0  |   2  |   4  |    8   ||    9    |
| grp_access_fu_1070 |  p0  |   2  |   4  |    8   ||    9    |
| grp_access_fu_1076 |  p0  |   2  |   4  |    8   ||    9    |
| grp_access_fu_1082 |  p0  |   2  |   4  |    8   ||    9    |
|--------------------|------|------|------|--------||---------||---------|
|        Total       |      |      |      |   512  ||  27.328 ||   576   |
|--------------------|------|------|------|--------||---------||---------|



* Summary:
+-----------+--------+--------+--------+
|           |  Delay |   FF   |   LUT  |
+-----------+--------+--------+--------+
|  Function |    -   |    0   |   718  |
|   Memory  |    -   |    -   |    -   |
|Multiplexer|   27   |    -   |   576  |
|  Register |    -   |   569  |    -   |
+-----------+--------+--------+--------+
|   Total   |   27   |   569  |  1294  |
+-----------+--------+--------+--------+
