

================================================================
== Vitis HLS Report for 'mmult'
================================================================
* Date:           Sat Jun  6 17:47:14 2026

* Version:        2023.2 (Build 4023990 on Oct 11 2023)
* Project:        hls_prj
* Solution:       s1 (Vivado IP Flow Target)
* Product family: zynquplus
* Target device:  xck26-sfvc784-2LV-c


================================================================
== Performance Estimates
================================================================
+ Timing: 
    * Summary: 
    +--------+---------+----------+------------+
    |  Clock |  Target | Estimated| Uncertainty|
    +--------+---------+----------+------------+
    |ap_clk  |  3.30 ns|  2.867 ns|     0.89 ns|
    +--------+---------+----------+------------+

+ Latency: 
    * Summary: 
    +---------+---------+----------+----------+-----+-----+---------+
    |  Latency (cycles) |  Latency (absolute) |  Interval | Pipeline|
    |   min   |   max   |    min   |    max   | min | max |   Type  |
    +---------+---------+----------+----------+-----+-----+---------+
    |      170|      226|  0.561 us|  0.746 us|  171|  227|       no|
    +---------+---------+----------+----------+-----+-----+---------+

    + Detail: 
        * Instance: 
        N/A

        * Loop: 
        +-------------------+---------+---------+----------+-----------+-----------+------+----------+
        |                   |  Latency (cycles) | Iteration|  Initiation Interval  | Trip |          |
        |     Loop Name     |   min   |   max   |  Latency |  achieved |   target  | Count| Pipelined|
        +-------------------+---------+---------+----------+-----------+-----------+------+----------+
        |- tile_processing  |       12|       68|    3 ~ 17|          -|          -|     4|        no|
        +-------------------+---------+---------+----------+-----------+-----------+------+----------+

============================================================
+ Verbose Summary: Synthesis Manager
============================================================
InlineROM: 1
ExposeGlobal: 0
============================================================
+ Verbose Summary: CDFG Model
============================================================
IsTopModel: 1
ResetActiveHigh: 1
IsCombinational: 0
IsDatapathOnly: 0
HasWiredReturn: 1
HasMFsm: 0
HasVarLatency: 1
IsPipeline: 0
IsRtlPipelined: 0
IsInstanceOverlapped: 0
IsDontTouch: 0
HasImplIP: 0
IsGatedGlobalClock: 0


============================================================
+ Verbose Summary: Schedule
============================================================
* Number of FSM states : 26
* Pipeline : 0
* Dataflow Pipeline: 0

* FSM state transitions: 
1 --> 2 
2 --> 3 
3 --> 4 
4 --> 5 
5 --> 6 
6 --> 7 
7 --> 8 
8 --> 9 
9 --> 10 
10 --> 11 
11 --> 12 
12 --> 13 
13 --> 14 
14 --> 15 
15 --> 16 17 
16 --> 15 
17 --> 18 
18 --> 19 
19 --> 20 
20 --> 21 
21 --> 22 
22 --> 23 
23 --> 24 
24 --> 25 
25 --> 26 
26 --> 

* FSM state operations: 

State 1 <SV = 0> <Delay = 2.01>
ST_1 : Operation 27 [1/1] (0.00ns)   --->   "%q = alloca i32 1" [mmult.cpp:176]   --->   Operation 27 'alloca' 'q' <Predicate = true> <Delay = 0.00>
ST_1 : Operation 28 [1/1] (0.00ns)   --->   "%localC_0 = alloca i32 1"   --->   Operation 28 'alloca' 'localC_0' <Predicate = true> <Delay = 0.00>
ST_1 : Operation 29 [1/1] (0.00ns)   --->   "%localC_1_0 = alloca i32 1"   --->   Operation 29 'alloca' 'localC_1_0' <Predicate = true> <Delay = 0.00>
ST_1 : Operation 30 [1/1] (0.00ns)   --->   "%localC_2_0 = alloca i32 1"   --->   Operation 30 'alloca' 'localC_2_0' <Predicate = true> <Delay = 0.00>
ST_1 : Operation 31 [1/1] (0.00ns)   --->   "%localC_3_0 = alloca i32 1"   --->   Operation 31 'alloca' 'localC_3_0' <Predicate = true> <Delay = 0.00>
ST_1 : Operation 32 [1/1] (0.00ns)   --->   "%localC_4_0 = alloca i32 1"   --->   Operation 32 'alloca' 'localC_4_0' <Predicate = true> <Delay = 0.00>
ST_1 : Operation 33 [1/1] (0.00ns)   --->   "%localC_5_0 = alloca i32 1"   --->   Operation 33 'alloca' 'localC_5_0' <Predicate = true> <Delay = 0.00>
ST_1 : Operation 34 [1/1] (0.00ns)   --->   "%localC_6_0 = alloca i32 1"   --->   Operation 34 'alloca' 'localC_6_0' <Predicate = true> <Delay = 0.00>
ST_1 : Operation 35 [1/1] (0.00ns)   --->   "%localC_7_0 = alloca i32 1"   --->   Operation 35 'alloca' 'localC_7_0' <Predicate = true> <Delay = 0.00>
ST_1 : Operation 36 [1/1] (0.00ns)   --->   "%localC_8_0 = alloca i32 1"   --->   Operation 36 'alloca' 'localC_8_0' <Predicate = true> <Delay = 0.00>
ST_1 : Operation 37 [1/1] (0.00ns)   --->   "%localC_9_0 = alloca i32 1"   --->   Operation 37 'alloca' 'localC_9_0' <Predicate = true> <Delay = 0.00>
ST_1 : Operation 38 [1/1] (0.00ns)   --->   "%localC_10_0 = alloca i32 1"   --->   Operation 38 'alloca' 'localC_10_0' <Predicate = true> <Delay = 0.00>
ST_1 : Operation 39 [1/1] (0.00ns)   --->   "%localC_11_0 = alloca i32 1"   --->   Operation 39 'alloca' 'localC_11_0' <Predicate = true> <Delay = 0.00>
ST_1 : Operation 40 [1/1] (0.00ns)   --->   "%localC_12_0 = alloca i32 1"   --->   Operation 40 'alloca' 'localC_12_0' <Predicate = true> <Delay = 0.00>
ST_1 : Operation 41 [1/1] (0.00ns)   --->   "%localC_13_0 = alloca i32 1"   --->   Operation 41 'alloca' 'localC_13_0' <Predicate = true> <Delay = 0.00>
ST_1 : Operation 42 [1/1] (0.00ns)   --->   "%localC_14_0 = alloca i32 1"   --->   Operation 42 'alloca' 'localC_14_0' <Predicate = true> <Delay = 0.00>
ST_1 : Operation 43 [1/1] (0.00ns)   --->   "%localC_15_0 = alloca i32 1"   --->   Operation 43 'alloca' 'localC_15_0' <Predicate = true> <Delay = 0.00>
ST_1 : Operation 44 [1/1] (0.00ns)   --->   "%localC_16_0 = alloca i32 1"   --->   Operation 44 'alloca' 'localC_16_0' <Predicate = true> <Delay = 0.00>
ST_1 : Operation 45 [1/1] (0.00ns)   --->   "%localC_17_0 = alloca i32 1"   --->   Operation 45 'alloca' 'localC_17_0' <Predicate = true> <Delay = 0.00>
ST_1 : Operation 46 [1/1] (0.00ns)   --->   "%localC_18_0 = alloca i32 1"   --->   Operation 46 'alloca' 'localC_18_0' <Predicate = true> <Delay = 0.00>
ST_1 : Operation 47 [1/1] (0.00ns)   --->   "%localC_19_0 = alloca i32 1"   --->   Operation 47 'alloca' 'localC_19_0' <Predicate = true> <Delay = 0.00>
ST_1 : Operation 48 [1/1] (0.00ns)   --->   "%localC_20_0 = alloca i32 1"   --->   Operation 48 'alloca' 'localC_20_0' <Predicate = true> <Delay = 0.00>
ST_1 : Operation 49 [1/1] (0.00ns)   --->   "%localC_21_0 = alloca i32 1"   --->   Operation 49 'alloca' 'localC_21_0' <Predicate = true> <Delay = 0.00>
ST_1 : Operation 50 [1/1] (0.00ns)   --->   "%localC_22_0 = alloca i32 1"   --->   Operation 50 'alloca' 'localC_22_0' <Predicate = true> <Delay = 0.00>
ST_1 : Operation 51 [1/1] (0.00ns)   --->   "%localC_23_0 = alloca i32 1"   --->   Operation 51 'alloca' 'localC_23_0' <Predicate = true> <Delay = 0.00>
ST_1 : Operation 52 [1/1] (0.00ns)   --->   "%localC_24_0 = alloca i32 1"   --->   Operation 52 'alloca' 'localC_24_0' <Predicate = true> <Delay = 0.00>
ST_1 : Operation 53 [1/1] (0.00ns)   --->   "%localC_25_0 = alloca i32 1"   --->   Operation 53 'alloca' 'localC_25_0' <Predicate = true> <Delay = 0.00>
ST_1 : Operation 54 [1/1] (0.00ns)   --->   "%localC_26_0 = alloca i32 1"   --->   Operation 54 'alloca' 'localC_26_0' <Predicate = true> <Delay = 0.00>
ST_1 : Operation 55 [1/1] (0.00ns)   --->   "%localC_27_0 = alloca i32 1"   --->   Operation 55 'alloca' 'localC_27_0' <Predicate = true> <Delay = 0.00>
ST_1 : Operation 56 [1/1] (0.00ns)   --->   "%localC_28_0 = alloca i32 1"   --->   Operation 56 'alloca' 'localC_28_0' <Predicate = true> <Delay = 0.00>
ST_1 : Operation 57 [1/1] (0.00ns)   --->   "%localC_29_0 = alloca i32 1"   --->   Operation 57 'alloca' 'localC_29_0' <Predicate = true> <Delay = 0.00>
ST_1 : Operation 58 [1/1] (0.00ns)   --->   "%localC_30_0 = alloca i32 1"   --->   Operation 58 'alloca' 'localC_30_0' <Predicate = true> <Delay = 0.00>
ST_1 : Operation 59 [1/1] (0.00ns)   --->   "%localC_31_0 = alloca i32 1"   --->   Operation 59 'alloca' 'localC_31_0' <Predicate = true> <Delay = 0.00>
ST_1 : Operation 60 [1/1] (0.00ns)   --->   "%localC_32_0 = alloca i32 1"   --->   Operation 60 'alloca' 'localC_32_0' <Predicate = true> <Delay = 0.00>
ST_1 : Operation 61 [1/1] (0.00ns)   --->   "%localC_33_0 = alloca i32 1"   --->   Operation 61 'alloca' 'localC_33_0' <Predicate = true> <Delay = 0.00>
ST_1 : Operation 62 [1/1] (0.00ns)   --->   "%localC_34_0 = alloca i32 1"   --->   Operation 62 'alloca' 'localC_34_0' <Predicate = true> <Delay = 0.00>
ST_1 : Operation 63 [1/1] (0.00ns)   --->   "%localC_35_0 = alloca i32 1"   --->   Operation 63 'alloca' 'localC_35_0' <Predicate = true> <Delay = 0.00>
ST_1 : Operation 64 [1/1] (0.00ns)   --->   "%localC_36_0 = alloca i32 1"   --->   Operation 64 'alloca' 'localC_36_0' <Predicate = true> <Delay = 0.00>
ST_1 : Operation 65 [1/1] (0.00ns)   --->   "%localC_37_0 = alloca i32 1"   --->   Operation 65 'alloca' 'localC_37_0' <Predicate = true> <Delay = 0.00>
ST_1 : Operation 66 [1/1] (0.00ns)   --->   "%localC_38_0 = alloca i32 1"   --->   Operation 66 'alloca' 'localC_38_0' <Predicate = true> <Delay = 0.00>
ST_1 : Operation 67 [1/1] (0.00ns)   --->   "%localC_39_0 = alloca i32 1"   --->   Operation 67 'alloca' 'localC_39_0' <Predicate = true> <Delay = 0.00>
ST_1 : Operation 68 [1/1] (0.00ns)   --->   "%localC_40_0 = alloca i32 1"   --->   Operation 68 'alloca' 'localC_40_0' <Predicate = true> <Delay = 0.00>
ST_1 : Operation 69 [1/1] (0.00ns)   --->   "%localC_41_0 = alloca i32 1"   --->   Operation 69 'alloca' 'localC_41_0' <Predicate = true> <Delay = 0.00>
ST_1 : Operation 70 [1/1] (0.00ns)   --->   "%localC_42_0 = alloca i32 1"   --->   Operation 70 'alloca' 'localC_42_0' <Predicate = true> <Delay = 0.00>
ST_1 : Operation 71 [1/1] (0.00ns)   --->   "%localC_43_0 = alloca i32 1"   --->   Operation 71 'alloca' 'localC_43_0' <Predicate = true> <Delay = 0.00>
ST_1 : Operation 72 [1/1] (0.00ns)   --->   "%localC_44_0 = alloca i32 1"   --->   Operation 72 'alloca' 'localC_44_0' <Predicate = true> <Delay = 0.00>
ST_1 : Operation 73 [1/1] (0.00ns)   --->   "%localC_45_0 = alloca i32 1"   --->   Operation 73 'alloca' 'localC_45_0' <Predicate = true> <Delay = 0.00>
ST_1 : Operation 74 [1/1] (0.00ns)   --->   "%localC_46_0 = alloca i32 1"   --->   Operation 74 'alloca' 'localC_46_0' <Predicate = true> <Delay = 0.00>
ST_1 : Operation 75 [1/1] (0.00ns)   --->   "%localC_47_0 = alloca i32 1"   --->   Operation 75 'alloca' 'localC_47_0' <Predicate = true> <Delay = 0.00>
ST_1 : Operation 76 [1/1] (0.00ns)   --->   "%localC_48_0 = alloca i32 1"   --->   Operation 76 'alloca' 'localC_48_0' <Predicate = true> <Delay = 0.00>
ST_1 : Operation 77 [1/1] (0.00ns)   --->   "%localC_49_0 = alloca i32 1"   --->   Operation 77 'alloca' 'localC_49_0' <Predicate = true> <Delay = 0.00>
ST_1 : Operation 78 [1/1] (0.00ns)   --->   "%localC_50_0 = alloca i32 1"   --->   Operation 78 'alloca' 'localC_50_0' <Predicate = true> <Delay = 0.00>
ST_1 : Operation 79 [1/1] (0.00ns)   --->   "%localC_51_0 = alloca i32 1"   --->   Operation 79 'alloca' 'localC_51_0' <Predicate = true> <Delay = 0.00>
ST_1 : Operation 80 [1/1] (0.00ns)   --->   "%localC_52_0 = alloca i32 1"   --->   Operation 80 'alloca' 'localC_52_0' <Predicate = true> <Delay = 0.00>
ST_1 : Operation 81 [1/1] (0.00ns)   --->   "%localC_53_0 = alloca i32 1"   --->   Operation 81 'alloca' 'localC_53_0' <Predicate = true> <Delay = 0.00>
ST_1 : Operation 82 [1/1] (0.00ns)   --->   "%localC_54_0 = alloca i32 1"   --->   Operation 82 'alloca' 'localC_54_0' <Predicate = true> <Delay = 0.00>
ST_1 : Operation 83 [1/1] (0.00ns)   --->   "%localC_55_0 = alloca i32 1"   --->   Operation 83 'alloca' 'localC_55_0' <Predicate = true> <Delay = 0.00>
ST_1 : Operation 84 [1/1] (0.00ns)   --->   "%localC_56_0 = alloca i32 1"   --->   Operation 84 'alloca' 'localC_56_0' <Predicate = true> <Delay = 0.00>
ST_1 : Operation 85 [1/1] (0.00ns)   --->   "%localC_57_0 = alloca i32 1"   --->   Operation 85 'alloca' 'localC_57_0' <Predicate = true> <Delay = 0.00>
ST_1 : Operation 86 [1/1] (0.00ns)   --->   "%localC_58_0 = alloca i32 1"   --->   Operation 86 'alloca' 'localC_58_0' <Predicate = true> <Delay = 0.00>
ST_1 : Operation 87 [1/1] (0.00ns)   --->   "%localC_59_0 = alloca i32 1"   --->   Operation 87 'alloca' 'localC_59_0' <Predicate = true> <Delay = 0.00>
ST_1 : Operation 88 [1/1] (0.00ns)   --->   "%localC_60_0 = alloca i32 1"   --->   Operation 88 'alloca' 'localC_60_0' <Predicate = true> <Delay = 0.00>
ST_1 : Operation 89 [1/1] (0.00ns)   --->   "%localC_61_0 = alloca i32 1"   --->   Operation 89 'alloca' 'localC_61_0' <Predicate = true> <Delay = 0.00>
ST_1 : Operation 90 [1/1] (0.00ns)   --->   "%localC_62_0 = alloca i32 1"   --->   Operation 90 'alloca' 'localC_62_0' <Predicate = true> <Delay = 0.00>
ST_1 : Operation 91 [1/1] (0.00ns)   --->   "%localC_63_0 = alloca i32 1"   --->   Operation 91 'alloca' 'localC_63_0' <Predicate = true> <Delay = 0.00>
ST_1 : Operation 92 [1/1] (1.00ns)   --->   "%b_col_read = read i32 @_ssdm_op_Read.s_axilite.i32, i32 %b_col"   --->   Operation 92 'read' 'b_col_read' <Predicate = true> <Delay = 1.00> <CoreInst = "s_axilite">   --->   Core 122 's_axilite' <Latency = 0> <II = 1> <Delay = 1.00> <Adapter> <Opcode : 'read' 'write'>
ST_1 : Operation 93 [1/1] (1.00ns)   --->   "%a_col_read = read i32 @_ssdm_op_Read.s_axilite.i32, i32 %a_col"   --->   Operation 93 'read' 'a_col_read' <Predicate = true> <Delay = 1.00> <CoreInst = "s_axilite">   --->   Core 122 's_axilite' <Latency = 0> <II = 1> <Delay = 1.00> <Adapter> <Opcode : 'read' 'write'>
ST_1 : Operation 94 [1/1] (1.00ns)   --->   "%a_row_read = read i32 @_ssdm_op_Read.s_axilite.i32, i32 %a_row"   --->   Operation 94 'read' 'a_row_read' <Predicate = true> <Delay = 1.00> <CoreInst = "s_axilite">   --->   Core 122 's_axilite' <Latency = 0> <II = 1> <Delay = 1.00> <Adapter> <Opcode : 'read' 'write'>
ST_1 : Operation 95 [1/1] (1.00ns)   --->   "%c_read = read i64 @_ssdm_op_Read.s_axilite.i64, i64 %c"   --->   Operation 95 'read' 'c_read' <Predicate = true> <Delay = 1.00> <CoreInst = "s_axilite">   --->   Core 122 's_axilite' <Latency = 0> <II = 1> <Delay = 1.00> <Adapter> <Opcode : 'read' 'write'>
ST_1 : Operation 96 [1/1] (1.00ns)   --->   "%b_read = read i64 @_ssdm_op_Read.s_axilite.i64, i64 %b"   --->   Operation 96 'read' 'b_read' <Predicate = true> <Delay = 1.00> <CoreInst = "s_axilite">   --->   Core 122 's_axilite' <Latency = 0> <II = 1> <Delay = 1.00> <Adapter> <Opcode : 'read' 'write'>
ST_1 : Operation 97 [1/1] (1.00ns)   --->   "%a_read = read i64 @_ssdm_op_Read.s_axilite.i64, i64 %a"   --->   Operation 97 'read' 'a_read' <Predicate = true> <Delay = 1.00> <CoreInst = "s_axilite">   --->   Core 122 's_axilite' <Latency = 0> <II = 1> <Delay = 1.00> <Adapter> <Opcode : 'read' 'write'>
ST_1 : Operation 98 [1/1] (0.00ns)   --->   "%localA = alloca i64 1" [mmult.cpp:130]   --->   Operation 98 'alloca' 'localA' <Predicate = true> <Delay = 0.00> <CoreInst = "RAM_2P_LUTRAM">   --->   Core 93 'RAM_2P_LUTRAM' <Latency = 1> <II = 1> <Delay = 0.67> <Storage> <Opcode : 'load' 'store'> <Ports = 2> <Width = 8> <Depth = 8> <RAM>
ST_1 : Operation 99 [1/1] (0.00ns)   --->   "%localA_1 = alloca i64 1" [mmult.cpp:130]   --->   Operation 99 'alloca' 'localA_1' <Predicate = true> <Delay = 0.00> <CoreInst = "RAM_2P_LUTRAM">   --->   Core 93 'RAM_2P_LUTRAM' <Latency = 1> <II = 1> <Delay = 0.67> <Storage> <Opcode : 'load' 'store'> <Ports = 2> <Width = 8> <Depth = 8> <RAM>
ST_1 : Operation 100 [1/1] (0.00ns)   --->   "%localA_2 = alloca i64 1" [mmult.cpp:130]   --->   Operation 100 'alloca' 'localA_2' <Predicate = true> <Delay = 0.00> <CoreInst = "RAM_2P_LUTRAM">   --->   Core 93 'RAM_2P_LUTRAM' <Latency = 1> <II = 1> <Delay = 0.67> <Storage> <Opcode : 'load' 'store'> <Ports = 2> <Width = 8> <Depth = 8> <RAM>
ST_1 : Operation 101 [1/1] (0.00ns)   --->   "%localA_3 = alloca i64 1" [mmult.cpp:130]   --->   Operation 101 'alloca' 'localA_3' <Predicate = true> <Delay = 0.00> <CoreInst = "RAM_2P_LUTRAM">   --->   Core 93 'RAM_2P_LUTRAM' <Latency = 1> <II = 1> <Delay = 0.67> <Storage> <Opcode : 'load' 'store'> <Ports = 2> <Width = 8> <Depth = 8> <RAM>
ST_1 : Operation 102 [1/1] (0.00ns)   --->   "%localA_4 = alloca i64 1" [mmult.cpp:130]   --->   Operation 102 'alloca' 'localA_4' <Predicate = true> <Delay = 0.00> <CoreInst = "RAM_2P_LUTRAM">   --->   Core 93 'RAM_2P_LUTRAM' <Latency = 1> <II = 1> <Delay = 0.67> <Storage> <Opcode : 'load' 'store'> <Ports = 2> <Width = 8> <Depth = 8> <RAM>
ST_1 : Operation 103 [1/1] (0.00ns)   --->   "%localA_5 = alloca i64 1" [mmult.cpp:130]   --->   Operation 103 'alloca' 'localA_5' <Predicate = true> <Delay = 0.00> <CoreInst = "RAM_2P_LUTRAM">   --->   Core 93 'RAM_2P_LUTRAM' <Latency = 1> <II = 1> <Delay = 0.67> <Storage> <Opcode : 'load' 'store'> <Ports = 2> <Width = 8> <Depth = 8> <RAM>
ST_1 : Operation 104 [1/1] (0.00ns)   --->   "%localA_6 = alloca i64 1" [mmult.cpp:130]   --->   Operation 104 'alloca' 'localA_6' <Predicate = true> <Delay = 0.00> <CoreInst = "RAM_2P_LUTRAM">   --->   Core 93 'RAM_2P_LUTRAM' <Latency = 1> <II = 1> <Delay = 0.67> <Storage> <Opcode : 'load' 'store'> <Ports = 2> <Width = 8> <Depth = 8> <RAM>
ST_1 : Operation 105 [1/1] (0.00ns)   --->   "%localA_7 = alloca i64 1" [mmult.cpp:130]   --->   Operation 105 'alloca' 'localA_7' <Predicate = true> <Delay = 0.00> <CoreInst = "RAM_2P_LUTRAM">   --->   Core 93 'RAM_2P_LUTRAM' <Latency = 1> <II = 1> <Delay = 0.67> <Storage> <Opcode : 'load' 'store'> <Ports = 2> <Width = 8> <Depth = 8> <RAM>
ST_1 : Operation 106 [1/1] (0.00ns)   --->   "%localB = alloca i64 1" [mmult.cpp:134]   --->   Operation 106 'alloca' 'localB' <Predicate = true> <Delay = 0.00> <CoreInst = "RAM_2P_LUTRAM">   --->   Core 93 'RAM_2P_LUTRAM' <Latency = 1> <II = 1> <Delay = 0.67> <Storage> <Opcode : 'load' 'store'> <Ports = 2> <Width = 8> <Depth = 8> <RAM>
ST_1 : Operation 107 [1/1] (0.00ns)   --->   "%localB_1 = alloca i64 1" [mmult.cpp:134]   --->   Operation 107 'alloca' 'localB_1' <Predicate = true> <Delay = 0.00> <CoreInst = "RAM_2P_LUTRAM">   --->   Core 93 'RAM_2P_LUTRAM' <Latency = 1> <II = 1> <Delay = 0.67> <Storage> <Opcode : 'load' 'store'> <Ports = 2> <Width = 8> <Depth = 8> <RAM>
ST_1 : Operation 108 [1/1] (0.00ns)   --->   "%localB_2 = alloca i64 1" [mmult.cpp:134]   --->   Operation 108 'alloca' 'localB_2' <Predicate = true> <Delay = 0.00> <CoreInst = "RAM_2P_LUTRAM">   --->   Core 93 'RAM_2P_LUTRAM' <Latency = 1> <II = 1> <Delay = 0.67> <Storage> <Opcode : 'load' 'store'> <Ports = 2> <Width = 8> <Depth = 8> <RAM>
ST_1 : Operation 109 [1/1] (0.00ns)   --->   "%localB_3 = alloca i64 1" [mmult.cpp:134]   --->   Operation 109 'alloca' 'localB_3' <Predicate = true> <Delay = 0.00> <CoreInst = "RAM_2P_LUTRAM">   --->   Core 93 'RAM_2P_LUTRAM' <Latency = 1> <II = 1> <Delay = 0.67> <Storage> <Opcode : 'load' 'store'> <Ports = 2> <Width = 8> <Depth = 8> <RAM>
ST_1 : Operation 110 [1/1] (0.00ns)   --->   "%localB_4 = alloca i64 1" [mmult.cpp:134]   --->   Operation 110 'alloca' 'localB_4' <Predicate = true> <Delay = 0.00> <CoreInst = "RAM_2P_LUTRAM">   --->   Core 93 'RAM_2P_LUTRAM' <Latency = 1> <II = 1> <Delay = 0.67> <Storage> <Opcode : 'load' 'store'> <Ports = 2> <Width = 8> <Depth = 8> <RAM>
ST_1 : Operation 111 [1/1] (0.00ns)   --->   "%localB_5 = alloca i64 1" [mmult.cpp:134]   --->   Operation 111 'alloca' 'localB_5' <Predicate = true> <Delay = 0.00> <CoreInst = "RAM_2P_LUTRAM">   --->   Core 93 'RAM_2P_LUTRAM' <Latency = 1> <II = 1> <Delay = 0.67> <Storage> <Opcode : 'load' 'store'> <Ports = 2> <Width = 8> <Depth = 8> <RAM>
ST_1 : Operation 112 [1/1] (0.00ns)   --->   "%localB_6 = alloca i64 1" [mmult.cpp:134]   --->   Operation 112 'alloca' 'localB_6' <Predicate = true> <Delay = 0.00> <CoreInst = "RAM_2P_LUTRAM">   --->   Core 93 'RAM_2P_LUTRAM' <Latency = 1> <II = 1> <Delay = 0.67> <Storage> <Opcode : 'load' 'store'> <Ports = 2> <Width = 8> <Depth = 8> <RAM>
ST_1 : Operation 113 [1/1] (0.00ns)   --->   "%localB_7 = alloca i64 1" [mmult.cpp:134]   --->   Operation 113 'alloca' 'localB_7' <Predicate = true> <Delay = 0.00> <CoreInst = "RAM_2P_LUTRAM">   --->   Core 93 'RAM_2P_LUTRAM' <Latency = 1> <II = 1> <Delay = 0.67> <Storage> <Opcode : 'load' 'store'> <Ports = 2> <Width = 8> <Depth = 8> <RAM>
ST_1 : Operation 114 [1/1] (1.01ns)   --->   "%icmp_ln145 = icmp_sgt  i32 %a_row_read, i32 0" [mmult.cpp:145]   --->   Operation 114 'icmp' 'icmp_ln145' <Predicate = true> <Delay = 1.01> <CoreInst = "Cmp">   --->   Core 9 'Cmp' <Latency = 0> <II = 1> <Delay = 1.01> <FuncUnit> <Opcode : 'icmp'> <InPorts = 2> <OutPorts = 1>
ST_1 : Operation 115 [1/1] (1.01ns)   --->   "%icmp_ln156 = icmp_sgt  i32 %a_col_read, i32 0" [mmult.cpp:156]   --->   Operation 115 'icmp' 'icmp_ln156' <Predicate = true> <Delay = 1.01> <CoreInst = "Cmp">   --->   Core 9 'Cmp' <Latency = 0> <II = 1> <Delay = 1.01> <FuncUnit> <Opcode : 'icmp'> <InPorts = 2> <OutPorts = 1>
ST_1 : Operation 116 [1/1] (1.01ns)   --->   "%cmp199 = icmp_sgt  i32 %b_col_read, i32 0"   --->   Operation 116 'icmp' 'cmp199' <Predicate = true> <Delay = 1.01> <CoreInst = "Cmp">   --->   Core 9 'Cmp' <Latency = 0> <II = 1> <Delay = 1.01> <FuncUnit> <Opcode : 'icmp'> <InPorts = 2> <OutPorts = 1>
ST_1 : Operation 117 [1/1] (0.42ns)   --->   "%store_ln0 = store i16 0, i16 %localC_63_0"   --->   Operation 117 'store' 'store_ln0' <Predicate = true> <Delay = 0.42>
ST_1 : Operation 118 [1/1] (0.42ns)   --->   "%store_ln0 = store i16 0, i16 %localC_62_0"   --->   Operation 118 'store' 'store_ln0' <Predicate = true> <Delay = 0.42>
ST_1 : Operation 119 [1/1] (0.42ns)   --->   "%store_ln0 = store i16 0, i16 %localC_61_0"   --->   Operation 119 'store' 'store_ln0' <Predicate = true> <Delay = 0.42>
ST_1 : Operation 120 [1/1] (0.42ns)   --->   "%store_ln0 = store i16 0, i16 %localC_60_0"   --->   Operation 120 'store' 'store_ln0' <Predicate = true> <Delay = 0.42>
ST_1 : Operation 121 [1/1] (0.42ns)   --->   "%store_ln0 = store i16 0, i16 %localC_59_0"   --->   Operation 121 'store' 'store_ln0' <Predicate = true> <Delay = 0.42>
ST_1 : Operation 122 [1/1] (0.42ns)   --->   "%store_ln0 = store i16 0, i16 %localC_58_0"   --->   Operation 122 'store' 'store_ln0' <Predicate = true> <Delay = 0.42>
ST_1 : Operation 123 [1/1] (0.42ns)   --->   "%store_ln0 = store i16 0, i16 %localC_57_0"   --->   Operation 123 'store' 'store_ln0' <Predicate = true> <Delay = 0.42>
ST_1 : Operation 124 [1/1] (0.42ns)   --->   "%store_ln0 = store i16 0, i16 %localC_56_0"   --->   Operation 124 'store' 'store_ln0' <Predicate = true> <Delay = 0.42>
ST_1 : Operation 125 [1/1] (0.42ns)   --->   "%store_ln0 = store i16 0, i16 %localC_55_0"   --->   Operation 125 'store' 'store_ln0' <Predicate = true> <Delay = 0.42>
ST_1 : Operation 126 [1/1] (0.42ns)   --->   "%store_ln0 = store i16 0, i16 %localC_54_0"   --->   Operation 126 'store' 'store_ln0' <Predicate = true> <Delay = 0.42>
ST_1 : Operation 127 [1/1] (0.42ns)   --->   "%store_ln0 = store i16 0, i16 %localC_53_0"   --->   Operation 127 'store' 'store_ln0' <Predicate = true> <Delay = 0.42>
ST_1 : Operation 128 [1/1] (0.42ns)   --->   "%store_ln0 = store i16 0, i16 %localC_52_0"   --->   Operation 128 'store' 'store_ln0' <Predicate = true> <Delay = 0.42>
ST_1 : Operation 129 [1/1] (0.42ns)   --->   "%store_ln0 = store i16 0, i16 %localC_51_0"   --->   Operation 129 'store' 'store_ln0' <Predicate = true> <Delay = 0.42>
ST_1 : Operation 130 [1/1] (0.42ns)   --->   "%store_ln0 = store i16 0, i16 %localC_50_0"   --->   Operation 130 'store' 'store_ln0' <Predicate = true> <Delay = 0.42>
ST_1 : Operation 131 [1/1] (0.42ns)   --->   "%store_ln0 = store i16 0, i16 %localC_49_0"   --->   Operation 131 'store' 'store_ln0' <Predicate = true> <Delay = 0.42>
ST_1 : Operation 132 [1/1] (0.42ns)   --->   "%store_ln0 = store i16 0, i16 %localC_48_0"   --->   Operation 132 'store' 'store_ln0' <Predicate = true> <Delay = 0.42>
ST_1 : Operation 133 [1/1] (0.42ns)   --->   "%store_ln0 = store i16 0, i16 %localC_47_0"   --->   Operation 133 'store' 'store_ln0' <Predicate = true> <Delay = 0.42>
ST_1 : Operation 134 [1/1] (0.42ns)   --->   "%store_ln0 = store i16 0, i16 %localC_46_0"   --->   Operation 134 'store' 'store_ln0' <Predicate = true> <Delay = 0.42>
ST_1 : Operation 135 [1/1] (0.42ns)   --->   "%store_ln0 = store i16 0, i16 %localC_45_0"   --->   Operation 135 'store' 'store_ln0' <Predicate = true> <Delay = 0.42>
ST_1 : Operation 136 [1/1] (0.42ns)   --->   "%store_ln0 = store i16 0, i16 %localC_44_0"   --->   Operation 136 'store' 'store_ln0' <Predicate = true> <Delay = 0.42>
ST_1 : Operation 137 [1/1] (0.42ns)   --->   "%store_ln0 = store i16 0, i16 %localC_43_0"   --->   Operation 137 'store' 'store_ln0' <Predicate = true> <Delay = 0.42>
ST_1 : Operation 138 [1/1] (0.42ns)   --->   "%store_ln0 = store i16 0, i16 %localC_42_0"   --->   Operation 138 'store' 'store_ln0' <Predicate = true> <Delay = 0.42>
ST_1 : Operation 139 [1/1] (0.42ns)   --->   "%store_ln0 = store i16 0, i16 %localC_41_0"   --->   Operation 139 'store' 'store_ln0' <Predicate = true> <Delay = 0.42>
ST_1 : Operation 140 [1/1] (0.42ns)   --->   "%store_ln0 = store i16 0, i16 %localC_40_0"   --->   Operation 140 'store' 'store_ln0' <Predicate = true> <Delay = 0.42>
ST_1 : Operation 141 [1/1] (0.42ns)   --->   "%store_ln0 = store i16 0, i16 %localC_39_0"   --->   Operation 141 'store' 'store_ln0' <Predicate = true> <Delay = 0.42>
ST_1 : Operation 142 [1/1] (0.42ns)   --->   "%store_ln0 = store i16 0, i16 %localC_38_0"   --->   Operation 142 'store' 'store_ln0' <Predicate = true> <Delay = 0.42>
ST_1 : Operation 143 [1/1] (0.42ns)   --->   "%store_ln0 = store i16 0, i16 %localC_37_0"   --->   Operation 143 'store' 'store_ln0' <Predicate = true> <Delay = 0.42>
ST_1 : Operation 144 [1/1] (0.42ns)   --->   "%store_ln0 = store i16 0, i16 %localC_36_0"   --->   Operation 144 'store' 'store_ln0' <Predicate = true> <Delay = 0.42>
ST_1 : Operation 145 [1/1] (0.42ns)   --->   "%store_ln0 = store i16 0, i16 %localC_35_0"   --->   Operation 145 'store' 'store_ln0' <Predicate = true> <Delay = 0.42>
ST_1 : Operation 146 [1/1] (0.42ns)   --->   "%store_ln0 = store i16 0, i16 %localC_34_0"   --->   Operation 146 'store' 'store_ln0' <Predicate = true> <Delay = 0.42>
ST_1 : Operation 147 [1/1] (0.42ns)   --->   "%store_ln0 = store i16 0, i16 %localC_33_0"   --->   Operation 147 'store' 'store_ln0' <Predicate = true> <Delay = 0.42>
ST_1 : Operation 148 [1/1] (0.42ns)   --->   "%store_ln0 = store i16 0, i16 %localC_32_0"   --->   Operation 148 'store' 'store_ln0' <Predicate = true> <Delay = 0.42>
ST_1 : Operation 149 [1/1] (0.42ns)   --->   "%store_ln0 = store i16 0, i16 %localC_31_0"   --->   Operation 149 'store' 'store_ln0' <Predicate = true> <Delay = 0.42>
ST_1 : Operation 150 [1/1] (0.42ns)   --->   "%store_ln0 = store i16 0, i16 %localC_30_0"   --->   Operation 150 'store' 'store_ln0' <Predicate = true> <Delay = 0.42>
ST_1 : Operation 151 [1/1] (0.42ns)   --->   "%store_ln0 = store i16 0, i16 %localC_29_0"   --->   Operation 151 'store' 'store_ln0' <Predicate = true> <Delay = 0.42>
ST_1 : Operation 152 [1/1] (0.42ns)   --->   "%store_ln0 = store i16 0, i16 %localC_28_0"   --->   Operation 152 'store' 'store_ln0' <Predicate = true> <Delay = 0.42>
ST_1 : Operation 153 [1/1] (0.42ns)   --->   "%store_ln0 = store i16 0, i16 %localC_27_0"   --->   Operation 153 'store' 'store_ln0' <Predicate = true> <Delay = 0.42>
ST_1 : Operation 154 [1/1] (0.42ns)   --->   "%store_ln0 = store i16 0, i16 %localC_26_0"   --->   Operation 154 'store' 'store_ln0' <Predicate = true> <Delay = 0.42>
ST_1 : Operation 155 [1/1] (0.42ns)   --->   "%store_ln0 = store i16 0, i16 %localC_25_0"   --->   Operation 155 'store' 'store_ln0' <Predicate = true> <Delay = 0.42>
ST_1 : Operation 156 [1/1] (0.42ns)   --->   "%store_ln0 = store i16 0, i16 %localC_24_0"   --->   Operation 156 'store' 'store_ln0' <Predicate = true> <Delay = 0.42>
ST_1 : Operation 157 [1/1] (0.42ns)   --->   "%store_ln0 = store i16 0, i16 %localC_23_0"   --->   Operation 157 'store' 'store_ln0' <Predicate = true> <Delay = 0.42>
ST_1 : Operation 158 [1/1] (0.42ns)   --->   "%store_ln0 = store i16 0, i16 %localC_22_0"   --->   Operation 158 'store' 'store_ln0' <Predicate = true> <Delay = 0.42>
ST_1 : Operation 159 [1/1] (0.42ns)   --->   "%store_ln0 = store i16 0, i16 %localC_21_0"   --->   Operation 159 'store' 'store_ln0' <Predicate = true> <Delay = 0.42>
ST_1 : Operation 160 [1/1] (0.42ns)   --->   "%store_ln0 = store i16 0, i16 %localC_20_0"   --->   Operation 160 'store' 'store_ln0' <Predicate = true> <Delay = 0.42>
ST_1 : Operation 161 [1/1] (0.42ns)   --->   "%store_ln0 = store i16 0, i16 %localC_19_0"   --->   Operation 161 'store' 'store_ln0' <Predicate = true> <Delay = 0.42>
ST_1 : Operation 162 [1/1] (0.42ns)   --->   "%store_ln0 = store i16 0, i16 %localC_18_0"   --->   Operation 162 'store' 'store_ln0' <Predicate = true> <Delay = 0.42>
ST_1 : Operation 163 [1/1] (0.42ns)   --->   "%store_ln0 = store i16 0, i16 %localC_17_0"   --->   Operation 163 'store' 'store_ln0' <Predicate = true> <Delay = 0.42>
ST_1 : Operation 164 [1/1] (0.42ns)   --->   "%store_ln0 = store i16 0, i16 %localC_16_0"   --->   Operation 164 'store' 'store_ln0' <Predicate = true> <Delay = 0.42>
ST_1 : Operation 165 [1/1] (0.42ns)   --->   "%store_ln0 = store i16 0, i16 %localC_15_0"   --->   Operation 165 'store' 'store_ln0' <Predicate = true> <Delay = 0.42>
ST_1 : Operation 166 [1/1] (0.42ns)   --->   "%store_ln0 = store i16 0, i16 %localC_14_0"   --->   Operation 166 'store' 'store_ln0' <Predicate = true> <Delay = 0.42>
ST_1 : Operation 167 [1/1] (0.42ns)   --->   "%store_ln0 = store i16 0, i16 %localC_13_0"   --->   Operation 167 'store' 'store_ln0' <Predicate = true> <Delay = 0.42>
ST_1 : Operation 168 [1/1] (0.42ns)   --->   "%store_ln0 = store i16 0, i16 %localC_12_0"   --->   Operation 168 'store' 'store_ln0' <Predicate = true> <Delay = 0.42>
ST_1 : Operation 169 [1/1] (0.42ns)   --->   "%store_ln0 = store i16 0, i16 %localC_11_0"   --->   Operation 169 'store' 'store_ln0' <Predicate = true> <Delay = 0.42>
ST_1 : Operation 170 [1/1] (0.42ns)   --->   "%store_ln0 = store i16 0, i16 %localC_10_0"   --->   Operation 170 'store' 'store_ln0' <Predicate = true> <Delay = 0.42>
ST_1 : Operation 171 [1/1] (0.42ns)   --->   "%store_ln0 = store i16 0, i16 %localC_9_0"   --->   Operation 171 'store' 'store_ln0' <Predicate = true> <Delay = 0.42>
ST_1 : Operation 172 [1/1] (0.42ns)   --->   "%store_ln0 = store i16 0, i16 %localC_8_0"   --->   Operation 172 'store' 'store_ln0' <Predicate = true> <Delay = 0.42>
ST_1 : Operation 173 [1/1] (0.42ns)   --->   "%store_ln0 = store i16 0, i16 %localC_7_0"   --->   Operation 173 'store' 'store_ln0' <Predicate = true> <Delay = 0.42>
ST_1 : Operation 174 [1/1] (0.42ns)   --->   "%store_ln0 = store i16 0, i16 %localC_6_0"   --->   Operation 174 'store' 'store_ln0' <Predicate = true> <Delay = 0.42>
ST_1 : Operation 175 [1/1] (0.42ns)   --->   "%store_ln0 = store i16 0, i16 %localC_5_0"   --->   Operation 175 'store' 'store_ln0' <Predicate = true> <Delay = 0.42>
ST_1 : Operation 176 [1/1] (0.42ns)   --->   "%store_ln0 = store i16 0, i16 %localC_4_0"   --->   Operation 176 'store' 'store_ln0' <Predicate = true> <Delay = 0.42>
ST_1 : Operation 177 [1/1] (0.42ns)   --->   "%store_ln0 = store i16 0, i16 %localC_3_0"   --->   Operation 177 'store' 'store_ln0' <Predicate = true> <Delay = 0.42>
ST_1 : Operation 178 [1/1] (0.42ns)   --->   "%store_ln0 = store i16 0, i16 %localC_2_0"   --->   Operation 178 'store' 'store_ln0' <Predicate = true> <Delay = 0.42>
ST_1 : Operation 179 [1/1] (0.42ns)   --->   "%store_ln0 = store i16 0, i16 %localC_1_0"   --->   Operation 179 'store' 'store_ln0' <Predicate = true> <Delay = 0.42>
ST_1 : Operation 180 [1/1] (0.42ns)   --->   "%store_ln0 = store i16 0, i16 %localC_0"   --->   Operation 180 'store' 'store_ln0' <Predicate = true> <Delay = 0.42>
ST_1 : Operation 181 [1/1] (0.42ns)   --->   "%store_ln176 = store i3 0, i3 %q" [mmult.cpp:176]   --->   Operation 181 'store' 'store_ln176' <Predicate = true> <Delay = 0.42>

State 2 <SV = 1> <Delay = 2.36>
ST_2 : Operation 182 [2/2] (2.36ns)   --->   "%mul_ln145 = mul i32 %a_col_read, i32 %a_row_read" [mmult.cpp:145]   --->   Operation 182 'mul' 'mul_ln145' <Predicate = (icmp_ln156 & icmp_ln145)> <Delay = 2.36> <CoreInst = "Multiplier">   --->   Core 3 'Multiplier' <Latency = 1> <II = 1> <Delay = 2.36> <FuncUnit> <Opcode : 'mul'> <InPorts = 2> <OutPorts = 1>
ST_2 : Operation 183 [2/2] (2.36ns)   --->   "%mul_ln156 = mul i32 %b_col_read, i32 %a_col_read" [mmult.cpp:156]   --->   Operation 183 'mul' 'mul_ln156' <Predicate = (icmp_ln156 & cmp199)> <Delay = 2.36> <CoreInst = "Multiplier">   --->   Core 3 'Multiplier' <Latency = 1> <II = 1> <Delay = 2.36> <FuncUnit> <Opcode : 'mul'> <InPorts = 2> <OutPorts = 1>

State 3 <SV = 2> <Delay = 2.36>
ST_3 : Operation 184 [1/2] (2.36ns)   --->   "%mul_ln145 = mul i32 %a_col_read, i32 %a_row_read" [mmult.cpp:145]   --->   Operation 184 'mul' 'mul_ln145' <Predicate = (icmp_ln156 & icmp_ln145)> <Delay = 2.36> <CoreInst = "Multiplier">   --->   Core 3 'Multiplier' <Latency = 1> <II = 1> <Delay = 2.36> <FuncUnit> <Opcode : 'mul'> <InPorts = 2> <OutPorts = 1>
ST_3 : Operation 185 [1/2] (2.36ns)   --->   "%mul_ln156 = mul i32 %b_col_read, i32 %a_col_read" [mmult.cpp:156]   --->   Operation 185 'mul' 'mul_ln156' <Predicate = (icmp_ln156 & cmp199)> <Delay = 2.36> <CoreInst = "Multiplier">   --->   Core 3 'Multiplier' <Latency = 1> <II = 1> <Delay = 2.36> <FuncUnit> <Opcode : 'mul'> <InPorts = 2> <OutPorts = 1>

State 4 <SV = 3> <Delay = 0.44>
ST_4 : Operation 186 [1/1] (0.00ns) (grouped into LUT with out node empty)   --->   "%select_ln145 = select i1 %icmp_ln156, i32 %mul_ln145, i32 0" [mmult.cpp:145]   --->   Operation 186 'select' 'select_ln145' <Predicate = (icmp_ln145)> <Delay = 0.00> <CoreInst = "Sel">   --->   Core 73 'Sel' <Latency = 0> <II = 1> <Delay = 0.44> <FuncUnit> <Opcode : 'select'> <InPorts = 3> <OutPorts = 1>
ST_4 : Operation 187 [1/1] (0.44ns) (out node of the LUT)   --->   "%empty = select i1 %icmp_ln145, i32 %select_ln145, i32 0" [mmult.cpp:145]   --->   Operation 187 'select' 'empty' <Predicate = true> <Delay = 0.44> <CoreInst = "Sel">   --->   Core 73 'Sel' <Latency = 0> <II = 1> <Delay = 0.44> <FuncUnit> <Opcode : 'select'> <InPorts = 3> <OutPorts = 1>
ST_4 : Operation 188 [1/1] (0.00ns) (grouped into LUT with out node empty_26)   --->   "%select_ln156 = select i1 %cmp199, i32 %mul_ln156, i32 0" [mmult.cpp:156]   --->   Operation 188 'select' 'select_ln156' <Predicate = (icmp_ln156)> <Delay = 0.00> <CoreInst = "Sel">   --->   Core 73 'Sel' <Latency = 0> <II = 1> <Delay = 0.44> <FuncUnit> <Opcode : 'select'> <InPorts = 3> <OutPorts = 1>
ST_4 : Operation 189 [1/1] (0.44ns) (out node of the LUT)   --->   "%empty_26 = select i1 %icmp_ln156, i32 %select_ln156, i32 0" [mmult.cpp:156]   --->   Operation 189 'select' 'empty_26' <Predicate = true> <Delay = 0.44> <CoreInst = "Sel">   --->   Core 73 'Sel' <Latency = 0> <II = 1> <Delay = 0.44> <FuncUnit> <Opcode : 'select'> <InPorts = 3> <OutPorts = 1>

State 5 <SV = 4> <Delay = 2.40>
ST_5 : Operation 190 [1/1] (0.00ns)   --->   "%gmem0_addr = getelementptr i8 %gmem0, i64 %a_read" [mmult.cpp:145]   --->   Operation 190 'getelementptr' 'gmem0_addr' <Predicate = true> <Delay = 0.00>
ST_5 : Operation 191 [8/8] (2.40ns)   --->   "%empty_25 = readreq i1 @_ssdm_op_ReadReq.m_axi.p1i8, i8 %gmem0_addr, i32 %empty" [mmult.cpp:145]   --->   Operation 191 'readreq' 'empty_25' <Predicate = true> <Delay = 2.40> <CoreInst = "m_axi">   --->   Core 121 'm_axi' <Latency = 0> <II = 1> <Delay = 1.00> <Adapter> <Opcode : 'read' 'write' 'readreq' 'writereq' 'writeresp'>
ST_5 : Operation 192 [1/1] (0.00ns)   --->   "%gmem1_addr = getelementptr i8 %gmem1, i64 %b_read" [mmult.cpp:156]   --->   Operation 192 'getelementptr' 'gmem1_addr' <Predicate = true> <Delay = 0.00>
ST_5 : Operation 193 [8/8] (2.40ns)   --->   "%empty_27 = readreq i1 @_ssdm_op_ReadReq.m_axi.p1i8, i8 %gmem1_addr, i32 %empty_26" [mmult.cpp:156]   --->   Operation 193 'readreq' 'empty_27' <Predicate = true> <Delay = 2.40> <CoreInst = "m_axi">   --->   Core 121 'm_axi' <Latency = 0> <II = 1> <Delay = 1.00> <Adapter> <Opcode : 'read' 'write' 'readreq' 'writereq' 'writeresp'>

State 6 <SV = 5> <Delay = 2.40>
ST_6 : Operation 194 [7/8] (2.40ns)   --->   "%empty_25 = readreq i1 @_ssdm_op_ReadReq.m_axi.p1i8, i8 %gmem0_addr, i32 %empty" [mmult.cpp:145]   --->   Operation 194 'readreq' 'empty_25' <Predicate = true> <Delay = 2.40> <CoreInst = "m_axi">   --->   Core 121 'm_axi' <Latency = 0> <II = 1> <Delay = 1.00> <Adapter> <Opcode : 'read' 'write' 'readreq' 'writereq' 'writeresp'>
ST_6 : Operation 195 [7/8] (2.40ns)   --->   "%empty_27 = readreq i1 @_ssdm_op_ReadReq.m_axi.p1i8, i8 %gmem1_addr, i32 %empty_26" [mmult.cpp:156]   --->   Operation 195 'readreq' 'empty_27' <Predicate = true> <Delay = 2.40> <CoreInst = "m_axi">   --->   Core 121 'm_axi' <Latency = 0> <II = 1> <Delay = 1.00> <Adapter> <Opcode : 'read' 'write' 'readreq' 'writereq' 'writeresp'>

State 7 <SV = 6> <Delay = 2.40>
ST_7 : Operation 196 [6/8] (2.40ns)   --->   "%empty_25 = readreq i1 @_ssdm_op_ReadReq.m_axi.p1i8, i8 %gmem0_addr, i32 %empty" [mmult.cpp:145]   --->   Operation 196 'readreq' 'empty_25' <Predicate = true> <Delay = 2.40> <CoreInst = "m_axi">   --->   Core 121 'm_axi' <Latency = 0> <II = 1> <Delay = 1.00> <Adapter> <Opcode : 'read' 'write' 'readreq' 'writereq' 'writeresp'>
ST_7 : Operation 197 [6/8] (2.40ns)   --->   "%empty_27 = readreq i1 @_ssdm_op_ReadReq.m_axi.p1i8, i8 %gmem1_addr, i32 %empty_26" [mmult.cpp:156]   --->   Operation 197 'readreq' 'empty_27' <Predicate = true> <Delay = 2.40> <CoreInst = "m_axi">   --->   Core 121 'm_axi' <Latency = 0> <II = 1> <Delay = 1.00> <Adapter> <Opcode : 'read' 'write' 'readreq' 'writereq' 'writeresp'>

State 8 <SV = 7> <Delay = 2.40>
ST_8 : Operation 198 [5/8] (2.40ns)   --->   "%empty_25 = readreq i1 @_ssdm_op_ReadReq.m_axi.p1i8, i8 %gmem0_addr, i32 %empty" [mmult.cpp:145]   --->   Operation 198 'readreq' 'empty_25' <Predicate = true> <Delay = 2.40> <CoreInst = "m_axi">   --->   Core 121 'm_axi' <Latency = 0> <II = 1> <Delay = 1.00> <Adapter> <Opcode : 'read' 'write' 'readreq' 'writereq' 'writeresp'>
ST_8 : Operation 199 [5/8] (2.40ns)   --->   "%empty_27 = readreq i1 @_ssdm_op_ReadReq.m_axi.p1i8, i8 %gmem1_addr, i32 %empty_26" [mmult.cpp:156]   --->   Operation 199 'readreq' 'empty_27' <Predicate = true> <Delay = 2.40> <CoreInst = "m_axi">   --->   Core 121 'm_axi' <Latency = 0> <II = 1> <Delay = 1.00> <Adapter> <Opcode : 'read' 'write' 'readreq' 'writereq' 'writeresp'>

State 9 <SV = 8> <Delay = 2.40>
ST_9 : Operation 200 [4/8] (2.40ns)   --->   "%empty_25 = readreq i1 @_ssdm_op_ReadReq.m_axi.p1i8, i8 %gmem0_addr, i32 %empty" [mmult.cpp:145]   --->   Operation 200 'readreq' 'empty_25' <Predicate = true> <Delay = 2.40> <CoreInst = "m_axi">   --->   Core 121 'm_axi' <Latency = 0> <II = 1> <Delay = 1.00> <Adapter> <Opcode : 'read' 'write' 'readreq' 'writereq' 'writeresp'>
ST_9 : Operation 201 [4/8] (2.40ns)   --->   "%empty_27 = readreq i1 @_ssdm_op_ReadReq.m_axi.p1i8, i8 %gmem1_addr, i32 %empty_26" [mmult.cpp:156]   --->   Operation 201 'readreq' 'empty_27' <Predicate = true> <Delay = 2.40> <CoreInst = "m_axi">   --->   Core 121 'm_axi' <Latency = 0> <II = 1> <Delay = 1.00> <Adapter> <Opcode : 'read' 'write' 'readreq' 'writereq' 'writeresp'>

State 10 <SV = 9> <Delay = 2.40>
ST_10 : Operation 202 [3/8] (2.40ns)   --->   "%empty_25 = readreq i1 @_ssdm_op_ReadReq.m_axi.p1i8, i8 %gmem0_addr, i32 %empty" [mmult.cpp:145]   --->   Operation 202 'readreq' 'empty_25' <Predicate = true> <Delay = 2.40> <CoreInst = "m_axi">   --->   Core 121 'm_axi' <Latency = 0> <II = 1> <Delay = 1.00> <Adapter> <Opcode : 'read' 'write' 'readreq' 'writereq' 'writeresp'>
ST_10 : Operation 203 [3/8] (2.40ns)   --->   "%empty_27 = readreq i1 @_ssdm_op_ReadReq.m_axi.p1i8, i8 %gmem1_addr, i32 %empty_26" [mmult.cpp:156]   --->   Operation 203 'readreq' 'empty_27' <Predicate = true> <Delay = 2.40> <CoreInst = "m_axi">   --->   Core 121 'm_axi' <Latency = 0> <II = 1> <Delay = 1.00> <Adapter> <Opcode : 'read' 'write' 'readreq' 'writereq' 'writeresp'>

State 11 <SV = 10> <Delay = 2.40>
ST_11 : Operation 204 [2/8] (2.40ns)   --->   "%empty_25 = readreq i1 @_ssdm_op_ReadReq.m_axi.p1i8, i8 %gmem0_addr, i32 %empty" [mmult.cpp:145]   --->   Operation 204 'readreq' 'empty_25' <Predicate = true> <Delay = 2.40> <CoreInst = "m_axi">   --->   Core 121 'm_axi' <Latency = 0> <II = 1> <Delay = 1.00> <Adapter> <Opcode : 'read' 'write' 'readreq' 'writereq' 'writeresp'>
ST_11 : Operation 205 [2/8] (2.40ns)   --->   "%empty_27 = readreq i1 @_ssdm_op_ReadReq.m_axi.p1i8, i8 %gmem1_addr, i32 %empty_26" [mmult.cpp:156]   --->   Operation 205 'readreq' 'empty_27' <Predicate = true> <Delay = 2.40> <CoreInst = "m_axi">   --->   Core 121 'm_axi' <Latency = 0> <II = 1> <Delay = 1.00> <Adapter> <Opcode : 'read' 'write' 'readreq' 'writereq' 'writeresp'>

State 12 <SV = 11> <Delay = 2.40>
ST_12 : Operation 206 [1/8] (2.40ns)   --->   "%empty_25 = readreq i1 @_ssdm_op_ReadReq.m_axi.p1i8, i8 %gmem0_addr, i32 %empty" [mmult.cpp:145]   --->   Operation 206 'readreq' 'empty_25' <Predicate = true> <Delay = 2.40> <CoreInst = "m_axi">   --->   Core 121 'm_axi' <Latency = 0> <II = 1> <Delay = 1.00> <Adapter> <Opcode : 'read' 'write' 'readreq' 'writereq' 'writeresp'>
ST_12 : Operation 207 [1/1] (0.00ns)   --->   "%zext_ln107 = zext i32 %a_row_read" [mmult.cpp:107]   --->   Operation 207 'zext' 'zext_ln107' <Predicate = true> <Delay = 0.00>
ST_12 : Operation 208 [1/1] (0.00ns)   --->   "%zext_ln107_1 = zext i32 %a_col_read" [mmult.cpp:107]   --->   Operation 208 'zext' 'zext_ln107_1' <Predicate = true> <Delay = 0.00>
ST_12 : Operation 209 [2/2] (2.36ns)   --->   "%mul_ln107 = mul i64 %zext_ln107, i64 %zext_ln107_1" [mmult.cpp:107]   --->   Operation 209 'mul' 'mul_ln107' <Predicate = true> <Delay = 2.36> <CoreInst = "Multiplier">   --->   Core 3 'Multiplier' <Latency = 1> <II = 1> <Delay = 2.36> <FuncUnit> <Opcode : 'mul'> <InPorts = 2> <OutPorts = 1>
ST_12 : Operation 210 [1/8] (2.40ns)   --->   "%empty_27 = readreq i1 @_ssdm_op_ReadReq.m_axi.p1i8, i8 %gmem1_addr, i32 %empty_26" [mmult.cpp:156]   --->   Operation 210 'readreq' 'empty_27' <Predicate = true> <Delay = 2.40> <CoreInst = "m_axi">   --->   Core 121 'm_axi' <Latency = 0> <II = 1> <Delay = 1.00> <Adapter> <Opcode : 'read' 'write' 'readreq' 'writereq' 'writeresp'>
ST_12 : Operation 211 [1/1] (0.00ns)   --->   "%zext_ln145 = zext i32 %b_col_read" [mmult.cpp:145]   --->   Operation 211 'zext' 'zext_ln145' <Predicate = true> <Delay = 0.00>
ST_12 : Operation 212 [2/2] (2.36ns)   --->   "%mul_ln145_1 = mul i64 %zext_ln107_1, i64 %zext_ln145" [mmult.cpp:145]   --->   Operation 212 'mul' 'mul_ln145_1' <Predicate = true> <Delay = 2.36> <CoreInst = "Multiplier">   --->   Core 3 'Multiplier' <Latency = 1> <II = 1> <Delay = 2.36> <FuncUnit> <Opcode : 'mul'> <InPorts = 2> <OutPorts = 1>

State 13 <SV = 12> <Delay = 2.36>
ST_13 : Operation 213 [1/2] (2.36ns)   --->   "%mul_ln107 = mul i64 %zext_ln107, i64 %zext_ln107_1" [mmult.cpp:107]   --->   Operation 213 'mul' 'mul_ln107' <Predicate = true> <Delay = 2.36> <CoreInst = "Multiplier">   --->   Core 3 'Multiplier' <Latency = 1> <II = 1> <Delay = 2.36> <FuncUnit> <Opcode : 'mul'> <InPorts = 2> <OutPorts = 1>
ST_13 : Operation 214 [2/2] (0.00ns)   --->   "%call_ln107 = call void @mmult_Pipeline_readA_VITIS_LOOP_147_1, i8 %gmem0, i32 %a_col_read, i64 %mul_ln107, i64 %a_read, i8 %localA_7, i8 %localA_6, i8 %localA_5, i8 %localA_4, i8 %localA_3, i8 %localA_2, i8 %localA_1, i8 %localA" [mmult.cpp:107]   --->   Operation 214 'call' 'call_ln107' <Predicate = true> <Delay = 0.00> <CoreType = "Generic">   --->   Core 0 '' <Latency = 0> <II = 1> <Delay = 1.00> <Generic> <Opcode : >
ST_13 : Operation 215 [1/2] (2.36ns)   --->   "%mul_ln145_1 = mul i64 %zext_ln107_1, i64 %zext_ln145" [mmult.cpp:145]   --->   Operation 215 'mul' 'mul_ln145_1' <Predicate = true> <Delay = 2.36> <CoreInst = "Multiplier">   --->   Core 3 'Multiplier' <Latency = 1> <II = 1> <Delay = 2.36> <FuncUnit> <Opcode : 'mul'> <InPorts = 2> <OutPorts = 1>
ST_13 : Operation 216 [2/2] (0.00ns)   --->   "%call_ln145 = call void @mmult_Pipeline_readB_VITIS_LOOP_158_2, i8 %gmem1, i32 %b_col_read, i64 %mul_ln145_1, i64 %b_read, i8 %localB, i8 %localB_1, i8 %localB_2, i8 %localB_3, i8 %localB_4, i8 %localB_5, i8 %localB_6, i8 %localB_7" [mmult.cpp:145]   --->   Operation 216 'call' 'call_ln145' <Predicate = true> <Delay = 0.00> <CoreType = "Generic">   --->   Core 0 '' <Latency = 0> <II = 1> <Delay = 1.00> <Generic> <Opcode : >

State 14 <SV = 13> <Delay = 0.00>
ST_14 : Operation 217 [1/1] (0.00ns)   --->   "%spectopmodule_ln107 = spectopmodule void @_ssdm_op_SpecTopModule, void @empty_11" [mmult.cpp:107]   --->   Operation 217 'spectopmodule' 'spectopmodule_ln107' <Predicate = true> <Delay = 0.00>
ST_14 : Operation 218 [1/1] (0.00ns)   --->   "%specinterface_ln0 = specinterface void @_ssdm_op_SpecInterface, i8 %gmem0, void @empty_2, i32 0, i32 0, void @empty_3, i32 0, i32 0, void @empty_4, void @empty_10, void @empty_3, i32 16, i32 16, i32 16, i32 16, void @empty_3, void @empty_3, i32 4294967295, i32 0"   --->   Operation 218 'specinterface' 'specinterface_ln0' <Predicate = true> <Delay = 0.00>
ST_14 : Operation 219 [1/1] (0.00ns)   --->   "%specbitsmap_ln0 = specbitsmap void @_ssdm_op_SpecBitsMap, i8 %gmem0"   --->   Operation 219 'specbitsmap' 'specbitsmap_ln0' <Predicate = true> <Delay = 0.00>
ST_14 : Operation 220 [1/1] (0.00ns)   --->   "%specinterface_ln0 = specinterface void @_ssdm_op_SpecInterface, i8 %gmem1, void @empty_2, i32 0, i32 0, void @empty_3, i32 0, i32 0, void @empty_5, void @empty_10, void @empty_3, i32 16, i32 16, i32 16, i32 16, void @empty_3, void @empty_3, i32 4294967295, i32 0"   --->   Operation 220 'specinterface' 'specinterface_ln0' <Predicate = true> <Delay = 0.00>
ST_14 : Operation 221 [1/1] (0.00ns)   --->   "%specbitsmap_ln0 = specbitsmap void @_ssdm_op_SpecBitsMap, i8 %gmem1"   --->   Operation 221 'specbitsmap' 'specbitsmap_ln0' <Predicate = true> <Delay = 0.00>
ST_14 : Operation 222 [1/1] (0.00ns)   --->   "%specinterface_ln0 = specinterface void @_ssdm_op_SpecInterface, i16 %gmem2, void @empty_2, i32 0, i32 0, void @empty_3, i32 0, i32 0, void @empty_6, void @empty_10, void @empty_3, i32 16, i32 16, i32 16, i32 16, void @empty_3, void @empty_3, i32 4294967295, i32 0"   --->   Operation 222 'specinterface' 'specinterface_ln0' <Predicate = true> <Delay = 0.00>
ST_14 : Operation 223 [1/1] (0.00ns)   --->   "%specbitsmap_ln0 = specbitsmap void @_ssdm_op_SpecBitsMap, i16 %gmem2"   --->   Operation 223 'specbitsmap' 'specbitsmap_ln0' <Predicate = true> <Delay = 0.00>
ST_14 : Operation 224 [1/1] (0.00ns)   --->   "%specinterface_ln0 = specinterface void @_ssdm_op_SpecInterface, i64 %a, void @empty_15, i32 0, i32 0, void @empty_3, i32 0, i32 0, void @empty_12, void @empty_16, void @empty_3, i32 0, i32 0, i32 0, i32 0, void @empty_3, void @empty, i32 4294967295, i32 0"   --->   Operation 224 'specinterface' 'specinterface_ln0' <Predicate = true> <Delay = 0.00>
ST_14 : Operation 225 [1/1] (0.00ns)   --->   "%specinterface_ln0 = specinterface void @_ssdm_op_SpecInterface, i64 %a, void @empty_14, i32 0, i32 0, void @empty_3, i32 0, i32 0, void @empty_3, void @empty_3, void @empty_3, i32 0, i32 0, i32 0, i32 0, void @empty_3, void @empty, i32 4294967295, i32 0"   --->   Operation 225 'specinterface' 'specinterface_ln0' <Predicate = true> <Delay = 0.00>
ST_14 : Operation 226 [1/1] (0.00ns)   --->   "%specinterface_ln0 = specinterface void @_ssdm_op_SpecInterface, i64 %b, void @empty_15, i32 0, i32 0, void @empty_3, i32 0, i32 0, void @empty_12, void @empty_0, void @empty_3, i32 0, i32 0, i32 0, i32 0, void @empty_3, void @empty, i32 4294967295, i32 0"   --->   Operation 226 'specinterface' 'specinterface_ln0' <Predicate = true> <Delay = 0.00>
ST_14 : Operation 227 [1/1] (0.00ns)   --->   "%specinterface_ln0 = specinterface void @_ssdm_op_SpecInterface, i64 %b, void @empty_14, i32 0, i32 0, void @empty_3, i32 0, i32 0, void @empty_3, void @empty_3, void @empty_3, i32 0, i32 0, i32 0, i32 0, void @empty_3, void @empty, i32 4294967295, i32 0"   --->   Operation 227 'specinterface' 'specinterface_ln0' <Predicate = true> <Delay = 0.00>
ST_14 : Operation 228 [1/1] (0.00ns)   --->   "%specinterface_ln0 = specinterface void @_ssdm_op_SpecInterface, i64 %c, void @empty_15, i32 0, i32 0, void @empty_3, i32 0, i32 0, void @empty_12, void @empty_1, void @empty_3, i32 0, i32 0, i32 0, i32 0, void @empty_3, void @empty, i32 4294967295, i32 0"   --->   Operation 228 'specinterface' 'specinterface_ln0' <Predicate = true> <Delay = 0.00>
ST_14 : Operation 229 [1/1] (0.00ns)   --->   "%specinterface_ln0 = specinterface void @_ssdm_op_SpecInterface, i64 %c, void @empty_14, i32 0, i32 0, void @empty_3, i32 0, i32 0, void @empty_3, void @empty_3, void @empty_3, i32 0, i32 0, i32 0, i32 0, void @empty_3, void @empty, i32 4294967295, i32 0"   --->   Operation 229 'specinterface' 'specinterface_ln0' <Predicate = true> <Delay = 0.00>
ST_14 : Operation 230 [1/1] (0.00ns)   --->   "%specbitsmap_ln0 = specbitsmap void @_ssdm_op_SpecBitsMap, i32 %a_row"   --->   Operation 230 'specbitsmap' 'specbitsmap_ln0' <Predicate = true> <Delay = 0.00>
ST_14 : Operation 231 [1/1] (0.00ns)   --->   "%specinterface_ln0 = specinterface void @_ssdm_op_SpecInterface, i32 %a_row, void @empty_15, i32 0, i32 0, void @empty_3, i32 0, i32 0, void @empty_12, void @empty_7, void @empty_3, i32 0, i32 0, i32 0, i32 0, void @empty_3, void @empty_3, i32 4294967295, i32 0"   --->   Operation 231 'specinterface' 'specinterface_ln0' <Predicate = true> <Delay = 0.00>
ST_14 : Operation 232 [1/1] (0.00ns)   --->   "%specinterface_ln0 = specinterface void @_ssdm_op_SpecInterface, i32 %a_row, void @empty_14, i32 0, i32 0, void @empty_3, i32 0, i32 0, void @empty_3, void @empty_3, void @empty_3, i32 0, i32 0, i32 0, i32 0, void @empty_3, void @empty_3, i32 4294967295, i32 0"   --->   Operation 232 'specinterface' 'specinterface_ln0' <Predicate = true> <Delay = 0.00>
ST_14 : Operation 233 [1/1] (0.00ns)   --->   "%specbitsmap_ln0 = specbitsmap void @_ssdm_op_SpecBitsMap, i32 %a_col"   --->   Operation 233 'specbitsmap' 'specbitsmap_ln0' <Predicate = true> <Delay = 0.00>
ST_14 : Operation 234 [1/1] (0.00ns)   --->   "%specinterface_ln0 = specinterface void @_ssdm_op_SpecInterface, i32 %a_col, void @empty_15, i32 0, i32 0, void @empty_3, i32 0, i32 0, void @empty_12, void @empty_8, void @empty_3, i32 0, i32 0, i32 0, i32 0, void @empty_3, void @empty_3, i32 4294967295, i32 0"   --->   Operation 234 'specinterface' 'specinterface_ln0' <Predicate = true> <Delay = 0.00>
ST_14 : Operation 235 [1/1] (0.00ns)   --->   "%specinterface_ln0 = specinterface void @_ssdm_op_SpecInterface, i32 %a_col, void @empty_14, i32 0, i32 0, void @empty_3, i32 0, i32 0, void @empty_3, void @empty_3, void @empty_3, i32 0, i32 0, i32 0, i32 0, void @empty_3, void @empty_3, i32 4294967295, i32 0"   --->   Operation 235 'specinterface' 'specinterface_ln0' <Predicate = true> <Delay = 0.00>
ST_14 : Operation 236 [1/1] (0.00ns)   --->   "%specbitsmap_ln0 = specbitsmap void @_ssdm_op_SpecBitsMap, i32 %b_col"   --->   Operation 236 'specbitsmap' 'specbitsmap_ln0' <Predicate = true> <Delay = 0.00>
ST_14 : Operation 237 [1/1] (0.00ns)   --->   "%specinterface_ln0 = specinterface void @_ssdm_op_SpecInterface, i32 %b_col, void @empty_15, i32 0, i32 0, void @empty_3, i32 0, i32 0, void @empty_12, void @empty_9, void @empty_3, i32 0, i32 0, i32 0, i32 0, void @empty_3, void @empty_3, i32 4294967295, i32 0"   --->   Operation 237 'specinterface' 'specinterface_ln0' <Predicate = true> <Delay = 0.00>
ST_14 : Operation 238 [1/1] (0.00ns)   --->   "%specinterface_ln0 = specinterface void @_ssdm_op_SpecInterface, i32 %b_col, void @empty_14, i32 0, i32 0, void @empty_3, i32 0, i32 0, void @empty_3, void @empty_3, void @empty_3, i32 0, i32 0, i32 0, i32 0, void @empty_3, void @empty_3, i32 4294967295, i32 0"   --->   Operation 238 'specinterface' 'specinterface_ln0' <Predicate = true> <Delay = 0.00>
ST_14 : Operation 239 [1/1] (0.00ns)   --->   "%specinterface_ln0 = specinterface void @_ssdm_op_SpecInterface, i32 0, void @empty_15, i32 0, i32 0, void @empty_3, i32 0, i32 0, void @empty_12, void @empty_3, void @empty_3, i32 0, i32 0, i32 0, i32 0, void @empty_3, void @empty_3, i32 4294967295, i32 0"   --->   Operation 239 'specinterface' 'specinterface_ln0' <Predicate = true> <Delay = 0.00>
ST_14 : Operation 240 [1/1] (0.00ns)   --->   "%specmemcore_ln132 = specmemcore void @_ssdm_op_SpecMemCore, i8 %localA_7, i64 666, i64 23, i64 18446744073709551615" [mmult.cpp:132]   --->   Operation 240 'specmemcore' 'specmemcore_ln132' <Predicate = true> <Delay = 0.00>
ST_14 : Operation 241 [1/1] (0.00ns)   --->   "%specmemcore_ln132 = specmemcore void @_ssdm_op_SpecMemCore, i8 %localA_6, i64 666, i64 23, i64 18446744073709551615" [mmult.cpp:132]   --->   Operation 241 'specmemcore' 'specmemcore_ln132' <Predicate = true> <Delay = 0.00>
ST_14 : Operation 242 [1/1] (0.00ns)   --->   "%specmemcore_ln132 = specmemcore void @_ssdm_op_SpecMemCore, i8 %localA_5, i64 666, i64 23, i64 18446744073709551615" [mmult.cpp:132]   --->   Operation 242 'specmemcore' 'specmemcore_ln132' <Predicate = true> <Delay = 0.00>
ST_14 : Operation 243 [1/1] (0.00ns)   --->   "%specmemcore_ln132 = specmemcore void @_ssdm_op_SpecMemCore, i8 %localA_4, i64 666, i64 23, i64 18446744073709551615" [mmult.cpp:132]   --->   Operation 243 'specmemcore' 'specmemcore_ln132' <Predicate = true> <Delay = 0.00>
ST_14 : Operation 244 [1/1] (0.00ns)   --->   "%specmemcore_ln132 = specmemcore void @_ssdm_op_SpecMemCore, i8 %localA_3, i64 666, i64 23, i64 18446744073709551615" [mmult.cpp:132]   --->   Operation 244 'specmemcore' 'specmemcore_ln132' <Predicate = true> <Delay = 0.00>
ST_14 : Operation 245 [1/1] (0.00ns)   --->   "%specmemcore_ln132 = specmemcore void @_ssdm_op_SpecMemCore, i8 %localA_2, i64 666, i64 23, i64 18446744073709551615" [mmult.cpp:132]   --->   Operation 245 'specmemcore' 'specmemcore_ln132' <Predicate = true> <Delay = 0.00>
ST_14 : Operation 246 [1/1] (0.00ns)   --->   "%specmemcore_ln132 = specmemcore void @_ssdm_op_SpecMemCore, i8 %localA_1, i64 666, i64 23, i64 18446744073709551615" [mmult.cpp:132]   --->   Operation 246 'specmemcore' 'specmemcore_ln132' <Predicate = true> <Delay = 0.00>
ST_14 : Operation 247 [1/1] (0.00ns)   --->   "%specmemcore_ln132 = specmemcore void @_ssdm_op_SpecMemCore, i8 %localA, i64 666, i64 23, i64 18446744073709551615" [mmult.cpp:132]   --->   Operation 247 'specmemcore' 'specmemcore_ln132' <Predicate = true> <Delay = 0.00>
ST_14 : Operation 248 [1/1] (0.00ns)   --->   "%specmemcore_ln136 = specmemcore void @_ssdm_op_SpecMemCore, i8 %localB_7, i64 666, i64 23, i64 18446744073709551615" [mmult.cpp:136]   --->   Operation 248 'specmemcore' 'specmemcore_ln136' <Predicate = true> <Delay = 0.00>
ST_14 : Operation 249 [1/1] (0.00ns)   --->   "%specmemcore_ln136 = specmemcore void @_ssdm_op_SpecMemCore, i8 %localB_6, i64 666, i64 23, i64 18446744073709551615" [mmult.cpp:136]   --->   Operation 249 'specmemcore' 'specmemcore_ln136' <Predicate = true> <Delay = 0.00>
ST_14 : Operation 250 [1/1] (0.00ns)   --->   "%specmemcore_ln136 = specmemcore void @_ssdm_op_SpecMemCore, i8 %localB_5, i64 666, i64 23, i64 18446744073709551615" [mmult.cpp:136]   --->   Operation 250 'specmemcore' 'specmemcore_ln136' <Predicate = true> <Delay = 0.00>
ST_14 : Operation 251 [1/1] (0.00ns)   --->   "%specmemcore_ln136 = specmemcore void @_ssdm_op_SpecMemCore, i8 %localB_4, i64 666, i64 23, i64 18446744073709551615" [mmult.cpp:136]   --->   Operation 251 'specmemcore' 'specmemcore_ln136' <Predicate = true> <Delay = 0.00>
ST_14 : Operation 252 [1/1] (0.00ns)   --->   "%specmemcore_ln136 = specmemcore void @_ssdm_op_SpecMemCore, i8 %localB_3, i64 666, i64 23, i64 18446744073709551615" [mmult.cpp:136]   --->   Operation 252 'specmemcore' 'specmemcore_ln136' <Predicate = true> <Delay = 0.00>
ST_14 : Operation 253 [1/1] (0.00ns)   --->   "%specmemcore_ln136 = specmemcore void @_ssdm_op_SpecMemCore, i8 %localB_2, i64 666, i64 23, i64 18446744073709551615" [mmult.cpp:136]   --->   Operation 253 'specmemcore' 'specmemcore_ln136' <Predicate = true> <Delay = 0.00>
ST_14 : Operation 254 [1/1] (0.00ns)   --->   "%specmemcore_ln136 = specmemcore void @_ssdm_op_SpecMemCore, i8 %localB_1, i64 666, i64 23, i64 18446744073709551615" [mmult.cpp:136]   --->   Operation 254 'specmemcore' 'specmemcore_ln136' <Predicate = true> <Delay = 0.00>
ST_14 : Operation 255 [1/1] (0.00ns)   --->   "%specmemcore_ln136 = specmemcore void @_ssdm_op_SpecMemCore, i8 %localB, i64 666, i64 23, i64 18446744073709551615" [mmult.cpp:136]   --->   Operation 255 'specmemcore' 'specmemcore_ln136' <Predicate = true> <Delay = 0.00>
ST_14 : Operation 256 [1/2] (0.00ns)   --->   "%call_ln107 = call void @mmult_Pipeline_readA_VITIS_LOOP_147_1, i8 %gmem0, i32 %a_col_read, i64 %mul_ln107, i64 %a_read, i8 %localA_7, i8 %localA_6, i8 %localA_5, i8 %localA_4, i8 %localA_3, i8 %localA_2, i8 %localA_1, i8 %localA" [mmult.cpp:107]   --->   Operation 256 'call' 'call_ln107' <Predicate = true> <Delay = 0.00> <CoreType = "Generic">   --->   Core 0 '' <Latency = 0> <II = 1> <Delay = 1.00> <Generic> <Opcode : >
ST_14 : Operation 257 [1/2] (0.00ns)   --->   "%call_ln145 = call void @mmult_Pipeline_readB_VITIS_LOOP_158_2, i8 %gmem1, i32 %b_col_read, i64 %mul_ln145_1, i64 %b_read, i8 %localB, i8 %localB_1, i8 %localB_2, i8 %localB_3, i8 %localB_4, i8 %localB_5, i8 %localB_6, i8 %localB_7" [mmult.cpp:145]   --->   Operation 257 'call' 'call_ln145' <Predicate = true> <Delay = 0.00> <CoreType = "Generic">   --->   Core 0 '' <Latency = 0> <II = 1> <Delay = 1.00> <Generic> <Opcode : >
ST_14 : Operation 258 [1/1] (0.00ns)   --->   "%br_ln176 = br void %for.inc65" [mmult.cpp:176]   --->   Operation 258 'br' 'br_ln176' <Predicate = true> <Delay = 0.00>

State 15 <SV = 14> <Delay = 2.36>
ST_15 : Operation 259 [1/1] (0.00ns)   --->   "%q_1 = load i3 %q" [mmult.cpp:177]   --->   Operation 259 'load' 'q_1' <Predicate = true> <Delay = 0.00>
ST_15 : Operation 260 [1/1] (0.67ns)   --->   "%icmp_ln176 = icmp_eq  i3 %q_1, i3 4" [mmult.cpp:176]   --->   Operation 260 'icmp' 'icmp_ln176' <Predicate = true> <Delay = 0.67> <CoreInst = "Cmp">   --->   Core 9 'Cmp' <Latency = 0> <II = 1> <Delay = 0.67> <FuncUnit> <Opcode : 'icmp'> <InPorts = 2> <OutPorts = 1>
ST_15 : Operation 261 [1/1] (0.67ns)   --->   "%q_2 = add i3 %q_1, i3 1" [mmult.cpp:176]   --->   Operation 261 'add' 'q_2' <Predicate = true> <Delay = 0.67> <CoreInst = "Adder">   --->   Core 1 'Adder' <Latency = 0> <II = 1> <Delay = 0.67> <FuncUnit> <Opcode : 'add' 'sub'> <InPorts = 2> <OutPorts = 1>
ST_15 : Operation 262 [1/1] (0.00ns)   --->   "%br_ln176 = br i1 %icmp_ln176, void %for.inc65.split, void %writeC" [mmult.cpp:176]   --->   Operation 262 'br' 'br_ln176' <Predicate = true> <Delay = 0.00>
ST_15 : Operation 263 [1/1] (0.00ns)   --->   "%localC_0_load_1 = load i16 %localC_0" [mmult.cpp:179]   --->   Operation 263 'load' 'localC_0_load_1' <Predicate = (!icmp_ln176)> <Delay = 0.00>
ST_15 : Operation 264 [1/1] (0.00ns)   --->   "%localC_1_0_load_1 = load i16 %localC_1_0" [mmult.cpp:179]   --->   Operation 264 'load' 'localC_1_0_load_1' <Predicate = (!icmp_ln176)> <Delay = 0.00>
ST_15 : Operation 265 [1/1] (0.00ns)   --->   "%localC_2_0_load_1 = load i16 %localC_2_0" [mmult.cpp:179]   --->   Operation 265 'load' 'localC_2_0_load_1' <Predicate = (!icmp_ln176)> <Delay = 0.00>
ST_15 : Operation 266 [1/1] (0.00ns)   --->   "%localC_3_0_load_1 = load i16 %localC_3_0" [mmult.cpp:179]   --->   Operation 266 'load' 'localC_3_0_load_1' <Predicate = (!icmp_ln176)> <Delay = 0.00>
ST_15 : Operation 267 [1/1] (0.00ns)   --->   "%localC_4_0_load_1 = load i16 %localC_4_0" [mmult.cpp:179]   --->   Operation 267 'load' 'localC_4_0_load_1' <Predicate = (!icmp_ln176)> <Delay = 0.00>
ST_15 : Operation 268 [1/1] (0.00ns)   --->   "%localC_5_0_load_1 = load i16 %localC_5_0" [mmult.cpp:179]   --->   Operation 268 'load' 'localC_5_0_load_1' <Predicate = (!icmp_ln176)> <Delay = 0.00>
ST_15 : Operation 269 [1/1] (0.00ns)   --->   "%localC_6_0_load_1 = load i16 %localC_6_0" [mmult.cpp:179]   --->   Operation 269 'load' 'localC_6_0_load_1' <Predicate = (!icmp_ln176)> <Delay = 0.00>
ST_15 : Operation 270 [1/1] (0.00ns)   --->   "%localC_7_0_load_1 = load i16 %localC_7_0" [mmult.cpp:179]   --->   Operation 270 'load' 'localC_7_0_load_1' <Predicate = (!icmp_ln176)> <Delay = 0.00>
ST_15 : Operation 271 [1/1] (0.00ns)   --->   "%localC_8_0_load_1 = load i16 %localC_8_0" [mmult.cpp:179]   --->   Operation 271 'load' 'localC_8_0_load_1' <Predicate = (!icmp_ln176)> <Delay = 0.00>
ST_15 : Operation 272 [1/1] (0.00ns)   --->   "%localC_9_0_load_1 = load i16 %localC_9_0" [mmult.cpp:179]   --->   Operation 272 'load' 'localC_9_0_load_1' <Predicate = (!icmp_ln176)> <Delay = 0.00>
ST_15 : Operation 273 [1/1] (0.00ns)   --->   "%localC_10_0_load_1 = load i16 %localC_10_0" [mmult.cpp:179]   --->   Operation 273 'load' 'localC_10_0_load_1' <Predicate = (!icmp_ln176)> <Delay = 0.00>
ST_15 : Operation 274 [1/1] (0.00ns)   --->   "%localC_11_0_load_1 = load i16 %localC_11_0" [mmult.cpp:179]   --->   Operation 274 'load' 'localC_11_0_load_1' <Predicate = (!icmp_ln176)> <Delay = 0.00>
ST_15 : Operation 275 [1/1] (0.00ns)   --->   "%localC_12_0_load_1 = load i16 %localC_12_0" [mmult.cpp:179]   --->   Operation 275 'load' 'localC_12_0_load_1' <Predicate = (!icmp_ln176)> <Delay = 0.00>
ST_15 : Operation 276 [1/1] (0.00ns)   --->   "%localC_13_0_load_1 = load i16 %localC_13_0" [mmult.cpp:179]   --->   Operation 276 'load' 'localC_13_0_load_1' <Predicate = (!icmp_ln176)> <Delay = 0.00>
ST_15 : Operation 277 [1/1] (0.00ns)   --->   "%localC_14_0_load_1 = load i16 %localC_14_0" [mmult.cpp:179]   --->   Operation 277 'load' 'localC_14_0_load_1' <Predicate = (!icmp_ln176)> <Delay = 0.00>
ST_15 : Operation 278 [1/1] (0.00ns)   --->   "%localC_15_0_load_1 = load i16 %localC_15_0" [mmult.cpp:179]   --->   Operation 278 'load' 'localC_15_0_load_1' <Predicate = (!icmp_ln176)> <Delay = 0.00>
ST_15 : Operation 279 [1/1] (0.00ns)   --->   "%localC_16_0_load_1 = load i16 %localC_16_0" [mmult.cpp:179]   --->   Operation 279 'load' 'localC_16_0_load_1' <Predicate = (!icmp_ln176)> <Delay = 0.00>
ST_15 : Operation 280 [1/1] (0.00ns)   --->   "%localC_17_0_load_1 = load i16 %localC_17_0" [mmult.cpp:179]   --->   Operation 280 'load' 'localC_17_0_load_1' <Predicate = (!icmp_ln176)> <Delay = 0.00>
ST_15 : Operation 281 [1/1] (0.00ns)   --->   "%localC_18_0_load_1 = load i16 %localC_18_0" [mmult.cpp:179]   --->   Operation 281 'load' 'localC_18_0_load_1' <Predicate = (!icmp_ln176)> <Delay = 0.00>
ST_15 : Operation 282 [1/1] (0.00ns)   --->   "%localC_19_0_load_1 = load i16 %localC_19_0" [mmult.cpp:179]   --->   Operation 282 'load' 'localC_19_0_load_1' <Predicate = (!icmp_ln176)> <Delay = 0.00>
ST_15 : Operation 283 [1/1] (0.00ns)   --->   "%localC_20_0_load_1 = load i16 %localC_20_0" [mmult.cpp:179]   --->   Operation 283 'load' 'localC_20_0_load_1' <Predicate = (!icmp_ln176)> <Delay = 0.00>
ST_15 : Operation 284 [1/1] (0.00ns)   --->   "%localC_21_0_load_1 = load i16 %localC_21_0" [mmult.cpp:179]   --->   Operation 284 'load' 'localC_21_0_load_1' <Predicate = (!icmp_ln176)> <Delay = 0.00>
ST_15 : Operation 285 [1/1] (0.00ns)   --->   "%localC_22_0_load_1 = load i16 %localC_22_0" [mmult.cpp:179]   --->   Operation 285 'load' 'localC_22_0_load_1' <Predicate = (!icmp_ln176)> <Delay = 0.00>
ST_15 : Operation 286 [1/1] (0.00ns)   --->   "%localC_23_0_load_1 = load i16 %localC_23_0" [mmult.cpp:179]   --->   Operation 286 'load' 'localC_23_0_load_1' <Predicate = (!icmp_ln176)> <Delay = 0.00>
ST_15 : Operation 287 [1/1] (0.00ns)   --->   "%localC_24_0_load_1 = load i16 %localC_24_0" [mmult.cpp:179]   --->   Operation 287 'load' 'localC_24_0_load_1' <Predicate = (!icmp_ln176)> <Delay = 0.00>
ST_15 : Operation 288 [1/1] (0.00ns)   --->   "%localC_25_0_load_1 = load i16 %localC_25_0" [mmult.cpp:179]   --->   Operation 288 'load' 'localC_25_0_load_1' <Predicate = (!icmp_ln176)> <Delay = 0.00>
ST_15 : Operation 289 [1/1] (0.00ns)   --->   "%localC_26_0_load_1 = load i16 %localC_26_0" [mmult.cpp:179]   --->   Operation 289 'load' 'localC_26_0_load_1' <Predicate = (!icmp_ln176)> <Delay = 0.00>
ST_15 : Operation 290 [1/1] (0.00ns)   --->   "%localC_27_0_load_1 = load i16 %localC_27_0" [mmult.cpp:179]   --->   Operation 290 'load' 'localC_27_0_load_1' <Predicate = (!icmp_ln176)> <Delay = 0.00>
ST_15 : Operation 291 [1/1] (0.00ns)   --->   "%localC_28_0_load_1 = load i16 %localC_28_0" [mmult.cpp:179]   --->   Operation 291 'load' 'localC_28_0_load_1' <Predicate = (!icmp_ln176)> <Delay = 0.00>
ST_15 : Operation 292 [1/1] (0.00ns)   --->   "%localC_29_0_load_1 = load i16 %localC_29_0" [mmult.cpp:179]   --->   Operation 292 'load' 'localC_29_0_load_1' <Predicate = (!icmp_ln176)> <Delay = 0.00>
ST_15 : Operation 293 [1/1] (0.00ns)   --->   "%localC_30_0_load_1 = load i16 %localC_30_0" [mmult.cpp:179]   --->   Operation 293 'load' 'localC_30_0_load_1' <Predicate = (!icmp_ln176)> <Delay = 0.00>
ST_15 : Operation 294 [1/1] (0.00ns)   --->   "%localC_31_0_load_1 = load i16 %localC_31_0" [mmult.cpp:179]   --->   Operation 294 'load' 'localC_31_0_load_1' <Predicate = (!icmp_ln176)> <Delay = 0.00>
ST_15 : Operation 295 [1/1] (0.00ns)   --->   "%localC_32_0_load_1 = load i16 %localC_32_0" [mmult.cpp:179]   --->   Operation 295 'load' 'localC_32_0_load_1' <Predicate = (!icmp_ln176)> <Delay = 0.00>
ST_15 : Operation 296 [1/1] (0.00ns)   --->   "%localC_33_0_load_1 = load i16 %localC_33_0" [mmult.cpp:179]   --->   Operation 296 'load' 'localC_33_0_load_1' <Predicate = (!icmp_ln176)> <Delay = 0.00>
ST_15 : Operation 297 [1/1] (0.00ns)   --->   "%localC_34_0_load_1 = load i16 %localC_34_0" [mmult.cpp:179]   --->   Operation 297 'load' 'localC_34_0_load_1' <Predicate = (!icmp_ln176)> <Delay = 0.00>
ST_15 : Operation 298 [1/1] (0.00ns)   --->   "%localC_35_0_load_1 = load i16 %localC_35_0" [mmult.cpp:179]   --->   Operation 298 'load' 'localC_35_0_load_1' <Predicate = (!icmp_ln176)> <Delay = 0.00>
ST_15 : Operation 299 [1/1] (0.00ns)   --->   "%localC_36_0_load_1 = load i16 %localC_36_0" [mmult.cpp:179]   --->   Operation 299 'load' 'localC_36_0_load_1' <Predicate = (!icmp_ln176)> <Delay = 0.00>
ST_15 : Operation 300 [1/1] (0.00ns)   --->   "%localC_37_0_load_1 = load i16 %localC_37_0" [mmult.cpp:179]   --->   Operation 300 'load' 'localC_37_0_load_1' <Predicate = (!icmp_ln176)> <Delay = 0.00>
ST_15 : Operation 301 [1/1] (0.00ns)   --->   "%localC_38_0_load_1 = load i16 %localC_38_0" [mmult.cpp:179]   --->   Operation 301 'load' 'localC_38_0_load_1' <Predicate = (!icmp_ln176)> <Delay = 0.00>
ST_15 : Operation 302 [1/1] (0.00ns)   --->   "%localC_39_0_load_1 = load i16 %localC_39_0" [mmult.cpp:179]   --->   Operation 302 'load' 'localC_39_0_load_1' <Predicate = (!icmp_ln176)> <Delay = 0.00>
ST_15 : Operation 303 [1/1] (0.00ns)   --->   "%localC_40_0_load_1 = load i16 %localC_40_0" [mmult.cpp:179]   --->   Operation 303 'load' 'localC_40_0_load_1' <Predicate = (!icmp_ln176)> <Delay = 0.00>
ST_15 : Operation 304 [1/1] (0.00ns)   --->   "%localC_41_0_load_1 = load i16 %localC_41_0" [mmult.cpp:179]   --->   Operation 304 'load' 'localC_41_0_load_1' <Predicate = (!icmp_ln176)> <Delay = 0.00>
ST_15 : Operation 305 [1/1] (0.00ns)   --->   "%localC_42_0_load_1 = load i16 %localC_42_0" [mmult.cpp:179]   --->   Operation 305 'load' 'localC_42_0_load_1' <Predicate = (!icmp_ln176)> <Delay = 0.00>
ST_15 : Operation 306 [1/1] (0.00ns)   --->   "%localC_43_0_load_1 = load i16 %localC_43_0" [mmult.cpp:179]   --->   Operation 306 'load' 'localC_43_0_load_1' <Predicate = (!icmp_ln176)> <Delay = 0.00>
ST_15 : Operation 307 [1/1] (0.00ns)   --->   "%localC_44_0_load_1 = load i16 %localC_44_0" [mmult.cpp:179]   --->   Operation 307 'load' 'localC_44_0_load_1' <Predicate = (!icmp_ln176)> <Delay = 0.00>
ST_15 : Operation 308 [1/1] (0.00ns)   --->   "%localC_45_0_load_1 = load i16 %localC_45_0" [mmult.cpp:179]   --->   Operation 308 'load' 'localC_45_0_load_1' <Predicate = (!icmp_ln176)> <Delay = 0.00>
ST_15 : Operation 309 [1/1] (0.00ns)   --->   "%localC_46_0_load_1 = load i16 %localC_46_0" [mmult.cpp:179]   --->   Operation 309 'load' 'localC_46_0_load_1' <Predicate = (!icmp_ln176)> <Delay = 0.00>
ST_15 : Operation 310 [1/1] (0.00ns)   --->   "%localC_47_0_load_1 = load i16 %localC_47_0" [mmult.cpp:179]   --->   Operation 310 'load' 'localC_47_0_load_1' <Predicate = (!icmp_ln176)> <Delay = 0.00>
ST_15 : Operation 311 [1/1] (0.00ns)   --->   "%localC_48_0_load_1 = load i16 %localC_48_0" [mmult.cpp:179]   --->   Operation 311 'load' 'localC_48_0_load_1' <Predicate = (!icmp_ln176)> <Delay = 0.00>
ST_15 : Operation 312 [1/1] (0.00ns)   --->   "%localC_49_0_load_1 = load i16 %localC_49_0" [mmult.cpp:179]   --->   Operation 312 'load' 'localC_49_0_load_1' <Predicate = (!icmp_ln176)> <Delay = 0.00>
ST_15 : Operation 313 [1/1] (0.00ns)   --->   "%localC_50_0_load_1 = load i16 %localC_50_0" [mmult.cpp:179]   --->   Operation 313 'load' 'localC_50_0_load_1' <Predicate = (!icmp_ln176)> <Delay = 0.00>
ST_15 : Operation 314 [1/1] (0.00ns)   --->   "%localC_51_0_load_1 = load i16 %localC_51_0" [mmult.cpp:179]   --->   Operation 314 'load' 'localC_51_0_load_1' <Predicate = (!icmp_ln176)> <Delay = 0.00>
ST_15 : Operation 315 [1/1] (0.00ns)   --->   "%localC_52_0_load_1 = load i16 %localC_52_0" [mmult.cpp:179]   --->   Operation 315 'load' 'localC_52_0_load_1' <Predicate = (!icmp_ln176)> <Delay = 0.00>
ST_15 : Operation 316 [1/1] (0.00ns)   --->   "%localC_53_0_load_1 = load i16 %localC_53_0" [mmult.cpp:179]   --->   Operation 316 'load' 'localC_53_0_load_1' <Predicate = (!icmp_ln176)> <Delay = 0.00>
ST_15 : Operation 317 [1/1] (0.00ns)   --->   "%localC_54_0_load_1 = load i16 %localC_54_0" [mmult.cpp:179]   --->   Operation 317 'load' 'localC_54_0_load_1' <Predicate = (!icmp_ln176)> <Delay = 0.00>
ST_15 : Operation 318 [1/1] (0.00ns)   --->   "%localC_55_0_load_1 = load i16 %localC_55_0" [mmult.cpp:179]   --->   Operation 318 'load' 'localC_55_0_load_1' <Predicate = (!icmp_ln176)> <Delay = 0.00>
ST_15 : Operation 319 [1/1] (0.00ns)   --->   "%localC_56_0_load_1 = load i16 %localC_56_0" [mmult.cpp:179]   --->   Operation 319 'load' 'localC_56_0_load_1' <Predicate = (!icmp_ln176)> <Delay = 0.00>
ST_15 : Operation 320 [1/1] (0.00ns)   --->   "%localC_57_0_load_1 = load i16 %localC_57_0" [mmult.cpp:179]   --->   Operation 320 'load' 'localC_57_0_load_1' <Predicate = (!icmp_ln176)> <Delay = 0.00>
ST_15 : Operation 321 [1/1] (0.00ns)   --->   "%localC_58_0_load_1 = load i16 %localC_58_0" [mmult.cpp:179]   --->   Operation 321 'load' 'localC_58_0_load_1' <Predicate = (!icmp_ln176)> <Delay = 0.00>
ST_15 : Operation 322 [1/1] (0.00ns)   --->   "%localC_59_0_load_1 = load i16 %localC_59_0" [mmult.cpp:179]   --->   Operation 322 'load' 'localC_59_0_load_1' <Predicate = (!icmp_ln176)> <Delay = 0.00>
ST_15 : Operation 323 [1/1] (0.00ns)   --->   "%localC_60_0_load_1 = load i16 %localC_60_0" [mmult.cpp:179]   --->   Operation 323 'load' 'localC_60_0_load_1' <Predicate = (!icmp_ln176)> <Delay = 0.00>
ST_15 : Operation 324 [1/1] (0.00ns)   --->   "%localC_61_0_load_1 = load i16 %localC_61_0" [mmult.cpp:179]   --->   Operation 324 'load' 'localC_61_0_load_1' <Predicate = (!icmp_ln176)> <Delay = 0.00>
ST_15 : Operation 325 [1/1] (0.00ns)   --->   "%localC_62_0_load_1 = load i16 %localC_62_0" [mmult.cpp:179]   --->   Operation 325 'load' 'localC_62_0_load_1' <Predicate = (!icmp_ln176)> <Delay = 0.00>
ST_15 : Operation 326 [1/1] (0.00ns)   --->   "%localC_63_0_load_1 = load i16 %localC_63_0" [mmult.cpp:179]   --->   Operation 326 'load' 'localC_63_0_load_1' <Predicate = (!icmp_ln176)> <Delay = 0.00>
ST_15 : Operation 327 [1/1] (0.00ns)   --->   "%start_k = shl i3 %q_1, i3 1" [mmult.cpp:177]   --->   Operation 327 'shl' 'start_k' <Predicate = (!icmp_ln176)> <Delay = 0.00>
ST_15 : Operation 328 [1/1] (0.00ns)   --->   "%zext_ln177 = zext i3 %start_k" [mmult.cpp:177]   --->   Operation 328 'zext' 'zext_ln177' <Predicate = (!icmp_ln176)> <Delay = 0.00>
ST_15 : Operation 329 [1/1] (0.67ns)   --->   "%finish_k = add i4 %zext_ln177, i4 2" [mmult.cpp:178]   --->   Operation 329 'add' 'finish_k' <Predicate = (!icmp_ln176)> <Delay = 0.67> <CoreInst = "Adder">   --->   Core 1 'Adder' <Latency = 0> <II = 1> <Delay = 0.67> <FuncUnit> <Opcode : 'add' 'sub'> <InPorts = 2> <OutPorts = 1>
ST_15 : Operation 330 [2/2] (1.44ns)   --->   "%call_ret = call i1024 @tile_process, i8 %localA, i8 %localA_1, i8 %localA_2, i8 %localA_3, i8 %localA_4, i8 %localA_5, i8 %localA_6, i8 %localA_7, i8 %localB, i8 %localB_1, i8 %localB_2, i8 %localB_3, i8 %localB_4, i8 %localB_5, i8 %localB_6, i8 %localB_7, i16 %localC_0_load_1, i16 %localC_1_0_load_1, i16 %localC_2_0_load_1, i16 %localC_3_0_load_1, i16 %localC_4_0_load_1, i16 %localC_5_0_load_1, i16 %localC_6_0_load_1, i16 %localC_7_0_load_1, i16 %localC_8_0_load_1, i16 %localC_9_0_load_1, i16 %localC_10_0_load_1, i16 %localC_11_0_load_1, i16 %localC_12_0_load_1, i16 %localC_13_0_load_1, i16 %localC_14_0_load_1, i16 %localC_15_0_load_1, i16 %localC_16_0_load_1, i16 %localC_17_0_load_1, i16 %localC_18_0_load_1, i16 %localC_19_0_load_1, i16 %localC_20_0_load_1, i16 %localC_21_0_load_1, i16 %localC_22_0_load_1, i16 %localC_23_0_load_1, i16 %localC_24_0_load_1, i16 %localC_25_0_load_1, i16 %localC_26_0_load_1, i16 %localC_27_0_load_1, i16 %localC_28_0_load_1, i16 %localC_29_0_load_1, i16 %localC_30_0_load_1, i16 %localC_31_0_load_1, i16 %localC_32_0_load_1, i16 %localC_33_0_load_1, i16 %localC_34_0_load_1, i16 %localC_35_0_load_1, i16 %localC_36_0_load_1, i16 %localC_37_0_load_1, i16 %localC_38_0_load_1, i16 %localC_39_0_load_1, i16 %localC_40_0_load_1, i16 %localC_41_0_load_1, i16 %localC_42_0_load_1, i16 %localC_43_0_load_1, i16 %localC_44_0_load_1, i16 %localC_45_0_load_1, i16 %localC_46_0_load_1, i16 %localC_47_0_load_1, i16 %localC_48_0_load_1, i16 %localC_49_0_load_1, i16 %localC_50_0_load_1, i16 %localC_51_0_load_1, i16 %localC_52_0_load_1, i16 %localC_53_0_load_1, i16 %localC_54_0_load_1, i16 %localC_55_0_load_1, i16 %localC_56_0_load_1, i16 %localC_57_0_load_1, i16 %localC_58_0_load_1, i16 %localC_59_0_load_1, i16 %localC_60_0_load_1, i16 %localC_61_0_load_1, i16 %localC_62_0_load_1, i16 %localC_63_0_load_1, i3 %start_k, i4 %finish_k, i32 %a_row_read, i32 %a_col_read, i32 %b_col_read" [mmult.cpp:179]   --->   Operation 330 'call' 'call_ret' <Predicate = (!icmp_ln176)> <Delay = 1.44> <CoreType = "Generic">   --->   Core 0 '' <Latency = 0> <II = 1> <Delay = 1.00> <Generic> <Opcode : >
ST_15 : Operation 331 [1/1] (0.42ns)   --->   "%store_ln176 = store i3 %q_2, i3 %q" [mmult.cpp:176]   --->   Operation 331 'store' 'store_ln176' <Predicate = (!icmp_ln176)> <Delay = 0.42>
ST_15 : Operation 332 [2/2] (2.36ns)   --->   "%mul_ln185 = mul i32 %b_col_read, i32 %a_row_read" [mmult.cpp:185]   --->   Operation 332 'mul' 'mul_ln185' <Predicate = (icmp_ln176 & icmp_ln145 & cmp199)> <Delay = 2.36> <CoreInst = "Multiplier">   --->   Core 3 'Multiplier' <Latency = 1> <II = 1> <Delay = 2.36> <FuncUnit> <Opcode : 'mul'> <InPorts = 2> <OutPorts = 1>
ST_15 : Operation 333 [1/1] (0.00ns)   --->   "%trunc_ln185_1 = partselect i63 @_ssdm_op_PartSelect.i63.i64.i32.i32, i64 %c_read, i32 1, i32 63" [mmult.cpp:185]   --->   Operation 333 'partselect' 'trunc_ln185_1' <Predicate = (icmp_ln176)> <Delay = 0.00>
ST_15 : Operation 334 [2/2] (2.36ns)   --->   "%mul_ln185_1 = mul i64 %zext_ln107, i64 %zext_ln145" [mmult.cpp:185]   --->   Operation 334 'mul' 'mul_ln185_1' <Predicate = (icmp_ln176)> <Delay = 2.36> <CoreInst = "Multiplier">   --->   Core 3 'Multiplier' <Latency = 1> <II = 1> <Delay = 2.36> <FuncUnit> <Opcode : 'mul'> <InPorts = 2> <OutPorts = 1>

State 16 <SV = 15> <Delay = 0.85>
ST_16 : Operation 335 [1/1] (0.00ns)   --->   "%speclooptripcount_ln176 = speclooptripcount void @_ssdm_op_SpecLoopTripCount, i64 4, i64 4, i64 4" [mmult.cpp:176]   --->   Operation 335 'speclooptripcount' 'speclooptripcount_ln176' <Predicate = true> <Delay = 0.00>
ST_16 : Operation 336 [1/1] (0.00ns)   --->   "%specloopname_ln176 = specloopname void @_ssdm_op_SpecLoopName, void @empty_13" [mmult.cpp:176]   --->   Operation 336 'specloopname' 'specloopname_ln176' <Predicate = true> <Delay = 0.00>
ST_16 : Operation 337 [1/2] (0.42ns)   --->   "%call_ret = call i1024 @tile_process, i8 %localA, i8 %localA_1, i8 %localA_2, i8 %localA_3, i8 %localA_4, i8 %localA_5, i8 %localA_6, i8 %localA_7, i8 %localB, i8 %localB_1, i8 %localB_2, i8 %localB_3, i8 %localB_4, i8 %localB_5, i8 %localB_6, i8 %localB_7, i16 %localC_0_load_1, i16 %localC_1_0_load_1, i16 %localC_2_0_load_1, i16 %localC_3_0_load_1, i16 %localC_4_0_load_1, i16 %localC_5_0_load_1, i16 %localC_6_0_load_1, i16 %localC_7_0_load_1, i16 %localC_8_0_load_1, i16 %localC_9_0_load_1, i16 %localC_10_0_load_1, i16 %localC_11_0_load_1, i16 %localC_12_0_load_1, i16 %localC_13_0_load_1, i16 %localC_14_0_load_1, i16 %localC_15_0_load_1, i16 %localC_16_0_load_1, i16 %localC_17_0_load_1, i16 %localC_18_0_load_1, i16 %localC_19_0_load_1, i16 %localC_20_0_load_1, i16 %localC_21_0_load_1, i16 %localC_22_0_load_1, i16 %localC_23_0_load_1, i16 %localC_24_0_load_1, i16 %localC_25_0_load_1, i16 %localC_26_0_load_1, i16 %localC_27_0_load_1, i16 %localC_28_0_load_1, i16 %localC_29_0_load_1, i16 %localC_30_0_load_1, i16 %localC_31_0_load_1, i16 %localC_32_0_load_1, i16 %localC_33_0_load_1, i16 %localC_34_0_load_1, i16 %localC_35_0_load_1, i16 %localC_36_0_load_1, i16 %localC_37_0_load_1, i16 %localC_38_0_load_1, i16 %localC_39_0_load_1, i16 %localC_40_0_load_1, i16 %localC_41_0_load_1, i16 %localC_42_0_load_1, i16 %localC_43_0_load_1, i16 %localC_44_0_load_1, i16 %localC_45_0_load_1, i16 %localC_46_0_load_1, i16 %localC_47_0_load_1, i16 %localC_48_0_load_1, i16 %localC_49_0_load_1, i16 %localC_50_0_load_1, i16 %localC_51_0_load_1, i16 %localC_52_0_load_1, i16 %localC_53_0_load_1, i16 %localC_54_0_load_1, i16 %localC_55_0_load_1, i16 %localC_56_0_load_1, i16 %localC_57_0_load_1, i16 %localC_58_0_load_1, i16 %localC_59_0_load_1, i16 %localC_60_0_load_1, i16 %localC_61_0_load_1, i16 %localC_62_0_load_1, i16 %localC_63_0_load_1, i3 %start_k, i4 %finish_k, i32 %a_row_read, i32 %a_col_read, i32 %b_col_read" [mmult.cpp:179]   --->   Operation 337 'call' 'call_ret' <Predicate = true> <Delay = 0.42> <CoreType = "Generic">   --->   Core 0 '' <Latency = 0> <II = 1> <Delay = 1.00> <Generic> <Opcode : >
ST_16 : Operation 338 [1/1] (0.00ns)   --->   "%localC = extractvalue i1024 %call_ret" [mmult.cpp:179]   --->   Operation 338 'extractvalue' 'localC' <Predicate = true> <Delay = 0.00>
ST_16 : Operation 339 [1/1] (0.00ns)   --->   "%localC_1 = extractvalue i1024 %call_ret" [mmult.cpp:179]   --->   Operation 339 'extractvalue' 'localC_1' <Predicate = true> <Delay = 0.00>
ST_16 : Operation 340 [1/1] (0.00ns)   --->   "%localC_2 = extractvalue i1024 %call_ret" [mmult.cpp:179]   --->   Operation 340 'extractvalue' 'localC_2' <Predicate = true> <Delay = 0.00>
ST_16 : Operation 341 [1/1] (0.00ns)   --->   "%localC_3 = extractvalue i1024 %call_ret" [mmult.cpp:179]   --->   Operation 341 'extractvalue' 'localC_3' <Predicate = true> <Delay = 0.00>
ST_16 : Operation 342 [1/1] (0.00ns)   --->   "%localC_4 = extractvalue i1024 %call_ret" [mmult.cpp:179]   --->   Operation 342 'extractvalue' 'localC_4' <Predicate = true> <Delay = 0.00>
ST_16 : Operation 343 [1/1] (0.00ns)   --->   "%localC_5 = extractvalue i1024 %call_ret" [mmult.cpp:179]   --->   Operation 343 'extractvalue' 'localC_5' <Predicate = true> <Delay = 0.00>
ST_16 : Operation 344 [1/1] (0.00ns)   --->   "%localC_6 = extractvalue i1024 %call_ret" [mmult.cpp:179]   --->   Operation 344 'extractvalue' 'localC_6' <Predicate = true> <Delay = 0.00>
ST_16 : Operation 345 [1/1] (0.00ns)   --->   "%localC_7 = extractvalue i1024 %call_ret" [mmult.cpp:179]   --->   Operation 345 'extractvalue' 'localC_7' <Predicate = true> <Delay = 0.00>
ST_16 : Operation 346 [1/1] (0.00ns)   --->   "%localC_8 = extractvalue i1024 %call_ret" [mmult.cpp:179]   --->   Operation 346 'extractvalue' 'localC_8' <Predicate = true> <Delay = 0.00>
ST_16 : Operation 347 [1/1] (0.00ns)   --->   "%localC_9 = extractvalue i1024 %call_ret" [mmult.cpp:179]   --->   Operation 347 'extractvalue' 'localC_9' <Predicate = true> <Delay = 0.00>
ST_16 : Operation 348 [1/1] (0.00ns)   --->   "%localC_10 = extractvalue i1024 %call_ret" [mmult.cpp:179]   --->   Operation 348 'extractvalue' 'localC_10' <Predicate = true> <Delay = 0.00>
ST_16 : Operation 349 [1/1] (0.00ns)   --->   "%localC_11 = extractvalue i1024 %call_ret" [mmult.cpp:179]   --->   Operation 349 'extractvalue' 'localC_11' <Predicate = true> <Delay = 0.00>
ST_16 : Operation 350 [1/1] (0.00ns)   --->   "%localC_12 = extractvalue i1024 %call_ret" [mmult.cpp:179]   --->   Operation 350 'extractvalue' 'localC_12' <Predicate = true> <Delay = 0.00>
ST_16 : Operation 351 [1/1] (0.00ns)   --->   "%localC_13 = extractvalue i1024 %call_ret" [mmult.cpp:179]   --->   Operation 351 'extractvalue' 'localC_13' <Predicate = true> <Delay = 0.00>
ST_16 : Operation 352 [1/1] (0.00ns)   --->   "%localC_14 = extractvalue i1024 %call_ret" [mmult.cpp:179]   --->   Operation 352 'extractvalue' 'localC_14' <Predicate = true> <Delay = 0.00>
ST_16 : Operation 353 [1/1] (0.00ns)   --->   "%localC_15 = extractvalue i1024 %call_ret" [mmult.cpp:179]   --->   Operation 353 'extractvalue' 'localC_15' <Predicate = true> <Delay = 0.00>
ST_16 : Operation 354 [1/1] (0.00ns)   --->   "%localC_16 = extractvalue i1024 %call_ret" [mmult.cpp:179]   --->   Operation 354 'extractvalue' 'localC_16' <Predicate = true> <Delay = 0.00>
ST_16 : Operation 355 [1/1] (0.00ns)   --->   "%localC_17 = extractvalue i1024 %call_ret" [mmult.cpp:179]   --->   Operation 355 'extractvalue' 'localC_17' <Predicate = true> <Delay = 0.00>
ST_16 : Operation 356 [1/1] (0.00ns)   --->   "%localC_18 = extractvalue i1024 %call_ret" [mmult.cpp:179]   --->   Operation 356 'extractvalue' 'localC_18' <Predicate = true> <Delay = 0.00>
ST_16 : Operation 357 [1/1] (0.00ns)   --->   "%localC_19 = extractvalue i1024 %call_ret" [mmult.cpp:179]   --->   Operation 357 'extractvalue' 'localC_19' <Predicate = true> <Delay = 0.00>
ST_16 : Operation 358 [1/1] (0.00ns)   --->   "%localC_20 = extractvalue i1024 %call_ret" [mmult.cpp:179]   --->   Operation 358 'extractvalue' 'localC_20' <Predicate = true> <Delay = 0.00>
ST_16 : Operation 359 [1/1] (0.00ns)   --->   "%localC_21 = extractvalue i1024 %call_ret" [mmult.cpp:179]   --->   Operation 359 'extractvalue' 'localC_21' <Predicate = true> <Delay = 0.00>
ST_16 : Operation 360 [1/1] (0.00ns)   --->   "%localC_22 = extractvalue i1024 %call_ret" [mmult.cpp:179]   --->   Operation 360 'extractvalue' 'localC_22' <Predicate = true> <Delay = 0.00>
ST_16 : Operation 361 [1/1] (0.00ns)   --->   "%localC_23 = extractvalue i1024 %call_ret" [mmult.cpp:179]   --->   Operation 361 'extractvalue' 'localC_23' <Predicate = true> <Delay = 0.00>
ST_16 : Operation 362 [1/1] (0.00ns)   --->   "%localC_24 = extractvalue i1024 %call_ret" [mmult.cpp:179]   --->   Operation 362 'extractvalue' 'localC_24' <Predicate = true> <Delay = 0.00>
ST_16 : Operation 363 [1/1] (0.00ns)   --->   "%localC_25 = extractvalue i1024 %call_ret" [mmult.cpp:179]   --->   Operation 363 'extractvalue' 'localC_25' <Predicate = true> <Delay = 0.00>
ST_16 : Operation 364 [1/1] (0.00ns)   --->   "%localC_26 = extractvalue i1024 %call_ret" [mmult.cpp:179]   --->   Operation 364 'extractvalue' 'localC_26' <Predicate = true> <Delay = 0.00>
ST_16 : Operation 365 [1/1] (0.00ns)   --->   "%localC_27 = extractvalue i1024 %call_ret" [mmult.cpp:179]   --->   Operation 365 'extractvalue' 'localC_27' <Predicate = true> <Delay = 0.00>
ST_16 : Operation 366 [1/1] (0.00ns)   --->   "%localC_28 = extractvalue i1024 %call_ret" [mmult.cpp:179]   --->   Operation 366 'extractvalue' 'localC_28' <Predicate = true> <Delay = 0.00>
ST_16 : Operation 367 [1/1] (0.00ns)   --->   "%localC_29 = extractvalue i1024 %call_ret" [mmult.cpp:179]   --->   Operation 367 'extractvalue' 'localC_29' <Predicate = true> <Delay = 0.00>
ST_16 : Operation 368 [1/1] (0.00ns)   --->   "%localC_30 = extractvalue i1024 %call_ret" [mmult.cpp:179]   --->   Operation 368 'extractvalue' 'localC_30' <Predicate = true> <Delay = 0.00>
ST_16 : Operation 369 [1/1] (0.00ns)   --->   "%localC_31 = extractvalue i1024 %call_ret" [mmult.cpp:179]   --->   Operation 369 'extractvalue' 'localC_31' <Predicate = true> <Delay = 0.00>
ST_16 : Operation 370 [1/1] (0.00ns)   --->   "%localC_32 = extractvalue i1024 %call_ret" [mmult.cpp:179]   --->   Operation 370 'extractvalue' 'localC_32' <Predicate = true> <Delay = 0.00>
ST_16 : Operation 371 [1/1] (0.00ns)   --->   "%localC_33 = extractvalue i1024 %call_ret" [mmult.cpp:179]   --->   Operation 371 'extractvalue' 'localC_33' <Predicate = true> <Delay = 0.00>
ST_16 : Operation 372 [1/1] (0.00ns)   --->   "%localC_34 = extractvalue i1024 %call_ret" [mmult.cpp:179]   --->   Operation 372 'extractvalue' 'localC_34' <Predicate = true> <Delay = 0.00>
ST_16 : Operation 373 [1/1] (0.00ns)   --->   "%localC_35 = extractvalue i1024 %call_ret" [mmult.cpp:179]   --->   Operation 373 'extractvalue' 'localC_35' <Predicate = true> <Delay = 0.00>
ST_16 : Operation 374 [1/1] (0.00ns)   --->   "%localC_36 = extractvalue i1024 %call_ret" [mmult.cpp:179]   --->   Operation 374 'extractvalue' 'localC_36' <Predicate = true> <Delay = 0.00>
ST_16 : Operation 375 [1/1] (0.00ns)   --->   "%localC_37 = extractvalue i1024 %call_ret" [mmult.cpp:179]   --->   Operation 375 'extractvalue' 'localC_37' <Predicate = true> <Delay = 0.00>
ST_16 : Operation 376 [1/1] (0.00ns)   --->   "%localC_38 = extractvalue i1024 %call_ret" [mmult.cpp:179]   --->   Operation 376 'extractvalue' 'localC_38' <Predicate = true> <Delay = 0.00>
ST_16 : Operation 377 [1/1] (0.00ns)   --->   "%localC_39 = extractvalue i1024 %call_ret" [mmult.cpp:179]   --->   Operation 377 'extractvalue' 'localC_39' <Predicate = true> <Delay = 0.00>
ST_16 : Operation 378 [1/1] (0.00ns)   --->   "%localC_40 = extractvalue i1024 %call_ret" [mmult.cpp:179]   --->   Operation 378 'extractvalue' 'localC_40' <Predicate = true> <Delay = 0.00>
ST_16 : Operation 379 [1/1] (0.00ns)   --->   "%localC_41 = extractvalue i1024 %call_ret" [mmult.cpp:179]   --->   Operation 379 'extractvalue' 'localC_41' <Predicate = true> <Delay = 0.00>
ST_16 : Operation 380 [1/1] (0.00ns)   --->   "%localC_42 = extractvalue i1024 %call_ret" [mmult.cpp:179]   --->   Operation 380 'extractvalue' 'localC_42' <Predicate = true> <Delay = 0.00>
ST_16 : Operation 381 [1/1] (0.00ns)   --->   "%localC_43 = extractvalue i1024 %call_ret" [mmult.cpp:179]   --->   Operation 381 'extractvalue' 'localC_43' <Predicate = true> <Delay = 0.00>
ST_16 : Operation 382 [1/1] (0.00ns)   --->   "%localC_44 = extractvalue i1024 %call_ret" [mmult.cpp:179]   --->   Operation 382 'extractvalue' 'localC_44' <Predicate = true> <Delay = 0.00>
ST_16 : Operation 383 [1/1] (0.00ns)   --->   "%localC_45 = extractvalue i1024 %call_ret" [mmult.cpp:179]   --->   Operation 383 'extractvalue' 'localC_45' <Predicate = true> <Delay = 0.00>
ST_16 : Operation 384 [1/1] (0.00ns)   --->   "%localC_46 = extractvalue i1024 %call_ret" [mmult.cpp:179]   --->   Operation 384 'extractvalue' 'localC_46' <Predicate = true> <Delay = 0.00>
ST_16 : Operation 385 [1/1] (0.00ns)   --->   "%localC_47 = extractvalue i1024 %call_ret" [mmult.cpp:179]   --->   Operation 385 'extractvalue' 'localC_47' <Predicate = true> <Delay = 0.00>
ST_16 : Operation 386 [1/1] (0.00ns)   --->   "%localC_48 = extractvalue i1024 %call_ret" [mmult.cpp:179]   --->   Operation 386 'extractvalue' 'localC_48' <Predicate = true> <Delay = 0.00>
ST_16 : Operation 387 [1/1] (0.00ns)   --->   "%localC_49 = extractvalue i1024 %call_ret" [mmult.cpp:179]   --->   Operation 387 'extractvalue' 'localC_49' <Predicate = true> <Delay = 0.00>
ST_16 : Operation 388 [1/1] (0.00ns)   --->   "%localC_50 = extractvalue i1024 %call_ret" [mmult.cpp:179]   --->   Operation 388 'extractvalue' 'localC_50' <Predicate = true> <Delay = 0.00>
ST_16 : Operation 389 [1/1] (0.00ns)   --->   "%localC_51 = extractvalue i1024 %call_ret" [mmult.cpp:179]   --->   Operation 389 'extractvalue' 'localC_51' <Predicate = true> <Delay = 0.00>
ST_16 : Operation 390 [1/1] (0.00ns)   --->   "%localC_52 = extractvalue i1024 %call_ret" [mmult.cpp:179]   --->   Operation 390 'extractvalue' 'localC_52' <Predicate = true> <Delay = 0.00>
ST_16 : Operation 391 [1/1] (0.00ns)   --->   "%localC_53 = extractvalue i1024 %call_ret" [mmult.cpp:179]   --->   Operation 391 'extractvalue' 'localC_53' <Predicate = true> <Delay = 0.00>
ST_16 : Operation 392 [1/1] (0.00ns)   --->   "%localC_54 = extractvalue i1024 %call_ret" [mmult.cpp:179]   --->   Operation 392 'extractvalue' 'localC_54' <Predicate = true> <Delay = 0.00>
ST_16 : Operation 393 [1/1] (0.00ns)   --->   "%localC_55 = extractvalue i1024 %call_ret" [mmult.cpp:179]   --->   Operation 393 'extractvalue' 'localC_55' <Predicate = true> <Delay = 0.00>
ST_16 : Operation 394 [1/1] (0.00ns)   --->   "%localC_56 = extractvalue i1024 %call_ret" [mmult.cpp:179]   --->   Operation 394 'extractvalue' 'localC_56' <Predicate = true> <Delay = 0.00>
ST_16 : Operation 395 [1/1] (0.00ns)   --->   "%localC_57 = extractvalue i1024 %call_ret" [mmult.cpp:179]   --->   Operation 395 'extractvalue' 'localC_57' <Predicate = true> <Delay = 0.00>
ST_16 : Operation 396 [1/1] (0.00ns)   --->   "%localC_58 = extractvalue i1024 %call_ret" [mmult.cpp:179]   --->   Operation 396 'extractvalue' 'localC_58' <Predicate = true> <Delay = 0.00>
ST_16 : Operation 397 [1/1] (0.00ns)   --->   "%localC_59 = extractvalue i1024 %call_ret" [mmult.cpp:179]   --->   Operation 397 'extractvalue' 'localC_59' <Predicate = true> <Delay = 0.00>
ST_16 : Operation 398 [1/1] (0.00ns)   --->   "%localC_60 = extractvalue i1024 %call_ret" [mmult.cpp:179]   --->   Operation 398 'extractvalue' 'localC_60' <Predicate = true> <Delay = 0.00>
ST_16 : Operation 399 [1/1] (0.00ns)   --->   "%localC_61 = extractvalue i1024 %call_ret" [mmult.cpp:179]   --->   Operation 399 'extractvalue' 'localC_61' <Predicate = true> <Delay = 0.00>
ST_16 : Operation 400 [1/1] (0.00ns)   --->   "%localC_62 = extractvalue i1024 %call_ret" [mmult.cpp:179]   --->   Operation 400 'extractvalue' 'localC_62' <Predicate = true> <Delay = 0.00>
ST_16 : Operation 401 [1/1] (0.00ns)   --->   "%localC_63 = extractvalue i1024 %call_ret" [mmult.cpp:179]   --->   Operation 401 'extractvalue' 'localC_63' <Predicate = true> <Delay = 0.00>
ST_16 : Operation 402 [1/1] (0.42ns)   --->   "%store_ln179 = store i16 %localC_63, i16 %localC_63_0" [mmult.cpp:179]   --->   Operation 402 'store' 'store_ln179' <Predicate = true> <Delay = 0.42>
ST_16 : Operation 403 [1/1] (0.42ns)   --->   "%store_ln179 = store i16 %localC_62, i16 %localC_62_0" [mmult.cpp:179]   --->   Operation 403 'store' 'store_ln179' <Predicate = true> <Delay = 0.42>
ST_16 : Operation 404 [1/1] (0.42ns)   --->   "%store_ln179 = store i16 %localC_61, i16 %localC_61_0" [mmult.cpp:179]   --->   Operation 404 'store' 'store_ln179' <Predicate = true> <Delay = 0.42>
ST_16 : Operation 405 [1/1] (0.42ns)   --->   "%store_ln179 = store i16 %localC_60, i16 %localC_60_0" [mmult.cpp:179]   --->   Operation 405 'store' 'store_ln179' <Predicate = true> <Delay = 0.42>
ST_16 : Operation 406 [1/1] (0.42ns)   --->   "%store_ln179 = store i16 %localC_59, i16 %localC_59_0" [mmult.cpp:179]   --->   Operation 406 'store' 'store_ln179' <Predicate = true> <Delay = 0.42>
ST_16 : Operation 407 [1/1] (0.42ns)   --->   "%store_ln179 = store i16 %localC_58, i16 %localC_58_0" [mmult.cpp:179]   --->   Operation 407 'store' 'store_ln179' <Predicate = true> <Delay = 0.42>
ST_16 : Operation 408 [1/1] (0.42ns)   --->   "%store_ln179 = store i16 %localC_57, i16 %localC_57_0" [mmult.cpp:179]   --->   Operation 408 'store' 'store_ln179' <Predicate = true> <Delay = 0.42>
ST_16 : Operation 409 [1/1] (0.42ns)   --->   "%store_ln179 = store i16 %localC_56, i16 %localC_56_0" [mmult.cpp:179]   --->   Operation 409 'store' 'store_ln179' <Predicate = true> <Delay = 0.42>
ST_16 : Operation 410 [1/1] (0.42ns)   --->   "%store_ln179 = store i16 %localC_55, i16 %localC_55_0" [mmult.cpp:179]   --->   Operation 410 'store' 'store_ln179' <Predicate = true> <Delay = 0.42>
ST_16 : Operation 411 [1/1] (0.42ns)   --->   "%store_ln179 = store i16 %localC_54, i16 %localC_54_0" [mmult.cpp:179]   --->   Operation 411 'store' 'store_ln179' <Predicate = true> <Delay = 0.42>
ST_16 : Operation 412 [1/1] (0.42ns)   --->   "%store_ln179 = store i16 %localC_53, i16 %localC_53_0" [mmult.cpp:179]   --->   Operation 412 'store' 'store_ln179' <Predicate = true> <Delay = 0.42>
ST_16 : Operation 413 [1/1] (0.42ns)   --->   "%store_ln179 = store i16 %localC_52, i16 %localC_52_0" [mmult.cpp:179]   --->   Operation 413 'store' 'store_ln179' <Predicate = true> <Delay = 0.42>
ST_16 : Operation 414 [1/1] (0.42ns)   --->   "%store_ln179 = store i16 %localC_51, i16 %localC_51_0" [mmult.cpp:179]   --->   Operation 414 'store' 'store_ln179' <Predicate = true> <Delay = 0.42>
ST_16 : Operation 415 [1/1] (0.42ns)   --->   "%store_ln179 = store i16 %localC_50, i16 %localC_50_0" [mmult.cpp:179]   --->   Operation 415 'store' 'store_ln179' <Predicate = true> <Delay = 0.42>
ST_16 : Operation 416 [1/1] (0.42ns)   --->   "%store_ln179 = store i16 %localC_49, i16 %localC_49_0" [mmult.cpp:179]   --->   Operation 416 'store' 'store_ln179' <Predicate = true> <Delay = 0.42>
ST_16 : Operation 417 [1/1] (0.42ns)   --->   "%store_ln179 = store i16 %localC_48, i16 %localC_48_0" [mmult.cpp:179]   --->   Operation 417 'store' 'store_ln179' <Predicate = true> <Delay = 0.42>
ST_16 : Operation 418 [1/1] (0.42ns)   --->   "%store_ln179 = store i16 %localC_47, i16 %localC_47_0" [mmult.cpp:179]   --->   Operation 418 'store' 'store_ln179' <Predicate = true> <Delay = 0.42>
ST_16 : Operation 419 [1/1] (0.42ns)   --->   "%store_ln179 = store i16 %localC_46, i16 %localC_46_0" [mmult.cpp:179]   --->   Operation 419 'store' 'store_ln179' <Predicate = true> <Delay = 0.42>
ST_16 : Operation 420 [1/1] (0.42ns)   --->   "%store_ln179 = store i16 %localC_45, i16 %localC_45_0" [mmult.cpp:179]   --->   Operation 420 'store' 'store_ln179' <Predicate = true> <Delay = 0.42>
ST_16 : Operation 421 [1/1] (0.42ns)   --->   "%store_ln179 = store i16 %localC_44, i16 %localC_44_0" [mmult.cpp:179]   --->   Operation 421 'store' 'store_ln179' <Predicate = true> <Delay = 0.42>
ST_16 : Operation 422 [1/1] (0.42ns)   --->   "%store_ln179 = store i16 %localC_43, i16 %localC_43_0" [mmult.cpp:179]   --->   Operation 422 'store' 'store_ln179' <Predicate = true> <Delay = 0.42>
ST_16 : Operation 423 [1/1] (0.42ns)   --->   "%store_ln179 = store i16 %localC_42, i16 %localC_42_0" [mmult.cpp:179]   --->   Operation 423 'store' 'store_ln179' <Predicate = true> <Delay = 0.42>
ST_16 : Operation 424 [1/1] (0.42ns)   --->   "%store_ln179 = store i16 %localC_41, i16 %localC_41_0" [mmult.cpp:179]   --->   Operation 424 'store' 'store_ln179' <Predicate = true> <Delay = 0.42>
ST_16 : Operation 425 [1/1] (0.42ns)   --->   "%store_ln179 = store i16 %localC_40, i16 %localC_40_0" [mmult.cpp:179]   --->   Operation 425 'store' 'store_ln179' <Predicate = true> <Delay = 0.42>
ST_16 : Operation 426 [1/1] (0.42ns)   --->   "%store_ln179 = store i16 %localC_39, i16 %localC_39_0" [mmult.cpp:179]   --->   Operation 426 'store' 'store_ln179' <Predicate = true> <Delay = 0.42>
ST_16 : Operation 427 [1/1] (0.42ns)   --->   "%store_ln179 = store i16 %localC_38, i16 %localC_38_0" [mmult.cpp:179]   --->   Operation 427 'store' 'store_ln179' <Predicate = true> <Delay = 0.42>
ST_16 : Operation 428 [1/1] (0.42ns)   --->   "%store_ln179 = store i16 %localC_37, i16 %localC_37_0" [mmult.cpp:179]   --->   Operation 428 'store' 'store_ln179' <Predicate = true> <Delay = 0.42>
ST_16 : Operation 429 [1/1] (0.42ns)   --->   "%store_ln179 = store i16 %localC_36, i16 %localC_36_0" [mmult.cpp:179]   --->   Operation 429 'store' 'store_ln179' <Predicate = true> <Delay = 0.42>
ST_16 : Operation 430 [1/1] (0.42ns)   --->   "%store_ln179 = store i16 %localC_35, i16 %localC_35_0" [mmult.cpp:179]   --->   Operation 430 'store' 'store_ln179' <Predicate = true> <Delay = 0.42>
ST_16 : Operation 431 [1/1] (0.42ns)   --->   "%store_ln179 = store i16 %localC_34, i16 %localC_34_0" [mmult.cpp:179]   --->   Operation 431 'store' 'store_ln179' <Predicate = true> <Delay = 0.42>
ST_16 : Operation 432 [1/1] (0.42ns)   --->   "%store_ln179 = store i16 %localC_33, i16 %localC_33_0" [mmult.cpp:179]   --->   Operation 432 'store' 'store_ln179' <Predicate = true> <Delay = 0.42>
ST_16 : Operation 433 [1/1] (0.42ns)   --->   "%store_ln179 = store i16 %localC_32, i16 %localC_32_0" [mmult.cpp:179]   --->   Operation 433 'store' 'store_ln179' <Predicate = true> <Delay = 0.42>
ST_16 : Operation 434 [1/1] (0.42ns)   --->   "%store_ln179 = store i16 %localC_31, i16 %localC_31_0" [mmult.cpp:179]   --->   Operation 434 'store' 'store_ln179' <Predicate = true> <Delay = 0.42>
ST_16 : Operation 435 [1/1] (0.42ns)   --->   "%store_ln179 = store i16 %localC_30, i16 %localC_30_0" [mmult.cpp:179]   --->   Operation 435 'store' 'store_ln179' <Predicate = true> <Delay = 0.42>
ST_16 : Operation 436 [1/1] (0.42ns)   --->   "%store_ln179 = store i16 %localC_29, i16 %localC_29_0" [mmult.cpp:179]   --->   Operation 436 'store' 'store_ln179' <Predicate = true> <Delay = 0.42>
ST_16 : Operation 437 [1/1] (0.42ns)   --->   "%store_ln179 = store i16 %localC_28, i16 %localC_28_0" [mmult.cpp:179]   --->   Operation 437 'store' 'store_ln179' <Predicate = true> <Delay = 0.42>
ST_16 : Operation 438 [1/1] (0.42ns)   --->   "%store_ln179 = store i16 %localC_27, i16 %localC_27_0" [mmult.cpp:179]   --->   Operation 438 'store' 'store_ln179' <Predicate = true> <Delay = 0.42>
ST_16 : Operation 439 [1/1] (0.42ns)   --->   "%store_ln179 = store i16 %localC_26, i16 %localC_26_0" [mmult.cpp:179]   --->   Operation 439 'store' 'store_ln179' <Predicate = true> <Delay = 0.42>
ST_16 : Operation 440 [1/1] (0.42ns)   --->   "%store_ln179 = store i16 %localC_25, i16 %localC_25_0" [mmult.cpp:179]   --->   Operation 440 'store' 'store_ln179' <Predicate = true> <Delay = 0.42>
ST_16 : Operation 441 [1/1] (0.42ns)   --->   "%store_ln179 = store i16 %localC_24, i16 %localC_24_0" [mmult.cpp:179]   --->   Operation 441 'store' 'store_ln179' <Predicate = true> <Delay = 0.42>
ST_16 : Operation 442 [1/1] (0.42ns)   --->   "%store_ln179 = store i16 %localC_23, i16 %localC_23_0" [mmult.cpp:179]   --->   Operation 442 'store' 'store_ln179' <Predicate = true> <Delay = 0.42>
ST_16 : Operation 443 [1/1] (0.42ns)   --->   "%store_ln179 = store i16 %localC_22, i16 %localC_22_0" [mmult.cpp:179]   --->   Operation 443 'store' 'store_ln179' <Predicate = true> <Delay = 0.42>
ST_16 : Operation 444 [1/1] (0.42ns)   --->   "%store_ln179 = store i16 %localC_21, i16 %localC_21_0" [mmult.cpp:179]   --->   Operation 444 'store' 'store_ln179' <Predicate = true> <Delay = 0.42>
ST_16 : Operation 445 [1/1] (0.42ns)   --->   "%store_ln179 = store i16 %localC_20, i16 %localC_20_0" [mmult.cpp:179]   --->   Operation 445 'store' 'store_ln179' <Predicate = true> <Delay = 0.42>
ST_16 : Operation 446 [1/1] (0.42ns)   --->   "%store_ln179 = store i16 %localC_19, i16 %localC_19_0" [mmult.cpp:179]   --->   Operation 446 'store' 'store_ln179' <Predicate = true> <Delay = 0.42>
ST_16 : Operation 447 [1/1] (0.42ns)   --->   "%store_ln179 = store i16 %localC_18, i16 %localC_18_0" [mmult.cpp:179]   --->   Operation 447 'store' 'store_ln179' <Predicate = true> <Delay = 0.42>
ST_16 : Operation 448 [1/1] (0.42ns)   --->   "%store_ln179 = store i16 %localC_17, i16 %localC_17_0" [mmult.cpp:179]   --->   Operation 448 'store' 'store_ln179' <Predicate = true> <Delay = 0.42>
ST_16 : Operation 449 [1/1] (0.42ns)   --->   "%store_ln179 = store i16 %localC_16, i16 %localC_16_0" [mmult.cpp:179]   --->   Operation 449 'store' 'store_ln179' <Predicate = true> <Delay = 0.42>
ST_16 : Operation 450 [1/1] (0.42ns)   --->   "%store_ln179 = store i16 %localC_15, i16 %localC_15_0" [mmult.cpp:179]   --->   Operation 450 'store' 'store_ln179' <Predicate = true> <Delay = 0.42>
ST_16 : Operation 451 [1/1] (0.42ns)   --->   "%store_ln179 = store i16 %localC_14, i16 %localC_14_0" [mmult.cpp:179]   --->   Operation 451 'store' 'store_ln179' <Predicate = true> <Delay = 0.42>
ST_16 : Operation 452 [1/1] (0.42ns)   --->   "%store_ln179 = store i16 %localC_13, i16 %localC_13_0" [mmult.cpp:179]   --->   Operation 452 'store' 'store_ln179' <Predicate = true> <Delay = 0.42>
ST_16 : Operation 453 [1/1] (0.42ns)   --->   "%store_ln179 = store i16 %localC_12, i16 %localC_12_0" [mmult.cpp:179]   --->   Operation 453 'store' 'store_ln179' <Predicate = true> <Delay = 0.42>
ST_16 : Operation 454 [1/1] (0.42ns)   --->   "%store_ln179 = store i16 %localC_11, i16 %localC_11_0" [mmult.cpp:179]   --->   Operation 454 'store' 'store_ln179' <Predicate = true> <Delay = 0.42>
ST_16 : Operation 455 [1/1] (0.42ns)   --->   "%store_ln179 = store i16 %localC_10, i16 %localC_10_0" [mmult.cpp:179]   --->   Operation 455 'store' 'store_ln179' <Predicate = true> <Delay = 0.42>
ST_16 : Operation 456 [1/1] (0.42ns)   --->   "%store_ln179 = store i16 %localC_9, i16 %localC_9_0" [mmult.cpp:179]   --->   Operation 456 'store' 'store_ln179' <Predicate = true> <Delay = 0.42>
ST_16 : Operation 457 [1/1] (0.42ns)   --->   "%store_ln179 = store i16 %localC_8, i16 %localC_8_0" [mmult.cpp:179]   --->   Operation 457 'store' 'store_ln179' <Predicate = true> <Delay = 0.42>
ST_16 : Operation 458 [1/1] (0.42ns)   --->   "%store_ln179 = store i16 %localC_7, i16 %localC_7_0" [mmult.cpp:179]   --->   Operation 458 'store' 'store_ln179' <Predicate = true> <Delay = 0.42>
ST_16 : Operation 459 [1/1] (0.42ns)   --->   "%store_ln179 = store i16 %localC_6, i16 %localC_6_0" [mmult.cpp:179]   --->   Operation 459 'store' 'store_ln179' <Predicate = true> <Delay = 0.42>
ST_16 : Operation 460 [1/1] (0.42ns)   --->   "%store_ln179 = store i16 %localC_5, i16 %localC_5_0" [mmult.cpp:179]   --->   Operation 460 'store' 'store_ln179' <Predicate = true> <Delay = 0.42>
ST_16 : Operation 461 [1/1] (0.42ns)   --->   "%store_ln179 = store i16 %localC_4, i16 %localC_4_0" [mmult.cpp:179]   --->   Operation 461 'store' 'store_ln179' <Predicate = true> <Delay = 0.42>
ST_16 : Operation 462 [1/1] (0.42ns)   --->   "%store_ln179 = store i16 %localC_3, i16 %localC_3_0" [mmult.cpp:179]   --->   Operation 462 'store' 'store_ln179' <Predicate = true> <Delay = 0.42>
ST_16 : Operation 463 [1/1] (0.42ns)   --->   "%store_ln179 = store i16 %localC_2, i16 %localC_2_0" [mmult.cpp:179]   --->   Operation 463 'store' 'store_ln179' <Predicate = true> <Delay = 0.42>
ST_16 : Operation 464 [1/1] (0.42ns)   --->   "%store_ln179 = store i16 %localC_1, i16 %localC_1_0" [mmult.cpp:179]   --->   Operation 464 'store' 'store_ln179' <Predicate = true> <Delay = 0.42>
ST_16 : Operation 465 [1/1] (0.42ns)   --->   "%store_ln179 = store i16 %localC, i16 %localC_0" [mmult.cpp:179]   --->   Operation 465 'store' 'store_ln179' <Predicate = true> <Delay = 0.42>
ST_16 : Operation 466 [1/1] (0.00ns)   --->   "%br_ln176 = br void %for.inc65" [mmult.cpp:176]   --->   Operation 466 'br' 'br_ln176' <Predicate = true> <Delay = 0.00>

State 17 <SV = 15> <Delay = 2.36>
ST_17 : Operation 467 [1/2] (2.36ns)   --->   "%mul_ln185 = mul i32 %b_col_read, i32 %a_row_read" [mmult.cpp:185]   --->   Operation 467 'mul' 'mul_ln185' <Predicate = (icmp_ln145 & cmp199)> <Delay = 2.36> <CoreInst = "Multiplier">   --->   Core 3 'Multiplier' <Latency = 1> <II = 1> <Delay = 2.36> <FuncUnit> <Opcode : 'mul'> <InPorts = 2> <OutPorts = 1>
ST_17 : Operation 468 [1/2] (2.36ns)   --->   "%mul_ln185_1 = mul i64 %zext_ln107, i64 %zext_ln145" [mmult.cpp:185]   --->   Operation 468 'mul' 'mul_ln185_1' <Predicate = true> <Delay = 2.36> <CoreInst = "Multiplier">   --->   Core 3 'Multiplier' <Latency = 1> <II = 1> <Delay = 2.36> <FuncUnit> <Opcode : 'mul'> <InPorts = 2> <OutPorts = 1>

State 18 <SV = 16> <Delay = 0.44>
ST_18 : Operation 469 [1/1] (0.00ns) (grouped into LUT with out node empty_28)   --->   "%select_ln185 = select i1 %cmp199, i32 %mul_ln185, i32 0" [mmult.cpp:185]   --->   Operation 469 'select' 'select_ln185' <Predicate = (icmp_ln145)> <Delay = 0.00> <CoreInst = "Sel">   --->   Core 73 'Sel' <Latency = 0> <II = 1> <Delay = 0.44> <FuncUnit> <Opcode : 'select'> <InPorts = 3> <OutPorts = 1>
ST_18 : Operation 470 [1/1] (0.44ns) (out node of the LUT)   --->   "%empty_28 = select i1 %icmp_ln145, i32 %select_ln185, i32 0" [mmult.cpp:145]   --->   Operation 470 'select' 'empty_28' <Predicate = true> <Delay = 0.44> <CoreInst = "Sel">   --->   Core 73 'Sel' <Latency = 0> <II = 1> <Delay = 0.44> <FuncUnit> <Opcode : 'select'> <InPorts = 3> <OutPorts = 1>

State 19 <SV = 17> <Delay = 2.40>
ST_19 : Operation 471 [1/1] (0.00ns)   --->   "%sext_ln185 = sext i63 %trunc_ln185_1" [mmult.cpp:185]   --->   Operation 471 'sext' 'sext_ln185' <Predicate = true> <Delay = 0.00>
ST_19 : Operation 472 [1/1] (0.00ns)   --->   "%gmem2_addr = getelementptr i16 %gmem2, i64 %sext_ln185" [mmult.cpp:185]   --->   Operation 472 'getelementptr' 'gmem2_addr' <Predicate = true> <Delay = 0.00>
ST_19 : Operation 473 [1/1] (2.40ns)   --->   "%empty_29 = writereq i1 @_ssdm_op_WriteReq.m_axi.p1i16, i16 %gmem2_addr, i32 %empty_28" [mmult.cpp:185]   --->   Operation 473 'writereq' 'empty_29' <Predicate = true> <Delay = 2.40> <CoreInst = "m_axi">   --->   Core 121 'm_axi' <Latency = 0> <II = 1> <Delay = 1.00> <Adapter> <Opcode : 'read' 'write' 'readreq' 'writereq' 'writeresp'>

State 20 <SV = 18> <Delay = 0.00>
ST_20 : Operation 474 [1/1] (0.00ns)   --->   "%localC_0_load = load i16 %localC_0"   --->   Operation 474 'load' 'localC_0_load' <Predicate = true> <Delay = 0.00>
ST_20 : Operation 475 [1/1] (0.00ns)   --->   "%localC_1_0_load = load i16 %localC_1_0"   --->   Operation 475 'load' 'localC_1_0_load' <Predicate = true> <Delay = 0.00>
ST_20 : Operation 476 [1/1] (0.00ns)   --->   "%localC_2_0_load = load i16 %localC_2_0"   --->   Operation 476 'load' 'localC_2_0_load' <Predicate = true> <Delay = 0.00>
ST_20 : Operation 477 [1/1] (0.00ns)   --->   "%localC_3_0_load = load i16 %localC_3_0"   --->   Operation 477 'load' 'localC_3_0_load' <Predicate = true> <Delay = 0.00>
ST_20 : Operation 478 [1/1] (0.00ns)   --->   "%localC_4_0_load = load i16 %localC_4_0"   --->   Operation 478 'load' 'localC_4_0_load' <Predicate = true> <Delay = 0.00>
ST_20 : Operation 479 [1/1] (0.00ns)   --->   "%localC_5_0_load = load i16 %localC_5_0"   --->   Operation 479 'load' 'localC_5_0_load' <Predicate = true> <Delay = 0.00>
ST_20 : Operation 480 [1/1] (0.00ns)   --->   "%localC_6_0_load = load i16 %localC_6_0"   --->   Operation 480 'load' 'localC_6_0_load' <Predicate = true> <Delay = 0.00>
ST_20 : Operation 481 [1/1] (0.00ns)   --->   "%localC_7_0_load = load i16 %localC_7_0"   --->   Operation 481 'load' 'localC_7_0_load' <Predicate = true> <Delay = 0.00>
ST_20 : Operation 482 [1/1] (0.00ns)   --->   "%localC_8_0_load = load i16 %localC_8_0"   --->   Operation 482 'load' 'localC_8_0_load' <Predicate = true> <Delay = 0.00>
ST_20 : Operation 483 [1/1] (0.00ns)   --->   "%localC_9_0_load = load i16 %localC_9_0"   --->   Operation 483 'load' 'localC_9_0_load' <Predicate = true> <Delay = 0.00>
ST_20 : Operation 484 [1/1] (0.00ns)   --->   "%localC_10_0_load = load i16 %localC_10_0"   --->   Operation 484 'load' 'localC_10_0_load' <Predicate = true> <Delay = 0.00>
ST_20 : Operation 485 [1/1] (0.00ns)   --->   "%localC_11_0_load = load i16 %localC_11_0"   --->   Operation 485 'load' 'localC_11_0_load' <Predicate = true> <Delay = 0.00>
ST_20 : Operation 486 [1/1] (0.00ns)   --->   "%localC_12_0_load = load i16 %localC_12_0"   --->   Operation 486 'load' 'localC_12_0_load' <Predicate = true> <Delay = 0.00>
ST_20 : Operation 487 [1/1] (0.00ns)   --->   "%localC_13_0_load = load i16 %localC_13_0"   --->   Operation 487 'load' 'localC_13_0_load' <Predicate = true> <Delay = 0.00>
ST_20 : Operation 488 [1/1] (0.00ns)   --->   "%localC_14_0_load = load i16 %localC_14_0"   --->   Operation 488 'load' 'localC_14_0_load' <Predicate = true> <Delay = 0.00>
ST_20 : Operation 489 [1/1] (0.00ns)   --->   "%localC_15_0_load = load i16 %localC_15_0"   --->   Operation 489 'load' 'localC_15_0_load' <Predicate = true> <Delay = 0.00>
ST_20 : Operation 490 [1/1] (0.00ns)   --->   "%localC_16_0_load = load i16 %localC_16_0"   --->   Operation 490 'load' 'localC_16_0_load' <Predicate = true> <Delay = 0.00>
ST_20 : Operation 491 [1/1] (0.00ns)   --->   "%localC_17_0_load = load i16 %localC_17_0"   --->   Operation 491 'load' 'localC_17_0_load' <Predicate = true> <Delay = 0.00>
ST_20 : Operation 492 [1/1] (0.00ns)   --->   "%localC_18_0_load = load i16 %localC_18_0"   --->   Operation 492 'load' 'localC_18_0_load' <Predicate = true> <Delay = 0.00>
ST_20 : Operation 493 [1/1] (0.00ns)   --->   "%localC_19_0_load = load i16 %localC_19_0"   --->   Operation 493 'load' 'localC_19_0_load' <Predicate = true> <Delay = 0.00>
ST_20 : Operation 494 [1/1] (0.00ns)   --->   "%localC_20_0_load = load i16 %localC_20_0"   --->   Operation 494 'load' 'localC_20_0_load' <Predicate = true> <Delay = 0.00>
ST_20 : Operation 495 [1/1] (0.00ns)   --->   "%localC_21_0_load = load i16 %localC_21_0"   --->   Operation 495 'load' 'localC_21_0_load' <Predicate = true> <Delay = 0.00>
ST_20 : Operation 496 [1/1] (0.00ns)   --->   "%localC_22_0_load = load i16 %localC_22_0"   --->   Operation 496 'load' 'localC_22_0_load' <Predicate = true> <Delay = 0.00>
ST_20 : Operation 497 [1/1] (0.00ns)   --->   "%localC_23_0_load = load i16 %localC_23_0"   --->   Operation 497 'load' 'localC_23_0_load' <Predicate = true> <Delay = 0.00>
ST_20 : Operation 498 [1/1] (0.00ns)   --->   "%localC_24_0_load = load i16 %localC_24_0"   --->   Operation 498 'load' 'localC_24_0_load' <Predicate = true> <Delay = 0.00>
ST_20 : Operation 499 [1/1] (0.00ns)   --->   "%localC_25_0_load = load i16 %localC_25_0"   --->   Operation 499 'load' 'localC_25_0_load' <Predicate = true> <Delay = 0.00>
ST_20 : Operation 500 [1/1] (0.00ns)   --->   "%localC_26_0_load = load i16 %localC_26_0"   --->   Operation 500 'load' 'localC_26_0_load' <Predicate = true> <Delay = 0.00>
ST_20 : Operation 501 [1/1] (0.00ns)   --->   "%localC_27_0_load = load i16 %localC_27_0"   --->   Operation 501 'load' 'localC_27_0_load' <Predicate = true> <Delay = 0.00>
ST_20 : Operation 502 [1/1] (0.00ns)   --->   "%localC_28_0_load = load i16 %localC_28_0"   --->   Operation 502 'load' 'localC_28_0_load' <Predicate = true> <Delay = 0.00>
ST_20 : Operation 503 [1/1] (0.00ns)   --->   "%localC_29_0_load = load i16 %localC_29_0"   --->   Operation 503 'load' 'localC_29_0_load' <Predicate = true> <Delay = 0.00>
ST_20 : Operation 504 [1/1] (0.00ns)   --->   "%localC_30_0_load = load i16 %localC_30_0"   --->   Operation 504 'load' 'localC_30_0_load' <Predicate = true> <Delay = 0.00>
ST_20 : Operation 505 [1/1] (0.00ns)   --->   "%localC_31_0_load = load i16 %localC_31_0"   --->   Operation 505 'load' 'localC_31_0_load' <Predicate = true> <Delay = 0.00>
ST_20 : Operation 506 [1/1] (0.00ns)   --->   "%localC_32_0_load = load i16 %localC_32_0"   --->   Operation 506 'load' 'localC_32_0_load' <Predicate = true> <Delay = 0.00>
ST_20 : Operation 507 [1/1] (0.00ns)   --->   "%localC_33_0_load = load i16 %localC_33_0"   --->   Operation 507 'load' 'localC_33_0_load' <Predicate = true> <Delay = 0.00>
ST_20 : Operation 508 [1/1] (0.00ns)   --->   "%localC_34_0_load = load i16 %localC_34_0"   --->   Operation 508 'load' 'localC_34_0_load' <Predicate = true> <Delay = 0.00>
ST_20 : Operation 509 [1/1] (0.00ns)   --->   "%localC_35_0_load = load i16 %localC_35_0"   --->   Operation 509 'load' 'localC_35_0_load' <Predicate = true> <Delay = 0.00>
ST_20 : Operation 510 [1/1] (0.00ns)   --->   "%localC_36_0_load = load i16 %localC_36_0"   --->   Operation 510 'load' 'localC_36_0_load' <Predicate = true> <Delay = 0.00>
ST_20 : Operation 511 [1/1] (0.00ns)   --->   "%localC_37_0_load = load i16 %localC_37_0"   --->   Operation 511 'load' 'localC_37_0_load' <Predicate = true> <Delay = 0.00>
ST_20 : Operation 512 [1/1] (0.00ns)   --->   "%localC_38_0_load = load i16 %localC_38_0"   --->   Operation 512 'load' 'localC_38_0_load' <Predicate = true> <Delay = 0.00>
ST_20 : Operation 513 [1/1] (0.00ns)   --->   "%localC_39_0_load = load i16 %localC_39_0"   --->   Operation 513 'load' 'localC_39_0_load' <Predicate = true> <Delay = 0.00>
ST_20 : Operation 514 [1/1] (0.00ns)   --->   "%localC_40_0_load = load i16 %localC_40_0"   --->   Operation 514 'load' 'localC_40_0_load' <Predicate = true> <Delay = 0.00>
ST_20 : Operation 515 [1/1] (0.00ns)   --->   "%localC_41_0_load = load i16 %localC_41_0"   --->   Operation 515 'load' 'localC_41_0_load' <Predicate = true> <Delay = 0.00>
ST_20 : Operation 516 [1/1] (0.00ns)   --->   "%localC_42_0_load = load i16 %localC_42_0"   --->   Operation 516 'load' 'localC_42_0_load' <Predicate = true> <Delay = 0.00>
ST_20 : Operation 517 [1/1] (0.00ns)   --->   "%localC_43_0_load = load i16 %localC_43_0"   --->   Operation 517 'load' 'localC_43_0_load' <Predicate = true> <Delay = 0.00>
ST_20 : Operation 518 [1/1] (0.00ns)   --->   "%localC_44_0_load = load i16 %localC_44_0"   --->   Operation 518 'load' 'localC_44_0_load' <Predicate = true> <Delay = 0.00>
ST_20 : Operation 519 [1/1] (0.00ns)   --->   "%localC_45_0_load = load i16 %localC_45_0"   --->   Operation 519 'load' 'localC_45_0_load' <Predicate = true> <Delay = 0.00>
ST_20 : Operation 520 [1/1] (0.00ns)   --->   "%localC_46_0_load = load i16 %localC_46_0"   --->   Operation 520 'load' 'localC_46_0_load' <Predicate = true> <Delay = 0.00>
ST_20 : Operation 521 [1/1] (0.00ns)   --->   "%localC_47_0_load = load i16 %localC_47_0"   --->   Operation 521 'load' 'localC_47_0_load' <Predicate = true> <Delay = 0.00>
ST_20 : Operation 522 [1/1] (0.00ns)   --->   "%localC_48_0_load = load i16 %localC_48_0"   --->   Operation 522 'load' 'localC_48_0_load' <Predicate = true> <Delay = 0.00>
ST_20 : Operation 523 [1/1] (0.00ns)   --->   "%localC_49_0_load = load i16 %localC_49_0"   --->   Operation 523 'load' 'localC_49_0_load' <Predicate = true> <Delay = 0.00>
ST_20 : Operation 524 [1/1] (0.00ns)   --->   "%localC_50_0_load = load i16 %localC_50_0"   --->   Operation 524 'load' 'localC_50_0_load' <Predicate = true> <Delay = 0.00>
ST_20 : Operation 525 [1/1] (0.00ns)   --->   "%localC_51_0_load = load i16 %localC_51_0"   --->   Operation 525 'load' 'localC_51_0_load' <Predicate = true> <Delay = 0.00>
ST_20 : Operation 526 [1/1] (0.00ns)   --->   "%localC_52_0_load = load i16 %localC_52_0"   --->   Operation 526 'load' 'localC_52_0_load' <Predicate = true> <Delay = 0.00>
ST_20 : Operation 527 [1/1] (0.00ns)   --->   "%localC_53_0_load = load i16 %localC_53_0"   --->   Operation 527 'load' 'localC_53_0_load' <Predicate = true> <Delay = 0.00>
ST_20 : Operation 528 [1/1] (0.00ns)   --->   "%localC_54_0_load = load i16 %localC_54_0"   --->   Operation 528 'load' 'localC_54_0_load' <Predicate = true> <Delay = 0.00>
ST_20 : Operation 529 [1/1] (0.00ns)   --->   "%localC_55_0_load = load i16 %localC_55_0"   --->   Operation 529 'load' 'localC_55_0_load' <Predicate = true> <Delay = 0.00>
ST_20 : Operation 530 [1/1] (0.00ns)   --->   "%localC_56_0_load = load i16 %localC_56_0"   --->   Operation 530 'load' 'localC_56_0_load' <Predicate = true> <Delay = 0.00>
ST_20 : Operation 531 [1/1] (0.00ns)   --->   "%localC_57_0_load = load i16 %localC_57_0"   --->   Operation 531 'load' 'localC_57_0_load' <Predicate = true> <Delay = 0.00>
ST_20 : Operation 532 [1/1] (0.00ns)   --->   "%localC_58_0_load = load i16 %localC_58_0"   --->   Operation 532 'load' 'localC_58_0_load' <Predicate = true> <Delay = 0.00>
ST_20 : Operation 533 [1/1] (0.00ns)   --->   "%localC_59_0_load = load i16 %localC_59_0"   --->   Operation 533 'load' 'localC_59_0_load' <Predicate = true> <Delay = 0.00>
ST_20 : Operation 534 [1/1] (0.00ns)   --->   "%localC_60_0_load = load i16 %localC_60_0"   --->   Operation 534 'load' 'localC_60_0_load' <Predicate = true> <Delay = 0.00>
ST_20 : Operation 535 [1/1] (0.00ns)   --->   "%localC_61_0_load = load i16 %localC_61_0"   --->   Operation 535 'load' 'localC_61_0_load' <Predicate = true> <Delay = 0.00>
ST_20 : Operation 536 [1/1] (0.00ns)   --->   "%localC_62_0_load = load i16 %localC_62_0"   --->   Operation 536 'load' 'localC_62_0_load' <Predicate = true> <Delay = 0.00>
ST_20 : Operation 537 [1/1] (0.00ns)   --->   "%localC_63_0_load = load i16 %localC_63_0"   --->   Operation 537 'load' 'localC_63_0_load' <Predicate = true> <Delay = 0.00>
ST_20 : Operation 538 [2/2] (0.00ns)   --->   "%call_ln185 = call void @mmult_Pipeline_writeC_VITIS_LOOP_187_5, i16 %gmem2, i32 %b_col_read, i64 %mul_ln185_1, i63 %trunc_ln185_1, i16 %localC_0_load, i16 %localC_1_0_load, i16 %localC_2_0_load, i16 %localC_3_0_load, i16 %localC_4_0_load, i16 %localC_5_0_load, i16 %localC_6_0_load, i16 %localC_7_0_load, i16 %localC_8_0_load, i16 %localC_9_0_load, i16 %localC_10_0_load, i16 %localC_11_0_load, i16 %localC_12_0_load, i16 %localC_13_0_load, i16 %localC_14_0_load, i16 %localC_15_0_load, i16 %localC_16_0_load, i16 %localC_17_0_load, i16 %localC_18_0_load, i16 %localC_19_0_load, i16 %localC_20_0_load, i16 %localC_21_0_load, i16 %localC_22_0_load, i16 %localC_23_0_load, i16 %localC_24_0_load, i16 %localC_25_0_load, i16 %localC_26_0_load, i16 %localC_27_0_load, i16 %localC_28_0_load, i16 %localC_29_0_load, i16 %localC_30_0_load, i16 %localC_31_0_load, i16 %localC_32_0_load, i16 %localC_33_0_load, i16 %localC_34_0_load, i16 %localC_35_0_load, i16 %localC_36_0_load, i16 %localC_37_0_load, i16 %localC_38_0_load, i16 %localC_39_0_load, i16 %localC_40_0_load, i16 %localC_41_0_load, i16 %localC_42_0_load, i16 %localC_43_0_load, i16 %localC_44_0_load, i16 %localC_45_0_load, i16 %localC_46_0_load, i16 %localC_47_0_load, i16 %localC_48_0_load, i16 %localC_49_0_load, i16 %localC_50_0_load, i16 %localC_51_0_load, i16 %localC_52_0_load, i16 %localC_53_0_load, i16 %localC_54_0_load, i16 %localC_55_0_load, i16 %localC_56_0_load, i16 %localC_57_0_load, i16 %localC_58_0_load, i16 %localC_59_0_load, i16 %localC_60_0_load, i16 %localC_61_0_load, i16 %localC_62_0_load, i16 %localC_63_0_load" [mmult.cpp:185]   --->   Operation 538 'call' 'call_ln185' <Predicate = true> <Delay = 0.00> <CoreType = "Generic">   --->   Core 0 '' <Latency = 0> <II = 1> <Delay = 1.00> <Generic> <Opcode : >

State 21 <SV = 19> <Delay = 0.00>
ST_21 : Operation 539 [1/2] (0.00ns)   --->   "%call_ln185 = call void @mmult_Pipeline_writeC_VITIS_LOOP_187_5, i16 %gmem2, i32 %b_col_read, i64 %mul_ln185_1, i63 %trunc_ln185_1, i16 %localC_0_load, i16 %localC_1_0_load, i16 %localC_2_0_load, i16 %localC_3_0_load, i16 %localC_4_0_load, i16 %localC_5_0_load, i16 %localC_6_0_load, i16 %localC_7_0_load, i16 %localC_8_0_load, i16 %localC_9_0_load, i16 %localC_10_0_load, i16 %localC_11_0_load, i16 %localC_12_0_load, i16 %localC_13_0_load, i16 %localC_14_0_load, i16 %localC_15_0_load, i16 %localC_16_0_load, i16 %localC_17_0_load, i16 %localC_18_0_load, i16 %localC_19_0_load, i16 %localC_20_0_load, i16 %localC_21_0_load, i16 %localC_22_0_load, i16 %localC_23_0_load, i16 %localC_24_0_load, i16 %localC_25_0_load, i16 %localC_26_0_load, i16 %localC_27_0_load, i16 %localC_28_0_load, i16 %localC_29_0_load, i16 %localC_30_0_load, i16 %localC_31_0_load, i16 %localC_32_0_load, i16 %localC_33_0_load, i16 %localC_34_0_load, i16 %localC_35_0_load, i16 %localC_36_0_load, i16 %localC_37_0_load, i16 %localC_38_0_load, i16 %localC_39_0_load, i16 %localC_40_0_load, i16 %localC_41_0_load, i16 %localC_42_0_load, i16 %localC_43_0_load, i16 %localC_44_0_load, i16 %localC_45_0_load, i16 %localC_46_0_load, i16 %localC_47_0_load, i16 %localC_48_0_load, i16 %localC_49_0_load, i16 %localC_50_0_load, i16 %localC_51_0_load, i16 %localC_52_0_load, i16 %localC_53_0_load, i16 %localC_54_0_load, i16 %localC_55_0_load, i16 %localC_56_0_load, i16 %localC_57_0_load, i16 %localC_58_0_load, i16 %localC_59_0_load, i16 %localC_60_0_load, i16 %localC_61_0_load, i16 %localC_62_0_load, i16 %localC_63_0_load" [mmult.cpp:185]   --->   Operation 539 'call' 'call_ln185' <Predicate = true> <Delay = 0.00> <CoreType = "Generic">   --->   Core 0 '' <Latency = 0> <II = 1> <Delay = 1.00> <Generic> <Opcode : >

State 22 <SV = 20> <Delay = 2.40>
ST_22 : Operation 540 [5/5] (2.40ns)   --->   "%empty_30 = writeresp i1 @_ssdm_op_WriteResp.m_axi.p1i16, i16 %gmem2_addr" [mmult.cpp:193]   --->   Operation 540 'writeresp' 'empty_30' <Predicate = true> <Delay = 2.40> <CoreInst = "m_axi">   --->   Core 121 'm_axi' <Latency = 0> <II = 1> <Delay = 1.00> <Adapter> <Opcode : 'read' 'write' 'readreq' 'writereq' 'writeresp'>

State 23 <SV = 21> <Delay = 2.40>
ST_23 : Operation 541 [4/5] (2.40ns)   --->   "%empty_30 = writeresp i1 @_ssdm_op_WriteResp.m_axi.p1i16, i16 %gmem2_addr" [mmult.cpp:193]   --->   Operation 541 'writeresp' 'empty_30' <Predicate = true> <Delay = 2.40> <CoreInst = "m_axi">   --->   Core 121 'm_axi' <Latency = 0> <II = 1> <Delay = 1.00> <Adapter> <Opcode : 'read' 'write' 'readreq' 'writereq' 'writeresp'>

State 24 <SV = 22> <Delay = 2.40>
ST_24 : Operation 542 [3/5] (2.40ns)   --->   "%empty_30 = writeresp i1 @_ssdm_op_WriteResp.m_axi.p1i16, i16 %gmem2_addr" [mmult.cpp:193]   --->   Operation 542 'writeresp' 'empty_30' <Predicate = true> <Delay = 2.40> <CoreInst = "m_axi">   --->   Core 121 'm_axi' <Latency = 0> <II = 1> <Delay = 1.00> <Adapter> <Opcode : 'read' 'write' 'readreq' 'writereq' 'writeresp'>

State 25 <SV = 23> <Delay = 2.40>
ST_25 : Operation 543 [2/5] (2.40ns)   --->   "%empty_30 = writeresp i1 @_ssdm_op_WriteResp.m_axi.p1i16, i16 %gmem2_addr" [mmult.cpp:193]   --->   Operation 543 'writeresp' 'empty_30' <Predicate = true> <Delay = 2.40> <CoreInst = "m_axi">   --->   Core 121 'm_axi' <Latency = 0> <II = 1> <Delay = 1.00> <Adapter> <Opcode : 'read' 'write' 'readreq' 'writereq' 'writeresp'>

State 26 <SV = 24> <Delay = 2.40>
ST_26 : Operation 544 [1/5] (2.40ns)   --->   "%empty_30 = writeresp i1 @_ssdm_op_WriteResp.m_axi.p1i16, i16 %gmem2_addr" [mmult.cpp:193]   --->   Operation 544 'writeresp' 'empty_30' <Predicate = true> <Delay = 2.40> <CoreInst = "m_axi">   --->   Core 121 'm_axi' <Latency = 0> <II = 1> <Delay = 1.00> <Adapter> <Opcode : 'read' 'write' 'readreq' 'writereq' 'writeresp'>
ST_26 : Operation 545 [1/1] (0.00ns)   --->   "%ret_ln193 = ret" [mmult.cpp:193]   --->   Operation 545 'ret' 'ret_ln193' <Predicate = true> <Delay = 0.00>


============================================================
+ Verbose Summary: Timing violations
============================================================
Target clock period: 3.300ns, clock uncertainty: 0.891ns.

 <State 1>: 2.016ns
The critical path consists of the following:
	s_axi read operation ('a_row_read') on port 'a_row' [100]  (1.000 ns)
	'icmp' operation 1 bit ('icmp_ln145', mmult.cpp:145) [136]  (1.016 ns)

 <State 2>: 2.365ns
The critical path consists of the following:
	'mul' operation 32 bit ('mul_ln145', mmult.cpp:145) [138]  (2.365 ns)

 <State 3>: 2.365ns
The critical path consists of the following:
	'mul' operation 32 bit ('mul_ln145', mmult.cpp:145) [138]  (2.365 ns)

 <State 4>: 0.449ns
The critical path consists of the following:
	'select' operation 32 bit ('select_ln145', mmult.cpp:145) [140]  (0.000 ns)
	'select' operation 32 bit ('empty', mmult.cpp:145) [141]  (0.449 ns)

 <State 5>: 2.409ns
The critical path consists of the following:
	'getelementptr' operation 8 bit ('gmem0_addr', mmult.cpp:145) [139]  (0.000 ns)
	bus request operation ('empty_25', mmult.cpp:145) on port 'gmem0' (mmult.cpp:145) [142]  (2.409 ns)

 <State 6>: 2.409ns
The critical path consists of the following:
	bus request operation ('empty_25', mmult.cpp:145) on port 'gmem0' (mmult.cpp:145) [142]  (2.409 ns)

 <State 7>: 2.409ns
The critical path consists of the following:
	bus request operation ('empty_25', mmult.cpp:145) on port 'gmem0' (mmult.cpp:145) [142]  (2.409 ns)

 <State 8>: 2.409ns
The critical path consists of the following:
	bus request operation ('empty_25', mmult.cpp:145) on port 'gmem0' (mmult.cpp:145) [142]  (2.409 ns)

 <State 9>: 2.409ns
The critical path consists of the following:
	bus request operation ('empty_25', mmult.cpp:145) on port 'gmem0' (mmult.cpp:145) [142]  (2.409 ns)

 <State 10>: 2.409ns
The critical path consists of the following:
	bus request operation ('empty_25', mmult.cpp:145) on port 'gmem0' (mmult.cpp:145) [142]  (2.409 ns)

 <State 11>: 2.409ns
The critical path consists of the following:
	bus request operation ('empty_25', mmult.cpp:145) on port 'gmem0' (mmult.cpp:145) [142]  (2.409 ns)

 <State 12>: 2.409ns
The critical path consists of the following:
	bus request operation ('empty_25', mmult.cpp:145) on port 'gmem0' (mmult.cpp:145) [142]  (2.409 ns)

 <State 13>: 2.365ns
The critical path consists of the following:
	'mul' operation 64 bit ('mul_ln107', mmult.cpp:107) [145]  (2.365 ns)

 <State 14>: 0.000ns
The critical path consists of the following:

 <State 15>: 2.365ns
The critical path consists of the following:
	'mul' operation 32 bit ('mul_ln185', mmult.cpp:185) [493]  (2.365 ns)

 <State 16>: 0.854ns
The critical path consists of the following:
	'call' operation 1024 bit ('call_ret', mmult.cpp:179) to 'tile_process' [297]  (0.427 ns)
	'store' operation 0 bit ('store_ln179', mmult.cpp:179) of variable 'localC', mmult.cpp:179 on local variable 'localC_63_0' [362]  (0.427 ns)

 <State 17>: 2.365ns
The critical path consists of the following:
	'mul' operation 32 bit ('mul_ln185', mmult.cpp:185) [493]  (2.365 ns)

 <State 18>: 0.449ns
The critical path consists of the following:
	'select' operation 32 bit ('select_ln185', mmult.cpp:185) [497]  (0.000 ns)
	'select' operation 32 bit ('empty_28', mmult.cpp:145) [498]  (0.449 ns)

 <State 19>: 2.409ns
The critical path consists of the following:
	'getelementptr' operation 16 bit ('gmem2_addr', mmult.cpp:185) [496]  (0.000 ns)
	bus request operation ('empty_29', mmult.cpp:185) on port 'gmem2' (mmult.cpp:185) [499]  (2.409 ns)

 <State 20>: 0.000ns
The critical path consists of the following:

 <State 21>: 0.000ns
The critical path consists of the following:

 <State 22>: 2.409ns
The critical path consists of the following:
	bus response operation ('empty_30', mmult.cpp:193) on port 'gmem2' (mmult.cpp:193) [502]  (2.409 ns)

 <State 23>: 2.409ns
The critical path consists of the following:
	bus response operation ('empty_30', mmult.cpp:193) on port 'gmem2' (mmult.cpp:193) [502]  (2.409 ns)

 <State 24>: 2.409ns
The critical path consists of the following:
	bus response operation ('empty_30', mmult.cpp:193) on port 'gmem2' (mmult.cpp:193) [502]  (2.409 ns)

 <State 25>: 2.409ns
The critical path consists of the following:
	bus response operation ('empty_30', mmult.cpp:193) on port 'gmem2' (mmult.cpp:193) [502]  (2.409 ns)

 <State 26>: 2.409ns
The critical path consists of the following:
	bus response operation ('empty_30', mmult.cpp:193) on port 'gmem2' (mmult.cpp:193) [502]  (2.409 ns)


============================================================
+ Verbose Summary: Binding
============================================================
N/A
* FSMD analyzer results:
  - Output states:
 - Input state : 
  - Chain level:
	State 1
	State 2
	State 3
	State 4
	State 5
	State 6
	State 7
	State 8
	State 9
	State 10
	State 11
	State 12
	State 13
	State 14
	State 15
	State 16
	State 17
	State 18
	State 19
	State 20
	State 21
	State 22
	State 23
	State 24
	State 25
	State 26


============================================================
+ Verbose Summary: Datapath Resource usage 
============================================================
N/A
