

================================================================
== Vitis HLS Report for 'mmult'
================================================================
* Date:           Sat Jun  6 17:47:15 2026

* Version:        2023.2 (Build 4023990 on Oct 11 2023)
* Project:        hls_prj
* Solution:       s1 (Vivado IP Flow Target)
* Product family: zynquplus
* Target device:  xck26-sfvc784-2LV-c


================================================================
== Performance Estimates
================================================================
+ Timing: 
    * Summary: 
    +--------+---------+----------+------------+
    |  Clock |  Target | Estimated| Uncertainty|
    +--------+---------+----------+------------+
    |ap_clk  |  3.30 ns|  2.867 ns|     0.89 ns|
    +--------+---------+----------+------------+

+ Latency: 
    * Summary: 
    +---------+---------+----------+----------+-----+-----+---------+
    |  Latency (cycles) |  Latency (absolute) |  Interval | Pipeline|
    |   min   |   max   |    min   |    max   | min | max |   Type  |
    +---------+---------+----------+----------+-----+-----+---------+
    |      170|      226|  0.561 us|  0.746 us|  171|  227|       no|
    +---------+---------+----------+----------+-----+-----+---------+

    + Detail: 
        * Instance: 
        +---------------------------------------------------+----------------------------------------+---------+---------+----------+-----------+-----+-----+---------+
        |                                                   |                                        |  Latency (cycles) |  Latency (absolute)  |  Interval | Pipeline|
        |                      Instance                     |                 Module                 |   min   |   max   |    min   |    max    | min | max |   Type  |
        +---------------------------------------------------+----------------------------------------+---------+---------+----------+-----------+-----+-----+---------+
        |grp_mmult_Pipeline_readA_VITIS_LOOP_147_1_fu_495   |mmult_Pipeline_readA_VITIS_LOOP_147_1   |       67|       67|  0.221 us|   0.221 us|   67|   67|       no|
        |grp_mmult_Pipeline_readB_VITIS_LOOP_158_2_fu_512   |mmult_Pipeline_readB_VITIS_LOOP_158_2   |       67|       67|  0.221 us|   0.221 us|   67|   67|       no|
        |grp_tile_process_fu_529                            |tile_process                            |        1|       15|  3.300 ns|  49.500 ns|    1|   15|       no|
        |grp_mmult_Pipeline_writeC_VITIS_LOOP_187_5_fu_618  |mmult_Pipeline_writeC_VITIS_LOOP_187_5  |       67|       67|  0.221 us|   0.221 us|   67|   67|       no|
        +---------------------------------------------------+----------------------------------------+---------+---------+----------+-----------+-----+-----+---------+

        * Loop: 
        +-------------------+---------+---------+----------+-----------+-----------+------+----------+
        |                   |  Latency (cycles) | Iteration|  Initiation Interval  | Trip |          |
        |     Loop Name     |   min   |   max   |  Latency |  achieved |   target  | Count| Pipelined|
        +-------------------+---------+---------+----------+-----------+-----------+------+----------+
        |- tile_processing  |       12|       68|    3 ~ 17|          -|          -|     4|        no|
        +-------------------+---------+---------+----------+-----------+-----------+------+----------+



================================================================
== Utilization Estimates
================================================================
* Summary: 
+-----------------+---------+------+--------+--------+-----+
|       Name      | BRAM_18K|  DSP |   FF   |   LUT  | URAM|
+-----------------+---------+------+--------+--------+-----+
|DSP              |        -|     -|       -|       -|    -|
|Expression       |        -|     -|       0|     347|    -|
|FIFO             |        -|     -|       -|       -|    -|
|Instance         |        6|    78|    7461|    8763|    0|
|Memory           |        -|     -|     256|      16|    -|
|Multiplexer      |        -|     -|       -|    1397|    -|
|Register         |        -|     -|    2792|       -|    -|
+-----------------+---------+------+--------+--------+-----+
|Total            |        6|    78|   10509|   10523|    0|
+-----------------+---------+------+--------+--------+-----+
|Available        |      288|  1248|  234240|  117120|   64|
+-----------------+---------+------+--------+--------+-----+
|Utilization (%)  |        2|     6|       4|       8|    0|
+-----------------+---------+------+--------+--------+-----+

+ Detail: 
    * Instance: 
    +---------------------------------------------------+----------------------------------------+---------+----+------+------+-----+
    |                      Instance                     |                 Module                 | BRAM_18K| DSP|  FF  |  LUT | URAM|
    +---------------------------------------------------+----------------------------------------+---------+----+------+------+-----+
    |control_s_axi_U                                    |control_s_axi                           |        0|   0|   360|   616|    0|
    |gmem0_m_axi_U                                      |gmem0_m_axi                             |        2|   0|   866|   814|    0|
    |gmem1_m_axi_U                                      |gmem1_m_axi                             |        2|   0|   866|   814|    0|
    |gmem2_m_axi_U                                      |gmem2_m_axi                             |        2|   0|   855|   791|    0|
    |grp_mmult_Pipeline_readA_VITIS_LOOP_147_1_fu_495   |mmult_Pipeline_readA_VITIS_LOOP_147_1   |        0|   0|   127|   333|    0|
    |grp_mmult_Pipeline_readB_VITIS_LOOP_158_2_fu_512   |mmult_Pipeline_readB_VITIS_LOOP_158_2   |        0|   0|   148|   386|    0|
    |grp_mmult_Pipeline_writeC_VITIS_LOOP_187_5_fu_618  |mmult_Pipeline_writeC_VITIS_LOOP_187_5  |        0|   0|   277|   773|    0|
    |mul_32ns_32ns_64_2_1_U416                          |mul_32ns_32ns_64_2_1                    |        0|   4|   165|    49|    0|
    |mul_32ns_32ns_64_2_1_U417                          |mul_32ns_32ns_64_2_1                    |        0|   4|   165|    49|    0|
    |mul_32s_32s_32_2_1_U418                            |mul_32s_32s_32_2_1                      |        0|   3|   165|    49|    0|
    |mul_32s_32s_32_2_1_U419                            |mul_32s_32s_32_2_1                      |        0|   3|   165|    49|    0|
    |grp_tile_process_fu_529                            |tile_process                            |        0|  64|  3302|  4040|    0|
    +---------------------------------------------------+----------------------------------------+---------+----+------+------+-----+
    |Total                                              |                                        |        6|  78|  7461|  8763|    0|
    +---------------------------------------------------+----------------------------------------+---------+----+------+------+-----+

    * DSP: 
    N/A

    * Memory: 
    +------------+---------------------------+---------+----+----+-----+------+-----+------+-------------+
    |   Memory   |           Module          | BRAM_18K| FF | LUT| URAM| Words| Bits| Banks| W*Bits*Banks|
    +------------+---------------------------+---------+----+----+-----+------+-----+------+-------------+
    |localA_U    |localA_RAM_2P_LUTRAM_1R1W  |        0|  16|   1|    0|     8|    8|     1|           64|
    |localA_1_U  |localA_RAM_2P_LUTRAM_1R1W  |        0|  16|   1|    0|     8|    8|     1|           64|
    |localA_2_U  |localA_RAM_2P_LUTRAM_1R1W  |        0|  16|   1|    0|     8|    8|     1|           64|
    |localA_3_U  |localA_RAM_2P_LUTRAM_1R1W  |        0|  16|   1|    0|     8|    8|     1|           64|
    |localA_4_U  |localA_RAM_2P_LUTRAM_1R1W  |        0|  16|   1|    0|     8|    8|     1|           64|
    |localA_5_U  |localA_RAM_2P_LUTRAM_1R1W  |        0|  16|   1|    0|     8|    8|     1|           64|
    |localA_6_U  |localA_RAM_2P_LUTRAM_1R1W  |        0|  16|   1|    0|     8|    8|     1|           64|
    |localA_7_U  |localA_RAM_2P_LUTRAM_1R1W  |        0|  16|   1|    0|     8|    8|     1|           64|
    |localB_U    |localA_RAM_2P_LUTRAM_1R1W  |        0|  16|   1|    0|     8|    8|     1|           64|
    |localB_1_U  |localA_RAM_2P_LUTRAM_1R1W  |        0|  16|   1|    0|     8|    8|     1|           64|
    |localB_2_U  |localA_RAM_2P_LUTRAM_1R1W  |        0|  16|   1|    0|     8|    8|     1|           64|
    |localB_3_U  |localA_RAM_2P_LUTRAM_1R1W  |        0|  16|   1|    0|     8|    8|     1|           64|
    |localB_4_U  |localA_RAM_2P_LUTRAM_1R1W  |        0|  16|   1|    0|     8|    8|     1|           64|
    |localB_5_U  |localA_RAM_2P_LUTRAM_1R1W  |        0|  16|   1|    0|     8|    8|     1|           64|
    |localB_6_U  |localA_RAM_2P_LUTRAM_1R1W  |        0|  16|   1|    0|     8|    8|     1|           64|
    |localB_7_U  |localA_RAM_2P_LUTRAM_1R1W  |        0|  16|   1|    0|     8|    8|     1|           64|
    +------------+---------------------------+---------+----+----+-----+------+-----+------+-------------+
    |Total       |                           |        0| 256|  16|    0|   128|  128|    16|         1024|
    +------------+---------------------------+---------+----+----+-----+------+-----+------+-------------+

    * FIFO: 
    N/A

    * Expression: 
    +----------------------------------+----------+----+---+----+------------+------------+
    |           Variable Name          | Operation| DSP| FF| LUT| Bitwidth P0| Bitwidth P1|
    +----------------------------------+----------+----+---+----+------------+------------+
    |finish_k_fu_1844_p2               |         +|   0|  0|  12|           4|           2|
    |q_2_fu_1827_p2                    |         +|   0|  0|  10|           3|           1|
    |cmp199_fu_1435_p2                 |      icmp|   0|  0|  39|          32|           1|
    |icmp_ln145_fu_1423_p2             |      icmp|   0|  0|  39|          32|           1|
    |icmp_ln156_fu_1429_p2             |      icmp|   0|  0|  39|          32|           1|
    |icmp_ln176_fu_1821_p2             |      icmp|   0|  0|  12|           3|           4|
    |ap_block_state14_on_subcall_done  |        or|   0|  0|   2|           1|           1|
    |ap_block_state5_io                |        or|   0|  0|   2|           1|           1|
    |empty_26_fu_1786_p3               |    select|   0|  0|  32|           1|          32|
    |empty_28_fu_2448_p3               |    select|   0|  0|  32|           1|          32|
    |empty_fu_1773_p3                  |    select|   0|  0|  32|           1|          32|
    |select_ln145_fu_1766_p3           |    select|   0|  0|  32|           1|          32|
    |select_ln156_fu_1780_p3           |    select|   0|  0|  32|           1|          32|
    |select_ln185_fu_2441_p3           |    select|   0|  0|  32|           1|          32|
    +----------------------------------+----------+----+---+----+------------+------------+
    |Total                             |          |   0|  0| 347|         114|         204|
    +----------------------------------+----------+----+---+----+------------+------------+

    * Multiplexer: 
    +--------------------+-----+-----------+-----+-----------+
    |        Name        | LUT | Input Size| Bits| Total Bits|
    +--------------------+-----+-----------+-----+-----------+
    |ap_NS_fsm           |  135|         27|    1|         27|
    |gmem0_ARADDR        |   14|          3|   64|        192|
    |gmem0_ARLEN         |   14|          3|   32|         96|
    |gmem0_ARVALID       |   14|          3|    1|          3|
    |gmem0_RREADY        |    9|          2|    1|          2|
    |gmem0_blk_n_AR      |    9|          2|    1|          2|
    |gmem1_ARADDR        |   14|          3|   64|        192|
    |gmem1_ARLEN         |   14|          3|   32|         96|
    |gmem1_ARVALID       |   14|          3|    1|          3|
    |gmem1_RREADY        |    9|          2|    1|          2|
    |gmem1_blk_n_AR      |    9|          2|    1|          2|
    |gmem2_AWADDR        |   14|          3|   64|        192|
    |gmem2_AWLEN         |   14|          3|   32|         96|
    |gmem2_AWVALID       |   14|          3|    1|          3|
    |gmem2_BREADY        |   14|          3|    1|          3|
    |gmem2_WVALID        |    9|          2|    1|          2|
    |gmem2_blk_n_AW      |    9|          2|    1|          2|
    |gmem2_blk_n_B       |    9|          2|    1|          2|
    |grp_fu_691_p0       |   14|          3|   32|         96|
    |grp_fu_691_p1       |   14|          3|   32|         96|
    |grp_fu_701_p0       |   14|          3|   32|         96|
    |localA_1_ce0        |    9|          2|    1|          2|
    |localA_1_ce1        |    9|          2|    1|          2|
    |localA_1_we1        |    9|          2|    1|          2|
    |localA_2_ce0        |    9|          2|    1|          2|
    |localA_2_ce1        |    9|          2|    1|          2|
    |localA_2_we1        |    9|          2|    1|          2|
    |localA_3_ce0        |    9|          2|    1|          2|
    |localA_3_ce1        |    9|          2|    1|          2|
    |localA_3_we1        |    9|          2|    1|          2|
    |localA_4_ce0        |    9|          2|    1|          2|
    |localA_4_ce1        |    9|          2|    1|          2|
    |localA_4_we1        |    9|          2|    1|          2|
    |localA_5_ce0        |    9|          2|    1|          2|
    |localA_5_ce1        |    9|          2|    1|          2|
    |localA_5_we1        |    9|          2|    1|          2|
    |localA_6_ce0        |    9|          2|    1|          2|
    |localA_6_ce1        |    9|          2|    1|          2|
    |localA_6_we1        |    9|          2|    1|          2|
    |localA_7_ce0        |    9|          2|    1|          2|
    |localA_7_ce1        |    9|          2|    1|          2|
    |localA_7_we1        |    9|          2|    1|          2|
    |localA_ce0          |    9|          2|    1|          2|
    |localA_ce1          |    9|          2|    1|          2|
    |localA_we1          |    9|          2|    1|          2|
    |localB_1_ce0        |    9|          2|    1|          2|
    |localB_1_ce1        |    9|          2|    1|          2|
    |localB_1_we1        |    9|          2|    1|          2|
    |localB_2_ce0        |    9|          2|    1|          2|
    |localB_2_ce1        |    9|          2|    1|          2|
    |localB_2_we1        |    9|          2|    1|          2|
    |localB_3_ce0        |    9|          2|    1|          2|
    |localB_3_ce1        |    9|          2|    1|          2|
    |localB_3_we1        |    9|          2|    1|          2|
    |localB_4_ce0        |    9|          2|    1|          2|
    |localB_4_ce1        |    9|          2|    1|          2|
    |localB_4_we1        |    9|          2|    1|          2|
    |localB_5_ce0        |    9|          2|    1|          2|
    |localB_5_ce1        |    9|          2|    1|          2|
    |localB_5_we1        |    9|          2|    1|          2|
    |localB_6_ce0        |    9|          2|    1|          2|
    |localB_6_ce1        |    9|          2|    1|          2|
    |localB_6_we1        |    9|          2|    1|          2|
    |localB_7_ce0        |    9|          2|    1|          2|
    |localB_7_ce1        |    9|          2|    1|          2|
    |localB_7_we1        |    9|          2|    1|          2|
    |localB_ce0          |    9|          2|    1|          2|
    |localB_ce1          |    9|          2|    1|          2|
    |localB_we1          |    9|          2|    1|          2|
    |localC_0_fu_120     |    9|          2|   16|         32|
    |localC_10_0_fu_160  |    9|          2|   16|         32|
    |localC_11_0_fu_164  |    9|          2|   16|         32|
    |localC_12_0_fu_168  |    9|          2|   16|         32|
    |localC_13_0_fu_172  |    9|          2|   16|         32|
    |localC_14_0_fu_176  |    9|          2|   16|         32|
    |localC_15_0_fu_180  |    9|          2|   16|         32|
    |localC_16_0_fu_184  |    9|          2|   16|         32|
    |localC_17_0_fu_188  |    9|          2|   16|         32|
    |localC_18_0_fu_192  |    9|          2|   16|         32|
    |localC_19_0_fu_196  |    9|          2|   16|         32|
    |localC_1_0_fu_124   |    9|          2|   16|         32|
    |localC_20_0_fu_200  |    9|          2|   16|         32|
    |localC_21_0_fu_204  |    9|          2|   16|         32|
    |localC_22_0_fu_208  |    9|          2|   16|         32|
    |localC_23_0_fu_212  |    9|          2|   16|         32|
    |localC_24_0_fu_216  |    9|          2|   16|         32|
    |localC_25_0_fu_220  |    9|          2|   16|         32|
    |localC_26_0_fu_224  |    9|          2|   16|         32|
    |localC_27_0_fu_228  |    9|          2|   16|         32|
    |localC_28_0_fu_232  |    9|          2|   16|         32|
    |localC_29_0_fu_236  |    9|          2|   16|         32|
    |localC_2_0_fu_128   |    9|          2|   16|         32|
    |localC_30_0_fu_240  |    9|          2|   16|         32|
    |localC_31_0_fu_244  |    9|          2|   16|         32|
    |localC_32_0_fu_248  |    9|          2|   16|         32|
    |localC_33_0_fu_252  |    9|          2|   16|         32|
    |localC_34_0_fu_256  |    9|          2|   16|         32|
    |localC_35_0_fu_260  |    9|          2|   16|         32|
    |localC_36_0_fu_264  |    9|          2|   16|         32|
    |localC_37_0_fu_268  |    9|          2|   16|         32|
    |localC_38_0_fu_272  |    9|          2|   16|         32|
    |localC_39_0_fu_276  |    9|          2|   16|         32|
    |localC_3_0_fu_132   |    9|          2|   16|         32|
    |localC_40_0_fu_280  |    9|          2|   16|         32|
    |localC_41_0_fu_284  |    9|          2|   16|         32|
    |localC_42_0_fu_288  |    9|          2|   16|         32|
    |localC_43_0_fu_292  |    9|          2|   16|         32|
    |localC_44_0_fu_296  |    9|          2|   16|         32|
    |localC_45_0_fu_300  |    9|          2|   16|         32|
    |localC_46_0_fu_304  |    9|          2|   16|         32|
    |localC_47_0_fu_308  |    9|          2|   16|         32|
    |localC_48_0_fu_312  |    9|          2|   16|         32|
    |localC_49_0_fu_316  |    9|          2|   16|         32|
    |localC_4_0_fu_136   |    9|          2|   16|         32|
    |localC_50_0_fu_320  |    9|          2|   16|         32|
    |localC_51_0_fu_324  |    9|          2|   16|         32|
    |localC_52_0_fu_328  |    9|          2|   16|         32|
    |localC_53_0_fu_332  |    9|          2|   16|         32|
    |localC_54_0_fu_336  |    9|          2|   16|         32|
    |localC_55_0_fu_340  |    9|          2|   16|         32|
    |localC_56_0_fu_344  |    9|          2|   16|         32|
    |localC_57_0_fu_348  |    9|          2|   16|         32|
    |localC_58_0_fu_352  |    9|          2|   16|         32|
    |localC_59_0_fu_356  |    9|          2|   16|         32|
    |localC_5_0_fu_140   |    9|          2|   16|         32|
    |localC_60_0_fu_360  |    9|          2|   16|         32|
    |localC_61_0_fu_364  |    9|          2|   16|         32|
    |localC_62_0_fu_368  |    9|          2|   16|         32|
    |localC_63_0_fu_372  |    9|          2|   16|         32|
    |localC_6_0_fu_144   |    9|          2|   16|         32|
    |localC_7_0_fu_148   |    9|          2|   16|         32|
    |localC_8_0_fu_152   |    9|          2|   16|         32|
    |localC_9_0_fu_156   |    9|          2|   16|         32|
    |q_fu_116            |    9|          2|    3|          6|
    +--------------------+-----+-----------+-----+-----------+
    |Total               | 1397|        306| 1471|       3355|
    +--------------------+-----+-----------+-----+-----------+

    * Register: 
    +----------------------------------------------------------------+----+----+-----+-----------+
    |                              Name                              | FF | LUT| Bits| Const Bits|
    +----------------------------------------------------------------+----+----+-----+-----------+
    |a_col_read_reg_2930                                             |  32|   0|   32|          0|
    |a_read_reg_2957                                                 |  64|   0|   64|          0|
    |a_row_read_reg_2939                                             |  32|   0|   32|          0|
    |ap_CS_fsm                                                       |  26|   0|   26|          0|
    |b_col_read_reg_2920                                             |  32|   0|   32|          0|
    |b_read_reg_2951                                                 |  64|   0|   64|          0|
    |c_read_reg_2946                                                 |  64|   0|   64|          0|
    |cmp199_reg_2975                                                 |   1|   0|    1|          0|
    |empty_26_reg_2991                                               |  32|   0|   32|          0|
    |empty_28_reg_3047                                               |  32|   0|   32|          0|
    |empty_reg_2986                                                  |  32|   0|   32|          0|
    |finish_k_reg_3036                                               |   3|   0|    4|          1|
    |grp_mmult_Pipeline_readA_VITIS_LOOP_147_1_fu_495_ap_start_reg   |   1|   0|    1|          0|
    |grp_mmult_Pipeline_readB_VITIS_LOOP_158_2_fu_512_ap_start_reg   |   1|   0|    1|          0|
    |grp_mmult_Pipeline_writeC_VITIS_LOOP_187_5_fu_618_ap_start_reg  |   1|   0|    1|          0|
    |grp_tile_process_fu_529_ap_start_reg                            |   1|   0|    1|          0|
    |icmp_ln145_reg_2963                                             |   1|   0|    1|          0|
    |icmp_ln156_reg_2969                                             |   1|   0|    1|          0|
    |localC_0_fu_120                                                 |  16|   0|   16|          0|
    |localC_10_0_fu_160                                              |  16|   0|   16|          0|
    |localC_11_0_fu_164                                              |  16|   0|   16|          0|
    |localC_12_0_fu_168                                              |  16|   0|   16|          0|
    |localC_13_0_fu_172                                              |  16|   0|   16|          0|
    |localC_14_0_fu_176                                              |  16|   0|   16|          0|
    |localC_15_0_fu_180                                              |  16|   0|   16|          0|
    |localC_16_0_fu_184                                              |  16|   0|   16|          0|
    |localC_17_0_fu_188                                              |  16|   0|   16|          0|
    |localC_18_0_fu_192                                              |  16|   0|   16|          0|
    |localC_19_0_fu_196                                              |  16|   0|   16|          0|
    |localC_1_0_fu_124                                               |  16|   0|   16|          0|
    |localC_20_0_fu_200                                              |  16|   0|   16|          0|
    |localC_21_0_fu_204                                              |  16|   0|   16|          0|
    |localC_22_0_fu_208                                              |  16|   0|   16|          0|
    |localC_23_0_fu_212                                              |  16|   0|   16|          0|
    |localC_24_0_fu_216                                              |  16|   0|   16|          0|
    |localC_25_0_fu_220                                              |  16|   0|   16|          0|
    |localC_26_0_fu_224                                              |  16|   0|   16|          0|
    |localC_27_0_fu_228                                              |  16|   0|   16|          0|
    |localC_28_0_fu_232                                              |  16|   0|   16|          0|
    |localC_29_0_fu_236                                              |  16|   0|   16|          0|
    |localC_2_0_fu_128                                               |  16|   0|   16|          0|
    |localC_30_0_fu_240                                              |  16|   0|   16|          0|
    |localC_31_0_fu_244                                              |  16|   0|   16|          0|
    |localC_32_0_fu_248                                              |  16|   0|   16|          0|
    |localC_33_0_fu_252                                              |  16|   0|   16|          0|
    |localC_34_0_fu_256                                              |  16|   0|   16|          0|
    |localC_35_0_fu_260                                              |  16|   0|   16|          0|
    |localC_36_0_fu_264                                              |  16|   0|   16|          0|
    |localC_37_0_fu_268                                              |  16|   0|   16|          0|
    |localC_38_0_fu_272                                              |  16|   0|   16|          0|
    |localC_39_0_fu_276                                              |  16|   0|   16|          0|
    |localC_3_0_fu_132                                               |  16|   0|   16|          0|
    |localC_40_0_fu_280                                              |  16|   0|   16|          0|
    |localC_41_0_fu_284                                              |  16|   0|   16|          0|
    |localC_42_0_fu_288                                              |  16|   0|   16|          0|
    |localC_43_0_fu_292                                              |  16|   0|   16|          0|
    |localC_44_0_fu_296                                              |  16|   0|   16|          0|
    |localC_45_0_fu_300                                              |  16|   0|   16|          0|
    |localC_46_0_fu_304                                              |  16|   0|   16|          0|
    |localC_47_0_fu_308                                              |  16|   0|   16|          0|
    |localC_48_0_fu_312                                              |  16|   0|   16|          0|
    |localC_49_0_fu_316                                              |  16|   0|   16|          0|
    |localC_4_0_fu_136                                               |  16|   0|   16|          0|
    |localC_50_0_fu_320                                              |  16|   0|   16|          0|
    |localC_51_0_fu_324                                              |  16|   0|   16|          0|
    |localC_52_0_fu_328                                              |  16|   0|   16|          0|
    |localC_53_0_fu_332                                              |  16|   0|   16|          0|
    |localC_54_0_fu_336                                              |  16|   0|   16|          0|
    |localC_55_0_fu_340                                              |  16|   0|   16|          0|
    |localC_56_0_fu_344                                              |  16|   0|   16|          0|
    |localC_57_0_fu_348                                              |  16|   0|   16|          0|
    |localC_58_0_fu_352                                              |  16|   0|   16|          0|
    |localC_59_0_fu_356                                              |  16|   0|   16|          0|
    |localC_5_0_fu_140                                               |  16|   0|   16|          0|
    |localC_60_0_fu_360                                              |  16|   0|   16|          0|
    |localC_61_0_fu_364                                              |  16|   0|   16|          0|
    |localC_62_0_fu_368                                              |  16|   0|   16|          0|
    |localC_63_0_fu_372                                              |  16|   0|   16|          0|
    |localC_6_0_fu_144                                               |  16|   0|   16|          0|
    |localC_7_0_fu_148                                               |  16|   0|   16|          0|
    |localC_8_0_fu_152                                               |  16|   0|   16|          0|
    |localC_9_0_fu_156                                               |  16|   0|   16|          0|
    |mul_ln145_1_reg_3023                                            |  64|   0|   64|          0|
    |mul_ln156_reg_2981                                              |  32|   0|   32|          0|
    |q_fu_116                                                        |   3|   0|    3|          0|
    |reg_1029                                                        |  32|   0|   32|          0|
    |reg_1033                                                        |  64|   0|   64|          0|
    |reg_1039                                                        |  16|   0|   16|          0|
    |reg_1045                                                        |  16|   0|   16|          0|
    |reg_1051                                                        |  16|   0|   16|          0|
    |reg_1057                                                        |  16|   0|   16|          0|
    |reg_1063                                                        |  16|   0|   16|          0|
    |reg_1069                                                        |  16|   0|   16|          0|
    |reg_1075                                                        |  16|   0|   16|          0|
    |reg_1081                                                        |  16|   0|   16|          0|
    |reg_1087                                                        |  16|   0|   16|          0|
    |reg_1093                                                        |  16|   0|   16|          0|
    |reg_1099                                                        |  16|   0|   16|          0|
    |reg_1105                                                        |  16|   0|   16|          0|
    |reg_1111                                                        |  16|   0|   16|          0|
    |reg_1117                                                        |  16|   0|   16|          0|
    |reg_1123                                                        |  16|   0|   16|          0|
    |reg_1129                                                        |  16|   0|   16|          0|
    |reg_1135                                                        |  16|   0|   16|          0|
    |reg_1141                                                        |  16|   0|   16|          0|
    |reg_1147                                                        |  16|   0|   16|          0|
    |reg_1153                                                        |  16|   0|   16|          0|
    |reg_1159                                                        |  16|   0|   16|          0|
    |reg_1165                                                        |  16|   0|   16|          0|
    |reg_1171                                                        |  16|   0|   16|          0|
    |reg_1177                                                        |  16|   0|   16|          0|
    |reg_1183                                                        |  16|   0|   16|          0|
    |reg_1189                                                        |  16|   0|   16|          0|
    |reg_1195                                                        |  16|   0|   16|          0|
    |reg_1201                                                        |  16|   0|   16|          0|
    |reg_1207                                                        |  16|   0|   16|          0|
    |reg_1213                                                        |  16|   0|   16|          0|
    |reg_1219                                                        |  16|   0|   16|          0|
    |reg_1225                                                        |  16|   0|   16|          0|
    |reg_1231                                                        |  16|   0|   16|          0|
    |reg_1237                                                        |  16|   0|   16|          0|
    |reg_1243                                                        |  16|   0|   16|          0|
    |reg_1249                                                        |  16|   0|   16|          0|
    |reg_1255                                                        |  16|   0|   16|          0|
    |reg_1261                                                        |  16|   0|   16|          0|
    |reg_1267                                                        |  16|   0|   16|          0|
    |reg_1273                                                        |  16|   0|   16|          0|
    |reg_1279                                                        |  16|   0|   16|          0|
    |reg_1285                                                        |  16|   0|   16|          0|
    |reg_1291                                                        |  16|   0|   16|          0|
    |reg_1297                                                        |  16|   0|   16|          0|
    |reg_1303                                                        |  16|   0|   16|          0|
    |reg_1309                                                        |  16|   0|   16|          0|
    |reg_1315                                                        |  16|   0|   16|          0|
    |reg_1321                                                        |  16|   0|   16|          0|
    |reg_1327                                                        |  16|   0|   16|          0|
    |reg_1333                                                        |  16|   0|   16|          0|
    |reg_1339                                                        |  16|   0|   16|          0|
    |reg_1345                                                        |  16|   0|   16|          0|
    |reg_1351                                                        |  16|   0|   16|          0|
    |reg_1357                                                        |  16|   0|   16|          0|
    |reg_1363                                                        |  16|   0|   16|          0|
    |reg_1369                                                        |  16|   0|   16|          0|
    |reg_1375                                                        |  16|   0|   16|          0|
    |reg_1381                                                        |  16|   0|   16|          0|
    |reg_1387                                                        |  16|   0|   16|          0|
    |reg_1393                                                        |  16|   0|   16|          0|
    |reg_1399                                                        |  16|   0|   16|          0|
    |reg_1405                                                        |  16|   0|   16|          0|
    |reg_1411                                                        |  16|   0|   16|          0|
    |reg_1417                                                        |  16|   0|   16|          0|
    |start_k_reg_3031                                                |   2|   0|    3|          1|
    |trunc_ln185_1_reg_3041                                          |  63|   0|   63|          0|
    |zext_ln107_reg_3006                                             |  32|   0|   64|         32|
    |zext_ln145_reg_3017                                             |  32|   0|   64|         32|
    +----------------------------------------------------------------+----+----+-----+-----------+
    |Total                                                           |2792|   0| 2858|         66|
    +----------------------------------------------------------------+----+----+-----+-----------+



================================================================
== Interface
================================================================
* Summary: 
+-----------------------+-----+-----+------------+--------------+--------------+
|       RTL Ports       | Dir | Bits|  Protocol  | Source Object|    C Type    |
+-----------------------+-----+-----+------------+--------------+--------------+
|s_axi_control_AWVALID  |   in|    1|       s_axi|       control|        scalar|
|s_axi_control_AWREADY  |  out|    1|       s_axi|       control|        scalar|
|s_axi_control_AWADDR   |   in|    7|       s_axi|       control|        scalar|
|s_axi_control_WVALID   |   in|    1|       s_axi|       control|        scalar|
|s_axi_control_WREADY   |  out|    1|       s_axi|       control|        scalar|
|s_axi_control_WDATA    |   in|   32|       s_axi|       control|        scalar|
|s_axi_control_WSTRB    |   in|    4|       s_axi|       control|        scalar|
|s_axi_control_ARVALID  |   in|    1|       s_axi|       control|        scalar|
|s_axi_control_ARREADY  |  out|    1|       s_axi|       control|        scalar|
|s_axi_control_ARADDR   |   in|    7|       s_axi|       control|        scalar|
|s_axi_control_RVALID   |  out|    1|       s_axi|       control|        scalar|
|s_axi_control_RREADY   |   in|    1|       s_axi|       control|        scalar|
|s_axi_control_RDATA    |  out|   32|       s_axi|       control|        scalar|
|s_axi_control_RRESP    |  out|    2|       s_axi|       control|        scalar|
|s_axi_control_BVALID   |  out|    1|       s_axi|       control|        scalar|
|s_axi_control_BREADY   |   in|    1|       s_axi|       control|        scalar|
|s_axi_control_BRESP    |  out|    2|       s_axi|       control|        scalar|
|ap_clk                 |   in|    1|  ap_ctrl_hs|         mmult|  return value|
|ap_rst_n               |   in|    1|  ap_ctrl_hs|         mmult|  return value|
|interrupt              |  out|    1|  ap_ctrl_hs|         mmult|  return value|
|m_axi_gmem0_AWVALID    |  out|    1|       m_axi|         gmem0|       pointer|
|m_axi_gmem0_AWREADY    |   in|    1|       m_axi|         gmem0|       pointer|
|m_axi_gmem0_AWADDR     |  out|   64|       m_axi|         gmem0|       pointer|
|m_axi_gmem0_AWID       |  out|    1|       m_axi|         gmem0|       pointer|
|m_axi_gmem0_AWLEN      |  out|    8|       m_axi|         gmem0|       pointer|
|m_axi_gmem0_AWSIZE     |  out|    3|       m_axi|         gmem0|       pointer|
|m_axi_gmem0_AWBURST    |  out|    2|       m_axi|         gmem0|       pointer|
|m_axi_gmem0_AWLOCK     |  out|    2|       m_axi|         gmem0|       pointer|
|m_axi_gmem0_AWCACHE    |  out|    4|       m_axi|         gmem0|       pointer|
|m_axi_gmem0_AWPROT     |  out|    3|       m_axi|         gmem0|       pointer|
|m_axi_gmem0_AWQOS      |  out|    4|       m_axi|         gmem0|       pointer|
|m_axi_gmem0_AWREGION   |  out|    4|       m_axi|         gmem0|       pointer|
|m_axi_gmem0_AWUSER     |  out|    1|       m_axi|         gmem0|       pointer|
|m_axi_gmem0_WVALID     |  out|    1|       m_axi|         gmem0|       pointer|
|m_axi_gmem0_WREADY     |   in|    1|       m_axi|         gmem0|       pointer|
|m_axi_gmem0_WDATA      |  out|   32|       m_axi|         gmem0|       pointer|
|m_axi_gmem0_WSTRB      |  out|    4|       m_axi|         gmem0|       pointer|
|m_axi_gmem0_WLAST      |  out|    1|       m_axi|         gmem0|       pointer|
|m_axi_gmem0_WID        |  out|    1|       m_axi|         gmem0|       pointer|
|m_axi_gmem0_WUSER      |  out|    1|       m_axi|         gmem0|       pointer|
|m_axi_gmem0_ARVALID    |  out|    1|       m_axi|         gmem0|       pointer|
|m_axi_gmem0_ARREADY    |   in|    1|       m_axi|         gmem0|       pointer|
|m_axi_gmem0_ARADDR     |  out|   64|       m_axi|         gmem0|       pointer|
|m_axi_gmem0_ARID       |  out|    1|       m_axi|         gmem0|       pointer|
|m_axi_gmem0_ARLEN      |  out|    8|       m_axi|         gmem0|       pointer|
|m_axi_gmem0_ARSIZE     |  out|    3|       m_axi|         gmem0|       pointer|
|m_axi_gmem0_ARBURST    |  out|    2|       m_axi|         gmem0|       pointer|
|m_axi_gmem0_ARLOCK     |  out|    2|       m_axi|         gmem0|       pointer|
|m_axi_gmem0_ARCACHE    |  out|    4|       m_axi|         gmem0|       pointer|
|m_axi_gmem0_ARPROT     |  out|    3|       m_axi|         gmem0|       pointer|
|m_axi_gmem0_ARQOS      |  out|    4|       m_axi|         gmem0|       pointer|
|m_axi_gmem0_ARREGION   |  out|    4|       m_axi|         gmem0|       pointer|
|m_axi_gmem0_ARUSER     |  out|    1|       m_axi|         gmem0|       pointer|
|m_axi_gmem0_RVALID     |   in|    1|       m_axi|         gmem0|       pointer|
|m_axi_gmem0_RREADY     |  out|    1|       m_axi|         gmem0|       pointer|
|m_axi_gmem0_RDATA      |   in|   32|       m_axi|         gmem0|       pointer|
|m_axi_gmem0_RLAST      |   in|    1|       m_axi|         gmem0|       pointer|
|m_axi_gmem0_RID        |   in|    1|       m_axi|         gmem0|       pointer|
|m_axi_gmem0_RUSER      |   in|    1|       m_axi|         gmem0|       pointer|
|m_axi_gmem0_RRESP      |   in|    2|       m_axi|         gmem0|       pointer|
|m_axi_gmem0_BVALID     |   in|    1|       m_axi|         gmem0|       pointer|
|m_axi_gmem0_BREADY     |  out|    1|       m_axi|         gmem0|       pointer|
|m_axi_gmem0_BRESP      |   in|    2|       m_axi|         gmem0|       pointer|
|m_axi_gmem0_BID        |   in|    1|       m_axi|         gmem0|       pointer|
|m_axi_gmem0_BUSER      |   in|    1|       m_axi|         gmem0|       pointer|
|m_axi_gmem1_AWVALID    |  out|    1|       m_axi|         gmem1|       pointer|
|m_axi_gmem1_AWREADY    |   in|    1|       m_axi|         gmem1|       pointer|
|m_axi_gmem1_AWADDR     |  out|   64|       m_axi|         gmem1|       pointer|
|m_axi_gmem1_AWID       |  out|    1|       m_axi|         gmem1|       pointer|
|m_axi_gmem1_AWLEN      |  out|    8|       m_axi|         gmem1|       pointer|
|m_axi_gmem1_AWSIZE     |  out|    3|       m_axi|         gmem1|       pointer|
|m_axi_gmem1_AWBURST    |  out|    2|       m_axi|         gmem1|       pointer|
|m_axi_gmem1_AWLOCK     |  out|    2|       m_axi|         gmem1|       pointer|
|m_axi_gmem1_AWCACHE    |  out|    4|       m_axi|         gmem1|       pointer|
|m_axi_gmem1_AWPROT     |  out|    3|       m_axi|         gmem1|       pointer|
|m_axi_gmem1_AWQOS      |  out|    4|       m_axi|         gmem1|       pointer|
|m_axi_gmem1_AWREGION   |  out|    4|       m_axi|         gmem1|       pointer|
|m_axi_gmem1_AWUSER     |  out|    1|       m_axi|         gmem1|       pointer|
|m_axi_gmem1_WVALID     |  out|    1|       m_axi|         gmem1|       pointer|
|m_axi_gmem1_WREADY     |   in|    1|       m_axi|         gmem1|       pointer|
|m_axi_gmem1_WDATA      |  out|   32|       m_axi|         gmem1|       pointer|
|m_axi_gmem1_WSTRB      |  out|    4|       m_axi|         gmem1|       pointer|
|m_axi_gmem1_WLAST      |  out|    1|       m_axi|         gmem1|       pointer|
|m_axi_gmem1_WID        |  out|    1|       m_axi|         gmem1|       pointer|
|m_axi_gmem1_WUSER      |  out|    1|       m_axi|         gmem1|       pointer|
|m_axi_gmem1_ARVALID    |  out|    1|       m_axi|         gmem1|       pointer|
|m_axi_gmem1_ARREADY    |   in|    1|       m_axi|         gmem1|       pointer|
|m_axi_gmem1_ARADDR     |  out|   64|       m_axi|         gmem1|       pointer|
|m_axi_gmem1_ARID       |  out|    1|       m_axi|         gmem1|       pointer|
|m_axi_gmem1_ARLEN      |  out|    8|       m_axi|         gmem1|       pointer|
|m_axi_gmem1_ARSIZE     |  out|    3|       m_axi|         gmem1|       pointer|
|m_axi_gmem1_ARBURST    |  out|    2|       m_axi|         gmem1|       pointer|
|m_axi_gmem1_ARLOCK     |  out|    2|       m_axi|         gmem1|       pointer|
|m_axi_gmem1_ARCACHE    |  out|    4|       m_axi|         gmem1|       pointer|
|m_axi_gmem1_ARPROT     |  out|    3|       m_axi|         gmem1|       pointer|
|m_axi_gmem1_ARQOS      |  out|    4|       m_axi|         gmem1|       pointer|
|m_axi_gmem1_ARREGION   |  out|    4|       m_axi|         gmem1|       pointer|
|m_axi_gmem1_ARUSER     |  out|    1|       m_axi|         gmem1|       pointer|
|m_axi_gmem1_RVALID     |   in|    1|       m_axi|         gmem1|       pointer|
|m_axi_gmem1_RREADY     |  out|    1|       m_axi|         gmem1|       pointer|
|m_axi_gmem1_RDATA      |   in|   32|       m_axi|         gmem1|       pointer|
|m_axi_gmem1_RLAST      |   in|    1|       m_axi|         gmem1|       pointer|
|m_axi_gmem1_RID        |   in|    1|       m_axi|         gmem1|       pointer|
|m_axi_gmem1_RUSER      |   in|    1|       m_axi|         gmem1|       pointer|
|m_axi_gmem1_RRESP      |   in|    2|       m_axi|         gmem1|       pointer|
|m_axi_gmem1_BVALID     |   in|    1|       m_axi|         gmem1|       pointer|
|m_axi_gmem1_BREADY     |  out|    1|       m_axi|         gmem1|       pointer|
|m_axi_gmem1_BRESP      |   in|    2|       m_axi|         gmem1|       pointer|
|m_axi_gmem1_BID        |   in|    1|       m_axi|         gmem1|       pointer|
|m_axi_gmem1_BUSER      |   in|    1|       m_axi|         gmem1|       pointer|
|m_axi_gmem2_AWVALID    |  out|    1|       m_axi|         gmem2|       pointer|
|m_axi_gmem2_AWREADY    |   in|    1|       m_axi|         gmem2|       pointer|
|m_axi_gmem2_AWADDR     |  out|   64|       m_axi|         gmem2|       pointer|
|m_axi_gmem2_AWID       |  out|    1|       m_axi|         gmem2|       pointer|
|m_axi_gmem2_AWLEN      |  out|    8|       m_axi|         gmem2|       pointer|
|m_axi_gmem2_AWSIZE     |  out|    3|       m_axi|         gmem2|       pointer|
|m_axi_gmem2_AWBURST    |  out|    2|       m_axi|         gmem2|       pointer|
|m_axi_gmem2_AWLOCK     |  out|    2|       m_axi|         gmem2|       pointer|
|m_axi_gmem2_AWCACHE    |  out|    4|       m_axi|         gmem2|       pointer|
|m_axi_gmem2_AWPROT     |  out|    3|       m_axi|         gmem2|       pointer|
|m_axi_gmem2_AWQOS      |  out|    4|       m_axi|         gmem2|       pointer|
|m_axi_gmem2_AWREGION   |  out|    4|       m_axi|         gmem2|       pointer|
|m_axi_gmem2_AWUSER     |  out|    1|       m_axi|         gmem2|       pointer|
|m_axi_gmem2_WVALID     |  out|    1|       m_axi|         gmem2|       pointer|
|m_axi_gmem2_WREADY     |   in|    1|       m_axi|         gmem2|       pointer|
|m_axi_gmem2_WDATA      |  out|   32|       m_axi|         gmem2|       pointer|
|m_axi_gmem2_WSTRB      |  out|    4|       m_axi|         gmem2|       pointer|
|m_axi_gmem2_WLAST      |  out|    1|       m_axi|         gmem2|       pointer|
|m_axi_gmem2_WID        |  out|    1|       m_axi|         gmem2|       pointer|
|m_axi_gmem2_WUSER      |  out|    1|       m_axi|         gmem2|       pointer|
|m_axi_gmem2_ARVALID    |  out|    1|       m_axi|         gmem2|       pointer|
|m_axi_gmem2_ARREADY    |   in|    1|       m_axi|         gmem2|       pointer|
|m_axi_gmem2_ARADDR     |  out|   64|       m_axi|         gmem2|       pointer|
|m_axi_gmem2_ARID       |  out|    1|       m_axi|         gmem2|       pointer|
|m_axi_gmem2_ARLEN      |  out|    8|       m_axi|         gmem2|       pointer|
|m_axi_gmem2_ARSIZE     |  out|    3|       m_axi|         gmem2|       pointer|
|m_axi_gmem2_ARBURST    |  out|    2|       m_axi|         gmem2|       pointer|
|m_axi_gmem2_ARLOCK     |  out|    2|       m_axi|         gmem2|       pointer|
|m_axi_gmem2_ARCACHE    |  out|    4|       m_axi|         gmem2|       pointer|
|m_axi_gmem2_ARPROT     |  out|    3|       m_axi|         gmem2|       pointer|
|m_axi_gmem2_ARQOS      |  out|    4|       m_axi|         gmem2|       pointer|
|m_axi_gmem2_ARREGION   |  out|    4|       m_axi|         gmem2|       pointer|
|m_axi_gmem2_ARUSER     |  out|    1|       m_axi|         gmem2|       pointer|
|m_axi_gmem2_RVALID     |   in|    1|       m_axi|         gmem2|       pointer|
|m_axi_gmem2_RREADY     |  out|    1|       m_axi|         gmem2|       pointer|
|m_axi_gmem2_RDATA      |   in|   32|       m_axi|         gmem2|       pointer|
|m_axi_gmem2_RLAST      |   in|    1|       m_axi|         gmem2|       pointer|
|m_axi_gmem2_RID        |   in|    1|       m_axi|         gmem2|       pointer|
|m_axi_gmem2_RUSER      |   in|    1|       m_axi|         gmem2|       pointer|
|m_axi_gmem2_RRESP      |   in|    2|       m_axi|         gmem2|       pointer|
|m_axi_gmem2_BVALID     |   in|    1|       m_axi|         gmem2|       pointer|
|m_axi_gmem2_BREADY     |  out|    1|       m_axi|         gmem2|       pointer|
|m_axi_gmem2_BRESP      |   in|    2|       m_axi|         gmem2|       pointer|
|m_axi_gmem2_BID        |   in|    1|       m_axi|         gmem2|       pointer|
|m_axi_gmem2_BUSER      |   in|    1|       m_axi|         gmem2|       pointer|
+-----------------------+-----+-----+------------+--------------+--------------+

============================================================
+ Verbose Summary: Synthesis Manager
============================================================
InlineROM: 1
ExposeGlobal: 0
============================================================
+ Verbose Summary: CDFG Model
============================================================
IsTopModel: 1
ResetActiveHigh: 1
IsCombinational: 2
IsDatapathOnly: 2
HasWiredReturn: 1
HasMFsm: 0
HasVarLatency: 1
IsPipeline: 0
IsRtlPipelined: 0
IsInstanceOverlapped: 0
IsDontTouch: 0
HasImplIP: 0
IsGatedGlobalClock: 0


============================================================
+ Verbose Summary: Schedule
============================================================
* Number of FSM states : 26
* Pipeline : 0
* Dataflow Pipeline: 0

* FSM state transitions: 
1 --> 2 
2 --> 3 
3 --> 4 
4 --> 5 
5 --> 6 
6 --> 7 
7 --> 8 
8 --> 9 
9 --> 10 
10 --> 11 
11 --> 12 
12 --> 13 
13 --> 14 
14 --> 15 
15 --> 16 17 
16 --> 15 
17 --> 18 
18 --> 19 
19 --> 20 
20 --> 21 
21 --> 22 
22 --> 23 
23 --> 24 
24 --> 25 
25 --> 26 
26 --> 

* FSM state operations: 

State 1 <SV = 0> <Delay = 2.01>
ST_1 : Operation 27 [1/1] (0.00ns)   --->   "%q = alloca i32 1" [mmult.cpp:176]   --->   Operation 27 'alloca' 'q' <Predicate = true> <Delay = 0.00>
ST_1 : Operation 28 [1/1] (0.00ns)   --->   "%localC_0 = alloca i32 1"   --->   Operation 28 'alloca' 'localC_0' <Predicate = true> <Delay = 0.00>
ST_1 : Operation 29 [1/1] (0.00ns)   --->   "%localC_1_0 = alloca i32 1"   --->   Operation 29 'alloca' 'localC_1_0' <Predicate = true> <Delay = 0.00>
ST_1 : Operation 30 [1/1] (0.00ns)   --->   "%localC_2_0 = alloca i32 1"   --->   Operation 30 'alloca' 'localC_2_0' <Predicate = true> <Delay = 0.00>
ST_1 : Operation 31 [1/1] (0.00ns)   --->   "%localC_3_0 = alloca i32 1"   --->   Operation 31 'alloca' 'localC_3_0' <Predicate = true> <Delay = 0.00>
ST_1 : Operation 32 [1/1] (0.00ns)   --->   "%localC_4_0 = alloca i32 1"   --->   Operation 32 'alloca' 'localC_4_0' <Predicate = true> <Delay = 0.00>
ST_1 : Operation 33 [1/1] (0.00ns)   --->   "%localC_5_0 = alloca i32 1"   --->   Operation 33 'alloca' 'localC_5_0' <Predicate = true> <Delay = 0.00>
ST_1 : Operation 34 [1/1] (0.00ns)   --->   "%localC_6_0 = alloca i32 1"   --->   Operation 34 'alloca' 'localC_6_0' <Predicate = true> <Delay = 0.00>
ST_1 : Operation 35 [1/1] (0.00ns)   --->   "%localC_7_0 = alloca i32 1"   --->   Operation 35 'alloca' 'localC_7_0' <Predicate = true> <Delay = 0.00>
ST_1 : Operation 36 [1/1] (0.00ns)   --->   "%localC_8_0 = alloca i32 1"   --->   Operation 36 'alloca' 'localC_8_0' <Predicate = true> <Delay = 0.00>
ST_1 : Operation 37 [1/1] (0.00ns)   --->   "%localC_9_0 = alloca i32 1"   --->   Operation 37 'alloca' 'localC_9_0' <Predicate = true> <Delay = 0.00>
ST_1 : Operation 38 [1/1] (0.00ns)   --->   "%localC_10_0 = alloca i32 1"   --->   Operation 38 'alloca' 'localC_10_0' <Predicate = true> <Delay = 0.00>
ST_1 : Operation 39 [1/1] (0.00ns)   --->   "%localC_11_0 = alloca i32 1"   --->   Operation 39 'alloca' 'localC_11_0' <Predicate = true> <Delay = 0.00>
ST_1 : Operation 40 [1/1] (0.00ns)   --->   "%localC_12_0 = alloca i32 1"   --->   Operation 40 'alloca' 'localC_12_0' <Predicate = true> <Delay = 0.00>
ST_1 : Operation 41 [1/1] (0.00ns)   --->   "%localC_13_0 = alloca i32 1"   --->   Operation 41 'alloca' 'localC_13_0' <Predicate = true> <Delay = 0.00>
ST_1 : Operation 42 [1/1] (0.00ns)   --->   "%localC_14_0 = alloca i32 1"   --->   Operation 42 'alloca' 'localC_14_0' <Predicate = true> <Delay = 0.00>
ST_1 : Operation 43 [1/1] (0.00ns)   --->   "%localC_15_0 = alloca i32 1"   --->   Operation 43 'alloca' 'localC_15_0' <Predicate = true> <Delay = 0.00>
ST_1 : Operation 44 [1/1] (0.00ns)   --->   "%localC_16_0 = alloca i32 1"   --->   Operation 44 'alloca' 'localC_16_0' <Predicate = true> <Delay = 0.00>
ST_1 : Operation 45 [1/1] (0.00ns)   --->   "%localC_17_0 = alloca i32 1"   --->   Operation 45 'alloca' 'localC_17_0' <Predicate = true> <Delay = 0.00>
ST_1 : Operation 46 [1/1] (0.00ns)   --->   "%localC_18_0 = alloca i32 1"   --->   Operation 46 'alloca' 'localC_18_0' <Predicate = true> <Delay = 0.00>
ST_1 : Operation 47 [1/1] (0.00ns)   --->   "%localC_19_0 = alloca i32 1"   --->   Operation 47 'alloca' 'localC_19_0' <Predicate = true> <Delay = 0.00>
ST_1 : Operation 48 [1/1] (0.00ns)   --->   "%localC_20_0 = alloca i32 1"   --->   Operation 48 'alloca' 'localC_20_0' <Predicate = true> <Delay = 0.00>
ST_1 : Operation 49 [1/1] (0.00ns)   --->   "%localC_21_0 = alloca i32 1"   --->   Operation 49 'alloca' 'localC_21_0' <Predicate = true> <Delay = 0.00>
ST_1 : Operation 50 [1/1] (0.00ns)   --->   "%localC_22_0 = alloca i32 1"   --->   Operation 50 'alloca' 'localC_22_0' <Predicate = true> <Delay = 0.00>
ST_1 : Operation 51 [1/1] (0.00ns)   --->   "%localC_23_0 = alloca i32 1"   --->   Operation 51 'alloca' 'localC_23_0' <Predicate = true> <Delay = 0.00>
ST_1 : Operation 52 [1/1] (0.00ns)   --->   "%localC_24_0 = alloca i32 1"   --->   Operation 52 'alloca' 'localC_24_0' <Predicate = true> <Delay = 0.00>
ST_1 : Operation 53 [1/1] (0.00ns)   --->   "%localC_25_0 = alloca i32 1"   --->   Operation 53 'alloca' 'localC_25_0' <Predicate = true> <Delay = 0.00>
ST_1 : Operation 54 [1/1] (0.00ns)   --->   "%localC_26_0 = alloca i32 1"   --->   Operation 54 'alloca' 'localC_26_0' <Predicate = true> <Delay = 0.00>
ST_1 : Operation 55 [1/1] (0.00ns)   --->   "%localC_27_0 = alloca i32 1"   --->   Operation 55 'alloca' 'localC_27_0' <Predicate = true> <Delay = 0.00>
ST_1 : Operation 56 [1/1] (0.00ns)   --->   "%localC_28_0 = alloca i32 1"   --->   Operation 56 'alloca' 'localC_28_0' <Predicate = true> <Delay = 0.00>
ST_1 : Operation 57 [1/1] (0.00ns)   --->   "%localC_29_0 = alloca i32 1"   --->   Operation 57 'alloca' 'localC_29_0' <Predicate = true> <Delay = 0.00>
ST_1 : Operation 58 [1/1] (0.00ns)   --->   "%localC_30_0 = alloca i32 1"   --->   Operation 58 'alloca' 'localC_30_0' <Predicate = true> <Delay = 0.00>
ST_1 : Operation 59 [1/1] (0.00ns)   --->   "%localC_31_0 = alloca i32 1"   --->   Operation 59 'alloca' 'localC_31_0' <Predicate = true> <Delay = 0.00>
ST_1 : Operation 60 [1/1] (0.00ns)   --->   "%localC_32_0 = alloca i32 1"   --->   Operation 60 'alloca' 'localC_32_0' <Predicate = true> <Delay = 0.00>
ST_1 : Operation 61 [1/1] (0.00ns)   --->   "%localC_33_0 = alloca i32 1"   --->   Operation 61 'alloca' 'localC_33_0' <Predicate = true> <Delay = 0.00>
ST_1 : Operation 62 [1/1] (0.00ns)   --->   "%localC_34_0 = alloca i32 1"   --->   Operation 62 'alloca' 'localC_34_0' <Predicate = true> <Delay = 0.00>
ST_1 : Operation 63 [1/1] (0.00ns)   --->   "%localC_35_0 = alloca i32 1"   --->   Operation 63 'alloca' 'localC_35_0' <Predicate = true> <Delay = 0.00>
ST_1 : Operation 64 [1/1] (0.00ns)   --->   "%localC_36_0 = alloca i32 1"   --->   Operation 64 'alloca' 'localC_36_0' <Predicate = true> <Delay = 0.00>
ST_1 : Operation 65 [1/1] (0.00ns)   --->   "%localC_37_0 = alloca i32 1"   --->   Operation 65 'alloca' 'localC_37_0' <Predicate = true> <Delay = 0.00>
ST_1 : Operation 66 [1/1] (0.00ns)   --->   "%localC_38_0 = alloca i32 1"   --->   Operation 66 'alloca' 'localC_38_0' <Predicate = true> <Delay = 0.00>
ST_1 : Operation 67 [1/1] (0.00ns)   --->   "%localC_39_0 = alloca i32 1"   --->   Operation 67 'alloca' 'localC_39_0' <Predicate = true> <Delay = 0.00>
ST_1 : Operation 68 [1/1] (0.00ns)   --->   "%localC_40_0 = alloca i32 1"   --->   Operation 68 'alloca' 'localC_40_0' <Predicate = true> <Delay = 0.00>
ST_1 : Operation 69 [1/1] (0.00ns)   --->   "%localC_41_0 = alloca i32 1"   --->   Operation 69 'alloca' 'localC_41_0' <Predicate = true> <Delay = 0.00>
ST_1 : Operation 70 [1/1] (0.00ns)   --->   "%localC_42_0 = alloca i32 1"   --->   Operation 70 'alloca' 'localC_42_0' <Predicate = true> <Delay = 0.00>
ST_1 : Operation 71 [1/1] (0.00ns)   --->   "%localC_43_0 = alloca i32 1"   --->   Operation 71 'alloca' 'localC_43_0' <Predicate = true> <Delay = 0.00>
ST_1 : Operation 72 [1/1] (0.00ns)   --->   "%localC_44_0 = alloca i32 1"   --->   Operation 72 'alloca' 'localC_44_0' <Predicate = true> <Delay = 0.00>
ST_1 : Operation 73 [1/1] (0.00ns)   --->   "%localC_45_0 = alloca i32 1"   --->   Operation 73 'alloca' 'localC_45_0' <Predicate = true> <Delay = 0.00>
ST_1 : Operation 74 [1/1] (0.00ns)   --->   "%localC_46_0 = alloca i32 1"   --->   Operation 74 'alloca' 'localC_46_0' <Predicate = true> <Delay = 0.00>
ST_1 : Operation 75 [1/1] (0.00ns)   --->   "%localC_47_0 = alloca i32 1"   --->   Operation 75 'alloca' 'localC_47_0' <Predicate = true> <Delay = 0.00>
ST_1 : Operation 76 [1/1] (0.00ns)   --->   "%localC_48_0 = alloca i32 1"   --->   Operation 76 'alloca' 'localC_48_0' <Predicate = true> <Delay = 0.00>
ST_1 : Operation 77 [1/1] (0.00ns)   --->   "%localC_49_0 = alloca i32 1"   --->   Operation 77 'alloca' 'localC_49_0' <Predicate = true> <Delay = 0.00>
ST_1 : Operation 78 [1/1] (0.00ns)   --->   "%localC_50_0 = alloca i32 1"   --->   Operation 78 'alloca' 'localC_50_0' <Predicate = true> <Delay = 0.00>
ST_1 : Operation 79 [1/1] (0.00ns)   --->   "%localC_51_0 = alloca i32 1"   --->   Operation 79 'alloca' 'localC_51_0' <Predicate = true> <Delay = 0.00>
ST_1 : Operation 80 [1/1] (0.00ns)   --->   "%localC_52_0 = alloca i32 1"   --->   Operation 80 'alloca' 'localC_52_0' <Predicate = true> <Delay = 0.00>
ST_1 : Operation 81 [1/1] (0.00ns)   --->   "%localC_53_0 = alloca i32 1"   --->   Operation 81 'alloca' 'localC_53_0' <Predicate = true> <Delay = 0.00>
ST_1 : Operation 82 [1/1] (0.00ns)   --->   "%localC_54_0 = alloca i32 1"   --->   Operation 82 'alloca' 'localC_54_0' <Predicate = true> <Delay = 0.00>
ST_1 : Operation 83 [1/1] (0.00ns)   --->   "%localC_55_0 = alloca i32 1"   --->   Operation 83 'alloca' 'localC_55_0' <Predicate = true> <Delay = 0.00>
ST_1 : Operation 84 [1/1] (0.00ns)   --->   "%localC_56_0 = alloca i32 1"   --->   Operation 84 'alloca' 'localC_56_0' <Predicate = true> <Delay = 0.00>
ST_1 : Operation 85 [1/1] (0.00ns)   --->   "%localC_57_0 = alloca i32 1"   --->   Operation 85 'alloca' 'localC_57_0' <Predicate = true> <Delay = 0.00>
ST_1 : Operation 86 [1/1] (0.00ns)   --->   "%localC_58_0 = alloca i32 1"   --->   Operation 86 'alloca' 'localC_58_0' <Predicate = true> <Delay = 0.00>
ST_1 : Operation 87 [1/1] (0.00ns)   --->   "%localC_59_0 = alloca i32 1"   --->   Operation 87 'alloca' 'localC_59_0' <Predicate = true> <Delay = 0.00>
ST_1 : Operation 88 [1/1] (0.00ns)   --->   "%localC_60_0 = alloca i32 1"   --->   Operation 88 'alloca' 'localC_60_0' <Predicate = true> <Delay = 0.00>
ST_1 : Operation 89 [1/1] (0.00ns)   --->   "%localC_61_0 = alloca i32 1"   --->   Operation 89 'alloca' 'localC_61_0' <Predicate = true> <Delay = 0.00>
ST_1 : Operation 90 [1/1] (0.00ns)   --->   "%localC_62_0 = alloca i32 1"   --->   Operation 90 'alloca' 'localC_62_0' <Predicate = true> <Delay = 0.00>
ST_1 : Operation 91 [1/1] (0.00ns)   --->   "%localC_63_0 = alloca i32 1"   --->   Operation 91 'alloca' 'localC_63_0' <Predicate = true> <Delay = 0.00>
ST_1 : Operation 92 [1/1] (1.00ns)   --->   "%b_col_read = read i32 @_ssdm_op_Read.s_axilite.i32, i32 %b_col"   --->   Operation 92 'read' 'b_col_read' <Predicate = true> <Delay = 1.00> <CoreInst = "s_axilite">   --->   Core 122 's_axilite' <Latency = 0> <II = 1> <Delay = 1.00> <Adapter> <Opcode : 'read' 'write'>
ST_1 : Operation 93 [1/1] (1.00ns)   --->   "%a_col_read = read i32 @_ssdm_op_Read.s_axilite.i32, i32 %a_col"   --->   Operation 93 'read' 'a_col_read' <Predicate = true> <Delay = 1.00> <CoreInst = "s_axilite">   --->   Core 122 's_axilite' <Latency = 0> <II = 1> <Delay = 1.00> <Adapter> <Opcode : 'read' 'write'>
ST_1 : Operation 94 [1/1] (1.00ns)   --->   "%a_row_read = read i32 @_ssdm_op_Read.s_axilite.i32, i32 %a_row"   --->   Operation 94 'read' 'a_row_read' <Predicate = true> <Delay = 1.00> <CoreInst = "s_axilite">   --->   Core 122 's_axilite' <Latency = 0> <II = 1> <Delay = 1.00> <Adapter> <Opcode : 'read' 'write'>
ST_1 : Operation 95 [1/1] (1.00ns)   --->   "%c_read = read i64 @_ssdm_op_Read.s_axilite.i64, i64 %c"   --->   Operation 95 'read' 'c_read' <Predicate = true> <Delay = 1.00> <CoreInst = "s_axilite">   --->   Core 122 's_axilite' <Latency = 0> <II = 1> <Delay = 1.00> <Adapter> <Opcode : 'read' 'write'>
ST_1 : Operation 96 [1/1] (1.00ns)   --->   "%b_read = read i64 @_ssdm_op_Read.s_axilite.i64, i64 %b"   --->   Operation 96 'read' 'b_read' <Predicate = true> <Delay = 1.00> <CoreInst = "s_axilite">   --->   Core 122 's_axilite' <Latency = 0> <II = 1> <Delay = 1.00> <Adapter> <Opcode : 'read' 'write'>
ST_1 : Operation 97 [1/1] (1.00ns)   --->   "%a_read = read i64 @_ssdm_op_Read.s_axilite.i64, i64 %a"   --->   Operation 97 'read' 'a_read' <Predicate = true> <Delay = 1.00> <CoreInst = "s_axilite">   --->   Core 122 's_axilite' <Latency = 0> <II = 1> <Delay = 1.00> <Adapter> <Opcode : 'read' 'write'>
ST_1 : Operation 98 [1/1] (0.67ns)   --->   "%localA = alloca i64 1" [mmult.cpp:130]   --->   Operation 98 'alloca' 'localA' <Predicate = true> <Delay = 0.67> <CoreInst = "RAM_2P_LUTRAM">   --->   Core 93 'RAM_2P_LUTRAM' <Latency = 1> <II = 1> <Delay = 0.67> <Storage> <Opcode : 'load' 'store'> <Ports = 2> <Width = 8> <Depth = 8> <RAM>
ST_1 : Operation 99 [1/1] (0.67ns)   --->   "%localA_1 = alloca i64 1" [mmult.cpp:130]   --->   Operation 99 'alloca' 'localA_1' <Predicate = true> <Delay = 0.67> <CoreInst = "RAM_2P_LUTRAM">   --->   Core 93 'RAM_2P_LUTRAM' <Latency = 1> <II = 1> <Delay = 0.67> <Storage> <Opcode : 'load' 'store'> <Ports = 2> <Width = 8> <Depth = 8> <RAM>
ST_1 : Operation 100 [1/1] (0.67ns)   --->   "%localA_2 = alloca i64 1" [mmult.cpp:130]   --->   Operation 100 'alloca' 'localA_2' <Predicate = true> <Delay = 0.67> <CoreInst = "RAM_2P_LUTRAM">   --->   Core 93 'RAM_2P_LUTRAM' <Latency = 1> <II = 1> <Delay = 0.67> <Storage> <Opcode : 'load' 'store'> <Ports = 2> <Width = 8> <Depth = 8> <RAM>
ST_1 : Operation 101 [1/1] (0.67ns)   --->   "%localA_3 = alloca i64 1" [mmult.cpp:130]   --->   Operation 101 'alloca' 'localA_3' <Predicate = true> <Delay = 0.67> <CoreInst = "RAM_2P_LUTRAM">   --->   Core 93 'RAM_2P_LUTRAM' <Latency = 1> <II = 1> <Delay = 0.67> <Storage> <Opcode : 'load' 'store'> <Ports = 2> <Width = 8> <Depth = 8> <RAM>
ST_1 : Operation 102 [1/1] (0.67ns)   --->   "%localA_4 = alloca i64 1" [mmult.cpp:130]   --->   Operation 102 'alloca' 'localA_4' <Predicate = true> <Delay = 0.67> <CoreInst = "RAM_2P_LUTRAM">   --->   Core 93 'RAM_2P_LUTRAM' <Latency = 1> <II = 1> <Delay = 0.67> <Storage> <Opcode : 'load' 'store'> <Ports = 2> <Width = 8> <Depth = 8> <RAM>
ST_1 : Operation 103 [1/1] (0.67ns)   --->   "%localA_5 = alloca i64 1" [mmult.cpp:130]   --->   Operation 103 'alloca' 'localA_5' <Predicate = true> <Delay = 0.67> <CoreInst = "RAM_2P_LUTRAM">   --->   Core 93 'RAM_2P_LUTRAM' <Latency = 1> <II = 1> <Delay = 0.67> <Storage> <Opcode : 'load' 'store'> <Ports = 2> <Width = 8> <Depth = 8> <RAM>
ST_1 : Operation 104 [1/1] (0.67ns)   --->   "%localA_6 = alloca i64 1" [mmult.cpp:130]   --->   Operation 104 'alloca' 'localA_6' <Predicate = true> <Delay = 0.67> <CoreInst = "RAM_2P_LUTRAM">   --->   Core 93 'RAM_2P_LUTRAM' <Latency = 1> <II = 1> <Delay = 0.67> <Storage> <Opcode : 'load' 'store'> <Ports = 2> <Width = 8> <Depth = 8> <RAM>
ST_1 : Operation 105 [1/1] (0.67ns)   --->   "%localA_7 = alloca i64 1" [mmult.cpp:130]   --->   Operation 105 'alloca' 'localA_7' <Predicate = true> <Delay = 0.67> <CoreInst = "RAM_2P_LUTRAM">   --->   Core 93 'RAM_2P_LUTRAM' <Latency = 1> <II = 1> <Delay = 0.67> <Storage> <Opcode : 'load' 'store'> <Ports = 2> <Width = 8> <Depth = 8> <RAM>
ST_1 : Operation 106 [1/1] (0.67ns)   --->   "%localB = alloca i64 1" [mmult.cpp:134]   --->   Operation 106 'alloca' 'localB' <Predicate = true> <Delay = 0.67> <CoreInst = "RAM_2P_LUTRAM">   --->   Core 93 'RAM_2P_LUTRAM' <Latency = 1> <II = 1> <Delay = 0.67> <Storage> <Opcode : 'load' 'store'> <Ports = 2> <Width = 8> <Depth = 8> <RAM>
ST_1 : Operation 107 [1/1] (0.67ns)   --->   "%localB_1 = alloca i64 1" [mmult.cpp:134]   --->   Operation 107 'alloca' 'localB_1' <Predicate = true> <Delay = 0.67> <CoreInst = "RAM_2P_LUTRAM">   --->   Core 93 'RAM_2P_LUTRAM' <Latency = 1> <II = 1> <Delay = 0.67> <Storage> <Opcode : 'load' 'store'> <Ports = 2> <Width = 8> <Depth = 8> <RAM>
ST_1 : Operation 108 [1/1] (0.67ns)   --->   "%localB_2 = alloca i64 1" [mmult.cpp:134]   --->   Operation 108 'alloca' 'localB_2' <Predicate = true> <Delay = 0.67> <CoreInst = "RAM_2P_LUTRAM">   --->   Core 93 'RAM_2P_LUTRAM' <Latency = 1> <II = 1> <Delay = 0.67> <Storage> <Opcode : 'load' 'store'> <Ports = 2> <Width = 8> <Depth = 8> <RAM>
ST_1 : Operation 109 [1/1] (0.67ns)   --->   "%localB_3 = alloca i64 1" [mmult.cpp:134]   --->   Operation 109 'alloca' 'localB_3' <Predicate = true> <Delay = 0.67> <CoreInst = "RAM_2P_LUTRAM">   --->   Core 93 'RAM_2P_LUTRAM' <Latency = 1> <II = 1> <Delay = 0.67> <Storage> <Opcode : 'load' 'store'> <Ports = 2> <Width = 8> <Depth = 8> <RAM>
ST_1 : Operation 110 [1/1] (0.67ns)   --->   "%localB_4 = alloca i64 1" [mmult.cpp:134]   --->   Operation 110 'alloca' 'localB_4' <Predicate = true> <Delay = 0.67> <CoreInst = "RAM_2P_LUTRAM">   --->   Core 93 'RAM_2P_LUTRAM' <Latency = 1> <II = 1> <Delay = 0.67> <Storage> <Opcode : 'load' 'store'> <Ports = 2> <Width = 8> <Depth = 8> <RAM>
ST_1 : Operation 111 [1/1] (0.67ns)   --->   "%localB_5 = alloca i64 1" [mmult.cpp:134]   --->   Operation 111 'alloca' 'localB_5' <Predicate = true> <Delay = 0.67> <CoreInst = "RAM_2P_LUTRAM">   --->   Core 93 'RAM_2P_LUTRAM' <Latency = 1> <II = 1> <Delay = 0.67> <Storage> <Opcode : 'load' 'store'> <Ports = 2> <Width = 8> <Depth = 8> <RAM>
ST_1 : Operation 112 [1/1] (0.67ns)   --->   "%localB_6 = alloca i64 1" [mmult.cpp:134]   --->   Operation 112 'alloca' 'localB_6' <Predicate = true> <Delay = 0.67> <CoreInst = "RAM_2P_LUTRAM">   --->   Core 93 'RAM_2P_LUTRAM' <Latency = 1> <II = 1> <Delay = 0.67> <Storage> <Opcode : 'load' 'store'> <Ports = 2> <Width = 8> <Depth = 8> <RAM>
ST_1 : Operation 113 [1/1] (0.67ns)   --->   "%localB_7 = alloca i64 1" [mmult.cpp:134]   --->   Operation 113 'alloca' 'localB_7' <Predicate = true> <Delay = 0.67> <CoreInst = "RAM_2P_LUTRAM">   --->   Core 93 'RAM_2P_LUTRAM' <Latency = 1> <II = 1> <Delay = 0.67> <Storage> <Opcode : 'load' 'store'> <Ports = 2> <Width = 8> <Depth = 8> <RAM>
ST_1 : Operation 114 [1/1] (1.01ns)   --->   "%icmp_ln145 = icmp_sgt  i32 %a_row_read, i32 0" [mmult.cpp:145]   --->   Operation 114 'icmp' 'icmp_ln145' <Predicate = true> <Delay = 1.01> <CoreInst = "Cmp">   --->   Core 9 'Cmp' <Latency = 0> <II = 1> <Delay = 1.01> <FuncUnit> <Opcode : 'icmp'> <InPorts = 2> <OutPorts = 1>
ST_1 : Operation 115 [1/1] (1.01ns)   --->   "%icmp_ln156 = icmp_sgt  i32 %a_col_read, i32 0" [mmult.cpp:156]   --->   Operation 115 'icmp' 'icmp_ln156' <Predicate = true> <Delay = 1.01> <CoreInst = "Cmp">   --->   Core 9 'Cmp' <Latency = 0> <II = 1> <Delay = 1.01> <FuncUnit> <Opcode : 'icmp'> <InPorts = 2> <OutPorts = 1>
ST_1 : Operation 116 [1/1] (1.01ns)   --->   "%cmp199 = icmp_sgt  i32 %b_col_read, i32 0"   --->   Operation 116 'icmp' 'cmp199' <Predicate = true> <Delay = 1.01> <CoreInst = "Cmp">   --->   Core 9 'Cmp' <Latency = 0> <II = 1> <Delay = 1.01> <FuncUnit> <Opcode : 'icmp'> <InPorts = 2> <OutPorts = 1>
ST_1 : Operation 117 [1/1] (0.42ns)   --->   "%store_ln0 = store i16 0, i16 %localC_63_0"   --->   Operation 117 'store' 'store_ln0' <Predicate = true> <Delay = 0.42>
ST_1 : Operation 118 [1/1] (0.42ns)   --->   "%store_ln0 = store i16 0, i16 %localC_62_0"   --->   Operation 118 'store' 'store_ln0' <Predicate = true> <Delay = 0.42>
ST_1 : Operation 119 [1/1] (0.42ns)   --->   "%store_ln0 = store i16 0, i16 %localC_61_0"   --->   Operation 119 'store' 'store_ln0' <Predicate = true> <Delay = 0.42>
ST_1 : Operation 120 [1/1] (0.42ns)   --->   "%store_ln0 = store i16 0, i16 %localC_60_0"   --->   Operation 120 'store' 'store_ln0' <Predicate = true> <Delay = 0.42>
ST_1 : Operation 121 [1/1] (0.42ns)   --->   "%store_ln0 = store i16 0, i16 %localC_59_0"   --->   Operation 121 'store' 'store_ln0' <Predicate = true> <Delay = 0.42>
ST_1 : Operation 122 [1/1] (0.42ns)   --->   "%store_ln0 = store i16 0, i16 %localC_58_0"   --->   Operation 122 'store' 'store_ln0' <Predicate = true> <Delay = 0.42>
ST_1 : Operation 123 [1/1] (0.42ns)   --->   "%store_ln0 = store i16 0, i16 %localC_57_0"   --->   Operation 123 'store' 'store_ln0' <Predicate = true> <Delay = 0.42>
ST_1 : Operation 124 [1/1] (0.42ns)   --->   "%store_ln0 = store i16 0, i16 %localC_56_0"   --->   Operation 124 'store' 'store_ln0' <Predicate = true> <Delay = 0.42>
ST_1 : Operation 125 [1/1] (0.42ns)   --->   "%store_ln0 = store i16 0, i16 %localC_55_0"   --->   Operation 125 'store' 'store_ln0' <Predicate = true> <Delay = 0.42>
ST_1 : Operation 126 [1/1] (0.42ns)   --->   "%store_ln0 = store i16 0, i16 %localC_54_0"   --->   Operation 126 'store' 'store_ln0' <Predicate = true> <Delay = 0.42>
ST_1 : Operation 127 [1/1] (0.42ns)   --->   "%store_ln0 = store i16 0, i16 %localC_53_0"   --->   Operation 127 'store' 'store_ln0' <Predicate = true> <Delay = 0.42>
ST_1 : Operation 128 [1/1] (0.42ns)   --->   "%store_ln0 = store i16 0, i16 %localC_52_0"   --->   Operation 128 'store' 'store_ln0' <Predicate = true> <Delay = 0.42>
ST_1 : Operation 129 [1/1] (0.42ns)   --->   "%store_ln0 = store i16 0, i16 %localC_51_0"   --->   Operation 129 'store' 'store_ln0' <Predicate = true> <Delay = 0.42>
ST_1 : Operation 130 [1/1] (0.42ns)   --->   "%store_ln0 = store i16 0, i16 %localC_50_0"   --->   Operation 130 'store' 'store_ln0' <Predicate = true> <Delay = 0.42>
ST_1 : Operation 131 [1/1] (0.42ns)   --->   "%store_ln0 = store i16 0, i16 %localC_49_0"   --->   Operation 131 'store' 'store_ln0' <Predicate = true> <Delay = 0.42>
ST_1 : Operation 132 [1/1] (0.42ns)   --->   "%store_ln0 = store i16 0, i16 %localC_48_0"   --->   Operation 132 'store' 'store_ln0' <Predicate = true> <Delay = 0.42>
ST_1 : Operation 133 [1/1] (0.42ns)   --->   "%store_ln0 = store i16 0, i16 %localC_47_0"   --->   Operation 133 'store' 'store_ln0' <Predicate = true> <Delay = 0.42>
ST_1 : Operation 134 [1/1] (0.42ns)   --->   "%store_ln0 = store i16 0, i16 %localC_46_0"   --->   Operation 134 'store' 'store_ln0' <Predicate = true> <Delay = 0.42>
ST_1 : Operation 135 [1/1] (0.42ns)   --->   "%store_ln0 = store i16 0, i16 %localC_45_0"   --->   Operation 135 'store' 'store_ln0' <Predicate = true> <Delay = 0.42>
ST_1 : Operation 136 [1/1] (0.42ns)   --->   "%store_ln0 = store i16 0, i16 %localC_44_0"   --->   Operation 136 'store' 'store_ln0' <Predicate = true> <Delay = 0.42>
ST_1 : Operation 137 [1/1] (0.42ns)   --->   "%store_ln0 = store i16 0, i16 %localC_43_0"   --->   Operation 137 'store' 'store_ln0' <Predicate = true> <Delay = 0.42>
ST_1 : Operation 138 [1/1] (0.42ns)   --->   "%store_ln0 = store i16 0, i16 %localC_42_0"   --->   Operation 138 'store' 'store_ln0' <Predicate = true> <Delay = 0.42>
ST_1 : Operation 139 [1/1] (0.42ns)   --->   "%store_ln0 = store i16 0, i16 %localC_41_0"   --->   Operation 139 'store' 'store_ln0' <Predicate = true> <Delay = 0.42>
ST_1 : Operation 140 [1/1] (0.42ns)   --->   "%store_ln0 = store i16 0, i16 %localC_40_0"   --->   Operation 140 'store' 'store_ln0' <Predicate = true> <Delay = 0.42>
ST_1 : Operation 141 [1/1] (0.42ns)   --->   "%store_ln0 = store i16 0, i16 %localC_39_0"   --->   Operation 141 'store' 'store_ln0' <Predicate = true> <Delay = 0.42>
ST_1 : Operation 142 [1/1] (0.42ns)   --->   "%store_ln0 = store i16 0, i16 %localC_38_0"   --->   Operation 142 'store' 'store_ln0' <Predicate = true> <Delay = 0.42>
ST_1 : Operation 143 [1/1] (0.42ns)   --->   "%store_ln0 = store i16 0, i16 %localC_37_0"   --->   Operation 143 'store' 'store_ln0' <Predicate = true> <Delay = 0.42>
ST_1 : Operation 144 [1/1] (0.42ns)   --->   "%store_ln0 = store i16 0, i16 %localC_36_0"   --->   Operation 144 'store' 'store_ln0' <Predicate = true> <Delay = 0.42>
ST_1 : Operation 145 [1/1] (0.42ns)   --->   "%store_ln0 = store i16 0, i16 %localC_35_0"   --->   Operation 145 'store' 'store_ln0' <Predicate = true> <Delay = 0.42>
ST_1 : Operation 146 [1/1] (0.42ns)   --->   "%store_ln0 = store i16 0, i16 %localC_34_0"   --->   Operation 146 'store' 'store_ln0' <Predicate = true> <Delay = 0.42>
ST_1 : Operation 147 [1/1] (0.42ns)   --->   "%store_ln0 = store i16 0, i16 %localC_33_0"   --->   Operation 147 'store' 'store_ln0' <Predicate = true> <Delay = 0.42>
ST_1 : Operation 148 [1/1] (0.42ns)   --->   "%store_ln0 = store i16 0, i16 %localC_32_0"   --->   Operation 148 'store' 'store_ln0' <Predicate = true> <Delay = 0.42>
ST_1 : Operation 149 [1/1] (0.42ns)   --->   "%store_ln0 = store i16 0, i16 %localC_31_0"   --->   Operation 149 'store' 'store_ln0' <Predicate = true> <Delay = 0.42>
ST_1 : Operation 150 [1/1] (0.42ns)   --->   "%store_ln0 = store i16 0, i16 %localC_30_0"   --->   Operation 150 'store' 'store_ln0' <Predicate = true> <Delay = 0.42>
ST_1 : Operation 151 [1/1] (0.42ns)   --->   "%store_ln0 = store i16 0, i16 %localC_29_0"   --->   Operation 151 'store' 'store_ln0' <Predicate = true> <Delay = 0.42>
ST_1 : Operation 152 [1/1] (0.42ns)   --->   "%store_ln0 = store i16 0, i16 %localC_28_0"   --->   Operation 152 'store' 'store_ln0' <Predicate = true> <Delay = 0.42>
ST_1 : Operation 153 [1/1] (0.42ns)   --->   "%store_ln0 = store i16 0, i16 %localC_27_0"   --->   Operation 153 'store' 'store_ln0' <Predicate = true> <Delay = 0.42>
ST_1 : Operation 154 [1/1] (0.42ns)   --->   "%store_ln0 = store i16 0, i16 %localC_26_0"   --->   Operation 154 'store' 'store_ln0' <Predicate = true> <Delay = 0.42>
ST_1 : Operation 155 [1/1] (0.42ns)   --->   "%store_ln0 = store i16 0, i16 %localC_25_0"   --->   Operation 155 'store' 'store_ln0' <Predicate = true> <Delay = 0.42>
ST_1 : Operation 156 [1/1] (0.42ns)   --->   "%store_ln0 = store i16 0, i16 %localC_24_0"   --->   Operation 156 'store' 'store_ln0' <Predicate = true> <Delay = 0.42>
ST_1 : Operation 157 [1/1] (0.42ns)   --->   "%store_ln0 = store i16 0, i16 %localC_23_0"   --->   Operation 157 'store' 'store_ln0' <Predicate = true> <Delay = 0.42>
ST_1 : Operation 158 [1/1] (0.42ns)   --->   "%store_ln0 = store i16 0, i16 %localC_22_0"   --->   Operation 158 'store' 'store_ln0' <Predicate = true> <Delay = 0.42>
ST_1 : Operation 159 [1/1] (0.42ns)   --->   "%store_ln0 = store i16 0, i16 %localC_21_0"   --->   Operation 159 'store' 'store_ln0' <Predicate = true> <Delay = 0.42>
ST_1 : Operation 160 [1/1] (0.42ns)   --->   "%store_ln0 = store i16 0, i16 %localC_20_0"   --->   Operation 160 'store' 'store_ln0' <Predicate = true> <Delay = 0.42>
ST_1 : Operation 161 [1/1] (0.42ns)   --->   "%store_ln0 = store i16 0, i16 %localC_19_0"   --->   Operation 161 'store' 'store_ln0' <Predicate = true> <Delay = 0.42>
ST_1 : Operation 162 [1/1] (0.42ns)   --->   "%store_ln0 = store i16 0, i16 %localC_18_0"   --->   Operation 162 'store' 'store_ln0' <Predicate = true> <Delay = 0.42>
ST_1 : Operation 163 [1/1] (0.42ns)   --->   "%store_ln0 = store i16 0, i16 %localC_17_0"   --->   Operation 163 'store' 'store_ln0' <Predicate = true> <Delay = 0.42>
ST_1 : Operation 164 [1/1] (0.42ns)   --->   "%store_ln0 = store i16 0, i16 %localC_16_0"   --->   Operation 164 'store' 'store_ln0' <Predicate = true> <Delay = 0.42>
ST_1 : Operation 165 [1/1] (0.42ns)   --->   "%store_ln0 = store i16 0, i16 %localC_15_0"   --->   Operation 165 'store' 'store_ln0' <Predicate = true> <Delay = 0.42>
ST_1 : Operation 166 [1/1] (0.42ns)   --->   "%store_ln0 = store i16 0, i16 %localC_14_0"   --->   Operation 166 'store' 'store_ln0' <Predicate = true> <Delay = 0.42>
ST_1 : Operation 167 [1/1] (0.42ns)   --->   "%store_ln0 = store i16 0, i16 %localC_13_0"   --->   Operation 167 'store' 'store_ln0' <Predicate = true> <Delay = 0.42>
ST_1 : Operation 168 [1/1] (0.42ns)   --->   "%store_ln0 = store i16 0, i16 %localC_12_0"   --->   Operation 168 'store' 'store_ln0' <Predicate = true> <Delay = 0.42>
ST_1 : Operation 169 [1/1] (0.42ns)   --->   "%store_ln0 = store i16 0, i16 %localC_11_0"   --->   Operation 169 'store' 'store_ln0' <Predicate = true> <Delay = 0.42>
ST_1 : Operation 170 [1/1] (0.42ns)   --->   "%store_ln0 = store i16 0, i16 %localC_10_0"   --->   Operation 170 'store' 'store_ln0' <Predicate = true> <Delay = 0.42>
ST_1 : Operation 171 [1/1] (0.42ns)   --->   "%store_ln0 = store i16 0, i16 %localC_9_0"   --->   Operation 171 'store' 'store_ln0' <Predicate = true> <Delay = 0.42>
ST_1 : Operation 172 [1/1] (0.42ns)   --->   "%store_ln0 = store i16 0, i16 %localC_8_0"   --->   Operation 172 'store' 'store_ln0' <Predicate = true> <Delay = 0.42>
ST_1 : Operation 173 [1/1] (0.42ns)   --->   "%store_ln0 = store i16 0, i16 %localC_7_0"   --->   Operation 173 'store' 'store_ln0' <Predicate = true> <Delay = 0.42>
ST_1 : Operation 174 [1/1] (0.42ns)   --->   "%store_ln0 = store i16 0, i16 %localC_6_0"   --->   Operation 174 'store' 'store_ln0' <Predicate = true> <Delay = 0.42>
ST_1 : Operation 175 [1/1] (0.42ns)   --->   "%store_ln0 = store i16 0, i16 %localC_5_0"   --->   Operation 175 'store' 'store_ln0' <Predicate = true> <Delay = 0.42>
ST_1 : Operation 176 [1/1] (0.42ns)   --->   "%store_ln0 = store i16 0, i16 %localC_4_0"   --->   Operation 176 'store' 'store_ln0' <Predicate = true> <Delay = 0.42>
ST_1 : Operation 177 [1/1] (0.42ns)   --->   "%store_ln0 = store i16 0, i16 %localC_3_0"   --->   Operation 177 'store' 'store_ln0' <Predicate = true> <Delay = 0.42>
ST_1 : Operation 178 [1/1] (0.42ns)   --->   "%store_ln0 = store i16 0, i16 %localC_2_0"   --->   Operation 178 'store' 'store_ln0' <Predicate = true> <Delay = 0.42>
ST_1 : Operation 179 [1/1] (0.42ns)   --->   "%store_ln0 = store i16 0, i16 %localC_1_0"   --->   Operation 179 'store' 'store_ln0' <Predicate = true> <Delay = 0.42>
ST_1 : Operation 180 [1/1] (0.42ns)   --->   "%store_ln0 = store i16 0, i16 %localC_0"   --->   Operation 180 'store' 'store_ln0' <Predicate = true> <Delay = 0.42>
ST_1 : Operation 181 [1/1] (0.42ns)   --->   "%store_ln176 = store i3 0, i3 %q" [mmult.cpp:176]   --->   Operation 181 'store' 'store_ln176' <Predicate = true> <Delay = 0.42>

State 2 <SV = 1> <Delay = 2.36>
ST_2 : Operation 182 [2/2] (2.36ns)   --->   "%mul_ln145 = mul i32 %a_col_read, i32 %a_row_read" [mmult.cpp:145]   --->   Operation 182 'mul' 'mul_ln145' <Predicate = (icmp_ln156 & icmp_ln145)> <Delay = 2.36> <CoreInst = "Multiplier">   --->   Core 3 'Multiplier' <Latency = 1> <II = 1> <Delay = 2.36> <FuncUnit> <Opcode : 'mul'> <InPorts = 2> <OutPorts = 1>
ST_2 : Operation 183 [2/2] (2.36ns)   --->   "%mul_ln156 = mul i32 %b_col_read, i32 %a_col_read" [mmult.cpp:156]   --->   Operation 183 'mul' 'mul_ln156' <Predicate = (icmp_ln156 & cmp199)> <Delay = 2.36> <CoreInst = "Multiplier">   --->   Core 3 'Multiplier' <Latency = 1> <II = 1> <Delay = 2.36> <FuncUnit> <Opcode : 'mul'> <InPorts = 2> <OutPorts = 1>

State 3 <SV = 2> <Delay = 2.36>
ST_3 : Operation 184 [1/2] (2.36ns)   --->   "%mul_ln145 = mul i32 %a_col_read, i32 %a_row_read" [mmult.cpp:145]   --->   Operation 184 'mul' 'mul_ln145' <Predicate = (icmp_ln156 & icmp_ln145)> <Delay = 2.36> <CoreInst = "Multiplier">   --->   Core 3 'Multiplier' <Latency = 1> <II = 1> <Delay = 2.36> <FuncUnit> <Opcode : 'mul'> <InPorts = 2> <OutPorts = 1>
ST_3 : Operation 185 [1/2] (2.36ns)   --->   "%mul_ln156 = mul i32 %b_col_read, i32 %a_col_read" [mmult.cpp:156]   --->   Operation 185 'mul' 'mul_ln156' <Predicate = (icmp_ln156 & cmp199)> <Delay = 2.36> <CoreInst = "Multiplier">   --->   Core 3 'Multiplier' <Latency = 1> <II = 1> <Delay = 2.36> <FuncUnit> <Opcode : 'mul'> <InPorts = 2> <OutPorts = 1>

State 4 <SV = 3> <Delay = 0.44>
ST_4 : Operation 186 [1/1] (0.00ns) (grouped into LUT with out node empty)   --->   "%select_ln145 = select i1 %icmp_ln156, i32 %mul_ln145, i32 0" [mmult.cpp:145]   --->   Operation 186 'select' 'select_ln145' <Predicate = (icmp_ln145)> <Delay = 0.00> <CoreInst = "Sel">   --->   Core 73 'Sel' <Latency = 0> <II = 1> <Delay = 0.44> <FuncUnit> <Opcode : 'select'> <InPorts = 3> <OutPorts = 1>
ST_4 : Operation 187 [1/1] (0.44ns) (out node of the LUT)   --->   "%empty = select i1 %icmp_ln145, i32 %select_ln145, i32 0" [mmult.cpp:145]   --->   Operation 187 'select' 'empty' <Predicate = true> <Delay = 0.44> <CoreInst = "Sel">   --->   Core 73 'Sel' <Latency = 0> <II = 1> <Delay = 0.44> <FuncUnit> <Opcode : 'select'> <InPorts = 3> <OutPorts = 1>
ST_4 : Operation 188 [1/1] (0.00ns) (grouped into LUT with out node empty_26)   --->   "%select_ln156 = select i1 %cmp199, i32 %mul_ln156, i32 0" [mmult.cpp:156]   --->   Operation 188 'select' 'select_ln156' <Predicate = (icmp_ln156)> <Delay = 0.00> <CoreInst = "Sel">   --->   Core 73 'Sel' <Latency = 0> <II = 1> <Delay = 0.44> <FuncUnit> <Opcode : 'select'> <InPorts = 3> <OutPorts = 1>
ST_4 : Operation 189 [1/1] (0.44ns) (out node of the LUT)   --->   "%empty_26 = select i1 %icmp_ln156, i32 %select_ln156, i32 0" [mmult.cpp:156]   --->   Operation 189 'select' 'empty_26' <Predicate = true> <Delay = 0.44> <CoreInst = "Sel">   --->   Core 73 'Sel' <Latency = 0> <II = 1> <Delay = 0.44> <FuncUnit> <Opcode : 'select'> <InPorts = 3> <OutPorts = 1>

State 5 <SV = 4> <Delay = 2.40>
ST_5 : Operation 190 [1/1] (0.00ns)   --->   "%gmem0_addr = getelementptr i8 %gmem0, i64 %a_read" [mmult.cpp:145]   --->   Operation 190 'getelementptr' 'gmem0_addr' <Predicate = true> <Delay = 0.00>
ST_5 : Operation 191 [8/8] (2.40ns)   --->   "%empty_25 = readreq i1 @_ssdm_op_ReadReq.m_axi.p1i8, i64 %gmem0_addr, i32 %empty" [mmult.cpp:145]   --->   Operation 191 'readreq' 'empty_25' <Predicate = true> <Delay = 2.40> <CoreInst = "m_axi">   --->   Core 121 'm_axi' <Latency = 0> <II = 1> <Delay = 1.00> <Adapter> <Opcode : 'read' 'write' 'readreq' 'writereq' 'writeresp'>
ST_5 : Operation 192 [1/1] (0.00ns)   --->   "%gmem1_addr = getelementptr i8 %gmem1, i64 %b_read" [mmult.cpp:156]   --->   Operation 192 'getelementptr' 'gmem1_addr' <Predicate = true> <Delay = 0.00>
ST_5 : Operation 193 [8/8] (2.40ns)   --->   "%empty_27 = readreq i1 @_ssdm_op_ReadReq.m_axi.p1i8, i64 %gmem1_addr, i32 %empty_26" [mmult.cpp:156]   --->   Operation 193 'readreq' 'empty_27' <Predicate = true> <Delay = 2.40> <CoreInst = "m_axi">   --->   Core 121 'm_axi' <Latency = 0> <II = 1> <Delay = 1.00> <Adapter> <Opcode : 'read' 'write' 'readreq' 'writereq' 'writeresp'>

State 6 <SV = 5> <Delay = 2.40>
ST_6 : Operation 194 [7/8] (2.40ns)   --->   "%empty_25 = readreq i1 @_ssdm_op_ReadReq.m_axi.p1i8, i64 %gmem0_addr, i32 %empty" [mmult.cpp:145]   --->   Operation 194 'readreq' 'empty_25' <Predicate = true> <Delay = 2.40> <CoreInst = "m_axi">   --->   Core 121 'm_axi' <Latency = 0> <II = 1> <Delay = 1.00> <Adapter> <Opcode : 'read' 'write' 'readreq' 'writereq' 'writeresp'>
ST_6 : Operation 195 [7/8] (2.40ns)   --->   "%empty_27 = readreq i1 @_ssdm_op_ReadReq.m_axi.p1i8, i64 %gmem1_addr, i32 %empty_26" [mmult.cpp:156]   --->   Operation 195 'readreq' 'empty_27' <Predicate = true> <Delay = 2.40> <CoreInst = "m_axi">   --->   Core 121 'm_axi' <Latency = 0> <II = 1> <Delay = 1.00> <Adapter> <Opcode : 'read' 'write' 'readreq' 'writereq' 'writeresp'>

State 7 <SV = 6> <Delay = 2.40>
ST_7 : Operation 196 [6/8] (2.40ns)   --->   "%empty_25 = readreq i1 @_ssdm_op_ReadReq.m_axi.p1i8, i64 %gmem0_addr, i32 %empty" [mmult.cpp:145]   --->   Operation 196 'readreq' 'empty_25' <Predicate = true> <Delay = 2.40> <CoreInst = "m_axi">   --->   Core 121 'm_axi' <Latency = 0> <II = 1> <Delay = 1.00> <Adapter> <Opcode : 'read' 'write' 'readreq' 'writereq' 'writeresp'>
ST_7 : Operation 197 [6/8] (2.40ns)   --->   "%empty_27 = readreq i1 @_ssdm_op_ReadReq.m_axi.p1i8, i64 %gmem1_addr, i32 %empty_26" [mmult.cpp:156]   --->   Operation 197 'readreq' 'empty_27' <Predicate = true> <Delay = 2.40> <CoreInst = "m_axi">   --->   Core 121 'm_axi' <Latency = 0> <II = 1> <Delay = 1.00> <Adapter> <Opcode : 'read' 'write' 'readreq' 'writereq' 'writeresp'>

State 8 <SV = 7> <Delay = 2.40>
ST_8 : Operation 198 [5/8] (2.40ns)   --->   "%empty_25 = readreq i1 @_ssdm_op_ReadReq.m_axi.p1i8, i64 %gmem0_addr, i32 %empty" [mmult.cpp:145]   --->   Operation 198 'readreq' 'empty_25' <Predicate = true> <Delay = 2.40> <CoreInst = "m_axi">   --->   Core 121 'm_axi' <Latency = 0> <II = 1> <Delay = 1.00> <Adapter> <Opcode : 'read' 'write' 'readreq' 'writereq' 'writeresp'>
ST_8 : Operation 199 [5/8] (2.40ns)   --->   "%empty_27 = readreq i1 @_ssdm_op_ReadReq.m_axi.p1i8, i64 %gmem1_addr, i32 %empty_26" [mmult.cpp:156]   --->   Operation 199 'readreq' 'empty_27' <Predicate = true> <Delay = 2.40> <CoreInst = "m_axi">   --->   Core 121 'm_axi' <Latency = 0> <II = 1> <Delay = 1.00> <Adapter> <Opcode : 'read' 'write' 'readreq' 'writereq' 'writeresp'>

State 9 <SV = 8> <Delay = 2.40>
ST_9 : Operation 200 [4/8] (2.40ns)   --->   "%empty_25 = readreq i1 @_ssdm_op_ReadReq.m_axi.p1i8, i64 %gmem0_addr, i32 %empty" [mmult.cpp:145]   --->   Operation 200 'readreq' 'empty_25' <Predicate = true> <Delay = 2.40> <CoreInst = "m_axi">   --->   Core 121 'm_axi' <Latency = 0> <II = 1> <Delay = 1.00> <Adapter> <Opcode : 'read' 'write' 'readreq' 'writereq' 'writeresp'>
ST_9 : Operation 201 [4/8] (2.40ns)   --->   "%empty_27 = readreq i1 @_ssdm_op_ReadReq.m_axi.p1i8, i64 %gmem1_addr, i32 %empty_26" [mmult.cpp:156]   --->   Operation 201 'readreq' 'empty_27' <Predicate = true> <Delay = 2.40> <CoreInst = "m_axi">   --->   Core 121 'm_axi' <Latency = 0> <II = 1> <Delay = 1.00> <Adapter> <Opcode : 'read' 'write' 'readreq' 'writereq' 'writeresp'>

State 10 <SV = 9> <Delay = 2.40>
ST_10 : Operation 202 [3/8] (2.40ns)   --->   "%empty_25 = readreq i1 @_ssdm_op_ReadReq.m_axi.p1i8, i64 %gmem0_addr, i32 %empty" [mmult.cpp:145]   --->   Operation 202 'readreq' 'empty_25' <Predicate = true> <Delay = 2.40> <CoreInst = "m_axi">   --->   Core 121 'm_axi' <Latency = 0> <II = 1> <Delay = 1.00> <Adapter> <Opcode : 'read' 'write' 'readreq' 'writereq' 'writeresp'>
ST_10 : Operation 203 [3/8] (2.40ns)   --->   "%empty_27 = readreq i1 @_ssdm_op_ReadReq.m_axi.p1i8, i64 %gmem1_addr, i32 %empty_26" [mmult.cpp:156]   --->   Operation 203 'readreq' 'empty_27' <Predicate = true> <Delay = 2.40> <CoreInst = "m_axi">   --->   Core 121 'm_axi' <Latency = 0> <II = 1> <Delay = 1.00> <Adapter> <Opcode : 'read' 'write' 'readreq' 'writereq' 'writeresp'>

State 11 <SV = 10> <Delay = 2.40>
ST_11 : Operation 204 [2/8] (2.40ns)   --->   "%empty_25 = readreq i1 @_ssdm_op_ReadReq.m_axi.p1i8, i64 %gmem0_addr, i32 %empty" [mmult.cpp:145]   --->   Operation 204 'readreq' 'empty_25' <Predicate = true> <Delay = 2.40> <CoreInst = "m_axi">   --->   Core 121 'm_axi' <Latency = 0> <II = 1> <Delay = 1.00> <Adapter> <Opcode : 'read' 'write' 'readreq' 'writereq' 'writeresp'>
ST_11 : Operation 205 [2/8] (2.40ns)   --->   "%empty_27 = readreq i1 @_ssdm_op_ReadReq.m_axi.p1i8, i64 %gmem1_addr, i32 %empty_26" [mmult.cpp:156]   --->   Operation 205 'readreq' 'empty_27' <Predicate = true> <Delay = 2.40> <CoreInst = "m_axi">   --->   Core 121 'm_axi' <Latency = 0> <II = 1> <Delay = 1.00> <Adapter> <Opcode : 'read' 'write' 'readreq' 'writereq' 'writeresp'>

State 12 <SV = 11> <Delay = 2.40>
ST_12 : Operation 206 [1/8] (2.40ns)   --->   "%empty_25 = readreq i1 @_ssdm_op_ReadReq.m_axi.p1i8, i64 %gmem0_addr, i32 %empty" [mmult.cpp:145]   --->   Operation 206 'readreq' 'empty_25' <Predicate = true> <Delay = 2.40> <CoreInst = "m_axi">   --->   Core 121 'm_axi' <Latency = 0> <II = 1> <Delay = 1.00> <Adapter> <Opcode : 'read' 'write' 'readreq' 'writereq' 'writeresp'>
ST_12 : Operation 207 [1/1] (0.00ns)   --->   "%zext_ln107 = zext i32 %a_row_read" [mmult.cpp:107]   --->   Operation 207 'zext' 'zext_ln107' <Predicate = true> <Delay = 0.00>
ST_12 : Operation 208 [1/1] (0.00ns)   --->   "%zext_ln107_1 = zext i32 %a_col_read" [mmult.cpp:107]   --->   Operation 208 'zext' 'zext_ln107_1' <Predicate = true> <Delay = 0.00>
ST_12 : Operation 209 [2/2] (2.36ns)   --->   "%mul_ln107 = mul i64 %zext_ln107, i64 %zext_ln107_1" [mmult.cpp:107]   --->   Operation 209 'mul' 'mul_ln107' <Predicate = true> <Delay = 2.36> <CoreInst = "Multiplier">   --->   Core 3 'Multiplier' <Latency = 1> <II = 1> <Delay = 2.36> <FuncUnit> <Opcode : 'mul'> <InPorts = 2> <OutPorts = 1>
ST_12 : Operation 210 [1/8] (2.40ns)   --->   "%empty_27 = readreq i1 @_ssdm_op_ReadReq.m_axi.p1i8, i64 %gmem1_addr, i32 %empty_26" [mmult.cpp:156]   --->   Operation 210 'readreq' 'empty_27' <Predicate = true> <Delay = 2.40> <CoreInst = "m_axi">   --->   Core 121 'm_axi' <Latency = 0> <II = 1> <Delay = 1.00> <Adapter> <Opcode : 'read' 'write' 'readreq' 'writereq' 'writeresp'>
ST_12 : Operation 211 [1/1] (0.00ns)   --->   "%zext_ln145 = zext i32 %b_col_read" [mmult.cpp:145]   --->   Operation 211 'zext' 'zext_ln145' <Predicate = true> <Delay = 0.00>
ST_12 : Operation 212 [2/2] (2.36ns)   --->   "%mul_ln145_1 = mul i64 %zext_ln107_1, i64 %zext_ln145" [mmult.cpp:145]   --->   Operation 212 'mul' 'mul_ln145_1' <Predicate = true> <Delay = 2.36> <CoreInst = "Multiplier">   --->   Core 3 'Multiplier' <Latency = 1> <II = 1> <Delay = 2.36> <FuncUnit> <Opcode : 'mul'> <InPorts = 2> <OutPorts = 1>

State 13 <SV = 12> <Delay = 2.36>
ST_13 : Operation 213 [1/2] (2.36ns)   --->   "%mul_ln107 = mul i64 %zext_ln107, i64 %zext_ln107_1" [mmult.cpp:107]   --->   Operation 213 'mul' 'mul_ln107' <Predicate = true> <Delay = 2.36> <CoreInst = "Multiplier">   --->   Core 3 'Multiplier' <Latency = 1> <II = 1> <Delay = 2.36> <FuncUnit> <Opcode : 'mul'> <InPorts = 2> <OutPorts = 1>
ST_13 : Operation 214 [2/2] (0.00ns)   --->   "%call_ln107 = call void @mmult_Pipeline_readA_VITIS_LOOP_147_1, i8 %gmem0, i32 %a_col_read, i64 %mul_ln107, i64 %a_read, i8 %localA_7, i8 %localA_6, i8 %localA_5, i8 %localA_4, i8 %localA_3, i8 %localA_2, i8 %localA_1, i8 %localA" [mmult.cpp:107]   --->   Operation 214 'call' 'call_ln107' <Predicate = true> <Delay = 0.00> <CoreType = "Generic">   --->   Core 0 '' <Latency = 0> <II = 1> <Delay = 1.00> <Generic> <Opcode : >
ST_13 : Operation 215 [1/2] (2.36ns)   --->   "%mul_ln145_1 = mul i64 %zext_ln107_1, i64 %zext_ln145" [mmult.cpp:145]   --->   Operation 215 'mul' 'mul_ln145_1' <Predicate = true> <Delay = 2.36> <CoreInst = "Multiplier">   --->   Core 3 'Multiplier' <Latency = 1> <II = 1> <Delay = 2.36> <FuncUnit> <Opcode : 'mul'> <InPorts = 2> <OutPorts = 1>
ST_13 : Operation 216 [2/2] (0.00ns)   --->   "%call_ln145 = call void @mmult_Pipeline_readB_VITIS_LOOP_158_2, i8 %gmem1, i32 %b_col_read, i64 %mul_ln145_1, i64 %b_read, i8 %localB, i8 %localB_1, i8 %localB_2, i8 %localB_3, i8 %localB_4, i8 %localB_5, i8 %localB_6, i8 %localB_7" [mmult.cpp:145]   --->   Operation 216 'call' 'call_ln145' <Predicate = true> <Delay = 0.00> <CoreType = "Generic">   --->   Core 0 '' <Latency = 0> <II = 1> <Delay = 1.00> <Generic> <Opcode : >

State 14 <SV = 13> <Delay = 0.00>
ST_14 : Operation 217 [1/1] (0.00ns)   --->   "%spectopmodule_ln107 = spectopmodule void @_ssdm_op_SpecTopModule, void @empty_11" [mmult.cpp:107]   --->   Operation 217 'spectopmodule' 'spectopmodule_ln107' <Predicate = true> <Delay = 0.00>
ST_14 : Operation 218 [1/1] (0.00ns)   --->   "%specinterface_ln0 = specinterface void @_ssdm_op_SpecInterface, i8 %gmem0, void @empty_2, i32 0, i32 0, void @empty_3, i32 0, i32 0, void @empty_4, void @empty_10, void @empty_3, i32 16, i32 16, i32 16, i32 16, void @empty_3, void @empty_3, i32 4294967295, i32 0"   --->   Operation 218 'specinterface' 'specinterface_ln0' <Predicate = true> <Delay = 0.00>
ST_14 : Operation 219 [1/1] (0.00ns)   --->   "%specbitsmap_ln0 = specbitsmap void @_ssdm_op_SpecBitsMap, i8 %gmem0"   --->   Operation 219 'specbitsmap' 'specbitsmap_ln0' <Predicate = true> <Delay = 0.00>
ST_14 : Operation 220 [1/1] (0.00ns)   --->   "%specinterface_ln0 = specinterface void @_ssdm_op_SpecInterface, i8 %gmem1, void @empty_2, i32 0, i32 0, void @empty_3, i32 0, i32 0, void @empty_5, void @empty_10, void @empty_3, i32 16, i32 16, i32 16, i32 16, void @empty_3, void @empty_3, i32 4294967295, i32 0"   --->   Operation 220 'specinterface' 'specinterface_ln0' <Predicate = true> <Delay = 0.00>
ST_14 : Operation 221 [1/1] (0.00ns)   --->   "%specbitsmap_ln0 = specbitsmap void @_ssdm_op_SpecBitsMap, i8 %gmem1"   --->   Operation 221 'specbitsmap' 'specbitsmap_ln0' <Predicate = true> <Delay = 0.00>
ST_14 : Operation 222 [1/1] (0.00ns)   --->   "%specinterface_ln0 = specinterface void @_ssdm_op_SpecInterface, i16 %gmem2, void @empty_2, i32 0, i32 0, void @empty_3, i32 0, i32 0, void @empty_6, void @empty_10, void @empty_3, i32 16, i32 16, i32 16, i32 16, void @empty_3, void @empty_3, i32 4294967295, i32 0"   --->   Operation 222 'specinterface' 'specinterface_ln0' <Predicate = true> <Delay = 0.00>
ST_14 : Operation 223 [1/1] (0.00ns)   --->   "%specbitsmap_ln0 = specbitsmap void @_ssdm_op_SpecBitsMap, i16 %gmem2"   --->   Operation 223 'specbitsmap' 'specbitsmap_ln0' <Predicate = true> <Delay = 0.00>
ST_14 : Operation 224 [1/1] (0.00ns)   --->   "%specinterface_ln0 = specinterface void @_ssdm_op_SpecInterface, i64 %a, void @empty_15, i32 0, i32 0, void @empty_3, i32 0, i32 0, void @empty_12, void @empty_16, void @empty_3, i32 0, i32 0, i32 0, i32 0, void @empty_3, void @empty, i32 4294967295, i32 0"   --->   Operation 224 'specinterface' 'specinterface_ln0' <Predicate = true> <Delay = 0.00>
ST_14 : Operation 225 [1/1] (0.00ns)   --->   "%specinterface_ln0 = specinterface void @_ssdm_op_SpecInterface, i64 %a, void @empty_14, i32 0, i32 0, void @empty_3, i32 0, i32 0, void @empty_3, void @empty_3, void @empty_3, i32 0, i32 0, i32 0, i32 0, void @empty_3, void @empty, i32 4294967295, i32 0"   --->   Operation 225 'specinterface' 'specinterface_ln0' <Predicate = true> <Delay = 0.00>
ST_14 : Operation 226 [1/1] (0.00ns)   --->   "%specinterface_ln0 = specinterface void @_ssdm_op_SpecInterface, i64 %b, void @empty_15, i32 0, i32 0, void @empty_3, i32 0, i32 0, void @empty_12, void @empty_0, void @empty_3, i32 0, i32 0, i32 0, i32 0, void @empty_3, void @empty, i32 4294967295, i32 0"   --->   Operation 226 'specinterface' 'specinterface_ln0' <Predicate = true> <Delay = 0.00>
ST_14 : Operation 227 [1/1] (0.00ns)   --->   "%specinterface_ln0 = specinterface void @_ssdm_op_SpecInterface, i64 %b, void @empty_14, i32 0, i32 0, void @empty_3, i32 0, i32 0, void @empty_3, void @empty_3, void @empty_3, i32 0, i32 0, i32 0, i32 0, void @empty_3, void @empty, i32 4294967295, i32 0"   --->   Operation 227 'specinterface' 'specinterface_ln0' <Predicate = true> <Delay = 0.00>
ST_14 : Operation 228 [1/1] (0.00ns)   --->   "%specinterface_ln0 = specinterface void @_ssdm_op_SpecInterface, i64 %c, void @empty_15, i32 0, i32 0, void @empty_3, i32 0, i32 0, void @empty_12, void @empty_1, void @empty_3, i32 0, i32 0, i32 0, i32 0, void @empty_3, void @empty, i32 4294967295, i32 0"   --->   Operation 228 'specinterface' 'specinterface_ln0' <Predicate = true> <Delay = 0.00>
ST_14 : Operation 229 [1/1] (0.00ns)   --->   "%specinterface_ln0 = specinterface void @_ssdm_op_SpecInterface, i64 %c, void @empty_14, i32 0, i32 0, void @empty_3, i32 0, i32 0, void @empty_3, void @empty_3, void @empty_3, i32 0, i32 0, i32 0, i32 0, void @empty_3, void @empty, i32 4294967295, i32 0"   --->   Operation 229 'specinterface' 'specinterface_ln0' <Predicate = true> <Delay = 0.00>
ST_14 : Operation 230 [1/1] (0.00ns)   --->   "%specbitsmap_ln0 = specbitsmap void @_ssdm_op_SpecBitsMap, i32 %a_row"   --->   Operation 230 'specbitsmap' 'specbitsmap_ln0' <Predicate = true> <Delay = 0.00>
ST_14 : Operation 231 [1/1] (0.00ns)   --->   "%specinterface_ln0 = specinterface void @_ssdm_op_SpecInterface, i32 %a_row, void @empty_15, i32 0, i32 0, void @empty_3, i32 0, i32 0, void @empty_12, void @empty_7, void @empty_3, i32 0, i32 0, i32 0, i32 0, void @empty_3, void @empty_3, i32 4294967295, i32 0"   --->   Operation 231 'specinterface' 'specinterface_ln0' <Predicate = true> <Delay = 0.00>
ST_14 : Operation 232 [1/1] (0.00ns)   --->   "%specinterface_ln0 = specinterface void @_ssdm_op_SpecInterface, i32 %a_row, void @empty_14, i32 0, i32 0, void @empty_3, i32 0, i32 0, void @empty_3, void @empty_3, void @empty_3, i32 0, i32 0, i32 0, i32 0, void @empty_3, void @empty_3, i32 4294967295, i32 0"   --->   Operation 232 'specinterface' 'specinterface_ln0' <Predicate = true> <Delay = 0.00>
ST_14 : Operation 233 [1/1] (0.00ns)   --->   "%specbitsmap_ln0 = specbitsmap void @_ssdm_op_SpecBitsMap, i32 %a_col"   --->   Operation 233 'specbitsmap' 'specbitsmap_ln0' <Predicate = true> <Delay = 0.00>
ST_14 : Operation 234 [1/1] (0.00ns)   --->   "%specinterface_ln0 = specinterface void @_ssdm_op_SpecInterface, i32 %a_col, void @empty_15, i32 0, i32 0, void @empty_3, i32 0, i32 0, void @empty_12, void @empty_8, void @empty_3, i32 0, i32 0, i32 0, i32 0, void @empty_3, void @empty_3, i32 4294967295, i32 0"   --->   Operation 234 'specinterface' 'specinterface_ln0' <Predicate = true> <Delay = 0.00>
ST_14 : Operation 235 [1/1] (0.00ns)   --->   "%specinterface_ln0 = specinterface void @_ssdm_op_SpecInterface, i32 %a_col, void @empty_14, i32 0, i32 0, void @empty_3, i32 0, i32 0, void @empty_3, void @empty_3, void @empty_3, i32 0, i32 0, i32 0, i32 0, void @empty_3, void @empty_3, i32 4294967295, i32 0"   --->   Operation 235 'specinterface' 'specinterface_ln0' <Predicate = true> <Delay = 0.00>
ST_14 : Operation 236 [1/1] (0.00ns)   --->   "%specbitsmap_ln0 = specbitsmap void @_ssdm_op_SpecBitsMap, i32 %b_col"   --->   Operation 236 'specbitsmap' 'specbitsmap_ln0' <Predicate = true> <Delay = 0.00>
ST_14 : Operation 237 [1/1] (0.00ns)   --->   "%specinterface_ln0 = specinterface void @_ssdm_op_SpecInterface, i32 %b_col, void @empty_15, i32 0, i32 0, void @empty_3, i32 0, i32 0, void @empty_12, void @empty_9, void @empty_3, i32 0, i32 0, i32 0, i32 0, void @empty_3, void @empty_3, i32 4294967295, i32 0"   --->   Operation 237 'specinterface' 'specinterface_ln0' <Predicate = true> <Delay = 0.00>
ST_14 : Operation 238 [1/1] (0.00ns)   --->   "%specinterface_ln0 = specinterface void @_ssdm_op_SpecInterface, i32 %b_col, void @empty_14, i32 0, i32 0, void @empty_3, i32 0, i32 0, void @empty_3, void @empty_3, void @empty_3, i32 0, i32 0, i32 0, i32 0, void @empty_3, void @empty_3, i32 4294967295, i32 0"   --->   Operation 238 'specinterface' 'specinterface_ln0' <Predicate = true> <Delay = 0.00>
ST_14 : Operation 239 [1/1] (0.00ns)   --->   "%specinterface_ln0 = specinterface void @_ssdm_op_SpecInterface, i32 0, void @empty_15, i32 0, i32 0, void @empty_3, i32 0, i32 0, void @empty_12, void @empty_3, void @empty_3, i32 0, i32 0, i32 0, i32 0, void @empty_3, void @empty_3, i32 4294967295, i32 0"   --->   Operation 239 'specinterface' 'specinterface_ln0' <Predicate = true> <Delay = 0.00>
ST_14 : Operation 240 [1/1] (0.00ns)   --->   "%specmemcore_ln132 = specmemcore void @_ssdm_op_SpecMemCore, i8 %localA_7, i64 666, i64 23, i64 18446744073709551615" [mmult.cpp:132]   --->   Operation 240 'specmemcore' 'specmemcore_ln132' <Predicate = true> <Delay = 0.00>
ST_14 : Operation 241 [1/1] (0.00ns)   --->   "%specmemcore_ln132 = specmemcore void @_ssdm_op_SpecMemCore, i8 %localA_6, i64 666, i64 23, i64 18446744073709551615" [mmult.cpp:132]   --->   Operation 241 'specmemcore' 'specmemcore_ln132' <Predicate = true> <Delay = 0.00>
ST_14 : Operation 242 [1/1] (0.00ns)   --->   "%specmemcore_ln132 = specmemcore void @_ssdm_op_SpecMemCore, i8 %localA_5, i64 666, i64 23, i64 18446744073709551615" [mmult.cpp:132]   --->   Operation 242 'specmemcore' 'specmemcore_ln132' <Predicate = true> <Delay = 0.00>
ST_14 : Operation 243 [1/1] (0.00ns)   --->   "%specmemcore_ln132 = specmemcore void @_ssdm_op_SpecMemCore, i8 %localA_4, i64 666, i64 23, i64 18446744073709551615" [mmult.cpp:132]   --->   Operation 243 'specmemcore' 'specmemcore_ln132' <Predicate = true> <Delay = 0.00>
ST_14 : Operation 244 [1/1] (0.00ns)   --->   "%specmemcore_ln132 = specmemcore void @_ssdm_op_SpecMemCore, i8 %localA_3, i64 666, i64 23, i64 18446744073709551615" [mmult.cpp:132]   --->   Operation 244 'specmemcore' 'specmemcore_ln132' <Predicate = true> <Delay = 0.00>
ST_14 : Operation 245 [1/1] (0.00ns)   --->   "%specmemcore_ln132 = specmemcore void @_ssdm_op_SpecMemCore, i8 %localA_2, i64 666, i64 23, i64 18446744073709551615" [mmult.cpp:132]   --->   Operation 245 'specmemcore' 'specmemcore_ln132' <Predicate = true> <Delay = 0.00>
ST_14 : Operation 246 [1/1] (0.00ns)   --->   "%specmemcore_ln132 = specmemcore void @_ssdm_op_SpecMemCore, i8 %localA_1, i64 666, i64 23, i64 18446744073709551615" [mmult.cpp:132]   --->   Operation 246 'specmemcore' 'specmemcore_ln132' <Predicate = true> <Delay = 0.00>
ST_14 : Operation 247 [1/1] (0.00ns)   --->   "%specmemcore_ln132 = specmemcore void @_ssdm_op_SpecMemCore, i8 %localA, i64 666, i64 23, i64 18446744073709551615" [mmult.cpp:132]   --->   Operation 247 'specmemcore' 'specmemcore_ln132' <Predicate = true> <Delay = 0.00>
ST_14 : Operation 248 [1/1] (0.00ns)   --->   "%specmemcore_ln136 = specmemcore void @_ssdm_op_SpecMemCore, i8 %localB_7, i64 666, i64 23, i64 18446744073709551615" [mmult.cpp:136]   --->   Operation 248 'specmemcore' 'specmemcore_ln136' <Predicate = true> <Delay = 0.00>
ST_14 : Operation 249 [1/1] (0.00ns)   --->   "%specmemcore_ln136 = specmemcore void @_ssdm_op_SpecMemCore, i8 %localB_6, i64 666, i64 23, i64 18446744073709551615" [mmult.cpp:136]   --->   Operation 249 'specmemcore' 'specmemcore_ln136' <Predicate = true> <Delay = 0.00>
ST_14 : Operation 250 [1/1] (0.00ns)   --->   "%specmemcore_ln136 = specmemcore void @_ssdm_op_SpecMemCore, i8 %localB_5, i64 666, i64 23, i64 18446744073709551615" [mmult.cpp:136]   --->   Operation 250 'specmemcore' 'specmemcore_ln136' <Predicate = true> <Delay = 0.00>
ST_14 : Operation 251 [1/1] (0.00ns)   --->   "%specmemcore_ln136 = specmemcore void @_ssdm_op_SpecMemCore, i8 %localB_4, i64 666, i64 23, i64 18446744073709551615" [mmult.cpp:136]   --->   Operation 251 'specmemcore' 'specmemcore_ln136' <Predicate = true> <Delay = 0.00>
ST_14 : Operation 252 [1/1] (0.00ns)   --->   "%specmemcore_ln136 = specmemcore void @_ssdm_op_SpecMemCore, i8 %localB_3, i64 666, i64 23, i64 18446744073709551615" [mmult.cpp:136]   --->   Operation 252 'specmemcore' 'specmemcore_ln136' <Predicate = true> <Delay = 0.00>
ST_14 : Operation 253 [1/1] (0.00ns)   --->   "%specmemcore_ln136 = specmemcore void @_ssdm_op_SpecMemCore, i8 %localB_2, i64 666, i64 23, i64 18446744073709551615" [mmult.cpp:136]   --->   Operation 253 'specmemcore' 'specmemcore_ln136' <Predicate = true> <Delay = 0.00>
ST_14 : Operation 254 [1/1] (0.00ns)   --->   "%specmemcore_ln136 = specmemcore void @_ssdm_op_SpecMemCore, i8 %localB_1, i64 666, i64 23, i64 18446744073709551615" [mmult.cpp:136]   --->   Operation 254 'specmemcore' 'specmemcore_ln136' <Predicate = true> <Delay = 0.00>
ST_14 : Operation 255 [1/1] (0.00ns)   --->   "%specmemcore_ln136 = specmemcore void @_ssdm_op_SpecMemCore, i8 %localB, i64 666, i64 23, i64 18446744073709551615" [mmult.cpp:136]   --->   Operation 255 'specmemcore' 'specmemcore_ln136' <Predicate = true> <Delay = 0.00>
ST_14 : Operation 256 [1/2] (0.00ns)   --->   "%call_ln107 = call void @mmult_Pipeline_readA_VITIS_LOOP_147_1, i8 %gmem0, i32 %a_col_read, i64 %mul_ln107, i64 %a_read, i8 %localA_7, i8 %localA_6, i8 %localA_5, i8 %localA_4, i8 %localA_3, i8 %localA_2, i8 %localA_1, i8 %localA" [mmult.cpp:107]   --->   Operation 256 'call' 'call_ln107' <Predicate = true> <Delay = 0.00> <CoreType = "Generic">   --->   Core 0 '' <Latency = 0> <II = 1> <Delay = 1.00> <Generic> <Opcode : >
ST_14 : Operation 257 [1/2] (0.00ns)   --->   "%call_ln145 = call void @mmult_Pipeline_readB_VITIS_LOOP_158_2, i8 %gmem1, i32 %b_col_read, i64 %mul_ln145_1, i64 %b_read, i8 %localB, i8 %localB_1, i8 %localB_2, i8 %localB_3, i8 %localB_4, i8 %localB_5, i8 %localB_6, i8 %localB_7" [mmult.cpp:145]   --->   Operation 257 'call' 'call_ln145' <Predicate = true> <Delay = 0.00> <CoreType = "Generic">   --->   Core 0 '' <Latency = 0> <II = 1> <Delay = 1.00> <Generic> <Opcode : >
ST_14 : Operation 258 [1/1] (0.00ns)   --->   "%br_ln176 = br void %for.inc65" [mmult.cpp:176]   --->   Operation 258 'br' 'br_ln176' <Predicate = true> <Delay = 0.00>

State 15 <SV = 14> <Delay = 2.36>
ST_15 : Operation 259 [1/1] (0.00ns)   --->   "%q_1 = load i3 %q" [mmult.cpp:177]   --->   Operation 259 'load' 'q_1' <Predicate = true> <Delay = 0.00>
ST_15 : Operation 260 [1/1] (0.67ns)   --->   "%icmp_ln176 = icmp_eq  i3 %q_1, i3 4" [mmult.cpp:176]   --->   Operation 260 'icmp' 'icmp_ln176' <Predicate = true> <Delay = 0.67> <CoreInst = "Cmp">   --->   Core 9 'Cmp' <Latency = 0> <II = 1> <Delay = 0.79> <FuncUnit> <Opcode : 'icmp'> <InPorts = 2> <OutPorts = 1>
ST_15 : Operation 261 [1/1] (0.67ns)   --->   "%q_2 = add i3 %q_1, i3 1" [mmult.cpp:176]   --->   Operation 261 'add' 'q_2' <Predicate = true> <Delay = 0.67> <CoreInst = "Adder">   --->   Core 1 'Adder' <Latency = 0> <II = 1> <Delay = 0.67> <FuncUnit> <Opcode : 'add' 'sub'> <InPorts = 2> <OutPorts = 1>
ST_15 : Operation 262 [1/1] (0.00ns)   --->   "%br_ln176 = br i1 %icmp_ln176, void %for.inc65.split, void %writeC" [mmult.cpp:176]   --->   Operation 262 'br' 'br_ln176' <Predicate = true> <Delay = 0.00>
ST_15 : Operation 263 [1/1] (0.00ns)   --->   "%localC_0_load_1 = load i16 %localC_0" [mmult.cpp:179]   --->   Operation 263 'load' 'localC_0_load_1' <Predicate = (!icmp_ln176)> <Delay = 0.00>
ST_15 : Operation 264 [1/1] (0.00ns)   --->   "%localC_1_0_load_1 = load i16 %localC_1_0" [mmult.cpp:179]   --->   Operation 264 'load' 'localC_1_0_load_1' <Predicate = (!icmp_ln176)> <Delay = 0.00>
ST_15 : Operation 265 [1/1] (0.00ns)   --->   "%localC_2_0_load_1 = load i16 %localC_2_0" [mmult.cpp:179]   --->   Operation 265 'load' 'localC_2_0_load_1' <Predicate = (!icmp_ln176)> <Delay = 0.00>
ST_15 : Operation 266 [1/1] (0.00ns)   --->   "%localC_3_0_load_1 = load i16 %localC_3_0" [mmult.cpp:179]   --->   Operation 266 'load' 'localC_3_0_load_1' <Predicate = (!icmp_ln176)> <Delay = 0.00>
ST_15 : Operation 267 [1/1] (0.00ns)   --->   "%localC_4_0_load_1 = load i16 %localC_4_0" [mmult.cpp:179]   --->   Operation 267 'load' 'localC_4_0_load_1' <Predicate = (!icmp_ln176)> <Delay = 0.00>
ST_15 : Operation 268 [1/1] (0.00ns)   --->   "%localC_5_0_load_1 = load i16 %localC_5_0" [mmult.cpp:179]   --->   Operation 268 'load' 'localC_5_0_load_1' <Predicate = (!icmp_ln176)> <Delay = 0.00>
ST_15 : Operation 269 [1/1] (0.00ns)   --->   "%localC_6_0_load_1 = load i16 %localC_6_0" [mmult.cpp:179]   --->   Operation 269 'load' 'localC_6_0_load_1' <Predicate = (!icmp_ln176)> <Delay = 0.00>
ST_15 : Operation 270 [1/1] (0.00ns)   --->   "%localC_7_0_load_1 = load i16 %localC_7_0" [mmult.cpp:179]   --->   Operation 270 'load' 'localC_7_0_load_1' <Predicate = (!icmp_ln176)> <Delay = 0.00>
ST_15 : Operation 271 [1/1] (0.00ns)   --->   "%localC_8_0_load_1 = load i16 %localC_8_0" [mmult.cpp:179]   --->   Operation 271 'load' 'localC_8_0_load_1' <Predicate = (!icmp_ln176)> <Delay = 0.00>
ST_15 : Operation 272 [1/1] (0.00ns)   --->   "%localC_9_0_load_1 = load i16 %localC_9_0" [mmult.cpp:179]   --->   Operation 272 'load' 'localC_9_0_load_1' <Predicate = (!icmp_ln176)> <Delay = 0.00>
ST_15 : Operation 273 [1/1] (0.00ns)   --->   "%localC_10_0_load_1 = load i16 %localC_10_0" [mmult.cpp:179]   --->   Operation 273 'load' 'localC_10_0_load_1' <Predicate = (!icmp_ln176)> <Delay = 0.00>
ST_15 : Operation 274 [1/1] (0.00ns)   --->   "%localC_11_0_load_1 = load i16 %localC_11_0" [mmult.cpp:179]   --->   Operation 274 'load' 'localC_11_0_load_1' <Predicate = (!icmp_ln176)> <Delay = 0.00>
ST_15 : Operation 275 [1/1] (0.00ns)   --->   "%localC_12_0_load_1 = load i16 %localC_12_0" [mmult.cpp:179]   --->   Operation 275 'load' 'localC_12_0_load_1' <Predicate = (!icmp_ln176)> <Delay = 0.00>
ST_15 : Operation 276 [1/1] (0.00ns)   --->   "%localC_13_0_load_1 = load i16 %localC_13_0" [mmult.cpp:179]   --->   Operation 276 'load' 'localC_13_0_load_1' <Predicate = (!icmp_ln176)> <Delay = 0.00>
ST_15 : Operation 277 [1/1] (0.00ns)   --->   "%localC_14_0_load_1 = load i16 %localC_14_0" [mmult.cpp:179]   --->   Operation 277 'load' 'localC_14_0_load_1' <Predicate = (!icmp_ln176)> <Delay = 0.00>
ST_15 : Operation 278 [1/1] (0.00ns)   --->   "%localC_15_0_load_1 = load i16 %localC_15_0" [mmult.cpp:179]   --->   Operation 278 'load' 'localC_15_0_load_1' <Predicate = (!icmp_ln176)> <Delay = 0.00>
ST_15 : Operation 279 [1/1] (0.00ns)   --->   "%localC_16_0_load_1 = load i16 %localC_16_0" [mmult.cpp:179]   --->   Operation 279 'load' 'localC_16_0_load_1' <Predicate = (!icmp_ln176)> <Delay = 0.00>
ST_15 : Operation 280 [1/1] (0.00ns)   --->   "%localC_17_0_load_1 = load i16 %localC_17_0" [mmult.cpp:179]   --->   Operation 280 'load' 'localC_17_0_load_1' <Predicate = (!icmp_ln176)> <Delay = 0.00>
ST_15 : Operation 281 [1/1] (0.00ns)   --->   "%localC_18_0_load_1 = load i16 %localC_18_0" [mmult.cpp:179]   --->   Operation 281 'load' 'localC_18_0_load_1' <Predicate = (!icmp_ln176)> <Delay = 0.00>
ST_15 : Operation 282 [1/1] (0.00ns)   --->   "%localC_19_0_load_1 = load i16 %localC_19_0" [mmult.cpp:179]   --->   Operation 282 'load' 'localC_19_0_load_1' <Predicate = (!icmp_ln176)> <Delay = 0.00>
ST_15 : Operation 283 [1/1] (0.00ns)   --->   "%localC_20_0_load_1 = load i16 %localC_20_0" [mmult.cpp:179]   --->   Operation 283 'load' 'localC_20_0_load_1' <Predicate = (!icmp_ln176)> <Delay = 0.00>
ST_15 : Operation 284 [1/1] (0.00ns)   --->   "%localC_21_0_load_1 = load i16 %localC_21_0" [mmult.cpp:179]   --->   Operation 284 'load' 'localC_21_0_load_1' <Predicate = (!icmp_ln176)> <Delay = 0.00>
ST_15 : Operation 285 [1/1] (0.00ns)   --->   "%localC_22_0_load_1 = load i16 %localC_22_0" [mmult.cpp:179]   --->   Operation 285 'load' 'localC_22_0_load_1' <Predicate = (!icmp_ln176)> <Delay = 0.00>
ST_15 : Operation 286 [1/1] (0.00ns)   --->   "%localC_23_0_load_1 = load i16 %localC_23_0" [mmult.cpp:179]   --->   Operation 286 'load' 'localC_23_0_load_1' <Predicate = (!icmp_ln176)> <Delay = 0.00>
ST_15 : Operation 287 [1/1] (0.00ns)   --->   "%localC_24_0_load_1 = load i16 %localC_24_0" [mmult.cpp:179]   --->   Operation 287 'load' 'localC_24_0_load_1' <Predicate = (!icmp_ln176)> <Delay = 0.00>
ST_15 : Operation 288 [1/1] (0.00ns)   --->   "%localC_25_0_load_1 = load i16 %localC_25_0" [mmult.cpp:179]   --->   Operation 288 'load' 'localC_25_0_load_1' <Predicate = (!icmp_ln176)> <Delay = 0.00>
ST_15 : Operation 289 [1/1] (0.00ns)   --->   "%localC_26_0_load_1 = load i16 %localC_26_0" [mmult.cpp:179]   --->   Operation 289 'load' 'localC_26_0_load_1' <Predicate = (!icmp_ln176)> <Delay = 0.00>
ST_15 : Operation 290 [1/1] (0.00ns)   --->   "%localC_27_0_load_1 = load i16 %localC_27_0" [mmult.cpp:179]   --->   Operation 290 'load' 'localC_27_0_load_1' <Predicate = (!icmp_ln176)> <Delay = 0.00>
ST_15 : Operation 291 [1/1] (0.00ns)   --->   "%localC_28_0_load_1 = load i16 %localC_28_0" [mmult.cpp:179]   --->   Operation 291 'load' 'localC_28_0_load_1' <Predicate = (!icmp_ln176)> <Delay = 0.00>
ST_15 : Operation 292 [1/1] (0.00ns)   --->   "%localC_29_0_load_1 = load i16 %localC_29_0" [mmult.cpp:179]   --->   Operation 292 'load' 'localC_29_0_load_1' <Predicate = (!icmp_ln176)> <Delay = 0.00>
ST_15 : Operation 293 [1/1] (0.00ns)   --->   "%localC_30_0_load_1 = load i16 %localC_30_0" [mmult.cpp:179]   --->   Operation 293 'load' 'localC_30_0_load_1' <Predicate = (!icmp_ln176)> <Delay = 0.00>
ST_15 : Operation 294 [1/1] (0.00ns)   --->   "%localC_31_0_load_1 = load i16 %localC_31_0" [mmult.cpp:179]   --->   Operation 294 'load' 'localC_31_0_load_1' <Predicate = (!icmp_ln176)> <Delay = 0.00>
ST_15 : Operation 295 [1/1] (0.00ns)   --->   "%localC_32_0_load_1 = load i16 %localC_32_0" [mmult.cpp:179]   --->   Operation 295 'load' 'localC_32_0_load_1' <Predicate = (!icmp_ln176)> <Delay = 0.00>
ST_15 : Operation 296 [1/1] (0.00ns)   --->   "%localC_33_0_load_1 = load i16 %localC_33_0" [mmult.cpp:179]   --->   Operation 296 'load' 'localC_33_0_load_1' <Predicate = (!icmp_ln176)> <Delay = 0.00>
ST_15 : Operation 297 [1/1] (0.00ns)   --->   "%localC_34_0_load_1 = load i16 %localC_34_0" [mmult.cpp:179]   --->   Operation 297 'load' 'localC_34_0_load_1' <Predicate = (!icmp_ln176)> <Delay = 0.00>
ST_15 : Operation 298 [1/1] (0.00ns)   --->   "%localC_35_0_load_1 = load i16 %localC_35_0" [mmult.cpp:179]   --->   Operation 298 'load' 'localC_35_0_load_1' <Predicate = (!icmp_ln176)> <Delay = 0.00>
ST_15 : Operation 299 [1/1] (0.00ns)   --->   "%localC_36_0_load_1 = load i16 %localC_36_0" [mmult.cpp:179]   --->   Operation 299 'load' 'localC_36_0_load_1' <Predicate = (!icmp_ln176)> <Delay = 0.00>
ST_15 : Operation 300 [1/1] (0.00ns)   --->   "%localC_37_0_load_1 = load i16 %localC_37_0" [mmult.cpp:179]   --->   Operation 300 'load' 'localC_37_0_load_1' <Predicate = (!icmp_ln176)> <Delay = 0.00>
ST_15 : Operation 301 [1/1] (0.00ns)   --->   "%localC_38_0_load_1 = load i16 %localC_38_0" [mmult.cpp:179]   --->   Operation 301 'load' 'localC_38_0_load_1' <Predicate = (!icmp_ln176)> <Delay = 0.00>
ST_15 : Operation 302 [1/1] (0.00ns)   --->   "%localC_39_0_load_1 = load i16 %localC_39_0" [mmult.cpp:179]   --->   Operation 302 'load' 'localC_39_0_load_1' <Predicate = (!icmp_ln176)> <Delay = 0.00>
ST_15 : Operation 303 [1/1] (0.00ns)   --->   "%localC_40_0_load_1 = load i16 %localC_40_0" [mmult.cpp:179]   --->   Operation 303 'load' 'localC_40_0_load_1' <Predicate = (!icmp_ln176)> <Delay = 0.00>
ST_15 : Operation 304 [1/1] (0.00ns)   --->   "%localC_41_0_load_1 = load i16 %localC_41_0" [mmult.cpp:179]   --->   Operation 304 'load' 'localC_41_0_load_1' <Predicate = (!icmp_ln176)> <Delay = 0.00>
ST_15 : Operation 305 [1/1] (0.00ns)   --->   "%localC_42_0_load_1 = load i16 %localC_42_0" [mmult.cpp:179]   --->   Operation 305 'load' 'localC_42_0_load_1' <Predicate = (!icmp_ln176)> <Delay = 0.00>
ST_15 : Operation 306 [1/1] (0.00ns)   --->   "%localC_43_0_load_1 = load i16 %localC_43_0" [mmult.cpp:179]   --->   Operation 306 'load' 'localC_43_0_load_1' <Predicate = (!icmp_ln176)> <Delay = 0.00>
ST_15 : Operation 307 [1/1] (0.00ns)   --->   "%localC_44_0_load_1 = load i16 %localC_44_0" [mmult.cpp:179]   --->   Operation 307 'load' 'localC_44_0_load_1' <Predicate = (!icmp_ln176)> <Delay = 0.00>
ST_15 : Operation 308 [1/1] (0.00ns)   --->   "%localC_45_0_load_1 = load i16 %localC_45_0" [mmult.cpp:179]   --->   Operation 308 'load' 'localC_45_0_load_1' <Predicate = (!icmp_ln176)> <Delay = 0.00>
ST_15 : Operation 309 [1/1] (0.00ns)   --->   "%localC_46_0_load_1 = load i16 %localC_46_0" [mmult.cpp:179]   --->   Operation 309 'load' 'localC_46_0_load_1' <Predicate = (!icmp_ln176)> <Delay = 0.00>
ST_15 : Operation 310 [1/1] (0.00ns)   --->   "%localC_47_0_load_1 = load i16 %localC_47_0" [mmult.cpp:179]   --->   Operation 310 'load' 'localC_47_0_load_1' <Predicate = (!icmp_ln176)> <Delay = 0.00>
ST_15 : Operation 311 [1/1] (0.00ns)   --->   "%localC_48_0_load_1 = load i16 %localC_48_0" [mmult.cpp:179]   --->   Operation 311 'load' 'localC_48_0_load_1' <Predicate = (!icmp_ln176)> <Delay = 0.00>
ST_15 : Operation 312 [1/1] (0.00ns)   --->   "%localC_49_0_load_1 = load i16 %localC_49_0" [mmult.cpp:179]   --->   Operation 312 'load' 'localC_49_0_load_1' <Predicate = (!icmp_ln176)> <Delay = 0.00>
ST_15 : Operation 313 [1/1] (0.00ns)   --->   "%localC_50_0_load_1 = load i16 %localC_50_0" [mmult.cpp:179]   --->   Operation 313 'load' 'localC_50_0_load_1' <Predicate = (!icmp_ln176)> <Delay = 0.00>
ST_15 : Operation 314 [1/1] (0.00ns)   --->   "%localC_51_0_load_1 = load i16 %localC_51_0" [mmult.cpp:179]   --->   Operation 314 'load' 'localC_51_0_load_1' <Predicate = (!icmp_ln176)> <Delay = 0.00>
ST_15 : Operation 315 [1/1] (0.00ns)   --->   "%localC_52_0_load_1 = load i16 %localC_52_0" [mmult.cpp:179]   --->   Operation 315 'load' 'localC_52_0_load_1' <Predicate = (!icmp_ln176)> <Delay = 0.00>
ST_15 : Operation 316 [1/1] (0.00ns)   --->   "%localC_53_0_load_1 = load i16 %localC_53_0" [mmult.cpp:179]   --->   Operation 316 'load' 'localC_53_0_load_1' <Predicate = (!icmp_ln176)> <Delay = 0.00>
ST_15 : Operation 317 [1/1] (0.00ns)   --->   "%localC_54_0_load_1 = load i16 %localC_54_0" [mmult.cpp:179]   --->   Operation 317 'load' 'localC_54_0_load_1' <Predicate = (!icmp_ln176)> <Delay = 0.00>
ST_15 : Operation 318 [1/1] (0.00ns)   --->   "%localC_55_0_load_1 = load i16 %localC_55_0" [mmult.cpp:179]   --->   Operation 318 'load' 'localC_55_0_load_1' <Predicate = (!icmp_ln176)> <Delay = 0.00>
ST_15 : Operation 319 [1/1] (0.00ns)   --->   "%localC_56_0_load_1 = load i16 %localC_56_0" [mmult.cpp:179]   --->   Operation 319 'load' 'localC_56_0_load_1' <Predicate = (!icmp_ln176)> <Delay = 0.00>
ST_15 : Operation 320 [1/1] (0.00ns)   --->   "%localC_57_0_load_1 = load i16 %localC_57_0" [mmult.cpp:179]   --->   Operation 320 'load' 'localC_57_0_load_1' <Predicate = (!icmp_ln176)> <Delay = 0.00>
ST_15 : Operation 321 [1/1] (0.00ns)   --->   "%localC_58_0_load_1 = load i16 %localC_58_0" [mmult.cpp:179]   --->   Operation 321 'load' 'localC_58_0_load_1' <Predicate = (!icmp_ln176)> <Delay = 0.00>
ST_15 : Operation 322 [1/1] (0.00ns)   --->   "%localC_59_0_load_1 = load i16 %localC_59_0" [mmult.cpp:179]   --->   Operation 322 'load' 'localC_59_0_load_1' <Predicate = (!icmp_ln176)> <Delay = 0.00>
ST_15 : Operation 323 [1/1] (0.00ns)   --->   "%localC_60_0_load_1 = load i16 %localC_60_0" [mmult.cpp:179]   --->   Operation 323 'load' 'localC_60_0_load_1' <Predicate = (!icmp_ln176)> <Delay = 0.00>
ST_15 : Operation 324 [1/1] (0.00ns)   --->   "%localC_61_0_load_1 = load i16 %localC_61_0" [mmult.cpp:179]   --->   Operation 324 'load' 'localC_61_0_load_1' <Predicate = (!icmp_ln176)> <Delay = 0.00>
ST_15 : Operation 325 [1/1] (0.00ns)   --->   "%localC_62_0_load_1 = load i16 %localC_62_0" [mmult.cpp:179]   --->   Operation 325 'load' 'localC_62_0_load_1' <Predicate = (!icmp_ln176)> <Delay = 0.00>
ST_15 : Operation 326 [1/1] (0.00ns)   --->   "%localC_63_0_load_1 = load i16 %localC_63_0" [mmult.cpp:179]   --->   Operation 326 'load' 'localC_63_0_load_1' <Predicate = (!icmp_ln176)> <Delay = 0.00>
ST_15 : Operation 327 [1/1] (0.00ns)   --->   "%start_k = shl i3 %q_1, i3 1" [mmult.cpp:177]   --->   Operation 327 'shl' 'start_k' <Predicate = (!icmp_ln176)> <Delay = 0.00>
ST_15 : Operation 328 [1/1] (0.00ns)   --->   "%zext_ln177 = zext i3 %start_k" [mmult.cpp:177]   --->   Operation 328 'zext' 'zext_ln177' <Predicate = (!icmp_ln176)> <Delay = 0.00>
ST_15 : Operation 329 [1/1] (0.67ns)   --->   "%finish_k = add i4 %zext_ln177, i4 2" [mmult.cpp:178]   --->   Operation 329 'add' 'finish_k' <Predicate = (!icmp_ln176)> <Delay = 0.67> <CoreInst = "Adder">   --->   Core 1 'Adder' <Latency = 0> <II = 1> <Delay = 0.79> <FuncUnit> <Opcode : 'add' 'sub'> <InPorts = 2> <OutPorts = 1>
ST_15 : Operation 330 [2/2] (1.44ns)   --->   "%call_ret = call i1024 @tile_process, i8 %localA, i8 %localA_1, i8 %localA_2, i8 %localA_3, i8 %localA_4, i8 %localA_5, i8 %localA_6, i8 %localA_7, i8 %localB, i8 %localB_1, i8 %localB_2, i8 %localB_3, i8 %localB_4, i8 %localB_5, i8 %localB_6, i8 %localB_7, i16 %localC_0_load_1, i16 %localC_1_0_load_1, i16 %localC_2_0_load_1, i16 %localC_3_0_load_1, i16 %localC_4_0_load_1, i16 %localC_5_0_load_1, i16 %localC_6_0_load_1, i16 %localC_7_0_load_1, i16 %localC_8_0_load_1, i16 %localC_9_0_load_1, i16 %localC_10_0_load_1, i16 %localC_11_0_load_1, i16 %localC_12_0_load_1, i16 %localC_13_0_load_1, i16 %localC_14_0_load_1, i16 %localC_15_0_load_1, i16 %localC_16_0_load_1, i16 %localC_17_0_load_1, i16 %localC_18_0_load_1, i16 %localC_19_0_load_1, i16 %localC_20_0_load_1, i16 %localC_21_0_load_1, i16 %localC_22_0_load_1, i16 %localC_23_0_load_1, i16 %localC_24_0_load_1, i16 %localC_25_0_load_1, i16 %localC_26_0_load_1, i16 %localC_27_0_load_1, i16 %localC_28_0_load_1, i16 %localC_29_0_load_1, i16 %localC_30_0_load_1, i16 %localC_31_0_load_1, i16 %localC_32_0_load_1, i16 %localC_33_0_load_1, i16 %localC_34_0_load_1, i16 %localC_35_0_load_1, i16 %localC_36_0_load_1, i16 %localC_37_0_load_1, i16 %localC_38_0_load_1, i16 %localC_39_0_load_1, i16 %localC_40_0_load_1, i16 %localC_41_0_load_1, i16 %localC_42_0_load_1, i16 %localC_43_0_load_1, i16 %localC_44_0_load_1, i16 %localC_45_0_load_1, i16 %localC_46_0_load_1, i16 %localC_47_0_load_1, i16 %localC_48_0_load_1, i16 %localC_49_0_load_1, i16 %localC_50_0_load_1, i16 %localC_51_0_load_1, i16 %localC_52_0_load_1, i16 %localC_53_0_load_1, i16 %localC_54_0_load_1, i16 %localC_55_0_load_1, i16 %localC_56_0_load_1, i16 %localC_57_0_load_1, i16 %localC_58_0_load_1, i16 %localC_59_0_load_1, i16 %localC_60_0_load_1, i16 %localC_61_0_load_1, i16 %localC_62_0_load_1, i16 %localC_63_0_load_1, i3 %start_k, i4 %finish_k, i32 %a_row_read, i32 %a_col_read, i32 %b_col_read" [mmult.cpp:179]   --->   Operation 330 'call' 'call_ret' <Predicate = (!icmp_ln176)> <Delay = 1.44> <CoreType = "Generic">   --->   Core 0 '' <Latency = 0> <II = 1> <Delay = 1.00> <Generic> <Opcode : >
ST_15 : Operation 331 [1/1] (0.42ns)   --->   "%store_ln176 = store i3 %q_2, i3 %q" [mmult.cpp:176]   --->   Operation 331 'store' 'store_ln176' <Predicate = (!icmp_ln176)> <Delay = 0.42>
ST_15 : Operation 332 [2/2] (2.36ns)   --->   "%mul_ln185 = mul i32 %b_col_read, i32 %a_row_read" [mmult.cpp:185]   --->   Operation 332 'mul' 'mul_ln185' <Predicate = (icmp_ln176 & icmp_ln145 & cmp199)> <Delay = 2.36> <CoreInst = "Multiplier">   --->   Core 3 'Multiplier' <Latency = 1> <II = 1> <Delay = 2.36> <FuncUnit> <Opcode : 'mul'> <InPorts = 2> <OutPorts = 1>
ST_15 : Operation 333 [1/1] (0.00ns)   --->   "%trunc_ln185_1 = partselect i63 @_ssdm_op_PartSelect.i63.i64.i32.i32, i64 %c_read, i32 1, i32 63" [mmult.cpp:185]   --->   Operation 333 'partselect' 'trunc_ln185_1' <Predicate = (icmp_ln176)> <Delay = 0.00>
ST_15 : Operation 334 [2/2] (2.36ns)   --->   "%mul_ln185_1 = mul i64 %zext_ln107, i64 %zext_ln145" [mmult.cpp:185]   --->   Operation 334 'mul' 'mul_ln185_1' <Predicate = (icmp_ln176)> <Delay = 2.36> <CoreInst = "Multiplier">   --->   Core 3 'Multiplier' <Latency = 1> <II = 1> <Delay = 2.36> <FuncUnit> <Opcode : 'mul'> <InPorts = 2> <OutPorts = 1>

State 16 <SV = 15> <Delay = 0.85>
ST_16 : Operation 335 [1/1] (0.00ns)   --->   "%speclooptripcount_ln176 = speclooptripcount void @_ssdm_op_SpecLoopTripCount, i64 4, i64 4, i64 4" [mmult.cpp:176]   --->   Operation 335 'speclooptripcount' 'speclooptripcount_ln176' <Predicate = true> <Delay = 0.00>
ST_16 : Operation 336 [1/1] (0.00ns)   --->   "%specloopname_ln176 = specloopname void @_ssdm_op_SpecLoopName, void @empty_13" [mmult.cpp:176]   --->   Operation 336 'specloopname' 'specloopname_ln176' <Predicate = true> <Delay = 0.00>
ST_16 : Operation 337 [1/2] (0.42ns)   --->   "%call_ret = call i1024 @tile_process, i8 %localA, i8 %localA_1, i8 %localA_2, i8 %localA_3, i8 %localA_4, i8 %localA_5, i8 %localA_6, i8 %localA_7, i8 %localB, i8 %localB_1, i8 %localB_2, i8 %localB_3, i8 %localB_4, i8 %localB_5, i8 %localB_6, i8 %localB_7, i16 %localC_0_load_1, i16 %localC_1_0_load_1, i16 %localC_2_0_load_1, i16 %localC_3_0_load_1, i16 %localC_4_0_load_1, i16 %localC_5_0_load_1, i16 %localC_6_0_load_1, i16 %localC_7_0_load_1, i16 %localC_8_0_load_1, i16 %localC_9_0_load_1, i16 %localC_10_0_load_1, i16 %localC_11_0_load_1, i16 %localC_12_0_load_1, i16 %localC_13_0_load_1, i16 %localC_14_0_load_1, i16 %localC_15_0_load_1, i16 %localC_16_0_load_1, i16 %localC_17_0_load_1, i16 %localC_18_0_load_1, i16 %localC_19_0_load_1, i16 %localC_20_0_load_1, i16 %localC_21_0_load_1, i16 %localC_22_0_load_1, i16 %localC_23_0_load_1, i16 %localC_24_0_load_1, i16 %localC_25_0_load_1, i16 %localC_26_0_load_1, i16 %localC_27_0_load_1, i16 %localC_28_0_load_1, i16 %localC_29_0_load_1, i16 %localC_30_0_load_1, i16 %localC_31_0_load_1, i16 %localC_32_0_load_1, i16 %localC_33_0_load_1, i16 %localC_34_0_load_1, i16 %localC_35_0_load_1, i16 %localC_36_0_load_1, i16 %localC_37_0_load_1, i16 %localC_38_0_load_1, i16 %localC_39_0_load_1, i16 %localC_40_0_load_1, i16 %localC_41_0_load_1, i16 %localC_42_0_load_1, i16 %localC_43_0_load_1, i16 %localC_44_0_load_1, i16 %localC_45_0_load_1, i16 %localC_46_0_load_1, i16 %localC_47_0_load_1, i16 %localC_48_0_load_1, i16 %localC_49_0_load_1, i16 %localC_50_0_load_1, i16 %localC_51_0_load_1, i16 %localC_52_0_load_1, i16 %localC_53_0_load_1, i16 %localC_54_0_load_1, i16 %localC_55_0_load_1, i16 %localC_56_0_load_1, i16 %localC_57_0_load_1, i16 %localC_58_0_load_1, i16 %localC_59_0_load_1, i16 %localC_60_0_load_1, i16 %localC_61_0_load_1, i16 %localC_62_0_load_1, i16 %localC_63_0_load_1, i3 %start_k, i4 %finish_k, i32 %a_row_read, i32 %a_col_read, i32 %b_col_read" [mmult.cpp:179]   --->   Operation 337 'call' 'call_ret' <Predicate = true> <Delay = 0.42> <CoreType = "Generic">   --->   Core 0 '' <Latency = 0> <II = 1> <Delay = 1.00> <Generic> <Opcode : >
ST_16 : Operation 338 [1/1] (0.00ns)   --->   "%localC = extractvalue i1024 %call_ret" [mmult.cpp:179]   --->   Operation 338 'extractvalue' 'localC' <Predicate = true> <Delay = 0.00>
ST_16 : Operation 339 [1/1] (0.00ns)   --->   "%localC_1 = extractvalue i1024 %call_ret" [mmult.cpp:179]   --->   Operation 339 'extractvalue' 'localC_1' <Predicate = true> <Delay = 0.00>
ST_16 : Operation 340 [1/1] (0.00ns)   --->   "%localC_2 = extractvalue i1024 %call_ret" [mmult.cpp:179]   --->   Operation 340 'extractvalue' 'localC_2' <Predicate = true> <Delay = 0.00>
ST_16 : Operation 341 [1/1] (0.00ns)   --->   "%localC_3 = extractvalue i1024 %call_ret" [mmult.cpp:179]   --->   Operation 341 'extractvalue' 'localC_3' <Predicate = true> <Delay = 0.00>
ST_16 : Operation 342 [1/1] (0.00ns)   --->   "%localC_4 = extractvalue i1024 %call_ret" [mmult.cpp:179]   --->   Operation 342 'extractvalue' 'localC_4' <Predicate = true> <Delay = 0.00>
ST_16 : Operation 343 [1/1] (0.00ns)   --->   "%localC_5 = extractvalue i1024 %call_ret" [mmult.cpp:179]   --->   Operation 343 'extractvalue' 'localC_5' <Predicate = true> <Delay = 0.00>
ST_16 : Operation 344 [1/1] (0.00ns)   --->   "%localC_6 = extractvalue i1024 %call_ret" [mmult.cpp:179]   --->   Operation 344 'extractvalue' 'localC_6' <Predicate = true> <Delay = 0.00>
ST_16 : Operation 345 [1/1] (0.00ns)   --->   "%localC_7 = extractvalue i1024 %call_ret" [mmult.cpp:179]   --->   Operation 345 'extractvalue' 'localC_7' <Predicate = true> <Delay = 0.00>
ST_16 : Operation 346 [1/1] (0.00ns)   --->   "%localC_8 = extractvalue i1024 %call_ret" [mmult.cpp:179]   --->   Operation 346 'extractvalue' 'localC_8' <Predicate = true> <Delay = 0.00>
ST_16 : Operation 347 [1/1] (0.00ns)   --->   "%localC_9 = extractvalue i1024 %call_ret" [mmult.cpp:179]   --->   Operation 347 'extractvalue' 'localC_9' <Predicate = true> <Delay = 0.00>
ST_16 : Operation 348 [1/1] (0.00ns)   --->   "%localC_10 = extractvalue i1024 %call_ret" [mmult.cpp:179]   --->   Operation 348 'extractvalue' 'localC_10' <Predicate = true> <Delay = 0.00>
ST_16 : Operation 349 [1/1] (0.00ns)   --->   "%localC_11 = extractvalue i1024 %call_ret" [mmult.cpp:179]   --->   Operation 349 'extractvalue' 'localC_11' <Predicate = true> <Delay = 0.00>
ST_16 : Operation 350 [1/1] (0.00ns)   --->   "%localC_12 = extractvalue i1024 %call_ret" [mmult.cpp:179]   --->   Operation 350 'extractvalue' 'localC_12' <Predicate = true> <Delay = 0.00>
ST_16 : Operation 351 [1/1] (0.00ns)   --->   "%localC_13 = extractvalue i1024 %call_ret" [mmult.cpp:179]   --->   Operation 351 'extractvalue' 'localC_13' <Predicate = true> <Delay = 0.00>
ST_16 : Operation 352 [1/1] (0.00ns)   --->   "%localC_14 = extractvalue i1024 %call_ret" [mmult.cpp:179]   --->   Operation 352 'extractvalue' 'localC_14' <Predicate = true> <Delay = 0.00>
ST_16 : Operation 353 [1/1] (0.00ns)   --->   "%localC_15 = extractvalue i1024 %call_ret" [mmult.cpp:179]   --->   Operation 353 'extractvalue' 'localC_15' <Predicate = true> <Delay = 0.00>
ST_16 : Operation 354 [1/1] (0.00ns)   --->   "%localC_16 = extractvalue i1024 %call_ret" [mmult.cpp:179]   --->   Operation 354 'extractvalue' 'localC_16' <Predicate = true> <Delay = 0.00>
ST_16 : Operation 355 [1/1] (0.00ns)   --->   "%localC_17 = extractvalue i1024 %call_ret" [mmult.cpp:179]   --->   Operation 355 'extractvalue' 'localC_17' <Predicate = true> <Delay = 0.00>
ST_16 : Operation 356 [1/1] (0.00ns)   --->   "%localC_18 = extractvalue i1024 %call_ret" [mmult.cpp:179]   --->   Operation 356 'extractvalue' 'localC_18' <Predicate = true> <Delay = 0.00>
ST_16 : Operation 357 [1/1] (0.00ns)   --->   "%localC_19 = extractvalue i1024 %call_ret" [mmult.cpp:179]   --->   Operation 357 'extractvalue' 'localC_19' <Predicate = true> <Delay = 0.00>
ST_16 : Operation 358 [1/1] (0.00ns)   --->   "%localC_20 = extractvalue i1024 %call_ret" [mmult.cpp:179]   --->   Operation 358 'extractvalue' 'localC_20' <Predicate = true> <Delay = 0.00>
ST_16 : Operation 359 [1/1] (0.00ns)   --->   "%localC_21 = extractvalue i1024 %call_ret" [mmult.cpp:179]   --->   Operation 359 'extractvalue' 'localC_21' <Predicate = true> <Delay = 0.00>
ST_16 : Operation 360 [1/1] (0.00ns)   --->   "%localC_22 = extractvalue i1024 %call_ret" [mmult.cpp:179]   --->   Operation 360 'extractvalue' 'localC_22' <Predicate = true> <Delay = 0.00>
ST_16 : Operation 361 [1/1] (0.00ns)   --->   "%localC_23 = extractvalue i1024 %call_ret" [mmult.cpp:179]   --->   Operation 361 'extractvalue' 'localC_23' <Predicate = true> <Delay = 0.00>
ST_16 : Operation 362 [1/1] (0.00ns)   --->   "%localC_24 = extractvalue i1024 %call_ret" [mmult.cpp:179]   --->   Operation 362 'extractvalue' 'localC_24' <Predicate = true> <Delay = 0.00>
ST_16 : Operation 363 [1/1] (0.00ns)   --->   "%localC_25 = extractvalue i1024 %call_ret" [mmult.cpp:179]   --->   Operation 363 'extractvalue' 'localC_25' <Predicate = true> <Delay = 0.00>
ST_16 : Operation 364 [1/1] (0.00ns)   --->   "%localC_26 = extractvalue i1024 %call_ret" [mmult.cpp:179]   --->   Operation 364 'extractvalue' 'localC_26' <Predicate = true> <Delay = 0.00>
ST_16 : Operation 365 [1/1] (0.00ns)   --->   "%localC_27 = extractvalue i1024 %call_ret" [mmult.cpp:179]   --->   Operation 365 'extractvalue' 'localC_27' <Predicate = true> <Delay = 0.00>
ST_16 : Operation 366 [1/1] (0.00ns)   --->   "%localC_28 = extractvalue i1024 %call_ret" [mmult.cpp:179]   --->   Operation 366 'extractvalue' 'localC_28' <Predicate = true> <Delay = 0.00>
ST_16 : Operation 367 [1/1] (0.00ns)   --->   "%localC_29 = extractvalue i1024 %call_ret" [mmult.cpp:179]   --->   Operation 367 'extractvalue' 'localC_29' <Predicate = true> <Delay = 0.00>
ST_16 : Operation 368 [1/1] (0.00ns)   --->   "%localC_30 = extractvalue i1024 %call_ret" [mmult.cpp:179]   --->   Operation 368 'extractvalue' 'localC_30' <Predicate = true> <Delay = 0.00>
ST_16 : Operation 369 [1/1] (0.00ns)   --->   "%localC_31 = extractvalue i1024 %call_ret" [mmult.cpp:179]   --->   Operation 369 'extractvalue' 'localC_31' <Predicate = true> <Delay = 0.00>
ST_16 : Operation 370 [1/1] (0.00ns)   --->   "%localC_32 = extractvalue i1024 %call_ret" [mmult.cpp:179]   --->   Operation 370 'extractvalue' 'localC_32' <Predicate = true> <Delay = 0.00>
ST_16 : Operation 371 [1/1] (0.00ns)   --->   "%localC_33 = extractvalue i1024 %call_ret" [mmult.cpp:179]   --->   Operation 371 'extractvalue' 'localC_33' <Predicate = true> <Delay = 0.00>
ST_16 : Operation 372 [1/1] (0.00ns)   --->   "%localC_34 = extractvalue i1024 %call_ret" [mmult.cpp:179]   --->   Operation 372 'extractvalue' 'localC_34' <Predicate = true> <Delay = 0.00>
ST_16 : Operation 373 [1/1] (0.00ns)   --->   "%localC_35 = extractvalue i1024 %call_ret" [mmult.cpp:179]   --->   Operation 373 'extractvalue' 'localC_35' <Predicate = true> <Delay = 0.00>
ST_16 : Operation 374 [1/1] (0.00ns)   --->   "%localC_36 = extractvalue i1024 %call_ret" [mmult.cpp:179]   --->   Operation 374 'extractvalue' 'localC_36' <Predicate = true> <Delay = 0.00>
ST_16 : Operation 375 [1/1] (0.00ns)   --->   "%localC_37 = extractvalue i1024 %call_ret" [mmult.cpp:179]   --->   Operation 375 'extractvalue' 'localC_37' <Predicate = true> <Delay = 0.00>
ST_16 : Operation 376 [1/1] (0.00ns)   --->   "%localC_38 = extractvalue i1024 %call_ret" [mmult.cpp:179]   --->   Operation 376 'extractvalue' 'localC_38' <Predicate = true> <Delay = 0.00>
ST_16 : Operation 377 [1/1] (0.00ns)   --->   "%localC_39 = extractvalue i1024 %call_ret" [mmult.cpp:179]   --->   Operation 377 'extractvalue' 'localC_39' <Predicate = true> <Delay = 0.00>
ST_16 : Operation 378 [1/1] (0.00ns)   --->   "%localC_40 = extractvalue i1024 %call_ret" [mmult.cpp:179]   --->   Operation 378 'extractvalue' 'localC_40' <Predicate = true> <Delay = 0.00>
ST_16 : Operation 379 [1/1] (0.00ns)   --->   "%localC_41 = extractvalue i1024 %call_ret" [mmult.cpp:179]   --->   Operation 379 'extractvalue' 'localC_41' <Predicate = true> <Delay = 0.00>
ST_16 : Operation 380 [1/1] (0.00ns)   --->   "%localC_42 = extractvalue i1024 %call_ret" [mmult.cpp:179]   --->   Operation 380 'extractvalue' 'localC_42' <Predicate = true> <Delay = 0.00>
ST_16 : Operation 381 [1/1] (0.00ns)   --->   "%localC_43 = extractvalue i1024 %call_ret" [mmult.cpp:179]   --->   Operation 381 'extractvalue' 'localC_43' <Predicate = true> <Delay = 0.00>
ST_16 : Operation 382 [1/1] (0.00ns)   --->   "%localC_44 = extractvalue i1024 %call_ret" [mmult.cpp:179]   --->   Operation 382 'extractvalue' 'localC_44' <Predicate = true> <Delay = 0.00>
ST_16 : Operation 383 [1/1] (0.00ns)   --->   "%localC_45 = extractvalue i1024 %call_ret" [mmult.cpp:179]   --->   Operation 383 'extractvalue' 'localC_45' <Predicate = true> <Delay = 0.00>
ST_16 : Operation 384 [1/1] (0.00ns)   --->   "%localC_46 = extractvalue i1024 %call_ret" [mmult.cpp:179]   --->   Operation 384 'extractvalue' 'localC_46' <Predicate = true> <Delay = 0.00>
ST_16 : Operation 385 [1/1] (0.00ns)   --->   "%localC_47 = extractvalue i1024 %call_ret" [mmult.cpp:179]   --->   Operation 385 'extractvalue' 'localC_47' <Predicate = true> <Delay = 0.00>
ST_16 : Operation 386 [1/1] (0.00ns)   --->   "%localC_48 = extractvalue i1024 %call_ret" [mmult.cpp:179]   --->   Operation 386 'extractvalue' 'localC_48' <Predicate = true> <Delay = 0.00>
ST_16 : Operation 387 [1/1] (0.00ns)   --->   "%localC_49 = extractvalue i1024 %call_ret" [mmult.cpp:179]   --->   Operation 387 'extractvalue' 'localC_49' <Predicate = true> <Delay = 0.00>
ST_16 : Operation 388 [1/1] (0.00ns)   --->   "%localC_50 = extractvalue i1024 %call_ret" [mmult.cpp:179]   --->   Operation 388 'extractvalue' 'localC_50' <Predicate = true> <Delay = 0.00>
ST_16 : Operation 389 [1/1] (0.00ns)   --->   "%localC_51 = extractvalue i1024 %call_ret" [mmult.cpp:179]   --->   Operation 389 'extractvalue' 'localC_51' <Predicate = true> <Delay = 0.00>
ST_16 : Operation 390 [1/1] (0.00ns)   --->   "%localC_52 = extractvalue i1024 %call_ret" [mmult.cpp:179]   --->   Operation 390 'extractvalue' 'localC_52' <Predicate = true> <Delay = 0.00>
ST_16 : Operation 391 [1/1] (0.00ns)   --->   "%localC_53 = extractvalue i1024 %call_ret" [mmult.cpp:179]   --->   Operation 391 'extractvalue' 'localC_53' <Predicate = true> <Delay = 0.00>
ST_16 : Operation 392 [1/1] (0.00ns)   --->   "%localC_54 = extractvalue i1024 %call_ret" [mmult.cpp:179]   --->   Operation 392 'extractvalue' 'localC_54' <Predicate = true> <Delay = 0.00>
ST_16 : Operation 393 [1/1] (0.00ns)   --->   "%localC_55 = extractvalue i1024 %call_ret" [mmult.cpp:179]   --->   Operation 393 'extractvalue' 'localC_55' <Predicate = true> <Delay = 0.00>
ST_16 : Operation 394 [1/1] (0.00ns)   --->   "%localC_56 = extractvalue i1024 %call_ret" [mmult.cpp:179]   --->   Operation 394 'extractvalue' 'localC_56' <Predicate = true> <Delay = 0.00>
ST_16 : Operation 395 [1/1] (0.00ns)   --->   "%localC_57 = extractvalue i1024 %call_ret" [mmult.cpp:179]   --->   Operation 395 'extractvalue' 'localC_57' <Predicate = true> <Delay = 0.00>
ST_16 : Operation 396 [1/1] (0.00ns)   --->   "%localC_58 = extractvalue i1024 %call_ret" [mmult.cpp:179]   --->   Operation 396 'extractvalue' 'localC_58' <Predicate = true> <Delay = 0.00>
ST_16 : Operation 397 [1/1] (0.00ns)   --->   "%localC_59 = extractvalue i1024 %call_ret" [mmult.cpp:179]   --->   Operation 397 'extractvalue' 'localC_59' <Predicate = true> <Delay = 0.00>
ST_16 : Operation 398 [1/1] (0.00ns)   --->   "%localC_60 = extractvalue i1024 %call_ret" [mmult.cpp:179]   --->   Operation 398 'extractvalue' 'localC_60' <Predicate = true> <Delay = 0.00>
ST_16 : Operation 399 [1/1] (0.00ns)   --->   "%localC_61 = extractvalue i1024 %call_ret" [mmult.cpp:179]   --->   Operation 399 'extractvalue' 'localC_61' <Predicate = true> <Delay = 0.00>
ST_16 : Operation 400 [1/1] (0.00ns)   --->   "%localC_62 = extractvalue i1024 %call_ret" [mmult.cpp:179]   --->   Operation 400 'extractvalue' 'localC_62' <Predicate = true> <Delay = 0.00>
ST_16 : Operation 401 [1/1] (0.00ns)   --->   "%localC_63 = extractvalue i1024 %call_ret" [mmult.cpp:179]   --->   Operation 401 'extractvalue' 'localC_63' <Predicate = true> <Delay = 0.00>
ST_16 : Operation 402 [1/1] (0.42ns)   --->   "%store_ln179 = store i16 %localC_63, i16 %localC_63_0" [mmult.cpp:179]   --->   Operation 402 'store' 'store_ln179' <Predicate = true> <Delay = 0.42>
ST_16 : Operation 403 [1/1] (0.42ns)   --->   "%store_ln179 = store i16 %localC_62, i16 %localC_62_0" [mmult.cpp:179]   --->   Operation 403 'store' 'store_ln179' <Predicate = true> <Delay = 0.42>
ST_16 : Operation 404 [1/1] (0.42ns)   --->   "%store_ln179 = store i16 %localC_61, i16 %localC_61_0" [mmult.cpp:179]   --->   Operation 404 'store' 'store_ln179' <Predicate = true> <Delay = 0.42>
ST_16 : Operation 405 [1/1] (0.42ns)   --->   "%store_ln179 = store i16 %localC_60, i16 %localC_60_0" [mmult.cpp:179]   --->   Operation 405 'store' 'store_ln179' <Predicate = true> <Delay = 0.42>
ST_16 : Operation 406 [1/1] (0.42ns)   --->   "%store_ln179 = store i16 %localC_59, i16 %localC_59_0" [mmult.cpp:179]   --->   Operation 406 'store' 'store_ln179' <Predicate = true> <Delay = 0.42>
ST_16 : Operation 407 [1/1] (0.42ns)   --->   "%store_ln179 = store i16 %localC_58, i16 %localC_58_0" [mmult.cpp:179]   --->   Operation 407 'store' 'store_ln179' <Predicate = true> <Delay = 0.42>
ST_16 : Operation 408 [1/1] (0.42ns)   --->   "%store_ln179 = store i16 %localC_57, i16 %localC_57_0" [mmult.cpp:179]   --->   Operation 408 'store' 'store_ln179' <Predicate = true> <Delay = 0.42>
ST_16 : Operation 409 [1/1] (0.42ns)   --->   "%store_ln179 = store i16 %localC_56, i16 %localC_56_0" [mmult.cpp:179]   --->   Operation 409 'store' 'store_ln179' <Predicate = true> <Delay = 0.42>
ST_16 : Operation 410 [1/1] (0.42ns)   --->   "%store_ln179 = store i16 %localC_55, i16 %localC_55_0" [mmult.cpp:179]   --->   Operation 410 'store' 'store_ln179' <Predicate = true> <Delay = 0.42>
ST_16 : Operation 411 [1/1] (0.42ns)   --->   "%store_ln179 = store i16 %localC_54, i16 %localC_54_0" [mmult.cpp:179]   --->   Operation 411 'store' 'store_ln179' <Predicate = true> <Delay = 0.42>
ST_16 : Operation 412 [1/1] (0.42ns)   --->   "%store_ln179 = store i16 %localC_53, i16 %localC_53_0" [mmult.cpp:179]   --->   Operation 412 'store' 'store_ln179' <Predicate = true> <Delay = 0.42>
ST_16 : Operation 413 [1/1] (0.42ns)   --->   "%store_ln179 = store i16 %localC_52, i16 %localC_52_0" [mmult.cpp:179]   --->   Operation 413 'store' 'store_ln179' <Predicate = true> <Delay = 0.42>
ST_16 : Operation 414 [1/1] (0.42ns)   --->   "%store_ln179 = store i16 %localC_51, i16 %localC_51_0" [mmult.cpp:179]   --->   Operation 414 'store' 'store_ln179' <Predicate = true> <Delay = 0.42>
ST_16 : Operation 415 [1/1] (0.42ns)   --->   "%store_ln179 = store i16 %localC_50, i16 %localC_50_0" [mmult.cpp:179]   --->   Operation 415 'store' 'store_ln179' <Predicate = true> <Delay = 0.42>
ST_16 : Operation 416 [1/1] (0.42ns)   --->   "%store_ln179 = store i16 %localC_49, i16 %localC_49_0" [mmult.cpp:179]   --->   Operation 416 'store' 'store_ln179' <Predicate = true> <Delay = 0.42>
ST_16 : Operation 417 [1/1] (0.42ns)   --->   "%store_ln179 = store i16 %localC_48, i16 %localC_48_0" [mmult.cpp:179]   --->   Operation 417 'store' 'store_ln179' <Predicate = true> <Delay = 0.42>
ST_16 : Operation 418 [1/1] (0.42ns)   --->   "%store_ln179 = store i16 %localC_47, i16 %localC_47_0" [mmult.cpp:179]   --->   Operation 418 'store' 'store_ln179' <Predicate = true> <Delay = 0.42>
ST_16 : Operation 419 [1/1] (0.42ns)   --->   "%store_ln179 = store i16 %localC_46, i16 %localC_46_0" [mmult.cpp:179]   --->   Operation 419 'store' 'store_ln179' <Predicate = true> <Delay = 0.42>
ST_16 : Operation 420 [1/1] (0.42ns)   --->   "%store_ln179 = store i16 %localC_45, i16 %localC_45_0" [mmult.cpp:179]   --->   Operation 420 'store' 'store_ln179' <Predicate = true> <Delay = 0.42>
ST_16 : Operation 421 [1/1] (0.42ns)   --->   "%store_ln179 = store i16 %localC_44, i16 %localC_44_0" [mmult.cpp:179]   --->   Operation 421 'store' 'store_ln179' <Predicate = true> <Delay = 0.42>
ST_16 : Operation 422 [1/1] (0.42ns)   --->   "%store_ln179 = store i16 %localC_43, i16 %localC_43_0" [mmult.cpp:179]   --->   Operation 422 'store' 'store_ln179' <Predicate = true> <Delay = 0.42>
ST_16 : Operation 423 [1/1] (0.42ns)   --->   "%store_ln179 = store i16 %localC_42, i16 %localC_42_0" [mmult.cpp:179]   --->   Operation 423 'store' 'store_ln179' <Predicate = true> <Delay = 0.42>
ST_16 : Operation 424 [1/1] (0.42ns)   --->   "%store_ln179 = store i16 %localC_41, i16 %localC_41_0" [mmult.cpp:179]   --->   Operation 424 'store' 'store_ln179' <Predicate = true> <Delay = 0.42>
ST_16 : Operation 425 [1/1] (0.42ns)   --->   "%store_ln179 = store i16 %localC_40, i16 %localC_40_0" [mmult.cpp:179]   --->   Operation 425 'store' 'store_ln179' <Predicate = true> <Delay = 0.42>
ST_16 : Operation 426 [1/1] (0.42ns)   --->   "%store_ln179 = store i16 %localC_39, i16 %localC_39_0" [mmult.cpp:179]   --->   Operation 426 'store' 'store_ln179' <Predicate = true> <Delay = 0.42>
ST_16 : Operation 427 [1/1] (0.42ns)   --->   "%store_ln179 = store i16 %localC_38, i16 %localC_38_0" [mmult.cpp:179]   --->   Operation 427 'store' 'store_ln179' <Predicate = true> <Delay = 0.42>
ST_16 : Operation 428 [1/1] (0.42ns)   --->   "%store_ln179 = store i16 %localC_37, i16 %localC_37_0" [mmult.cpp:179]   --->   Operation 428 'store' 'store_ln179' <Predicate = true> <Delay = 0.42>
ST_16 : Operation 429 [1/1] (0.42ns)   --->   "%store_ln179 = store i16 %localC_36, i16 %localC_36_0" [mmult.cpp:179]   --->   Operation 429 'store' 'store_ln179' <Predicate = true> <Delay = 0.42>
ST_16 : Operation 430 [1/1] (0.42ns)   --->   "%store_ln179 = store i16 %localC_35, i16 %localC_35_0" [mmult.cpp:179]   --->   Operation 430 'store' 'store_ln179' <Predicate = true> <Delay = 0.42>
ST_16 : Operation 431 [1/1] (0.42ns)   --->   "%store_ln179 = store i16 %localC_34, i16 %localC_34_0" [mmult.cpp:179]   --->   Operation 431 'store' 'store_ln179' <Predicate = true> <Delay = 0.42>
ST_16 : Operation 432 [1/1] (0.42ns)   --->   "%store_ln179 = store i16 %localC_33, i16 %localC_33_0" [mmult.cpp:179]   --->   Operation 432 'store' 'store_ln179' <Predicate = true> <Delay = 0.42>
ST_16 : Operation 433 [1/1] (0.42ns)   --->   "%store_ln179 = store i16 %localC_32, i16 %localC_32_0" [mmult.cpp:179]   --->   Operation 433 'store' 'store_ln179' <Predicate = true> <Delay = 0.42>
ST_16 : Operation 434 [1/1] (0.42ns)   --->   "%store_ln179 = store i16 %localC_31, i16 %localC_31_0" [mmult.cpp:179]   --->   Operation 434 'store' 'store_ln179' <Predicate = true> <Delay = 0.42>
ST_16 : Operation 435 [1/1] (0.42ns)   --->   "%store_ln179 = store i16 %localC_30, i16 %localC_30_0" [mmult.cpp:179]   --->   Operation 435 'store' 'store_ln179' <Predicate = true> <Delay = 0.42>
ST_16 : Operation 436 [1/1] (0.42ns)   --->   "%store_ln179 = store i16 %localC_29, i16 %localC_29_0" [mmult.cpp:179]   --->   Operation 436 'store' 'store_ln179' <Predicate = true> <Delay = 0.42>
ST_16 : Operation 437 [1/1] (0.42ns)   --->   "%store_ln179 = store i16 %localC_28, i16 %localC_28_0" [mmult.cpp:179]   --->   Operation 437 'store' 'store_ln179' <Predicate = true> <Delay = 0.42>
ST_16 : Operation 438 [1/1] (0.42ns)   --->   "%store_ln179 = store i16 %localC_27, i16 %localC_27_0" [mmult.cpp:179]   --->   Operation 438 'store' 'store_ln179' <Predicate = true> <Delay = 0.42>
ST_16 : Operation 439 [1/1] (0.42ns)   --->   "%store_ln179 = store i16 %localC_26, i16 %localC_26_0" [mmult.cpp:179]   --->   Operation 439 'store' 'store_ln179' <Predicate = true> <Delay = 0.42>
ST_16 : Operation 440 [1/1] (0.42ns)   --->   "%store_ln179 = store i16 %localC_25, i16 %localC_25_0" [mmult.cpp:179]   --->   Operation 440 'store' 'store_ln179' <Predicate = true> <Delay = 0.42>
ST_16 : Operation 441 [1/1] (0.42ns)   --->   "%store_ln179 = store i16 %localC_24, i16 %localC_24_0" [mmult.cpp:179]   --->   Operation 441 'store' 'store_ln179' <Predicate = true> <Delay = 0.42>
ST_16 : Operation 442 [1/1] (0.42ns)   --->   "%store_ln179 = store i16 %localC_23, i16 %localC_23_0" [mmult.cpp:179]   --->   Operation 442 'store' 'store_ln179' <Predicate = true> <Delay = 0.42>
ST_16 : Operation 443 [1/1] (0.42ns)   --->   "%store_ln179 = store i16 %localC_22, i16 %localC_22_0" [mmult.cpp:179]   --->   Operation 443 'store' 'store_ln179' <Predicate = true> <Delay = 0.42>
ST_16 : Operation 444 [1/1] (0.42ns)   --->   "%store_ln179 = store i16 %localC_21, i16 %localC_21_0" [mmult.cpp:179]   --->   Operation 444 'store' 'store_ln179' <Predicate = true> <Delay = 0.42>
ST_16 : Operation 445 [1/1] (0.42ns)   --->   "%store_ln179 = store i16 %localC_20, i16 %localC_20_0" [mmult.cpp:179]   --->   Operation 445 'store' 'store_ln179' <Predicate = true> <Delay = 0.42>
ST_16 : Operation 446 [1/1] (0.42ns)   --->   "%store_ln179 = store i16 %localC_19, i16 %localC_19_0" [mmult.cpp:179]   --->   Operation 446 'store' 'store_ln179' <Predicate = true> <Delay = 0.42>
ST_16 : Operation 447 [1/1] (0.42ns)   --->   "%store_ln179 = store i16 %localC_18, i16 %localC_18_0" [mmult.cpp:179]   --->   Operation 447 'store' 'store_ln179' <Predicate = true> <Delay = 0.42>
ST_16 : Operation 448 [1/1] (0.42ns)   --->   "%store_ln179 = store i16 %localC_17, i16 %localC_17_0" [mmult.cpp:179]   --->   Operation 448 'store' 'store_ln179' <Predicate = true> <Delay = 0.42>
ST_16 : Operation 449 [1/1] (0.42ns)   --->   "%store_ln179 = store i16 %localC_16, i16 %localC_16_0" [mmult.cpp:179]   --->   Operation 449 'store' 'store_ln179' <Predicate = true> <Delay = 0.42>
ST_16 : Operation 450 [1/1] (0.42ns)   --->   "%store_ln179 = store i16 %localC_15, i16 %localC_15_0" [mmult.cpp:179]   --->   Operation 450 'store' 'store_ln179' <Predicate = true> <Delay = 0.42>
ST_16 : Operation 451 [1/1] (0.42ns)   --->   "%store_ln179 = store i16 %localC_14, i16 %localC_14_0" [mmult.cpp:179]   --->   Operation 451 'store' 'store_ln179' <Predicate = true> <Delay = 0.42>
ST_16 : Operation 452 [1/1] (0.42ns)   --->   "%store_ln179 = store i16 %localC_13, i16 %localC_13_0" [mmult.cpp:179]   --->   Operation 452 'store' 'store_ln179' <Predicate = true> <Delay = 0.42>
ST_16 : Operation 453 [1/1] (0.42ns)   --->   "%store_ln179 = store i16 %localC_12, i16 %localC_12_0" [mmult.cpp:179]   --->   Operation 453 'store' 'store_ln179' <Predicate = true> <Delay = 0.42>
ST_16 : Operation 454 [1/1] (0.42ns)   --->   "%store_ln179 = store i16 %localC_11, i16 %localC_11_0" [mmult.cpp:179]   --->   Operation 454 'store' 'store_ln179' <Predicate = true> <Delay = 0.42>
ST_16 : Operation 455 [1/1] (0.42ns)   --->   "%store_ln179 = store i16 %localC_10, i16 %localC_10_0" [mmult.cpp:179]   --->   Operation 455 'store' 'store_ln179' <Predicate = true> <Delay = 0.42>
ST_16 : Operation 456 [1/1] (0.42ns)   --->   "%store_ln179 = store i16 %localC_9, i16 %localC_9_0" [mmult.cpp:179]   --->   Operation 456 'store' 'store_ln179' <Predicate = true> <Delay = 0.42>
ST_16 : Operation 457 [1/1] (0.42ns)   --->   "%store_ln179 = store i16 %localC_8, i16 %localC_8_0" [mmult.cpp:179]   --->   Operation 457 'store' 'store_ln179' <Predicate = true> <Delay = 0.42>
ST_16 : Operation 458 [1/1] (0.42ns)   --->   "%store_ln179 = store i16 %localC_7, i16 %localC_7_0" [mmult.cpp:179]   --->   Operation 458 'store' 'store_ln179' <Predicate = true> <Delay = 0.42>
ST_16 : Operation 459 [1/1] (0.42ns)   --->   "%store_ln179 = store i16 %localC_6, i16 %localC_6_0" [mmult.cpp:179]   --->   Operation 459 'store' 'store_ln179' <Predicate = true> <Delay = 0.42>
ST_16 : Operation 460 [1/1] (0.42ns)   --->   "%store_ln179 = store i16 %localC_5, i16 %localC_5_0" [mmult.cpp:179]   --->   Operation 460 'store' 'store_ln179' <Predicate = true> <Delay = 0.42>
ST_16 : Operation 461 [1/1] (0.42ns)   --->   "%store_ln179 = store i16 %localC_4, i16 %localC_4_0" [mmult.cpp:179]   --->   Operation 461 'store' 'store_ln179' <Predicate = true> <Delay = 0.42>
ST_16 : Operation 462 [1/1] (0.42ns)   --->   "%store_ln179 = store i16 %localC_3, i16 %localC_3_0" [mmult.cpp:179]   --->   Operation 462 'store' 'store_ln179' <Predicate = true> <Delay = 0.42>
ST_16 : Operation 463 [1/1] (0.42ns)   --->   "%store_ln179 = store i16 %localC_2, i16 %localC_2_0" [mmult.cpp:179]   --->   Operation 463 'store' 'store_ln179' <Predicate = true> <Delay = 0.42>
ST_16 : Operation 464 [1/1] (0.42ns)   --->   "%store_ln179 = store i16 %localC_1, i16 %localC_1_0" [mmult.cpp:179]   --->   Operation 464 'store' 'store_ln179' <Predicate = true> <Delay = 0.42>
ST_16 : Operation 465 [1/1] (0.42ns)   --->   "%store_ln179 = store i16 %localC, i16 %localC_0" [mmult.cpp:179]   --->   Operation 465 'store' 'store_ln179' <Predicate = true> <Delay = 0.42>
ST_16 : Operation 466 [1/1] (0.00ns)   --->   "%br_ln176 = br void %for.inc65" [mmult.cpp:176]   --->   Operation 466 'br' 'br_ln176' <Predicate = true> <Delay = 0.00>

State 17 <SV = 15> <Delay = 2.36>
ST_17 : Operation 467 [1/2] (2.36ns)   --->   "%mul_ln185 = mul i32 %b_col_read, i32 %a_row_read" [mmult.cpp:185]   --->   Operation 467 'mul' 'mul_ln185' <Predicate = (icmp_ln145 & cmp199)> <Delay = 2.36> <CoreInst = "Multiplier">   --->   Core 3 'Multiplier' <Latency = 1> <II = 1> <Delay = 2.36> <FuncUnit> <Opcode : 'mul'> <InPorts = 2> <OutPorts = 1>
ST_17 : Operation 468 [1/2] (2.36ns)   --->   "%mul_ln185_1 = mul i64 %zext_ln107, i64 %zext_ln145" [mmult.cpp:185]   --->   Operation 468 'mul' 'mul_ln185_1' <Predicate = true> <Delay = 2.36> <CoreInst = "Multiplier">   --->   Core 3 'Multiplier' <Latency = 1> <II = 1> <Delay = 2.36> <FuncUnit> <Opcode : 'mul'> <InPorts = 2> <OutPorts = 1>

State 18 <SV = 16> <Delay = 0.44>
ST_18 : Operation 469 [1/1] (0.00ns) (grouped into LUT with out node empty_28)   --->   "%select_ln185 = select i1 %cmp199, i32 %mul_ln185, i32 0" [mmult.cpp:185]   --->   Operation 469 'select' 'select_ln185' <Predicate = (icmp_ln145)> <Delay = 0.00> <CoreInst = "Sel">   --->   Core 73 'Sel' <Latency = 0> <II = 1> <Delay = 0.44> <FuncUnit> <Opcode : 'select'> <InPorts = 3> <OutPorts = 1>
ST_18 : Operation 470 [1/1] (0.44ns) (out node of the LUT)   --->   "%empty_28 = select i1 %icmp_ln145, i32 %select_ln185, i32 0" [mmult.cpp:145]   --->   Operation 470 'select' 'empty_28' <Predicate = true> <Delay = 0.44> <CoreInst = "Sel">   --->   Core 73 'Sel' <Latency = 0> <II = 1> <Delay = 0.44> <FuncUnit> <Opcode : 'select'> <InPorts = 3> <OutPorts = 1>

State 19 <SV = 17> <Delay = 2.40>
ST_19 : Operation 471 [1/1] (0.00ns)   --->   "%sext_ln185 = sext i63 %trunc_ln185_1" [mmult.cpp:185]   --->   Operation 471 'sext' 'sext_ln185' <Predicate = true> <Delay = 0.00>
ST_19 : Operation 472 [1/1] (0.00ns)   --->   "%gmem2_addr = getelementptr i16 %gmem2, i64 %sext_ln185" [mmult.cpp:185]   --->   Operation 472 'getelementptr' 'gmem2_addr' <Predicate = true> <Delay = 0.00>
ST_19 : Operation 473 [1/1] (2.40ns)   --->   "%empty_29 = writereq i1 @_ssdm_op_WriteReq.m_axi.p1i16, i64 %gmem2_addr, i32 %empty_28" [mmult.cpp:185]   --->   Operation 473 'writereq' 'empty_29' <Predicate = true> <Delay = 2.40> <CoreInst = "m_axi">   --->   Core 121 'm_axi' <Latency = 0> <II = 1> <Delay = 1.00> <Adapter> <Opcode : 'read' 'write' 'readreq' 'writereq' 'writeresp'>

State 20 <SV = 18> <Delay = 0.00>
ST_20 : Operation 474 [1/1] (0.00ns)   --->   "%localC_0_load = load i16 %localC_0"   --->   Operation 474 'load' 'localC_0_load' <Predicate = true> <Delay = 0.00>
ST_20 : Operation 475 [1/1] (0.00ns)   --->   "%localC_1_0_load = load i16 %localC_1_0"   --->   Operation 475 'load' 'localC_1_0_load' <Predicate = true> <Delay = 0.00>
ST_20 : Operation 476 [1/1] (0.00ns)   --->   "%localC_2_0_load = load i16 %localC_2_0"   --->   Operation 476 'load' 'localC_2_0_load' <Predicate = true> <Delay = 0.00>
ST_20 : Operation 477 [1/1] (0.00ns)   --->   "%localC_3_0_load = load i16 %localC_3_0"   --->   Operation 477 'load' 'localC_3_0_load' <Predicate = true> <Delay = 0.00>
ST_20 : Operation 478 [1/1] (0.00ns)   --->   "%localC_4_0_load = load i16 %localC_4_0"   --->   Operation 478 'load' 'localC_4_0_load' <Predicate = true> <Delay = 0.00>
ST_20 : Operation 479 [1/1] (0.00ns)   --->   "%localC_5_0_load = load i16 %localC_5_0"   --->   Operation 479 'load' 'localC_5_0_load' <Predicate = true> <Delay = 0.00>
ST_20 : Operation 480 [1/1] (0.00ns)   --->   "%localC_6_0_load = load i16 %localC_6_0"   --->   Operation 480 'load' 'localC_6_0_load' <Predicate = true> <Delay = 0.00>
ST_20 : Operation 481 [1/1] (0.00ns)   --->   "%localC_7_0_load = load i16 %localC_7_0"   --->   Operation 481 'load' 'localC_7_0_load' <Predicate = true> <Delay = 0.00>
ST_20 : Operation 482 [1/1] (0.00ns)   --->   "%localC_8_0_load = load i16 %localC_8_0"   --->   Operation 482 'load' 'localC_8_0_load' <Predicate = true> <Delay = 0.00>
ST_20 : Operation 483 [1/1] (0.00ns)   --->   "%localC_9_0_load = load i16 %localC_9_0"   --->   Operation 483 'load' 'localC_9_0_load' <Predicate = true> <Delay = 0.00>
ST_20 : Operation 484 [1/1] (0.00ns)   --->   "%localC_10_0_load = load i16 %localC_10_0"   --->   Operation 484 'load' 'localC_10_0_load' <Predicate = true> <Delay = 0.00>
ST_20 : Operation 485 [1/1] (0.00ns)   --->   "%localC_11_0_load = load i16 %localC_11_0"   --->   Operation 485 'load' 'localC_11_0_load' <Predicate = true> <Delay = 0.00>
ST_20 : Operation 486 [1/1] (0.00ns)   --->   "%localC_12_0_load = load i16 %localC_12_0"   --->   Operation 486 'load' 'localC_12_0_load' <Predicate = true> <Delay = 0.00>
ST_20 : Operation 487 [1/1] (0.00ns)   --->   "%localC_13_0_load = load i16 %localC_13_0"   --->   Operation 487 'load' 'localC_13_0_load' <Predicate = true> <Delay = 0.00>
ST_20 : Operation 488 [1/1] (0.00ns)   --->   "%localC_14_0_load = load i16 %localC_14_0"   --->   Operation 488 'load' 'localC_14_0_load' <Predicate = true> <Delay = 0.00>
ST_20 : Operation 489 [1/1] (0.00ns)   --->   "%localC_15_0_load = load i16 %localC_15_0"   --->   Operation 489 'load' 'localC_15_0_load' <Predicate = true> <Delay = 0.00>
ST_20 : Operation 490 [1/1] (0.00ns)   --->   "%localC_16_0_load = load i16 %localC_16_0"   --->   Operation 490 'load' 'localC_16_0_load' <Predicate = true> <Delay = 0.00>
ST_20 : Operation 491 [1/1] (0.00ns)   --->   "%localC_17_0_load = load i16 %localC_17_0"   --->   Operation 491 'load' 'localC_17_0_load' <Predicate = true> <Delay = 0.00>
ST_20 : Operation 492 [1/1] (0.00ns)   --->   "%localC_18_0_load = load i16 %localC_18_0"   --->   Operation 492 'load' 'localC_18_0_load' <Predicate = true> <Delay = 0.00>
ST_20 : Operation 493 [1/1] (0.00ns)   --->   "%localC_19_0_load = load i16 %localC_19_0"   --->   Operation 493 'load' 'localC_19_0_load' <Predicate = true> <Delay = 0.00>
ST_20 : Operation 494 [1/1] (0.00ns)   --->   "%localC_20_0_load = load i16 %localC_20_0"   --->   Operation 494 'load' 'localC_20_0_load' <Predicate = true> <Delay = 0.00>
ST_20 : Operation 495 [1/1] (0.00ns)   --->   "%localC_21_0_load = load i16 %localC_21_0"   --->   Operation 495 'load' 'localC_21_0_load' <Predicate = true> <Delay = 0.00>
ST_20 : Operation 496 [1/1] (0.00ns)   --->   "%localC_22_0_load = load i16 %localC_22_0"   --->   Operation 496 'load' 'localC_22_0_load' <Predicate = true> <Delay = 0.00>
ST_20 : Operation 497 [1/1] (0.00ns)   --->   "%localC_23_0_load = load i16 %localC_23_0"   --->   Operation 497 'load' 'localC_23_0_load' <Predicate = true> <Delay = 0.00>
ST_20 : Operation 498 [1/1] (0.00ns)   --->   "%localC_24_0_load = load i16 %localC_24_0"   --->   Operation 498 'load' 'localC_24_0_load' <Predicate = true> <Delay = 0.00>
ST_20 : Operation 499 [1/1] (0.00ns)   --->   "%localC_25_0_load = load i16 %localC_25_0"   --->   Operation 499 'load' 'localC_25_0_load' <Predicate = true> <Delay = 0.00>
ST_20 : Operation 500 [1/1] (0.00ns)   --->   "%localC_26_0_load = load i16 %localC_26_0"   --->   Operation 500 'load' 'localC_26_0_load' <Predicate = true> <Delay = 0.00>
ST_20 : Operation 501 [1/1] (0.00ns)   --->   "%localC_27_0_load = load i16 %localC_27_0"   --->   Operation 501 'load' 'localC_27_0_load' <Predicate = true> <Delay = 0.00>
ST_20 : Operation 502 [1/1] (0.00ns)   --->   "%localC_28_0_load = load i16 %localC_28_0"   --->   Operation 502 'load' 'localC_28_0_load' <Predicate = true> <Delay = 0.00>
ST_20 : Operation 503 [1/1] (0.00ns)   --->   "%localC_29_0_load = load i16 %localC_29_0"   --->   Operation 503 'load' 'localC_29_0_load' <Predicate = true> <Delay = 0.00>
ST_20 : Operation 504 [1/1] (0.00ns)   --->   "%localC_30_0_load = load i16 %localC_30_0"   --->   Operation 504 'load' 'localC_30_0_load' <Predicate = true> <Delay = 0.00>
ST_20 : Operation 505 [1/1] (0.00ns)   --->   "%localC_31_0_load = load i16 %localC_31_0"   --->   Operation 505 'load' 'localC_31_0_load' <Predicate = true> <Delay = 0.00>
ST_20 : Operation 506 [1/1] (0.00ns)   --->   "%localC_32_0_load = load i16 %localC_32_0"   --->   Operation 506 'load' 'localC_32_0_load' <Predicate = true> <Delay = 0.00>
ST_20 : Operation 507 [1/1] (0.00ns)   --->   "%localC_33_0_load = load i16 %localC_33_0"   --->   Operation 507 'load' 'localC_33_0_load' <Predicate = true> <Delay = 0.00>
ST_20 : Operation 508 [1/1] (0.00ns)   --->   "%localC_34_0_load = load i16 %localC_34_0"   --->   Operation 508 'load' 'localC_34_0_load' <Predicate = true> <Delay = 0.00>
ST_20 : Operation 509 [1/1] (0.00ns)   --->   "%localC_35_0_load = load i16 %localC_35_0"   --->   Operation 509 'load' 'localC_35_0_load' <Predicate = true> <Delay = 0.00>
ST_20 : Operation 510 [1/1] (0.00ns)   --->   "%localC_36_0_load = load i16 %localC_36_0"   --->   Operation 510 'load' 'localC_36_0_load' <Predicate = true> <Delay = 0.00>
ST_20 : Operation 511 [1/1] (0.00ns)   --->   "%localC_37_0_load = load i16 %localC_37_0"   --->   Operation 511 'load' 'localC_37_0_load' <Predicate = true> <Delay = 0.00>
ST_20 : Operation 512 [1/1] (0.00ns)   --->   "%localC_38_0_load = load i16 %localC_38_0"   --->   Operation 512 'load' 'localC_38_0_load' <Predicate = true> <Delay = 0.00>
ST_20 : Operation 513 [1/1] (0.00ns)   --->   "%localC_39_0_load = load i16 %localC_39_0"   --->   Operation 513 'load' 'localC_39_0_load' <Predicate = true> <Delay = 0.00>
ST_20 : Operation 514 [1/1] (0.00ns)   --->   "%localC_40_0_load = load i16 %localC_40_0"   --->   Operation 514 'load' 'localC_40_0_load' <Predicate = true> <Delay = 0.00>
ST_20 : Operation 515 [1/1] (0.00ns)   --->   "%localC_41_0_load = load i16 %localC_41_0"   --->   Operation 515 'load' 'localC_41_0_load' <Predicate = true> <Delay = 0.00>
ST_20 : Operation 516 [1/1] (0.00ns)   --->   "%localC_42_0_load = load i16 %localC_42_0"   --->   Operation 516 'load' 'localC_42_0_load' <Predicate = true> <Delay = 0.00>
ST_20 : Operation 517 [1/1] (0.00ns)   --->   "%localC_43_0_load = load i16 %localC_43_0"   --->   Operation 517 'load' 'localC_43_0_load' <Predicate = true> <Delay = 0.00>
ST_20 : Operation 518 [1/1] (0.00ns)   --->   "%localC_44_0_load = load i16 %localC_44_0"   --->   Operation 518 'load' 'localC_44_0_load' <Predicate = true> <Delay = 0.00>
ST_20 : Operation 519 [1/1] (0.00ns)   --->   "%localC_45_0_load = load i16 %localC_45_0"   --->   Operation 519 'load' 'localC_45_0_load' <Predicate = true> <Delay = 0.00>
ST_20 : Operation 520 [1/1] (0.00ns)   --->   "%localC_46_0_load = load i16 %localC_46_0"   --->   Operation 520 'load' 'localC_46_0_load' <Predicate = true> <Delay = 0.00>
ST_20 : Operation 521 [1/1] (0.00ns)   --->   "%localC_47_0_load = load i16 %localC_47_0"   --->   Operation 521 'load' 'localC_47_0_load' <Predicate = true> <Delay = 0.00>
ST_20 : Operation 522 [1/1] (0.00ns)   --->   "%localC_48_0_load = load i16 %localC_48_0"   --->   Operation 522 'load' 'localC_48_0_load' <Predicate = true> <Delay = 0.00>
ST_20 : Operation 523 [1/1] (0.00ns)   --->   "%localC_49_0_load = load i16 %localC_49_0"   --->   Operation 523 'load' 'localC_49_0_load' <Predicate = true> <Delay = 0.00>
ST_20 : Operation 524 [1/1] (0.00ns)   --->   "%localC_50_0_load = load i16 %localC_50_0"   --->   Operation 524 'load' 'localC_50_0_load' <Predicate = true> <Delay = 0.00>
ST_20 : Operation 525 [1/1] (0.00ns)   --->   "%localC_51_0_load = load i16 %localC_51_0"   --->   Operation 525 'load' 'localC_51_0_load' <Predicate = true> <Delay = 0.00>
ST_20 : Operation 526 [1/1] (0.00ns)   --->   "%localC_52_0_load = load i16 %localC_52_0"   --->   Operation 526 'load' 'localC_52_0_load' <Predicate = true> <Delay = 0.00>
ST_20 : Operation 527 [1/1] (0.00ns)   --->   "%localC_53_0_load = load i16 %localC_53_0"   --->   Operation 527 'load' 'localC_53_0_load' <Predicate = true> <Delay = 0.00>
ST_20 : Operation 528 [1/1] (0.00ns)   --->   "%localC_54_0_load = load i16 %localC_54_0"   --->   Operation 528 'load' 'localC_54_0_load' <Predicate = true> <Delay = 0.00>
ST_20 : Operation 529 [1/1] (0.00ns)   --->   "%localC_55_0_load = load i16 %localC_55_0"   --->   Operation 529 'load' 'localC_55_0_load' <Predicate = true> <Delay = 0.00>
ST_20 : Operation 530 [1/1] (0.00ns)   --->   "%localC_56_0_load = load i16 %localC_56_0"   --->   Operation 530 'load' 'localC_56_0_load' <Predicate = true> <Delay = 0.00>
ST_20 : Operation 531 [1/1] (0.00ns)   --->   "%localC_57_0_load = load i16 %localC_57_0"   --->   Operation 531 'load' 'localC_57_0_load' <Predicate = true> <Delay = 0.00>
ST_20 : Operation 532 [1/1] (0.00ns)   --->   "%localC_58_0_load = load i16 %localC_58_0"   --->   Operation 532 'load' 'localC_58_0_load' <Predicate = true> <Delay = 0.00>
ST_20 : Operation 533 [1/1] (0.00ns)   --->   "%localC_59_0_load = load i16 %localC_59_0"   --->   Operation 533 'load' 'localC_59_0_load' <Predicate = true> <Delay = 0.00>
ST_20 : Operation 534 [1/1] (0.00ns)   --->   "%localC_60_0_load = load i16 %localC_60_0"   --->   Operation 534 'load' 'localC_60_0_load' <Predicate = true> <Delay = 0.00>
ST_20 : Operation 535 [1/1] (0.00ns)   --->   "%localC_61_0_load = load i16 %localC_61_0"   --->   Operation 535 'load' 'localC_61_0_load' <Predicate = true> <Delay = 0.00>
ST_20 : Operation 536 [1/1] (0.00ns)   --->   "%localC_62_0_load = load i16 %localC_62_0"   --->   Operation 536 'load' 'localC_62_0_load' <Predicate = true> <Delay = 0.00>
ST_20 : Operation 537 [1/1] (0.00ns)   --->   "%localC_63_0_load = load i16 %localC_63_0"   --->   Operation 537 'load' 'localC_63_0_load' <Predicate = true> <Delay = 0.00>
ST_20 : Operation 538 [2/2] (0.00ns)   --->   "%call_ln185 = call void @mmult_Pipeline_writeC_VITIS_LOOP_187_5, i16 %gmem2, i32 %b_col_read, i64 %mul_ln185_1, i63 %trunc_ln185_1, i16 %localC_0_load, i16 %localC_1_0_load, i16 %localC_2_0_load, i16 %localC_3_0_load, i16 %localC_4_0_load, i16 %localC_5_0_load, i16 %localC_6_0_load, i16 %localC_7_0_load, i16 %localC_8_0_load, i16 %localC_9_0_load, i16 %localC_10_0_load, i16 %localC_11_0_load, i16 %localC_12_0_load, i16 %localC_13_0_load, i16 %localC_14_0_load, i16 %localC_15_0_load, i16 %localC_16_0_load, i16 %localC_17_0_load, i16 %localC_18_0_load, i16 %localC_19_0_load, i16 %localC_20_0_load, i16 %localC_21_0_load, i16 %localC_22_0_load, i16 %localC_23_0_load, i16 %localC_24_0_load, i16 %localC_25_0_load, i16 %localC_26_0_load, i16 %localC_27_0_load, i16 %localC_28_0_load, i16 %localC_29_0_load, i16 %localC_30_0_load, i16 %localC_31_0_load, i16 %localC_32_0_load, i16 %localC_33_0_load, i16 %localC_34_0_load, i16 %localC_35_0_load, i16 %localC_36_0_load, i16 %localC_37_0_load, i16 %localC_38_0_load, i16 %localC_39_0_load, i16 %localC_40_0_load, i16 %localC_41_0_load, i16 %localC_42_0_load, i16 %localC_43_0_load, i16 %localC_44_0_load, i16 %localC_45_0_load, i16 %localC_46_0_load, i16 %localC_47_0_load, i16 %localC_48_0_load, i16 %localC_49_0_load, i16 %localC_50_0_load, i16 %localC_51_0_load, i16 %localC_52_0_load, i16 %localC_53_0_load, i16 %localC_54_0_load, i16 %localC_55_0_load, i16 %localC_56_0_load, i16 %localC_57_0_load, i16 %localC_58_0_load, i16 %localC_59_0_load, i16 %localC_60_0_load, i16 %localC_61_0_load, i16 %localC_62_0_load, i16 %localC_63_0_load" [mmult.cpp:185]   --->   Operation 538 'call' 'call_ln185' <Predicate = true> <Delay = 0.00> <CoreType = "Generic">   --->   Core 0 '' <Latency = 0> <II = 1> <Delay = 1.00> <Generic> <Opcode : >

State 21 <SV = 19> <Delay = 0.00>
ST_21 : Operation 539 [1/2] (0.00ns)   --->   "%call_ln185 = call void @mmult_Pipeline_writeC_VITIS_LOOP_187_5, i16 %gmem2, i32 %b_col_read, i64 %mul_ln185_1, i63 %trunc_ln185_1, i16 %localC_0_load, i16 %localC_1_0_load, i16 %localC_2_0_load, i16 %localC_3_0_load, i16 %localC_4_0_load, i16 %localC_5_0_load, i16 %localC_6_0_load, i16 %localC_7_0_load, i16 %localC_8_0_load, i16 %localC_9_0_load, i16 %localC_10_0_load, i16 %localC_11_0_load, i16 %localC_12_0_load, i16 %localC_13_0_load, i16 %localC_14_0_load, i16 %localC_15_0_load, i16 %localC_16_0_load, i16 %localC_17_0_load, i16 %localC_18_0_load, i16 %localC_19_0_load, i16 %localC_20_0_load, i16 %localC_21_0_load, i16 %localC_22_0_load, i16 %localC_23_0_load, i16 %localC_24_0_load, i16 %localC_25_0_load, i16 %localC_26_0_load, i16 %localC_27_0_load, i16 %localC_28_0_load, i16 %localC_29_0_load, i16 %localC_30_0_load, i16 %localC_31_0_load, i16 %localC_32_0_load, i16 %localC_33_0_load, i16 %localC_34_0_load, i16 %localC_35_0_load, i16 %localC_36_0_load, i16 %localC_37_0_load, i16 %localC_38_0_load, i16 %localC_39_0_load, i16 %localC_40_0_load, i16 %localC_41_0_load, i16 %localC_42_0_load, i16 %localC_43_0_load, i16 %localC_44_0_load, i16 %localC_45_0_load, i16 %localC_46_0_load, i16 %localC_47_0_load, i16 %localC_48_0_load, i16 %localC_49_0_load, i16 %localC_50_0_load, i16 %localC_51_0_load, i16 %localC_52_0_load, i16 %localC_53_0_load, i16 %localC_54_0_load, i16 %localC_55_0_load, i16 %localC_56_0_load, i16 %localC_57_0_load, i16 %localC_58_0_load, i16 %localC_59_0_load, i16 %localC_60_0_load, i16 %localC_61_0_load, i16 %localC_62_0_load, i16 %localC_63_0_load" [mmult.cpp:185]   --->   Operation 539 'call' 'call_ln185' <Predicate = true> <Delay = 0.00> <CoreType = "Generic">   --->   Core 0 '' <Latency = 0> <II = 1> <Delay = 1.00> <Generic> <Opcode : >

State 22 <SV = 20> <Delay = 2.40>
ST_22 : Operation 540 [5/5] (2.40ns)   --->   "%empty_30 = writeresp i1 @_ssdm_op_WriteResp.m_axi.p1i16, i64 %gmem2_addr" [mmult.cpp:193]   --->   Operation 540 'writeresp' 'empty_30' <Predicate = true> <Delay = 2.40> <CoreInst = "m_axi">   --->   Core 121 'm_axi' <Latency = 0> <II = 1> <Delay = 1.00> <Adapter> <Opcode : 'read' 'write' 'readreq' 'writereq' 'writeresp'>

State 23 <SV = 21> <Delay = 2.40>
ST_23 : Operation 541 [4/5] (2.40ns)   --->   "%empty_30 = writeresp i1 @_ssdm_op_WriteResp.m_axi.p1i16, i64 %gmem2_addr" [mmult.cpp:193]   --->   Operation 541 'writeresp' 'empty_30' <Predicate = true> <Delay = 2.40> <CoreInst = "m_axi">   --->   Core 121 'm_axi' <Latency = 0> <II = 1> <Delay = 1.00> <Adapter> <Opcode : 'read' 'write' 'readreq' 'writereq' 'writeresp'>

State 24 <SV = 22> <Delay = 2.40>
ST_24 : Operation 542 [3/5] (2.40ns)   --->   "%empty_30 = writeresp i1 @_ssdm_op_WriteResp.m_axi.p1i16, i64 %gmem2_addr" [mmult.cpp:193]   --->   Operation 542 'writeresp' 'empty_30' <Predicate = true> <Delay = 2.40> <CoreInst = "m_axi">   --->   Core 121 'm_axi' <Latency = 0> <II = 1> <Delay = 1.00> <Adapter> <Opcode : 'read' 'write' 'readreq' 'writereq' 'writeresp'>

State 25 <SV = 23> <Delay = 2.40>
ST_25 : Operation 543 [2/5] (2.40ns)   --->   "%empty_30 = writeresp i1 @_ssdm_op_WriteResp.m_axi.p1i16, i64 %gmem2_addr" [mmult.cpp:193]   --->   Operation 543 'writeresp' 'empty_30' <Predicate = true> <Delay = 2.40> <CoreInst = "m_axi">   --->   Core 121 'm_axi' <Latency = 0> <II = 1> <Delay = 1.00> <Adapter> <Opcode : 'read' 'write' 'readreq' 'writereq' 'writeresp'>

State 26 <SV = 24> <Delay = 2.40>
ST_26 : Operation 544 [1/5] (2.40ns)   --->   "%empty_30 = writeresp i1 @_ssdm_op_WriteResp.m_axi.p1i16, i64 %gmem2_addr" [mmult.cpp:193]   --->   Operation 544 'writeresp' 'empty_30' <Predicate = true> <Delay = 2.40> <CoreInst = "m_axi">   --->   Core 121 'm_axi' <Latency = 0> <II = 1> <Delay = 1.00> <Adapter> <Opcode : 'read' 'write' 'readreq' 'writereq' 'writeresp'>
ST_26 : Operation 545 [1/1] (0.00ns)   --->   "%ret_ln193 = ret" [mmult.cpp:193]   --->   Operation 545 'ret' 'ret_ln193' <Predicate = true> <Delay = 0.00>


============================================================
+ Verbose Summary: Binding
============================================================
STG Binding: 
---------------- STG Properties BEGIN ----------------
- Is combinational: 0
- Is one-state seq: 0
- Is datapath-only: 0
- Is pipelined: 0
- Is top level: 1
Port [ Return ] is wired: 1; IO mode=ap_ctrl_hs:ce=0
Port [ gmem0]:  wired=1; compound=1; hidden=0; nouse=0; global=0; static=0; extern=0; dir=0; type=4; pingpong=0; private_global=0; IO mode=m_axi:ce=0
Port [ gmem1]:  wired=1; compound=1; hidden=0; nouse=0; global=0; static=0; extern=0; dir=0; type=4; pingpong=0; private_global=0; IO mode=m_axi:ce=0
Port [ gmem2]:  wired=1; compound=1; hidden=0; nouse=0; global=0; static=0; extern=0; dir=1; type=4; pingpong=0; private_global=0; IO mode=m_axi:ce=0
Port [ a]:  wired=1; compound=0; hidden=0; nouse=0; global=0; static=0; extern=0; dir=0; type=0; pingpong=0; private_global=0; IO mode=ap_none:ce=0
Port [ b]:  wired=1; compound=0; hidden=0; nouse=0; global=0; static=0; extern=0; dir=0; type=0; pingpong=0; private_global=0; IO mode=ap_none:ce=0
Port [ c]:  wired=1; compound=0; hidden=0; nouse=0; global=0; static=0; extern=0; dir=0; type=0; pingpong=0; private_global=0; IO mode=ap_none:ce=0
Port [ a_row]:  wired=1; compound=0; hidden=0; nouse=0; global=0; static=0; extern=0; dir=0; type=0; pingpong=0; private_global=0; IO mode=ap_none:ce=0
Port [ a_col]:  wired=1; compound=0; hidden=0; nouse=0; global=0; static=0; extern=0; dir=0; type=0; pingpong=0; private_global=0; IO mode=ap_none:ce=0
Port [ b_col]:  wired=1; compound=0; hidden=0; nouse=0; global=0; static=0; extern=0; dir=0; type=0; pingpong=0; private_global=0; IO mode=ap_none:ce=0
---------------- STG Properties END ------------------

---------------- Datapath Model BEGIN ----------------

<LifeTime>
<method=bitvector/>
q                       (alloca           ) [ 011111111111111110000000000]
localC_0                (alloca           ) [ 011111111111111111111000000]
localC_1_0              (alloca           ) [ 011111111111111111111000000]
localC_2_0              (alloca           ) [ 011111111111111111111000000]
localC_3_0              (alloca           ) [ 011111111111111111111000000]
localC_4_0              (alloca           ) [ 011111111111111111111000000]
localC_5_0              (alloca           ) [ 011111111111111111111000000]
localC_6_0              (alloca           ) [ 011111111111111111111000000]
localC_7_0              (alloca           ) [ 011111111111111111111000000]
localC_8_0              (alloca           ) [ 011111111111111111111000000]
localC_9_0              (alloca           ) [ 011111111111111111111000000]
localC_10_0             (alloca           ) [ 011111111111111111111000000]
localC_11_0             (alloca           ) [ 011111111111111111111000000]
localC_12_0             (alloca           ) [ 011111111111111111111000000]
localC_13_0             (alloca           ) [ 011111111111111111111000000]
localC_14_0             (alloca           ) [ 011111111111111111111000000]
localC_15_0             (alloca           ) [ 011111111111111111111000000]
localC_16_0             (alloca           ) [ 011111111111111111111000000]
localC_17_0             (alloca           ) [ 011111111111111111111000000]
localC_18_0             (alloca           ) [ 011111111111111111111000000]
localC_19_0             (alloca           ) [ 011111111111111111111000000]
localC_20_0             (alloca           ) [ 011111111111111111111000000]
localC_21_0             (alloca           ) [ 011111111111111111111000000]
localC_22_0             (alloca           ) [ 011111111111111111111000000]
localC_23_0             (alloca           ) [ 011111111111111111111000000]
localC_24_0             (alloca           ) [ 011111111111111111111000000]
localC_25_0             (alloca           ) [ 011111111111111111111000000]
localC_26_0             (alloca           ) [ 011111111111111111111000000]
localC_27_0             (alloca           ) [ 011111111111111111111000000]
localC_28_0             (alloca           ) [ 011111111111111111111000000]
localC_29_0             (alloca           ) [ 011111111111111111111000000]
localC_30_0             (alloca           ) [ 011111111111111111111000000]
localC_31_0             (alloca           ) [ 011111111111111111111000000]
localC_32_0             (alloca           ) [ 011111111111111111111000000]
localC_33_0             (alloca           ) [ 011111111111111111111000000]
localC_34_0             (alloca           ) [ 011111111111111111111000000]
localC_35_0             (alloca           ) [ 011111111111111111111000000]
localC_36_0             (alloca           ) [ 011111111111111111111000000]
localC_37_0             (alloca           ) [ 011111111111111111111000000]
localC_38_0             (alloca           ) [ 011111111111111111111000000]
localC_39_0             (alloca           ) [ 011111111111111111111000000]
localC_40_0             (alloca           ) [ 011111111111111111111000000]
localC_41_0             (alloca           ) [ 011111111111111111111000000]
localC_42_0             (alloca           ) [ 011111111111111111111000000]
localC_43_0             (alloca           ) [ 011111111111111111111000000]
localC_44_0             (alloca           ) [ 011111111111111111111000000]
localC_45_0             (alloca           ) [ 011111111111111111111000000]
localC_46_0             (alloca           ) [ 011111111111111111111000000]
localC_47_0             (alloca           ) [ 011111111111111111111000000]
localC_48_0             (alloca           ) [ 011111111111111111111000000]
localC_49_0             (alloca           ) [ 011111111111111111111000000]
localC_50_0             (alloca           ) [ 011111111111111111111000000]
localC_51_0             (alloca           ) [ 011111111111111111111000000]
localC_52_0             (alloca           ) [ 011111111111111111111000000]
localC_53_0             (alloca           ) [ 011111111111111111111000000]
localC_54_0             (alloca           ) [ 011111111111111111111000000]
localC_55_0             (alloca           ) [ 011111111111111111111000000]
localC_56_0             (alloca           ) [ 011111111111111111111000000]
localC_57_0             (alloca           ) [ 011111111111111111111000000]
localC_58_0             (alloca           ) [ 011111111111111111111000000]
localC_59_0             (alloca           ) [ 011111111111111111111000000]
localC_60_0             (alloca           ) [ 011111111111111111111000000]
localC_61_0             (alloca           ) [ 011111111111111111111000000]
localC_62_0             (alloca           ) [ 011111111111111111111000000]
localC_63_0             (alloca           ) [ 011111111111111111111000000]
b_col_read              (read             ) [ 001111111111111111111100000]
a_col_read              (read             ) [ 001111111111111110000000000]
a_row_read              (read             ) [ 001111111111111111000000000]
c_read                  (read             ) [ 001111111111111110000000000]
b_read                  (read             ) [ 001111111111111000000000000]
a_read                  (read             ) [ 001111111111111000000000000]
localA                  (alloca           ) [ 001111111111111110000000000]
localA_1                (alloca           ) [ 001111111111111110000000000]
localA_2                (alloca           ) [ 001111111111111110000000000]
localA_3                (alloca           ) [ 001111111111111110000000000]
localA_4                (alloca           ) [ 001111111111111110000000000]
localA_5                (alloca           ) [ 001111111111111110000000000]
localA_6                (alloca           ) [ 001111111111111110000000000]
localA_7                (alloca           ) [ 001111111111111110000000000]
localB                  (alloca           ) [ 001111111111111110000000000]
localB_1                (alloca           ) [ 001111111111111110000000000]
localB_2                (alloca           ) [ 001111111111111110000000000]
localB_3                (alloca           ) [ 001111111111111110000000000]
localB_4                (alloca           ) [ 001111111111111110000000000]
localB_5                (alloca           ) [ 001111111111111110000000000]
localB_6                (alloca           ) [ 001111111111111110000000000]
localB_7                (alloca           ) [ 001111111111111110000000000]
icmp_ln145              (icmp             ) [ 001111111111111111100000000]
icmp_ln156              (icmp             ) [ 001110000000000000000000000]
cmp199                  (icmp             ) [ 001111111111111111100000000]
store_ln0               (store            ) [ 000000000000000000000000000]
store_ln0               (store            ) [ 000000000000000000000000000]
store_ln0               (store            ) [ 000000000000000000000000000]
store_ln0               (store            ) [ 000000000000000000000000000]
store_ln0               (store            ) [ 000000000000000000000000000]
store_ln0               (store            ) [ 000000000000000000000000000]
store_ln0               (store            ) [ 000000000000000000000000000]
store_ln0               (store            ) [ 000000000000000000000000000]
store_ln0               (store            ) [ 000000000000000000000000000]
store_ln0               (store            ) [ 000000000000000000000000000]
store_ln0               (store            ) [ 000000000000000000000000000]
store_ln0               (store            ) [ 000000000000000000000000000]
store_ln0               (store            ) [ 000000000000000000000000000]
store_ln0               (store            ) [ 000000000000000000000000000]
store_ln0               (store            ) [ 000000000000000000000000000]
store_ln0               (store            ) [ 000000000000000000000000000]
store_ln0               (store            ) [ 000000000000000000000000000]
store_ln0               (store            ) [ 000000000000000000000000000]
store_ln0               (store            ) [ 000000000000000000000000000]
store_ln0               (store            ) [ 000000000000000000000000000]
store_ln0               (store            ) [ 000000000000000000000000000]
store_ln0               (store            ) [ 000000000000000000000000000]
store_ln0               (store            ) [ 000000000000000000000000000]
store_ln0               (store            ) [ 000000000000000000000000000]
store_ln0               (store            ) [ 000000000000000000000000000]
store_ln0               (store            ) [ 000000000000000000000000000]
store_ln0               (store            ) [ 000000000000000000000000000]
store_ln0               (store            ) [ 000000000000000000000000000]
store_ln0               (store            ) [ 000000000000000000000000000]
store_ln0               (store            ) [ 000000000000000000000000000]
store_ln0               (store            ) [ 000000000000000000000000000]
store_ln0               (store            ) [ 000000000000000000000000000]
store_ln0               (store            ) [ 000000000000000000000000000]
store_ln0               (store            ) [ 000000000000000000000000000]
store_ln0               (store            ) [ 000000000000000000000000000]
store_ln0               (store            ) [ 000000000000000000000000000]
store_ln0               (store            ) [ 000000000000000000000000000]
store_ln0               (store            ) [ 000000000000000000000000000]
store_ln0               (store            ) [ 000000000000000000000000000]
store_ln0               (store            ) [ 000000000000000000000000000]
store_ln0               (store            ) [ 000000000000000000000000000]
store_ln0               (store            ) [ 000000000000000000000000000]
store_ln0               (store            ) [ 000000000000000000000000000]
store_ln0               (store            ) [ 000000000000000000000000000]
store_ln0               (store            ) [ 000000000000000000000000000]
store_ln0               (store            ) [ 000000000000000000000000000]
store_ln0               (store            ) [ 000000000000000000000000000]
store_ln0               (store            ) [ 000000000000000000000000000]
store_ln0               (store            ) [ 000000000000000000000000000]
store_ln0               (store            ) [ 000000000000000000000000000]
store_ln0               (store            ) [ 000000000000000000000000000]
store_ln0               (store            ) [ 000000000000000000000000000]
store_ln0               (store            ) [ 000000000000000000000000000]
store_ln0               (store            ) [ 000000000000000000000000000]
store_ln0               (store            ) [ 000000000000000000000000000]
store_ln0               (store            ) [ 000000000000000000000000000]
store_ln0               (store            ) [ 000000000000000000000000000]
store_ln0               (store            ) [ 000000000000000000000000000]
store_ln0               (store            ) [ 000000000000000000000000000]
store_ln0               (store            ) [ 000000000000000000000000000]
store_ln0               (store            ) [ 000000000000000000000000000]
store_ln0               (store            ) [ 000000000000000000000000000]
store_ln0               (store            ) [ 000000000000000000000000000]
store_ln0               (store            ) [ 000000000000000000000000000]
store_ln176             (store            ) [ 000000000000000000000000000]
mul_ln145               (mul              ) [ 000010000000000000000000000]
mul_ln156               (mul              ) [ 000010000000000000000000000]
select_ln145            (select           ) [ 000000000000000000000000000]
empty                   (select           ) [ 000001111111100000000000000]
select_ln156            (select           ) [ 000000000000000000000000000]
empty_26                (select           ) [ 000001111111100000000000000]
gmem0_addr              (getelementptr    ) [ 000000111111100000000000000]
gmem1_addr              (getelementptr    ) [ 000000111111100000000000000]
empty_25                (readreq          ) [ 000000000000000000000000000]
zext_ln107              (zext             ) [ 000000000000011111000000000]
zext_ln107_1            (zext             ) [ 000000000000010000000000000]
empty_27                (readreq          ) [ 000000000000000000000000000]
zext_ln145              (zext             ) [ 000000000000011111000000000]
mul_ln107               (mul              ) [ 000000000000001000000000000]
mul_ln145_1             (mul              ) [ 000000000000001000000000000]
spectopmodule_ln107     (spectopmodule    ) [ 000000000000000000000000000]
specinterface_ln0       (specinterface    ) [ 000000000000000000000000000]
specbitsmap_ln0         (specbitsmap      ) [ 000000000000000000000000000]
specinterface_ln0       (specinterface    ) [ 000000000000000000000000000]
specbitsmap_ln0         (specbitsmap      ) [ 000000000000000000000000000]
specinterface_ln0       (specinterface    ) [ 000000000000000000000000000]
specbitsmap_ln0         (specbitsmap      ) [ 000000000000000000000000000]
specinterface_ln0       (specinterface    ) [ 000000000000000000000000000]
specinterface_ln0       (specinterface    ) [ 000000000000000000000000000]
specinterface_ln0       (specinterface    ) [ 000000000000000000000000000]
specinterface_ln0       (specinterface    ) [ 000000000000000000000000000]
specinterface_ln0       (specinterface    ) [ 000000000000000000000000000]
specinterface_ln0       (specinterface    ) [ 000000000000000000000000000]
specbitsmap_ln0         (specbitsmap      ) [ 000000000000000000000000000]
specinterface_ln0       (specinterface    ) [ 000000000000000000000000000]
specinterface_ln0       (specinterface    ) [ 000000000000000000000000000]
specbitsmap_ln0         (specbitsmap      ) [ 000000000000000000000000000]
specinterface_ln0       (specinterface    ) [ 000000000000000000000000000]
specinterface_ln0       (specinterface    ) [ 000000000000000000000000000]
specbitsmap_ln0         (specbitsmap      ) [ 000000000000000000000000000]
specinterface_ln0       (specinterface    ) [ 000000000000000000000000000]
specinterface_ln0       (specinterface    ) [ 000000000000000000000000000]
specinterface_ln0       (specinterface    ) [ 000000000000000000000000000]
specmemcore_ln132       (specmemcore      ) [ 000000000000000000000000000]
specmemcore_ln132       (specmemcore      ) [ 000000000000000000000000000]
specmemcore_ln132       (specmemcore      ) [ 000000000000000000000000000]
specmemcore_ln132       (specmemcore      ) [ 000000000000000000000000000]
specmemcore_ln132       (specmemcore      ) [ 000000000000000000000000000]
specmemcore_ln132       (specmemcore      ) [ 000000000000000000000000000]
specmemcore_ln132       (specmemcore      ) [ 000000000000000000000000000]
specmemcore_ln132       (specmemcore      ) [ 000000000000000000000000000]
specmemcore_ln136       (specmemcore      ) [ 000000000000000000000000000]
specmemcore_ln136       (specmemcore      ) [ 000000000000000000000000000]
specmemcore_ln136       (specmemcore      ) [ 000000000000000000000000000]
specmemcore_ln136       (specmemcore      ) [ 000000000000000000000000000]
specmemcore_ln136       (specmemcore      ) [ 000000000000000000000000000]
specmemcore_ln136       (specmemcore      ) [ 000000000000000000000000000]
specmemcore_ln136       (specmemcore      ) [ 000000000000000000000000000]
specmemcore_ln136       (specmemcore      ) [ 000000000000000000000000000]
call_ln107              (call             ) [ 000000000000000000000000000]
call_ln145              (call             ) [ 000000000000000000000000000]
br_ln176                (br               ) [ 000000000000000000000000000]
q_1                     (load             ) [ 000000000000000000000000000]
icmp_ln176              (icmp             ) [ 000000000000000110000000000]
q_2                     (add              ) [ 000000000000000000000000000]
br_ln176                (br               ) [ 000000000000000000000000000]
localC_0_load_1         (load             ) [ 000000000000000010000000000]
localC_1_0_load_1       (load             ) [ 000000000000000010000000000]
localC_2_0_load_1       (load             ) [ 000000000000000010000000000]
localC_3_0_load_1       (load             ) [ 000000000000000010000000000]
localC_4_0_load_1       (load             ) [ 000000000000000010000000000]
localC_5_0_load_1       (load             ) [ 000000000000000010000000000]
localC_6_0_load_1       (load             ) [ 000000000000000010000000000]
localC_7_0_load_1       (load             ) [ 000000000000000010000000000]
localC_8_0_load_1       (load             ) [ 000000000000000010000000000]
localC_9_0_load_1       (load             ) [ 000000000000000010000000000]
localC_10_0_load_1      (load             ) [ 000000000000000010000000000]
localC_11_0_load_1      (load             ) [ 000000000000000010000000000]
localC_12_0_load_1      (load             ) [ 000000000000000010000000000]
localC_13_0_load_1      (load             ) [ 000000000000000010000000000]
localC_14_0_load_1      (load             ) [ 000000000000000010000000000]
localC_15_0_load_1      (load             ) [ 000000000000000010000000000]
localC_16_0_load_1      (load             ) [ 000000000000000010000000000]
localC_17_0_load_1      (load             ) [ 000000000000000010000000000]
localC_18_0_load_1      (load             ) [ 000000000000000010000000000]
localC_19_0_load_1      (load             ) [ 000000000000000010000000000]
localC_20_0_load_1      (load             ) [ 000000000000000010000000000]
localC_21_0_load_1      (load             ) [ 000000000000000010000000000]
localC_22_0_load_1      (load             ) [ 000000000000000010000000000]
localC_23_0_load_1      (load             ) [ 000000000000000010000000000]
localC_24_0_load_1      (load             ) [ 000000000000000010000000000]
localC_25_0_load_1      (load             ) [ 000000000000000010000000000]
localC_26_0_load_1      (load             ) [ 000000000000000010000000000]
localC_27_0_load_1      (load             ) [ 000000000000000010000000000]
localC_28_0_load_1      (load             ) [ 000000000000000010000000000]
localC_29_0_load_1      (load             ) [ 000000000000000010000000000]
localC_30_0_load_1      (load             ) [ 000000000000000010000000000]
localC_31_0_load_1      (load             ) [ 000000000000000010000000000]
localC_32_0_load_1      (load             ) [ 000000000000000010000000000]
localC_33_0_load_1      (load             ) [ 000000000000000010000000000]
localC_34_0_load_1      (load             ) [ 000000000000000010000000000]
localC_35_0_load_1      (load             ) [ 000000000000000010000000000]
localC_36_0_load_1      (load             ) [ 000000000000000010000000000]
localC_37_0_load_1      (load             ) [ 000000000000000010000000000]
localC_38_0_load_1      (load             ) [ 000000000000000010000000000]
localC_39_0_load_1      (load             ) [ 000000000000000010000000000]
localC_40_0_load_1      (load             ) [ 000000000000000010000000000]
localC_41_0_load_1      (load             ) [ 000000000000000010000000000]
localC_42_0_load_1      (load             ) [ 000000000000000010000000000]
localC_43_0_load_1      (load             ) [ 000000000000000010000000000]
localC_44_0_load_1      (load             ) [ 000000000000000010000000000]
localC_45_0_load_1      (load             ) [ 000000000000000010000000000]
localC_46_0_load_1      (load             ) [ 000000000000000010000000000]
localC_47_0_load_1      (load             ) [ 000000000000000010000000000]
localC_48_0_load_1      (load             ) [ 000000000000000010000000000]
localC_49_0_load_1      (load             ) [ 000000000000000010000000000]
localC_50_0_load_1      (load             ) [ 000000000000000010000000000]
localC_51_0_load_1      (load             ) [ 000000000000000010000000000]
localC_52_0_load_1      (load             ) [ 000000000000000010000000000]
localC_53_0_load_1      (load             ) [ 000000000000000010000000000]
localC_54_0_load_1      (load             ) [ 000000000000000010000000000]
localC_55_0_load_1      (load             ) [ 000000000000000010000000000]
localC_56_0_load_1      (load             ) [ 000000000000000010000000000]
localC_57_0_load_1      (load             ) [ 000000000000000010000000000]
localC_58_0_load_1      (load             ) [ 000000000000000010000000000]
localC_59_0_load_1      (load             ) [ 000000000000000010000000000]
localC_60_0_load_1      (load             ) [ 000000000000000010000000000]
localC_61_0_load_1      (load             ) [ 000000000000000010000000000]
localC_62_0_load_1      (load             ) [ 000000000000000010000000000]
localC_63_0_load_1      (load             ) [ 000000000000000010000000000]
start_k                 (shl              ) [ 000000000000000010000000000]
zext_ln177              (zext             ) [ 000000000000000000000000000]
finish_k                (add              ) [ 000000000000000010000000000]
store_ln176             (store            ) [ 000000000000000000000000000]
trunc_ln185_1           (partselect       ) [ 000000000000000001111100000]
speclooptripcount_ln176 (speclooptripcount) [ 000000000000000000000000000]
specloopname_ln176      (specloopname     ) [ 000000000000000000000000000]
call_ret                (call             ) [ 000000000000000000000000000]
localC                  (extractvalue     ) [ 000000000000000000000000000]
localC_1                (extractvalue     ) [ 000000000000000000000000000]
localC_2                (extractvalue     ) [ 000000000000000000000000000]
localC_3                (extractvalue     ) [ 000000000000000000000000000]
localC_4                (extractvalue     ) [ 000000000000000000000000000]
localC_5                (extractvalue     ) [ 000000000000000000000000000]
localC_6                (extractvalue     ) [ 000000000000000000000000000]
localC_7                (extractvalue     ) [ 000000000000000000000000000]
localC_8                (extractvalue     ) [ 000000000000000000000000000]
localC_9                (extractvalue     ) [ 000000000000000000000000000]
localC_10               (extractvalue     ) [ 000000000000000000000000000]
localC_11               (extractvalue     ) [ 000000000000000000000000000]
localC_12               (extractvalue     ) [ 000000000000000000000000000]
localC_13               (extractvalue     ) [ 000000000000000000000000000]
localC_14               (extractvalue     ) [ 000000000000000000000000000]
localC_15               (extractvalue     ) [ 000000000000000000000000000]
localC_16               (extractvalue     ) [ 000000000000000000000000000]
localC_17               (extractvalue     ) [ 000000000000000000000000000]
localC_18               (extractvalue     ) [ 000000000000000000000000000]
localC_19               (extractvalue     ) [ 000000000000000000000000000]
localC_20               (extractvalue     ) [ 000000000000000000000000000]
localC_21               (extractvalue     ) [ 000000000000000000000000000]
localC_22               (extractvalue     ) [ 000000000000000000000000000]
localC_23               (extractvalue     ) [ 000000000000000000000000000]
localC_24               (extractvalue     ) [ 000000000000000000000000000]
localC_25               (extractvalue     ) [ 000000000000000000000000000]
localC_26               (extractvalue     ) [ 000000000000000000000000000]
localC_27               (extractvalue     ) [ 000000000000000000000000000]
localC_28               (extractvalue     ) [ 000000000000000000000000000]
localC_29               (extractvalue     ) [ 000000000000000000000000000]
localC_30               (extractvalue     ) [ 000000000000000000000000000]
localC_31               (extractvalue     ) [ 000000000000000000000000000]
localC_32               (extractvalue     ) [ 000000000000000000000000000]
localC_33               (extractvalue     ) [ 000000000000000000000000000]
localC_34               (extractvalue     ) [ 000000000000000000000000000]
localC_35               (extractvalue     ) [ 000000000000000000000000000]
localC_36               (extractvalue     ) [ 000000000000000000000000000]
localC_37               (extractvalue     ) [ 000000000000000000000000000]
localC_38               (extractvalue     ) [ 000000000000000000000000000]
localC_39               (extractvalue     ) [ 000000000000000000000000000]
localC_40               (extractvalue     ) [ 000000000000000000000000000]
localC_41               (extractvalue     ) [ 000000000000000000000000000]
localC_42               (extractvalue     ) [ 000000000000000000000000000]
localC_43               (extractvalue     ) [ 000000000000000000000000000]
localC_44               (extractvalue     ) [ 000000000000000000000000000]
localC_45               (extractvalue     ) [ 000000000000000000000000000]
localC_46               (extractvalue     ) [ 000000000000000000000000000]
localC_47               (extractvalue     ) [ 000000000000000000000000000]
localC_48               (extractvalue     ) [ 000000000000000000000000000]
localC_49               (extractvalue     ) [ 000000000000000000000000000]
localC_50               (extractvalue     ) [ 000000000000000000000000000]
localC_51               (extractvalue     ) [ 000000000000000000000000000]
localC_52               (extractvalue     ) [ 000000000000000000000000000]
localC_53               (extractvalue     ) [ 000000000000000000000000000]
localC_54               (extractvalue     ) [ 000000000000000000000000000]
localC_55               (extractvalue     ) [ 000000000000000000000000000]
localC_56               (extractvalue     ) [ 000000000000000000000000000]
localC_57               (extractvalue     ) [ 000000000000000000000000000]
localC_58               (extractvalue     ) [ 000000000000000000000000000]
localC_59               (extractvalue     ) [ 000000000000000000000000000]
localC_60               (extractvalue     ) [ 000000000000000000000000000]
localC_61               (extractvalue     ) [ 000000000000000000000000000]
localC_62               (extractvalue     ) [ 000000000000000000000000000]
localC_63               (extractvalue     ) [ 000000000000000000000000000]
store_ln179             (store            ) [ 000000000000000000000000000]
store_ln179             (store            ) [ 000000000000000000000000000]
store_ln179             (store            ) [ 000000000000000000000000000]
store_ln179             (store            ) [ 000000000000000000000000000]
store_ln179             (store            ) [ 000000000000000000000000000]
store_ln179             (store            ) [ 000000000000000000000000000]
store_ln179             (store            ) [ 000000000000000000000000000]
store_ln179             (store            ) [ 000000000000000000000000000]
store_ln179             (store            ) [ 000000000000000000000000000]
store_ln179             (store            ) [ 000000000000000000000000000]
store_ln179             (store            ) [ 000000000000000000000000000]
store_ln179             (store            ) [ 000000000000000000000000000]
store_ln179             (store            ) [ 000000000000000000000000000]
store_ln179             (store            ) [ 000000000000000000000000000]
store_ln179             (store            ) [ 000000000000000000000000000]
store_ln179             (store            ) [ 000000000000000000000000000]
store_ln179             (store            ) [ 000000000000000000000000000]
store_ln179             (store            ) [ 000000000000000000000000000]
store_ln179             (store            ) [ 000000000000000000000000000]
store_ln179             (store            ) [ 000000000000000000000000000]
store_ln179             (store            ) [ 000000000000000000000000000]
store_ln179             (store            ) [ 000000000000000000000000000]
store_ln179             (store            ) [ 000000000000000000000000000]
store_ln179             (store            ) [ 000000000000000000000000000]
store_ln179             (store            ) [ 000000000000000000000000000]
store_ln179             (store            ) [ 000000000000000000000000000]
store_ln179             (store            ) [ 000000000000000000000000000]
store_ln179             (store            ) [ 000000000000000000000000000]
store_ln179             (store            ) [ 000000000000000000000000000]
store_ln179             (store            ) [ 000000000000000000000000000]
store_ln179             (store            ) [ 000000000000000000000000000]
store_ln179             (store            ) [ 000000000000000000000000000]
store_ln179             (store            ) [ 000000000000000000000000000]
store_ln179             (store            ) [ 000000000000000000000000000]
store_ln179             (store            ) [ 000000000000000000000000000]
store_ln179             (store            ) [ 000000000000000000000000000]
store_ln179             (store            ) [ 000000000000000000000000000]
store_ln179             (store            ) [ 000000000000000000000000000]
store_ln179             (store            ) [ 000000000000000000000000000]
store_ln179             (store            ) [ 000000000000000000000000000]
store_ln179             (store            ) [ 000000000000000000000000000]
store_ln179             (store            ) [ 000000000000000000000000000]
store_ln179             (store            ) [ 000000000000000000000000000]
store_ln179             (store            ) [ 000000000000000000000000000]
store_ln179             (store            ) [ 000000000000000000000000000]
store_ln179             (store            ) [ 000000000000000000000000000]
store_ln179             (store            ) [ 000000000000000000000000000]
store_ln179             (store            ) [ 000000000000000000000000000]
store_ln179             (store            ) [ 000000000000000000000000000]
store_ln179             (store            ) [ 000000000000000000000000000]
store_ln179             (store            ) [ 000000000000000000000000000]
store_ln179             (store            ) [ 000000000000000000000000000]
store_ln179             (store            ) [ 000000000000000000000000000]
store_ln179             (store            ) [ 000000000000000000000000000]
store_ln179             (store            ) [ 000000000000000000000000000]
store_ln179             (store            ) [ 000000000000000000000000000]
store_ln179             (store            ) [ 000000000000000000000000000]
store_ln179             (store            ) [ 000000000000000000000000000]
store_ln179             (store            ) [ 000000000000000000000000000]
store_ln179             (store            ) [ 000000000000000000000000000]
store_ln179             (store            ) [ 000000000000000000000000000]
store_ln179             (store            ) [ 000000000000000000000000000]
store_ln179             (store            ) [ 000000000000000000000000000]
store_ln179             (store            ) [ 000000000000000000000000000]
br_ln176                (br               ) [ 000000000000000000000000000]
mul_ln185               (mul              ) [ 000000000000000000100000000]
mul_ln185_1             (mul              ) [ 000000000000000000111100000]
select_ln185            (select           ) [ 000000000000000000000000000]
empty_28                (select           ) [ 000000000000000000010000000]
sext_ln185              (sext             ) [ 000000000000000000000000000]
gmem2_addr              (getelementptr    ) [ 000000000000000000001111111]
empty_29                (writereq         ) [ 000000000000000000000000000]
localC_0_load           (load             ) [ 000000000000000000000100000]
localC_1_0_load         (load             ) [ 000000000000000000000100000]
localC_2_0_load         (load             ) [ 000000000000000000000100000]
localC_3_0_load         (load             ) [ 000000000000000000000100000]
localC_4_0_load         (load             ) [ 000000000000000000000100000]
localC_5_0_load         (load             ) [ 000000000000000000000100000]
localC_6_0_load         (load             ) [ 000000000000000000000100000]
localC_7_0_load         (load             ) [ 000000000000000000000100000]
localC_8_0_load         (load             ) [ 000000000000000000000100000]
localC_9_0_load         (load             ) [ 000000000000000000000100000]
localC_10_0_load        (load             ) [ 000000000000000000000100000]
localC_11_0_load        (load             ) [ 000000000000000000000100000]
localC_12_0_load        (load             ) [ 000000000000000000000100000]
localC_13_0_load        (load             ) [ 000000000000000000000100000]
localC_14_0_load        (load             ) [ 000000000000000000000100000]
localC_15_0_load        (load             ) [ 000000000000000000000100000]
localC_16_0_load        (load             ) [ 000000000000000000000100000]
localC_17_0_load        (load             ) [ 000000000000000000000100000]
localC_18_0_load        (load             ) [ 000000000000000000000100000]
localC_19_0_load        (load             ) [ 000000000000000000000100000]
localC_20_0_load        (load             ) [ 000000000000000000000100000]
localC_21_0_load        (load             ) [ 000000000000000000000100000]
localC_22_0_load        (load             ) [ 000000000000000000000100000]
localC_23_0_load        (load             ) [ 000000000000000000000100000]
localC_24_0_load        (load             ) [ 000000000000000000000100000]
localC_25_0_load        (load             ) [ 000000000000000000000100000]
localC_26_0_load        (load             ) [ 000000000000000000000100000]
localC_27_0_load        (load             ) [ 000000000000000000000100000]
localC_28_0_load        (load             ) [ 000000000000000000000100000]
localC_29_0_load        (load             ) [ 000000000000000000000100000]
localC_30_0_load        (load             ) [ 000000000000000000000100000]
localC_31_0_load        (load             ) [ 000000000000000000000100000]
localC_32_0_load        (load             ) [ 000000000000000000000100000]
localC_33_0_load        (load             ) [ 000000000000000000000100000]
localC_34_0_load        (load             ) [ 000000000000000000000100000]
localC_35_0_load        (load             ) [ 000000000000000000000100000]
localC_36_0_load        (load             ) [ 000000000000000000000100000]
localC_37_0_load        (load             ) [ 000000000000000000000100000]
localC_38_0_load        (load             ) [ 000000000000000000000100000]
localC_39_0_load        (load             ) [ 000000000000000000000100000]
localC_40_0_load        (load             ) [ 000000000000000000000100000]
localC_41_0_load        (load             ) [ 000000000000000000000100000]
localC_42_0_load        (load             ) [ 000000000000000000000100000]
localC_43_0_load        (load             ) [ 000000000000000000000100000]
localC_44_0_load        (load             ) [ 000000000000000000000100000]
localC_45_0_load        (load             ) [ 000000000000000000000100000]
localC_46_0_load        (load             ) [ 000000000000000000000100000]
localC_47_0_load        (load             ) [ 000000000000000000000100000]
localC_48_0_load        (load             ) [ 000000000000000000000100000]
localC_49_0_load        (load             ) [ 000000000000000000000100000]
localC_50_0_load        (load             ) [ 000000000000000000000100000]
localC_51_0_load        (load             ) [ 000000000000000000000100000]
localC_52_0_load        (load             ) [ 000000000000000000000100000]
localC_53_0_load        (load             ) [ 000000000000000000000100000]
localC_54_0_load        (load             ) [ 000000000000000000000100000]
localC_55_0_load        (load             ) [ 000000000000000000000100000]
localC_56_0_load        (load             ) [ 000000000000000000000100000]
localC_57_0_load        (load             ) [ 000000000000000000000100000]
localC_58_0_load        (load             ) [ 000000000000000000000100000]
localC_59_0_load        (load             ) [ 000000000000000000000100000]
localC_60_0_load        (load             ) [ 000000000000000000000100000]
localC_61_0_load        (load             ) [ 000000000000000000000100000]
localC_62_0_load        (load             ) [ 000000000000000000000100000]
localC_63_0_load        (load             ) [ 000000000000000000000100000]
call_ln185              (call             ) [ 000000000000000000000000000]
empty_30                (writeresp        ) [ 000000000000000000000000000]
ret_ln193               (ret              ) [ 000000000000000000000000000]
</LifeTime>

<model>

<comp_list>
<comp id="0" class="1000" name="gmem0">
<pin_list>
<pin id="1" dir="1" index="0" bw="1" slack="0"/>
</pin_list>
<bind>
<StgValue><ssdm name="gmem0"/></StgValue>
</bind>
</comp>

<comp id="2" class="1000" name="gmem1">
<pin_list>
<pin id="3" dir="1" index="0" bw="1" slack="0"/>
</pin_list>
<bind>
<StgValue><ssdm name="gmem1"/></StgValue>
</bind>
</comp>

<comp id="4" class="1000" name="gmem2">
<pin_list>
<pin id="5" dir="1" index="0" bw="1" slack="0"/>
</pin_list>
<bind>
<StgValue><ssdm name="gmem2"/></StgValue>
</bind>
</comp>

<comp id="6" class="1000" name="a">
<pin_list>
<pin id="7" dir="1" index="0" bw="1" slack="0"/>
</pin_list>
<bind>
<StgValue><ssdm name="a"/></StgValue>
</bind>
</comp>

<comp id="8" class="1000" name="b">
<pin_list>
<pin id="9" dir="1" index="0" bw="1" slack="0"/>
</pin_list>
<bind>
<StgValue><ssdm name="b"/></StgValue>
</bind>
</comp>

<comp id="10" class="1000" name="c">
<pin_list>
<pin id="11" dir="1" index="0" bw="1" slack="0"/>
</pin_list>
<bind>
<StgValue><ssdm name="c"/></StgValue>
</bind>
</comp>

<comp id="12" class="1000" name="a_row">
<pin_list>
<pin id="13" dir="1" index="0" bw="1" slack="0"/>
</pin_list>
<bind>
<StgValue><ssdm name="a_row"/></StgValue>
</bind>
</comp>

<comp id="14" class="1000" name="a_col">
<pin_list>
<pin id="15" dir="1" index="0" bw="1" slack="0"/>
</pin_list>
<bind>
<StgValue><ssdm name="a_col"/></StgValue>
</bind>
</comp>

<comp id="16" class="1000" name="b_col">
<pin_list>
<pin id="17" dir="1" index="0" bw="1" slack="0"/>
</pin_list>
<bind>
<StgValue><ssdm name="b_col"/></StgValue>
</bind>
</comp>

<comp id="18" class="1001" name="const_18">
<pin_list>
<pin id="19" dir="1" index="0" bw="1" slack="0"/>
</pin_list>
<bind>
<StgValue><ssdm name=""/></StgValue>
</bind>
</comp>

<comp id="20" class="1001" name="const_20">
<pin_list>
<pin id="21" dir="1" index="0" bw="1" slack="0"/>
</pin_list>
<bind>
<StgValue><ssdm name="_ssdm_op_Read.s_axilite.i32"/></StgValue>
</bind>
</comp>

<comp id="22" class="1001" name="const_22">
<pin_list>
<pin id="23" dir="1" index="0" bw="1" slack="0"/>
</pin_list>
<bind>
<StgValue><ssdm name="_ssdm_op_Read.s_axilite.i64"/></StgValue>
</bind>
</comp>

<comp id="24" class="1001" name="const_24">
<pin_list>
<pin id="25" dir="1" index="0" bw="1" slack="0"/>
</pin_list>
<bind>
<StgValue><ssdm name=""/></StgValue>
</bind>
</comp>

<comp id="26" class="1001" name="const_26">
<pin_list>
<pin id="27" dir="1" index="0" bw="1" slack="0"/>
</pin_list>
<bind>
<StgValue><ssdm name=""/></StgValue>
</bind>
</comp>

<comp id="28" class="1001" name="const_28">
<pin_list>
<pin id="29" dir="1" index="0" bw="1" slack="0"/>
</pin_list>
<bind>
<StgValue><ssdm name=""/></StgValue>
</bind>
</comp>

<comp id="30" class="1001" name="const_30">
<pin_list>
<pin id="31" dir="1" index="0" bw="1" slack="0"/>
</pin_list>
<bind>
<StgValue><ssdm name=""/></StgValue>
</bind>
</comp>

<comp id="32" class="1001" name="const_32">
<pin_list>
<pin id="33" dir="1" index="0" bw="1" slack="0"/>
</pin_list>
<bind>
<StgValue><ssdm name="_ssdm_op_ReadReq.m_axi.p1i8"/></StgValue>
</bind>
</comp>

<comp id="34" class="1001" name="const_34">
<pin_list>
<pin id="35" dir="1" index="0" bw="1" slack="0"/>
</pin_list>
<bind>
<StgValue><ssdm name="mmult_Pipeline_readA_VITIS_LOOP_147_1"/></StgValue>
</bind>
</comp>

<comp id="36" class="1001" name="const_36">
<pin_list>
<pin id="37" dir="1" index="0" bw="1" slack="0"/>
</pin_list>
<bind>
<StgValue><ssdm name="mmult_Pipeline_readB_VITIS_LOOP_158_2"/></StgValue>
</bind>
</comp>

<comp id="38" class="1001" name="const_38">
<pin_list>
<pin id="39" dir="1" index="0" bw="1" slack="2147483647"/>
</pin_list>
<bind>
<StgValue><ssdm name="_ssdm_op_SpecTopModule"/></StgValue>
</bind>
</comp>

<comp id="40" class="1001" name="const_40">
<pin_list>
<pin id="41" dir="1" index="0" bw="1" slack="2147483647"/>
</pin_list>
<bind>
<StgValue><ssdm name="empty_11"/></StgValue>
</bind>
</comp>

<comp id="42" class="1001" name="const_42">
<pin_list>
<pin id="43" dir="1" index="0" bw="1" slack="2147483647"/>
</pin_list>
<bind>
<StgValue><ssdm name="_ssdm_op_SpecInterface"/></StgValue>
</bind>
</comp>

<comp id="44" class="1001" name="const_44">
<pin_list>
<pin id="45" dir="1" index="0" bw="1" slack="2147483647"/>
</pin_list>
<bind>
<StgValue><ssdm name="empty_2"/></StgValue>
</bind>
</comp>

<comp id="46" class="1001" name="const_46">
<pin_list>
<pin id="47" dir="1" index="0" bw="1" slack="2147483647"/>
</pin_list>
<bind>
<StgValue><ssdm name="empty_3"/></StgValue>
</bind>
</comp>

<comp id="48" class="1001" name="const_48">
<pin_list>
<pin id="49" dir="1" index="0" bw="1" slack="2147483647"/>
</pin_list>
<bind>
<StgValue><ssdm name="empty_4"/></StgValue>
</bind>
</comp>

<comp id="50" class="1001" name="const_50">
<pin_list>
<pin id="51" dir="1" index="0" bw="1" slack="2147483647"/>
</pin_list>
<bind>
<StgValue><ssdm name="empty_10"/></StgValue>
</bind>
</comp>

<comp id="52" class="1001" name="const_52">
<pin_list>
<pin id="53" dir="1" index="0" bw="1" slack="2147483647"/>
</pin_list>
<bind>
<StgValue><ssdm name=""/></StgValue>
</bind>
</comp>

<comp id="54" class="1001" name="const_54">
<pin_list>
<pin id="55" dir="1" index="0" bw="1" slack="2147483647"/>
</pin_list>
<bind>
<StgValue><ssdm name=""/></StgValue>
</bind>
</comp>

<comp id="56" class="1001" name="const_56">
<pin_list>
<pin id="57" dir="1" index="0" bw="1" slack="2147483647"/>
</pin_list>
<bind>
<StgValue><ssdm name="_ssdm_op_SpecBitsMap"/></StgValue>
</bind>
</comp>

<comp id="58" class="1001" name="const_58">
<pin_list>
<pin id="59" dir="1" index="0" bw="1" slack="2147483647"/>
</pin_list>
<bind>
<StgValue><ssdm name="empty_5"/></StgValue>
</bind>
</comp>

<comp id="60" class="1001" name="const_60">
<pin_list>
<pin id="61" dir="1" index="0" bw="1" slack="2147483647"/>
</pin_list>
<bind>
<StgValue><ssdm name="empty_6"/></StgValue>
</bind>
</comp>

<comp id="62" class="1001" name="const_62">
<pin_list>
<pin id="63" dir="1" index="0" bw="1" slack="2147483647"/>
</pin_list>
<bind>
<StgValue><ssdm name="empty_15"/></StgValue>
</bind>
</comp>

<comp id="64" class="1001" name="const_64">
<pin_list>
<pin id="65" dir="1" index="0" bw="1" slack="2147483647"/>
</pin_list>
<bind>
<StgValue><ssdm name="empty_12"/></StgValue>
</bind>
</comp>

<comp id="66" class="1001" name="const_66">
<pin_list>
<pin id="67" dir="1" index="0" bw="1" slack="2147483647"/>
</pin_list>
<bind>
<StgValue><ssdm name="empty_16"/></StgValue>
</bind>
</comp>

<comp id="68" class="1001" name="const_68">
<pin_list>
<pin id="69" dir="1" index="0" bw="1" slack="2147483647"/>
</pin_list>
<bind>
<StgValue><ssdm name="empty"/></StgValue>
</bind>
</comp>

<comp id="70" class="1001" name="const_70">
<pin_list>
<pin id="71" dir="1" index="0" bw="1" slack="2147483647"/>
</pin_list>
<bind>
<StgValue><ssdm name="empty_14"/></StgValue>
</bind>
</comp>

<comp id="72" class="1001" name="const_72">
<pin_list>
<pin id="73" dir="1" index="0" bw="1" slack="2147483647"/>
</pin_list>
<bind>
<StgValue><ssdm name="empty_0"/></StgValue>
</bind>
</comp>

<comp id="74" class="1001" name="const_74">
<pin_list>
<pin id="75" dir="1" index="0" bw="1" slack="2147483647"/>
</pin_list>
<bind>
<StgValue><ssdm name="empty_1"/></StgValue>
</bind>
</comp>

<comp id="76" class="1001" name="const_76">
<pin_list>
<pin id="77" dir="1" index="0" bw="1" slack="2147483647"/>
</pin_list>
<bind>
<StgValue><ssdm name="empty_7"/></StgValue>
</bind>
</comp>

<comp id="78" class="1001" name="const_78">
<pin_list>
<pin id="79" dir="1" index="0" bw="1" slack="2147483647"/>
</pin_list>
<bind>
<StgValue><ssdm name="empty_8"/></StgValue>
</bind>
</comp>

<comp id="80" class="1001" name="const_80">
<pin_list>
<pin id="81" dir="1" index="0" bw="1" slack="2147483647"/>
</pin_list>
<bind>
<StgValue><ssdm name="empty_9"/></StgValue>
</bind>
</comp>

<comp id="82" class="1001" name="const_82">
<pin_list>
<pin id="83" dir="1" index="0" bw="1" slack="2147483647"/>
</pin_list>
<bind>
<StgValue><ssdm name="_ssdm_op_SpecMemCore"/></StgValue>
</bind>
</comp>

<comp id="84" class="1001" name="const_84">
<pin_list>
<pin id="85" dir="1" index="0" bw="1" slack="2147483647"/>
</pin_list>
<bind>
<StgValue><ssdm name=""/></StgValue>
</bind>
</comp>

<comp id="86" class="1001" name="const_86">
<pin_list>
<pin id="87" dir="1" index="0" bw="1" slack="2147483647"/>
</pin_list>
<bind>
<StgValue><ssdm name=""/></StgValue>
</bind>
</comp>

<comp id="88" class="1001" name="const_88">
<pin_list>
<pin id="89" dir="1" index="0" bw="1" slack="2147483647"/>
</pin_list>
<bind>
<StgValue><ssdm name=""/></StgValue>
</bind>
</comp>

<comp id="90" class="1001" name="const_90">
<pin_list>
<pin id="91" dir="1" index="0" bw="1" slack="0"/>
</pin_list>
<bind>
<StgValue><ssdm name=""/></StgValue>
</bind>
</comp>

<comp id="92" class="1001" name="const_92">
<pin_list>
<pin id="93" dir="1" index="0" bw="1" slack="0"/>
</pin_list>
<bind>
<StgValue><ssdm name=""/></StgValue>
</bind>
</comp>

<comp id="94" class="1001" name="const_94">
<pin_list>
<pin id="95" dir="1" index="0" bw="1" slack="0"/>
</pin_list>
<bind>
<StgValue><ssdm name=""/></StgValue>
</bind>
</comp>

<comp id="96" class="1001" name="const_96">
<pin_list>
<pin id="97" dir="1" index="0" bw="1" slack="0"/>
</pin_list>
<bind>
<StgValue><ssdm name="tile_process"/></StgValue>
</bind>
</comp>

<comp id="98" class="1001" name="const_98">
<pin_list>
<pin id="99" dir="1" index="0" bw="1" slack="0"/>
</pin_list>
<bind>
<StgValue><ssdm name="_ssdm_op_PartSelect.i63.i64.i32.i32"/></StgValue>
</bind>
</comp>

<comp id="100" class="1001" name="const_100">
<pin_list>
<pin id="101" dir="1" index="0" bw="1" slack="0"/>
</pin_list>
<bind>
<StgValue><ssdm name=""/></StgValue>
</bind>
</comp>

<comp id="102" class="1001" name="const_102">
<pin_list>
<pin id="103" dir="1" index="0" bw="1" slack="2147483647"/>
</pin_list>
<bind>
<StgValue><ssdm name="_ssdm_op_SpecLoopTripCount"/></StgValue>
</bind>
</comp>

<comp id="104" class="1001" name="const_104">
<pin_list>
<pin id="105" dir="1" index="0" bw="1" slack="2147483647"/>
</pin_list>
<bind>
<StgValue><ssdm name=""/></StgValue>
</bind>
</comp>

<comp id="106" class="1001" name="const_106">
<pin_list>
<pin id="107" dir="1" index="0" bw="1" slack="2147483647"/>
</pin_list>
<bind>
<StgValue><ssdm name="_ssdm_op_SpecLoopName"/></StgValue>
</bind>
</comp>

<comp id="108" class="1001" name="const_108">
<pin_list>
<pin id="109" dir="1" index="0" bw="1" slack="2147483647"/>
</pin_list>
<bind>
<StgValue><ssdm name="empty_13"/></StgValue>
</bind>
</comp>

<comp id="110" class="1001" name="const_110">
<pin_list>
<pin id="111" dir="1" index="0" bw="1" slack="0"/>
</pin_list>
<bind>
<StgValue><ssdm name="_ssdm_op_WriteReq.m_axi.p1i16"/></StgValue>
</bind>
</comp>

<comp id="112" class="1001" name="const_112">
<pin_list>
<pin id="113" dir="1" index="0" bw="1" slack="0"/>
</pin_list>
<bind>
<StgValue><ssdm name="mmult_Pipeline_writeC_VITIS_LOOP_187_5"/></StgValue>
</bind>
</comp>

<comp id="114" class="1001" name="const_114">
<pin_list>
<pin id="115" dir="1" index="0" bw="1" slack="0"/>
</pin_list>
<bind>
<StgValue><ssdm name="_ssdm_op_WriteResp.m_axi.p1i16"/></StgValue>
</bind>
</comp>

<comp id="116" class="1004" name="q_fu_116">
<pin_list>
<pin id="117" dir="0" index="0" bw="1" slack="0"/>
<pin id="118" dir="1" index="1" bw="3" slack="0"/>
</pin_list>
<bind>
<opcode="alloca(26) " fcode="alloca"/>
<opset="q/1 "/>
</bind>
</comp>

<comp id="120" class="1004" name="localC_0_fu_120">
<pin_list>
<pin id="121" dir="0" index="0" bw="1" slack="0"/>
<pin id="122" dir="1" index="1" bw="16" slack="0"/>
</pin_list>
<bind>
<opcode="alloca(26) " fcode="alloca"/>
<opset="localC_0/1 "/>
</bind>
</comp>

<comp id="124" class="1004" name="localC_1_0_fu_124">
<pin_list>
<pin id="125" dir="0" index="0" bw="1" slack="0"/>
<pin id="126" dir="1" index="1" bw="16" slack="0"/>
</pin_list>
<bind>
<opcode="alloca(26) " fcode="alloca"/>
<opset="localC_1_0/1 "/>
</bind>
</comp>

<comp id="128" class="1004" name="localC_2_0_fu_128">
<pin_list>
<pin id="129" dir="0" index="0" bw="1" slack="0"/>
<pin id="130" dir="1" index="1" bw="16" slack="0"/>
</pin_list>
<bind>
<opcode="alloca(26) " fcode="alloca"/>
<opset="localC_2_0/1 "/>
</bind>
</comp>

<comp id="132" class="1004" name="localC_3_0_fu_132">
<pin_list>
<pin id="133" dir="0" index="0" bw="1" slack="0"/>
<pin id="134" dir="1" index="1" bw="16" slack="0"/>
</pin_list>
<bind>
<opcode="alloca(26) " fcode="alloca"/>
<opset="localC_3_0/1 "/>
</bind>
</comp>

<comp id="136" class="1004" name="localC_4_0_fu_136">
<pin_list>
<pin id="137" dir="0" index="0" bw="1" slack="0"/>
<pin id="138" dir="1" index="1" bw="16" slack="0"/>
</pin_list>
<bind>
<opcode="alloca(26) " fcode="alloca"/>
<opset="localC_4_0/1 "/>
</bind>
</comp>

<comp id="140" class="1004" name="localC_5_0_fu_140">
<pin_list>
<pin id="141" dir="0" index="0" bw="1" slack="0"/>
<pin id="142" dir="1" index="1" bw="16" slack="0"/>
</pin_list>
<bind>
<opcode="alloca(26) " fcode="alloca"/>
<opset="localC_5_0/1 "/>
</bind>
</comp>

<comp id="144" class="1004" name="localC_6_0_fu_144">
<pin_list>
<pin id="145" dir="0" index="0" bw="1" slack="0"/>
<pin id="146" dir="1" index="1" bw="16" slack="0"/>
</pin_list>
<bind>
<opcode="alloca(26) " fcode="alloca"/>
<opset="localC_6_0/1 "/>
</bind>
</comp>

<comp id="148" class="1004" name="localC_7_0_fu_148">
<pin_list>
<pin id="149" dir="0" index="0" bw="1" slack="0"/>
<pin id="150" dir="1" index="1" bw="16" slack="0"/>
</pin_list>
<bind>
<opcode="alloca(26) " fcode="alloca"/>
<opset="localC_7_0/1 "/>
</bind>
</comp>

<comp id="152" class="1004" name="localC_8_0_fu_152">
<pin_list>
<pin id="153" dir="0" index="0" bw="1" slack="0"/>
<pin id="154" dir="1" index="1" bw="16" slack="0"/>
</pin_list>
<bind>
<opcode="alloca(26) " fcode="alloca"/>
<opset="localC_8_0/1 "/>
</bind>
</comp>

<comp id="156" class="1004" name="localC_9_0_fu_156">
<pin_list>
<pin id="157" dir="0" index="0" bw="1" slack="0"/>
<pin id="158" dir="1" index="1" bw="16" slack="0"/>
</pin_list>
<bind>
<opcode="alloca(26) " fcode="alloca"/>
<opset="localC_9_0/1 "/>
</bind>
</comp>

<comp id="160" class="1004" name="localC_10_0_fu_160">
<pin_list>
<pin id="161" dir="0" index="0" bw="1" slack="0"/>
<pin id="162" dir="1" index="1" bw="16" slack="0"/>
</pin_list>
<bind>
<opcode="alloca(26) " fcode="alloca"/>
<opset="localC_10_0/1 "/>
</bind>
</comp>

<comp id="164" class="1004" name="localC_11_0_fu_164">
<pin_list>
<pin id="165" dir="0" index="0" bw="1" slack="0"/>
<pin id="166" dir="1" index="1" bw="16" slack="0"/>
</pin_list>
<bind>
<opcode="alloca(26) " fcode="alloca"/>
<opset="localC_11_0/1 "/>
</bind>
</comp>

<comp id="168" class="1004" name="localC_12_0_fu_168">
<pin_list>
<pin id="169" dir="0" index="0" bw="1" slack="0"/>
<pin id="170" dir="1" index="1" bw="16" slack="0"/>
</pin_list>
<bind>
<opcode="alloca(26) " fcode="alloca"/>
<opset="localC_12_0/1 "/>
</bind>
</comp>

<comp id="172" class="1004" name="localC_13_0_fu_172">
<pin_list>
<pin id="173" dir="0" index="0" bw="1" slack="0"/>
<pin id="174" dir="1" index="1" bw="16" slack="0"/>
</pin_list>
<bind>
<opcode="alloca(26) " fcode="alloca"/>
<opset="localC_13_0/1 "/>
</bind>
</comp>

<comp id="176" class="1004" name="localC_14_0_fu_176">
<pin_list>
<pin id="177" dir="0" index="0" bw="1" slack="0"/>
<pin id="178" dir="1" index="1" bw="16" slack="0"/>
</pin_list>
<bind>
<opcode="alloca(26) " fcode="alloca"/>
<opset="localC_14_0/1 "/>
</bind>
</comp>

<comp id="180" class="1004" name="localC_15_0_fu_180">
<pin_list>
<pin id="181" dir="0" index="0" bw="1" slack="0"/>
<pin id="182" dir="1" index="1" bw="16" slack="0"/>
</pin_list>
<bind>
<opcode="alloca(26) " fcode="alloca"/>
<opset="localC_15_0/1 "/>
</bind>
</comp>

<comp id="184" class="1004" name="localC_16_0_fu_184">
<pin_list>
<pin id="185" dir="0" index="0" bw="1" slack="0"/>
<pin id="186" dir="1" index="1" bw="16" slack="0"/>
</pin_list>
<bind>
<opcode="alloca(26) " fcode="alloca"/>
<opset="localC_16_0/1 "/>
</bind>
</comp>

<comp id="188" class="1004" name="localC_17_0_fu_188">
<pin_list>
<pin id="189" dir="0" index="0" bw="1" slack="0"/>
<pin id="190" dir="1" index="1" bw="16" slack="0"/>
</pin_list>
<bind>
<opcode="alloca(26) " fcode="alloca"/>
<opset="localC_17_0/1 "/>
</bind>
</comp>

<comp id="192" class="1004" name="localC_18_0_fu_192">
<pin_list>
<pin id="193" dir="0" index="0" bw="1" slack="0"/>
<pin id="194" dir="1" index="1" bw="16" slack="0"/>
</pin_list>
<bind>
<opcode="alloca(26) " fcode="alloca"/>
<opset="localC_18_0/1 "/>
</bind>
</comp>

<comp id="196" class="1004" name="localC_19_0_fu_196">
<pin_list>
<pin id="197" dir="0" index="0" bw="1" slack="0"/>
<pin id="198" dir="1" index="1" bw="16" slack="0"/>
</pin_list>
<bind>
<opcode="alloca(26) " fcode="alloca"/>
<opset="localC_19_0/1 "/>
</bind>
</comp>

<comp id="200" class="1004" name="localC_20_0_fu_200">
<pin_list>
<pin id="201" dir="0" index="0" bw="1" slack="0"/>
<pin id="202" dir="1" index="1" bw="16" slack="0"/>
</pin_list>
<bind>
<opcode="alloca(26) " fcode="alloca"/>
<opset="localC_20_0/1 "/>
</bind>
</comp>

<comp id="204" class="1004" name="localC_21_0_fu_204">
<pin_list>
<pin id="205" dir="0" index="0" bw="1" slack="0"/>
<pin id="206" dir="1" index="1" bw="16" slack="0"/>
</pin_list>
<bind>
<opcode="alloca(26) " fcode="alloca"/>
<opset="localC_21_0/1 "/>
</bind>
</comp>

<comp id="208" class="1004" name="localC_22_0_fu_208">
<pin_list>
<pin id="209" dir="0" index="0" bw="1" slack="0"/>
<pin id="210" dir="1" index="1" bw="16" slack="0"/>
</pin_list>
<bind>
<opcode="alloca(26) " fcode="alloca"/>
<opset="localC_22_0/1 "/>
</bind>
</comp>

<comp id="212" class="1004" name="localC_23_0_fu_212">
<pin_list>
<pin id="213" dir="0" index="0" bw="1" slack="0"/>
<pin id="214" dir="1" index="1" bw="16" slack="0"/>
</pin_list>
<bind>
<opcode="alloca(26) " fcode="alloca"/>
<opset="localC_23_0/1 "/>
</bind>
</comp>

<comp id="216" class="1004" name="localC_24_0_fu_216">
<pin_list>
<pin id="217" dir="0" index="0" bw="1" slack="0"/>
<pin id="218" dir="1" index="1" bw="16" slack="0"/>
</pin_list>
<bind>
<opcode="alloca(26) " fcode="alloca"/>
<opset="localC_24_0/1 "/>
</bind>
</comp>

<comp id="220" class="1004" name="localC_25_0_fu_220">
<pin_list>
<pin id="221" dir="0" index="0" bw="1" slack="0"/>
<pin id="222" dir="1" index="1" bw="16" slack="0"/>
</pin_list>
<bind>
<opcode="alloca(26) " fcode="alloca"/>
<opset="localC_25_0/1 "/>
</bind>
</comp>

<comp id="224" class="1004" name="localC_26_0_fu_224">
<pin_list>
<pin id="225" dir="0" index="0" bw="1" slack="0"/>
<pin id="226" dir="1" index="1" bw="16" slack="0"/>
</pin_list>
<bind>
<opcode="alloca(26) " fcode="alloca"/>
<opset="localC_26_0/1 "/>
</bind>
</comp>

<comp id="228" class="1004" name="localC_27_0_fu_228">
<pin_list>
<pin id="229" dir="0" index="0" bw="1" slack="0"/>
<pin id="230" dir="1" index="1" bw="16" slack="0"/>
</pin_list>
<bind>
<opcode="alloca(26) " fcode="alloca"/>
<opset="localC_27_0/1 "/>
</bind>
</comp>

<comp id="232" class="1004" name="localC_28_0_fu_232">
<pin_list>
<pin id="233" dir="0" index="0" bw="1" slack="0"/>
<pin id="234" dir="1" index="1" bw="16" slack="0"/>
</pin_list>
<bind>
<opcode="alloca(26) " fcode="alloca"/>
<opset="localC_28_0/1 "/>
</bind>
</comp>

<comp id="236" class="1004" name="localC_29_0_fu_236">
<pin_list>
<pin id="237" dir="0" index="0" bw="1" slack="0"/>
<pin id="238" dir="1" index="1" bw="16" slack="0"/>
</pin_list>
<bind>
<opcode="alloca(26) " fcode="alloca"/>
<opset="localC_29_0/1 "/>
</bind>
</comp>

<comp id="240" class="1004" name="localC_30_0_fu_240">
<pin_list>
<pin id="241" dir="0" index="0" bw="1" slack="0"/>
<pin id="242" dir="1" index="1" bw="16" slack="0"/>
</pin_list>
<bind>
<opcode="alloca(26) " fcode="alloca"/>
<opset="localC_30_0/1 "/>
</bind>
</comp>

<comp id="244" class="1004" name="localC_31_0_fu_244">
<pin_list>
<pin id="245" dir="0" index="0" bw="1" slack="0"/>
<pin id="246" dir="1" index="1" bw="16" slack="0"/>
</pin_list>
<bind>
<opcode="alloca(26) " fcode="alloca"/>
<opset="localC_31_0/1 "/>
</bind>
</comp>

<comp id="248" class="1004" name="localC_32_0_fu_248">
<pin_list>
<pin id="249" dir="0" index="0" bw="1" slack="0"/>
<pin id="250" dir="1" index="1" bw="16" slack="0"/>
</pin_list>
<bind>
<opcode="alloca(26) " fcode="alloca"/>
<opset="localC_32_0/1 "/>
</bind>
</comp>

<comp id="252" class="1004" name="localC_33_0_fu_252">
<pin_list>
<pin id="253" dir="0" index="0" bw="1" slack="0"/>
<pin id="254" dir="1" index="1" bw="16" slack="0"/>
</pin_list>
<bind>
<opcode="alloca(26) " fcode="alloca"/>
<opset="localC_33_0/1 "/>
</bind>
</comp>

<comp id="256" class="1004" name="localC_34_0_fu_256">
<pin_list>
<pin id="257" dir="0" index="0" bw="1" slack="0"/>
<pin id="258" dir="1" index="1" bw="16" slack="0"/>
</pin_list>
<bind>
<opcode="alloca(26) " fcode="alloca"/>
<opset="localC_34_0/1 "/>
</bind>
</comp>

<comp id="260" class="1004" name="localC_35_0_fu_260">
<pin_list>
<pin id="261" dir="0" index="0" bw="1" slack="0"/>
<pin id="262" dir="1" index="1" bw="16" slack="0"/>
</pin_list>
<bind>
<opcode="alloca(26) " fcode="alloca"/>
<opset="localC_35_0/1 "/>
</bind>
</comp>

<comp id="264" class="1004" name="localC_36_0_fu_264">
<pin_list>
<pin id="265" dir="0" index="0" bw="1" slack="0"/>
<pin id="266" dir="1" index="1" bw="16" slack="0"/>
</pin_list>
<bind>
<opcode="alloca(26) " fcode="alloca"/>
<opset="localC_36_0/1 "/>
</bind>
</comp>

<comp id="268" class="1004" name="localC_37_0_fu_268">
<pin_list>
<pin id="269" dir="0" index="0" bw="1" slack="0"/>
<pin id="270" dir="1" index="1" bw="16" slack="0"/>
</pin_list>
<bind>
<opcode="alloca(26) " fcode="alloca"/>
<opset="localC_37_0/1 "/>
</bind>
</comp>

<comp id="272" class="1004" name="localC_38_0_fu_272">
<pin_list>
<pin id="273" dir="0" index="0" bw="1" slack="0"/>
<pin id="274" dir="1" index="1" bw="16" slack="0"/>
</pin_list>
<bind>
<opcode="alloca(26) " fcode="alloca"/>
<opset="localC_38_0/1 "/>
</bind>
</comp>

<comp id="276" class="1004" name="localC_39_0_fu_276">
<pin_list>
<pin id="277" dir="0" index="0" bw="1" slack="0"/>
<pin id="278" dir="1" index="1" bw="16" slack="0"/>
</pin_list>
<bind>
<opcode="alloca(26) " fcode="alloca"/>
<opset="localC_39_0/1 "/>
</bind>
</comp>

<comp id="280" class="1004" name="localC_40_0_fu_280">
<pin_list>
<pin id="281" dir="0" index="0" bw="1" slack="0"/>
<pin id="282" dir="1" index="1" bw="16" slack="0"/>
</pin_list>
<bind>
<opcode="alloca(26) " fcode="alloca"/>
<opset="localC_40_0/1 "/>
</bind>
</comp>

<comp id="284" class="1004" name="localC_41_0_fu_284">
<pin_list>
<pin id="285" dir="0" index="0" bw="1" slack="0"/>
<pin id="286" dir="1" index="1" bw="16" slack="0"/>
</pin_list>
<bind>
<opcode="alloca(26) " fcode="alloca"/>
<opset="localC_41_0/1 "/>
</bind>
</comp>

<comp id="288" class="1004" name="localC_42_0_fu_288">
<pin_list>
<pin id="289" dir="0" index="0" bw="1" slack="0"/>
<pin id="290" dir="1" index="1" bw="16" slack="0"/>
</pin_list>
<bind>
<opcode="alloca(26) " fcode="alloca"/>
<opset="localC_42_0/1 "/>
</bind>
</comp>

<comp id="292" class="1004" name="localC_43_0_fu_292">
<pin_list>
<pin id="293" dir="0" index="0" bw="1" slack="0"/>
<pin id="294" dir="1" index="1" bw="16" slack="0"/>
</pin_list>
<bind>
<opcode="alloca(26) " fcode="alloca"/>
<opset="localC_43_0/1 "/>
</bind>
</comp>

<comp id="296" class="1004" name="localC_44_0_fu_296">
<pin_list>
<pin id="297" dir="0" index="0" bw="1" slack="0"/>
<pin id="298" dir="1" index="1" bw="16" slack="0"/>
</pin_list>
<bind>
<opcode="alloca(26) " fcode="alloca"/>
<opset="localC_44_0/1 "/>
</bind>
</comp>

<comp id="300" class="1004" name="localC_45_0_fu_300">
<pin_list>
<pin id="301" dir="0" index="0" bw="1" slack="0"/>
<pin id="302" dir="1" index="1" bw="16" slack="0"/>
</pin_list>
<bind>
<opcode="alloca(26) " fcode="alloca"/>
<opset="localC_45_0/1 "/>
</bind>
</comp>

<comp id="304" class="1004" name="localC_46_0_fu_304">
<pin_list>
<pin id="305" dir="0" index="0" bw="1" slack="0"/>
<pin id="306" dir="1" index="1" bw="16" slack="0"/>
</pin_list>
<bind>
<opcode="alloca(26) " fcode="alloca"/>
<opset="localC_46_0/1 "/>
</bind>
</comp>

<comp id="308" class="1004" name="localC_47_0_fu_308">
<pin_list>
<pin id="309" dir="0" index="0" bw="1" slack="0"/>
<pin id="310" dir="1" index="1" bw="16" slack="0"/>
</pin_list>
<bind>
<opcode="alloca(26) " fcode="alloca"/>
<opset="localC_47_0/1 "/>
</bind>
</comp>

<comp id="312" class="1004" name="localC_48_0_fu_312">
<pin_list>
<pin id="313" dir="0" index="0" bw="1" slack="0"/>
<pin id="314" dir="1" index="1" bw="16" slack="0"/>
</pin_list>
<bind>
<opcode="alloca(26) " fcode="alloca"/>
<opset="localC_48_0/1 "/>
</bind>
</comp>

<comp id="316" class="1004" name="localC_49_0_fu_316">
<pin_list>
<pin id="317" dir="0" index="0" bw="1" slack="0"/>
<pin id="318" dir="1" index="1" bw="16" slack="0"/>
</pin_list>
<bind>
<opcode="alloca(26) " fcode="alloca"/>
<opset="localC_49_0/1 "/>
</bind>
</comp>

<comp id="320" class="1004" name="localC_50_0_fu_320">
<pin_list>
<pin id="321" dir="0" index="0" bw="1" slack="0"/>
<pin id="322" dir="1" index="1" bw="16" slack="0"/>
</pin_list>
<bind>
<opcode="alloca(26) " fcode="alloca"/>
<opset="localC_50_0/1 "/>
</bind>
</comp>

<comp id="324" class="1004" name="localC_51_0_fu_324">
<pin_list>
<pin id="325" dir="0" index="0" bw="1" slack="0"/>
<pin id="326" dir="1" index="1" bw="16" slack="0"/>
</pin_list>
<bind>
<opcode="alloca(26) " fcode="alloca"/>
<opset="localC_51_0/1 "/>
</bind>
</comp>

<comp id="328" class="1004" name="localC_52_0_fu_328">
<pin_list>
<pin id="329" dir="0" index="0" bw="1" slack="0"/>
<pin id="330" dir="1" index="1" bw="16" slack="0"/>
</pin_list>
<bind>
<opcode="alloca(26) " fcode="alloca"/>
<opset="localC_52_0/1 "/>
</bind>
</comp>

<comp id="332" class="1004" name="localC_53_0_fu_332">
<pin_list>
<pin id="333" dir="0" index="0" bw="1" slack="0"/>
<pin id="334" dir="1" index="1" bw="16" slack="0"/>
</pin_list>
<bind>
<opcode="alloca(26) " fcode="alloca"/>
<opset="localC_53_0/1 "/>
</bind>
</comp>

<comp id="336" class="1004" name="localC_54_0_fu_336">
<pin_list>
<pin id="337" dir="0" index="0" bw="1" slack="0"/>
<pin id="338" dir="1" index="1" bw="16" slack="0"/>
</pin_list>
<bind>
<opcode="alloca(26) " fcode="alloca"/>
<opset="localC_54_0/1 "/>
</bind>
</comp>

<comp id="340" class="1004" name="localC_55_0_fu_340">
<pin_list>
<pin id="341" dir="0" index="0" bw="1" slack="0"/>
<pin id="342" dir="1" index="1" bw="16" slack="0"/>
</pin_list>
<bind>
<opcode="alloca(26) " fcode="alloca"/>
<opset="localC_55_0/1 "/>
</bind>
</comp>

<comp id="344" class="1004" name="localC_56_0_fu_344">
<pin_list>
<pin id="345" dir="0" index="0" bw="1" slack="0"/>
<pin id="346" dir="1" index="1" bw="16" slack="0"/>
</pin_list>
<bind>
<opcode="alloca(26) " fcode="alloca"/>
<opset="localC_56_0/1 "/>
</bind>
</comp>

<comp id="348" class="1004" name="localC_57_0_fu_348">
<pin_list>
<pin id="349" dir="0" index="0" bw="1" slack="0"/>
<pin id="350" dir="1" index="1" bw="16" slack="0"/>
</pin_list>
<bind>
<opcode="alloca(26) " fcode="alloca"/>
<opset="localC_57_0/1 "/>
</bind>
</comp>

<comp id="352" class="1004" name="localC_58_0_fu_352">
<pin_list>
<pin id="353" dir="0" index="0" bw="1" slack="0"/>
<pin id="354" dir="1" index="1" bw="16" slack="0"/>
</pin_list>
<bind>
<opcode="alloca(26) " fcode="alloca"/>
<opset="localC_58_0/1 "/>
</bind>
</comp>

<comp id="356" class="1004" name="localC_59_0_fu_356">
<pin_list>
<pin id="357" dir="0" index="0" bw="1" slack="0"/>
<pin id="358" dir="1" index="1" bw="16" slack="0"/>
</pin_list>
<bind>
<opcode="alloca(26) " fcode="alloca"/>
<opset="localC_59_0/1 "/>
</bind>
</comp>

<comp id="360" class="1004" name="localC_60_0_fu_360">
<pin_list>
<pin id="361" dir="0" index="0" bw="1" slack="0"/>
<pin id="362" dir="1" index="1" bw="16" slack="0"/>
</pin_list>
<bind>
<opcode="alloca(26) " fcode="alloca"/>
<opset="localC_60_0/1 "/>
</bind>
</comp>

<comp id="364" class="1004" name="localC_61_0_fu_364">
<pin_list>
<pin id="365" dir="0" index="0" bw="1" slack="0"/>
<pin id="366" dir="1" index="1" bw="16" slack="0"/>
</pin_list>
<bind>
<opcode="alloca(26) " fcode="alloca"/>
<opset="localC_61_0/1 "/>
</bind>
</comp>

<comp id="368" class="1004" name="localC_62_0_fu_368">
<pin_list>
<pin id="369" dir="0" index="0" bw="1" slack="0"/>
<pin id="370" dir="1" index="1" bw="16" slack="0"/>
</pin_list>
<bind>
<opcode="alloca(26) " fcode="alloca"/>
<opset="localC_62_0/1 "/>
</bind>
</comp>

<comp id="372" class="1004" name="localC_63_0_fu_372">
<pin_list>
<pin id="373" dir="0" index="0" bw="1" slack="0"/>
<pin id="374" dir="1" index="1" bw="16" slack="0"/>
</pin_list>
<bind>
<opcode="alloca(26) " fcode="alloca"/>
<opset="localC_63_0/1 "/>
</bind>
</comp>

<comp id="376" class="1004" name="localA_alloca_fu_376">
<pin_list>
<pin id="377" dir="0" index="0" bw="1" slack="0"/>
<pin id="378" dir="1" index="1" bw="8" slack="2147483647"/>
</pin_list>
<bind>
<opcode="alloca(26) " fcode="alloca"/>
<opset="localA/1 "/>
</bind>
</comp>

<comp id="380" class="1004" name="localA_1_alloca_fu_380">
<pin_list>
<pin id="381" dir="0" index="0" bw="1" slack="0"/>
<pin id="382" dir="1" index="1" bw="8" slack="2147483647"/>
</pin_list>
<bind>
<opcode="alloca(26) " fcode="alloca"/>
<opset="localA_1/1 "/>
</bind>
</comp>

<comp id="384" class="1004" name="localA_2_alloca_fu_384">
<pin_list>
<pin id="385" dir="0" index="0" bw="1" slack="0"/>
<pin id="386" dir="1" index="1" bw="8" slack="2147483647"/>
</pin_list>
<bind>
<opcode="alloca(26) " fcode="alloca"/>
<opset="localA_2/1 "/>
</bind>
</comp>

<comp id="388" class="1004" name="localA_3_alloca_fu_388">
<pin_list>
<pin id="389" dir="0" index="0" bw="1" slack="0"/>
<pin id="390" dir="1" index="1" bw="8" slack="2147483647"/>
</pin_list>
<bind>
<opcode="alloca(26) " fcode="alloca"/>
<opset="localA_3/1 "/>
</bind>
</comp>

<comp id="392" class="1004" name="localA_4_alloca_fu_392">
<pin_list>
<pin id="393" dir="0" index="0" bw="1" slack="0"/>
<pin id="394" dir="1" index="1" bw="8" slack="2147483647"/>
</pin_list>
<bind>
<opcode="alloca(26) " fcode="alloca"/>
<opset="localA_4/1 "/>
</bind>
</comp>

<comp id="396" class="1004" name="localA_5_alloca_fu_396">
<pin_list>
<pin id="397" dir="0" index="0" bw="1" slack="0"/>
<pin id="398" dir="1" index="1" bw="8" slack="2147483647"/>
</pin_list>
<bind>
<opcode="alloca(26) " fcode="alloca"/>
<opset="localA_5/1 "/>
</bind>
</comp>

<comp id="400" class="1004" name="localA_6_alloca_fu_400">
<pin_list>
<pin id="401" dir="0" index="0" bw="1" slack="0"/>
<pin id="402" dir="1" index="1" bw="8" slack="2147483647"/>
</pin_list>
<bind>
<opcode="alloca(26) " fcode="alloca"/>
<opset="localA_6/1 "/>
</bind>
</comp>

<comp id="404" class="1004" name="localA_7_alloca_fu_404">
<pin_list>
<pin id="405" dir="0" index="0" bw="1" slack="0"/>
<pin id="406" dir="1" index="1" bw="8" slack="2147483647"/>
</pin_list>
<bind>
<opcode="alloca(26) " fcode="alloca"/>
<opset="localA_7/1 "/>
</bind>
</comp>

<comp id="408" class="1004" name="localB_alloca_fu_408">
<pin_list>
<pin id="409" dir="0" index="0" bw="1" slack="0"/>
<pin id="410" dir="1" index="1" bw="8" slack="2147483647"/>
</pin_list>
<bind>
<opcode="alloca(26) " fcode="alloca"/>
<opset="localB/1 "/>
</bind>
</comp>

<comp id="412" class="1004" name="localB_1_alloca_fu_412">
<pin_list>
<pin id="413" dir="0" index="0" bw="1" slack="0"/>
<pin id="414" dir="1" index="1" bw="8" slack="2147483647"/>
</pin_list>
<bind>
<opcode="alloca(26) " fcode="alloca"/>
<opset="localB_1/1 "/>
</bind>
</comp>

<comp id="416" class="1004" name="localB_2_alloca_fu_416">
<pin_list>
<pin id="417" dir="0" index="0" bw="1" slack="0"/>
<pin id="418" dir="1" index="1" bw="8" slack="2147483647"/>
</pin_list>
<bind>
<opcode="alloca(26) " fcode="alloca"/>
<opset="localB_2/1 "/>
</bind>
</comp>

<comp id="420" class="1004" name="localB_3_alloca_fu_420">
<pin_list>
<pin id="421" dir="0" index="0" bw="1" slack="0"/>
<pin id="422" dir="1" index="1" bw="8" slack="2147483647"/>
</pin_list>
<bind>
<opcode="alloca(26) " fcode="alloca"/>
<opset="localB_3/1 "/>
</bind>
</comp>

<comp id="424" class="1004" name="localB_4_alloca_fu_424">
<pin_list>
<pin id="425" dir="0" index="0" bw="1" slack="0"/>
<pin id="426" dir="1" index="1" bw="8" slack="2147483647"/>
</pin_list>
<bind>
<opcode="alloca(26) " fcode="alloca"/>
<opset="localB_4/1 "/>
</bind>
</comp>

<comp id="428" class="1004" name="localB_5_alloca_fu_428">
<pin_list>
<pin id="429" dir="0" index="0" bw="1" slack="0"/>
<pin id="430" dir="1" index="1" bw="8" slack="2147483647"/>
</pin_list>
<bind>
<opcode="alloca(26) " fcode="alloca"/>
<opset="localB_5/1 "/>
</bind>
</comp>

<comp id="432" class="1004" name="localB_6_alloca_fu_432">
<pin_list>
<pin id="433" dir="0" index="0" bw="1" slack="0"/>
<pin id="434" dir="1" index="1" bw="8" slack="2147483647"/>
</pin_list>
<bind>
<opcode="alloca(26) " fcode="alloca"/>
<opset="localB_6/1 "/>
</bind>
</comp>

<comp id="436" class="1004" name="localB_7_alloca_fu_436">
<pin_list>
<pin id="437" dir="0" index="0" bw="1" slack="0"/>
<pin id="438" dir="1" index="1" bw="8" slack="2147483647"/>
</pin_list>
<bind>
<opcode="alloca(26) " fcode="alloca"/>
<opset="localB_7/1 "/>
</bind>
</comp>

<comp id="440" class="1004" name="b_col_read_read_fu_440">
<pin_list>
<pin id="441" dir="0" index="0" bw="32" slack="0"/>
<pin id="442" dir="0" index="1" bw="32" slack="0"/>
<pin id="443" dir="1" index="2" bw="32" slack="0"/>
</pin_list>
<bind>
<opcode="read(1150) " fcode="read"/>
<opset="b_col_read/1 "/>
</bind>
</comp>

<comp id="446" class="1004" name="a_col_read_read_fu_446">
<pin_list>
<pin id="447" dir="0" index="0" bw="32" slack="0"/>
<pin id="448" dir="0" index="1" bw="32" slack="0"/>
<pin id="449" dir="1" index="2" bw="32" slack="0"/>
</pin_list>
<bind>
<opcode="read(1150) " fcode="read"/>
<opset="a_col_read/1 "/>
</bind>
</comp>

<comp id="452" class="1004" name="a_row_read_read_fu_452">
<pin_list>
<pin id="453" dir="0" index="0" bw="32" slack="0"/>
<pin id="454" dir="0" index="1" bw="32" slack="0"/>
<pin id="455" dir="1" index="2" bw="32" slack="0"/>
</pin_list>
<bind>
<opcode="read(1150) " fcode="read"/>
<opset="a_row_read/1 "/>
</bind>
</comp>

<comp id="458" class="1004" name="c_read_read_fu_458">
<pin_list>
<pin id="459" dir="0" index="0" bw="64" slack="0"/>
<pin id="460" dir="0" index="1" bw="64" slack="0"/>
<pin id="461" dir="1" index="2" bw="64" slack="14"/>
</pin_list>
<bind>
<opcode="read(1150) " fcode="read"/>
<opset="c_read/1 "/>
</bind>
</comp>

<comp id="464" class="1004" name="b_read_read_fu_464">
<pin_list>
<pin id="465" dir="0" index="0" bw="64" slack="0"/>
<pin id="466" dir="0" index="1" bw="64" slack="0"/>
<pin id="467" dir="1" index="2" bw="64" slack="4"/>
</pin_list>
<bind>
<opcode="read(1150) " fcode="read"/>
<opset="b_read/1 "/>
</bind>
</comp>

<comp id="470" class="1004" name="a_read_read_fu_470">
<pin_list>
<pin id="471" dir="0" index="0" bw="64" slack="0"/>
<pin id="472" dir="0" index="1" bw="64" slack="0"/>
<pin id="473" dir="1" index="2" bw="64" slack="4"/>
</pin_list>
<bind>
<opcode="read(1150) " fcode="read"/>
<opset="a_read/1 "/>
</bind>
</comp>

<comp id="476" class="1004" name="grp_readreq_fu_476">
<pin_list>
<pin id="477" dir="0" index="0" bw="1" slack="0"/>
<pin id="478" dir="0" index="1" bw="8" slack="0"/>
<pin id="479" dir="0" index="2" bw="32" slack="1"/>
<pin id="480" dir="1" index="3" bw="1" slack="2147483647"/>
</pin_list>
<bind>
<opcode="readreq(1154) " fcode="readreq"/>
<opset="empty_25/5 "/>
</bind>
</comp>

<comp id="482" class="1004" name="grp_readreq_fu_482">
<pin_list>
<pin id="483" dir="0" index="0" bw="1" slack="0"/>
<pin id="484" dir="0" index="1" bw="8" slack="0"/>
<pin id="485" dir="0" index="2" bw="32" slack="1"/>
<pin id="486" dir="1" index="3" bw="1" slack="2147483647"/>
</pin_list>
<bind>
<opcode="readreq(1154) " fcode="readreq"/>
<opset="empty_27/5 "/>
</bind>
</comp>

<comp id="488" class="1004" name="grp_writeresp_fu_488">
<pin_list>
<pin id="489" dir="0" index="0" bw="1" slack="0"/>
<pin id="490" dir="0" index="1" bw="16" slack="0"/>
<pin id="491" dir="0" index="2" bw="32" slack="1"/>
<pin id="492" dir="1" index="3" bw="1" slack="2147483647"/>
</pin_list>
<bind>
<opcode="writereq(1155) writeresp(1158) " fcode="writeresp"/>
<opset="empty_29/19 empty_30/22 "/>
</bind>
</comp>

<comp id="495" class="1004" name="grp_mmult_Pipeline_readA_VITIS_LOOP_147_1_fu_495">
<pin_list>
<pin id="496" dir="0" index="0" bw="0" slack="0"/>
<pin id="497" dir="0" index="1" bw="8" slack="0"/>
<pin id="498" dir="0" index="2" bw="32" slack="12"/>
<pin id="499" dir="0" index="3" bw="64" slack="0"/>
<pin id="500" dir="0" index="4" bw="64" slack="12"/>
<pin id="501" dir="0" index="5" bw="8" slack="2147483647"/>
<pin id="502" dir="0" index="6" bw="8" slack="2147483647"/>
<pin id="503" dir="0" index="7" bw="8" slack="2147483647"/>
<pin id="504" dir="0" index="8" bw="8" slack="2147483647"/>
<pin id="505" dir="0" index="9" bw="8" slack="2147483647"/>
<pin id="506" dir="0" index="10" bw="8" slack="2147483647"/>
<pin id="507" dir="0" index="11" bw="8" slack="2147483647"/>
<pin id="508" dir="0" index="12" bw="8" slack="2147483647"/>
<pin id="509" dir="1" index="13" bw="0" slack="2147483647"/>
</pin_list>
<bind>
<opcode="call(48) " fcode="call"/>
<opset="call_ln107/13 "/>
</bind>
</comp>

<comp id="512" class="1004" name="grp_mmult_Pipeline_readB_VITIS_LOOP_158_2_fu_512">
<pin_list>
<pin id="513" dir="0" index="0" bw="0" slack="0"/>
<pin id="514" dir="0" index="1" bw="8" slack="0"/>
<pin id="515" dir="0" index="2" bw="32" slack="12"/>
<pin id="516" dir="0" index="3" bw="64" slack="0"/>
<pin id="517" dir="0" index="4" bw="64" slack="12"/>
<pin id="518" dir="0" index="5" bw="8" slack="2147483647"/>
<pin id="519" dir="0" index="6" bw="8" slack="2147483647"/>
<pin id="520" dir="0" index="7" bw="8" slack="2147483647"/>
<pin id="521" dir="0" index="8" bw="8" slack="2147483647"/>
<pin id="522" dir="0" index="9" bw="8" slack="2147483647"/>
<pin id="523" dir="0" index="10" bw="8" slack="2147483647"/>
<pin id="524" dir="0" index="11" bw="8" slack="2147483647"/>
<pin id="525" dir="0" index="12" bw="8" slack="2147483647"/>
<pin id="526" dir="1" index="13" bw="0" slack="2147483647"/>
</pin_list>
<bind>
<opcode="call(48) " fcode="call"/>
<opset="call_ln145/13 "/>
</bind>
</comp>

<comp id="529" class="1004" name="grp_tile_process_fu_529">
<pin_list>
<pin id="530" dir="0" index="0" bw="1024" slack="0"/>
<pin id="531" dir="0" index="1" bw="8" slack="2147483647"/>
<pin id="532" dir="0" index="2" bw="8" slack="2147483647"/>
<pin id="533" dir="0" index="3" bw="8" slack="2147483647"/>
<pin id="534" dir="0" index="4" bw="8" slack="2147483647"/>
<pin id="535" dir="0" index="5" bw="8" slack="2147483647"/>
<pin id="536" dir="0" index="6" bw="8" slack="2147483647"/>
<pin id="537" dir="0" index="7" bw="8" slack="2147483647"/>
<pin id="538" dir="0" index="8" bw="8" slack="2147483647"/>
<pin id="539" dir="0" index="9" bw="8" slack="2147483647"/>
<pin id="540" dir="0" index="10" bw="8" slack="2147483647"/>
<pin id="541" dir="0" index="11" bw="8" slack="2147483647"/>
<pin id="542" dir="0" index="12" bw="8" slack="2147483647"/>
<pin id="543" dir="0" index="13" bw="8" slack="2147483647"/>
<pin id="544" dir="0" index="14" bw="8" slack="2147483647"/>
<pin id="545" dir="0" index="15" bw="8" slack="2147483647"/>
<pin id="546" dir="0" index="16" bw="8" slack="2147483647"/>
<pin id="547" dir="0" index="17" bw="16" slack="0"/>
<pin id="548" dir="0" index="18" bw="16" slack="0"/>
<pin id="549" dir="0" index="19" bw="16" slack="0"/>
<pin id="550" dir="0" index="20" bw="16" slack="0"/>
<pin id="551" dir="0" index="21" bw="16" slack="0"/>
<pin id="552" dir="0" index="22" bw="16" slack="0"/>
<pin id="553" dir="0" index="23" bw="16" slack="0"/>
<pin id="554" dir="0" index="24" bw="16" slack="0"/>
<pin id="555" dir="0" index="25" bw="16" slack="0"/>
<pin id="556" dir="0" index="26" bw="16" slack="0"/>
<pin id="557" dir="0" index="27" bw="16" slack="0"/>
<pin id="558" dir="0" index="28" bw="16" slack="0"/>
<pin id="559" dir="0" index="29" bw="16" slack="0"/>
<pin id="560" dir="0" index="30" bw="16" slack="0"/>
<pin id="561" dir="0" index="31" bw="16" slack="0"/>
<pin id="562" dir="0" index="32" bw="16" slack="0"/>
<pin id="563" dir="0" index="33" bw="16" slack="0"/>
<pin id="564" dir="0" index="34" bw="16" slack="0"/>
<pin id="565" dir="0" index="35" bw="16" slack="0"/>
<pin id="566" dir="0" index="36" bw="16" slack="0"/>
<pin id="567" dir="0" index="37" bw="16" slack="0"/>
<pin id="568" dir="0" index="38" bw="16" slack="0"/>
<pin id="569" dir="0" index="39" bw="16" slack="0"/>
<pin id="570" dir="0" index="40" bw="16" slack="0"/>
<pin id="571" dir="0" index="41" bw="16" slack="0"/>
<pin id="572" dir="0" index="42" bw="16" slack="0"/>
<pin id="573" dir="0" index="43" bw="16" slack="0"/>
<pin id="574" dir="0" index="44" bw="16" slack="0"/>
<pin id="575" dir="0" index="45" bw="16" slack="0"/>
<pin id="576" dir="0" index="46" bw="16" slack="0"/>
<pin id="577" dir="0" index="47" bw="16" slack="0"/>
<pin id="578" dir="0" index="48" bw="16" slack="0"/>
<pin id="579" dir="0" index="49" bw="16" slack="0"/>
<pin id="580" dir="0" index="50" bw="16" slack="0"/>
<pin id="581" dir="0" index="51" bw="16" slack="0"/>
<pin id="582" dir="0" index="52" bw="16" slack="0"/>
<pin id="583" dir="0" index="53" bw="16" slack="0"/>
<pin id="584" dir="0" index="54" bw="16" slack="0"/>
<pin id="585" dir="0" index="55" bw="16" slack="0"/>
<pin id="586" dir="0" index="56" bw="16" slack="0"/>
<pin id="587" dir="0" index="57" bw="16" slack="0"/>
<pin id="588" dir="0" index="58" bw="16" slack="0"/>
<pin id="589" dir="0" index="59" bw="16" slack="0"/>
<pin id="590" dir="0" index="60" bw="16" slack="0"/>
<pin id="591" dir="0" index="61" bw="16" slack="0"/>
<pin id="592" dir="0" index="62" bw="16" slack="0"/>
<pin id="593" dir="0" index="63" bw="16" slack="0"/>
<pin id="594" dir="0" index="64" bw="16" slack="0"/>
<pin id="595" dir="0" index="65" bw="16" slack="0"/>
<pin id="596" dir="0" index="66" bw="16" slack="0"/>
<pin id="597" dir="0" index="67" bw="16" slack="0"/>
<pin id="598" dir="0" index="68" bw="16" slack="0"/>
<pin id="599" dir="0" index="69" bw="16" slack="0"/>
<pin id="600" dir="0" index="70" bw="16" slack="0"/>
<pin id="601" dir="0" index="71" bw="16" slack="0"/>
<pin id="602" dir="0" index="72" bw="16" slack="0"/>
<pin id="603" dir="0" index="73" bw="16" slack="0"/>
<pin id="604" dir="0" index="74" bw="16" slack="0"/>
<pin id="605" dir="0" index="75" bw="16" slack="0"/>
<pin id="606" dir="0" index="76" bw="16" slack="0"/>
<pin id="607" dir="0" index="77" bw="16" slack="0"/>
<pin id="608" dir="0" index="78" bw="16" slack="0"/>
<pin id="609" dir="0" index="79" bw="16" slack="0"/>
<pin id="610" dir="0" index="80" bw="16" slack="0"/>
<pin id="611" dir="0" index="81" bw="3" slack="0"/>
<pin id="612" dir="0" index="82" bw="4" slack="0"/>
<pin id="613" dir="0" index="83" bw="32" slack="14"/>
<pin id="614" dir="0" index="84" bw="32" slack="14"/>
<pin id="615" dir="0" index="85" bw="32" slack="14"/>
<pin id="616" dir="1" index="86" bw="1024" slack="0"/>
</pin_list>
<bind>
<opcode="call(48) " fcode="call"/>
<opset="call_ret/15 "/>
</bind>
</comp>

<comp id="618" class="1004" name="grp_mmult_Pipeline_writeC_VITIS_LOOP_187_5_fu_618">
<pin_list>
<pin id="619" dir="0" index="0" bw="0" slack="0"/>
<pin id="620" dir="0" index="1" bw="16" slack="0"/>
<pin id="621" dir="0" index="2" bw="32" slack="18"/>
<pin id="622" dir="0" index="3" bw="64" slack="3"/>
<pin id="623" dir="0" index="4" bw="63" slack="4"/>
<pin id="624" dir="0" index="5" bw="16" slack="0"/>
<pin id="625" dir="0" index="6" bw="16" slack="0"/>
<pin id="626" dir="0" index="7" bw="16" slack="0"/>
<pin id="627" dir="0" index="8" bw="16" slack="0"/>
<pin id="628" dir="0" index="9" bw="16" slack="0"/>
<pin id="629" dir="0" index="10" bw="16" slack="0"/>
<pin id="630" dir="0" index="11" bw="16" slack="0"/>
<pin id="631" dir="0" index="12" bw="16" slack="0"/>
<pin id="632" dir="0" index="13" bw="16" slack="0"/>
<pin id="633" dir="0" index="14" bw="16" slack="0"/>
<pin id="634" dir="0" index="15" bw="16" slack="0"/>
<pin id="635" dir="0" index="16" bw="16" slack="0"/>
<pin id="636" dir="0" index="17" bw="16" slack="0"/>
<pin id="637" dir="0" index="18" bw="16" slack="0"/>
<pin id="638" dir="0" index="19" bw="16" slack="0"/>
<pin id="639" dir="0" index="20" bw="16" slack="0"/>
<pin id="640" dir="0" index="21" bw="16" slack="0"/>
<pin id="641" dir="0" index="22" bw="16" slack="0"/>
<pin id="642" dir="0" index="23" bw="16" slack="0"/>
<pin id="643" dir="0" index="24" bw="16" slack="0"/>
<pin id="644" dir="0" index="25" bw="16" slack="0"/>
<pin id="645" dir="0" index="26" bw="16" slack="0"/>
<pin id="646" dir="0" index="27" bw="16" slack="0"/>
<pin id="647" dir="0" index="28" bw="16" slack="0"/>
<pin id="648" dir="0" index="29" bw="16" slack="0"/>
<pin id="649" dir="0" index="30" bw="16" slack="0"/>
<pin id="650" dir="0" index="31" bw="16" slack="0"/>
<pin id="651" dir="0" index="32" bw="16" slack="0"/>
<pin id="652" dir="0" index="33" bw="16" slack="0"/>
<pin id="653" dir="0" index="34" bw="16" slack="0"/>
<pin id="654" dir="0" index="35" bw="16" slack="0"/>
<pin id="655" dir="0" index="36" bw="16" slack="0"/>
<pin id="656" dir="0" index="37" bw="16" slack="0"/>
<pin id="657" dir="0" index="38" bw="16" slack="0"/>
<pin id="658" dir="0" index="39" bw="16" slack="0"/>
<pin id="659" dir="0" index="40" bw="16" slack="0"/>
<pin id="660" dir="0" index="41" bw="16" slack="0"/>
<pin id="661" dir="0" index="42" bw="16" slack="0"/>
<pin id="662" dir="0" index="43" bw="16" slack="0"/>
<pin id="663" dir="0" index="44" bw="16" slack="0"/>
<pin id="664" dir="0" index="45" bw="16" slack="0"/>
<pin id="665" dir="0" index="46" bw="16" slack="0"/>
<pin id="666" dir="0" index="47" bw="16" slack="0"/>
<pin id="667" dir="0" index="48" bw="16" slack="0"/>
<pin id="668" dir="0" index="49" bw="16" slack="0"/>
<pin id="669" dir="0" index="50" bw="16" slack="0"/>
<pin id="670" dir="0" index="51" bw="16" slack="0"/>
<pin id="671" dir="0" index="52" bw="16" slack="0"/>
<pin id="672" dir="0" index="53" bw="16" slack="0"/>
<pin id="673" dir="0" index="54" bw="16" slack="0"/>
<pin id="674" dir="0" index="55" bw="16" slack="0"/>
<pin id="675" dir="0" index="56" bw="16" slack="0"/>
<pin id="676" dir="0" index="57" bw="16" slack="0"/>
<pin id="677" dir="0" index="58" bw="16" slack="0"/>
<pin id="678" dir="0" index="59" bw="16" slack="0"/>
<pin id="679" dir="0" index="60" bw="16" slack="0"/>
<pin id="680" dir="0" index="61" bw="16" slack="0"/>
<pin id="681" dir="0" index="62" bw="16" slack="0"/>
<pin id="682" dir="0" index="63" bw="16" slack="0"/>
<pin id="683" dir="0" index="64" bw="16" slack="0"/>
<pin id="684" dir="0" index="65" bw="16" slack="0"/>
<pin id="685" dir="0" index="66" bw="16" slack="0"/>
<pin id="686" dir="0" index="67" bw="16" slack="0"/>
<pin id="687" dir="0" index="68" bw="16" slack="0"/>
<pin id="688" dir="1" index="69" bw="0" slack="2147483647"/>
</pin_list>
<bind>
<opcode="call(48) " fcode="call"/>
<opset="call_ln185/20 "/>
</bind>
</comp>

<comp id="691" class="1004" name="grp_fu_691">
<pin_list>
<pin id="692" dir="0" index="0" bw="32" slack="0"/>
<pin id="693" dir="0" index="1" bw="32" slack="0"/>
<pin id="694" dir="1" index="2" bw="64" slack="0"/>
</pin_list>
<bind>
<opcode="mul(12) " fcode="mul"/>
<opset="mul_ln107/12 mul_ln185_1/15 "/>
</bind>
</comp>

<comp id="696" class="1004" name="grp_fu_696">
<pin_list>
<pin id="697" dir="0" index="0" bw="32" slack="0"/>
<pin id="698" dir="0" index="1" bw="32" slack="0"/>
<pin id="699" dir="1" index="2" bw="64" slack="0"/>
</pin_list>
<bind>
<opcode="mul(12) " fcode="mul"/>
<opset="mul_ln145_1/12 "/>
</bind>
</comp>

<comp id="701" class="1004" name="grp_fu_701">
<pin_list>
<pin id="702" dir="0" index="0" bw="32" slack="1"/>
<pin id="703" dir="0" index="1" bw="32" slack="1"/>
<pin id="704" dir="1" index="2" bw="32" slack="1"/>
</pin_list>
<bind>
<opcode="mul(12) " fcode="mul"/>
<opset="mul_ln145/2 mul_ln185/15 "/>
</bind>
</comp>

<comp id="705" class="1004" name="grp_fu_705">
<pin_list>
<pin id="706" dir="0" index="0" bw="32" slack="1"/>
<pin id="707" dir="0" index="1" bw="32" slack="1"/>
<pin id="708" dir="1" index="2" bw="32" slack="1"/>
</pin_list>
<bind>
<opcode="mul(12) " fcode="mul"/>
<opset="mul_ln156/2 "/>
</bind>
</comp>

<comp id="709" class="1004" name="grp_load_fu_709">
<pin_list>
<pin id="710" dir="0" index="0" bw="16" slack="14"/>
<pin id="711" dir="1" index="1" bw="16" slack="0"/>
</pin_list>
<bind>
<opcode="load(27) " fcode="load"/>
<opset="localC_0_load_1/15 localC_0_load/20 "/>
</bind>
</comp>

<comp id="714" class="1004" name="grp_load_fu_714">
<pin_list>
<pin id="715" dir="0" index="0" bw="16" slack="14"/>
<pin id="716" dir="1" index="1" bw="16" slack="0"/>
</pin_list>
<bind>
<opcode="load(27) " fcode="load"/>
<opset="localC_1_0_load_1/15 localC_1_0_load/20 "/>
</bind>
</comp>

<comp id="719" class="1004" name="grp_load_fu_719">
<pin_list>
<pin id="720" dir="0" index="0" bw="16" slack="14"/>
<pin id="721" dir="1" index="1" bw="16" slack="0"/>
</pin_list>
<bind>
<opcode="load(27) " fcode="load"/>
<opset="localC_2_0_load_1/15 localC_2_0_load/20 "/>
</bind>
</comp>

<comp id="724" class="1004" name="grp_load_fu_724">
<pin_list>
<pin id="725" dir="0" index="0" bw="16" slack="14"/>
<pin id="726" dir="1" index="1" bw="16" slack="0"/>
</pin_list>
<bind>
<opcode="load(27) " fcode="load"/>
<opset="localC_3_0_load_1/15 localC_3_0_load/20 "/>
</bind>
</comp>

<comp id="729" class="1004" name="grp_load_fu_729">
<pin_list>
<pin id="730" dir="0" index="0" bw="16" slack="14"/>
<pin id="731" dir="1" index="1" bw="16" slack="0"/>
</pin_list>
<bind>
<opcode="load(27) " fcode="load"/>
<opset="localC_4_0_load_1/15 localC_4_0_load/20 "/>
</bind>
</comp>

<comp id="734" class="1004" name="grp_load_fu_734">
<pin_list>
<pin id="735" dir="0" index="0" bw="16" slack="14"/>
<pin id="736" dir="1" index="1" bw="16" slack="0"/>
</pin_list>
<bind>
<opcode="load(27) " fcode="load"/>
<opset="localC_5_0_load_1/15 localC_5_0_load/20 "/>
</bind>
</comp>

<comp id="739" class="1004" name="grp_load_fu_739">
<pin_list>
<pin id="740" dir="0" index="0" bw="16" slack="14"/>
<pin id="741" dir="1" index="1" bw="16" slack="0"/>
</pin_list>
<bind>
<opcode="load(27) " fcode="load"/>
<opset="localC_6_0_load_1/15 localC_6_0_load/20 "/>
</bind>
</comp>

<comp id="744" class="1004" name="grp_load_fu_744">
<pin_list>
<pin id="745" dir="0" index="0" bw="16" slack="14"/>
<pin id="746" dir="1" index="1" bw="16" slack="0"/>
</pin_list>
<bind>
<opcode="load(27) " fcode="load"/>
<opset="localC_7_0_load_1/15 localC_7_0_load/20 "/>
</bind>
</comp>

<comp id="749" class="1004" name="grp_load_fu_749">
<pin_list>
<pin id="750" dir="0" index="0" bw="16" slack="14"/>
<pin id="751" dir="1" index="1" bw="16" slack="0"/>
</pin_list>
<bind>
<opcode="load(27) " fcode="load"/>
<opset="localC_8_0_load_1/15 localC_8_0_load/20 "/>
</bind>
</comp>

<comp id="754" class="1004" name="grp_load_fu_754">
<pin_list>
<pin id="755" dir="0" index="0" bw="16" slack="14"/>
<pin id="756" dir="1" index="1" bw="16" slack="0"/>
</pin_list>
<bind>
<opcode="load(27) " fcode="load"/>
<opset="localC_9_0_load_1/15 localC_9_0_load/20 "/>
</bind>
</comp>

<comp id="759" class="1004" name="grp_load_fu_759">
<pin_list>
<pin id="760" dir="0" index="0" bw="16" slack="14"/>
<pin id="761" dir="1" index="1" bw="16" slack="0"/>
</pin_list>
<bind>
<opcode="load(27) " fcode="load"/>
<opset="localC_10_0_load_1/15 localC_10_0_load/20 "/>
</bind>
</comp>

<comp id="764" class="1004" name="grp_load_fu_764">
<pin_list>
<pin id="765" dir="0" index="0" bw="16" slack="14"/>
<pin id="766" dir="1" index="1" bw="16" slack="0"/>
</pin_list>
<bind>
<opcode="load(27) " fcode="load"/>
<opset="localC_11_0_load_1/15 localC_11_0_load/20 "/>
</bind>
</comp>

<comp id="769" class="1004" name="grp_load_fu_769">
<pin_list>
<pin id="770" dir="0" index="0" bw="16" slack="14"/>
<pin id="771" dir="1" index="1" bw="16" slack="0"/>
</pin_list>
<bind>
<opcode="load(27) " fcode="load"/>
<opset="localC_12_0_load_1/15 localC_12_0_load/20 "/>
</bind>
</comp>

<comp id="774" class="1004" name="grp_load_fu_774">
<pin_list>
<pin id="775" dir="0" index="0" bw="16" slack="14"/>
<pin id="776" dir="1" index="1" bw="16" slack="0"/>
</pin_list>
<bind>
<opcode="load(27) " fcode="load"/>
<opset="localC_13_0_load_1/15 localC_13_0_load/20 "/>
</bind>
</comp>

<comp id="779" class="1004" name="grp_load_fu_779">
<pin_list>
<pin id="780" dir="0" index="0" bw="16" slack="14"/>
<pin id="781" dir="1" index="1" bw="16" slack="0"/>
</pin_list>
<bind>
<opcode="load(27) " fcode="load"/>
<opset="localC_14_0_load_1/15 localC_14_0_load/20 "/>
</bind>
</comp>

<comp id="784" class="1004" name="grp_load_fu_784">
<pin_list>
<pin id="785" dir="0" index="0" bw="16" slack="14"/>
<pin id="786" dir="1" index="1" bw="16" slack="0"/>
</pin_list>
<bind>
<opcode="load(27) " fcode="load"/>
<opset="localC_15_0_load_1/15 localC_15_0_load/20 "/>
</bind>
</comp>

<comp id="789" class="1004" name="grp_load_fu_789">
<pin_list>
<pin id="790" dir="0" index="0" bw="16" slack="14"/>
<pin id="791" dir="1" index="1" bw="16" slack="0"/>
</pin_list>
<bind>
<opcode="load(27) " fcode="load"/>
<opset="localC_16_0_load_1/15 localC_16_0_load/20 "/>
</bind>
</comp>

<comp id="794" class="1004" name="grp_load_fu_794">
<pin_list>
<pin id="795" dir="0" index="0" bw="16" slack="14"/>
<pin id="796" dir="1" index="1" bw="16" slack="0"/>
</pin_list>
<bind>
<opcode="load(27) " fcode="load"/>
<opset="localC_17_0_load_1/15 localC_17_0_load/20 "/>
</bind>
</comp>

<comp id="799" class="1004" name="grp_load_fu_799">
<pin_list>
<pin id="800" dir="0" index="0" bw="16" slack="14"/>
<pin id="801" dir="1" index="1" bw="16" slack="0"/>
</pin_list>
<bind>
<opcode="load(27) " fcode="load"/>
<opset="localC_18_0_load_1/15 localC_18_0_load/20 "/>
</bind>
</comp>

<comp id="804" class="1004" name="grp_load_fu_804">
<pin_list>
<pin id="805" dir="0" index="0" bw="16" slack="14"/>
<pin id="806" dir="1" index="1" bw="16" slack="0"/>
</pin_list>
<bind>
<opcode="load(27) " fcode="load"/>
<opset="localC_19_0_load_1/15 localC_19_0_load/20 "/>
</bind>
</comp>

<comp id="809" class="1004" name="grp_load_fu_809">
<pin_list>
<pin id="810" dir="0" index="0" bw="16" slack="14"/>
<pin id="811" dir="1" index="1" bw="16" slack="0"/>
</pin_list>
<bind>
<opcode="load(27) " fcode="load"/>
<opset="localC_20_0_load_1/15 localC_20_0_load/20 "/>
</bind>
</comp>

<comp id="814" class="1004" name="grp_load_fu_814">
<pin_list>
<pin id="815" dir="0" index="0" bw="16" slack="14"/>
<pin id="816" dir="1" index="1" bw="16" slack="0"/>
</pin_list>
<bind>
<opcode="load(27) " fcode="load"/>
<opset="localC_21_0_load_1/15 localC_21_0_load/20 "/>
</bind>
</comp>

<comp id="819" class="1004" name="grp_load_fu_819">
<pin_list>
<pin id="820" dir="0" index="0" bw="16" slack="14"/>
<pin id="821" dir="1" index="1" bw="16" slack="0"/>
</pin_list>
<bind>
<opcode="load(27) " fcode="load"/>
<opset="localC_22_0_load_1/15 localC_22_0_load/20 "/>
</bind>
</comp>

<comp id="824" class="1004" name="grp_load_fu_824">
<pin_list>
<pin id="825" dir="0" index="0" bw="16" slack="14"/>
<pin id="826" dir="1" index="1" bw="16" slack="0"/>
</pin_list>
<bind>
<opcode="load(27) " fcode="load"/>
<opset="localC_23_0_load_1/15 localC_23_0_load/20 "/>
</bind>
</comp>

<comp id="829" class="1004" name="grp_load_fu_829">
<pin_list>
<pin id="830" dir="0" index="0" bw="16" slack="14"/>
<pin id="831" dir="1" index="1" bw="16" slack="0"/>
</pin_list>
<bind>
<opcode="load(27) " fcode="load"/>
<opset="localC_24_0_load_1/15 localC_24_0_load/20 "/>
</bind>
</comp>

<comp id="834" class="1004" name="grp_load_fu_834">
<pin_list>
<pin id="835" dir="0" index="0" bw="16" slack="14"/>
<pin id="836" dir="1" index="1" bw="16" slack="0"/>
</pin_list>
<bind>
<opcode="load(27) " fcode="load"/>
<opset="localC_25_0_load_1/15 localC_25_0_load/20 "/>
</bind>
</comp>

<comp id="839" class="1004" name="grp_load_fu_839">
<pin_list>
<pin id="840" dir="0" index="0" bw="16" slack="14"/>
<pin id="841" dir="1" index="1" bw="16" slack="0"/>
</pin_list>
<bind>
<opcode="load(27) " fcode="load"/>
<opset="localC_26_0_load_1/15 localC_26_0_load/20 "/>
</bind>
</comp>

<comp id="844" class="1004" name="grp_load_fu_844">
<pin_list>
<pin id="845" dir="0" index="0" bw="16" slack="14"/>
<pin id="846" dir="1" index="1" bw="16" slack="0"/>
</pin_list>
<bind>
<opcode="load(27) " fcode="load"/>
<opset="localC_27_0_load_1/15 localC_27_0_load/20 "/>
</bind>
</comp>

<comp id="849" class="1004" name="grp_load_fu_849">
<pin_list>
<pin id="850" dir="0" index="0" bw="16" slack="14"/>
<pin id="851" dir="1" index="1" bw="16" slack="0"/>
</pin_list>
<bind>
<opcode="load(27) " fcode="load"/>
<opset="localC_28_0_load_1/15 localC_28_0_load/20 "/>
</bind>
</comp>

<comp id="854" class="1004" name="grp_load_fu_854">
<pin_list>
<pin id="855" dir="0" index="0" bw="16" slack="14"/>
<pin id="856" dir="1" index="1" bw="16" slack="0"/>
</pin_list>
<bind>
<opcode="load(27) " fcode="load"/>
<opset="localC_29_0_load_1/15 localC_29_0_load/20 "/>
</bind>
</comp>

<comp id="859" class="1004" name="grp_load_fu_859">
<pin_list>
<pin id="860" dir="0" index="0" bw="16" slack="14"/>
<pin id="861" dir="1" index="1" bw="16" slack="0"/>
</pin_list>
<bind>
<opcode="load(27) " fcode="load"/>
<opset="localC_30_0_load_1/15 localC_30_0_load/20 "/>
</bind>
</comp>

<comp id="864" class="1004" name="grp_load_fu_864">
<pin_list>
<pin id="865" dir="0" index="0" bw="16" slack="14"/>
<pin id="866" dir="1" index="1" bw="16" slack="0"/>
</pin_list>
<bind>
<opcode="load(27) " fcode="load"/>
<opset="localC_31_0_load_1/15 localC_31_0_load/20 "/>
</bind>
</comp>

<comp id="869" class="1004" name="grp_load_fu_869">
<pin_list>
<pin id="870" dir="0" index="0" bw="16" slack="14"/>
<pin id="871" dir="1" index="1" bw="16" slack="0"/>
</pin_list>
<bind>
<opcode="load(27) " fcode="load"/>
<opset="localC_32_0_load_1/15 localC_32_0_load/20 "/>
</bind>
</comp>

<comp id="874" class="1004" name="grp_load_fu_874">
<pin_list>
<pin id="875" dir="0" index="0" bw="16" slack="14"/>
<pin id="876" dir="1" index="1" bw="16" slack="0"/>
</pin_list>
<bind>
<opcode="load(27) " fcode="load"/>
<opset="localC_33_0_load_1/15 localC_33_0_load/20 "/>
</bind>
</comp>

<comp id="879" class="1004" name="grp_load_fu_879">
<pin_list>
<pin id="880" dir="0" index="0" bw="16" slack="14"/>
<pin id="881" dir="1" index="1" bw="16" slack="0"/>
</pin_list>
<bind>
<opcode="load(27) " fcode="load"/>
<opset="localC_34_0_load_1/15 localC_34_0_load/20 "/>
</bind>
</comp>

<comp id="884" class="1004" name="grp_load_fu_884">
<pin_list>
<pin id="885" dir="0" index="0" bw="16" slack="14"/>
<pin id="886" dir="1" index="1" bw="16" slack="0"/>
</pin_list>
<bind>
<opcode="load(27) " fcode="load"/>
<opset="localC_35_0_load_1/15 localC_35_0_load/20 "/>
</bind>
</comp>

<comp id="889" class="1004" name="grp_load_fu_889">
<pin_list>
<pin id="890" dir="0" index="0" bw="16" slack="14"/>
<pin id="891" dir="1" index="1" bw="16" slack="0"/>
</pin_list>
<bind>
<opcode="load(27) " fcode="load"/>
<opset="localC_36_0_load_1/15 localC_36_0_load/20 "/>
</bind>
</comp>

<comp id="894" class="1004" name="grp_load_fu_894">
<pin_list>
<pin id="895" dir="0" index="0" bw="16" slack="14"/>
<pin id="896" dir="1" index="1" bw="16" slack="0"/>
</pin_list>
<bind>
<opcode="load(27) " fcode="load"/>
<opset="localC_37_0_load_1/15 localC_37_0_load/20 "/>
</bind>
</comp>

<comp id="899" class="1004" name="grp_load_fu_899">
<pin_list>
<pin id="900" dir="0" index="0" bw="16" slack="14"/>
<pin id="901" dir="1" index="1" bw="16" slack="0"/>
</pin_list>
<bind>
<opcode="load(27) " fcode="load"/>
<opset="localC_38_0_load_1/15 localC_38_0_load/20 "/>
</bind>
</comp>

<comp id="904" class="1004" name="grp_load_fu_904">
<pin_list>
<pin id="905" dir="0" index="0" bw="16" slack="14"/>
<pin id="906" dir="1" index="1" bw="16" slack="0"/>
</pin_list>
<bind>
<opcode="load(27) " fcode="load"/>
<opset="localC_39_0_load_1/15 localC_39_0_load/20 "/>
</bind>
</comp>

<comp id="909" class="1004" name="grp_load_fu_909">
<pin_list>
<pin id="910" dir="0" index="0" bw="16" slack="14"/>
<pin id="911" dir="1" index="1" bw="16" slack="0"/>
</pin_list>
<bind>
<opcode="load(27) " fcode="load"/>
<opset="localC_40_0_load_1/15 localC_40_0_load/20 "/>
</bind>
</comp>

<comp id="914" class="1004" name="grp_load_fu_914">
<pin_list>
<pin id="915" dir="0" index="0" bw="16" slack="14"/>
<pin id="916" dir="1" index="1" bw="16" slack="0"/>
</pin_list>
<bind>
<opcode="load(27) " fcode="load"/>
<opset="localC_41_0_load_1/15 localC_41_0_load/20 "/>
</bind>
</comp>

<comp id="919" class="1004" name="grp_load_fu_919">
<pin_list>
<pin id="920" dir="0" index="0" bw="16" slack="14"/>
<pin id="921" dir="1" index="1" bw="16" slack="0"/>
</pin_list>
<bind>
<opcode="load(27) " fcode="load"/>
<opset="localC_42_0_load_1/15 localC_42_0_load/20 "/>
</bind>
</comp>

<comp id="924" class="1004" name="grp_load_fu_924">
<pin_list>
<pin id="925" dir="0" index="0" bw="16" slack="14"/>
<pin id="926" dir="1" index="1" bw="16" slack="0"/>
</pin_list>
<bind>
<opcode="load(27) " fcode="load"/>
<opset="localC_43_0_load_1/15 localC_43_0_load/20 "/>
</bind>
</comp>

<comp id="929" class="1004" name="grp_load_fu_929">
<pin_list>
<pin id="930" dir="0" index="0" bw="16" slack="14"/>
<pin id="931" dir="1" index="1" bw="16" slack="0"/>
</pin_list>
<bind>
<opcode="load(27) " fcode="load"/>
<opset="localC_44_0_load_1/15 localC_44_0_load/20 "/>
</bind>
</comp>

<comp id="934" class="1004" name="grp_load_fu_934">
<pin_list>
<pin id="935" dir="0" index="0" bw="16" slack="14"/>
<pin id="936" dir="1" index="1" bw="16" slack="0"/>
</pin_list>
<bind>
<opcode="load(27) " fcode="load"/>
<opset="localC_45_0_load_1/15 localC_45_0_load/20 "/>
</bind>
</comp>

<comp id="939" class="1004" name="grp_load_fu_939">
<pin_list>
<pin id="940" dir="0" index="0" bw="16" slack="14"/>
<pin id="941" dir="1" index="1" bw="16" slack="0"/>
</pin_list>
<bind>
<opcode="load(27) " fcode="load"/>
<opset="localC_46_0_load_1/15 localC_46_0_load/20 "/>
</bind>
</comp>

<comp id="944" class="1004" name="grp_load_fu_944">
<pin_list>
<pin id="945" dir="0" index="0" bw="16" slack="14"/>
<pin id="946" dir="1" index="1" bw="16" slack="0"/>
</pin_list>
<bind>
<opcode="load(27) " fcode="load"/>
<opset="localC_47_0_load_1/15 localC_47_0_load/20 "/>
</bind>
</comp>

<comp id="949" class="1004" name="grp_load_fu_949">
<pin_list>
<pin id="950" dir="0" index="0" bw="16" slack="14"/>
<pin id="951" dir="1" index="1" bw="16" slack="0"/>
</pin_list>
<bind>
<opcode="load(27) " fcode="load"/>
<opset="localC_48_0_load_1/15 localC_48_0_load/20 "/>
</bind>
</comp>

<comp id="954" class="1004" name="grp_load_fu_954">
<pin_list>
<pin id="955" dir="0" index="0" bw="16" slack="14"/>
<pin id="956" dir="1" index="1" bw="16" slack="0"/>
</pin_list>
<bind>
<opcode="load(27) " fcode="load"/>
<opset="localC_49_0_load_1/15 localC_49_0_load/20 "/>
</bind>
</comp>

<comp id="959" class="1004" name="grp_load_fu_959">
<pin_list>
<pin id="960" dir="0" index="0" bw="16" slack="14"/>
<pin id="961" dir="1" index="1" bw="16" slack="0"/>
</pin_list>
<bind>
<opcode="load(27) " fcode="load"/>
<opset="localC_50_0_load_1/15 localC_50_0_load/20 "/>
</bind>
</comp>

<comp id="964" class="1004" name="grp_load_fu_964">
<pin_list>
<pin id="965" dir="0" index="0" bw="16" slack="14"/>
<pin id="966" dir="1" index="1" bw="16" slack="0"/>
</pin_list>
<bind>
<opcode="load(27) " fcode="load"/>
<opset="localC_51_0_load_1/15 localC_51_0_load/20 "/>
</bind>
</comp>

<comp id="969" class="1004" name="grp_load_fu_969">
<pin_list>
<pin id="970" dir="0" index="0" bw="16" slack="14"/>
<pin id="971" dir="1" index="1" bw="16" slack="0"/>
</pin_list>
<bind>
<opcode="load(27) " fcode="load"/>
<opset="localC_52_0_load_1/15 localC_52_0_load/20 "/>
</bind>
</comp>

<comp id="974" class="1004" name="grp_load_fu_974">
<pin_list>
<pin id="975" dir="0" index="0" bw="16" slack="14"/>
<pin id="976" dir="1" index="1" bw="16" slack="0"/>
</pin_list>
<bind>
<opcode="load(27) " fcode="load"/>
<opset="localC_53_0_load_1/15 localC_53_0_load/20 "/>
</bind>
</comp>

<comp id="979" class="1004" name="grp_load_fu_979">
<pin_list>
<pin id="980" dir="0" index="0" bw="16" slack="14"/>
<pin id="981" dir="1" index="1" bw="16" slack="0"/>
</pin_list>
<bind>
<opcode="load(27) " fcode="load"/>
<opset="localC_54_0_load_1/15 localC_54_0_load/20 "/>
</bind>
</comp>

<comp id="984" class="1004" name="grp_load_fu_984">
<pin_list>
<pin id="985" dir="0" index="0" bw="16" slack="14"/>
<pin id="986" dir="1" index="1" bw="16" slack="0"/>
</pin_list>
<bind>
<opcode="load(27) " fcode="load"/>
<opset="localC_55_0_load_1/15 localC_55_0_load/20 "/>
</bind>
</comp>

<comp id="989" class="1004" name="grp_load_fu_989">
<pin_list>
<pin id="990" dir="0" index="0" bw="16" slack="14"/>
<pin id="991" dir="1" index="1" bw="16" slack="0"/>
</pin_list>
<bind>
<opcode="load(27) " fcode="load"/>
<opset="localC_56_0_load_1/15 localC_56_0_load/20 "/>
</bind>
</comp>

<comp id="994" class="1004" name="grp_load_fu_994">
<pin_list>
<pin id="995" dir="0" index="0" bw="16" slack="14"/>
<pin id="996" dir="1" index="1" bw="16" slack="0"/>
</pin_list>
<bind>
<opcode="load(27) " fcode="load"/>
<opset="localC_57_0_load_1/15 localC_57_0_load/20 "/>
</bind>
</comp>

<comp id="999" class="1004" name="grp_load_fu_999">
<pin_list>
<pin id="1000" dir="0" index="0" bw="16" slack="14"/>
<pin id="1001" dir="1" index="1" bw="16" slack="0"/>
</pin_list>
<bind>
<opcode="load(27) " fcode="load"/>
<opset="localC_58_0_load_1/15 localC_58_0_load/20 "/>
</bind>
</comp>

<comp id="1004" class="1004" name="grp_load_fu_1004">
<pin_list>
<pin id="1005" dir="0" index="0" bw="16" slack="14"/>
<pin id="1006" dir="1" index="1" bw="16" slack="0"/>
</pin_list>
<bind>
<opcode="load(27) " fcode="load"/>
<opset="localC_59_0_load_1/15 localC_59_0_load/20 "/>
</bind>
</comp>

<comp id="1009" class="1004" name="grp_load_fu_1009">
<pin_list>
<pin id="1010" dir="0" index="0" bw="16" slack="14"/>
<pin id="1011" dir="1" index="1" bw="16" slack="0"/>
</pin_list>
<bind>
<opcode="load(27) " fcode="load"/>
<opset="localC_60_0_load_1/15 localC_60_0_load/20 "/>
</bind>
</comp>

<comp id="1014" class="1004" name="grp_load_fu_1014">
<pin_list>
<pin id="1015" dir="0" index="0" bw="16" slack="14"/>
<pin id="1016" dir="1" index="1" bw="16" slack="0"/>
</pin_list>
<bind>
<opcode="load(27) " fcode="load"/>
<opset="localC_61_0_load_1/15 localC_61_0_load/20 "/>
</bind>
</comp>

<comp id="1019" class="1004" name="grp_load_fu_1019">
<pin_list>
<pin id="1020" dir="0" index="0" bw="16" slack="14"/>
<pin id="1021" dir="1" index="1" bw="16" slack="0"/>
</pin_list>
<bind>
<opcode="load(27) " fcode="load"/>
<opset="localC_62_0_load_1/15 localC_62_0_load/20 "/>
</bind>
</comp>

<comp id="1024" class="1004" name="grp_load_fu_1024">
<pin_list>
<pin id="1025" dir="0" index="0" bw="16" slack="14"/>
<pin id="1026" dir="1" index="1" bw="16" slack="0"/>
</pin_list>
<bind>
<opcode="load(27) " fcode="load"/>
<opset="localC_63_0_load_1/15 localC_63_0_load/20 "/>
</bind>
</comp>

<comp id="1029" class="1005" name="reg_1029">
<pin_list>
<pin id="1030" dir="0" index="0" bw="32" slack="1"/>
<pin id="1031" dir="1" index="1" bw="32" slack="1"/>
</pin_list>
<bind>
<opset="mul_ln145 mul_ln185 "/>
</bind>
</comp>

<comp id="1033" class="1005" name="reg_1033">
<pin_list>
<pin id="1034" dir="0" index="0" bw="64" slack="1"/>
<pin id="1035" dir="1" index="1" bw="64" slack="1"/>
</pin_list>
<bind>
<opset="mul_ln107 mul_ln185_1 "/>
</bind>
</comp>

<comp id="1039" class="1005" name="reg_1039">
<pin_list>
<pin id="1040" dir="0" index="0" bw="16" slack="1"/>
<pin id="1041" dir="1" index="1" bw="16" slack="1"/>
</pin_list>
<bind>
<opset="localC_0_load_1 localC_0_load "/>
</bind>
</comp>

<comp id="1045" class="1005" name="reg_1045">
<pin_list>
<pin id="1046" dir="0" index="0" bw="16" slack="1"/>
<pin id="1047" dir="1" index="1" bw="16" slack="1"/>
</pin_list>
<bind>
<opset="localC_1_0_load_1 localC_1_0_load "/>
</bind>
</comp>

<comp id="1051" class="1005" name="reg_1051">
<pin_list>
<pin id="1052" dir="0" index="0" bw="16" slack="1"/>
<pin id="1053" dir="1" index="1" bw="16" slack="1"/>
</pin_list>
<bind>
<opset="localC_2_0_load_1 localC_2_0_load "/>
</bind>
</comp>

<comp id="1057" class="1005" name="reg_1057">
<pin_list>
<pin id="1058" dir="0" index="0" bw="16" slack="1"/>
<pin id="1059" dir="1" index="1" bw="16" slack="1"/>
</pin_list>
<bind>
<opset="localC_3_0_load_1 localC_3_0_load "/>
</bind>
</comp>

<comp id="1063" class="1005" name="reg_1063">
<pin_list>
<pin id="1064" dir="0" index="0" bw="16" slack="1"/>
<pin id="1065" dir="1" index="1" bw="16" slack="1"/>
</pin_list>
<bind>
<opset="localC_4_0_load_1 localC_4_0_load "/>
</bind>
</comp>

<comp id="1069" class="1005" name="reg_1069">
<pin_list>
<pin id="1070" dir="0" index="0" bw="16" slack="1"/>
<pin id="1071" dir="1" index="1" bw="16" slack="1"/>
</pin_list>
<bind>
<opset="localC_5_0_load_1 localC_5_0_load "/>
</bind>
</comp>

<comp id="1075" class="1005" name="reg_1075">
<pin_list>
<pin id="1076" dir="0" index="0" bw="16" slack="1"/>
<pin id="1077" dir="1" index="1" bw="16" slack="1"/>
</pin_list>
<bind>
<opset="localC_6_0_load_1 localC_6_0_load "/>
</bind>
</comp>

<comp id="1081" class="1005" name="reg_1081">
<pin_list>
<pin id="1082" dir="0" index="0" bw="16" slack="1"/>
<pin id="1083" dir="1" index="1" bw="16" slack="1"/>
</pin_list>
<bind>
<opset="localC_7_0_load_1 localC_7_0_load "/>
</bind>
</comp>

<comp id="1087" class="1005" name="reg_1087">
<pin_list>
<pin id="1088" dir="0" index="0" bw="16" slack="1"/>
<pin id="1089" dir="1" index="1" bw="16" slack="1"/>
</pin_list>
<bind>
<opset="localC_8_0_load_1 localC_8_0_load "/>
</bind>
</comp>

<comp id="1093" class="1005" name="reg_1093">
<pin_list>
<pin id="1094" dir="0" index="0" bw="16" slack="1"/>
<pin id="1095" dir="1" index="1" bw="16" slack="1"/>
</pin_list>
<bind>
<opset="localC_9_0_load_1 localC_9_0_load "/>
</bind>
</comp>

<comp id="1099" class="1005" name="reg_1099">
<pin_list>
<pin id="1100" dir="0" index="0" bw="16" slack="1"/>
<pin id="1101" dir="1" index="1" bw="16" slack="1"/>
</pin_list>
<bind>
<opset="localC_10_0_load_1 localC_10_0_load "/>
</bind>
</comp>

<comp id="1105" class="1005" name="reg_1105">
<pin_list>
<pin id="1106" dir="0" index="0" bw="16" slack="1"/>
<pin id="1107" dir="1" index="1" bw="16" slack="1"/>
</pin_list>
<bind>
<opset="localC_11_0_load_1 localC_11_0_load "/>
</bind>
</comp>

<comp id="1111" class="1005" name="reg_1111">
<pin_list>
<pin id="1112" dir="0" index="0" bw="16" slack="1"/>
<pin id="1113" dir="1" index="1" bw="16" slack="1"/>
</pin_list>
<bind>
<opset="localC_12_0_load_1 localC_12_0_load "/>
</bind>
</comp>

<comp id="1117" class="1005" name="reg_1117">
<pin_list>
<pin id="1118" dir="0" index="0" bw="16" slack="1"/>
<pin id="1119" dir="1" index="1" bw="16" slack="1"/>
</pin_list>
<bind>
<opset="localC_13_0_load_1 localC_13_0_load "/>
</bind>
</comp>

<comp id="1123" class="1005" name="reg_1123">
<pin_list>
<pin id="1124" dir="0" index="0" bw="16" slack="1"/>
<pin id="1125" dir="1" index="1" bw="16" slack="1"/>
</pin_list>
<bind>
<opset="localC_14_0_load_1 localC_14_0_load "/>
</bind>
</comp>

<comp id="1129" class="1005" name="reg_1129">
<pin_list>
<pin id="1130" dir="0" index="0" bw="16" slack="1"/>
<pin id="1131" dir="1" index="1" bw="16" slack="1"/>
</pin_list>
<bind>
<opset="localC_15_0_load_1 localC_15_0_load "/>
</bind>
</comp>

<comp id="1135" class="1005" name="reg_1135">
<pin_list>
<pin id="1136" dir="0" index="0" bw="16" slack="1"/>
<pin id="1137" dir="1" index="1" bw="16" slack="1"/>
</pin_list>
<bind>
<opset="localC_16_0_load_1 localC_16_0_load "/>
</bind>
</comp>

<comp id="1141" class="1005" name="reg_1141">
<pin_list>
<pin id="1142" dir="0" index="0" bw="16" slack="1"/>
<pin id="1143" dir="1" index="1" bw="16" slack="1"/>
</pin_list>
<bind>
<opset="localC_17_0_load_1 localC_17_0_load "/>
</bind>
</comp>

<comp id="1147" class="1005" name="reg_1147">
<pin_list>
<pin id="1148" dir="0" index="0" bw="16" slack="1"/>
<pin id="1149" dir="1" index="1" bw="16" slack="1"/>
</pin_list>
<bind>
<opset="localC_18_0_load_1 localC_18_0_load "/>
</bind>
</comp>

<comp id="1153" class="1005" name="reg_1153">
<pin_list>
<pin id="1154" dir="0" index="0" bw="16" slack="1"/>
<pin id="1155" dir="1" index="1" bw="16" slack="1"/>
</pin_list>
<bind>
<opset="localC_19_0_load_1 localC_19_0_load "/>
</bind>
</comp>

<comp id="1159" class="1005" name="reg_1159">
<pin_list>
<pin id="1160" dir="0" index="0" bw="16" slack="1"/>
<pin id="1161" dir="1" index="1" bw="16" slack="1"/>
</pin_list>
<bind>
<opset="localC_20_0_load_1 localC_20_0_load "/>
</bind>
</comp>

<comp id="1165" class="1005" name="reg_1165">
<pin_list>
<pin id="1166" dir="0" index="0" bw="16" slack="1"/>
<pin id="1167" dir="1" index="1" bw="16" slack="1"/>
</pin_list>
<bind>
<opset="localC_21_0_load_1 localC_21_0_load "/>
</bind>
</comp>

<comp id="1171" class="1005" name="reg_1171">
<pin_list>
<pin id="1172" dir="0" index="0" bw="16" slack="1"/>
<pin id="1173" dir="1" index="1" bw="16" slack="1"/>
</pin_list>
<bind>
<opset="localC_22_0_load_1 localC_22_0_load "/>
</bind>
</comp>

<comp id="1177" class="1005" name="reg_1177">
<pin_list>
<pin id="1178" dir="0" index="0" bw="16" slack="1"/>
<pin id="1179" dir="1" index="1" bw="16" slack="1"/>
</pin_list>
<bind>
<opset="localC_23_0_load_1 localC_23_0_load "/>
</bind>
</comp>

<comp id="1183" class="1005" name="reg_1183">
<pin_list>
<pin id="1184" dir="0" index="0" bw="16" slack="1"/>
<pin id="1185" dir="1" index="1" bw="16" slack="1"/>
</pin_list>
<bind>
<opset="localC_24_0_load_1 localC_24_0_load "/>
</bind>
</comp>

<comp id="1189" class="1005" name="reg_1189">
<pin_list>
<pin id="1190" dir="0" index="0" bw="16" slack="1"/>
<pin id="1191" dir="1" index="1" bw="16" slack="1"/>
</pin_list>
<bind>
<opset="localC_25_0_load_1 localC_25_0_load "/>
</bind>
</comp>

<comp id="1195" class="1005" name="reg_1195">
<pin_list>
<pin id="1196" dir="0" index="0" bw="16" slack="1"/>
<pin id="1197" dir="1" index="1" bw="16" slack="1"/>
</pin_list>
<bind>
<opset="localC_26_0_load_1 localC_26_0_load "/>
</bind>
</comp>

<comp id="1201" class="1005" name="reg_1201">
<pin_list>
<pin id="1202" dir="0" index="0" bw="16" slack="1"/>
<pin id="1203" dir="1" index="1" bw="16" slack="1"/>
</pin_list>
<bind>
<opset="localC_27_0_load_1 localC_27_0_load "/>
</bind>
</comp>

<comp id="1207" class="1005" name="reg_1207">
<pin_list>
<pin id="1208" dir="0" index="0" bw="16" slack="1"/>
<pin id="1209" dir="1" index="1" bw="16" slack="1"/>
</pin_list>
<bind>
<opset="localC_28_0_load_1 localC_28_0_load "/>
</bind>
</comp>

<comp id="1213" class="1005" name="reg_1213">
<pin_list>
<pin id="1214" dir="0" index="0" bw="16" slack="1"/>
<pin id="1215" dir="1" index="1" bw="16" slack="1"/>
</pin_list>
<bind>
<opset="localC_29_0_load_1 localC_29_0_load "/>
</bind>
</comp>

<comp id="1219" class="1005" name="reg_1219">
<pin_list>
<pin id="1220" dir="0" index="0" bw="16" slack="1"/>
<pin id="1221" dir="1" index="1" bw="16" slack="1"/>
</pin_list>
<bind>
<opset="localC_30_0_load_1 localC_30_0_load "/>
</bind>
</comp>

<comp id="1225" class="1005" name="reg_1225">
<pin_list>
<pin id="1226" dir="0" index="0" bw="16" slack="1"/>
<pin id="1227" dir="1" index="1" bw="16" slack="1"/>
</pin_list>
<bind>
<opset="localC_31_0_load_1 localC_31_0_load "/>
</bind>
</comp>

<comp id="1231" class="1005" name="reg_1231">
<pin_list>
<pin id="1232" dir="0" index="0" bw="16" slack="1"/>
<pin id="1233" dir="1" index="1" bw="16" slack="1"/>
</pin_list>
<bind>
<opset="localC_32_0_load_1 localC_32_0_load "/>
</bind>
</comp>

<comp id="1237" class="1005" name="reg_1237">
<pin_list>
<pin id="1238" dir="0" index="0" bw="16" slack="1"/>
<pin id="1239" dir="1" index="1" bw="16" slack="1"/>
</pin_list>
<bind>
<opset="localC_33_0_load_1 localC_33_0_load "/>
</bind>
</comp>

<comp id="1243" class="1005" name="reg_1243">
<pin_list>
<pin id="1244" dir="0" index="0" bw="16" slack="1"/>
<pin id="1245" dir="1" index="1" bw="16" slack="1"/>
</pin_list>
<bind>
<opset="localC_34_0_load_1 localC_34_0_load "/>
</bind>
</comp>

<comp id="1249" class="1005" name="reg_1249">
<pin_list>
<pin id="1250" dir="0" index="0" bw="16" slack="1"/>
<pin id="1251" dir="1" index="1" bw="16" slack="1"/>
</pin_list>
<bind>
<opset="localC_35_0_load_1 localC_35_0_load "/>
</bind>
</comp>

<comp id="1255" class="1005" name="reg_1255">
<pin_list>
<pin id="1256" dir="0" index="0" bw="16" slack="1"/>
<pin id="1257" dir="1" index="1" bw="16" slack="1"/>
</pin_list>
<bind>
<opset="localC_36_0_load_1 localC_36_0_load "/>
</bind>
</comp>

<comp id="1261" class="1005" name="reg_1261">
<pin_list>
<pin id="1262" dir="0" index="0" bw="16" slack="1"/>
<pin id="1263" dir="1" index="1" bw="16" slack="1"/>
</pin_list>
<bind>
<opset="localC_37_0_load_1 localC_37_0_load "/>
</bind>
</comp>

<comp id="1267" class="1005" name="reg_1267">
<pin_list>
<pin id="1268" dir="0" index="0" bw="16" slack="1"/>
<pin id="1269" dir="1" index="1" bw="16" slack="1"/>
</pin_list>
<bind>
<opset="localC_38_0_load_1 localC_38_0_load "/>
</bind>
</comp>

<comp id="1273" class="1005" name="reg_1273">
<pin_list>
<pin id="1274" dir="0" index="0" bw="16" slack="1"/>
<pin id="1275" dir="1" index="1" bw="16" slack="1"/>
</pin_list>
<bind>
<opset="localC_39_0_load_1 localC_39_0_load "/>
</bind>
</comp>

<comp id="1279" class="1005" name="reg_1279">
<pin_list>
<pin id="1280" dir="0" index="0" bw="16" slack="1"/>
<pin id="1281" dir="1" index="1" bw="16" slack="1"/>
</pin_list>
<bind>
<opset="localC_40_0_load_1 localC_40_0_load "/>
</bind>
</comp>

<comp id="1285" class="1005" name="reg_1285">
<pin_list>
<pin id="1286" dir="0" index="0" bw="16" slack="1"/>
<pin id="1287" dir="1" index="1" bw="16" slack="1"/>
</pin_list>
<bind>
<opset="localC_41_0_load_1 localC_41_0_load "/>
</bind>
</comp>

<comp id="1291" class="1005" name="reg_1291">
<pin_list>
<pin id="1292" dir="0" index="0" bw="16" slack="1"/>
<pin id="1293" dir="1" index="1" bw="16" slack="1"/>
</pin_list>
<bind>
<opset="localC_42_0_load_1 localC_42_0_load "/>
</bind>
</comp>

<comp id="1297" class="1005" name="reg_1297">
<pin_list>
<pin id="1298" dir="0" index="0" bw="16" slack="1"/>
<pin id="1299" dir="1" index="1" bw="16" slack="1"/>
</pin_list>
<bind>
<opset="localC_43_0_load_1 localC_43_0_load "/>
</bind>
</comp>

<comp id="1303" class="1005" name="reg_1303">
<pin_list>
<pin id="1304" dir="0" index="0" bw="16" slack="1"/>
<pin id="1305" dir="1" index="1" bw="16" slack="1"/>
</pin_list>
<bind>
<opset="localC_44_0_load_1 localC_44_0_load "/>
</bind>
</comp>

<comp id="1309" class="1005" name="reg_1309">
<pin_list>
<pin id="1310" dir="0" index="0" bw="16" slack="1"/>
<pin id="1311" dir="1" index="1" bw="16" slack="1"/>
</pin_list>
<bind>
<opset="localC_45_0_load_1 localC_45_0_load "/>
</bind>
</comp>

<comp id="1315" class="1005" name="reg_1315">
<pin_list>
<pin id="1316" dir="0" index="0" bw="16" slack="1"/>
<pin id="1317" dir="1" index="1" bw="16" slack="1"/>
</pin_list>
<bind>
<opset="localC_46_0_load_1 localC_46_0_load "/>
</bind>
</comp>

<comp id="1321" class="1005" name="reg_1321">
<pin_list>
<pin id="1322" dir="0" index="0" bw="16" slack="1"/>
<pin id="1323" dir="1" index="1" bw="16" slack="1"/>
</pin_list>
<bind>
<opset="localC_47_0_load_1 localC_47_0_load "/>
</bind>
</comp>

<comp id="1327" class="1005" name="reg_1327">
<pin_list>
<pin id="1328" dir="0" index="0" bw="16" slack="1"/>
<pin id="1329" dir="1" index="1" bw="16" slack="1"/>
</pin_list>
<bind>
<opset="localC_48_0_load_1 localC_48_0_load "/>
</bind>
</comp>

<comp id="1333" class="1005" name="reg_1333">
<pin_list>
<pin id="1334" dir="0" index="0" bw="16" slack="1"/>
<pin id="1335" dir="1" index="1" bw="16" slack="1"/>
</pin_list>
<bind>
<opset="localC_49_0_load_1 localC_49_0_load "/>
</bind>
</comp>

<comp id="1339" class="1005" name="reg_1339">
<pin_list>
<pin id="1340" dir="0" index="0" bw="16" slack="1"/>
<pin id="1341" dir="1" index="1" bw="16" slack="1"/>
</pin_list>
<bind>
<opset="localC_50_0_load_1 localC_50_0_load "/>
</bind>
</comp>

<comp id="1345" class="1005" name="reg_1345">
<pin_list>
<pin id="1346" dir="0" index="0" bw="16" slack="1"/>
<pin id="1347" dir="1" index="1" bw="16" slack="1"/>
</pin_list>
<bind>
<opset="localC_51_0_load_1 localC_51_0_load "/>
</bind>
</comp>

<comp id="1351" class="1005" name="reg_1351">
<pin_list>
<pin id="1352" dir="0" index="0" bw="16" slack="1"/>
<pin id="1353" dir="1" index="1" bw="16" slack="1"/>
</pin_list>
<bind>
<opset="localC_52_0_load_1 localC_52_0_load "/>
</bind>
</comp>

<comp id="1357" class="1005" name="reg_1357">
<pin_list>
<pin id="1358" dir="0" index="0" bw="16" slack="1"/>
<pin id="1359" dir="1" index="1" bw="16" slack="1"/>
</pin_list>
<bind>
<opset="localC_53_0_load_1 localC_53_0_load "/>
</bind>
</comp>

<comp id="1363" class="1005" name="reg_1363">
<pin_list>
<pin id="1364" dir="0" index="0" bw="16" slack="1"/>
<pin id="1365" dir="1" index="1" bw="16" slack="1"/>
</pin_list>
<bind>
<opset="localC_54_0_load_1 localC_54_0_load "/>
</bind>
</comp>

<comp id="1369" class="1005" name="reg_1369">
<pin_list>
<pin id="1370" dir="0" index="0" bw="16" slack="1"/>
<pin id="1371" dir="1" index="1" bw="16" slack="1"/>
</pin_list>
<bind>
<opset="localC_55_0_load_1 localC_55_0_load "/>
</bind>
</comp>

<comp id="1375" class="1005" name="reg_1375">
<pin_list>
<pin id="1376" dir="0" index="0" bw="16" slack="1"/>
<pin id="1377" dir="1" index="1" bw="16" slack="1"/>
</pin_list>
<bind>
<opset="localC_56_0_load_1 localC_56_0_load "/>
</bind>
</comp>

<comp id="1381" class="1005" name="reg_1381">
<pin_list>
<pin id="1382" dir="0" index="0" bw="16" slack="1"/>
<pin id="1383" dir="1" index="1" bw="16" slack="1"/>
</pin_list>
<bind>
<opset="localC_57_0_load_1 localC_57_0_load "/>
</bind>
</comp>

<comp id="1387" class="1005" name="reg_1387">
<pin_list>
<pin id="1388" dir="0" index="0" bw="16" slack="1"/>
<pin id="1389" dir="1" index="1" bw="16" slack="1"/>
</pin_list>
<bind>
<opset="localC_58_0_load_1 localC_58_0_load "/>
</bind>
</comp>

<comp id="1393" class="1005" name="reg_1393">
<pin_list>
<pin id="1394" dir="0" index="0" bw="16" slack="1"/>
<pin id="1395" dir="1" index="1" bw="16" slack="1"/>
</pin_list>
<bind>
<opset="localC_59_0_load_1 localC_59_0_load "/>
</bind>
</comp>

<comp id="1399" class="1005" name="reg_1399">
<pin_list>
<pin id="1400" dir="0" index="0" bw="16" slack="1"/>
<pin id="1401" dir="1" index="1" bw="16" slack="1"/>
</pin_list>
<bind>
<opset="localC_60_0_load_1 localC_60_0_load "/>
</bind>
</comp>

<comp id="1405" class="1005" name="reg_1405">
<pin_list>
<pin id="1406" dir="0" index="0" bw="16" slack="1"/>
<pin id="1407" dir="1" index="1" bw="16" slack="1"/>
</pin_list>
<bind>
<opset="localC_61_0_load_1 localC_61_0_load "/>
</bind>
</comp>

<comp id="1411" class="1005" name="reg_1411">
<pin_list>
<pin id="1412" dir="0" index="0" bw="16" slack="1"/>
<pin id="1413" dir="1" index="1" bw="16" slack="1"/>
</pin_list>
<bind>
<opset="localC_62_0_load_1 localC_62_0_load "/>
</bind>
</comp>

<comp id="1417" class="1005" name="reg_1417">
<pin_list>
<pin id="1418" dir="0" index="0" bw="16" slack="1"/>
<pin id="1419" dir="1" index="1" bw="16" slack="1"/>
</pin_list>
<bind>
<opset="localC_63_0_load_1 localC_63_0_load "/>
</bind>
</comp>

<comp id="1423" class="1004" name="icmp_ln145_fu_1423">
<pin_list>
<pin id="1424" dir="0" index="0" bw="32" slack="0"/>
<pin id="1425" dir="0" index="1" bw="32" slack="0"/>
<pin id="1426" dir="1" index="2" bw="1" slack="1"/>
</pin_list>
<bind>
<opcode="icmp(45) " fcode="icmp"/>
<opset="icmp_ln145/1 "/>
</bind>
</comp>

<comp id="1429" class="1004" name="icmp_ln156_fu_1429">
<pin_list>
<pin id="1430" dir="0" index="0" bw="32" slack="0"/>
<pin id="1431" dir="0" index="1" bw="32" slack="0"/>
<pin id="1432" dir="1" index="2" bw="1" slack="1"/>
</pin_list>
<bind>
<opcode="icmp(45) " fcode="icmp"/>
<opset="icmp_ln156/1 "/>
</bind>
</comp>

<comp id="1435" class="1004" name="cmp199_fu_1435">
<pin_list>
<pin id="1436" dir="0" index="0" bw="32" slack="0"/>
<pin id="1437" dir="0" index="1" bw="32" slack="0"/>
<pin id="1438" dir="1" index="2" bw="1" slack="1"/>
</pin_list>
<bind>
<opcode="icmp(45) " fcode="icmp"/>
<opset="cmp199/1 "/>
</bind>
</comp>

<comp id="1441" class="1004" name="store_ln0_store_fu_1441">
<pin_list>
<pin id="1442" dir="0" index="0" bw="1" slack="0"/>
<pin id="1443" dir="0" index="1" bw="16" slack="0"/>
<pin id="1444" dir="1" index="2" bw="0" slack="2147483647"/>
</pin_list>
<bind>
<opcode="store(28) " fcode="store"/>
<opset="store_ln0/1 "/>
</bind>
</comp>

<comp id="1446" class="1004" name="store_ln0_store_fu_1446">
<pin_list>
<pin id="1447" dir="0" index="0" bw="1" slack="0"/>
<pin id="1448" dir="0" index="1" bw="16" slack="0"/>
<pin id="1449" dir="1" index="2" bw="0" slack="2147483647"/>
</pin_list>
<bind>
<opcode="store(28) " fcode="store"/>
<opset="store_ln0/1 "/>
</bind>
</comp>

<comp id="1451" class="1004" name="store_ln0_store_fu_1451">
<pin_list>
<pin id="1452" dir="0" index="0" bw="1" slack="0"/>
<pin id="1453" dir="0" index="1" bw="16" slack="0"/>
<pin id="1454" dir="1" index="2" bw="0" slack="2147483647"/>
</pin_list>
<bind>
<opcode="store(28) " fcode="store"/>
<opset="store_ln0/1 "/>
</bind>
</comp>

<comp id="1456" class="1004" name="store_ln0_store_fu_1456">
<pin_list>
<pin id="1457" dir="0" index="0" bw="1" slack="0"/>
<pin id="1458" dir="0" index="1" bw="16" slack="0"/>
<pin id="1459" dir="1" index="2" bw="0" slack="2147483647"/>
</pin_list>
<bind>
<opcode="store(28) " fcode="store"/>
<opset="store_ln0/1 "/>
</bind>
</comp>

<comp id="1461" class="1004" name="store_ln0_store_fu_1461">
<pin_list>
<pin id="1462" dir="0" index="0" bw="1" slack="0"/>
<pin id="1463" dir="0" index="1" bw="16" slack="0"/>
<pin id="1464" dir="1" index="2" bw="0" slack="2147483647"/>
</pin_list>
<bind>
<opcode="store(28) " fcode="store"/>
<opset="store_ln0/1 "/>
</bind>
</comp>

<comp id="1466" class="1004" name="store_ln0_store_fu_1466">
<pin_list>
<pin id="1467" dir="0" index="0" bw="1" slack="0"/>
<pin id="1468" dir="0" index="1" bw="16" slack="0"/>
<pin id="1469" dir="1" index="2" bw="0" slack="2147483647"/>
</pin_list>
<bind>
<opcode="store(28) " fcode="store"/>
<opset="store_ln0/1 "/>
</bind>
</comp>

<comp id="1471" class="1004" name="store_ln0_store_fu_1471">
<pin_list>
<pin id="1472" dir="0" index="0" bw="1" slack="0"/>
<pin id="1473" dir="0" index="1" bw="16" slack="0"/>
<pin id="1474" dir="1" index="2" bw="0" slack="2147483647"/>
</pin_list>
<bind>
<opcode="store(28) " fcode="store"/>
<opset="store_ln0/1 "/>
</bind>
</comp>

<comp id="1476" class="1004" name="store_ln0_store_fu_1476">
<pin_list>
<pin id="1477" dir="0" index="0" bw="1" slack="0"/>
<pin id="1478" dir="0" index="1" bw="16" slack="0"/>
<pin id="1479" dir="1" index="2" bw="0" slack="2147483647"/>
</pin_list>
<bind>
<opcode="store(28) " fcode="store"/>
<opset="store_ln0/1 "/>
</bind>
</comp>

<comp id="1481" class="1004" name="store_ln0_store_fu_1481">
<pin_list>
<pin id="1482" dir="0" index="0" bw="1" slack="0"/>
<pin id="1483" dir="0" index="1" bw="16" slack="0"/>
<pin id="1484" dir="1" index="2" bw="0" slack="2147483647"/>
</pin_list>
<bind>
<opcode="store(28) " fcode="store"/>
<opset="store_ln0/1 "/>
</bind>
</comp>

<comp id="1486" class="1004" name="store_ln0_store_fu_1486">
<pin_list>
<pin id="1487" dir="0" index="0" bw="1" slack="0"/>
<pin id="1488" dir="0" index="1" bw="16" slack="0"/>
<pin id="1489" dir="1" index="2" bw="0" slack="2147483647"/>
</pin_list>
<bind>
<opcode="store(28) " fcode="store"/>
<opset="store_ln0/1 "/>
</bind>
</comp>

<comp id="1491" class="1004" name="store_ln0_store_fu_1491">
<pin_list>
<pin id="1492" dir="0" index="0" bw="1" slack="0"/>
<pin id="1493" dir="0" index="1" bw="16" slack="0"/>
<pin id="1494" dir="1" index="2" bw="0" slack="2147483647"/>
</pin_list>
<bind>
<opcode="store(28) " fcode="store"/>
<opset="store_ln0/1 "/>
</bind>
</comp>

<comp id="1496" class="1004" name="store_ln0_store_fu_1496">
<pin_list>
<pin id="1497" dir="0" index="0" bw="1" slack="0"/>
<pin id="1498" dir="0" index="1" bw="16" slack="0"/>
<pin id="1499" dir="1" index="2" bw="0" slack="2147483647"/>
</pin_list>
<bind>
<opcode="store(28) " fcode="store"/>
<opset="store_ln0/1 "/>
</bind>
</comp>

<comp id="1501" class="1004" name="store_ln0_store_fu_1501">
<pin_list>
<pin id="1502" dir="0" index="0" bw="1" slack="0"/>
<pin id="1503" dir="0" index="1" bw="16" slack="0"/>
<pin id="1504" dir="1" index="2" bw="0" slack="2147483647"/>
</pin_list>
<bind>
<opcode="store(28) " fcode="store"/>
<opset="store_ln0/1 "/>
</bind>
</comp>

<comp id="1506" class="1004" name="store_ln0_store_fu_1506">
<pin_list>
<pin id="1507" dir="0" index="0" bw="1" slack="0"/>
<pin id="1508" dir="0" index="1" bw="16" slack="0"/>
<pin id="1509" dir="1" index="2" bw="0" slack="2147483647"/>
</pin_list>
<bind>
<opcode="store(28) " fcode="store"/>
<opset="store_ln0/1 "/>
</bind>
</comp>

<comp id="1511" class="1004" name="store_ln0_store_fu_1511">
<pin_list>
<pin id="1512" dir="0" index="0" bw="1" slack="0"/>
<pin id="1513" dir="0" index="1" bw="16" slack="0"/>
<pin id="1514" dir="1" index="2" bw="0" slack="2147483647"/>
</pin_list>
<bind>
<opcode="store(28) " fcode="store"/>
<opset="store_ln0/1 "/>
</bind>
</comp>

<comp id="1516" class="1004" name="store_ln0_store_fu_1516">
<pin_list>
<pin id="1517" dir="0" index="0" bw="1" slack="0"/>
<pin id="1518" dir="0" index="1" bw="16" slack="0"/>
<pin id="1519" dir="1" index="2" bw="0" slack="2147483647"/>
</pin_list>
<bind>
<opcode="store(28) " fcode="store"/>
<opset="store_ln0/1 "/>
</bind>
</comp>

<comp id="1521" class="1004" name="store_ln0_store_fu_1521">
<pin_list>
<pin id="1522" dir="0" index="0" bw="1" slack="0"/>
<pin id="1523" dir="0" index="1" bw="16" slack="0"/>
<pin id="1524" dir="1" index="2" bw="0" slack="2147483647"/>
</pin_list>
<bind>
<opcode="store(28) " fcode="store"/>
<opset="store_ln0/1 "/>
</bind>
</comp>

<comp id="1526" class="1004" name="store_ln0_store_fu_1526">
<pin_list>
<pin id="1527" dir="0" index="0" bw="1" slack="0"/>
<pin id="1528" dir="0" index="1" bw="16" slack="0"/>
<pin id="1529" dir="1" index="2" bw="0" slack="2147483647"/>
</pin_list>
<bind>
<opcode="store(28) " fcode="store"/>
<opset="store_ln0/1 "/>
</bind>
</comp>

<comp id="1531" class="1004" name="store_ln0_store_fu_1531">
<pin_list>
<pin id="1532" dir="0" index="0" bw="1" slack="0"/>
<pin id="1533" dir="0" index="1" bw="16" slack="0"/>
<pin id="1534" dir="1" index="2" bw="0" slack="2147483647"/>
</pin_list>
<bind>
<opcode="store(28) " fcode="store"/>
<opset="store_ln0/1 "/>
</bind>
</comp>

<comp id="1536" class="1004" name="store_ln0_store_fu_1536">
<pin_list>
<pin id="1537" dir="0" index="0" bw="1" slack="0"/>
<pin id="1538" dir="0" index="1" bw="16" slack="0"/>
<pin id="1539" dir="1" index="2" bw="0" slack="2147483647"/>
</pin_list>
<bind>
<opcode="store(28) " fcode="store"/>
<opset="store_ln0/1 "/>
</bind>
</comp>

<comp id="1541" class="1004" name="store_ln0_store_fu_1541">
<pin_list>
<pin id="1542" dir="0" index="0" bw="1" slack="0"/>
<pin id="1543" dir="0" index="1" bw="16" slack="0"/>
<pin id="1544" dir="1" index="2" bw="0" slack="2147483647"/>
</pin_list>
<bind>
<opcode="store(28) " fcode="store"/>
<opset="store_ln0/1 "/>
</bind>
</comp>

<comp id="1546" class="1004" name="store_ln0_store_fu_1546">
<pin_list>
<pin id="1547" dir="0" index="0" bw="1" slack="0"/>
<pin id="1548" dir="0" index="1" bw="16" slack="0"/>
<pin id="1549" dir="1" index="2" bw="0" slack="2147483647"/>
</pin_list>
<bind>
<opcode="store(28) " fcode="store"/>
<opset="store_ln0/1 "/>
</bind>
</comp>

<comp id="1551" class="1004" name="store_ln0_store_fu_1551">
<pin_list>
<pin id="1552" dir="0" index="0" bw="1" slack="0"/>
<pin id="1553" dir="0" index="1" bw="16" slack="0"/>
<pin id="1554" dir="1" index="2" bw="0" slack="2147483647"/>
</pin_list>
<bind>
<opcode="store(28) " fcode="store"/>
<opset="store_ln0/1 "/>
</bind>
</comp>

<comp id="1556" class="1004" name="store_ln0_store_fu_1556">
<pin_list>
<pin id="1557" dir="0" index="0" bw="1" slack="0"/>
<pin id="1558" dir="0" index="1" bw="16" slack="0"/>
<pin id="1559" dir="1" index="2" bw="0" slack="2147483647"/>
</pin_list>
<bind>
<opcode="store(28) " fcode="store"/>
<opset="store_ln0/1 "/>
</bind>
</comp>

<comp id="1561" class="1004" name="store_ln0_store_fu_1561">
<pin_list>
<pin id="1562" dir="0" index="0" bw="1" slack="0"/>
<pin id="1563" dir="0" index="1" bw="16" slack="0"/>
<pin id="1564" dir="1" index="2" bw="0" slack="2147483647"/>
</pin_list>
<bind>
<opcode="store(28) " fcode="store"/>
<opset="store_ln0/1 "/>
</bind>
</comp>

<comp id="1566" class="1004" name="store_ln0_store_fu_1566">
<pin_list>
<pin id="1567" dir="0" index="0" bw="1" slack="0"/>
<pin id="1568" dir="0" index="1" bw="16" slack="0"/>
<pin id="1569" dir="1" index="2" bw="0" slack="2147483647"/>
</pin_list>
<bind>
<opcode="store(28) " fcode="store"/>
<opset="store_ln0/1 "/>
</bind>
</comp>

<comp id="1571" class="1004" name="store_ln0_store_fu_1571">
<pin_list>
<pin id="1572" dir="0" index="0" bw="1" slack="0"/>
<pin id="1573" dir="0" index="1" bw="16" slack="0"/>
<pin id="1574" dir="1" index="2" bw="0" slack="2147483647"/>
</pin_list>
<bind>
<opcode="store(28) " fcode="store"/>
<opset="store_ln0/1 "/>
</bind>
</comp>

<comp id="1576" class="1004" name="store_ln0_store_fu_1576">
<pin_list>
<pin id="1577" dir="0" index="0" bw="1" slack="0"/>
<pin id="1578" dir="0" index="1" bw="16" slack="0"/>
<pin id="1579" dir="1" index="2" bw="0" slack="2147483647"/>
</pin_list>
<bind>
<opcode="store(28) " fcode="store"/>
<opset="store_ln0/1 "/>
</bind>
</comp>

<comp id="1581" class="1004" name="store_ln0_store_fu_1581">
<pin_list>
<pin id="1582" dir="0" index="0" bw="1" slack="0"/>
<pin id="1583" dir="0" index="1" bw="16" slack="0"/>
<pin id="1584" dir="1" index="2" bw="0" slack="2147483647"/>
</pin_list>
<bind>
<opcode="store(28) " fcode="store"/>
<opset="store_ln0/1 "/>
</bind>
</comp>

<comp id="1586" class="1004" name="store_ln0_store_fu_1586">
<pin_list>
<pin id="1587" dir="0" index="0" bw="1" slack="0"/>
<pin id="1588" dir="0" index="1" bw="16" slack="0"/>
<pin id="1589" dir="1" index="2" bw="0" slack="2147483647"/>
</pin_list>
<bind>
<opcode="store(28) " fcode="store"/>
<opset="store_ln0/1 "/>
</bind>
</comp>

<comp id="1591" class="1004" name="store_ln0_store_fu_1591">
<pin_list>
<pin id="1592" dir="0" index="0" bw="1" slack="0"/>
<pin id="1593" dir="0" index="1" bw="16" slack="0"/>
<pin id="1594" dir="1" index="2" bw="0" slack="2147483647"/>
</pin_list>
<bind>
<opcode="store(28) " fcode="store"/>
<opset="store_ln0/1 "/>
</bind>
</comp>

<comp id="1596" class="1004" name="store_ln0_store_fu_1596">
<pin_list>
<pin id="1597" dir="0" index="0" bw="1" slack="0"/>
<pin id="1598" dir="0" index="1" bw="16" slack="0"/>
<pin id="1599" dir="1" index="2" bw="0" slack="2147483647"/>
</pin_list>
<bind>
<opcode="store(28) " fcode="store"/>
<opset="store_ln0/1 "/>
</bind>
</comp>

<comp id="1601" class="1004" name="store_ln0_store_fu_1601">
<pin_list>
<pin id="1602" dir="0" index="0" bw="1" slack="0"/>
<pin id="1603" dir="0" index="1" bw="16" slack="0"/>
<pin id="1604" dir="1" index="2" bw="0" slack="2147483647"/>
</pin_list>
<bind>
<opcode="store(28) " fcode="store"/>
<opset="store_ln0/1 "/>
</bind>
</comp>

<comp id="1606" class="1004" name="store_ln0_store_fu_1606">
<pin_list>
<pin id="1607" dir="0" index="0" bw="1" slack="0"/>
<pin id="1608" dir="0" index="1" bw="16" slack="0"/>
<pin id="1609" dir="1" index="2" bw="0" slack="2147483647"/>
</pin_list>
<bind>
<opcode="store(28) " fcode="store"/>
<opset="store_ln0/1 "/>
</bind>
</comp>

<comp id="1611" class="1004" name="store_ln0_store_fu_1611">
<pin_list>
<pin id="1612" dir="0" index="0" bw="1" slack="0"/>
<pin id="1613" dir="0" index="1" bw="16" slack="0"/>
<pin id="1614" dir="1" index="2" bw="0" slack="2147483647"/>
</pin_list>
<bind>
<opcode="store(28) " fcode="store"/>
<opset="store_ln0/1 "/>
</bind>
</comp>

<comp id="1616" class="1004" name="store_ln0_store_fu_1616">
<pin_list>
<pin id="1617" dir="0" index="0" bw="1" slack="0"/>
<pin id="1618" dir="0" index="1" bw="16" slack="0"/>
<pin id="1619" dir="1" index="2" bw="0" slack="2147483647"/>
</pin_list>
<bind>
<opcode="store(28) " fcode="store"/>
<opset="store_ln0/1 "/>
</bind>
</comp>

<comp id="1621" class="1004" name="store_ln0_store_fu_1621">
<pin_list>
<pin id="1622" dir="0" index="0" bw="1" slack="0"/>
<pin id="1623" dir="0" index="1" bw="16" slack="0"/>
<pin id="1624" dir="1" index="2" bw="0" slack="2147483647"/>
</pin_list>
<bind>
<opcode="store(28) " fcode="store"/>
<opset="store_ln0/1 "/>
</bind>
</comp>

<comp id="1626" class="1004" name="store_ln0_store_fu_1626">
<pin_list>
<pin id="1627" dir="0" index="0" bw="1" slack="0"/>
<pin id="1628" dir="0" index="1" bw="16" slack="0"/>
<pin id="1629" dir="1" index="2" bw="0" slack="2147483647"/>
</pin_list>
<bind>
<opcode="store(28) " fcode="store"/>
<opset="store_ln0/1 "/>
</bind>
</comp>

<comp id="1631" class="1004" name="store_ln0_store_fu_1631">
<pin_list>
<pin id="1632" dir="0" index="0" bw="1" slack="0"/>
<pin id="1633" dir="0" index="1" bw="16" slack="0"/>
<pin id="1634" dir="1" index="2" bw="0" slack="2147483647"/>
</pin_list>
<bind>
<opcode="store(28) " fcode="store"/>
<opset="store_ln0/1 "/>
</bind>
</comp>

<comp id="1636" class="1004" name="store_ln0_store_fu_1636">
<pin_list>
<pin id="1637" dir="0" index="0" bw="1" slack="0"/>
<pin id="1638" dir="0" index="1" bw="16" slack="0"/>
<pin id="1639" dir="1" index="2" bw="0" slack="2147483647"/>
</pin_list>
<bind>
<opcode="store(28) " fcode="store"/>
<opset="store_ln0/1 "/>
</bind>
</comp>

<comp id="1641" class="1004" name="store_ln0_store_fu_1641">
<pin_list>
<pin id="1642" dir="0" index="0" bw="1" slack="0"/>
<pin id="1643" dir="0" index="1" bw="16" slack="0"/>
<pin id="1644" dir="1" index="2" bw="0" slack="2147483647"/>
</pin_list>
<bind>
<opcode="store(28) " fcode="store"/>
<opset="store_ln0/1 "/>
</bind>
</comp>

<comp id="1646" class="1004" name="store_ln0_store_fu_1646">
<pin_list>
<pin id="1647" dir="0" index="0" bw="1" slack="0"/>
<pin id="1648" dir="0" index="1" bw="16" slack="0"/>
<pin id="1649" dir="1" index="2" bw="0" slack="2147483647"/>
</pin_list>
<bind>
<opcode="store(28) " fcode="store"/>
<opset="store_ln0/1 "/>
</bind>
</comp>

<comp id="1651" class="1004" name="store_ln0_store_fu_1651">
<pin_list>
<pin id="1652" dir="0" index="0" bw="1" slack="0"/>
<pin id="1653" dir="0" index="1" bw="16" slack="0"/>
<pin id="1654" dir="1" index="2" bw="0" slack="2147483647"/>
</pin_list>
<bind>
<opcode="store(28) " fcode="store"/>
<opset="store_ln0/1 "/>
</bind>
</comp>

<comp id="1656" class="1004" name="store_ln0_store_fu_1656">
<pin_list>
<pin id="1657" dir="0" index="0" bw="1" slack="0"/>
<pin id="1658" dir="0" index="1" bw="16" slack="0"/>
<pin id="1659" dir="1" index="2" bw="0" slack="2147483647"/>
</pin_list>
<bind>
<opcode="store(28) " fcode="store"/>
<opset="store_ln0/1 "/>
</bind>
</comp>

<comp id="1661" class="1004" name="store_ln0_store_fu_1661">
<pin_list>
<pin id="1662" dir="0" index="0" bw="1" slack="0"/>
<pin id="1663" dir="0" index="1" bw="16" slack="0"/>
<pin id="1664" dir="1" index="2" bw="0" slack="2147483647"/>
</pin_list>
<bind>
<opcode="store(28) " fcode="store"/>
<opset="store_ln0/1 "/>
</bind>
</comp>

<comp id="1666" class="1004" name="store_ln0_store_fu_1666">
<pin_list>
<pin id="1667" dir="0" index="0" bw="1" slack="0"/>
<pin id="1668" dir="0" index="1" bw="16" slack="0"/>
<pin id="1669" dir="1" index="2" bw="0" slack="2147483647"/>
</pin_list>
<bind>
<opcode="store(28) " fcode="store"/>
<opset="store_ln0/1 "/>
</bind>
</comp>

<comp id="1671" class="1004" name="store_ln0_store_fu_1671">
<pin_list>
<pin id="1672" dir="0" index="0" bw="1" slack="0"/>
<pin id="1673" dir="0" index="1" bw="16" slack="0"/>
<pin id="1674" dir="1" index="2" bw="0" slack="2147483647"/>
</pin_list>
<bind>
<opcode="store(28) " fcode="store"/>
<opset="store_ln0/1 "/>
</bind>
</comp>

<comp id="1676" class="1004" name="store_ln0_store_fu_1676">
<pin_list>
<pin id="1677" dir="0" index="0" bw="1" slack="0"/>
<pin id="1678" dir="0" index="1" bw="16" slack="0"/>
<pin id="1679" dir="1" index="2" bw="0" slack="2147483647"/>
</pin_list>
<bind>
<opcode="store(28) " fcode="store"/>
<opset="store_ln0/1 "/>
</bind>
</comp>

<comp id="1681" class="1004" name="store_ln0_store_fu_1681">
<pin_list>
<pin id="1682" dir="0" index="0" bw="1" slack="0"/>
<pin id="1683" dir="0" index="1" bw="16" slack="0"/>
<pin id="1684" dir="1" index="2" bw="0" slack="2147483647"/>
</pin_list>
<bind>
<opcode="store(28) " fcode="store"/>
<opset="store_ln0/1 "/>
</bind>
</comp>

<comp id="1686" class="1004" name="store_ln0_store_fu_1686">
<pin_list>
<pin id="1687" dir="0" index="0" bw="1" slack="0"/>
<pin id="1688" dir="0" index="1" bw="16" slack="0"/>
<pin id="1689" dir="1" index="2" bw="0" slack="2147483647"/>
</pin_list>
<bind>
<opcode="store(28) " fcode="store"/>
<opset="store_ln0/1 "/>
</bind>
</comp>

<comp id="1691" class="1004" name="store_ln0_store_fu_1691">
<pin_list>
<pin id="1692" dir="0" index="0" bw="1" slack="0"/>
<pin id="1693" dir="0" index="1" bw="16" slack="0"/>
<pin id="1694" dir="1" index="2" bw="0" slack="2147483647"/>
</pin_list>
<bind>
<opcode="store(28) " fcode="store"/>
<opset="store_ln0/1 "/>
</bind>
</comp>

<comp id="1696" class="1004" name="store_ln0_store_fu_1696">
<pin_list>
<pin id="1697" dir="0" index="0" bw="1" slack="0"/>
<pin id="1698" dir="0" index="1" bw="16" slack="0"/>
<pin id="1699" dir="1" index="2" bw="0" slack="2147483647"/>
</pin_list>
<bind>
<opcode="store(28) " fcode="store"/>
<opset="store_ln0/1 "/>
</bind>
</comp>

<comp id="1701" class="1004" name="store_ln0_store_fu_1701">
<pin_list>
<pin id="1702" dir="0" index="0" bw="1" slack="0"/>
<pin id="1703" dir="0" index="1" bw="16" slack="0"/>
<pin id="1704" dir="1" index="2" bw="0" slack="2147483647"/>
</pin_list>
<bind>
<opcode="store(28) " fcode="store"/>
<opset="store_ln0/1 "/>
</bind>
</comp>

<comp id="1706" class="1004" name="store_ln0_store_fu_1706">
<pin_list>
<pin id="1707" dir="0" index="0" bw="1" slack="0"/>
<pin id="1708" dir="0" index="1" bw="16" slack="0"/>
<pin id="1709" dir="1" index="2" bw="0" slack="2147483647"/>
</pin_list>
<bind>
<opcode="store(28) " fcode="store"/>
<opset="store_ln0/1 "/>
</bind>
</comp>

<comp id="1711" class="1004" name="store_ln0_store_fu_1711">
<pin_list>
<pin id="1712" dir="0" index="0" bw="1" slack="0"/>
<pin id="1713" dir="0" index="1" bw="16" slack="0"/>
<pin id="1714" dir="1" index="2" bw="0" slack="2147483647"/>
</pin_list>
<bind>
<opcode="store(28) " fcode="store"/>
<opset="store_ln0/1 "/>
</bind>
</comp>

<comp id="1716" class="1004" name="store_ln0_store_fu_1716">
<pin_list>
<pin id="1717" dir="0" index="0" bw="1" slack="0"/>
<pin id="1718" dir="0" index="1" bw="16" slack="0"/>
<pin id="1719" dir="1" index="2" bw="0" slack="2147483647"/>
</pin_list>
<bind>
<opcode="store(28) " fcode="store"/>
<opset="store_ln0/1 "/>
</bind>
</comp>

<comp id="1721" class="1004" name="store_ln0_store_fu_1721">
<pin_list>
<pin id="1722" dir="0" index="0" bw="1" slack="0"/>
<pin id="1723" dir="0" index="1" bw="16" slack="0"/>
<pin id="1724" dir="1" index="2" bw="0" slack="2147483647"/>
</pin_list>
<bind>
<opcode="store(28) " fcode="store"/>
<opset="store_ln0/1 "/>
</bind>
</comp>

<comp id="1726" class="1004" name="store_ln0_store_fu_1726">
<pin_list>
<pin id="1727" dir="0" index="0" bw="1" slack="0"/>
<pin id="1728" dir="0" index="1" bw="16" slack="0"/>
<pin id="1729" dir="1" index="2" bw="0" slack="2147483647"/>
</pin_list>
<bind>
<opcode="store(28) " fcode="store"/>
<opset="store_ln0/1 "/>
</bind>
</comp>

<comp id="1731" class="1004" name="store_ln0_store_fu_1731">
<pin_list>
<pin id="1732" dir="0" index="0" bw="1" slack="0"/>
<pin id="1733" dir="0" index="1" bw="16" slack="0"/>
<pin id="1734" dir="1" index="2" bw="0" slack="2147483647"/>
</pin_list>
<bind>
<opcode="store(28) " fcode="store"/>
<opset="store_ln0/1 "/>
</bind>
</comp>

<comp id="1736" class="1004" name="store_ln0_store_fu_1736">
<pin_list>
<pin id="1737" dir="0" index="0" bw="1" slack="0"/>
<pin id="1738" dir="0" index="1" bw="16" slack="0"/>
<pin id="1739" dir="1" index="2" bw="0" slack="2147483647"/>
</pin_list>
<bind>
<opcode="store(28) " fcode="store"/>
<opset="store_ln0/1 "/>
</bind>
</comp>

<comp id="1741" class="1004" name="store_ln0_store_fu_1741">
<pin_list>
<pin id="1742" dir="0" index="0" bw="1" slack="0"/>
<pin id="1743" dir="0" index="1" bw="16" slack="0"/>
<pin id="1744" dir="1" index="2" bw="0" slack="2147483647"/>
</pin_list>
<bind>
<opcode="store(28) " fcode="store"/>
<opset="store_ln0/1 "/>
</bind>
</comp>

<comp id="1746" class="1004" name="store_ln0_store_fu_1746">
<pin_list>
<pin id="1747" dir="0" index="0" bw="1" slack="0"/>
<pin id="1748" dir="0" index="1" bw="16" slack="0"/>
<pin id="1749" dir="1" index="2" bw="0" slack="2147483647"/>
</pin_list>
<bind>
<opcode="store(28) " fcode="store"/>
<opset="store_ln0/1 "/>
</bind>
</comp>

<comp id="1751" class="1004" name="store_ln0_store_fu_1751">
<pin_list>
<pin id="1752" dir="0" index="0" bw="1" slack="0"/>
<pin id="1753" dir="0" index="1" bw="16" slack="0"/>
<pin id="1754" dir="1" index="2" bw="0" slack="2147483647"/>
</pin_list>
<bind>
<opcode="store(28) " fcode="store"/>
<opset="store_ln0/1 "/>
</bind>
</comp>

<comp id="1756" class="1004" name="store_ln0_store_fu_1756">
<pin_list>
<pin id="1757" dir="0" index="0" bw="1" slack="0"/>
<pin id="1758" dir="0" index="1" bw="16" slack="0"/>
<pin id="1759" dir="1" index="2" bw="0" slack="2147483647"/>
</pin_list>
<bind>
<opcode="store(28) " fcode="store"/>
<opset="store_ln0/1 "/>
</bind>
</comp>

<comp id="1761" class="1004" name="store_ln176_store_fu_1761">
<pin_list>
<pin id="1762" dir="0" index="0" bw="1" slack="0"/>
<pin id="1763" dir="0" index="1" bw="3" slack="0"/>
<pin id="1764" dir="1" index="2" bw="0" slack="2147483647"/>
</pin_list>
<bind>
<opcode="store(28) " fcode="store"/>
<opset="store_ln176/1 "/>
</bind>
</comp>

<comp id="1766" class="1004" name="select_ln145_fu_1766">
<pin_list>
<pin id="1767" dir="0" index="0" bw="1" slack="3"/>
<pin id="1768" dir="0" index="1" bw="32" slack="1"/>
<pin id="1769" dir="0" index="2" bw="32" slack="0"/>
<pin id="1770" dir="1" index="3" bw="32" slack="0"/>
</pin_list>
<bind>
<opcode="select(49) " fcode="select"/>
<opset="select_ln145/4 "/>
</bind>
</comp>

<comp id="1773" class="1004" name="empty_fu_1773">
<pin_list>
<pin id="1774" dir="0" index="0" bw="1" slack="3"/>
<pin id="1775" dir="0" index="1" bw="32" slack="0"/>
<pin id="1776" dir="0" index="2" bw="32" slack="0"/>
<pin id="1777" dir="1" index="3" bw="32" slack="1"/>
</pin_list>
<bind>
<opcode="select(49) " fcode="select"/>
<opset="empty/4 "/>
</bind>
</comp>

<comp id="1780" class="1004" name="select_ln156_fu_1780">
<pin_list>
<pin id="1781" dir="0" index="0" bw="1" slack="3"/>
<pin id="1782" dir="0" index="1" bw="32" slack="1"/>
<pin id="1783" dir="0" index="2" bw="32" slack="0"/>
<pin id="1784" dir="1" index="3" bw="32" slack="0"/>
</pin_list>
<bind>
<opcode="select(49) " fcode="select"/>
<opset="select_ln156/4 "/>
</bind>
</comp>

<comp id="1786" class="1004" name="empty_26_fu_1786">
<pin_list>
<pin id="1787" dir="0" index="0" bw="1" slack="3"/>
<pin id="1788" dir="0" index="1" bw="32" slack="0"/>
<pin id="1789" dir="0" index="2" bw="32" slack="0"/>
<pin id="1790" dir="1" index="3" bw="32" slack="1"/>
</pin_list>
<bind>
<opcode="select(49) " fcode="select"/>
<opset="empty_26/4 "/>
</bind>
</comp>

<comp id="1793" class="1004" name="gmem0_addr_fu_1793">
<pin_list>
<pin id="1794" dir="0" index="0" bw="64" slack="0"/>
<pin id="1795" dir="0" index="1" bw="64" slack="4"/>
<pin id="1796" dir="1" index="2" bw="64" slack="0"/>
</pin_list>
<bind>
<opcode="getelementptr(29) " fcode="getelementptr"/>
<opset="gmem0_addr/5 "/>
</bind>
</comp>

<comp id="1799" class="1004" name="gmem1_addr_fu_1799">
<pin_list>
<pin id="1800" dir="0" index="0" bw="64" slack="0"/>
<pin id="1801" dir="0" index="1" bw="64" slack="4"/>
<pin id="1802" dir="1" index="2" bw="64" slack="0"/>
</pin_list>
<bind>
<opcode="getelementptr(29) " fcode="getelementptr"/>
<opset="gmem1_addr/5 "/>
</bind>
</comp>

<comp id="1805" class="1004" name="zext_ln107_fu_1805">
<pin_list>
<pin id="1806" dir="0" index="0" bw="32" slack="11"/>
<pin id="1807" dir="1" index="1" bw="64" slack="0"/>
</pin_list>
<bind>
<opcode="zext(34) " fcode="zext"/>
<opset="zext_ln107/12 "/>
</bind>
</comp>

<comp id="1809" class="1004" name="zext_ln107_1_fu_1809">
<pin_list>
<pin id="1810" dir="0" index="0" bw="32" slack="11"/>
<pin id="1811" dir="1" index="1" bw="64" slack="0"/>
</pin_list>
<bind>
<opcode="zext(34) " fcode="zext"/>
<opset="zext_ln107_1/12 "/>
</bind>
</comp>

<comp id="1814" class="1004" name="zext_ln145_fu_1814">
<pin_list>
<pin id="1815" dir="0" index="0" bw="32" slack="11"/>
<pin id="1816" dir="1" index="1" bw="64" slack="0"/>
</pin_list>
<bind>
<opcode="zext(34) " fcode="zext"/>
<opset="zext_ln145/12 "/>
</bind>
</comp>

<comp id="1818" class="1004" name="q_1_load_fu_1818">
<pin_list>
<pin id="1819" dir="0" index="0" bw="3" slack="14"/>
<pin id="1820" dir="1" index="1" bw="3" slack="0"/>
</pin_list>
<bind>
<opcode="load(27) " fcode="load"/>
<opset="q_1/15 "/>
</bind>
</comp>

<comp id="1821" class="1004" name="icmp_ln176_fu_1821">
<pin_list>
<pin id="1822" dir="0" index="0" bw="3" slack="0"/>
<pin id="1823" dir="0" index="1" bw="3" slack="0"/>
<pin id="1824" dir="1" index="2" bw="1" slack="2147483647"/>
</pin_list>
<bind>
<opcode="icmp(45) " fcode="icmp"/>
<opset="icmp_ln176/15 "/>
</bind>
</comp>

<comp id="1827" class="1004" name="q_2_fu_1827">
<pin_list>
<pin id="1828" dir="0" index="0" bw="3" slack="0"/>
<pin id="1829" dir="0" index="1" bw="1" slack="0"/>
<pin id="1830" dir="1" index="2" bw="3" slack="0"/>
</pin_list>
<bind>
<opcode="add(8) " fcode="add"/>
<opset="q_2/15 "/>
</bind>
</comp>

<comp id="1833" class="1004" name="start_k_fu_1833">
<pin_list>
<pin id="1834" dir="0" index="0" bw="3" slack="0"/>
<pin id="1835" dir="0" index="1" bw="1" slack="0"/>
<pin id="1836" dir="1" index="2" bw="3" slack="0"/>
</pin_list>
<bind>
<opcode="shl(20) " fcode="shl"/>
<opset="start_k/15 "/>
</bind>
</comp>

<comp id="1840" class="1004" name="zext_ln177_fu_1840">
<pin_list>
<pin id="1841" dir="0" index="0" bw="3" slack="0"/>
<pin id="1842" dir="1" index="1" bw="4" slack="0"/>
</pin_list>
<bind>
<opcode="zext(34) " fcode="zext"/>
<opset="zext_ln177/15 "/>
</bind>
</comp>

<comp id="1844" class="1004" name="finish_k_fu_1844">
<pin_list>
<pin id="1845" dir="0" index="0" bw="3" slack="0"/>
<pin id="1846" dir="0" index="1" bw="3" slack="0"/>
<pin id="1847" dir="1" index="2" bw="4" slack="0"/>
</pin_list>
<bind>
<opcode="add(8) " fcode="add"/>
<opset="finish_k/15 "/>
</bind>
</comp>

<comp id="1851" class="1004" name="store_ln176_store_fu_1851">
<pin_list>
<pin id="1852" dir="0" index="0" bw="3" slack="0"/>
<pin id="1853" dir="0" index="1" bw="3" slack="14"/>
<pin id="1854" dir="1" index="2" bw="0" slack="2147483647"/>
</pin_list>
<bind>
<opcode="store(28) " fcode="store"/>
<opset="store_ln176/15 "/>
</bind>
</comp>

<comp id="1856" class="1004" name="trunc_ln185_1_fu_1856">
<pin_list>
<pin id="1857" dir="0" index="0" bw="63" slack="0"/>
<pin id="1858" dir="0" index="1" bw="64" slack="14"/>
<pin id="1859" dir="0" index="2" bw="1" slack="0"/>
<pin id="1860" dir="0" index="3" bw="7" slack="0"/>
<pin id="1861" dir="1" index="4" bw="63" slack="3"/>
</pin_list>
<bind>
<opcode="partselect(1002) " fcode="partselect"/>
<opset="trunc_ln185_1/15 "/>
</bind>
</comp>

<comp id="1865" class="1004" name="localC_fu_1865">
<pin_list>
<pin id="1866" dir="0" index="0" bw="1024" slack="0"/>
<pin id="1867" dir="1" index="1" bw="16" slack="0"/>
</pin_list>
<bind>
<opcode="extractvalue(56) " fcode="extractvalue"/>
<opset="localC/16 "/>
</bind>
</comp>

<comp id="1869" class="1004" name="localC_1_fu_1869">
<pin_list>
<pin id="1870" dir="0" index="0" bw="1024" slack="0"/>
<pin id="1871" dir="1" index="1" bw="16" slack="0"/>
</pin_list>
<bind>
<opcode="extractvalue(56) " fcode="extractvalue"/>
<opset="localC_1/16 "/>
</bind>
</comp>

<comp id="1873" class="1004" name="localC_2_fu_1873">
<pin_list>
<pin id="1874" dir="0" index="0" bw="1024" slack="0"/>
<pin id="1875" dir="1" index="1" bw="16" slack="0"/>
</pin_list>
<bind>
<opcode="extractvalue(56) " fcode="extractvalue"/>
<opset="localC_2/16 "/>
</bind>
</comp>

<comp id="1877" class="1004" name="localC_3_fu_1877">
<pin_list>
<pin id="1878" dir="0" index="0" bw="1024" slack="0"/>
<pin id="1879" dir="1" index="1" bw="16" slack="0"/>
</pin_list>
<bind>
<opcode="extractvalue(56) " fcode="extractvalue"/>
<opset="localC_3/16 "/>
</bind>
</comp>

<comp id="1881" class="1004" name="localC_4_fu_1881">
<pin_list>
<pin id="1882" dir="0" index="0" bw="1024" slack="0"/>
<pin id="1883" dir="1" index="1" bw="16" slack="0"/>
</pin_list>
<bind>
<opcode="extractvalue(56) " fcode="extractvalue"/>
<opset="localC_4/16 "/>
</bind>
</comp>

<comp id="1885" class="1004" name="localC_5_fu_1885">
<pin_list>
<pin id="1886" dir="0" index="0" bw="1024" slack="0"/>
<pin id="1887" dir="1" index="1" bw="16" slack="0"/>
</pin_list>
<bind>
<opcode="extractvalue(56) " fcode="extractvalue"/>
<opset="localC_5/16 "/>
</bind>
</comp>

<comp id="1889" class="1004" name="localC_6_fu_1889">
<pin_list>
<pin id="1890" dir="0" index="0" bw="1024" slack="0"/>
<pin id="1891" dir="1" index="1" bw="16" slack="0"/>
</pin_list>
<bind>
<opcode="extractvalue(56) " fcode="extractvalue"/>
<opset="localC_6/16 "/>
</bind>
</comp>

<comp id="1893" class="1004" name="localC_7_fu_1893">
<pin_list>
<pin id="1894" dir="0" index="0" bw="1024" slack="0"/>
<pin id="1895" dir="1" index="1" bw="16" slack="0"/>
</pin_list>
<bind>
<opcode="extractvalue(56) " fcode="extractvalue"/>
<opset="localC_7/16 "/>
</bind>
</comp>

<comp id="1897" class="1004" name="localC_8_fu_1897">
<pin_list>
<pin id="1898" dir="0" index="0" bw="1024" slack="0"/>
<pin id="1899" dir="1" index="1" bw="16" slack="0"/>
</pin_list>
<bind>
<opcode="extractvalue(56) " fcode="extractvalue"/>
<opset="localC_8/16 "/>
</bind>
</comp>

<comp id="1901" class="1004" name="localC_9_fu_1901">
<pin_list>
<pin id="1902" dir="0" index="0" bw="1024" slack="0"/>
<pin id="1903" dir="1" index="1" bw="16" slack="0"/>
</pin_list>
<bind>
<opcode="extractvalue(56) " fcode="extractvalue"/>
<opset="localC_9/16 "/>
</bind>
</comp>

<comp id="1905" class="1004" name="localC_10_fu_1905">
<pin_list>
<pin id="1906" dir="0" index="0" bw="1024" slack="0"/>
<pin id="1907" dir="1" index="1" bw="16" slack="0"/>
</pin_list>
<bind>
<opcode="extractvalue(56) " fcode="extractvalue"/>
<opset="localC_10/16 "/>
</bind>
</comp>

<comp id="1909" class="1004" name="localC_11_fu_1909">
<pin_list>
<pin id="1910" dir="0" index="0" bw="1024" slack="0"/>
<pin id="1911" dir="1" index="1" bw="16" slack="0"/>
</pin_list>
<bind>
<opcode="extractvalue(56) " fcode="extractvalue"/>
<opset="localC_11/16 "/>
</bind>
</comp>

<comp id="1913" class="1004" name="localC_12_fu_1913">
<pin_list>
<pin id="1914" dir="0" index="0" bw="1024" slack="0"/>
<pin id="1915" dir="1" index="1" bw="16" slack="0"/>
</pin_list>
<bind>
<opcode="extractvalue(56) " fcode="extractvalue"/>
<opset="localC_12/16 "/>
</bind>
</comp>

<comp id="1917" class="1004" name="localC_13_fu_1917">
<pin_list>
<pin id="1918" dir="0" index="0" bw="1024" slack="0"/>
<pin id="1919" dir="1" index="1" bw="16" slack="0"/>
</pin_list>
<bind>
<opcode="extractvalue(56) " fcode="extractvalue"/>
<opset="localC_13/16 "/>
</bind>
</comp>

<comp id="1921" class="1004" name="localC_14_fu_1921">
<pin_list>
<pin id="1922" dir="0" index="0" bw="1024" slack="0"/>
<pin id="1923" dir="1" index="1" bw="16" slack="0"/>
</pin_list>
<bind>
<opcode="extractvalue(56) " fcode="extractvalue"/>
<opset="localC_14/16 "/>
</bind>
</comp>

<comp id="1925" class="1004" name="localC_15_fu_1925">
<pin_list>
<pin id="1926" dir="0" index="0" bw="1024" slack="0"/>
<pin id="1927" dir="1" index="1" bw="16" slack="0"/>
</pin_list>
<bind>
<opcode="extractvalue(56) " fcode="extractvalue"/>
<opset="localC_15/16 "/>
</bind>
</comp>

<comp id="1929" class="1004" name="localC_16_fu_1929">
<pin_list>
<pin id="1930" dir="0" index="0" bw="1024" slack="0"/>
<pin id="1931" dir="1" index="1" bw="16" slack="0"/>
</pin_list>
<bind>
<opcode="extractvalue(56) " fcode="extractvalue"/>
<opset="localC_16/16 "/>
</bind>
</comp>

<comp id="1933" class="1004" name="localC_17_fu_1933">
<pin_list>
<pin id="1934" dir="0" index="0" bw="1024" slack="0"/>
<pin id="1935" dir="1" index="1" bw="16" slack="0"/>
</pin_list>
<bind>
<opcode="extractvalue(56) " fcode="extractvalue"/>
<opset="localC_17/16 "/>
</bind>
</comp>

<comp id="1937" class="1004" name="localC_18_fu_1937">
<pin_list>
<pin id="1938" dir="0" index="0" bw="1024" slack="0"/>
<pin id="1939" dir="1" index="1" bw="16" slack="0"/>
</pin_list>
<bind>
<opcode="extractvalue(56) " fcode="extractvalue"/>
<opset="localC_18/16 "/>
</bind>
</comp>

<comp id="1941" class="1004" name="localC_19_fu_1941">
<pin_list>
<pin id="1942" dir="0" index="0" bw="1024" slack="0"/>
<pin id="1943" dir="1" index="1" bw="16" slack="0"/>
</pin_list>
<bind>
<opcode="extractvalue(56) " fcode="extractvalue"/>
<opset="localC_19/16 "/>
</bind>
</comp>

<comp id="1945" class="1004" name="localC_20_fu_1945">
<pin_list>
<pin id="1946" dir="0" index="0" bw="1024" slack="0"/>
<pin id="1947" dir="1" index="1" bw="16" slack="0"/>
</pin_list>
<bind>
<opcode="extractvalue(56) " fcode="extractvalue"/>
<opset="localC_20/16 "/>
</bind>
</comp>

<comp id="1949" class="1004" name="localC_21_fu_1949">
<pin_list>
<pin id="1950" dir="0" index="0" bw="1024" slack="0"/>
<pin id="1951" dir="1" index="1" bw="16" slack="0"/>
</pin_list>
<bind>
<opcode="extractvalue(56) " fcode="extractvalue"/>
<opset="localC_21/16 "/>
</bind>
</comp>

<comp id="1953" class="1004" name="localC_22_fu_1953">
<pin_list>
<pin id="1954" dir="0" index="0" bw="1024" slack="0"/>
<pin id="1955" dir="1" index="1" bw="16" slack="0"/>
</pin_list>
<bind>
<opcode="extractvalue(56) " fcode="extractvalue"/>
<opset="localC_22/16 "/>
</bind>
</comp>

<comp id="1957" class="1004" name="localC_23_fu_1957">
<pin_list>
<pin id="1958" dir="0" index="0" bw="1024" slack="0"/>
<pin id="1959" dir="1" index="1" bw="16" slack="0"/>
</pin_list>
<bind>
<opcode="extractvalue(56) " fcode="extractvalue"/>
<opset="localC_23/16 "/>
</bind>
</comp>

<comp id="1961" class="1004" name="localC_24_fu_1961">
<pin_list>
<pin id="1962" dir="0" index="0" bw="1024" slack="0"/>
<pin id="1963" dir="1" index="1" bw="16" slack="0"/>
</pin_list>
<bind>
<opcode="extractvalue(56) " fcode="extractvalue"/>
<opset="localC_24/16 "/>
</bind>
</comp>

<comp id="1965" class="1004" name="localC_25_fu_1965">
<pin_list>
<pin id="1966" dir="0" index="0" bw="1024" slack="0"/>
<pin id="1967" dir="1" index="1" bw="16" slack="0"/>
</pin_list>
<bind>
<opcode="extractvalue(56) " fcode="extractvalue"/>
<opset="localC_25/16 "/>
</bind>
</comp>

<comp id="1969" class="1004" name="localC_26_fu_1969">
<pin_list>
<pin id="1970" dir="0" index="0" bw="1024" slack="0"/>
<pin id="1971" dir="1" index="1" bw="16" slack="0"/>
</pin_list>
<bind>
<opcode="extractvalue(56) " fcode="extractvalue"/>
<opset="localC_26/16 "/>
</bind>
</comp>

<comp id="1973" class="1004" name="localC_27_fu_1973">
<pin_list>
<pin id="1974" dir="0" index="0" bw="1024" slack="0"/>
<pin id="1975" dir="1" index="1" bw="16" slack="0"/>
</pin_list>
<bind>
<opcode="extractvalue(56) " fcode="extractvalue"/>
<opset="localC_27/16 "/>
</bind>
</comp>

<comp id="1977" class="1004" name="localC_28_fu_1977">
<pin_list>
<pin id="1978" dir="0" index="0" bw="1024" slack="0"/>
<pin id="1979" dir="1" index="1" bw="16" slack="0"/>
</pin_list>
<bind>
<opcode="extractvalue(56) " fcode="extractvalue"/>
<opset="localC_28/16 "/>
</bind>
</comp>

<comp id="1981" class="1004" name="localC_29_fu_1981">
<pin_list>
<pin id="1982" dir="0" index="0" bw="1024" slack="0"/>
<pin id="1983" dir="1" index="1" bw="16" slack="0"/>
</pin_list>
<bind>
<opcode="extractvalue(56) " fcode="extractvalue"/>
<opset="localC_29/16 "/>
</bind>
</comp>

<comp id="1985" class="1004" name="localC_30_fu_1985">
<pin_list>
<pin id="1986" dir="0" index="0" bw="1024" slack="0"/>
<pin id="1987" dir="1" index="1" bw="16" slack="0"/>
</pin_list>
<bind>
<opcode="extractvalue(56) " fcode="extractvalue"/>
<opset="localC_30/16 "/>
</bind>
</comp>

<comp id="1989" class="1004" name="localC_31_fu_1989">
<pin_list>
<pin id="1990" dir="0" index="0" bw="1024" slack="0"/>
<pin id="1991" dir="1" index="1" bw="16" slack="0"/>
</pin_list>
<bind>
<opcode="extractvalue(56) " fcode="extractvalue"/>
<opset="localC_31/16 "/>
</bind>
</comp>

<comp id="1993" class="1004" name="localC_32_fu_1993">
<pin_list>
<pin id="1994" dir="0" index="0" bw="1024" slack="0"/>
<pin id="1995" dir="1" index="1" bw="16" slack="0"/>
</pin_list>
<bind>
<opcode="extractvalue(56) " fcode="extractvalue"/>
<opset="localC_32/16 "/>
</bind>
</comp>

<comp id="1997" class="1004" name="localC_33_fu_1997">
<pin_list>
<pin id="1998" dir="0" index="0" bw="1024" slack="0"/>
<pin id="1999" dir="1" index="1" bw="16" slack="0"/>
</pin_list>
<bind>
<opcode="extractvalue(56) " fcode="extractvalue"/>
<opset="localC_33/16 "/>
</bind>
</comp>

<comp id="2001" class="1004" name="localC_34_fu_2001">
<pin_list>
<pin id="2002" dir="0" index="0" bw="1024" slack="0"/>
<pin id="2003" dir="1" index="1" bw="16" slack="0"/>
</pin_list>
<bind>
<opcode="extractvalue(56) " fcode="extractvalue"/>
<opset="localC_34/16 "/>
</bind>
</comp>

<comp id="2005" class="1004" name="localC_35_fu_2005">
<pin_list>
<pin id="2006" dir="0" index="0" bw="1024" slack="0"/>
<pin id="2007" dir="1" index="1" bw="16" slack="0"/>
</pin_list>
<bind>
<opcode="extractvalue(56) " fcode="extractvalue"/>
<opset="localC_35/16 "/>
</bind>
</comp>

<comp id="2009" class="1004" name="localC_36_fu_2009">
<pin_list>
<pin id="2010" dir="0" index="0" bw="1024" slack="0"/>
<pin id="2011" dir="1" index="1" bw="16" slack="0"/>
</pin_list>
<bind>
<opcode="extractvalue(56) " fcode="extractvalue"/>
<opset="localC_36/16 "/>
</bind>
</comp>

<comp id="2013" class="1004" name="localC_37_fu_2013">
<pin_list>
<pin id="2014" dir="0" index="0" bw="1024" slack="0"/>
<pin id="2015" dir="1" index="1" bw="16" slack="0"/>
</pin_list>
<bind>
<opcode="extractvalue(56) " fcode="extractvalue"/>
<opset="localC_37/16 "/>
</bind>
</comp>

<comp id="2017" class="1004" name="localC_38_fu_2017">
<pin_list>
<pin id="2018" dir="0" index="0" bw="1024" slack="0"/>
<pin id="2019" dir="1" index="1" bw="16" slack="0"/>
</pin_list>
<bind>
<opcode="extractvalue(56) " fcode="extractvalue"/>
<opset="localC_38/16 "/>
</bind>
</comp>

<comp id="2021" class="1004" name="localC_39_fu_2021">
<pin_list>
<pin id="2022" dir="0" index="0" bw="1024" slack="0"/>
<pin id="2023" dir="1" index="1" bw="16" slack="0"/>
</pin_list>
<bind>
<opcode="extractvalue(56) " fcode="extractvalue"/>
<opset="localC_39/16 "/>
</bind>
</comp>

<comp id="2025" class="1004" name="localC_40_fu_2025">
<pin_list>
<pin id="2026" dir="0" index="0" bw="1024" slack="0"/>
<pin id="2027" dir="1" index="1" bw="16" slack="0"/>
</pin_list>
<bind>
<opcode="extractvalue(56) " fcode="extractvalue"/>
<opset="localC_40/16 "/>
</bind>
</comp>

<comp id="2029" class="1004" name="localC_41_fu_2029">
<pin_list>
<pin id="2030" dir="0" index="0" bw="1024" slack="0"/>
<pin id="2031" dir="1" index="1" bw="16" slack="0"/>
</pin_list>
<bind>
<opcode="extractvalue(56) " fcode="extractvalue"/>
<opset="localC_41/16 "/>
</bind>
</comp>

<comp id="2033" class="1004" name="localC_42_fu_2033">
<pin_list>
<pin id="2034" dir="0" index="0" bw="1024" slack="0"/>
<pin id="2035" dir="1" index="1" bw="16" slack="0"/>
</pin_list>
<bind>
<opcode="extractvalue(56) " fcode="extractvalue"/>
<opset="localC_42/16 "/>
</bind>
</comp>

<comp id="2037" class="1004" name="localC_43_fu_2037">
<pin_list>
<pin id="2038" dir="0" index="0" bw="1024" slack="0"/>
<pin id="2039" dir="1" index="1" bw="16" slack="0"/>
</pin_list>
<bind>
<opcode="extractvalue(56) " fcode="extractvalue"/>
<opset="localC_43/16 "/>
</bind>
</comp>

<comp id="2041" class="1004" name="localC_44_fu_2041">
<pin_list>
<pin id="2042" dir="0" index="0" bw="1024" slack="0"/>
<pin id="2043" dir="1" index="1" bw="16" slack="0"/>
</pin_list>
<bind>
<opcode="extractvalue(56) " fcode="extractvalue"/>
<opset="localC_44/16 "/>
</bind>
</comp>

<comp id="2045" class="1004" name="localC_45_fu_2045">
<pin_list>
<pin id="2046" dir="0" index="0" bw="1024" slack="0"/>
<pin id="2047" dir="1" index="1" bw="16" slack="0"/>
</pin_list>
<bind>
<opcode="extractvalue(56) " fcode="extractvalue"/>
<opset="localC_45/16 "/>
</bind>
</comp>

<comp id="2049" class="1004" name="localC_46_fu_2049">
<pin_list>
<pin id="2050" dir="0" index="0" bw="1024" slack="0"/>
<pin id="2051" dir="1" index="1" bw="16" slack="0"/>
</pin_list>
<bind>
<opcode="extractvalue(56) " fcode="extractvalue"/>
<opset="localC_46/16 "/>
</bind>
</comp>

<comp id="2053" class="1004" name="localC_47_fu_2053">
<pin_list>
<pin id="2054" dir="0" index="0" bw="1024" slack="0"/>
<pin id="2055" dir="1" index="1" bw="16" slack="0"/>
</pin_list>
<bind>
<opcode="extractvalue(56) " fcode="extractvalue"/>
<opset="localC_47/16 "/>
</bind>
</comp>

<comp id="2057" class="1004" name="localC_48_fu_2057">
<pin_list>
<pin id="2058" dir="0" index="0" bw="1024" slack="0"/>
<pin id="2059" dir="1" index="1" bw="16" slack="0"/>
</pin_list>
<bind>
<opcode="extractvalue(56) " fcode="extractvalue"/>
<opset="localC_48/16 "/>
</bind>
</comp>

<comp id="2061" class="1004" name="localC_49_fu_2061">
<pin_list>
<pin id="2062" dir="0" index="0" bw="1024" slack="0"/>
<pin id="2063" dir="1" index="1" bw="16" slack="0"/>
</pin_list>
<bind>
<opcode="extractvalue(56) " fcode="extractvalue"/>
<opset="localC_49/16 "/>
</bind>
</comp>

<comp id="2065" class="1004" name="localC_50_fu_2065">
<pin_list>
<pin id="2066" dir="0" index="0" bw="1024" slack="0"/>
<pin id="2067" dir="1" index="1" bw="16" slack="0"/>
</pin_list>
<bind>
<opcode="extractvalue(56) " fcode="extractvalue"/>
<opset="localC_50/16 "/>
</bind>
</comp>

<comp id="2069" class="1004" name="localC_51_fu_2069">
<pin_list>
<pin id="2070" dir="0" index="0" bw="1024" slack="0"/>
<pin id="2071" dir="1" index="1" bw="16" slack="0"/>
</pin_list>
<bind>
<opcode="extractvalue(56) " fcode="extractvalue"/>
<opset="localC_51/16 "/>
</bind>
</comp>

<comp id="2073" class="1004" name="localC_52_fu_2073">
<pin_list>
<pin id="2074" dir="0" index="0" bw="1024" slack="0"/>
<pin id="2075" dir="1" index="1" bw="16" slack="0"/>
</pin_list>
<bind>
<opcode="extractvalue(56) " fcode="extractvalue"/>
<opset="localC_52/16 "/>
</bind>
</comp>

<comp id="2077" class="1004" name="localC_53_fu_2077">
<pin_list>
<pin id="2078" dir="0" index="0" bw="1024" slack="0"/>
<pin id="2079" dir="1" index="1" bw="16" slack="0"/>
</pin_list>
<bind>
<opcode="extractvalue(56) " fcode="extractvalue"/>
<opset="localC_53/16 "/>
</bind>
</comp>

<comp id="2081" class="1004" name="localC_54_fu_2081">
<pin_list>
<pin id="2082" dir="0" index="0" bw="1024" slack="0"/>
<pin id="2083" dir="1" index="1" bw="16" slack="0"/>
</pin_list>
<bind>
<opcode="extractvalue(56) " fcode="extractvalue"/>
<opset="localC_54/16 "/>
</bind>
</comp>

<comp id="2085" class="1004" name="localC_55_fu_2085">
<pin_list>
<pin id="2086" dir="0" index="0" bw="1024" slack="0"/>
<pin id="2087" dir="1" index="1" bw="16" slack="0"/>
</pin_list>
<bind>
<opcode="extractvalue(56) " fcode="extractvalue"/>
<opset="localC_55/16 "/>
</bind>
</comp>

<comp id="2089" class="1004" name="localC_56_fu_2089">
<pin_list>
<pin id="2090" dir="0" index="0" bw="1024" slack="0"/>
<pin id="2091" dir="1" index="1" bw="16" slack="0"/>
</pin_list>
<bind>
<opcode="extractvalue(56) " fcode="extractvalue"/>
<opset="localC_56/16 "/>
</bind>
</comp>

<comp id="2093" class="1004" name="localC_57_fu_2093">
<pin_list>
<pin id="2094" dir="0" index="0" bw="1024" slack="0"/>
<pin id="2095" dir="1" index="1" bw="16" slack="0"/>
</pin_list>
<bind>
<opcode="extractvalue(56) " fcode="extractvalue"/>
<opset="localC_57/16 "/>
</bind>
</comp>

<comp id="2097" class="1004" name="localC_58_fu_2097">
<pin_list>
<pin id="2098" dir="0" index="0" bw="1024" slack="0"/>
<pin id="2099" dir="1" index="1" bw="16" slack="0"/>
</pin_list>
<bind>
<opcode="extractvalue(56) " fcode="extractvalue"/>
<opset="localC_58/16 "/>
</bind>
</comp>

<comp id="2101" class="1004" name="localC_59_fu_2101">
<pin_list>
<pin id="2102" dir="0" index="0" bw="1024" slack="0"/>
<pin id="2103" dir="1" index="1" bw="16" slack="0"/>
</pin_list>
<bind>
<opcode="extractvalue(56) " fcode="extractvalue"/>
<opset="localC_59/16 "/>
</bind>
</comp>

<comp id="2105" class="1004" name="localC_60_fu_2105">
<pin_list>
<pin id="2106" dir="0" index="0" bw="1024" slack="0"/>
<pin id="2107" dir="1" index="1" bw="16" slack="0"/>
</pin_list>
<bind>
<opcode="extractvalue(56) " fcode="extractvalue"/>
<opset="localC_60/16 "/>
</bind>
</comp>

<comp id="2109" class="1004" name="localC_61_fu_2109">
<pin_list>
<pin id="2110" dir="0" index="0" bw="1024" slack="0"/>
<pin id="2111" dir="1" index="1" bw="16" slack="0"/>
</pin_list>
<bind>
<opcode="extractvalue(56) " fcode="extractvalue"/>
<opset="localC_61/16 "/>
</bind>
</comp>

<comp id="2113" class="1004" name="localC_62_fu_2113">
<pin_list>
<pin id="2114" dir="0" index="0" bw="1024" slack="0"/>
<pin id="2115" dir="1" index="1" bw="16" slack="0"/>
</pin_list>
<bind>
<opcode="extractvalue(56) " fcode="extractvalue"/>
<opset="localC_62/16 "/>
</bind>
</comp>

<comp id="2117" class="1004" name="localC_63_fu_2117">
<pin_list>
<pin id="2118" dir="0" index="0" bw="1024" slack="0"/>
<pin id="2119" dir="1" index="1" bw="16" slack="0"/>
</pin_list>
<bind>
<opcode="extractvalue(56) " fcode="extractvalue"/>
<opset="localC_63/16 "/>
</bind>
</comp>

<comp id="2121" class="1004" name="store_ln179_store_fu_2121">
<pin_list>
<pin id="2122" dir="0" index="0" bw="16" slack="0"/>
<pin id="2123" dir="0" index="1" bw="16" slack="15"/>
<pin id="2124" dir="1" index="2" bw="0" slack="2147483647"/>
</pin_list>
<bind>
<opcode="store(28) " fcode="store"/>
<opset="store_ln179/16 "/>
</bind>
</comp>

<comp id="2126" class="1004" name="store_ln179_store_fu_2126">
<pin_list>
<pin id="2127" dir="0" index="0" bw="16" slack="0"/>
<pin id="2128" dir="0" index="1" bw="16" slack="15"/>
<pin id="2129" dir="1" index="2" bw="0" slack="2147483647"/>
</pin_list>
<bind>
<opcode="store(28) " fcode="store"/>
<opset="store_ln179/16 "/>
</bind>
</comp>

<comp id="2131" class="1004" name="store_ln179_store_fu_2131">
<pin_list>
<pin id="2132" dir="0" index="0" bw="16" slack="0"/>
<pin id="2133" dir="0" index="1" bw="16" slack="15"/>
<pin id="2134" dir="1" index="2" bw="0" slack="2147483647"/>
</pin_list>
<bind>
<opcode="store(28) " fcode="store"/>
<opset="store_ln179/16 "/>
</bind>
</comp>

<comp id="2136" class="1004" name="store_ln179_store_fu_2136">
<pin_list>
<pin id="2137" dir="0" index="0" bw="16" slack="0"/>
<pin id="2138" dir="0" index="1" bw="16" slack="15"/>
<pin id="2139" dir="1" index="2" bw="0" slack="2147483647"/>
</pin_list>
<bind>
<opcode="store(28) " fcode="store"/>
<opset="store_ln179/16 "/>
</bind>
</comp>

<comp id="2141" class="1004" name="store_ln179_store_fu_2141">
<pin_list>
<pin id="2142" dir="0" index="0" bw="16" slack="0"/>
<pin id="2143" dir="0" index="1" bw="16" slack="15"/>
<pin id="2144" dir="1" index="2" bw="0" slack="2147483647"/>
</pin_list>
<bind>
<opcode="store(28) " fcode="store"/>
<opset="store_ln179/16 "/>
</bind>
</comp>

<comp id="2146" class="1004" name="store_ln179_store_fu_2146">
<pin_list>
<pin id="2147" dir="0" index="0" bw="16" slack="0"/>
<pin id="2148" dir="0" index="1" bw="16" slack="15"/>
<pin id="2149" dir="1" index="2" bw="0" slack="2147483647"/>
</pin_list>
<bind>
<opcode="store(28) " fcode="store"/>
<opset="store_ln179/16 "/>
</bind>
</comp>

<comp id="2151" class="1004" name="store_ln179_store_fu_2151">
<pin_list>
<pin id="2152" dir="0" index="0" bw="16" slack="0"/>
<pin id="2153" dir="0" index="1" bw="16" slack="15"/>
<pin id="2154" dir="1" index="2" bw="0" slack="2147483647"/>
</pin_list>
<bind>
<opcode="store(28) " fcode="store"/>
<opset="store_ln179/16 "/>
</bind>
</comp>

<comp id="2156" class="1004" name="store_ln179_store_fu_2156">
<pin_list>
<pin id="2157" dir="0" index="0" bw="16" slack="0"/>
<pin id="2158" dir="0" index="1" bw="16" slack="15"/>
<pin id="2159" dir="1" index="2" bw="0" slack="2147483647"/>
</pin_list>
<bind>
<opcode="store(28) " fcode="store"/>
<opset="store_ln179/16 "/>
</bind>
</comp>

<comp id="2161" class="1004" name="store_ln179_store_fu_2161">
<pin_list>
<pin id="2162" dir="0" index="0" bw="16" slack="0"/>
<pin id="2163" dir="0" index="1" bw="16" slack="15"/>
<pin id="2164" dir="1" index="2" bw="0" slack="2147483647"/>
</pin_list>
<bind>
<opcode="store(28) " fcode="store"/>
<opset="store_ln179/16 "/>
</bind>
</comp>

<comp id="2166" class="1004" name="store_ln179_store_fu_2166">
<pin_list>
<pin id="2167" dir="0" index="0" bw="16" slack="0"/>
<pin id="2168" dir="0" index="1" bw="16" slack="15"/>
<pin id="2169" dir="1" index="2" bw="0" slack="2147483647"/>
</pin_list>
<bind>
<opcode="store(28) " fcode="store"/>
<opset="store_ln179/16 "/>
</bind>
</comp>

<comp id="2171" class="1004" name="store_ln179_store_fu_2171">
<pin_list>
<pin id="2172" dir="0" index="0" bw="16" slack="0"/>
<pin id="2173" dir="0" index="1" bw="16" slack="15"/>
<pin id="2174" dir="1" index="2" bw="0" slack="2147483647"/>
</pin_list>
<bind>
<opcode="store(28) " fcode="store"/>
<opset="store_ln179/16 "/>
</bind>
</comp>

<comp id="2176" class="1004" name="store_ln179_store_fu_2176">
<pin_list>
<pin id="2177" dir="0" index="0" bw="16" slack="0"/>
<pin id="2178" dir="0" index="1" bw="16" slack="15"/>
<pin id="2179" dir="1" index="2" bw="0" slack="2147483647"/>
</pin_list>
<bind>
<opcode="store(28) " fcode="store"/>
<opset="store_ln179/16 "/>
</bind>
</comp>

<comp id="2181" class="1004" name="store_ln179_store_fu_2181">
<pin_list>
<pin id="2182" dir="0" index="0" bw="16" slack="0"/>
<pin id="2183" dir="0" index="1" bw="16" slack="15"/>
<pin id="2184" dir="1" index="2" bw="0" slack="2147483647"/>
</pin_list>
<bind>
<opcode="store(28) " fcode="store"/>
<opset="store_ln179/16 "/>
</bind>
</comp>

<comp id="2186" class="1004" name="store_ln179_store_fu_2186">
<pin_list>
<pin id="2187" dir="0" index="0" bw="16" slack="0"/>
<pin id="2188" dir="0" index="1" bw="16" slack="15"/>
<pin id="2189" dir="1" index="2" bw="0" slack="2147483647"/>
</pin_list>
<bind>
<opcode="store(28) " fcode="store"/>
<opset="store_ln179/16 "/>
</bind>
</comp>

<comp id="2191" class="1004" name="store_ln179_store_fu_2191">
<pin_list>
<pin id="2192" dir="0" index="0" bw="16" slack="0"/>
<pin id="2193" dir="0" index="1" bw="16" slack="15"/>
<pin id="2194" dir="1" index="2" bw="0" slack="2147483647"/>
</pin_list>
<bind>
<opcode="store(28) " fcode="store"/>
<opset="store_ln179/16 "/>
</bind>
</comp>

<comp id="2196" class="1004" name="store_ln179_store_fu_2196">
<pin_list>
<pin id="2197" dir="0" index="0" bw="16" slack="0"/>
<pin id="2198" dir="0" index="1" bw="16" slack="15"/>
<pin id="2199" dir="1" index="2" bw="0" slack="2147483647"/>
</pin_list>
<bind>
<opcode="store(28) " fcode="store"/>
<opset="store_ln179/16 "/>
</bind>
</comp>

<comp id="2201" class="1004" name="store_ln179_store_fu_2201">
<pin_list>
<pin id="2202" dir="0" index="0" bw="16" slack="0"/>
<pin id="2203" dir="0" index="1" bw="16" slack="15"/>
<pin id="2204" dir="1" index="2" bw="0" slack="2147483647"/>
</pin_list>
<bind>
<opcode="store(28) " fcode="store"/>
<opset="store_ln179/16 "/>
</bind>
</comp>

<comp id="2206" class="1004" name="store_ln179_store_fu_2206">
<pin_list>
<pin id="2207" dir="0" index="0" bw="16" slack="0"/>
<pin id="2208" dir="0" index="1" bw="16" slack="15"/>
<pin id="2209" dir="1" index="2" bw="0" slack="2147483647"/>
</pin_list>
<bind>
<opcode="store(28) " fcode="store"/>
<opset="store_ln179/16 "/>
</bind>
</comp>

<comp id="2211" class="1004" name="store_ln179_store_fu_2211">
<pin_list>
<pin id="2212" dir="0" index="0" bw="16" slack="0"/>
<pin id="2213" dir="0" index="1" bw="16" slack="15"/>
<pin id="2214" dir="1" index="2" bw="0" slack="2147483647"/>
</pin_list>
<bind>
<opcode="store(28) " fcode="store"/>
<opset="store_ln179/16 "/>
</bind>
</comp>

<comp id="2216" class="1004" name="store_ln179_store_fu_2216">
<pin_list>
<pin id="2217" dir="0" index="0" bw="16" slack="0"/>
<pin id="2218" dir="0" index="1" bw="16" slack="15"/>
<pin id="2219" dir="1" index="2" bw="0" slack="2147483647"/>
</pin_list>
<bind>
<opcode="store(28) " fcode="store"/>
<opset="store_ln179/16 "/>
</bind>
</comp>

<comp id="2221" class="1004" name="store_ln179_store_fu_2221">
<pin_list>
<pin id="2222" dir="0" index="0" bw="16" slack="0"/>
<pin id="2223" dir="0" index="1" bw="16" slack="15"/>
<pin id="2224" dir="1" index="2" bw="0" slack="2147483647"/>
</pin_list>
<bind>
<opcode="store(28) " fcode="store"/>
<opset="store_ln179/16 "/>
</bind>
</comp>

<comp id="2226" class="1004" name="store_ln179_store_fu_2226">
<pin_list>
<pin id="2227" dir="0" index="0" bw="16" slack="0"/>
<pin id="2228" dir="0" index="1" bw="16" slack="15"/>
<pin id="2229" dir="1" index="2" bw="0" slack="2147483647"/>
</pin_list>
<bind>
<opcode="store(28) " fcode="store"/>
<opset="store_ln179/16 "/>
</bind>
</comp>

<comp id="2231" class="1004" name="store_ln179_store_fu_2231">
<pin_list>
<pin id="2232" dir="0" index="0" bw="16" slack="0"/>
<pin id="2233" dir="0" index="1" bw="16" slack="15"/>
<pin id="2234" dir="1" index="2" bw="0" slack="2147483647"/>
</pin_list>
<bind>
<opcode="store(28) " fcode="store"/>
<opset="store_ln179/16 "/>
</bind>
</comp>

<comp id="2236" class="1004" name="store_ln179_store_fu_2236">
<pin_list>
<pin id="2237" dir="0" index="0" bw="16" slack="0"/>
<pin id="2238" dir="0" index="1" bw="16" slack="15"/>
<pin id="2239" dir="1" index="2" bw="0" slack="2147483647"/>
</pin_list>
<bind>
<opcode="store(28) " fcode="store"/>
<opset="store_ln179/16 "/>
</bind>
</comp>

<comp id="2241" class="1004" name="store_ln179_store_fu_2241">
<pin_list>
<pin id="2242" dir="0" index="0" bw="16" slack="0"/>
<pin id="2243" dir="0" index="1" bw="16" slack="15"/>
<pin id="2244" dir="1" index="2" bw="0" slack="2147483647"/>
</pin_list>
<bind>
<opcode="store(28) " fcode="store"/>
<opset="store_ln179/16 "/>
</bind>
</comp>

<comp id="2246" class="1004" name="store_ln179_store_fu_2246">
<pin_list>
<pin id="2247" dir="0" index="0" bw="16" slack="0"/>
<pin id="2248" dir="0" index="1" bw="16" slack="15"/>
<pin id="2249" dir="1" index="2" bw="0" slack="2147483647"/>
</pin_list>
<bind>
<opcode="store(28) " fcode="store"/>
<opset="store_ln179/16 "/>
</bind>
</comp>

<comp id="2251" class="1004" name="store_ln179_store_fu_2251">
<pin_list>
<pin id="2252" dir="0" index="0" bw="16" slack="0"/>
<pin id="2253" dir="0" index="1" bw="16" slack="15"/>
<pin id="2254" dir="1" index="2" bw="0" slack="2147483647"/>
</pin_list>
<bind>
<opcode="store(28) " fcode="store"/>
<opset="store_ln179/16 "/>
</bind>
</comp>

<comp id="2256" class="1004" name="store_ln179_store_fu_2256">
<pin_list>
<pin id="2257" dir="0" index="0" bw="16" slack="0"/>
<pin id="2258" dir="0" index="1" bw="16" slack="15"/>
<pin id="2259" dir="1" index="2" bw="0" slack="2147483647"/>
</pin_list>
<bind>
<opcode="store(28) " fcode="store"/>
<opset="store_ln179/16 "/>
</bind>
</comp>

<comp id="2261" class="1004" name="store_ln179_store_fu_2261">
<pin_list>
<pin id="2262" dir="0" index="0" bw="16" slack="0"/>
<pin id="2263" dir="0" index="1" bw="16" slack="15"/>
<pin id="2264" dir="1" index="2" bw="0" slack="2147483647"/>
</pin_list>
<bind>
<opcode="store(28) " fcode="store"/>
<opset="store_ln179/16 "/>
</bind>
</comp>

<comp id="2266" class="1004" name="store_ln179_store_fu_2266">
<pin_list>
<pin id="2267" dir="0" index="0" bw="16" slack="0"/>
<pin id="2268" dir="0" index="1" bw="16" slack="15"/>
<pin id="2269" dir="1" index="2" bw="0" slack="2147483647"/>
</pin_list>
<bind>
<opcode="store(28) " fcode="store"/>
<opset="store_ln179/16 "/>
</bind>
</comp>

<comp id="2271" class="1004" name="store_ln179_store_fu_2271">
<pin_list>
<pin id="2272" dir="0" index="0" bw="16" slack="0"/>
<pin id="2273" dir="0" index="1" bw="16" slack="15"/>
<pin id="2274" dir="1" index="2" bw="0" slack="2147483647"/>
</pin_list>
<bind>
<opcode="store(28) " fcode="store"/>
<opset="store_ln179/16 "/>
</bind>
</comp>

<comp id="2276" class="1004" name="store_ln179_store_fu_2276">
<pin_list>
<pin id="2277" dir="0" index="0" bw="16" slack="0"/>
<pin id="2278" dir="0" index="1" bw="16" slack="15"/>
<pin id="2279" dir="1" index="2" bw="0" slack="2147483647"/>
</pin_list>
<bind>
<opcode="store(28) " fcode="store"/>
<opset="store_ln179/16 "/>
</bind>
</comp>

<comp id="2281" class="1004" name="store_ln179_store_fu_2281">
<pin_list>
<pin id="2282" dir="0" index="0" bw="16" slack="0"/>
<pin id="2283" dir="0" index="1" bw="16" slack="15"/>
<pin id="2284" dir="1" index="2" bw="0" slack="2147483647"/>
</pin_list>
<bind>
<opcode="store(28) " fcode="store"/>
<opset="store_ln179/16 "/>
</bind>
</comp>

<comp id="2286" class="1004" name="store_ln179_store_fu_2286">
<pin_list>
<pin id="2287" dir="0" index="0" bw="16" slack="0"/>
<pin id="2288" dir="0" index="1" bw="16" slack="15"/>
<pin id="2289" dir="1" index="2" bw="0" slack="2147483647"/>
</pin_list>
<bind>
<opcode="store(28) " fcode="store"/>
<opset="store_ln179/16 "/>
</bind>
</comp>

<comp id="2291" class="1004" name="store_ln179_store_fu_2291">
<pin_list>
<pin id="2292" dir="0" index="0" bw="16" slack="0"/>
<pin id="2293" dir="0" index="1" bw="16" slack="15"/>
<pin id="2294" dir="1" index="2" bw="0" slack="2147483647"/>
</pin_list>
<bind>
<opcode="store(28) " fcode="store"/>
<opset="store_ln179/16 "/>
</bind>
</comp>

<comp id="2296" class="1004" name="store_ln179_store_fu_2296">
<pin_list>
<pin id="2297" dir="0" index="0" bw="16" slack="0"/>
<pin id="2298" dir="0" index="1" bw="16" slack="15"/>
<pin id="2299" dir="1" index="2" bw="0" slack="2147483647"/>
</pin_list>
<bind>
<opcode="store(28) " fcode="store"/>
<opset="store_ln179/16 "/>
</bind>
</comp>

<comp id="2301" class="1004" name="store_ln179_store_fu_2301">
<pin_list>
<pin id="2302" dir="0" index="0" bw="16" slack="0"/>
<pin id="2303" dir="0" index="1" bw="16" slack="15"/>
<pin id="2304" dir="1" index="2" bw="0" slack="2147483647"/>
</pin_list>
<bind>
<opcode="store(28) " fcode="store"/>
<opset="store_ln179/16 "/>
</bind>
</comp>

<comp id="2306" class="1004" name="store_ln179_store_fu_2306">
<pin_list>
<pin id="2307" dir="0" index="0" bw="16" slack="0"/>
<pin id="2308" dir="0" index="1" bw="16" slack="15"/>
<pin id="2309" dir="1" index="2" bw="0" slack="2147483647"/>
</pin_list>
<bind>
<opcode="store(28) " fcode="store"/>
<opset="store_ln179/16 "/>
</bind>
</comp>

<comp id="2311" class="1004" name="store_ln179_store_fu_2311">
<pin_list>
<pin id="2312" dir="0" index="0" bw="16" slack="0"/>
<pin id="2313" dir="0" index="1" bw="16" slack="15"/>
<pin id="2314" dir="1" index="2" bw="0" slack="2147483647"/>
</pin_list>
<bind>
<opcode="store(28) " fcode="store"/>
<opset="store_ln179/16 "/>
</bind>
</comp>

<comp id="2316" class="1004" name="store_ln179_store_fu_2316">
<pin_list>
<pin id="2317" dir="0" index="0" bw="16" slack="0"/>
<pin id="2318" dir="0" index="1" bw="16" slack="15"/>
<pin id="2319" dir="1" index="2" bw="0" slack="2147483647"/>
</pin_list>
<bind>
<opcode="store(28) " fcode="store"/>
<opset="store_ln179/16 "/>
</bind>
</comp>

<comp id="2321" class="1004" name="store_ln179_store_fu_2321">
<pin_list>
<pin id="2322" dir="0" index="0" bw="16" slack="0"/>
<pin id="2323" dir="0" index="1" bw="16" slack="15"/>
<pin id="2324" dir="1" index="2" bw="0" slack="2147483647"/>
</pin_list>
<bind>
<opcode="store(28) " fcode="store"/>
<opset="store_ln179/16 "/>
</bind>
</comp>

<comp id="2326" class="1004" name="store_ln179_store_fu_2326">
<pin_list>
<pin id="2327" dir="0" index="0" bw="16" slack="0"/>
<pin id="2328" dir="0" index="1" bw="16" slack="15"/>
<pin id="2329" dir="1" index="2" bw="0" slack="2147483647"/>
</pin_list>
<bind>
<opcode="store(28) " fcode="store"/>
<opset="store_ln179/16 "/>
</bind>
</comp>

<comp id="2331" class="1004" name="store_ln179_store_fu_2331">
<pin_list>
<pin id="2332" dir="0" index="0" bw="16" slack="0"/>
<pin id="2333" dir="0" index="1" bw="16" slack="15"/>
<pin id="2334" dir="1" index="2" bw="0" slack="2147483647"/>
</pin_list>
<bind>
<opcode="store(28) " fcode="store"/>
<opset="store_ln179/16 "/>
</bind>
</comp>

<comp id="2336" class="1004" name="store_ln179_store_fu_2336">
<pin_list>
<pin id="2337" dir="0" index="0" bw="16" slack="0"/>
<pin id="2338" dir="0" index="1" bw="16" slack="15"/>
<pin id="2339" dir="1" index="2" bw="0" slack="2147483647"/>
</pin_list>
<bind>
<opcode="store(28) " fcode="store"/>
<opset="store_ln179/16 "/>
</bind>
</comp>

<comp id="2341" class="1004" name="store_ln179_store_fu_2341">
<pin_list>
<pin id="2342" dir="0" index="0" bw="16" slack="0"/>
<pin id="2343" dir="0" index="1" bw="16" slack="15"/>
<pin id="2344" dir="1" index="2" bw="0" slack="2147483647"/>
</pin_list>
<bind>
<opcode="store(28) " fcode="store"/>
<opset="store_ln179/16 "/>
</bind>
</comp>

<comp id="2346" class="1004" name="store_ln179_store_fu_2346">
<pin_list>
<pin id="2347" dir="0" index="0" bw="16" slack="0"/>
<pin id="2348" dir="0" index="1" bw="16" slack="15"/>
<pin id="2349" dir="1" index="2" bw="0" slack="2147483647"/>
</pin_list>
<bind>
<opcode="store(28) " fcode="store"/>
<opset="store_ln179/16 "/>
</bind>
</comp>

<comp id="2351" class="1004" name="store_ln179_store_fu_2351">
<pin_list>
<pin id="2352" dir="0" index="0" bw="16" slack="0"/>
<pin id="2353" dir="0" index="1" bw="16" slack="15"/>
<pin id="2354" dir="1" index="2" bw="0" slack="2147483647"/>
</pin_list>
<bind>
<opcode="store(28) " fcode="store"/>
<opset="store_ln179/16 "/>
</bind>
</comp>

<comp id="2356" class="1004" name="store_ln179_store_fu_2356">
<pin_list>
<pin id="2357" dir="0" index="0" bw="16" slack="0"/>
<pin id="2358" dir="0" index="1" bw="16" slack="15"/>
<pin id="2359" dir="1" index="2" bw="0" slack="2147483647"/>
</pin_list>
<bind>
<opcode="store(28) " fcode="store"/>
<opset="store_ln179/16 "/>
</bind>
</comp>

<comp id="2361" class="1004" name="store_ln179_store_fu_2361">
<pin_list>
<pin id="2362" dir="0" index="0" bw="16" slack="0"/>
<pin id="2363" dir="0" index="1" bw="16" slack="15"/>
<pin id="2364" dir="1" index="2" bw="0" slack="2147483647"/>
</pin_list>
<bind>
<opcode="store(28) " fcode="store"/>
<opset="store_ln179/16 "/>
</bind>
</comp>

<comp id="2366" class="1004" name="store_ln179_store_fu_2366">
<pin_list>
<pin id="2367" dir="0" index="0" bw="16" slack="0"/>
<pin id="2368" dir="0" index="1" bw="16" slack="15"/>
<pin id="2369" dir="1" index="2" bw="0" slack="2147483647"/>
</pin_list>
<bind>
<opcode="store(28) " fcode="store"/>
<opset="store_ln179/16 "/>
</bind>
</comp>

<comp id="2371" class="1004" name="store_ln179_store_fu_2371">
<pin_list>
<pin id="2372" dir="0" index="0" bw="16" slack="0"/>
<pin id="2373" dir="0" index="1" bw="16" slack="15"/>
<pin id="2374" dir="1" index="2" bw="0" slack="2147483647"/>
</pin_list>
<bind>
<opcode="store(28) " fcode="store"/>
<opset="store_ln179/16 "/>
</bind>
</comp>

<comp id="2376" class="1004" name="store_ln179_store_fu_2376">
<pin_list>
<pin id="2377" dir="0" index="0" bw="16" slack="0"/>
<pin id="2378" dir="0" index="1" bw="16" slack="15"/>
<pin id="2379" dir="1" index="2" bw="0" slack="2147483647"/>
</pin_list>
<bind>
<opcode="store(28) " fcode="store"/>
<opset="store_ln179/16 "/>
</bind>
</comp>

<comp id="2381" class="1004" name="store_ln179_store_fu_2381">
<pin_list>
<pin id="2382" dir="0" index="0" bw="16" slack="0"/>
<pin id="2383" dir="0" index="1" bw="16" slack="15"/>
<pin id="2384" dir="1" index="2" bw="0" slack="2147483647"/>
</pin_list>
<bind>
<opcode="store(28) " fcode="store"/>
<opset="store_ln179/16 "/>
</bind>
</comp>

<comp id="2386" class="1004" name="store_ln179_store_fu_2386">
<pin_list>
<pin id="2387" dir="0" index="0" bw="16" slack="0"/>
<pin id="2388" dir="0" index="1" bw="16" slack="15"/>
<pin id="2389" dir="1" index="2" bw="0" slack="2147483647"/>
</pin_list>
<bind>
<opcode="store(28) " fcode="store"/>
<opset="store_ln179/16 "/>
</bind>
</comp>

<comp id="2391" class="1004" name="store_ln179_store_fu_2391">
<pin_list>
<pin id="2392" dir="0" index="0" bw="16" slack="0"/>
<pin id="2393" dir="0" index="1" bw="16" slack="15"/>
<pin id="2394" dir="1" index="2" bw="0" slack="2147483647"/>
</pin_list>
<bind>
<opcode="store(28) " fcode="store"/>
<opset="store_ln179/16 "/>
</bind>
</comp>

<comp id="2396" class="1004" name="store_ln179_store_fu_2396">
<pin_list>
<pin id="2397" dir="0" index="0" bw="16" slack="0"/>
<pin id="2398" dir="0" index="1" bw="16" slack="15"/>
<pin id="2399" dir="1" index="2" bw="0" slack="2147483647"/>
</pin_list>
<bind>
<opcode="store(28) " fcode="store"/>
<opset="store_ln179/16 "/>
</bind>
</comp>

<comp id="2401" class="1004" name="store_ln179_store_fu_2401">
<pin_list>
<pin id="2402" dir="0" index="0" bw="16" slack="0"/>
<pin id="2403" dir="0" index="1" bw="16" slack="15"/>
<pin id="2404" dir="1" index="2" bw="0" slack="2147483647"/>
</pin_list>
<bind>
<opcode="store(28) " fcode="store"/>
<opset="store_ln179/16 "/>
</bind>
</comp>

<comp id="2406" class="1004" name="store_ln179_store_fu_2406">
<pin_list>
<pin id="2407" dir="0" index="0" bw="16" slack="0"/>
<pin id="2408" dir="0" index="1" bw="16" slack="15"/>
<pin id="2409" dir="1" index="2" bw="0" slack="2147483647"/>
</pin_list>
<bind>
<opcode="store(28) " fcode="store"/>
<opset="store_ln179/16 "/>
</bind>
</comp>

<comp id="2411" class="1004" name="store_ln179_store_fu_2411">
<pin_list>
<pin id="2412" dir="0" index="0" bw="16" slack="0"/>
<pin id="2413" dir="0" index="1" bw="16" slack="15"/>
<pin id="2414" dir="1" index="2" bw="0" slack="2147483647"/>
</pin_list>
<bind>
<opcode="store(28) " fcode="store"/>
<opset="store_ln179/16 "/>
</bind>
</comp>

<comp id="2416" class="1004" name="store_ln179_store_fu_2416">
<pin_list>
<pin id="2417" dir="0" index="0" bw="16" slack="0"/>
<pin id="2418" dir="0" index="1" bw="16" slack="15"/>
<pin id="2419" dir="1" index="2" bw="0" slack="2147483647"/>
</pin_list>
<bind>
<opcode="store(28) " fcode="store"/>
<opset="store_ln179/16 "/>
</bind>
</comp>

<comp id="2421" class="1004" name="store_ln179_store_fu_2421">
<pin_list>
<pin id="2422" dir="0" index="0" bw="16" slack="0"/>
<pin id="2423" dir="0" index="1" bw="16" slack="15"/>
<pin id="2424" dir="1" index="2" bw="0" slack="2147483647"/>
</pin_list>
<bind>
<opcode="store(28) " fcode="store"/>
<opset="store_ln179/16 "/>
</bind>
</comp>

<comp id="2426" class="1004" name="store_ln179_store_fu_2426">
<pin_list>
<pin id="2427" dir="0" index="0" bw="16" slack="0"/>
<pin id="2428" dir="0" index="1" bw="16" slack="15"/>
<pin id="2429" dir="1" index="2" bw="0" slack="2147483647"/>
</pin_list>
<bind>
<opcode="store(28) " fcode="store"/>
<opset="store_ln179/16 "/>
</bind>
</comp>

<comp id="2431" class="1004" name="store_ln179_store_fu_2431">
<pin_list>
<pin id="2432" dir="0" index="0" bw="16" slack="0"/>
<pin id="2433" dir="0" index="1" bw="16" slack="15"/>
<pin id="2434" dir="1" index="2" bw="0" slack="2147483647"/>
</pin_list>
<bind>
<opcode="store(28) " fcode="store"/>
<opset="store_ln179/16 "/>
</bind>
</comp>

<comp id="2436" class="1004" name="store_ln179_store_fu_2436">
<pin_list>
<pin id="2437" dir="0" index="0" bw="16" slack="0"/>
<pin id="2438" dir="0" index="1" bw="16" slack="15"/>
<pin id="2439" dir="1" index="2" bw="0" slack="2147483647"/>
</pin_list>
<bind>
<opcode="store(28) " fcode="store"/>
<opset="store_ln179/16 "/>
</bind>
</comp>

<comp id="2441" class="1004" name="select_ln185_fu_2441">
<pin_list>
<pin id="2442" dir="0" index="0" bw="1" slack="16"/>
<pin id="2443" dir="0" index="1" bw="32" slack="1"/>
<pin id="2444" dir="0" index="2" bw="32" slack="0"/>
<pin id="2445" dir="1" index="3" bw="32" slack="0"/>
</pin_list>
<bind>
<opcode="select(49) " fcode="select"/>
<opset="select_ln185/18 "/>
</bind>
</comp>

<comp id="2448" class="1004" name="empty_28_fu_2448">
<pin_list>
<pin id="2449" dir="0" index="0" bw="1" slack="16"/>
<pin id="2450" dir="0" index="1" bw="32" slack="0"/>
<pin id="2451" dir="0" index="2" bw="32" slack="0"/>
<pin id="2452" dir="1" index="3" bw="32" slack="1"/>
</pin_list>
<bind>
<opcode="select(49) " fcode="select"/>
<opset="empty_28/18 "/>
</bind>
</comp>

<comp id="2455" class="1004" name="sext_ln185_fu_2455">
<pin_list>
<pin id="2456" dir="0" index="0" bw="63" slack="3"/>
<pin id="2457" dir="1" index="1" bw="64" slack="0"/>
</pin_list>
<bind>
<opcode="sext(35) " fcode="sext"/>
<opset="sext_ln185/19 "/>
</bind>
</comp>

<comp id="2458" class="1004" name="gmem2_addr_fu_2458">
<pin_list>
<pin id="2459" dir="0" index="0" bw="64" slack="0"/>
<pin id="2460" dir="0" index="1" bw="64" slack="0"/>
<pin id="2461" dir="1" index="2" bw="64" slack="0"/>
</pin_list>
<bind>
<opcode="getelementptr(29) " fcode="getelementptr"/>
<opset="gmem2_addr/19 "/>
</bind>
</comp>

<comp id="2465" class="1005" name="q_reg_2465">
<pin_list>
<pin id="2466" dir="0" index="0" bw="3" slack="0"/>
<pin id="2467" dir="1" index="1" bw="3" slack="0"/>
</pin_list>
<bind>
<opset="q "/>
</bind>
</comp>

<comp id="2472" class="1005" name="localC_0_reg_2472">
<pin_list>
<pin id="2473" dir="0" index="0" bw="16" slack="0"/>
<pin id="2474" dir="1" index="1" bw="16" slack="0"/>
</pin_list>
<bind>
<opset="localC_0 "/>
</bind>
</comp>

<comp id="2479" class="1005" name="localC_1_0_reg_2479">
<pin_list>
<pin id="2480" dir="0" index="0" bw="16" slack="0"/>
<pin id="2481" dir="1" index="1" bw="16" slack="0"/>
</pin_list>
<bind>
<opset="localC_1_0 "/>
</bind>
</comp>

<comp id="2486" class="1005" name="localC_2_0_reg_2486">
<pin_list>
<pin id="2487" dir="0" index="0" bw="16" slack="0"/>
<pin id="2488" dir="1" index="1" bw="16" slack="0"/>
</pin_list>
<bind>
<opset="localC_2_0 "/>
</bind>
</comp>

<comp id="2493" class="1005" name="localC_3_0_reg_2493">
<pin_list>
<pin id="2494" dir="0" index="0" bw="16" slack="0"/>
<pin id="2495" dir="1" index="1" bw="16" slack="0"/>
</pin_list>
<bind>
<opset="localC_3_0 "/>
</bind>
</comp>

<comp id="2500" class="1005" name="localC_4_0_reg_2500">
<pin_list>
<pin id="2501" dir="0" index="0" bw="16" slack="0"/>
<pin id="2502" dir="1" index="1" bw="16" slack="0"/>
</pin_list>
<bind>
<opset="localC_4_0 "/>
</bind>
</comp>

<comp id="2507" class="1005" name="localC_5_0_reg_2507">
<pin_list>
<pin id="2508" dir="0" index="0" bw="16" slack="0"/>
<pin id="2509" dir="1" index="1" bw="16" slack="0"/>
</pin_list>
<bind>
<opset="localC_5_0 "/>
</bind>
</comp>

<comp id="2514" class="1005" name="localC_6_0_reg_2514">
<pin_list>
<pin id="2515" dir="0" index="0" bw="16" slack="0"/>
<pin id="2516" dir="1" index="1" bw="16" slack="0"/>
</pin_list>
<bind>
<opset="localC_6_0 "/>
</bind>
</comp>

<comp id="2521" class="1005" name="localC_7_0_reg_2521">
<pin_list>
<pin id="2522" dir="0" index="0" bw="16" slack="0"/>
<pin id="2523" dir="1" index="1" bw="16" slack="0"/>
</pin_list>
<bind>
<opset="localC_7_0 "/>
</bind>
</comp>

<comp id="2528" class="1005" name="localC_8_0_reg_2528">
<pin_list>
<pin id="2529" dir="0" index="0" bw="16" slack="0"/>
<pin id="2530" dir="1" index="1" bw="16" slack="0"/>
</pin_list>
<bind>
<opset="localC_8_0 "/>
</bind>
</comp>

<comp id="2535" class="1005" name="localC_9_0_reg_2535">
<pin_list>
<pin id="2536" dir="0" index="0" bw="16" slack="0"/>
<pin id="2537" dir="1" index="1" bw="16" slack="0"/>
</pin_list>
<bind>
<opset="localC_9_0 "/>
</bind>
</comp>

<comp id="2542" class="1005" name="localC_10_0_reg_2542">
<pin_list>
<pin id="2543" dir="0" index="0" bw="16" slack="0"/>
<pin id="2544" dir="1" index="1" bw="16" slack="0"/>
</pin_list>
<bind>
<opset="localC_10_0 "/>
</bind>
</comp>

<comp id="2549" class="1005" name="localC_11_0_reg_2549">
<pin_list>
<pin id="2550" dir="0" index="0" bw="16" slack="0"/>
<pin id="2551" dir="1" index="1" bw="16" slack="0"/>
</pin_list>
<bind>
<opset="localC_11_0 "/>
</bind>
</comp>

<comp id="2556" class="1005" name="localC_12_0_reg_2556">
<pin_list>
<pin id="2557" dir="0" index="0" bw="16" slack="0"/>
<pin id="2558" dir="1" index="1" bw="16" slack="0"/>
</pin_list>
<bind>
<opset="localC_12_0 "/>
</bind>
</comp>

<comp id="2563" class="1005" name="localC_13_0_reg_2563">
<pin_list>
<pin id="2564" dir="0" index="0" bw="16" slack="0"/>
<pin id="2565" dir="1" index="1" bw="16" slack="0"/>
</pin_list>
<bind>
<opset="localC_13_0 "/>
</bind>
</comp>

<comp id="2570" class="1005" name="localC_14_0_reg_2570">
<pin_list>
<pin id="2571" dir="0" index="0" bw="16" slack="0"/>
<pin id="2572" dir="1" index="1" bw="16" slack="0"/>
</pin_list>
<bind>
<opset="localC_14_0 "/>
</bind>
</comp>

<comp id="2577" class="1005" name="localC_15_0_reg_2577">
<pin_list>
<pin id="2578" dir="0" index="0" bw="16" slack="0"/>
<pin id="2579" dir="1" index="1" bw="16" slack="0"/>
</pin_list>
<bind>
<opset="localC_15_0 "/>
</bind>
</comp>

<comp id="2584" class="1005" name="localC_16_0_reg_2584">
<pin_list>
<pin id="2585" dir="0" index="0" bw="16" slack="0"/>
<pin id="2586" dir="1" index="1" bw="16" slack="0"/>
</pin_list>
<bind>
<opset="localC_16_0 "/>
</bind>
</comp>

<comp id="2591" class="1005" name="localC_17_0_reg_2591">
<pin_list>
<pin id="2592" dir="0" index="0" bw="16" slack="0"/>
<pin id="2593" dir="1" index="1" bw="16" slack="0"/>
</pin_list>
<bind>
<opset="localC_17_0 "/>
</bind>
</comp>

<comp id="2598" class="1005" name="localC_18_0_reg_2598">
<pin_list>
<pin id="2599" dir="0" index="0" bw="16" slack="0"/>
<pin id="2600" dir="1" index="1" bw="16" slack="0"/>
</pin_list>
<bind>
<opset="localC_18_0 "/>
</bind>
</comp>

<comp id="2605" class="1005" name="localC_19_0_reg_2605">
<pin_list>
<pin id="2606" dir="0" index="0" bw="16" slack="0"/>
<pin id="2607" dir="1" index="1" bw="16" slack="0"/>
</pin_list>
<bind>
<opset="localC_19_0 "/>
</bind>
</comp>

<comp id="2612" class="1005" name="localC_20_0_reg_2612">
<pin_list>
<pin id="2613" dir="0" index="0" bw="16" slack="0"/>
<pin id="2614" dir="1" index="1" bw="16" slack="0"/>
</pin_list>
<bind>
<opset="localC_20_0 "/>
</bind>
</comp>

<comp id="2619" class="1005" name="localC_21_0_reg_2619">
<pin_list>
<pin id="2620" dir="0" index="0" bw="16" slack="0"/>
<pin id="2621" dir="1" index="1" bw="16" slack="0"/>
</pin_list>
<bind>
<opset="localC_21_0 "/>
</bind>
</comp>

<comp id="2626" class="1005" name="localC_22_0_reg_2626">
<pin_list>
<pin id="2627" dir="0" index="0" bw="16" slack="0"/>
<pin id="2628" dir="1" index="1" bw="16" slack="0"/>
</pin_list>
<bind>
<opset="localC_22_0 "/>
</bind>
</comp>

<comp id="2633" class="1005" name="localC_23_0_reg_2633">
<pin_list>
<pin id="2634" dir="0" index="0" bw="16" slack="0"/>
<pin id="2635" dir="1" index="1" bw="16" slack="0"/>
</pin_list>
<bind>
<opset="localC_23_0 "/>
</bind>
</comp>

<comp id="2640" class="1005" name="localC_24_0_reg_2640">
<pin_list>
<pin id="2641" dir="0" index="0" bw="16" slack="0"/>
<pin id="2642" dir="1" index="1" bw="16" slack="0"/>
</pin_list>
<bind>
<opset="localC_24_0 "/>
</bind>
</comp>

<comp id="2647" class="1005" name="localC_25_0_reg_2647">
<pin_list>
<pin id="2648" dir="0" index="0" bw="16" slack="0"/>
<pin id="2649" dir="1" index="1" bw="16" slack="0"/>
</pin_list>
<bind>
<opset="localC_25_0 "/>
</bind>
</comp>

<comp id="2654" class="1005" name="localC_26_0_reg_2654">
<pin_list>
<pin id="2655" dir="0" index="0" bw="16" slack="0"/>
<pin id="2656" dir="1" index="1" bw="16" slack="0"/>
</pin_list>
<bind>
<opset="localC_26_0 "/>
</bind>
</comp>

<comp id="2661" class="1005" name="localC_27_0_reg_2661">
<pin_list>
<pin id="2662" dir="0" index="0" bw="16" slack="0"/>
<pin id="2663" dir="1" index="1" bw="16" slack="0"/>
</pin_list>
<bind>
<opset="localC_27_0 "/>
</bind>
</comp>

<comp id="2668" class="1005" name="localC_28_0_reg_2668">
<pin_list>
<pin id="2669" dir="0" index="0" bw="16" slack="0"/>
<pin id="2670" dir="1" index="1" bw="16" slack="0"/>
</pin_list>
<bind>
<opset="localC_28_0 "/>
</bind>
</comp>

<comp id="2675" class="1005" name="localC_29_0_reg_2675">
<pin_list>
<pin id="2676" dir="0" index="0" bw="16" slack="0"/>
<pin id="2677" dir="1" index="1" bw="16" slack="0"/>
</pin_list>
<bind>
<opset="localC_29_0 "/>
</bind>
</comp>

<comp id="2682" class="1005" name="localC_30_0_reg_2682">
<pin_list>
<pin id="2683" dir="0" index="0" bw="16" slack="0"/>
<pin id="2684" dir="1" index="1" bw="16" slack="0"/>
</pin_list>
<bind>
<opset="localC_30_0 "/>
</bind>
</comp>

<comp id="2689" class="1005" name="localC_31_0_reg_2689">
<pin_list>
<pin id="2690" dir="0" index="0" bw="16" slack="0"/>
<pin id="2691" dir="1" index="1" bw="16" slack="0"/>
</pin_list>
<bind>
<opset="localC_31_0 "/>
</bind>
</comp>

<comp id="2696" class="1005" name="localC_32_0_reg_2696">
<pin_list>
<pin id="2697" dir="0" index="0" bw="16" slack="0"/>
<pin id="2698" dir="1" index="1" bw="16" slack="0"/>
</pin_list>
<bind>
<opset="localC_32_0 "/>
</bind>
</comp>

<comp id="2703" class="1005" name="localC_33_0_reg_2703">
<pin_list>
<pin id="2704" dir="0" index="0" bw="16" slack="0"/>
<pin id="2705" dir="1" index="1" bw="16" slack="0"/>
</pin_list>
<bind>
<opset="localC_33_0 "/>
</bind>
</comp>

<comp id="2710" class="1005" name="localC_34_0_reg_2710">
<pin_list>
<pin id="2711" dir="0" index="0" bw="16" slack="0"/>
<pin id="2712" dir="1" index="1" bw="16" slack="0"/>
</pin_list>
<bind>
<opset="localC_34_0 "/>
</bind>
</comp>

<comp id="2717" class="1005" name="localC_35_0_reg_2717">
<pin_list>
<pin id="2718" dir="0" index="0" bw="16" slack="0"/>
<pin id="2719" dir="1" index="1" bw="16" slack="0"/>
</pin_list>
<bind>
<opset="localC_35_0 "/>
</bind>
</comp>

<comp id="2724" class="1005" name="localC_36_0_reg_2724">
<pin_list>
<pin id="2725" dir="0" index="0" bw="16" slack="0"/>
<pin id="2726" dir="1" index="1" bw="16" slack="0"/>
</pin_list>
<bind>
<opset="localC_36_0 "/>
</bind>
</comp>

<comp id="2731" class="1005" name="localC_37_0_reg_2731">
<pin_list>
<pin id="2732" dir="0" index="0" bw="16" slack="0"/>
<pin id="2733" dir="1" index="1" bw="16" slack="0"/>
</pin_list>
<bind>
<opset="localC_37_0 "/>
</bind>
</comp>

<comp id="2738" class="1005" name="localC_38_0_reg_2738">
<pin_list>
<pin id="2739" dir="0" index="0" bw="16" slack="0"/>
<pin id="2740" dir="1" index="1" bw="16" slack="0"/>
</pin_list>
<bind>
<opset="localC_38_0 "/>
</bind>
</comp>

<comp id="2745" class="1005" name="localC_39_0_reg_2745">
<pin_list>
<pin id="2746" dir="0" index="0" bw="16" slack="0"/>
<pin id="2747" dir="1" index="1" bw="16" slack="0"/>
</pin_list>
<bind>
<opset="localC_39_0 "/>
</bind>
</comp>

<comp id="2752" class="1005" name="localC_40_0_reg_2752">
<pin_list>
<pin id="2753" dir="0" index="0" bw="16" slack="0"/>
<pin id="2754" dir="1" index="1" bw="16" slack="0"/>
</pin_list>
<bind>
<opset="localC_40_0 "/>
</bind>
</comp>

<comp id="2759" class="1005" name="localC_41_0_reg_2759">
<pin_list>
<pin id="2760" dir="0" index="0" bw="16" slack="0"/>
<pin id="2761" dir="1" index="1" bw="16" slack="0"/>
</pin_list>
<bind>
<opset="localC_41_0 "/>
</bind>
</comp>

<comp id="2766" class="1005" name="localC_42_0_reg_2766">
<pin_list>
<pin id="2767" dir="0" index="0" bw="16" slack="0"/>
<pin id="2768" dir="1" index="1" bw="16" slack="0"/>
</pin_list>
<bind>
<opset="localC_42_0 "/>
</bind>
</comp>

<comp id="2773" class="1005" name="localC_43_0_reg_2773">
<pin_list>
<pin id="2774" dir="0" index="0" bw="16" slack="0"/>
<pin id="2775" dir="1" index="1" bw="16" slack="0"/>
</pin_list>
<bind>
<opset="localC_43_0 "/>
</bind>
</comp>

<comp id="2780" class="1005" name="localC_44_0_reg_2780">
<pin_list>
<pin id="2781" dir="0" index="0" bw="16" slack="0"/>
<pin id="2782" dir="1" index="1" bw="16" slack="0"/>
</pin_list>
<bind>
<opset="localC_44_0 "/>
</bind>
</comp>

<comp id="2787" class="1005" name="localC_45_0_reg_2787">
<pin_list>
<pin id="2788" dir="0" index="0" bw="16" slack="0"/>
<pin id="2789" dir="1" index="1" bw="16" slack="0"/>
</pin_list>
<bind>
<opset="localC_45_0 "/>
</bind>
</comp>

<comp id="2794" class="1005" name="localC_46_0_reg_2794">
<pin_list>
<pin id="2795" dir="0" index="0" bw="16" slack="0"/>
<pin id="2796" dir="1" index="1" bw="16" slack="0"/>
</pin_list>
<bind>
<opset="localC_46_0 "/>
</bind>
</comp>

<comp id="2801" class="1005" name="localC_47_0_reg_2801">
<pin_list>
<pin id="2802" dir="0" index="0" bw="16" slack="0"/>
<pin id="2803" dir="1" index="1" bw="16" slack="0"/>
</pin_list>
<bind>
<opset="localC_47_0 "/>
</bind>
</comp>

<comp id="2808" class="1005" name="localC_48_0_reg_2808">
<pin_list>
<pin id="2809" dir="0" index="0" bw="16" slack="0"/>
<pin id="2810" dir="1" index="1" bw="16" slack="0"/>
</pin_list>
<bind>
<opset="localC_48_0 "/>
</bind>
</comp>

<comp id="2815" class="1005" name="localC_49_0_reg_2815">
<pin_list>
<pin id="2816" dir="0" index="0" bw="16" slack="0"/>
<pin id="2817" dir="1" index="1" bw="16" slack="0"/>
</pin_list>
<bind>
<opset="localC_49_0 "/>
</bind>
</comp>

<comp id="2822" class="1005" name="localC_50_0_reg_2822">
<pin_list>
<pin id="2823" dir="0" index="0" bw="16" slack="0"/>
<pin id="2824" dir="1" index="1" bw="16" slack="0"/>
</pin_list>
<bind>
<opset="localC_50_0 "/>
</bind>
</comp>

<comp id="2829" class="1005" name="localC_51_0_reg_2829">
<pin_list>
<pin id="2830" dir="0" index="0" bw="16" slack="0"/>
<pin id="2831" dir="1" index="1" bw="16" slack="0"/>
</pin_list>
<bind>
<opset="localC_51_0 "/>
</bind>
</comp>

<comp id="2836" class="1005" name="localC_52_0_reg_2836">
<pin_list>
<pin id="2837" dir="0" index="0" bw="16" slack="0"/>
<pin id="2838" dir="1" index="1" bw="16" slack="0"/>
</pin_list>
<bind>
<opset="localC_52_0 "/>
</bind>
</comp>

<comp id="2843" class="1005" name="localC_53_0_reg_2843">
<pin_list>
<pin id="2844" dir="0" index="0" bw="16" slack="0"/>
<pin id="2845" dir="1" index="1" bw="16" slack="0"/>
</pin_list>
<bind>
<opset="localC_53_0 "/>
</bind>
</comp>

<comp id="2850" class="1005" name="localC_54_0_reg_2850">
<pin_list>
<pin id="2851" dir="0" index="0" bw="16" slack="0"/>
<pin id="2852" dir="1" index="1" bw="16" slack="0"/>
</pin_list>
<bind>
<opset="localC_54_0 "/>
</bind>
</comp>

<comp id="2857" class="1005" name="localC_55_0_reg_2857">
<pin_list>
<pin id="2858" dir="0" index="0" bw="16" slack="0"/>
<pin id="2859" dir="1" index="1" bw="16" slack="0"/>
</pin_list>
<bind>
<opset="localC_55_0 "/>
</bind>
</comp>

<comp id="2864" class="1005" name="localC_56_0_reg_2864">
<pin_list>
<pin id="2865" dir="0" index="0" bw="16" slack="0"/>
<pin id="2866" dir="1" index="1" bw="16" slack="0"/>
</pin_list>
<bind>
<opset="localC_56_0 "/>
</bind>
</comp>

<comp id="2871" class="1005" name="localC_57_0_reg_2871">
<pin_list>
<pin id="2872" dir="0" index="0" bw="16" slack="0"/>
<pin id="2873" dir="1" index="1" bw="16" slack="0"/>
</pin_list>
<bind>
<opset="localC_57_0 "/>
</bind>
</comp>

<comp id="2878" class="1005" name="localC_58_0_reg_2878">
<pin_list>
<pin id="2879" dir="0" index="0" bw="16" slack="0"/>
<pin id="2880" dir="1" index="1" bw="16" slack="0"/>
</pin_list>
<bind>
<opset="localC_58_0 "/>
</bind>
</comp>

<comp id="2885" class="1005" name="localC_59_0_reg_2885">
<pin_list>
<pin id="2886" dir="0" index="0" bw="16" slack="0"/>
<pin id="2887" dir="1" index="1" bw="16" slack="0"/>
</pin_list>
<bind>
<opset="localC_59_0 "/>
</bind>
</comp>

<comp id="2892" class="1005" name="localC_60_0_reg_2892">
<pin_list>
<pin id="2893" dir="0" index="0" bw="16" slack="0"/>
<pin id="2894" dir="1" index="1" bw="16" slack="0"/>
</pin_list>
<bind>
<opset="localC_60_0 "/>
</bind>
</comp>

<comp id="2899" class="1005" name="localC_61_0_reg_2899">
<pin_list>
<pin id="2900" dir="0" index="0" bw="16" slack="0"/>
<pin id="2901" dir="1" index="1" bw="16" slack="0"/>
</pin_list>
<bind>
<opset="localC_61_0 "/>
</bind>
</comp>

<comp id="2906" class="1005" name="localC_62_0_reg_2906">
<pin_list>
<pin id="2907" dir="0" index="0" bw="16" slack="0"/>
<pin id="2908" dir="1" index="1" bw="16" slack="0"/>
</pin_list>
<bind>
<opset="localC_62_0 "/>
</bind>
</comp>

<comp id="2913" class="1005" name="localC_63_0_reg_2913">
<pin_list>
<pin id="2914" dir="0" index="0" bw="16" slack="0"/>
<pin id="2915" dir="1" index="1" bw="16" slack="0"/>
</pin_list>
<bind>
<opset="localC_63_0 "/>
</bind>
</comp>

<comp id="2920" class="1005" name="b_col_read_reg_2920">
<pin_list>
<pin id="2921" dir="0" index="0" bw="32" slack="1"/>
<pin id="2922" dir="1" index="1" bw="32" slack="1"/>
</pin_list>
<bind>
<opset="b_col_read "/>
</bind>
</comp>

<comp id="2930" class="1005" name="a_col_read_reg_2930">
<pin_list>
<pin id="2931" dir="0" index="0" bw="32" slack="1"/>
<pin id="2932" dir="1" index="1" bw="32" slack="1"/>
</pin_list>
<bind>
<opset="a_col_read "/>
</bind>
</comp>

<comp id="2939" class="1005" name="a_row_read_reg_2939">
<pin_list>
<pin id="2940" dir="0" index="0" bw="32" slack="1"/>
<pin id="2941" dir="1" index="1" bw="32" slack="1"/>
</pin_list>
<bind>
<opset="a_row_read "/>
</bind>
</comp>

<comp id="2946" class="1005" name="c_read_reg_2946">
<pin_list>
<pin id="2947" dir="0" index="0" bw="64" slack="14"/>
<pin id="2948" dir="1" index="1" bw="64" slack="14"/>
</pin_list>
<bind>
<opset="c_read "/>
</bind>
</comp>

<comp id="2951" class="1005" name="b_read_reg_2951">
<pin_list>
<pin id="2952" dir="0" index="0" bw="64" slack="4"/>
<pin id="2953" dir="1" index="1" bw="64" slack="4"/>
</pin_list>
<bind>
<opset="b_read "/>
</bind>
</comp>

<comp id="2957" class="1005" name="a_read_reg_2957">
<pin_list>
<pin id="2958" dir="0" index="0" bw="64" slack="4"/>
<pin id="2959" dir="1" index="1" bw="64" slack="4"/>
</pin_list>
<bind>
<opset="a_read "/>
</bind>
</comp>

<comp id="2963" class="1005" name="icmp_ln145_reg_2963">
<pin_list>
<pin id="2964" dir="0" index="0" bw="1" slack="1"/>
<pin id="2965" dir="1" index="1" bw="1" slack="3"/>
</pin_list>
<bind>
<opset="icmp_ln145 "/>
</bind>
</comp>

<comp id="2969" class="1005" name="icmp_ln156_reg_2969">
<pin_list>
<pin id="2970" dir="0" index="0" bw="1" slack="1"/>
<pin id="2971" dir="1" index="1" bw="1" slack="3"/>
</pin_list>
<bind>
<opset="icmp_ln156 "/>
</bind>
</comp>

<comp id="2975" class="1005" name="cmp199_reg_2975">
<pin_list>
<pin id="2976" dir="0" index="0" bw="1" slack="1"/>
<pin id="2977" dir="1" index="1" bw="1" slack="3"/>
</pin_list>
<bind>
<opset="cmp199 "/>
</bind>
</comp>

<comp id="2981" class="1005" name="mul_ln156_reg_2981">
<pin_list>
<pin id="2982" dir="0" index="0" bw="32" slack="1"/>
<pin id="2983" dir="1" index="1" bw="32" slack="1"/>
</pin_list>
<bind>
<opset="mul_ln156 "/>
</bind>
</comp>

<comp id="2986" class="1005" name="empty_reg_2986">
<pin_list>
<pin id="2987" dir="0" index="0" bw="32" slack="1"/>
<pin id="2988" dir="1" index="1" bw="32" slack="1"/>
</pin_list>
<bind>
<opset="empty "/>
</bind>
</comp>

<comp id="2991" class="1005" name="empty_26_reg_2991">
<pin_list>
<pin id="2992" dir="0" index="0" bw="32" slack="1"/>
<pin id="2993" dir="1" index="1" bw="32" slack="1"/>
</pin_list>
<bind>
<opset="empty_26 "/>
</bind>
</comp>

<comp id="2996" class="1005" name="gmem0_addr_reg_2996">
<pin_list>
<pin id="2997" dir="0" index="0" bw="8" slack="1"/>
<pin id="2998" dir="1" index="1" bw="8" slack="1"/>
</pin_list>
<bind>
<opset="gmem0_addr "/>
</bind>
</comp>

<comp id="3001" class="1005" name="gmem1_addr_reg_3001">
<pin_list>
<pin id="3002" dir="0" index="0" bw="8" slack="1"/>
<pin id="3003" dir="1" index="1" bw="8" slack="1"/>
</pin_list>
<bind>
<opset="gmem1_addr "/>
</bind>
</comp>

<comp id="3006" class="1005" name="zext_ln107_reg_3006">
<pin_list>
<pin id="3007" dir="0" index="0" bw="64" slack="1"/>
<pin id="3008" dir="1" index="1" bw="64" slack="1"/>
</pin_list>
<bind>
<opset="zext_ln107 "/>
</bind>
</comp>

<comp id="3011" class="1005" name="zext_ln107_1_reg_3011">
<pin_list>
<pin id="3012" dir="0" index="0" bw="64" slack="1"/>
<pin id="3013" dir="1" index="1" bw="64" slack="1"/>
</pin_list>
<bind>
<opset="zext_ln107_1 "/>
</bind>
</comp>

<comp id="3017" class="1005" name="zext_ln145_reg_3017">
<pin_list>
<pin id="3018" dir="0" index="0" bw="64" slack="1"/>
<pin id="3019" dir="1" index="1" bw="64" slack="1"/>
</pin_list>
<bind>
<opset="zext_ln145 "/>
</bind>
</comp>

<comp id="3023" class="1005" name="mul_ln145_1_reg_3023">
<pin_list>
<pin id="3024" dir="0" index="0" bw="64" slack="1"/>
<pin id="3025" dir="1" index="1" bw="64" slack="1"/>
</pin_list>
<bind>
<opset="mul_ln145_1 "/>
</bind>
</comp>

<comp id="3031" class="1005" name="start_k_reg_3031">
<pin_list>
<pin id="3032" dir="0" index="0" bw="3" slack="1"/>
<pin id="3033" dir="1" index="1" bw="3" slack="1"/>
</pin_list>
<bind>
<opset="start_k "/>
</bind>
</comp>

<comp id="3036" class="1005" name="finish_k_reg_3036">
<pin_list>
<pin id="3037" dir="0" index="0" bw="4" slack="1"/>
<pin id="3038" dir="1" index="1" bw="4" slack="1"/>
</pin_list>
<bind>
<opset="finish_k "/>
</bind>
</comp>

<comp id="3041" class="1005" name="trunc_ln185_1_reg_3041">
<pin_list>
<pin id="3042" dir="0" index="0" bw="63" slack="3"/>
<pin id="3043" dir="1" index="1" bw="63" slack="3"/>
</pin_list>
<bind>
<opset="trunc_ln185_1 "/>
</bind>
</comp>

<comp id="3047" class="1005" name="empty_28_reg_3047">
<pin_list>
<pin id="3048" dir="0" index="0" bw="32" slack="1"/>
<pin id="3049" dir="1" index="1" bw="32" slack="1"/>
</pin_list>
<bind>
<opset="empty_28 "/>
</bind>
</comp>

<comp id="3052" class="1005" name="gmem2_addr_reg_3052">
<pin_list>
<pin id="3053" dir="0" index="0" bw="16" slack="3"/>
<pin id="3054" dir="1" index="1" bw="16" slack="3"/>
</pin_list>
<bind>
<opset="gmem2_addr "/>
</bind>
</comp>

</comp_list>

<net_list>
<net id="119"><net_src comp="18" pin="0"/><net_sink comp="116" pin=0"/></net>

<net id="123"><net_src comp="18" pin="0"/><net_sink comp="120" pin=0"/></net>

<net id="127"><net_src comp="18" pin="0"/><net_sink comp="124" pin=0"/></net>

<net id="131"><net_src comp="18" pin="0"/><net_sink comp="128" pin=0"/></net>

<net id="135"><net_src comp="18" pin="0"/><net_sink comp="132" pin=0"/></net>

<net id="139"><net_src comp="18" pin="0"/><net_sink comp="136" pin=0"/></net>

<net id="143"><net_src comp="18" pin="0"/><net_sink comp="140" pin=0"/></net>

<net id="147"><net_src comp="18" pin="0"/><net_sink comp="144" pin=0"/></net>

<net id="151"><net_src comp="18" pin="0"/><net_sink comp="148" pin=0"/></net>

<net id="155"><net_src comp="18" pin="0"/><net_sink comp="152" pin=0"/></net>

<net id="159"><net_src comp="18" pin="0"/><net_sink comp="156" pin=0"/></net>

<net id="163"><net_src comp="18" pin="0"/><net_sink comp="160" pin=0"/></net>

<net id="167"><net_src comp="18" pin="0"/><net_sink comp="164" pin=0"/></net>

<net id="171"><net_src comp="18" pin="0"/><net_sink comp="168" pin=0"/></net>

<net id="175"><net_src comp="18" pin="0"/><net_sink comp="172" pin=0"/></net>

<net id="179"><net_src comp="18" pin="0"/><net_sink comp="176" pin=0"/></net>

<net id="183"><net_src comp="18" pin="0"/><net_sink comp="180" pin=0"/></net>

<net id="187"><net_src comp="18" pin="0"/><net_sink comp="184" pin=0"/></net>

<net id="191"><net_src comp="18" pin="0"/><net_sink comp="188" pin=0"/></net>

<net id="195"><net_src comp="18" pin="0"/><net_sink comp="192" pin=0"/></net>

<net id="199"><net_src comp="18" pin="0"/><net_sink comp="196" pin=0"/></net>

<net id="203"><net_src comp="18" pin="0"/><net_sink comp="200" pin=0"/></net>

<net id="207"><net_src comp="18" pin="0"/><net_sink comp="204" pin=0"/></net>

<net id="211"><net_src comp="18" pin="0"/><net_sink comp="208" pin=0"/></net>

<net id="215"><net_src comp="18" pin="0"/><net_sink comp="212" pin=0"/></net>

<net id="219"><net_src comp="18" pin="0"/><net_sink comp="216" pin=0"/></net>

<net id="223"><net_src comp="18" pin="0"/><net_sink comp="220" pin=0"/></net>

<net id="227"><net_src comp="18" pin="0"/><net_sink comp="224" pin=0"/></net>

<net id="231"><net_src comp="18" pin="0"/><net_sink comp="228" pin=0"/></net>

<net id="235"><net_src comp="18" pin="0"/><net_sink comp="232" pin=0"/></net>

<net id="239"><net_src comp="18" pin="0"/><net_sink comp="236" pin=0"/></net>

<net id="243"><net_src comp="18" pin="0"/><net_sink comp="240" pin=0"/></net>

<net id="247"><net_src comp="18" pin="0"/><net_sink comp="244" pin=0"/></net>

<net id="251"><net_src comp="18" pin="0"/><net_sink comp="248" pin=0"/></net>

<net id="255"><net_src comp="18" pin="0"/><net_sink comp="252" pin=0"/></net>

<net id="259"><net_src comp="18" pin="0"/><net_sink comp="256" pin=0"/></net>

<net id="263"><net_src comp="18" pin="0"/><net_sink comp="260" pin=0"/></net>

<net id="267"><net_src comp="18" pin="0"/><net_sink comp="264" pin=0"/></net>

<net id="271"><net_src comp="18" pin="0"/><net_sink comp="268" pin=0"/></net>

<net id="275"><net_src comp="18" pin="0"/><net_sink comp="272" pin=0"/></net>

<net id="279"><net_src comp="18" pin="0"/><net_sink comp="276" pin=0"/></net>

<net id="283"><net_src comp="18" pin="0"/><net_sink comp="280" pin=0"/></net>

<net id="287"><net_src comp="18" pin="0"/><net_sink comp="284" pin=0"/></net>

<net id="291"><net_src comp="18" pin="0"/><net_sink comp="288" pin=0"/></net>

<net id="295"><net_src comp="18" pin="0"/><net_sink comp="292" pin=0"/></net>

<net id="299"><net_src comp="18" pin="0"/><net_sink comp="296" pin=0"/></net>

<net id="303"><net_src comp="18" pin="0"/><net_sink comp="300" pin=0"/></net>

<net id="307"><net_src comp="18" pin="0"/><net_sink comp="304" pin=0"/></net>

<net id="311"><net_src comp="18" pin="0"/><net_sink comp="308" pin=0"/></net>

<net id="315"><net_src comp="18" pin="0"/><net_sink comp="312" pin=0"/></net>

<net id="319"><net_src comp="18" pin="0"/><net_sink comp="316" pin=0"/></net>

<net id="323"><net_src comp="18" pin="0"/><net_sink comp="320" pin=0"/></net>

<net id="327"><net_src comp="18" pin="0"/><net_sink comp="324" pin=0"/></net>

<net id="331"><net_src comp="18" pin="0"/><net_sink comp="328" pin=0"/></net>

<net id="335"><net_src comp="18" pin="0"/><net_sink comp="332" pin=0"/></net>

<net id="339"><net_src comp="18" pin="0"/><net_sink comp="336" pin=0"/></net>

<net id="343"><net_src comp="18" pin="0"/><net_sink comp="340" pin=0"/></net>

<net id="347"><net_src comp="18" pin="0"/><net_sink comp="344" pin=0"/></net>

<net id="351"><net_src comp="18" pin="0"/><net_sink comp="348" pin=0"/></net>

<net id="355"><net_src comp="18" pin="0"/><net_sink comp="352" pin=0"/></net>

<net id="359"><net_src comp="18" pin="0"/><net_sink comp="356" pin=0"/></net>

<net id="363"><net_src comp="18" pin="0"/><net_sink comp="360" pin=0"/></net>

<net id="367"><net_src comp="18" pin="0"/><net_sink comp="364" pin=0"/></net>

<net id="371"><net_src comp="18" pin="0"/><net_sink comp="368" pin=0"/></net>

<net id="375"><net_src comp="18" pin="0"/><net_sink comp="372" pin=0"/></net>

<net id="379"><net_src comp="24" pin="0"/><net_sink comp="376" pin=0"/></net>

<net id="383"><net_src comp="24" pin="0"/><net_sink comp="380" pin=0"/></net>

<net id="387"><net_src comp="24" pin="0"/><net_sink comp="384" pin=0"/></net>

<net id="391"><net_src comp="24" pin="0"/><net_sink comp="388" pin=0"/></net>

<net id="395"><net_src comp="24" pin="0"/><net_sink comp="392" pin=0"/></net>

<net id="399"><net_src comp="24" pin="0"/><net_sink comp="396" pin=0"/></net>

<net id="403"><net_src comp="24" pin="0"/><net_sink comp="400" pin=0"/></net>

<net id="407"><net_src comp="24" pin="0"/><net_sink comp="404" pin=0"/></net>

<net id="411"><net_src comp="24" pin="0"/><net_sink comp="408" pin=0"/></net>

<net id="415"><net_src comp="24" pin="0"/><net_sink comp="412" pin=0"/></net>

<net id="419"><net_src comp="24" pin="0"/><net_sink comp="416" pin=0"/></net>

<net id="423"><net_src comp="24" pin="0"/><net_sink comp="420" pin=0"/></net>

<net id="427"><net_src comp="24" pin="0"/><net_sink comp="424" pin=0"/></net>

<net id="431"><net_src comp="24" pin="0"/><net_sink comp="428" pin=0"/></net>

<net id="435"><net_src comp="24" pin="0"/><net_sink comp="432" pin=0"/></net>

<net id="439"><net_src comp="24" pin="0"/><net_sink comp="436" pin=0"/></net>

<net id="444"><net_src comp="20" pin="0"/><net_sink comp="440" pin=0"/></net>

<net id="445"><net_src comp="16" pin="0"/><net_sink comp="440" pin=1"/></net>

<net id="450"><net_src comp="20" pin="0"/><net_sink comp="446" pin=0"/></net>

<net id="451"><net_src comp="14" pin="0"/><net_sink comp="446" pin=1"/></net>

<net id="456"><net_src comp="20" pin="0"/><net_sink comp="452" pin=0"/></net>

<net id="457"><net_src comp="12" pin="0"/><net_sink comp="452" pin=1"/></net>

<net id="462"><net_src comp="22" pin="0"/><net_sink comp="458" pin=0"/></net>

<net id="463"><net_src comp="10" pin="0"/><net_sink comp="458" pin=1"/></net>

<net id="468"><net_src comp="22" pin="0"/><net_sink comp="464" pin=0"/></net>

<net id="469"><net_src comp="8" pin="0"/><net_sink comp="464" pin=1"/></net>

<net id="474"><net_src comp="22" pin="0"/><net_sink comp="470" pin=0"/></net>

<net id="475"><net_src comp="6" pin="0"/><net_sink comp="470" pin=1"/></net>

<net id="481"><net_src comp="32" pin="0"/><net_sink comp="476" pin=0"/></net>

<net id="487"><net_src comp="32" pin="0"/><net_sink comp="482" pin=0"/></net>

<net id="493"><net_src comp="110" pin="0"/><net_sink comp="488" pin=0"/></net>

<net id="494"><net_src comp="114" pin="0"/><net_sink comp="488" pin=0"/></net>

<net id="510"><net_src comp="34" pin="0"/><net_sink comp="495" pin=0"/></net>

<net id="511"><net_src comp="0" pin="0"/><net_sink comp="495" pin=1"/></net>

<net id="527"><net_src comp="36" pin="0"/><net_sink comp="512" pin=0"/></net>

<net id="528"><net_src comp="2" pin="0"/><net_sink comp="512" pin=1"/></net>

<net id="617"><net_src comp="96" pin="0"/><net_sink comp="529" pin=0"/></net>

<net id="689"><net_src comp="112" pin="0"/><net_sink comp="618" pin=0"/></net>

<net id="690"><net_src comp="4" pin="0"/><net_sink comp="618" pin=1"/></net>

<net id="695"><net_src comp="691" pin="2"/><net_sink comp="495" pin=3"/></net>

<net id="700"><net_src comp="696" pin="2"/><net_sink comp="512" pin=3"/></net>

<net id="712"><net_src comp="709" pin="1"/><net_sink comp="529" pin=17"/></net>

<net id="713"><net_src comp="709" pin="1"/><net_sink comp="618" pin=5"/></net>

<net id="717"><net_src comp="714" pin="1"/><net_sink comp="529" pin=18"/></net>

<net id="718"><net_src comp="714" pin="1"/><net_sink comp="618" pin=6"/></net>

<net id="722"><net_src comp="719" pin="1"/><net_sink comp="529" pin=19"/></net>

<net id="723"><net_src comp="719" pin="1"/><net_sink comp="618" pin=7"/></net>

<net id="727"><net_src comp="724" pin="1"/><net_sink comp="529" pin=20"/></net>

<net id="728"><net_src comp="724" pin="1"/><net_sink comp="618" pin=8"/></net>

<net id="732"><net_src comp="729" pin="1"/><net_sink comp="529" pin=21"/></net>

<net id="733"><net_src comp="729" pin="1"/><net_sink comp="618" pin=9"/></net>

<net id="737"><net_src comp="734" pin="1"/><net_sink comp="529" pin=22"/></net>

<net id="738"><net_src comp="734" pin="1"/><net_sink comp="618" pin=10"/></net>

<net id="742"><net_src comp="739" pin="1"/><net_sink comp="529" pin=23"/></net>

<net id="743"><net_src comp="739" pin="1"/><net_sink comp="618" pin=11"/></net>

<net id="747"><net_src comp="744" pin="1"/><net_sink comp="529" pin=24"/></net>

<net id="748"><net_src comp="744" pin="1"/><net_sink comp="618" pin=12"/></net>

<net id="752"><net_src comp="749" pin="1"/><net_sink comp="529" pin=25"/></net>

<net id="753"><net_src comp="749" pin="1"/><net_sink comp="618" pin=13"/></net>

<net id="757"><net_src comp="754" pin="1"/><net_sink comp="529" pin=26"/></net>

<net id="758"><net_src comp="754" pin="1"/><net_sink comp="618" pin=14"/></net>

<net id="762"><net_src comp="759" pin="1"/><net_sink comp="529" pin=27"/></net>

<net id="763"><net_src comp="759" pin="1"/><net_sink comp="618" pin=15"/></net>

<net id="767"><net_src comp="764" pin="1"/><net_sink comp="529" pin=28"/></net>

<net id="768"><net_src comp="764" pin="1"/><net_sink comp="618" pin=16"/></net>

<net id="772"><net_src comp="769" pin="1"/><net_sink comp="529" pin=29"/></net>

<net id="773"><net_src comp="769" pin="1"/><net_sink comp="618" pin=17"/></net>

<net id="777"><net_src comp="774" pin="1"/><net_sink comp="529" pin=30"/></net>

<net id="778"><net_src comp="774" pin="1"/><net_sink comp="618" pin=18"/></net>

<net id="782"><net_src comp="779" pin="1"/><net_sink comp="529" pin=31"/></net>

<net id="783"><net_src comp="779" pin="1"/><net_sink comp="618" pin=19"/></net>

<net id="787"><net_src comp="784" pin="1"/><net_sink comp="529" pin=32"/></net>

<net id="788"><net_src comp="784" pin="1"/><net_sink comp="618" pin=20"/></net>

<net id="792"><net_src comp="789" pin="1"/><net_sink comp="529" pin=33"/></net>

<net id="793"><net_src comp="789" pin="1"/><net_sink comp="618" pin=21"/></net>

<net id="797"><net_src comp="794" pin="1"/><net_sink comp="529" pin=34"/></net>

<net id="798"><net_src comp="794" pin="1"/><net_sink comp="618" pin=22"/></net>

<net id="802"><net_src comp="799" pin="1"/><net_sink comp="529" pin=35"/></net>

<net id="803"><net_src comp="799" pin="1"/><net_sink comp="618" pin=23"/></net>

<net id="807"><net_src comp="804" pin="1"/><net_sink comp="529" pin=36"/></net>

<net id="808"><net_src comp="804" pin="1"/><net_sink comp="618" pin=24"/></net>

<net id="812"><net_src comp="809" pin="1"/><net_sink comp="529" pin=37"/></net>

<net id="813"><net_src comp="809" pin="1"/><net_sink comp="618" pin=25"/></net>

<net id="817"><net_src comp="814" pin="1"/><net_sink comp="529" pin=38"/></net>

<net id="818"><net_src comp="814" pin="1"/><net_sink comp="618" pin=26"/></net>

<net id="822"><net_src comp="819" pin="1"/><net_sink comp="529" pin=39"/></net>

<net id="823"><net_src comp="819" pin="1"/><net_sink comp="618" pin=27"/></net>

<net id="827"><net_src comp="824" pin="1"/><net_sink comp="529" pin=40"/></net>

<net id="828"><net_src comp="824" pin="1"/><net_sink comp="618" pin=28"/></net>

<net id="832"><net_src comp="829" pin="1"/><net_sink comp="529" pin=41"/></net>

<net id="833"><net_src comp="829" pin="1"/><net_sink comp="618" pin=29"/></net>

<net id="837"><net_src comp="834" pin="1"/><net_sink comp="529" pin=42"/></net>

<net id="838"><net_src comp="834" pin="1"/><net_sink comp="618" pin=30"/></net>

<net id="842"><net_src comp="839" pin="1"/><net_sink comp="529" pin=43"/></net>

<net id="843"><net_src comp="839" pin="1"/><net_sink comp="618" pin=31"/></net>

<net id="847"><net_src comp="844" pin="1"/><net_sink comp="529" pin=44"/></net>

<net id="848"><net_src comp="844" pin="1"/><net_sink comp="618" pin=32"/></net>

<net id="852"><net_src comp="849" pin="1"/><net_sink comp="529" pin=45"/></net>

<net id="853"><net_src comp="849" pin="1"/><net_sink comp="618" pin=33"/></net>

<net id="857"><net_src comp="854" pin="1"/><net_sink comp="529" pin=46"/></net>

<net id="858"><net_src comp="854" pin="1"/><net_sink comp="618" pin=34"/></net>

<net id="862"><net_src comp="859" pin="1"/><net_sink comp="529" pin=47"/></net>

<net id="863"><net_src comp="859" pin="1"/><net_sink comp="618" pin=35"/></net>

<net id="867"><net_src comp="864" pin="1"/><net_sink comp="529" pin=48"/></net>

<net id="868"><net_src comp="864" pin="1"/><net_sink comp="618" pin=36"/></net>

<net id="872"><net_src comp="869" pin="1"/><net_sink comp="529" pin=49"/></net>

<net id="873"><net_src comp="869" pin="1"/><net_sink comp="618" pin=37"/></net>

<net id="877"><net_src comp="874" pin="1"/><net_sink comp="529" pin=50"/></net>

<net id="878"><net_src comp="874" pin="1"/><net_sink comp="618" pin=38"/></net>

<net id="882"><net_src comp="879" pin="1"/><net_sink comp="529" pin=51"/></net>

<net id="883"><net_src comp="879" pin="1"/><net_sink comp="618" pin=39"/></net>

<net id="887"><net_src comp="884" pin="1"/><net_sink comp="529" pin=52"/></net>

<net id="888"><net_src comp="884" pin="1"/><net_sink comp="618" pin=40"/></net>

<net id="892"><net_src comp="889" pin="1"/><net_sink comp="529" pin=53"/></net>

<net id="893"><net_src comp="889" pin="1"/><net_sink comp="618" pin=41"/></net>

<net id="897"><net_src comp="894" pin="1"/><net_sink comp="529" pin=54"/></net>

<net id="898"><net_src comp="894" pin="1"/><net_sink comp="618" pin=42"/></net>

<net id="902"><net_src comp="899" pin="1"/><net_sink comp="529" pin=55"/></net>

<net id="903"><net_src comp="899" pin="1"/><net_sink comp="618" pin=43"/></net>

<net id="907"><net_src comp="904" pin="1"/><net_sink comp="529" pin=56"/></net>

<net id="908"><net_src comp="904" pin="1"/><net_sink comp="618" pin=44"/></net>

<net id="912"><net_src comp="909" pin="1"/><net_sink comp="529" pin=57"/></net>

<net id="913"><net_src comp="909" pin="1"/><net_sink comp="618" pin=45"/></net>

<net id="917"><net_src comp="914" pin="1"/><net_sink comp="529" pin=58"/></net>

<net id="918"><net_src comp="914" pin="1"/><net_sink comp="618" pin=46"/></net>

<net id="922"><net_src comp="919" pin="1"/><net_sink comp="529" pin=59"/></net>

<net id="923"><net_src comp="919" pin="1"/><net_sink comp="618" pin=47"/></net>

<net id="927"><net_src comp="924" pin="1"/><net_sink comp="529" pin=60"/></net>

<net id="928"><net_src comp="924" pin="1"/><net_sink comp="618" pin=48"/></net>

<net id="932"><net_src comp="929" pin="1"/><net_sink comp="529" pin=61"/></net>

<net id="933"><net_src comp="929" pin="1"/><net_sink comp="618" pin=49"/></net>

<net id="937"><net_src comp="934" pin="1"/><net_sink comp="529" pin=62"/></net>

<net id="938"><net_src comp="934" pin="1"/><net_sink comp="618" pin=50"/></net>

<net id="942"><net_src comp="939" pin="1"/><net_sink comp="529" pin=63"/></net>

<net id="943"><net_src comp="939" pin="1"/><net_sink comp="618" pin=51"/></net>

<net id="947"><net_src comp="944" pin="1"/><net_sink comp="529" pin=64"/></net>

<net id="948"><net_src comp="944" pin="1"/><net_sink comp="618" pin=52"/></net>

<net id="952"><net_src comp="949" pin="1"/><net_sink comp="529" pin=65"/></net>

<net id="953"><net_src comp="949" pin="1"/><net_sink comp="618" pin=53"/></net>

<net id="957"><net_src comp="954" pin="1"/><net_sink comp="529" pin=66"/></net>

<net id="958"><net_src comp="954" pin="1"/><net_sink comp="618" pin=54"/></net>

<net id="962"><net_src comp="959" pin="1"/><net_sink comp="529" pin=67"/></net>

<net id="963"><net_src comp="959" pin="1"/><net_sink comp="618" pin=55"/></net>

<net id="967"><net_src comp="964" pin="1"/><net_sink comp="529" pin=68"/></net>

<net id="968"><net_src comp="964" pin="1"/><net_sink comp="618" pin=56"/></net>

<net id="972"><net_src comp="969" pin="1"/><net_sink comp="529" pin=69"/></net>

<net id="973"><net_src comp="969" pin="1"/><net_sink comp="618" pin=57"/></net>

<net id="977"><net_src comp="974" pin="1"/><net_sink comp="529" pin=70"/></net>

<net id="978"><net_src comp="974" pin="1"/><net_sink comp="618" pin=58"/></net>

<net id="982"><net_src comp="979" pin="1"/><net_sink comp="529" pin=71"/></net>

<net id="983"><net_src comp="979" pin="1"/><net_sink comp="618" pin=59"/></net>

<net id="987"><net_src comp="984" pin="1"/><net_sink comp="529" pin=72"/></net>

<net id="988"><net_src comp="984" pin="1"/><net_sink comp="618" pin=60"/></net>

<net id="992"><net_src comp="989" pin="1"/><net_sink comp="529" pin=73"/></net>

<net id="993"><net_src comp="989" pin="1"/><net_sink comp="618" pin=61"/></net>

<net id="997"><net_src comp="994" pin="1"/><net_sink comp="529" pin=74"/></net>

<net id="998"><net_src comp="994" pin="1"/><net_sink comp="618" pin=62"/></net>

<net id="1002"><net_src comp="999" pin="1"/><net_sink comp="529" pin=75"/></net>

<net id="1003"><net_src comp="999" pin="1"/><net_sink comp="618" pin=63"/></net>

<net id="1007"><net_src comp="1004" pin="1"/><net_sink comp="529" pin=76"/></net>

<net id="1008"><net_src comp="1004" pin="1"/><net_sink comp="618" pin=64"/></net>

<net id="1012"><net_src comp="1009" pin="1"/><net_sink comp="529" pin=77"/></net>

<net id="1013"><net_src comp="1009" pin="1"/><net_sink comp="618" pin=65"/></net>

<net id="1017"><net_src comp="1014" pin="1"/><net_sink comp="529" pin=78"/></net>

<net id="1018"><net_src comp="1014" pin="1"/><net_sink comp="618" pin=66"/></net>

<net id="1022"><net_src comp="1019" pin="1"/><net_sink comp="529" pin=79"/></net>

<net id="1023"><net_src comp="1019" pin="1"/><net_sink comp="618" pin=67"/></net>

<net id="1027"><net_src comp="1024" pin="1"/><net_sink comp="529" pin=80"/></net>

<net id="1028"><net_src comp="1024" pin="1"/><net_sink comp="618" pin=68"/></net>

<net id="1032"><net_src comp="701" pin="2"/><net_sink comp="1029" pin=0"/></net>

<net id="1036"><net_src comp="691" pin="2"/><net_sink comp="1033" pin=0"/></net>

<net id="1037"><net_src comp="1033" pin="1"/><net_sink comp="495" pin=3"/></net>

<net id="1038"><net_src comp="1033" pin="1"/><net_sink comp="618" pin=3"/></net>

<net id="1042"><net_src comp="709" pin="1"/><net_sink comp="1039" pin=0"/></net>

<net id="1043"><net_src comp="1039" pin="1"/><net_sink comp="529" pin=17"/></net>

<net id="1044"><net_src comp="1039" pin="1"/><net_sink comp="618" pin=5"/></net>

<net id="1048"><net_src comp="714" pin="1"/><net_sink comp="1045" pin=0"/></net>

<net id="1049"><net_src comp="1045" pin="1"/><net_sink comp="529" pin=18"/></net>

<net id="1050"><net_src comp="1045" pin="1"/><net_sink comp="618" pin=6"/></net>

<net id="1054"><net_src comp="719" pin="1"/><net_sink comp="1051" pin=0"/></net>

<net id="1055"><net_src comp="1051" pin="1"/><net_sink comp="529" pin=19"/></net>

<net id="1056"><net_src comp="1051" pin="1"/><net_sink comp="618" pin=7"/></net>

<net id="1060"><net_src comp="724" pin="1"/><net_sink comp="1057" pin=0"/></net>

<net id="1061"><net_src comp="1057" pin="1"/><net_sink comp="529" pin=20"/></net>

<net id="1062"><net_src comp="1057" pin="1"/><net_sink comp="618" pin=8"/></net>

<net id="1066"><net_src comp="729" pin="1"/><net_sink comp="1063" pin=0"/></net>

<net id="1067"><net_src comp="1063" pin="1"/><net_sink comp="529" pin=21"/></net>

<net id="1068"><net_src comp="1063" pin="1"/><net_sink comp="618" pin=9"/></net>

<net id="1072"><net_src comp="734" pin="1"/><net_sink comp="1069" pin=0"/></net>

<net id="1073"><net_src comp="1069" pin="1"/><net_sink comp="529" pin=22"/></net>

<net id="1074"><net_src comp="1069" pin="1"/><net_sink comp="618" pin=10"/></net>

<net id="1078"><net_src comp="739" pin="1"/><net_sink comp="1075" pin=0"/></net>

<net id="1079"><net_src comp="1075" pin="1"/><net_sink comp="529" pin=23"/></net>

<net id="1080"><net_src comp="1075" pin="1"/><net_sink comp="618" pin=11"/></net>

<net id="1084"><net_src comp="744" pin="1"/><net_sink comp="1081" pin=0"/></net>

<net id="1085"><net_src comp="1081" pin="1"/><net_sink comp="529" pin=24"/></net>

<net id="1086"><net_src comp="1081" pin="1"/><net_sink comp="618" pin=12"/></net>

<net id="1090"><net_src comp="749" pin="1"/><net_sink comp="1087" pin=0"/></net>

<net id="1091"><net_src comp="1087" pin="1"/><net_sink comp="529" pin=25"/></net>

<net id="1092"><net_src comp="1087" pin="1"/><net_sink comp="618" pin=13"/></net>

<net id="1096"><net_src comp="754" pin="1"/><net_sink comp="1093" pin=0"/></net>

<net id="1097"><net_src comp="1093" pin="1"/><net_sink comp="529" pin=26"/></net>

<net id="1098"><net_src comp="1093" pin="1"/><net_sink comp="618" pin=14"/></net>

<net id="1102"><net_src comp="759" pin="1"/><net_sink comp="1099" pin=0"/></net>

<net id="1103"><net_src comp="1099" pin="1"/><net_sink comp="529" pin=27"/></net>

<net id="1104"><net_src comp="1099" pin="1"/><net_sink comp="618" pin=15"/></net>

<net id="1108"><net_src comp="764" pin="1"/><net_sink comp="1105" pin=0"/></net>

<net id="1109"><net_src comp="1105" pin="1"/><net_sink comp="529" pin=28"/></net>

<net id="1110"><net_src comp="1105" pin="1"/><net_sink comp="618" pin=16"/></net>

<net id="1114"><net_src comp="769" pin="1"/><net_sink comp="1111" pin=0"/></net>

<net id="1115"><net_src comp="1111" pin="1"/><net_sink comp="529" pin=29"/></net>

<net id="1116"><net_src comp="1111" pin="1"/><net_sink comp="618" pin=17"/></net>

<net id="1120"><net_src comp="774" pin="1"/><net_sink comp="1117" pin=0"/></net>

<net id="1121"><net_src comp="1117" pin="1"/><net_sink comp="529" pin=30"/></net>

<net id="1122"><net_src comp="1117" pin="1"/><net_sink comp="618" pin=18"/></net>

<net id="1126"><net_src comp="779" pin="1"/><net_sink comp="1123" pin=0"/></net>

<net id="1127"><net_src comp="1123" pin="1"/><net_sink comp="529" pin=31"/></net>

<net id="1128"><net_src comp="1123" pin="1"/><net_sink comp="618" pin=19"/></net>

<net id="1132"><net_src comp="784" pin="1"/><net_sink comp="1129" pin=0"/></net>

<net id="1133"><net_src comp="1129" pin="1"/><net_sink comp="529" pin=32"/></net>

<net id="1134"><net_src comp="1129" pin="1"/><net_sink comp="618" pin=20"/></net>

<net id="1138"><net_src comp="789" pin="1"/><net_sink comp="1135" pin=0"/></net>

<net id="1139"><net_src comp="1135" pin="1"/><net_sink comp="529" pin=33"/></net>

<net id="1140"><net_src comp="1135" pin="1"/><net_sink comp="618" pin=21"/></net>

<net id="1144"><net_src comp="794" pin="1"/><net_sink comp="1141" pin=0"/></net>

<net id="1145"><net_src comp="1141" pin="1"/><net_sink comp="529" pin=34"/></net>

<net id="1146"><net_src comp="1141" pin="1"/><net_sink comp="618" pin=22"/></net>

<net id="1150"><net_src comp="799" pin="1"/><net_sink comp="1147" pin=0"/></net>

<net id="1151"><net_src comp="1147" pin="1"/><net_sink comp="529" pin=35"/></net>

<net id="1152"><net_src comp="1147" pin="1"/><net_sink comp="618" pin=23"/></net>

<net id="1156"><net_src comp="804" pin="1"/><net_sink comp="1153" pin=0"/></net>

<net id="1157"><net_src comp="1153" pin="1"/><net_sink comp="529" pin=36"/></net>

<net id="1158"><net_src comp="1153" pin="1"/><net_sink comp="618" pin=24"/></net>

<net id="1162"><net_src comp="809" pin="1"/><net_sink comp="1159" pin=0"/></net>

<net id="1163"><net_src comp="1159" pin="1"/><net_sink comp="529" pin=37"/></net>

<net id="1164"><net_src comp="1159" pin="1"/><net_sink comp="618" pin=25"/></net>

<net id="1168"><net_src comp="814" pin="1"/><net_sink comp="1165" pin=0"/></net>

<net id="1169"><net_src comp="1165" pin="1"/><net_sink comp="529" pin=38"/></net>

<net id="1170"><net_src comp="1165" pin="1"/><net_sink comp="618" pin=26"/></net>

<net id="1174"><net_src comp="819" pin="1"/><net_sink comp="1171" pin=0"/></net>

<net id="1175"><net_src comp="1171" pin="1"/><net_sink comp="529" pin=39"/></net>

<net id="1176"><net_src comp="1171" pin="1"/><net_sink comp="618" pin=27"/></net>

<net id="1180"><net_src comp="824" pin="1"/><net_sink comp="1177" pin=0"/></net>

<net id="1181"><net_src comp="1177" pin="1"/><net_sink comp="529" pin=40"/></net>

<net id="1182"><net_src comp="1177" pin="1"/><net_sink comp="618" pin=28"/></net>

<net id="1186"><net_src comp="829" pin="1"/><net_sink comp="1183" pin=0"/></net>

<net id="1187"><net_src comp="1183" pin="1"/><net_sink comp="529" pin=41"/></net>

<net id="1188"><net_src comp="1183" pin="1"/><net_sink comp="618" pin=29"/></net>

<net id="1192"><net_src comp="834" pin="1"/><net_sink comp="1189" pin=0"/></net>

<net id="1193"><net_src comp="1189" pin="1"/><net_sink comp="529" pin=42"/></net>

<net id="1194"><net_src comp="1189" pin="1"/><net_sink comp="618" pin=30"/></net>

<net id="1198"><net_src comp="839" pin="1"/><net_sink comp="1195" pin=0"/></net>

<net id="1199"><net_src comp="1195" pin="1"/><net_sink comp="529" pin=43"/></net>

<net id="1200"><net_src comp="1195" pin="1"/><net_sink comp="618" pin=31"/></net>

<net id="1204"><net_src comp="844" pin="1"/><net_sink comp="1201" pin=0"/></net>

<net id="1205"><net_src comp="1201" pin="1"/><net_sink comp="529" pin=44"/></net>

<net id="1206"><net_src comp="1201" pin="1"/><net_sink comp="618" pin=32"/></net>

<net id="1210"><net_src comp="849" pin="1"/><net_sink comp="1207" pin=0"/></net>

<net id="1211"><net_src comp="1207" pin="1"/><net_sink comp="529" pin=45"/></net>

<net id="1212"><net_src comp="1207" pin="1"/><net_sink comp="618" pin=33"/></net>

<net id="1216"><net_src comp="854" pin="1"/><net_sink comp="1213" pin=0"/></net>

<net id="1217"><net_src comp="1213" pin="1"/><net_sink comp="529" pin=46"/></net>

<net id="1218"><net_src comp="1213" pin="1"/><net_sink comp="618" pin=34"/></net>

<net id="1222"><net_src comp="859" pin="1"/><net_sink comp="1219" pin=0"/></net>

<net id="1223"><net_src comp="1219" pin="1"/><net_sink comp="529" pin=47"/></net>

<net id="1224"><net_src comp="1219" pin="1"/><net_sink comp="618" pin=35"/></net>

<net id="1228"><net_src comp="864" pin="1"/><net_sink comp="1225" pin=0"/></net>

<net id="1229"><net_src comp="1225" pin="1"/><net_sink comp="529" pin=48"/></net>

<net id="1230"><net_src comp="1225" pin="1"/><net_sink comp="618" pin=36"/></net>

<net id="1234"><net_src comp="869" pin="1"/><net_sink comp="1231" pin=0"/></net>

<net id="1235"><net_src comp="1231" pin="1"/><net_sink comp="529" pin=49"/></net>

<net id="1236"><net_src comp="1231" pin="1"/><net_sink comp="618" pin=37"/></net>

<net id="1240"><net_src comp="874" pin="1"/><net_sink comp="1237" pin=0"/></net>

<net id="1241"><net_src comp="1237" pin="1"/><net_sink comp="529" pin=50"/></net>

<net id="1242"><net_src comp="1237" pin="1"/><net_sink comp="618" pin=38"/></net>

<net id="1246"><net_src comp="879" pin="1"/><net_sink comp="1243" pin=0"/></net>

<net id="1247"><net_src comp="1243" pin="1"/><net_sink comp="529" pin=51"/></net>

<net id="1248"><net_src comp="1243" pin="1"/><net_sink comp="618" pin=39"/></net>

<net id="1252"><net_src comp="884" pin="1"/><net_sink comp="1249" pin=0"/></net>

<net id="1253"><net_src comp="1249" pin="1"/><net_sink comp="529" pin=52"/></net>

<net id="1254"><net_src comp="1249" pin="1"/><net_sink comp="618" pin=40"/></net>

<net id="1258"><net_src comp="889" pin="1"/><net_sink comp="1255" pin=0"/></net>

<net id="1259"><net_src comp="1255" pin="1"/><net_sink comp="529" pin=53"/></net>

<net id="1260"><net_src comp="1255" pin="1"/><net_sink comp="618" pin=41"/></net>

<net id="1264"><net_src comp="894" pin="1"/><net_sink comp="1261" pin=0"/></net>

<net id="1265"><net_src comp="1261" pin="1"/><net_sink comp="529" pin=54"/></net>

<net id="1266"><net_src comp="1261" pin="1"/><net_sink comp="618" pin=42"/></net>

<net id="1270"><net_src comp="899" pin="1"/><net_sink comp="1267" pin=0"/></net>

<net id="1271"><net_src comp="1267" pin="1"/><net_sink comp="529" pin=55"/></net>

<net id="1272"><net_src comp="1267" pin="1"/><net_sink comp="618" pin=43"/></net>

<net id="1276"><net_src comp="904" pin="1"/><net_sink comp="1273" pin=0"/></net>

<net id="1277"><net_src comp="1273" pin="1"/><net_sink comp="529" pin=56"/></net>

<net id="1278"><net_src comp="1273" pin="1"/><net_sink comp="618" pin=44"/></net>

<net id="1282"><net_src comp="909" pin="1"/><net_sink comp="1279" pin=0"/></net>

<net id="1283"><net_src comp="1279" pin="1"/><net_sink comp="529" pin=57"/></net>

<net id="1284"><net_src comp="1279" pin="1"/><net_sink comp="618" pin=45"/></net>

<net id="1288"><net_src comp="914" pin="1"/><net_sink comp="1285" pin=0"/></net>

<net id="1289"><net_src comp="1285" pin="1"/><net_sink comp="529" pin=58"/></net>

<net id="1290"><net_src comp="1285" pin="1"/><net_sink comp="618" pin=46"/></net>

<net id="1294"><net_src comp="919" pin="1"/><net_sink comp="1291" pin=0"/></net>

<net id="1295"><net_src comp="1291" pin="1"/><net_sink comp="529" pin=59"/></net>

<net id="1296"><net_src comp="1291" pin="1"/><net_sink comp="618" pin=47"/></net>

<net id="1300"><net_src comp="924" pin="1"/><net_sink comp="1297" pin=0"/></net>

<net id="1301"><net_src comp="1297" pin="1"/><net_sink comp="529" pin=60"/></net>

<net id="1302"><net_src comp="1297" pin="1"/><net_sink comp="618" pin=48"/></net>

<net id="1306"><net_src comp="929" pin="1"/><net_sink comp="1303" pin=0"/></net>

<net id="1307"><net_src comp="1303" pin="1"/><net_sink comp="529" pin=61"/></net>

<net id="1308"><net_src comp="1303" pin="1"/><net_sink comp="618" pin=49"/></net>

<net id="1312"><net_src comp="934" pin="1"/><net_sink comp="1309" pin=0"/></net>

<net id="1313"><net_src comp="1309" pin="1"/><net_sink comp="529" pin=62"/></net>

<net id="1314"><net_src comp="1309" pin="1"/><net_sink comp="618" pin=50"/></net>

<net id="1318"><net_src comp="939" pin="1"/><net_sink comp="1315" pin=0"/></net>

<net id="1319"><net_src comp="1315" pin="1"/><net_sink comp="529" pin=63"/></net>

<net id="1320"><net_src comp="1315" pin="1"/><net_sink comp="618" pin=51"/></net>

<net id="1324"><net_src comp="944" pin="1"/><net_sink comp="1321" pin=0"/></net>

<net id="1325"><net_src comp="1321" pin="1"/><net_sink comp="529" pin=64"/></net>

<net id="1326"><net_src comp="1321" pin="1"/><net_sink comp="618" pin=52"/></net>

<net id="1330"><net_src comp="949" pin="1"/><net_sink comp="1327" pin=0"/></net>

<net id="1331"><net_src comp="1327" pin="1"/><net_sink comp="529" pin=65"/></net>

<net id="1332"><net_src comp="1327" pin="1"/><net_sink comp="618" pin=53"/></net>

<net id="1336"><net_src comp="954" pin="1"/><net_sink comp="1333" pin=0"/></net>

<net id="1337"><net_src comp="1333" pin="1"/><net_sink comp="529" pin=66"/></net>

<net id="1338"><net_src comp="1333" pin="1"/><net_sink comp="618" pin=54"/></net>

<net id="1342"><net_src comp="959" pin="1"/><net_sink comp="1339" pin=0"/></net>

<net id="1343"><net_src comp="1339" pin="1"/><net_sink comp="529" pin=67"/></net>

<net id="1344"><net_src comp="1339" pin="1"/><net_sink comp="618" pin=55"/></net>

<net id="1348"><net_src comp="964" pin="1"/><net_sink comp="1345" pin=0"/></net>

<net id="1349"><net_src comp="1345" pin="1"/><net_sink comp="529" pin=68"/></net>

<net id="1350"><net_src comp="1345" pin="1"/><net_sink comp="618" pin=56"/></net>

<net id="1354"><net_src comp="969" pin="1"/><net_sink comp="1351" pin=0"/></net>

<net id="1355"><net_src comp="1351" pin="1"/><net_sink comp="529" pin=69"/></net>

<net id="1356"><net_src comp="1351" pin="1"/><net_sink comp="618" pin=57"/></net>

<net id="1360"><net_src comp="974" pin="1"/><net_sink comp="1357" pin=0"/></net>

<net id="1361"><net_src comp="1357" pin="1"/><net_sink comp="529" pin=70"/></net>

<net id="1362"><net_src comp="1357" pin="1"/><net_sink comp="618" pin=58"/></net>

<net id="1366"><net_src comp="979" pin="1"/><net_sink comp="1363" pin=0"/></net>

<net id="1367"><net_src comp="1363" pin="1"/><net_sink comp="529" pin=71"/></net>

<net id="1368"><net_src comp="1363" pin="1"/><net_sink comp="618" pin=59"/></net>

<net id="1372"><net_src comp="984" pin="1"/><net_sink comp="1369" pin=0"/></net>

<net id="1373"><net_src comp="1369" pin="1"/><net_sink comp="529" pin=72"/></net>

<net id="1374"><net_src comp="1369" pin="1"/><net_sink comp="618" pin=60"/></net>

<net id="1378"><net_src comp="989" pin="1"/><net_sink comp="1375" pin=0"/></net>

<net id="1379"><net_src comp="1375" pin="1"/><net_sink comp="529" pin=73"/></net>

<net id="1380"><net_src comp="1375" pin="1"/><net_sink comp="618" pin=61"/></net>

<net id="1384"><net_src comp="994" pin="1"/><net_sink comp="1381" pin=0"/></net>

<net id="1385"><net_src comp="1381" pin="1"/><net_sink comp="529" pin=74"/></net>

<net id="1386"><net_src comp="1381" pin="1"/><net_sink comp="618" pin=62"/></net>

<net id="1390"><net_src comp="999" pin="1"/><net_sink comp="1387" pin=0"/></net>

<net id="1391"><net_src comp="1387" pin="1"/><net_sink comp="529" pin=75"/></net>

<net id="1392"><net_src comp="1387" pin="1"/><net_sink comp="618" pin=63"/></net>

<net id="1396"><net_src comp="1004" pin="1"/><net_sink comp="1393" pin=0"/></net>

<net id="1397"><net_src comp="1393" pin="1"/><net_sink comp="529" pin=76"/></net>

<net id="1398"><net_src comp="1393" pin="1"/><net_sink comp="618" pin=64"/></net>

<net id="1402"><net_src comp="1009" pin="1"/><net_sink comp="1399" pin=0"/></net>

<net id="1403"><net_src comp="1399" pin="1"/><net_sink comp="529" pin=77"/></net>

<net id="1404"><net_src comp="1399" pin="1"/><net_sink comp="618" pin=65"/></net>

<net id="1408"><net_src comp="1014" pin="1"/><net_sink comp="1405" pin=0"/></net>

<net id="1409"><net_src comp="1405" pin="1"/><net_sink comp="529" pin=78"/></net>

<net id="1410"><net_src comp="1405" pin="1"/><net_sink comp="618" pin=66"/></net>

<net id="1414"><net_src comp="1019" pin="1"/><net_sink comp="1411" pin=0"/></net>

<net id="1415"><net_src comp="1411" pin="1"/><net_sink comp="529" pin=79"/></net>

<net id="1416"><net_src comp="1411" pin="1"/><net_sink comp="618" pin=67"/></net>

<net id="1420"><net_src comp="1024" pin="1"/><net_sink comp="1417" pin=0"/></net>

<net id="1421"><net_src comp="1417" pin="1"/><net_sink comp="529" pin=80"/></net>

<net id="1422"><net_src comp="1417" pin="1"/><net_sink comp="618" pin=68"/></net>

<net id="1427"><net_src comp="452" pin="2"/><net_sink comp="1423" pin=0"/></net>

<net id="1428"><net_src comp="26" pin="0"/><net_sink comp="1423" pin=1"/></net>

<net id="1433"><net_src comp="446" pin="2"/><net_sink comp="1429" pin=0"/></net>

<net id="1434"><net_src comp="26" pin="0"/><net_sink comp="1429" pin=1"/></net>

<net id="1439"><net_src comp="440" pin="2"/><net_sink comp="1435" pin=0"/></net>

<net id="1440"><net_src comp="26" pin="0"/><net_sink comp="1435" pin=1"/></net>

<net id="1445"><net_src comp="28" pin="0"/><net_sink comp="1441" pin=0"/></net>

<net id="1450"><net_src comp="28" pin="0"/><net_sink comp="1446" pin=0"/></net>

<net id="1455"><net_src comp="28" pin="0"/><net_sink comp="1451" pin=0"/></net>

<net id="1460"><net_src comp="28" pin="0"/><net_sink comp="1456" pin=0"/></net>

<net id="1465"><net_src comp="28" pin="0"/><net_sink comp="1461" pin=0"/></net>

<net id="1470"><net_src comp="28" pin="0"/><net_sink comp="1466" pin=0"/></net>

<net id="1475"><net_src comp="28" pin="0"/><net_sink comp="1471" pin=0"/></net>

<net id="1480"><net_src comp="28" pin="0"/><net_sink comp="1476" pin=0"/></net>

<net id="1485"><net_src comp="28" pin="0"/><net_sink comp="1481" pin=0"/></net>

<net id="1490"><net_src comp="28" pin="0"/><net_sink comp="1486" pin=0"/></net>

<net id="1495"><net_src comp="28" pin="0"/><net_sink comp="1491" pin=0"/></net>

<net id="1500"><net_src comp="28" pin="0"/><net_sink comp="1496" pin=0"/></net>

<net id="1505"><net_src comp="28" pin="0"/><net_sink comp="1501" pin=0"/></net>

<net id="1510"><net_src comp="28" pin="0"/><net_sink comp="1506" pin=0"/></net>

<net id="1515"><net_src comp="28" pin="0"/><net_sink comp="1511" pin=0"/></net>

<net id="1520"><net_src comp="28" pin="0"/><net_sink comp="1516" pin=0"/></net>

<net id="1525"><net_src comp="28" pin="0"/><net_sink comp="1521" pin=0"/></net>

<net id="1530"><net_src comp="28" pin="0"/><net_sink comp="1526" pin=0"/></net>

<net id="1535"><net_src comp="28" pin="0"/><net_sink comp="1531" pin=0"/></net>

<net id="1540"><net_src comp="28" pin="0"/><net_sink comp="1536" pin=0"/></net>

<net id="1545"><net_src comp="28" pin="0"/><net_sink comp="1541" pin=0"/></net>

<net id="1550"><net_src comp="28" pin="0"/><net_sink comp="1546" pin=0"/></net>

<net id="1555"><net_src comp="28" pin="0"/><net_sink comp="1551" pin=0"/></net>

<net id="1560"><net_src comp="28" pin="0"/><net_sink comp="1556" pin=0"/></net>

<net id="1565"><net_src comp="28" pin="0"/><net_sink comp="1561" pin=0"/></net>

<net id="1570"><net_src comp="28" pin="0"/><net_sink comp="1566" pin=0"/></net>

<net id="1575"><net_src comp="28" pin="0"/><net_sink comp="1571" pin=0"/></net>

<net id="1580"><net_src comp="28" pin="0"/><net_sink comp="1576" pin=0"/></net>

<net id="1585"><net_src comp="28" pin="0"/><net_sink comp="1581" pin=0"/></net>

<net id="1590"><net_src comp="28" pin="0"/><net_sink comp="1586" pin=0"/></net>

<net id="1595"><net_src comp="28" pin="0"/><net_sink comp="1591" pin=0"/></net>

<net id="1600"><net_src comp="28" pin="0"/><net_sink comp="1596" pin=0"/></net>

<net id="1605"><net_src comp="28" pin="0"/><net_sink comp="1601" pin=0"/></net>

<net id="1610"><net_src comp="28" pin="0"/><net_sink comp="1606" pin=0"/></net>

<net id="1615"><net_src comp="28" pin="0"/><net_sink comp="1611" pin=0"/></net>

<net id="1620"><net_src comp="28" pin="0"/><net_sink comp="1616" pin=0"/></net>

<net id="1625"><net_src comp="28" pin="0"/><net_sink comp="1621" pin=0"/></net>

<net id="1630"><net_src comp="28" pin="0"/><net_sink comp="1626" pin=0"/></net>

<net id="1635"><net_src comp="28" pin="0"/><net_sink comp="1631" pin=0"/></net>

<net id="1640"><net_src comp="28" pin="0"/><net_sink comp="1636" pin=0"/></net>

<net id="1645"><net_src comp="28" pin="0"/><net_sink comp="1641" pin=0"/></net>

<net id="1650"><net_src comp="28" pin="0"/><net_sink comp="1646" pin=0"/></net>

<net id="1655"><net_src comp="28" pin="0"/><net_sink comp="1651" pin=0"/></net>

<net id="1660"><net_src comp="28" pin="0"/><net_sink comp="1656" pin=0"/></net>

<net id="1665"><net_src comp="28" pin="0"/><net_sink comp="1661" pin=0"/></net>

<net id="1670"><net_src comp="28" pin="0"/><net_sink comp="1666" pin=0"/></net>

<net id="1675"><net_src comp="28" pin="0"/><net_sink comp="1671" pin=0"/></net>

<net id="1680"><net_src comp="28" pin="0"/><net_sink comp="1676" pin=0"/></net>

<net id="1685"><net_src comp="28" pin="0"/><net_sink comp="1681" pin=0"/></net>

<net id="1690"><net_src comp="28" pin="0"/><net_sink comp="1686" pin=0"/></net>

<net id="1695"><net_src comp="28" pin="0"/><net_sink comp="1691" pin=0"/></net>

<net id="1700"><net_src comp="28" pin="0"/><net_sink comp="1696" pin=0"/></net>

<net id="1705"><net_src comp="28" pin="0"/><net_sink comp="1701" pin=0"/></net>

<net id="1710"><net_src comp="28" pin="0"/><net_sink comp="1706" pin=0"/></net>

<net id="1715"><net_src comp="28" pin="0"/><net_sink comp="1711" pin=0"/></net>

<net id="1720"><net_src comp="28" pin="0"/><net_sink comp="1716" pin=0"/></net>

<net id="1725"><net_src comp="28" pin="0"/><net_sink comp="1721" pin=0"/></net>

<net id="1730"><net_src comp="28" pin="0"/><net_sink comp="1726" pin=0"/></net>

<net id="1735"><net_src comp="28" pin="0"/><net_sink comp="1731" pin=0"/></net>

<net id="1740"><net_src comp="28" pin="0"/><net_sink comp="1736" pin=0"/></net>

<net id="1745"><net_src comp="28" pin="0"/><net_sink comp="1741" pin=0"/></net>

<net id="1750"><net_src comp="28" pin="0"/><net_sink comp="1746" pin=0"/></net>

<net id="1755"><net_src comp="28" pin="0"/><net_sink comp="1751" pin=0"/></net>

<net id="1760"><net_src comp="28" pin="0"/><net_sink comp="1756" pin=0"/></net>

<net id="1765"><net_src comp="30" pin="0"/><net_sink comp="1761" pin=0"/></net>

<net id="1771"><net_src comp="1029" pin="1"/><net_sink comp="1766" pin=1"/></net>

<net id="1772"><net_src comp="26" pin="0"/><net_sink comp="1766" pin=2"/></net>

<net id="1778"><net_src comp="1766" pin="3"/><net_sink comp="1773" pin=1"/></net>

<net id="1779"><net_src comp="26" pin="0"/><net_sink comp="1773" pin=2"/></net>

<net id="1785"><net_src comp="26" pin="0"/><net_sink comp="1780" pin=2"/></net>

<net id="1791"><net_src comp="1780" pin="3"/><net_sink comp="1786" pin=1"/></net>

<net id="1792"><net_src comp="26" pin="0"/><net_sink comp="1786" pin=2"/></net>

<net id="1797"><net_src comp="0" pin="0"/><net_sink comp="1793" pin=0"/></net>

<net id="1798"><net_src comp="1793" pin="2"/><net_sink comp="476" pin=1"/></net>

<net id="1803"><net_src comp="2" pin="0"/><net_sink comp="1799" pin=0"/></net>

<net id="1804"><net_src comp="1799" pin="2"/><net_sink comp="482" pin=1"/></net>

<net id="1808"><net_src comp="1805" pin="1"/><net_sink comp="691" pin=0"/></net>

<net id="1812"><net_src comp="1809" pin="1"/><net_sink comp="691" pin=1"/></net>

<net id="1813"><net_src comp="1809" pin="1"/><net_sink comp="696" pin=0"/></net>

<net id="1817"><net_src comp="1814" pin="1"/><net_sink comp="696" pin=1"/></net>

<net id="1825"><net_src comp="1818" pin="1"/><net_sink comp="1821" pin=0"/></net>

<net id="1826"><net_src comp="90" pin="0"/><net_sink comp="1821" pin=1"/></net>

<net id="1831"><net_src comp="1818" pin="1"/><net_sink comp="1827" pin=0"/></net>

<net id="1832"><net_src comp="92" pin="0"/><net_sink comp="1827" pin=1"/></net>

<net id="1837"><net_src comp="1818" pin="1"/><net_sink comp="1833" pin=0"/></net>

<net id="1838"><net_src comp="92" pin="0"/><net_sink comp="1833" pin=1"/></net>

<net id="1839"><net_src comp="1833" pin="2"/><net_sink comp="529" pin=81"/></net>

<net id="1843"><net_src comp="1833" pin="2"/><net_sink comp="1840" pin=0"/></net>

<net id="1848"><net_src comp="1840" pin="1"/><net_sink comp="1844" pin=0"/></net>

<net id="1849"><net_src comp="94" pin="0"/><net_sink comp="1844" pin=1"/></net>

<net id="1850"><net_src comp="1844" pin="2"/><net_sink comp="529" pin=82"/></net>

<net id="1855"><net_src comp="1827" pin="2"/><net_sink comp="1851" pin=0"/></net>

<net id="1862"><net_src comp="98" pin="0"/><net_sink comp="1856" pin=0"/></net>

<net id="1863"><net_src comp="18" pin="0"/><net_sink comp="1856" pin=2"/></net>

<net id="1864"><net_src comp="100" pin="0"/><net_sink comp="1856" pin=3"/></net>

<net id="1868"><net_src comp="529" pin="86"/><net_sink comp="1865" pin=0"/></net>

<net id="1872"><net_src comp="529" pin="86"/><net_sink comp="1869" pin=0"/></net>

<net id="1876"><net_src comp="529" pin="86"/><net_sink comp="1873" pin=0"/></net>

<net id="1880"><net_src comp="529" pin="86"/><net_sink comp="1877" pin=0"/></net>

<net id="1884"><net_src comp="529" pin="86"/><net_sink comp="1881" pin=0"/></net>

<net id="1888"><net_src comp="529" pin="86"/><net_sink comp="1885" pin=0"/></net>

<net id="1892"><net_src comp="529" pin="86"/><net_sink comp="1889" pin=0"/></net>

<net id="1896"><net_src comp="529" pin="86"/><net_sink comp="1893" pin=0"/></net>

<net id="1900"><net_src comp="529" pin="86"/><net_sink comp="1897" pin=0"/></net>

<net id="1904"><net_src comp="529" pin="86"/><net_sink comp="1901" pin=0"/></net>

<net id="1908"><net_src comp="529" pin="86"/><net_sink comp="1905" pin=0"/></net>

<net id="1912"><net_src comp="529" pin="86"/><net_sink comp="1909" pin=0"/></net>

<net id="1916"><net_src comp="529" pin="86"/><net_sink comp="1913" pin=0"/></net>

<net id="1920"><net_src comp="529" pin="86"/><net_sink comp="1917" pin=0"/></net>

<net id="1924"><net_src comp="529" pin="86"/><net_sink comp="1921" pin=0"/></net>

<net id="1928"><net_src comp="529" pin="86"/><net_sink comp="1925" pin=0"/></net>

<net id="1932"><net_src comp="529" pin="86"/><net_sink comp="1929" pin=0"/></net>

<net id="1936"><net_src comp="529" pin="86"/><net_sink comp="1933" pin=0"/></net>

<net id="1940"><net_src comp="529" pin="86"/><net_sink comp="1937" pin=0"/></net>

<net id="1944"><net_src comp="529" pin="86"/><net_sink comp="1941" pin=0"/></net>

<net id="1948"><net_src comp="529" pin="86"/><net_sink comp="1945" pin=0"/></net>

<net id="1952"><net_src comp="529" pin="86"/><net_sink comp="1949" pin=0"/></net>

<net id="1956"><net_src comp="529" pin="86"/><net_sink comp="1953" pin=0"/></net>

<net id="1960"><net_src comp="529" pin="86"/><net_sink comp="1957" pin=0"/></net>

<net id="1964"><net_src comp="529" pin="86"/><net_sink comp="1961" pin=0"/></net>

<net id="1968"><net_src comp="529" pin="86"/><net_sink comp="1965" pin=0"/></net>

<net id="1972"><net_src comp="529" pin="86"/><net_sink comp="1969" pin=0"/></net>

<net id="1976"><net_src comp="529" pin="86"/><net_sink comp="1973" pin=0"/></net>

<net id="1980"><net_src comp="529" pin="86"/><net_sink comp="1977" pin=0"/></net>

<net id="1984"><net_src comp="529" pin="86"/><net_sink comp="1981" pin=0"/></net>

<net id="1988"><net_src comp="529" pin="86"/><net_sink comp="1985" pin=0"/></net>

<net id="1992"><net_src comp="529" pin="86"/><net_sink comp="1989" pin=0"/></net>

<net id="1996"><net_src comp="529" pin="86"/><net_sink comp="1993" pin=0"/></net>

<net id="2000"><net_src comp="529" pin="86"/><net_sink comp="1997" pin=0"/></net>

<net id="2004"><net_src comp="529" pin="86"/><net_sink comp="2001" pin=0"/></net>

<net id="2008"><net_src comp="529" pin="86"/><net_sink comp="2005" pin=0"/></net>

<net id="2012"><net_src comp="529" pin="86"/><net_sink comp="2009" pin=0"/></net>

<net id="2016"><net_src comp="529" pin="86"/><net_sink comp="2013" pin=0"/></net>

<net id="2020"><net_src comp="529" pin="86"/><net_sink comp="2017" pin=0"/></net>

<net id="2024"><net_src comp="529" pin="86"/><net_sink comp="2021" pin=0"/></net>

<net id="2028"><net_src comp="529" pin="86"/><net_sink comp="2025" pin=0"/></net>

<net id="2032"><net_src comp="529" pin="86"/><net_sink comp="2029" pin=0"/></net>

<net id="2036"><net_src comp="529" pin="86"/><net_sink comp="2033" pin=0"/></net>

<net id="2040"><net_src comp="529" pin="86"/><net_sink comp="2037" pin=0"/></net>

<net id="2044"><net_src comp="529" pin="86"/><net_sink comp="2041" pin=0"/></net>

<net id="2048"><net_src comp="529" pin="86"/><net_sink comp="2045" pin=0"/></net>

<net id="2052"><net_src comp="529" pin="86"/><net_sink comp="2049" pin=0"/></net>

<net id="2056"><net_src comp="529" pin="86"/><net_sink comp="2053" pin=0"/></net>

<net id="2060"><net_src comp="529" pin="86"/><net_sink comp="2057" pin=0"/></net>

<net id="2064"><net_src comp="529" pin="86"/><net_sink comp="2061" pin=0"/></net>

<net id="2068"><net_src comp="529" pin="86"/><net_sink comp="2065" pin=0"/></net>

<net id="2072"><net_src comp="529" pin="86"/><net_sink comp="2069" pin=0"/></net>

<net id="2076"><net_src comp="529" pin="86"/><net_sink comp="2073" pin=0"/></net>

<net id="2080"><net_src comp="529" pin="86"/><net_sink comp="2077" pin=0"/></net>

<net id="2084"><net_src comp="529" pin="86"/><net_sink comp="2081" pin=0"/></net>

<net id="2088"><net_src comp="529" pin="86"/><net_sink comp="2085" pin=0"/></net>

<net id="2092"><net_src comp="529" pin="86"/><net_sink comp="2089" pin=0"/></net>

<net id="2096"><net_src comp="529" pin="86"/><net_sink comp="2093" pin=0"/></net>

<net id="2100"><net_src comp="529" pin="86"/><net_sink comp="2097" pin=0"/></net>

<net id="2104"><net_src comp="529" pin="86"/><net_sink comp="2101" pin=0"/></net>

<net id="2108"><net_src comp="529" pin="86"/><net_sink comp="2105" pin=0"/></net>

<net id="2112"><net_src comp="529" pin="86"/><net_sink comp="2109" pin=0"/></net>

<net id="2116"><net_src comp="529" pin="86"/><net_sink comp="2113" pin=0"/></net>

<net id="2120"><net_src comp="529" pin="86"/><net_sink comp="2117" pin=0"/></net>

<net id="2125"><net_src comp="2117" pin="1"/><net_sink comp="2121" pin=0"/></net>

<net id="2130"><net_src comp="2113" pin="1"/><net_sink comp="2126" pin=0"/></net>

<net id="2135"><net_src comp="2109" pin="1"/><net_sink comp="2131" pin=0"/></net>

<net id="2140"><net_src comp="2105" pin="1"/><net_sink comp="2136" pin=0"/></net>

<net id="2145"><net_src comp="2101" pin="1"/><net_sink comp="2141" pin=0"/></net>

<net id="2150"><net_src comp="2097" pin="1"/><net_sink comp="2146" pin=0"/></net>

<net id="2155"><net_src comp="2093" pin="1"/><net_sink comp="2151" pin=0"/></net>

<net id="2160"><net_src comp="2089" pin="1"/><net_sink comp="2156" pin=0"/></net>

<net id="2165"><net_src comp="2085" pin="1"/><net_sink comp="2161" pin=0"/></net>

<net id="2170"><net_src comp="2081" pin="1"/><net_sink comp="2166" pin=0"/></net>

<net id="2175"><net_src comp="2077" pin="1"/><net_sink comp="2171" pin=0"/></net>

<net id="2180"><net_src comp="2073" pin="1"/><net_sink comp="2176" pin=0"/></net>

<net id="2185"><net_src comp="2069" pin="1"/><net_sink comp="2181" pin=0"/></net>

<net id="2190"><net_src comp="2065" pin="1"/><net_sink comp="2186" pin=0"/></net>

<net id="2195"><net_src comp="2061" pin="1"/><net_sink comp="2191" pin=0"/></net>

<net id="2200"><net_src comp="2057" pin="1"/><net_sink comp="2196" pin=0"/></net>

<net id="2205"><net_src comp="2053" pin="1"/><net_sink comp="2201" pin=0"/></net>

<net id="2210"><net_src comp="2049" pin="1"/><net_sink comp="2206" pin=0"/></net>

<net id="2215"><net_src comp="2045" pin="1"/><net_sink comp="2211" pin=0"/></net>

<net id="2220"><net_src comp="2041" pin="1"/><net_sink comp="2216" pin=0"/></net>

<net id="2225"><net_src comp="2037" pin="1"/><net_sink comp="2221" pin=0"/></net>

<net id="2230"><net_src comp="2033" pin="1"/><net_sink comp="2226" pin=0"/></net>

<net id="2235"><net_src comp="2029" pin="1"/><net_sink comp="2231" pin=0"/></net>

<net id="2240"><net_src comp="2025" pin="1"/><net_sink comp="2236" pin=0"/></net>

<net id="2245"><net_src comp="2021" pin="1"/><net_sink comp="2241" pin=0"/></net>

<net id="2250"><net_src comp="2017" pin="1"/><net_sink comp="2246" pin=0"/></net>

<net id="2255"><net_src comp="2013" pin="1"/><net_sink comp="2251" pin=0"/></net>

<net id="2260"><net_src comp="2009" pin="1"/><net_sink comp="2256" pin=0"/></net>

<net id="2265"><net_src comp="2005" pin="1"/><net_sink comp="2261" pin=0"/></net>

<net id="2270"><net_src comp="2001" pin="1"/><net_sink comp="2266" pin=0"/></net>

<net id="2275"><net_src comp="1997" pin="1"/><net_sink comp="2271" pin=0"/></net>

<net id="2280"><net_src comp="1993" pin="1"/><net_sink comp="2276" pin=0"/></net>

<net id="2285"><net_src comp="1989" pin="1"/><net_sink comp="2281" pin=0"/></net>

<net id="2290"><net_src comp="1985" pin="1"/><net_sink comp="2286" pin=0"/></net>

<net id="2295"><net_src comp="1981" pin="1"/><net_sink comp="2291" pin=0"/></net>

<net id="2300"><net_src comp="1977" pin="1"/><net_sink comp="2296" pin=0"/></net>

<net id="2305"><net_src comp="1973" pin="1"/><net_sink comp="2301" pin=0"/></net>

<net id="2310"><net_src comp="1969" pin="1"/><net_sink comp="2306" pin=0"/></net>

<net id="2315"><net_src comp="1965" pin="1"/><net_sink comp="2311" pin=0"/></net>

<net id="2320"><net_src comp="1961" pin="1"/><net_sink comp="2316" pin=0"/></net>

<net id="2325"><net_src comp="1957" pin="1"/><net_sink comp="2321" pin=0"/></net>

<net id="2330"><net_src comp="1953" pin="1"/><net_sink comp="2326" pin=0"/></net>

<net id="2335"><net_src comp="1949" pin="1"/><net_sink comp="2331" pin=0"/></net>

<net id="2340"><net_src comp="1945" pin="1"/><net_sink comp="2336" pin=0"/></net>

<net id="2345"><net_src comp="1941" pin="1"/><net_sink comp="2341" pin=0"/></net>

<net id="2350"><net_src comp="1937" pin="1"/><net_sink comp="2346" pin=0"/></net>

<net id="2355"><net_src comp="1933" pin="1"/><net_sink comp="2351" pin=0"/></net>

<net id="2360"><net_src comp="1929" pin="1"/><net_sink comp="2356" pin=0"/></net>

<net id="2365"><net_src comp="1925" pin="1"/><net_sink comp="2361" pin=0"/></net>

<net id="2370"><net_src comp="1921" pin="1"/><net_sink comp="2366" pin=0"/></net>

<net id="2375"><net_src comp="1917" pin="1"/><net_sink comp="2371" pin=0"/></net>

<net id="2380"><net_src comp="1913" pin="1"/><net_sink comp="2376" pin=0"/></net>

<net id="2385"><net_src comp="1909" pin="1"/><net_sink comp="2381" pin=0"/></net>

<net id="2390"><net_src comp="1905" pin="1"/><net_sink comp="2386" pin=0"/></net>

<net id="2395"><net_src comp="1901" pin="1"/><net_sink comp="2391" pin=0"/></net>

<net id="2400"><net_src comp="1897" pin="1"/><net_sink comp="2396" pin=0"/></net>

<net id="2405"><net_src comp="1893" pin="1"/><net_sink comp="2401" pin=0"/></net>

<net id="2410"><net_src comp="1889" pin="1"/><net_sink comp="2406" pin=0"/></net>

<net id="2415"><net_src comp="1885" pin="1"/><net_sink comp="2411" pin=0"/></net>

<net id="2420"><net_src comp="1881" pin="1"/><net_sink comp="2416" pin=0"/></net>

<net id="2425"><net_src comp="1877" pin="1"/><net_sink comp="2421" pin=0"/></net>

<net id="2430"><net_src comp="1873" pin="1"/><net_sink comp="2426" pin=0"/></net>

<net id="2435"><net_src comp="1869" pin="1"/><net_sink comp="2431" pin=0"/></net>

<net id="2440"><net_src comp="1865" pin="1"/><net_sink comp="2436" pin=0"/></net>

<net id="2446"><net_src comp="1029" pin="1"/><net_sink comp="2441" pin=1"/></net>

<net id="2447"><net_src comp="26" pin="0"/><net_sink comp="2441" pin=2"/></net>

<net id="2453"><net_src comp="2441" pin="3"/><net_sink comp="2448" pin=1"/></net>

<net id="2454"><net_src comp="26" pin="0"/><net_sink comp="2448" pin=2"/></net>

<net id="2462"><net_src comp="4" pin="0"/><net_sink comp="2458" pin=0"/></net>

<net id="2463"><net_src comp="2455" pin="1"/><net_sink comp="2458" pin=1"/></net>

<net id="2464"><net_src comp="2458" pin="2"/><net_sink comp="488" pin=1"/></net>

<net id="2468"><net_src comp="116" pin="1"/><net_sink comp="2465" pin=0"/></net>

<net id="2469"><net_src comp="2465" pin="1"/><net_sink comp="1761" pin=1"/></net>

<net id="2470"><net_src comp="2465" pin="1"/><net_sink comp="1818" pin=0"/></net>

<net id="2471"><net_src comp="2465" pin="1"/><net_sink comp="1851" pin=1"/></net>

<net id="2475"><net_src comp="120" pin="1"/><net_sink comp="2472" pin=0"/></net>

<net id="2476"><net_src comp="2472" pin="1"/><net_sink comp="1756" pin=1"/></net>

<net id="2477"><net_src comp="2472" pin="1"/><net_sink comp="709" pin=0"/></net>

<net id="2478"><net_src comp="2472" pin="1"/><net_sink comp="2436" pin=1"/></net>

<net id="2482"><net_src comp="124" pin="1"/><net_sink comp="2479" pin=0"/></net>

<net id="2483"><net_src comp="2479" pin="1"/><net_sink comp="1751" pin=1"/></net>

<net id="2484"><net_src comp="2479" pin="1"/><net_sink comp="714" pin=0"/></net>

<net id="2485"><net_src comp="2479" pin="1"/><net_sink comp="2431" pin=1"/></net>

<net id="2489"><net_src comp="128" pin="1"/><net_sink comp="2486" pin=0"/></net>

<net id="2490"><net_src comp="2486" pin="1"/><net_sink comp="1746" pin=1"/></net>

<net id="2491"><net_src comp="2486" pin="1"/><net_sink comp="719" pin=0"/></net>

<net id="2492"><net_src comp="2486" pin="1"/><net_sink comp="2426" pin=1"/></net>

<net id="2496"><net_src comp="132" pin="1"/><net_sink comp="2493" pin=0"/></net>

<net id="2497"><net_src comp="2493" pin="1"/><net_sink comp="1741" pin=1"/></net>

<net id="2498"><net_src comp="2493" pin="1"/><net_sink comp="724" pin=0"/></net>

<net id="2499"><net_src comp="2493" pin="1"/><net_sink comp="2421" pin=1"/></net>

<net id="2503"><net_src comp="136" pin="1"/><net_sink comp="2500" pin=0"/></net>

<net id="2504"><net_src comp="2500" pin="1"/><net_sink comp="1736" pin=1"/></net>

<net id="2505"><net_src comp="2500" pin="1"/><net_sink comp="729" pin=0"/></net>

<net id="2506"><net_src comp="2500" pin="1"/><net_sink comp="2416" pin=1"/></net>

<net id="2510"><net_src comp="140" pin="1"/><net_sink comp="2507" pin=0"/></net>

<net id="2511"><net_src comp="2507" pin="1"/><net_sink comp="1731" pin=1"/></net>

<net id="2512"><net_src comp="2507" pin="1"/><net_sink comp="734" pin=0"/></net>

<net id="2513"><net_src comp="2507" pin="1"/><net_sink comp="2411" pin=1"/></net>

<net id="2517"><net_src comp="144" pin="1"/><net_sink comp="2514" pin=0"/></net>

<net id="2518"><net_src comp="2514" pin="1"/><net_sink comp="1726" pin=1"/></net>

<net id="2519"><net_src comp="2514" pin="1"/><net_sink comp="739" pin=0"/></net>

<net id="2520"><net_src comp="2514" pin="1"/><net_sink comp="2406" pin=1"/></net>

<net id="2524"><net_src comp="148" pin="1"/><net_sink comp="2521" pin=0"/></net>

<net id="2525"><net_src comp="2521" pin="1"/><net_sink comp="1721" pin=1"/></net>

<net id="2526"><net_src comp="2521" pin="1"/><net_sink comp="744" pin=0"/></net>

<net id="2527"><net_src comp="2521" pin="1"/><net_sink comp="2401" pin=1"/></net>

<net id="2531"><net_src comp="152" pin="1"/><net_sink comp="2528" pin=0"/></net>

<net id="2532"><net_src comp="2528" pin="1"/><net_sink comp="1716" pin=1"/></net>

<net id="2533"><net_src comp="2528" pin="1"/><net_sink comp="749" pin=0"/></net>

<net id="2534"><net_src comp="2528" pin="1"/><net_sink comp="2396" pin=1"/></net>

<net id="2538"><net_src comp="156" pin="1"/><net_sink comp="2535" pin=0"/></net>

<net id="2539"><net_src comp="2535" pin="1"/><net_sink comp="1711" pin=1"/></net>

<net id="2540"><net_src comp="2535" pin="1"/><net_sink comp="754" pin=0"/></net>

<net id="2541"><net_src comp="2535" pin="1"/><net_sink comp="2391" pin=1"/></net>

<net id="2545"><net_src comp="160" pin="1"/><net_sink comp="2542" pin=0"/></net>

<net id="2546"><net_src comp="2542" pin="1"/><net_sink comp="1706" pin=1"/></net>

<net id="2547"><net_src comp="2542" pin="1"/><net_sink comp="759" pin=0"/></net>

<net id="2548"><net_src comp="2542" pin="1"/><net_sink comp="2386" pin=1"/></net>

<net id="2552"><net_src comp="164" pin="1"/><net_sink comp="2549" pin=0"/></net>

<net id="2553"><net_src comp="2549" pin="1"/><net_sink comp="1701" pin=1"/></net>

<net id="2554"><net_src comp="2549" pin="1"/><net_sink comp="764" pin=0"/></net>

<net id="2555"><net_src comp="2549" pin="1"/><net_sink comp="2381" pin=1"/></net>

<net id="2559"><net_src comp="168" pin="1"/><net_sink comp="2556" pin=0"/></net>

<net id="2560"><net_src comp="2556" pin="1"/><net_sink comp="1696" pin=1"/></net>

<net id="2561"><net_src comp="2556" pin="1"/><net_sink comp="769" pin=0"/></net>

<net id="2562"><net_src comp="2556" pin="1"/><net_sink comp="2376" pin=1"/></net>

<net id="2566"><net_src comp="172" pin="1"/><net_sink comp="2563" pin=0"/></net>

<net id="2567"><net_src comp="2563" pin="1"/><net_sink comp="1691" pin=1"/></net>

<net id="2568"><net_src comp="2563" pin="1"/><net_sink comp="774" pin=0"/></net>

<net id="2569"><net_src comp="2563" pin="1"/><net_sink comp="2371" pin=1"/></net>

<net id="2573"><net_src comp="176" pin="1"/><net_sink comp="2570" pin=0"/></net>

<net id="2574"><net_src comp="2570" pin="1"/><net_sink comp="1686" pin=1"/></net>

<net id="2575"><net_src comp="2570" pin="1"/><net_sink comp="779" pin=0"/></net>

<net id="2576"><net_src comp="2570" pin="1"/><net_sink comp="2366" pin=1"/></net>

<net id="2580"><net_src comp="180" pin="1"/><net_sink comp="2577" pin=0"/></net>

<net id="2581"><net_src comp="2577" pin="1"/><net_sink comp="1681" pin=1"/></net>

<net id="2582"><net_src comp="2577" pin="1"/><net_sink comp="784" pin=0"/></net>

<net id="2583"><net_src comp="2577" pin="1"/><net_sink comp="2361" pin=1"/></net>

<net id="2587"><net_src comp="184" pin="1"/><net_sink comp="2584" pin=0"/></net>

<net id="2588"><net_src comp="2584" pin="1"/><net_sink comp="1676" pin=1"/></net>

<net id="2589"><net_src comp="2584" pin="1"/><net_sink comp="789" pin=0"/></net>

<net id="2590"><net_src comp="2584" pin="1"/><net_sink comp="2356" pin=1"/></net>

<net id="2594"><net_src comp="188" pin="1"/><net_sink comp="2591" pin=0"/></net>

<net id="2595"><net_src comp="2591" pin="1"/><net_sink comp="1671" pin=1"/></net>

<net id="2596"><net_src comp="2591" pin="1"/><net_sink comp="794" pin=0"/></net>

<net id="2597"><net_src comp="2591" pin="1"/><net_sink comp="2351" pin=1"/></net>

<net id="2601"><net_src comp="192" pin="1"/><net_sink comp="2598" pin=0"/></net>

<net id="2602"><net_src comp="2598" pin="1"/><net_sink comp="1666" pin=1"/></net>

<net id="2603"><net_src comp="2598" pin="1"/><net_sink comp="799" pin=0"/></net>

<net id="2604"><net_src comp="2598" pin="1"/><net_sink comp="2346" pin=1"/></net>

<net id="2608"><net_src comp="196" pin="1"/><net_sink comp="2605" pin=0"/></net>

<net id="2609"><net_src comp="2605" pin="1"/><net_sink comp="1661" pin=1"/></net>

<net id="2610"><net_src comp="2605" pin="1"/><net_sink comp="804" pin=0"/></net>

<net id="2611"><net_src comp="2605" pin="1"/><net_sink comp="2341" pin=1"/></net>

<net id="2615"><net_src comp="200" pin="1"/><net_sink comp="2612" pin=0"/></net>

<net id="2616"><net_src comp="2612" pin="1"/><net_sink comp="1656" pin=1"/></net>

<net id="2617"><net_src comp="2612" pin="1"/><net_sink comp="809" pin=0"/></net>

<net id="2618"><net_src comp="2612" pin="1"/><net_sink comp="2336" pin=1"/></net>

<net id="2622"><net_src comp="204" pin="1"/><net_sink comp="2619" pin=0"/></net>

<net id="2623"><net_src comp="2619" pin="1"/><net_sink comp="1651" pin=1"/></net>

<net id="2624"><net_src comp="2619" pin="1"/><net_sink comp="814" pin=0"/></net>

<net id="2625"><net_src comp="2619" pin="1"/><net_sink comp="2331" pin=1"/></net>

<net id="2629"><net_src comp="208" pin="1"/><net_sink comp="2626" pin=0"/></net>

<net id="2630"><net_src comp="2626" pin="1"/><net_sink comp="1646" pin=1"/></net>

<net id="2631"><net_src comp="2626" pin="1"/><net_sink comp="819" pin=0"/></net>

<net id="2632"><net_src comp="2626" pin="1"/><net_sink comp="2326" pin=1"/></net>

<net id="2636"><net_src comp="212" pin="1"/><net_sink comp="2633" pin=0"/></net>

<net id="2637"><net_src comp="2633" pin="1"/><net_sink comp="1641" pin=1"/></net>

<net id="2638"><net_src comp="2633" pin="1"/><net_sink comp="824" pin=0"/></net>

<net id="2639"><net_src comp="2633" pin="1"/><net_sink comp="2321" pin=1"/></net>

<net id="2643"><net_src comp="216" pin="1"/><net_sink comp="2640" pin=0"/></net>

<net id="2644"><net_src comp="2640" pin="1"/><net_sink comp="1636" pin=1"/></net>

<net id="2645"><net_src comp="2640" pin="1"/><net_sink comp="829" pin=0"/></net>

<net id="2646"><net_src comp="2640" pin="1"/><net_sink comp="2316" pin=1"/></net>

<net id="2650"><net_src comp="220" pin="1"/><net_sink comp="2647" pin=0"/></net>

<net id="2651"><net_src comp="2647" pin="1"/><net_sink comp="1631" pin=1"/></net>

<net id="2652"><net_src comp="2647" pin="1"/><net_sink comp="834" pin=0"/></net>

<net id="2653"><net_src comp="2647" pin="1"/><net_sink comp="2311" pin=1"/></net>

<net id="2657"><net_src comp="224" pin="1"/><net_sink comp="2654" pin=0"/></net>

<net id="2658"><net_src comp="2654" pin="1"/><net_sink comp="1626" pin=1"/></net>

<net id="2659"><net_src comp="2654" pin="1"/><net_sink comp="839" pin=0"/></net>

<net id="2660"><net_src comp="2654" pin="1"/><net_sink comp="2306" pin=1"/></net>

<net id="2664"><net_src comp="228" pin="1"/><net_sink comp="2661" pin=0"/></net>

<net id="2665"><net_src comp="2661" pin="1"/><net_sink comp="1621" pin=1"/></net>

<net id="2666"><net_src comp="2661" pin="1"/><net_sink comp="844" pin=0"/></net>

<net id="2667"><net_src comp="2661" pin="1"/><net_sink comp="2301" pin=1"/></net>

<net id="2671"><net_src comp="232" pin="1"/><net_sink comp="2668" pin=0"/></net>

<net id="2672"><net_src comp="2668" pin="1"/><net_sink comp="1616" pin=1"/></net>

<net id="2673"><net_src comp="2668" pin="1"/><net_sink comp="849" pin=0"/></net>

<net id="2674"><net_src comp="2668" pin="1"/><net_sink comp="2296" pin=1"/></net>

<net id="2678"><net_src comp="236" pin="1"/><net_sink comp="2675" pin=0"/></net>

<net id="2679"><net_src comp="2675" pin="1"/><net_sink comp="1611" pin=1"/></net>

<net id="2680"><net_src comp="2675" pin="1"/><net_sink comp="854" pin=0"/></net>

<net id="2681"><net_src comp="2675" pin="1"/><net_sink comp="2291" pin=1"/></net>

<net id="2685"><net_src comp="240" pin="1"/><net_sink comp="2682" pin=0"/></net>

<net id="2686"><net_src comp="2682" pin="1"/><net_sink comp="1606" pin=1"/></net>

<net id="2687"><net_src comp="2682" pin="1"/><net_sink comp="859" pin=0"/></net>

<net id="2688"><net_src comp="2682" pin="1"/><net_sink comp="2286" pin=1"/></net>

<net id="2692"><net_src comp="244" pin="1"/><net_sink comp="2689" pin=0"/></net>

<net id="2693"><net_src comp="2689" pin="1"/><net_sink comp="1601" pin=1"/></net>

<net id="2694"><net_src comp="2689" pin="1"/><net_sink comp="864" pin=0"/></net>

<net id="2695"><net_src comp="2689" pin="1"/><net_sink comp="2281" pin=1"/></net>

<net id="2699"><net_src comp="248" pin="1"/><net_sink comp="2696" pin=0"/></net>

<net id="2700"><net_src comp="2696" pin="1"/><net_sink comp="1596" pin=1"/></net>

<net id="2701"><net_src comp="2696" pin="1"/><net_sink comp="869" pin=0"/></net>

<net id="2702"><net_src comp="2696" pin="1"/><net_sink comp="2276" pin=1"/></net>

<net id="2706"><net_src comp="252" pin="1"/><net_sink comp="2703" pin=0"/></net>

<net id="2707"><net_src comp="2703" pin="1"/><net_sink comp="1591" pin=1"/></net>

<net id="2708"><net_src comp="2703" pin="1"/><net_sink comp="874" pin=0"/></net>

<net id="2709"><net_src comp="2703" pin="1"/><net_sink comp="2271" pin=1"/></net>

<net id="2713"><net_src comp="256" pin="1"/><net_sink comp="2710" pin=0"/></net>

<net id="2714"><net_src comp="2710" pin="1"/><net_sink comp="1586" pin=1"/></net>

<net id="2715"><net_src comp="2710" pin="1"/><net_sink comp="879" pin=0"/></net>

<net id="2716"><net_src comp="2710" pin="1"/><net_sink comp="2266" pin=1"/></net>

<net id="2720"><net_src comp="260" pin="1"/><net_sink comp="2717" pin=0"/></net>

<net id="2721"><net_src comp="2717" pin="1"/><net_sink comp="1581" pin=1"/></net>

<net id="2722"><net_src comp="2717" pin="1"/><net_sink comp="884" pin=0"/></net>

<net id="2723"><net_src comp="2717" pin="1"/><net_sink comp="2261" pin=1"/></net>

<net id="2727"><net_src comp="264" pin="1"/><net_sink comp="2724" pin=0"/></net>

<net id="2728"><net_src comp="2724" pin="1"/><net_sink comp="1576" pin=1"/></net>

<net id="2729"><net_src comp="2724" pin="1"/><net_sink comp="889" pin=0"/></net>

<net id="2730"><net_src comp="2724" pin="1"/><net_sink comp="2256" pin=1"/></net>

<net id="2734"><net_src comp="268" pin="1"/><net_sink comp="2731" pin=0"/></net>

<net id="2735"><net_src comp="2731" pin="1"/><net_sink comp="1571" pin=1"/></net>

<net id="2736"><net_src comp="2731" pin="1"/><net_sink comp="894" pin=0"/></net>

<net id="2737"><net_src comp="2731" pin="1"/><net_sink comp="2251" pin=1"/></net>

<net id="2741"><net_src comp="272" pin="1"/><net_sink comp="2738" pin=0"/></net>

<net id="2742"><net_src comp="2738" pin="1"/><net_sink comp="1566" pin=1"/></net>

<net id="2743"><net_src comp="2738" pin="1"/><net_sink comp="899" pin=0"/></net>

<net id="2744"><net_src comp="2738" pin="1"/><net_sink comp="2246" pin=1"/></net>

<net id="2748"><net_src comp="276" pin="1"/><net_sink comp="2745" pin=0"/></net>

<net id="2749"><net_src comp="2745" pin="1"/><net_sink comp="1561" pin=1"/></net>

<net id="2750"><net_src comp="2745" pin="1"/><net_sink comp="904" pin=0"/></net>

<net id="2751"><net_src comp="2745" pin="1"/><net_sink comp="2241" pin=1"/></net>

<net id="2755"><net_src comp="280" pin="1"/><net_sink comp="2752" pin=0"/></net>

<net id="2756"><net_src comp="2752" pin="1"/><net_sink comp="1556" pin=1"/></net>

<net id="2757"><net_src comp="2752" pin="1"/><net_sink comp="909" pin=0"/></net>

<net id="2758"><net_src comp="2752" pin="1"/><net_sink comp="2236" pin=1"/></net>

<net id="2762"><net_src comp="284" pin="1"/><net_sink comp="2759" pin=0"/></net>

<net id="2763"><net_src comp="2759" pin="1"/><net_sink comp="1551" pin=1"/></net>

<net id="2764"><net_src comp="2759" pin="1"/><net_sink comp="914" pin=0"/></net>

<net id="2765"><net_src comp="2759" pin="1"/><net_sink comp="2231" pin=1"/></net>

<net id="2769"><net_src comp="288" pin="1"/><net_sink comp="2766" pin=0"/></net>

<net id="2770"><net_src comp="2766" pin="1"/><net_sink comp="1546" pin=1"/></net>

<net id="2771"><net_src comp="2766" pin="1"/><net_sink comp="919" pin=0"/></net>

<net id="2772"><net_src comp="2766" pin="1"/><net_sink comp="2226" pin=1"/></net>

<net id="2776"><net_src comp="292" pin="1"/><net_sink comp="2773" pin=0"/></net>

<net id="2777"><net_src comp="2773" pin="1"/><net_sink comp="1541" pin=1"/></net>

<net id="2778"><net_src comp="2773" pin="1"/><net_sink comp="924" pin=0"/></net>

<net id="2779"><net_src comp="2773" pin="1"/><net_sink comp="2221" pin=1"/></net>

<net id="2783"><net_src comp="296" pin="1"/><net_sink comp="2780" pin=0"/></net>

<net id="2784"><net_src comp="2780" pin="1"/><net_sink comp="1536" pin=1"/></net>

<net id="2785"><net_src comp="2780" pin="1"/><net_sink comp="929" pin=0"/></net>

<net id="2786"><net_src comp="2780" pin="1"/><net_sink comp="2216" pin=1"/></net>

<net id="2790"><net_src comp="300" pin="1"/><net_sink comp="2787" pin=0"/></net>

<net id="2791"><net_src comp="2787" pin="1"/><net_sink comp="1531" pin=1"/></net>

<net id="2792"><net_src comp="2787" pin="1"/><net_sink comp="934" pin=0"/></net>

<net id="2793"><net_src comp="2787" pin="1"/><net_sink comp="2211" pin=1"/></net>

<net id="2797"><net_src comp="304" pin="1"/><net_sink comp="2794" pin=0"/></net>

<net id="2798"><net_src comp="2794" pin="1"/><net_sink comp="1526" pin=1"/></net>

<net id="2799"><net_src comp="2794" pin="1"/><net_sink comp="939" pin=0"/></net>

<net id="2800"><net_src comp="2794" pin="1"/><net_sink comp="2206" pin=1"/></net>

<net id="2804"><net_src comp="308" pin="1"/><net_sink comp="2801" pin=0"/></net>

<net id="2805"><net_src comp="2801" pin="1"/><net_sink comp="1521" pin=1"/></net>

<net id="2806"><net_src comp="2801" pin="1"/><net_sink comp="944" pin=0"/></net>

<net id="2807"><net_src comp="2801" pin="1"/><net_sink comp="2201" pin=1"/></net>

<net id="2811"><net_src comp="312" pin="1"/><net_sink comp="2808" pin=0"/></net>

<net id="2812"><net_src comp="2808" pin="1"/><net_sink comp="1516" pin=1"/></net>

<net id="2813"><net_src comp="2808" pin="1"/><net_sink comp="949" pin=0"/></net>

<net id="2814"><net_src comp="2808" pin="1"/><net_sink comp="2196" pin=1"/></net>

<net id="2818"><net_src comp="316" pin="1"/><net_sink comp="2815" pin=0"/></net>

<net id="2819"><net_src comp="2815" pin="1"/><net_sink comp="1511" pin=1"/></net>

<net id="2820"><net_src comp="2815" pin="1"/><net_sink comp="954" pin=0"/></net>

<net id="2821"><net_src comp="2815" pin="1"/><net_sink comp="2191" pin=1"/></net>

<net id="2825"><net_src comp="320" pin="1"/><net_sink comp="2822" pin=0"/></net>

<net id="2826"><net_src comp="2822" pin="1"/><net_sink comp="1506" pin=1"/></net>

<net id="2827"><net_src comp="2822" pin="1"/><net_sink comp="959" pin=0"/></net>

<net id="2828"><net_src comp="2822" pin="1"/><net_sink comp="2186" pin=1"/></net>

<net id="2832"><net_src comp="324" pin="1"/><net_sink comp="2829" pin=0"/></net>

<net id="2833"><net_src comp="2829" pin="1"/><net_sink comp="1501" pin=1"/></net>

<net id="2834"><net_src comp="2829" pin="1"/><net_sink comp="964" pin=0"/></net>

<net id="2835"><net_src comp="2829" pin="1"/><net_sink comp="2181" pin=1"/></net>

<net id="2839"><net_src comp="328" pin="1"/><net_sink comp="2836" pin=0"/></net>

<net id="2840"><net_src comp="2836" pin="1"/><net_sink comp="1496" pin=1"/></net>

<net id="2841"><net_src comp="2836" pin="1"/><net_sink comp="969" pin=0"/></net>

<net id="2842"><net_src comp="2836" pin="1"/><net_sink comp="2176" pin=1"/></net>

<net id="2846"><net_src comp="332" pin="1"/><net_sink comp="2843" pin=0"/></net>

<net id="2847"><net_src comp="2843" pin="1"/><net_sink comp="1491" pin=1"/></net>

<net id="2848"><net_src comp="2843" pin="1"/><net_sink comp="974" pin=0"/></net>

<net id="2849"><net_src comp="2843" pin="1"/><net_sink comp="2171" pin=1"/></net>

<net id="2853"><net_src comp="336" pin="1"/><net_sink comp="2850" pin=0"/></net>

<net id="2854"><net_src comp="2850" pin="1"/><net_sink comp="1486" pin=1"/></net>

<net id="2855"><net_src comp="2850" pin="1"/><net_sink comp="979" pin=0"/></net>

<net id="2856"><net_src comp="2850" pin="1"/><net_sink comp="2166" pin=1"/></net>

<net id="2860"><net_src comp="340" pin="1"/><net_sink comp="2857" pin=0"/></net>

<net id="2861"><net_src comp="2857" pin="1"/><net_sink comp="1481" pin=1"/></net>

<net id="2862"><net_src comp="2857" pin="1"/><net_sink comp="984" pin=0"/></net>

<net id="2863"><net_src comp="2857" pin="1"/><net_sink comp="2161" pin=1"/></net>

<net id="2867"><net_src comp="344" pin="1"/><net_sink comp="2864" pin=0"/></net>

<net id="2868"><net_src comp="2864" pin="1"/><net_sink comp="1476" pin=1"/></net>

<net id="2869"><net_src comp="2864" pin="1"/><net_sink comp="989" pin=0"/></net>

<net id="2870"><net_src comp="2864" pin="1"/><net_sink comp="2156" pin=1"/></net>

<net id="2874"><net_src comp="348" pin="1"/><net_sink comp="2871" pin=0"/></net>

<net id="2875"><net_src comp="2871" pin="1"/><net_sink comp="1471" pin=1"/></net>

<net id="2876"><net_src comp="2871" pin="1"/><net_sink comp="994" pin=0"/></net>

<net id="2877"><net_src comp="2871" pin="1"/><net_sink comp="2151" pin=1"/></net>

<net id="2881"><net_src comp="352" pin="1"/><net_sink comp="2878" pin=0"/></net>

<net id="2882"><net_src comp="2878" pin="1"/><net_sink comp="1466" pin=1"/></net>

<net id="2883"><net_src comp="2878" pin="1"/><net_sink comp="999" pin=0"/></net>

<net id="2884"><net_src comp="2878" pin="1"/><net_sink comp="2146" pin=1"/></net>

<net id="2888"><net_src comp="356" pin="1"/><net_sink comp="2885" pin=0"/></net>

<net id="2889"><net_src comp="2885" pin="1"/><net_sink comp="1461" pin=1"/></net>

<net id="2890"><net_src comp="2885" pin="1"/><net_sink comp="1004" pin=0"/></net>

<net id="2891"><net_src comp="2885" pin="1"/><net_sink comp="2141" pin=1"/></net>

<net id="2895"><net_src comp="360" pin="1"/><net_sink comp="2892" pin=0"/></net>

<net id="2896"><net_src comp="2892" pin="1"/><net_sink comp="1456" pin=1"/></net>

<net id="2897"><net_src comp="2892" pin="1"/><net_sink comp="1009" pin=0"/></net>

<net id="2898"><net_src comp="2892" pin="1"/><net_sink comp="2136" pin=1"/></net>

<net id="2902"><net_src comp="364" pin="1"/><net_sink comp="2899" pin=0"/></net>

<net id="2903"><net_src comp="2899" pin="1"/><net_sink comp="1451" pin=1"/></net>

<net id="2904"><net_src comp="2899" pin="1"/><net_sink comp="1014" pin=0"/></net>

<net id="2905"><net_src comp="2899" pin="1"/><net_sink comp="2131" pin=1"/></net>

<net id="2909"><net_src comp="368" pin="1"/><net_sink comp="2906" pin=0"/></net>

<net id="2910"><net_src comp="2906" pin="1"/><net_sink comp="1446" pin=1"/></net>

<net id="2911"><net_src comp="2906" pin="1"/><net_sink comp="1019" pin=0"/></net>

<net id="2912"><net_src comp="2906" pin="1"/><net_sink comp="2126" pin=1"/></net>

<net id="2916"><net_src comp="372" pin="1"/><net_sink comp="2913" pin=0"/></net>

<net id="2917"><net_src comp="2913" pin="1"/><net_sink comp="1441" pin=1"/></net>

<net id="2918"><net_src comp="2913" pin="1"/><net_sink comp="1024" pin=0"/></net>

<net id="2919"><net_src comp="2913" pin="1"/><net_sink comp="2121" pin=1"/></net>

<net id="2923"><net_src comp="440" pin="2"/><net_sink comp="2920" pin=0"/></net>

<net id="2924"><net_src comp="2920" pin="1"/><net_sink comp="705" pin=0"/></net>

<net id="2925"><net_src comp="2920" pin="1"/><net_sink comp="1814" pin=0"/></net>

<net id="2926"><net_src comp="2920" pin="1"/><net_sink comp="512" pin=2"/></net>

<net id="2927"><net_src comp="2920" pin="1"/><net_sink comp="529" pin=85"/></net>

<net id="2928"><net_src comp="2920" pin="1"/><net_sink comp="701" pin=0"/></net>

<net id="2929"><net_src comp="2920" pin="1"/><net_sink comp="618" pin=2"/></net>

<net id="2933"><net_src comp="446" pin="2"/><net_sink comp="2930" pin=0"/></net>

<net id="2934"><net_src comp="2930" pin="1"/><net_sink comp="701" pin=0"/></net>

<net id="2935"><net_src comp="2930" pin="1"/><net_sink comp="705" pin=1"/></net>

<net id="2936"><net_src comp="2930" pin="1"/><net_sink comp="1809" pin=0"/></net>

<net id="2937"><net_src comp="2930" pin="1"/><net_sink comp="495" pin=2"/></net>

<net id="2938"><net_src comp="2930" pin="1"/><net_sink comp="529" pin=84"/></net>

<net id="2942"><net_src comp="452" pin="2"/><net_sink comp="2939" pin=0"/></net>

<net id="2943"><net_src comp="2939" pin="1"/><net_sink comp="701" pin=1"/></net>

<net id="2944"><net_src comp="2939" pin="1"/><net_sink comp="1805" pin=0"/></net>

<net id="2945"><net_src comp="2939" pin="1"/><net_sink comp="529" pin=83"/></net>

<net id="2949"><net_src comp="458" pin="2"/><net_sink comp="2946" pin=0"/></net>

<net id="2950"><net_src comp="2946" pin="1"/><net_sink comp="1856" pin=1"/></net>

<net id="2954"><net_src comp="464" pin="2"/><net_sink comp="2951" pin=0"/></net>

<net id="2955"><net_src comp="2951" pin="1"/><net_sink comp="1799" pin=1"/></net>

<net id="2956"><net_src comp="2951" pin="1"/><net_sink comp="512" pin=4"/></net>

<net id="2960"><net_src comp="470" pin="2"/><net_sink comp="2957" pin=0"/></net>

<net id="2961"><net_src comp="2957" pin="1"/><net_sink comp="1793" pin=1"/></net>

<net id="2962"><net_src comp="2957" pin="1"/><net_sink comp="495" pin=4"/></net>

<net id="2966"><net_src comp="1423" pin="2"/><net_sink comp="2963" pin=0"/></net>

<net id="2967"><net_src comp="2963" pin="1"/><net_sink comp="1773" pin=0"/></net>

<net id="2968"><net_src comp="2963" pin="1"/><net_sink comp="2448" pin=0"/></net>

<net id="2972"><net_src comp="1429" pin="2"/><net_sink comp="2969" pin=0"/></net>

<net id="2973"><net_src comp="2969" pin="1"/><net_sink comp="1766" pin=0"/></net>

<net id="2974"><net_src comp="2969" pin="1"/><net_sink comp="1786" pin=0"/></net>

<net id="2978"><net_src comp="1435" pin="2"/><net_sink comp="2975" pin=0"/></net>

<net id="2979"><net_src comp="2975" pin="1"/><net_sink comp="1780" pin=0"/></net>

<net id="2980"><net_src comp="2975" pin="1"/><net_sink comp="2441" pin=0"/></net>

<net id="2984"><net_src comp="705" pin="2"/><net_sink comp="2981" pin=0"/></net>

<net id="2985"><net_src comp="2981" pin="1"/><net_sink comp="1780" pin=1"/></net>

<net id="2989"><net_src comp="1773" pin="3"/><net_sink comp="2986" pin=0"/></net>

<net id="2990"><net_src comp="2986" pin="1"/><net_sink comp="476" pin=2"/></net>

<net id="2994"><net_src comp="1786" pin="3"/><net_sink comp="2991" pin=0"/></net>

<net id="2995"><net_src comp="2991" pin="1"/><net_sink comp="482" pin=2"/></net>

<net id="2999"><net_src comp="1793" pin="2"/><net_sink comp="2996" pin=0"/></net>

<net id="3000"><net_src comp="2996" pin="1"/><net_sink comp="476" pin=1"/></net>

<net id="3004"><net_src comp="1799" pin="2"/><net_sink comp="3001" pin=0"/></net>

<net id="3005"><net_src comp="3001" pin="1"/><net_sink comp="482" pin=1"/></net>

<net id="3009"><net_src comp="1805" pin="1"/><net_sink comp="3006" pin=0"/></net>

<net id="3010"><net_src comp="3006" pin="1"/><net_sink comp="691" pin=0"/></net>

<net id="3014"><net_src comp="1809" pin="1"/><net_sink comp="3011" pin=0"/></net>

<net id="3015"><net_src comp="3011" pin="1"/><net_sink comp="691" pin=1"/></net>

<net id="3016"><net_src comp="3011" pin="1"/><net_sink comp="696" pin=0"/></net>

<net id="3020"><net_src comp="1814" pin="1"/><net_sink comp="3017" pin=0"/></net>

<net id="3021"><net_src comp="3017" pin="1"/><net_sink comp="696" pin=1"/></net>

<net id="3022"><net_src comp="3017" pin="1"/><net_sink comp="691" pin=1"/></net>

<net id="3026"><net_src comp="696" pin="2"/><net_sink comp="3023" pin=0"/></net>

<net id="3027"><net_src comp="3023" pin="1"/><net_sink comp="512" pin=3"/></net>

<net id="3034"><net_src comp="1833" pin="2"/><net_sink comp="3031" pin=0"/></net>

<net id="3035"><net_src comp="3031" pin="1"/><net_sink comp="529" pin=81"/></net>

<net id="3039"><net_src comp="1844" pin="2"/><net_sink comp="3036" pin=0"/></net>

<net id="3040"><net_src comp="3036" pin="1"/><net_sink comp="529" pin=82"/></net>

<net id="3044"><net_src comp="1856" pin="4"/><net_sink comp="3041" pin=0"/></net>

<net id="3045"><net_src comp="3041" pin="1"/><net_sink comp="2455" pin=0"/></net>

<net id="3046"><net_src comp="3041" pin="1"/><net_sink comp="618" pin=4"/></net>

<net id="3050"><net_src comp="2448" pin="3"/><net_sink comp="3047" pin=0"/></net>

<net id="3051"><net_src comp="3047" pin="1"/><net_sink comp="488" pin=2"/></net>

<net id="3055"><net_src comp="2458" pin="2"/><net_sink comp="3052" pin=0"/></net>

<net id="3056"><net_src comp="3052" pin="1"/><net_sink comp="488" pin=1"/></net>

</net_list>

</model> 
---------------- Datapath Model END ------------------

* FSMD analyzer results:
  - Output states:
	Port: gmem2 | {19 20 21 22 23 24 25 26 }
 - Input state : 
	Port: mmult : gmem0 | {5 6 7 8 9 10 11 12 13 14 }
	Port: mmult : gmem1 | {5 6 7 8 9 10 11 12 13 14 }
	Port: mmult : a | {1 }
	Port: mmult : b | {1 }
	Port: mmult : c | {1 }
	Port: mmult : a_row | {1 }
	Port: mmult : a_col | {1 }
	Port: mmult : b_col | {1 }
  - Chain level:
	State 1
		store_ln0 : 1
		store_ln0 : 1
		store_ln0 : 1
		store_ln0 : 1
		store_ln0 : 1
		store_ln0 : 1
		store_ln0 : 1
		store_ln0 : 1
		store_ln0 : 1
		store_ln0 : 1
		store_ln0 : 1
		store_ln0 : 1
		store_ln0 : 1
		store_ln0 : 1
		store_ln0 : 1
		store_ln0 : 1
		store_ln0 : 1
		store_ln0 : 1
		store_ln0 : 1
		store_ln0 : 1
		store_ln0 : 1
		store_ln0 : 1
		store_ln0 : 1
		store_ln0 : 1
		store_ln0 : 1
		store_ln0 : 1
		store_ln0 : 1
		store_ln0 : 1
		store_ln0 : 1
		store_ln0 : 1
		store_ln0 : 1
		store_ln0 : 1
		store_ln0 : 1
		store_ln0 : 1
		store_ln0 : 1
		store_ln0 : 1
		store_ln0 : 1
		store_ln0 : 1
		store_ln0 : 1
		store_ln0 : 1
		store_ln0 : 1
		store_ln0 : 1
		store_ln0 : 1
		store_ln0 : 1
		store_ln0 : 1
		store_ln0 : 1
		store_ln0 : 1
		store_ln0 : 1
		store_ln0 : 1
		store_ln0 : 1
		store_ln0 : 1
		store_ln0 : 1
		store_ln0 : 1
		store_ln0 : 1
		store_ln0 : 1
		store_ln0 : 1
		store_ln0 : 1
		store_ln0 : 1
		store_ln0 : 1
		store_ln0 : 1
		store_ln0 : 1
		store_ln0 : 1
		store_ln0 : 1
		store_ln0 : 1
		store_ln176 : 1
	State 2
	State 3
	State 4
		empty : 1
		empty_26 : 1
	State 5
		empty_25 : 1
		empty_27 : 1
	State 6
	State 7
	State 8
	State 9
	State 10
	State 11
	State 12
		mul_ln107 : 1
		mul_ln145_1 : 1
	State 13
		call_ln107 : 1
		call_ln145 : 1
	State 14
	State 15
		icmp_ln176 : 1
		q_2 : 1
		br_ln176 : 2
		start_k : 1
		zext_ln177 : 1
		finish_k : 2
		call_ret : 3
		store_ln176 : 2
	State 16
		localC : 1
		localC_1 : 1
		localC_2 : 1
		localC_3 : 1
		localC_4 : 1
		localC_5 : 1
		localC_6 : 1
		localC_7 : 1
		localC_8 : 1
		localC_9 : 1
		localC_10 : 1
		localC_11 : 1
		localC_12 : 1
		localC_13 : 1
		localC_14 : 1
		localC_15 : 1
		localC_16 : 1
		localC_17 : 1
		localC_18 : 1
		localC_19 : 1
		localC_20 : 1
		localC_21 : 1
		localC_22 : 1
		localC_23 : 1
		localC_24 : 1
		localC_25 : 1
		localC_26 : 1
		localC_27 : 1
		localC_28 : 1
		localC_29 : 1
		localC_30 : 1
		localC_31 : 1
		localC_32 : 1
		localC_33 : 1
		localC_34 : 1
		localC_35 : 1
		localC_36 : 1
		localC_37 : 1
		localC_38 : 1
		localC_39 : 1
		localC_40 : 1
		localC_41 : 1
		localC_42 : 1
		localC_43 : 1
		localC_44 : 1
		localC_45 : 1
		localC_46 : 1
		localC_47 : 1
		localC_48 : 1
		localC_49 : 1
		localC_50 : 1
		localC_51 : 1
		localC_52 : 1
		localC_53 : 1
		localC_54 : 1
		localC_55 : 1
		localC_56 : 1
		localC_57 : 1
		localC_58 : 1
		localC_59 : 1
		localC_60 : 1
		localC_61 : 1
		localC_62 : 1
		localC_63 : 1
		store_ln179 : 2
		store_ln179 : 2
		store_ln179 : 2
		store_ln179 : 2
		store_ln179 : 2
		store_ln179 : 2
		store_ln179 : 2
		store_ln179 : 2
		store_ln179 : 2
		store_ln179 : 2
		store_ln179 : 2
		store_ln179 : 2
		store_ln179 : 2
		store_ln179 : 2
		store_ln179 : 2
		store_ln179 : 2
		store_ln179 : 2
		store_ln179 : 2
		store_ln179 : 2
		store_ln179 : 2
		store_ln179 : 2
		store_ln179 : 2
		store_ln179 : 2
		store_ln179 : 2
		store_ln179 : 2
		store_ln179 : 2
		store_ln179 : 2
		store_ln179 : 2
		store_ln179 : 2
		store_ln179 : 2
		store_ln179 : 2
		store_ln179 : 2
		store_ln179 : 2
		store_ln179 : 2
		store_ln179 : 2
		store_ln179 : 2
		store_ln179 : 2
		store_ln179 : 2
		store_ln179 : 2
		store_ln179 : 2
		store_ln179 : 2
		store_ln179 : 2
		store_ln179 : 2
		store_ln179 : 2
		store_ln179 : 2
		store_ln179 : 2
		store_ln179 : 2
		store_ln179 : 2
		store_ln179 : 2
		store_ln179 : 2
		store_ln179 : 2
		store_ln179 : 2
		store_ln179 : 2
		store_ln179 : 2
		store_ln179 : 2
		store_ln179 : 2
		store_ln179 : 2
		store_ln179 : 2
		store_ln179 : 2
		store_ln179 : 2
		store_ln179 : 2
		store_ln179 : 2
		store_ln179 : 2
		store_ln179 : 2
	State 17
	State 18
		empty_28 : 1
	State 19
		gmem2_addr : 1
		empty_29 : 2
	State 20
		call_ln185 : 1
	State 21
	State 22
	State 23
	State 24
	State 25
	State 26


============================================================
+ Verbose Summary: Datapath Resource usage 
============================================================

* Functional unit list:
|----------|---------------------------------------------------|---------|---------|---------|---------|
| Operation|                  Functional Unit                  |   DSP   |  Delay  |    FF   |   LUT   |
|----------|---------------------------------------------------|---------|---------|---------|---------|
|          |  grp_mmult_Pipeline_readA_VITIS_LOOP_147_1_fu_495 |    0    |    0    |   283   |   266   |
|   call   |  grp_mmult_Pipeline_readB_VITIS_LOOP_158_2_fu_512 |    0    |    0    |   307   |   319   |
|          |              grp_tile_process_fu_529              |    64   | 100.065 |   5691  |   3433  |
|          | grp_mmult_Pipeline_writeC_VITIS_LOOP_187_5_fu_618 |    0    |    0    |   1456  |   706   |
|----------|---------------------------------------------------|---------|---------|---------|---------|
|          |                     grp_fu_691                    |    4    |    0    |   165   |    49   |
|    mul   |                     grp_fu_696                    |    4    |    0    |   165   |    49   |
|          |                     grp_fu_701                    |    3    |    0    |   165   |    49   |
|          |                     grp_fu_705                    |    3    |    0    |   165   |    49   |
|----------|---------------------------------------------------|---------|---------|---------|---------|
|          |                select_ln145_fu_1766               |    0    |    0    |    0    |    32   |
|          |                   empty_fu_1773                   |    0    |    0    |    0    |    32   |
|  select  |                select_ln156_fu_1780               |    0    |    0    |    0    |    32   |
|          |                  empty_26_fu_1786                 |    0    |    0    |    0    |    32   |
|          |                select_ln185_fu_2441               |    0    |    0    |    0    |    32   |
|          |                  empty_28_fu_2448                 |    0    |    0    |    0    |    32   |
|----------|---------------------------------------------------|---------|---------|---------|---------|
|          |                 icmp_ln145_fu_1423                |    0    |    0    |    0    |    39   |
|   icmp   |                 icmp_ln156_fu_1429                |    0    |    0    |    0    |    39   |
|          |                   cmp199_fu_1435                  |    0    |    0    |    0    |    39   |
|          |                 icmp_ln176_fu_1821                |    0    |    0    |    0    |    10   |
|----------|---------------------------------------------------|---------|---------|---------|---------|
|    add   |                    q_2_fu_1827                    |    0    |    0    |    0    |    10   |
|          |                  finish_k_fu_1844                 |    0    |    0    |    0    |    10   |
|----------|---------------------------------------------------|---------|---------|---------|---------|
|          |               b_col_read_read_fu_440              |    0    |    0    |    0    |    0    |
|          |               a_col_read_read_fu_446              |    0    |    0    |    0    |    0    |
|   read   |               a_row_read_read_fu_452              |    0    |    0    |    0    |    0    |
|          |                 c_read_read_fu_458                |    0    |    0    |    0    |    0    |
|          |                 b_read_read_fu_464                |    0    |    0    |    0    |    0    |
|          |                 a_read_read_fu_470                |    0    |    0    |    0    |    0    |
|----------|---------------------------------------------------|---------|---------|---------|---------|
|  readreq |                 grp_readreq_fu_476                |    0    |    0    |    0    |    0    |
|          |                 grp_readreq_fu_482                |    0    |    0    |    0    |    0    |
|----------|---------------------------------------------------|---------|---------|---------|---------|
| writeresp|                grp_writeresp_fu_488               |    0    |    0    |    0    |    0    |
|----------|---------------------------------------------------|---------|---------|---------|---------|
|          |                 zext_ln107_fu_1805                |    0    |    0    |    0    |    0    |
|   zext   |                zext_ln107_1_fu_1809               |    0    |    0    |    0    |    0    |
|          |                 zext_ln145_fu_1814                |    0    |    0    |    0    |    0    |
|          |                 zext_ln177_fu_1840                |    0    |    0    |    0    |    0    |
|----------|---------------------------------------------------|---------|---------|---------|---------|
|    shl   |                  start_k_fu_1833                  |    0    |    0    |    0    |    0    |
|----------|---------------------------------------------------|---------|---------|---------|---------|
|partselect|               trunc_ln185_1_fu_1856               |    0    |    0    |    0    |    0    |
|----------|---------------------------------------------------|---------|---------|---------|---------|
|          |                   localC_fu_1865                  |    0    |    0    |    0    |    0    |
|          |                  localC_1_fu_1869                 |    0    |    0    |    0    |    0    |
|          |                  localC_2_fu_1873                 |    0    |    0    |    0    |    0    |
|          |                  localC_3_fu_1877                 |    0    |    0    |    0    |    0    |
|          |                  localC_4_fu_1881                 |    0    |    0    |    0    |    0    |
|          |                  localC_5_fu_1885                 |    0    |    0    |    0    |    0    |
|          |                  localC_6_fu_1889                 |    0    |    0    |    0    |    0    |
|          |                  localC_7_fu_1893                 |    0    |    0    |    0    |    0    |
|          |                  localC_8_fu_1897                 |    0    |    0    |    0    |    0    |
|          |                  localC_9_fu_1901                 |    0    |    0    |    0    |    0    |
|          |                 localC_10_fu_1905                 |    0    |    0    |    0    |    0    |
|          |                 localC_11_fu_1909                 |    0    |    0    |    0    |    0    |
|          |                 localC_12_fu_1913                 |    0    |    0    |    0    |    0    |
|          |                 localC_13_fu_1917                 |    0    |    0    |    0    |    0    |
|          |                 localC_14_fu_1921                 |    0    |    0    |    0    |    0    |
|          |                 localC_15_fu_1925                 |    0    |    0    |    0    |    0    |
|          |                 localC_16_fu_1929                 |    0    |    0    |    0    |    0    |
|          |                 localC_17_fu_1933                 |    0    |    0    |    0    |    0    |
|          |                 localC_18_fu_1937                 |    0    |    0    |    0    |    0    |
|          |                 localC_19_fu_1941                 |    0    |    0    |    0    |    0    |
|          |                 localC_20_fu_1945                 |    0    |    0    |    0    |    0    |
|          |                 localC_21_fu_1949                 |    0    |    0    |    0    |    0    |
|          |                 localC_22_fu_1953                 |    0    |    0    |    0    |    0    |
|          |                 localC_23_fu_1957                 |    0    |    0    |    0    |    0    |
|          |                 localC_24_fu_1961                 |    0    |    0    |    0    |    0    |
|          |                 localC_25_fu_1965                 |    0    |    0    |    0    |    0    |
|          |                 localC_26_fu_1969                 |    0    |    0    |    0    |    0    |
|          |                 localC_27_fu_1973                 |    0    |    0    |    0    |    0    |
|          |                 localC_28_fu_1977                 |    0    |    0    |    0    |    0    |
|          |                 localC_29_fu_1981                 |    0    |    0    |    0    |    0    |
|          |                 localC_30_fu_1985                 |    0    |    0    |    0    |    0    |
|extractvalue|                 localC_31_fu_1989                 |    0    |    0    |    0    |    0    |
|          |                 localC_32_fu_1993                 |    0    |    0    |    0    |    0    |
|          |                 localC_33_fu_1997                 |    0    |    0    |    0    |    0    |
|          |                 localC_34_fu_2001                 |    0    |    0    |    0    |    0    |
|          |                 localC_35_fu_2005                 |    0    |    0    |    0    |    0    |
|          |                 localC_36_fu_2009                 |    0    |    0    |    0    |    0    |
|          |                 localC_37_fu_2013                 |    0    |    0    |    0    |    0    |
|          |                 localC_38_fu_2017                 |    0    |    0    |    0    |    0    |
|          |                 localC_39_fu_2021                 |    0    |    0    |    0    |    0    |
|          |                 localC_40_fu_2025                 |    0    |    0    |    0    |    0    |
|          |                 localC_41_fu_2029                 |    0    |    0    |    0    |    0    |
|          |                 localC_42_fu_2033                 |    0    |    0    |    0    |    0    |
|          |                 localC_43_fu_2037                 |    0    |    0    |    0    |    0    |
|          |                 localC_44_fu_2041                 |    0    |    0    |    0    |    0    |
|          |                 localC_45_fu_2045                 |    0    |    0    |    0    |    0    |
|          |                 localC_46_fu_2049                 |    0    |    0    |    0    |    0    |
|          |                 localC_47_fu_2053                 |    0    |    0    |    0    |    0    |
|          |                 localC_48_fu_2057                 |    0    |    0    |    0    |    0    |
|          |                 localC_49_fu_2061                 |    0    |    0    |    0    |    0    |
|          |                 localC_50_fu_2065                 |    0    |    0    |    0    |    0    |
|          |                 localC_51_fu_2069                 |    0    |    0    |    0    |    0    |
|          |                 localC_52_fu_2073                 |    0    |    0    |    0    |    0    |
|          |                 localC_53_fu_2077                 |    0    |    0    |    0    |    0    |
|          |                 localC_54_fu_2081                 |    0    |    0    |    0    |    0    |
|          |                 localC_55_fu_2085                 |    0    |    0    |    0    |    0    |
|          |                 localC_56_fu_2089                 |    0    |    0    |    0    |    0    |
|          |                 localC_57_fu_2093                 |    0    |    0    |    0    |    0    |
|          |                 localC_58_fu_2097                 |    0    |    0    |    0    |    0    |
|          |                 localC_59_fu_2101                 |    0    |    0    |    0    |    0    |
|          |                 localC_60_fu_2105                 |    0    |    0    |    0    |    0    |
|          |                 localC_61_fu_2109                 |    0    |    0    |    0    |    0    |
|          |                 localC_62_fu_2113                 |    0    |    0    |    0    |    0    |
|          |                 localC_63_fu_2117                 |    0    |    0    |    0    |    0    |
|----------|---------------------------------------------------|---------|---------|---------|---------|
|   sext   |                 sext_ln185_fu_2455                |    0    |    0    |    0    |    0    |
|----------|---------------------------------------------------|---------|---------|---------|---------|
|   Total  |                                                   |    78   | 100.065 |   8397  |   5259  |
|----------|---------------------------------------------------|---------|---------|---------|---------|

Memories:
+--------+--------+--------+
|        |   FF   |   LUT  |
+--------+--------+--------+
| localA |   16   |    1   |
|localA_1|   16   |    1   |
|localA_2|   16   |    1   |
|localA_3|   16   |    1   |
|localA_4|   16   |    1   |
|localA_5|   16   |    1   |
|localA_6|   16   |    1   |
|localA_7|   16   |    1   |
| localB |   16   |    1   |
|localB_1|   16   |    1   |
|localB_2|   16   |    1   |
|localB_3|   16   |    1   |
|localB_4|   16   |    1   |
|localB_5|   16   |    1   |
|localB_6|   16   |    1   |
|localB_7|   16   |    1   |
+--------+--------+--------+
|  Total |   256  |   16   |
+--------+--------+--------+

* Register list:
+----------------------+--------+
|                      |   FF   |
+----------------------+--------+
|  a_col_read_reg_2930 |   32   |
|    a_read_reg_2957   |   64   |
|  a_row_read_reg_2939 |   32   |
|  b_col_read_reg_2920 |   32   |
|    b_read_reg_2951   |   64   |
|    c_read_reg_2946   |   64   |
|    cmp199_reg_2975   |    1   |
|   empty_26_reg_2991  |   32   |
|   empty_28_reg_3047  |   32   |
|    empty_reg_2986    |   32   |
|   finish_k_reg_3036  |    4   |
|  gmem0_addr_reg_2996 |    8   |
|  gmem1_addr_reg_3001 |    8   |
|  gmem2_addr_reg_3052 |   16   |
|  icmp_ln145_reg_2963 |    1   |
|  icmp_ln156_reg_2969 |    1   |
|   localC_0_reg_2472  |   16   |
| localC_10_0_reg_2542 |   16   |
| localC_11_0_reg_2549 |   16   |
| localC_12_0_reg_2556 |   16   |
| localC_13_0_reg_2563 |   16   |
| localC_14_0_reg_2570 |   16   |
| localC_15_0_reg_2577 |   16   |
| localC_16_0_reg_2584 |   16   |
| localC_17_0_reg_2591 |   16   |
| localC_18_0_reg_2598 |   16   |
| localC_19_0_reg_2605 |   16   |
|  localC_1_0_reg_2479 |   16   |
| localC_20_0_reg_2612 |   16   |
| localC_21_0_reg_2619 |   16   |
| localC_22_0_reg_2626 |   16   |
| localC_23_0_reg_2633 |   16   |
| localC_24_0_reg_2640 |   16   |
| localC_25_0_reg_2647 |   16   |
| localC_26_0_reg_2654 |   16   |
| localC_27_0_reg_2661 |   16   |
| localC_28_0_reg_2668 |   16   |
| localC_29_0_reg_2675 |   16   |
|  localC_2_0_reg_2486 |   16   |
| localC_30_0_reg_2682 |   16   |
| localC_31_0_reg_2689 |   16   |
| localC_32_0_reg_2696 |   16   |
| localC_33_0_reg_2703 |   16   |
| localC_34_0_reg_2710 |   16   |
| localC_35_0_reg_2717 |   16   |
| localC_36_0_reg_2724 |   16   |
| localC_37_0_reg_2731 |   16   |
| localC_38_0_reg_2738 |   16   |
| localC_39_0_reg_2745 |   16   |
|  localC_3_0_reg_2493 |   16   |
| localC_40_0_reg_2752 |   16   |
| localC_41_0_reg_2759 |   16   |
| localC_42_0_reg_2766 |   16   |
| localC_43_0_reg_2773 |   16   |
| localC_44_0_reg_2780 |   16   |
| localC_45_0_reg_2787 |   16   |
| localC_46_0_reg_2794 |   16   |
| localC_47_0_reg_2801 |   16   |
| localC_48_0_reg_2808 |   16   |
| localC_49_0_reg_2815 |   16   |
|  localC_4_0_reg_2500 |   16   |
| localC_50_0_reg_2822 |   16   |
| localC_51_0_reg_2829 |   16   |
| localC_52_0_reg_2836 |   16   |
| localC_53_0_reg_2843 |   16   |
| localC_54_0_reg_2850 |   16   |
| localC_55_0_reg_2857 |   16   |
| localC_56_0_reg_2864 |   16   |
| localC_57_0_reg_2871 |   16   |
| localC_58_0_reg_2878 |   16   |
| localC_59_0_reg_2885 |   16   |
|  localC_5_0_reg_2507 |   16   |
| localC_60_0_reg_2892 |   16   |
| localC_61_0_reg_2899 |   16   |
| localC_62_0_reg_2906 |   16   |
| localC_63_0_reg_2913 |   16   |
|  localC_6_0_reg_2514 |   16   |
|  localC_7_0_reg_2521 |   16   |
|  localC_8_0_reg_2528 |   16   |
|  localC_9_0_reg_2535 |   16   |
| mul_ln145_1_reg_3023 |   64   |
|  mul_ln156_reg_2981  |   32   |
|      q_reg_2465      |    3   |
|       reg_1029       |   32   |
|       reg_1033       |   64   |
|       reg_1039       |   16   |
|       reg_1045       |   16   |
|       reg_1051       |   16   |
|       reg_1057       |   16   |
|       reg_1063       |   16   |
|       reg_1069       |   16   |
|       reg_1075       |   16   |
|       reg_1081       |   16   |
|       reg_1087       |   16   |
|       reg_1093       |   16   |
|       reg_1099       |   16   |
|       reg_1105       |   16   |
|       reg_1111       |   16   |
|       reg_1117       |   16   |
|       reg_1123       |   16   |
|       reg_1129       |   16   |
|       reg_1135       |   16   |
|       reg_1141       |   16   |
|       reg_1147       |   16   |
|       reg_1153       |   16   |
|       reg_1159       |   16   |
|       reg_1165       |   16   |
|       reg_1171       |   16   |
|       reg_1177       |   16   |
|       reg_1183       |   16   |
|       reg_1189       |   16   |
|       reg_1195       |   16   |
|       reg_1201       |   16   |
|       reg_1207       |   16   |
|       reg_1213       |   16   |
|       reg_1219       |   16   |
|       reg_1225       |   16   |
|       reg_1231       |   16   |
|       reg_1237       |   16   |
|       reg_1243       |   16   |
|       reg_1249       |   16   |
|       reg_1255       |   16   |
|       reg_1261       |   16   |
|       reg_1267       |   16   |
|       reg_1273       |   16   |
|       reg_1279       |   16   |
|       reg_1285       |   16   |
|       reg_1291       |   16   |
|       reg_1297       |   16   |
|       reg_1303       |   16   |
|       reg_1309       |   16   |
|       reg_1315       |   16   |
|       reg_1321       |   16   |
|       reg_1327       |   16   |
|       reg_1333       |   16   |
|       reg_1339       |   16   |
|       reg_1345       |   16   |
|       reg_1351       |   16   |
|       reg_1357       |   16   |
|       reg_1363       |   16   |
|       reg_1369       |   16   |
|       reg_1375       |   16   |
|       reg_1381       |   16   |
|       reg_1387       |   16   |
|       reg_1393       |   16   |
|       reg_1399       |   16   |
|       reg_1405       |   16   |
|       reg_1411       |   16   |
|       reg_1417       |   16   |
|   start_k_reg_3031   |    3   |
|trunc_ln185_1_reg_3041|   63   |
| zext_ln107_1_reg_3011|   64   |
|  zext_ln107_reg_3006 |   64   |
|  zext_ln145_reg_3017 |   64   |
+----------------------+--------+
|         Total        |  2924  |
+----------------------+--------+

* Multiplexer (MUX) list: 
|---------------------------------------------------|------|------|------|--------||---------||---------|
|                        Comp                       |  Pin | Size |  BW  | S x BW ||  Delay  ||   LUT   |
|---------------------------------------------------|------|------|------|--------||---------||---------|
|                 grp_readreq_fu_476                |  p1  |   2  |   8  |   16   ||    9    |
|                 grp_readreq_fu_482                |  p1  |   2  |   8  |   16   ||    9    |
|                grp_writeresp_fu_488               |  p0  |   2  |   1  |    2   |
|                grp_writeresp_fu_488               |  p1  |   2  |  16  |   32   ||    9    |
|  grp_mmult_Pipeline_readA_VITIS_LOOP_147_1_fu_495 |  p3  |   2  |  64  |   128  ||    9    |
|  grp_mmult_Pipeline_readB_VITIS_LOOP_158_2_fu_512 |  p3  |   2  |  64  |   128  ||    9    |
|              grp_tile_process_fu_529              |  p17 |   2  |  16  |   32   ||    9    |
|              grp_tile_process_fu_529              |  p18 |   2  |  16  |   32   ||    9    |
|              grp_tile_process_fu_529              |  p19 |   2  |  16  |   32   ||    9    |
|              grp_tile_process_fu_529              |  p20 |   2  |  16  |   32   ||    9    |
|              grp_tile_process_fu_529              |  p21 |   2  |  16  |   32   ||    9    |
|              grp_tile_process_fu_529              |  p22 |   2  |  16  |   32   ||    9    |
|              grp_tile_process_fu_529              |  p23 |   2  |  16  |   32   ||    9    |
|              grp_tile_process_fu_529              |  p24 |   2  |  16  |   32   ||    9    |
|              grp_tile_process_fu_529              |  p25 |   2  |  16  |   32   ||    9    |
|              grp_tile_process_fu_529              |  p26 |   2  |  16  |   32   ||    9    |
|              grp_tile_process_fu_529              |  p27 |   2  |  16  |   32   ||    9    |
|              grp_tile_process_fu_529              |  p28 |   2  |  16  |   32   ||    9    |
|              grp_tile_process_fu_529              |  p29 |   2  |  16  |   32   ||    9    |
|              grp_tile_process_fu_529              |  p30 |   2  |  16  |   32   ||    9    |
|              grp_tile_process_fu_529              |  p31 |   2  |  16  |   32   ||    9    |
|              grp_tile_process_fu_529              |  p32 |   2  |  16  |   32   ||    9    |
|              grp_tile_process_fu_529              |  p33 |   2  |  16  |   32   ||    9    |
|              grp_tile_process_fu_529              |  p34 |   2  |  16  |   32   ||    9    |
|              grp_tile_process_fu_529              |  p35 |   2  |  16  |   32   ||    9    |
|              grp_tile_process_fu_529              |  p36 |   2  |  16  |   32   ||    9    |
|              grp_tile_process_fu_529              |  p37 |   2  |  16  |   32   ||    9    |
|              grp_tile_process_fu_529              |  p38 |   2  |  16  |   32   ||    9    |
|              grp_tile_process_fu_529              |  p39 |   2  |  16  |   32   ||    9    |
|              grp_tile_process_fu_529              |  p40 |   2  |  16  |   32   ||    9    |
|              grp_tile_process_fu_529              |  p41 |   2  |  16  |   32   ||    9    |
|              grp_tile_process_fu_529              |  p42 |   2  |  16  |   32   ||    9    |
|              grp_tile_process_fu_529              |  p43 |   2  |  16  |   32   ||    9    |
|              grp_tile_process_fu_529              |  p44 |   2  |  16  |   32   ||    9    |
|              grp_tile_process_fu_529              |  p45 |   2  |  16  |   32   ||    9    |
|              grp_tile_process_fu_529              |  p46 |   2  |  16  |   32   ||    9    |
|              grp_tile_process_fu_529              |  p47 |   2  |  16  |   32   ||    9    |
|              grp_tile_process_fu_529              |  p48 |   2  |  16  |   32   ||    9    |
|              grp_tile_process_fu_529              |  p49 |   2  |  16  |   32   ||    9    |
|              grp_tile_process_fu_529              |  p50 |   2  |  16  |   32   ||    9    |
|              grp_tile_process_fu_529              |  p51 |   2  |  16  |   32   ||    9    |
|              grp_tile_process_fu_529              |  p52 |   2  |  16  |   32   ||    9    |
|              grp_tile_process_fu_529              |  p53 |   2  |  16  |   32   ||    9    |
|              grp_tile_process_fu_529              |  p54 |   2  |  16  |   32   ||    9    |
|              grp_tile_process_fu_529              |  p55 |   2  |  16  |   32   ||    9    |
|              grp_tile_process_fu_529              |  p56 |   2  |  16  |   32   ||    9    |
|              grp_tile_process_fu_529              |  p57 |   2  |  16  |   32   ||    9    |
|              grp_tile_process_fu_529              |  p58 |   2  |  16  |   32   ||    9    |
|              grp_tile_process_fu_529              |  p59 |   2  |  16  |   32   ||    9    |
|              grp_tile_process_fu_529              |  p60 |   2  |  16  |   32   ||    9    |
|              grp_tile_process_fu_529              |  p61 |   2  |  16  |   32   ||    9    |
|              grp_tile_process_fu_529              |  p62 |   2  |  16  |   32   ||    9    |
|              grp_tile_process_fu_529              |  p63 |   2  |  16  |   32   ||    9    |
|              grp_tile_process_fu_529              |  p64 |   2  |  16  |   32   ||    9    |
|              grp_tile_process_fu_529              |  p65 |   2  |  16  |   32   ||    9    |
|              grp_tile_process_fu_529              |  p66 |   2  |  16  |   32   ||    9    |
|              grp_tile_process_fu_529              |  p67 |   2  |  16  |   32   ||    9    |
|              grp_tile_process_fu_529              |  p68 |   2  |  16  |   32   ||    9    |
|              grp_tile_process_fu_529              |  p69 |   2  |  16  |   32   ||    9    |
|              grp_tile_process_fu_529              |  p70 |   2  |  16  |   32   ||    9    |
|              grp_tile_process_fu_529              |  p71 |   2  |  16  |   32   ||    9    |
|              grp_tile_process_fu_529              |  p72 |   2  |  16  |   32   ||    9    |
|              grp_tile_process_fu_529              |  p73 |   2  |  16  |   32   ||    9    |
|              grp_tile_process_fu_529              |  p74 |   2  |  16  |   32   ||    9    |
|              grp_tile_process_fu_529              |  p75 |   2  |  16  |   32   ||    9    |
|              grp_tile_process_fu_529              |  p76 |   2  |  16  |   32   ||    9    |
|              grp_tile_process_fu_529              |  p77 |   2  |  16  |   32   ||    9    |
|              grp_tile_process_fu_529              |  p78 |   2  |  16  |   32   ||    9    |
|              grp_tile_process_fu_529              |  p79 |   2  |  16  |   32   ||    9    |
|              grp_tile_process_fu_529              |  p80 |   2  |  16  |   32   ||    9    |
|              grp_tile_process_fu_529              |  p81 |   2  |   3  |    6   ||    9    |
|              grp_tile_process_fu_529              |  p82 |   2  |   4  |    8   ||    9    |
| grp_mmult_Pipeline_writeC_VITIS_LOOP_187_5_fu_618 |  p5  |   2  |  16  |   32   ||    9    |
| grp_mmult_Pipeline_writeC_VITIS_LOOP_187_5_fu_618 |  p6  |   2  |  16  |   32   ||    9    |
| grp_mmult_Pipeline_writeC_VITIS_LOOP_187_5_fu_618 |  p7  |   2  |  16  |   32   ||    9    |
| grp_mmult_Pipeline_writeC_VITIS_LOOP_187_5_fu_618 |  p8  |   2  |  16  |   32   ||    9    |
| grp_mmult_Pipeline_writeC_VITIS_LOOP_187_5_fu_618 |  p9  |   2  |  16  |   32   ||    9    |
| grp_mmult_Pipeline_writeC_VITIS_LOOP_187_5_fu_618 |  p10 |   2  |  16  |   32   ||    9    |
| grp_mmult_Pipeline_writeC_VITIS_LOOP_187_5_fu_618 |  p11 |   2  |  16  |   32   ||    9    |
| grp_mmult_Pipeline_writeC_VITIS_LOOP_187_5_fu_618 |  p12 |   2  |  16  |   32   ||    9    |
| grp_mmult_Pipeline_writeC_VITIS_LOOP_187_5_fu_618 |  p13 |   2  |  16  |   32   ||    9    |
| grp_mmult_Pipeline_writeC_VITIS_LOOP_187_5_fu_618 |  p14 |   2  |  16  |   32   ||    9    |
| grp_mmult_Pipeline_writeC_VITIS_LOOP_187_5_fu_618 |  p15 |   2  |  16  |   32   ||    9    |
| grp_mmult_Pipeline_writeC_VITIS_LOOP_187_5_fu_618 |  p16 |   2  |  16  |   32   ||    9    |
| grp_mmult_Pipeline_writeC_VITIS_LOOP_187_5_fu_618 |  p17 |   2  |  16  |   32   ||    9    |
| grp_mmult_Pipeline_writeC_VITIS_LOOP_187_5_fu_618 |  p18 |   2  |  16  |   32   ||    9    |
| grp_mmult_Pipeline_writeC_VITIS_LOOP_187_5_fu_618 |  p19 |   2  |  16  |   32   ||    9    |
| grp_mmult_Pipeline_writeC_VITIS_LOOP_187_5_fu_618 |  p20 |   2  |  16  |   32   ||    9    |
| grp_mmult_Pipeline_writeC_VITIS_LOOP_187_5_fu_618 |  p21 |   2  |  16  |   32   ||    9    |
| grp_mmult_Pipeline_writeC_VITIS_LOOP_187_5_fu_618 |  p22 |   2  |  16  |   32   ||    9    |
| grp_mmult_Pipeline_writeC_VITIS_LOOP_187_5_fu_618 |  p23 |   2  |  16  |   32   ||    9    |
| grp_mmult_Pipeline_writeC_VITIS_LOOP_187_5_fu_618 |  p24 |   2  |  16  |   32   ||    9    |
| grp_mmult_Pipeline_writeC_VITIS_LOOP_187_5_fu_618 |  p25 |   2  |  16  |   32   ||    9    |
| grp_mmult_Pipeline_writeC_VITIS_LOOP_187_5_fu_618 |  p26 |   2  |  16  |   32   ||    9    |
| grp_mmult_Pipeline_writeC_VITIS_LOOP_187_5_fu_618 |  p27 |   2  |  16  |   32   ||    9    |
| grp_mmult_Pipeline_writeC_VITIS_LOOP_187_5_fu_618 |  p28 |   2  |  16  |   32   ||    9    |
| grp_mmult_Pipeline_writeC_VITIS_LOOP_187_5_fu_618 |  p29 |   2  |  16  |   32   ||    9    |
| grp_mmult_Pipeline_writeC_VITIS_LOOP_187_5_fu_618 |  p30 |   2  |  16  |   32   ||    9    |
| grp_mmult_Pipeline_writeC_VITIS_LOOP_187_5_fu_618 |  p31 |   2  |  16  |   32   ||    9    |
| grp_mmult_Pipeline_writeC_VITIS_LOOP_187_5_fu_618 |  p32 |   2  |  16  |   32   ||    9    |
| grp_mmult_Pipeline_writeC_VITIS_LOOP_187_5_fu_618 |  p33 |   2  |  16  |   32   ||    9    |
| grp_mmult_Pipeline_writeC_VITIS_LOOP_187_5_fu_618 |  p34 |   2  |  16  |   32   ||    9    |
| grp_mmult_Pipeline_writeC_VITIS_LOOP_187_5_fu_618 |  p35 |   2  |  16  |   32   ||    9    |
| grp_mmult_Pipeline_writeC_VITIS_LOOP_187_5_fu_618 |  p36 |   2  |  16  |   32   ||    9    |
| grp_mmult_Pipeline_writeC_VITIS_LOOP_187_5_fu_618 |  p37 |   2  |  16  |   32   ||    9    |
| grp_mmult_Pipeline_writeC_VITIS_LOOP_187_5_fu_618 |  p38 |   2  |  16  |   32   ||    9    |
| grp_mmult_Pipeline_writeC_VITIS_LOOP_187_5_fu_618 |  p39 |   2  |  16  |   32   ||    9    |
| grp_mmult_Pipeline_writeC_VITIS_LOOP_187_5_fu_618 |  p40 |   2  |  16  |   32   ||    9    |
| grp_mmult_Pipeline_writeC_VITIS_LOOP_187_5_fu_618 |  p41 |   2  |  16  |   32   ||    9    |
| grp_mmult_Pipeline_writeC_VITIS_LOOP_187_5_fu_618 |  p42 |   2  |  16  |   32   ||    9    |
| grp_mmult_Pipeline_writeC_VITIS_LOOP_187_5_fu_618 |  p43 |   2  |  16  |   32   ||    9    |
| grp_mmult_Pipeline_writeC_VITIS_LOOP_187_5_fu_618 |  p44 |   2  |  16  |   32   ||    9    |
| grp_mmult_Pipeline_writeC_VITIS_LOOP_187_5_fu_618 |  p45 |   2  |  16  |   32   ||    9    |
| grp_mmult_Pipeline_writeC_VITIS_LOOP_187_5_fu_618 |  p46 |   2  |  16  |   32   ||    9    |
| grp_mmult_Pipeline_writeC_VITIS_LOOP_187_5_fu_618 |  p47 |   2  |  16  |   32   ||    9    |
| grp_mmult_Pipeline_writeC_VITIS_LOOP_187_5_fu_618 |  p48 |   2  |  16  |   32   ||    9    |
| grp_mmult_Pipeline_writeC_VITIS_LOOP_187_5_fu_618 |  p49 |   2  |  16  |   32   ||    9    |
| grp_mmult_Pipeline_writeC_VITIS_LOOP_187_5_fu_618 |  p50 |   2  |  16  |   32   ||    9    |
| grp_mmult_Pipeline_writeC_VITIS_LOOP_187_5_fu_618 |  p51 |   2  |  16  |   32   ||    9    |
| grp_mmult_Pipeline_writeC_VITIS_LOOP_187_5_fu_618 |  p52 |   2  |  16  |   32   ||    9    |
| grp_mmult_Pipeline_writeC_VITIS_LOOP_187_5_fu_618 |  p53 |   2  |  16  |   32   ||    9    |
| grp_mmult_Pipeline_writeC_VITIS_LOOP_187_5_fu_618 |  p54 |   2  |  16  |   32   ||    9    |
| grp_mmult_Pipeline_writeC_VITIS_LOOP_187_5_fu_618 |  p55 |   2  |  16  |   32   ||    9    |
| grp_mmult_Pipeline_writeC_VITIS_LOOP_187_5_fu_618 |  p56 |   2  |  16  |   32   ||    9    |
| grp_mmult_Pipeline_writeC_VITIS_LOOP_187_5_fu_618 |  p57 |   2  |  16  |   32   ||    9    |
| grp_mmult_Pipeline_writeC_VITIS_LOOP_187_5_fu_618 |  p58 |   2  |  16  |   32   ||    9    |
| grp_mmult_Pipeline_writeC_VITIS_LOOP_187_5_fu_618 |  p59 |   2  |  16  |   32   ||    9    |
| grp_mmult_Pipeline_writeC_VITIS_LOOP_187_5_fu_618 |  p60 |   2  |  16  |   32   ||    9    |
| grp_mmult_Pipeline_writeC_VITIS_LOOP_187_5_fu_618 |  p61 |   2  |  16  |   32   ||    9    |
| grp_mmult_Pipeline_writeC_VITIS_LOOP_187_5_fu_618 |  p62 |   2  |  16  |   32   ||    9    |
| grp_mmult_Pipeline_writeC_VITIS_LOOP_187_5_fu_618 |  p63 |   2  |  16  |   32   ||    9    |
| grp_mmult_Pipeline_writeC_VITIS_LOOP_187_5_fu_618 |  p64 |   2  |  16  |   32   ||    9    |
| grp_mmult_Pipeline_writeC_VITIS_LOOP_187_5_fu_618 |  p65 |   2  |  16  |   32   ||    9    |
| grp_mmult_Pipeline_writeC_VITIS_LOOP_187_5_fu_618 |  p66 |   2  |  16  |   32   ||    9    |
| grp_mmult_Pipeline_writeC_VITIS_LOOP_187_5_fu_618 |  p67 |   2  |  16  |   32   ||    9    |
| grp_mmult_Pipeline_writeC_VITIS_LOOP_187_5_fu_618 |  p68 |   2  |  16  |   32   ||    9    |
|                     grp_fu_691                    |  p0  |   2  |  32  |   64   ||    9    |
|                     grp_fu_691                    |  p1  |   3  |  32  |   96   ||    14   |
|                     grp_fu_696                    |  p0  |   2  |  32  |   64   ||    9    |
|                     grp_fu_696                    |  p1  |   2  |  32  |   64   ||    9    |
|                     grp_fu_701                    |  p0  |   2  |  32  |   64   ||    9    |
|---------------------------------------------------|------|------|------|--------||---------||---------|
|                       Total                       |      |      |      |  4784  ||  60.256 ||   1265  |
|---------------------------------------------------|------|------|------|--------||---------||---------|



* Summary:
+-----------+--------+--------+--------+--------+
|           |   DSP  |  Delay |   FF   |   LUT  |
+-----------+--------+--------+--------+--------+
|  Function |   78   |   100  |  8397  |  5259  |
|   Memory  |    -   |    -   |   256  |   16   |
|Multiplexer|    -   |   60   |    -   |  1265  |
|  Register |    -   |    -   |  2924  |    -   |
+-----------+--------+--------+--------+--------+
|   Total   |   78   |   160  |  11577 |  6540  |
+-----------+--------+--------+--------+--------+
