

================================================================
== Vitis HLS Report for 'mmult_Pipeline_writeC'
================================================================
* Date:           Thu Apr 23 02:45:22 2026

* Version:        2023.2 (Build 4023990 on Oct 11 2023)
* Project:        hls_prj
* Solution:       s1 (Vivado IP Flow Target)
* Product family: zynquplus
* Target device:  xck26-sfvc784-2LV-c


================================================================
== Performance Estimates
================================================================
+ Timing: 
    * Summary: 
    +--------+---------+----------+------------+
    |  Clock |  Target | Estimated| Uncertainty|
    +--------+---------+----------+------------+
    |ap_clk  |  3.30 ns|  2.409 ns|     0.89 ns|
    +--------+---------+----------+------------+

+ Latency: 
    * Summary: 
    +---------+---------+----------+----------+------+------+---------+
    |  Latency (cycles) |  Latency (absolute) |   Interval  | Pipeline|
    |   min   |   max   |    min   |    max   |  min |  max |   Type  |
    +---------+---------+----------+----------+------+------+---------+
    |     2051|     2051|  6.768 us|  6.768 us|  2051|  2051|       no|
    +---------+---------+----------+----------+------+------+---------+

    + Detail: 
        * Instance: 
        N/A

        * Loop: 
        +----------+---------+---------+----------+-----------+-----------+------+----------+
        |          |  Latency (cycles) | Iteration|  Initiation Interval  | Trip |          |
        | Loop Name|   min   |   max   |  Latency |  achieved |   target  | Count| Pipelined|
        +----------+---------+---------+----------+-----------+-----------+------+----------+
        |- writeC  |     2049|     2049|         4|          2|          1|  1024|       yes|
        +----------+---------+---------+----------+-----------+-----------+------+----------+



================================================================
== Utilization Estimates
================================================================
* Summary: 
+-----------------+---------+------+--------+--------+-----+
|       Name      | BRAM_18K|  DSP |   FF   |   LUT  | URAM|
+-----------------+---------+------+--------+--------+-----+
|DSP              |        -|     -|       -|       -|    -|
|Expression       |        -|     -|       0|     274|    -|
|FIFO             |        -|     -|       -|       -|    -|
|Instance         |        -|     -|       0|     387|    -|
|Memory           |        -|     -|       -|       -|    -|
|Multiplexer      |        -|     -|       -|      95|    -|
|Register         |        -|     -|     160|       -|    -|
+-----------------+---------+------+--------+--------+-----+
|Total            |        0|     0|     160|     756|    0|
+-----------------+---------+------+--------+--------+-----+
|Available        |      288|  1248|  234240|  117120|   64|
+-----------------+---------+------+--------+--------+-----+
|Utilization (%)  |        0|     0|      ~0|      ~0|    0|
+-----------------+---------+------+--------+--------+-----+

+ Detail: 
    * Instance: 
    +-----------------------------+-----------------------+---------+----+---+----+-----+
    |           Instance          |         Module        | BRAM_18K| DSP| FF| LUT| URAM|
    +-----------------------------+-----------------------+---------+----+---+----+-----+
    |sparsemux_17_3_16_1_1_U3606  |sparsemux_17_3_16_1_1  |        0|   0|  0|  43|    0|
    |sparsemux_17_3_16_1_1_U3607  |sparsemux_17_3_16_1_1  |        0|   0|  0|  43|    0|
    |sparsemux_17_3_16_1_1_U3608  |sparsemux_17_3_16_1_1  |        0|   0|  0|  43|    0|
    |sparsemux_17_3_16_1_1_U3609  |sparsemux_17_3_16_1_1  |        0|   0|  0|  43|    0|
    |sparsemux_17_3_16_1_1_U3610  |sparsemux_17_3_16_1_1  |        0|   0|  0|  43|    0|
    |sparsemux_17_3_16_1_1_U3611  |sparsemux_17_3_16_1_1  |        0|   0|  0|  43|    0|
    |sparsemux_17_3_16_1_1_U3612  |sparsemux_17_3_16_1_1  |        0|   0|  0|  43|    0|
    |sparsemux_17_3_16_1_1_U3613  |sparsemux_17_3_16_1_1  |        0|   0|  0|  43|    0|
    |sparsemux_17_3_16_1_1_U3614  |sparsemux_17_3_16_1_1  |        0|   0|  0|  43|    0|
    +-----------------------------+-----------------------+---------+----+---+----+-----+
    |Total                        |                       |        0|   0|  0| 387|    0|
    +-----------------------------+-----------------------+---------+----+---+----+-----+

    * DSP: 
    N/A

    * Memory: 
    N/A

    * FIFO: 
    N/A

    * Expression: 
    +---------------------------+----------+----+---+----+------------+------------+
    |       Variable Name       | Operation| DSP| FF| LUT| Bitwidth P0| Bitwidth P1|
    +---------------------------+----------+----+---+----+------------+------------+
    |add_ln208_fu_1115_p2       |         +|   0|  0|  38|          31|           1|
    |add_ln211_fu_1137_p2       |         +|   0|  0|  39|          32|           1|
    |add_ln214_fu_1202_p2       |         +|   0|  0|  12|           4|           4|
    |j_2_fu_1276_p2             |         +|   0|  0|  39|          32|           1|
    |ap_block_pp0_stage0_11001  |       and|   0|  0|   2|           1|           1|
    |icmp_ln208_fu_1110_p2      |      icmp|   0|  0|  39|          32|          32|
    |icmp_ln210_fu_1132_p2      |      icmp|   0|  0|  39|          32|          32|
    |i_1_fu_1143_p3             |    select|   0|  0|  32|           1|          32|
    |j_1_fu_1182_p3             |    select|   0|  0|  32|           1|           1|
    |ap_enable_pp0              |       xor|   0|  0|   2|           1|           2|
    +---------------------------+----------+----+---+----+------------+------------+
    |Total                      |          |   0|  0| 274|         167|         107|
    +---------------------------+----------+----+---+----+------------+------------+

    * Multiplexer: 
    +----------------------------------+----+-----------+-----+-----------+
    |               Name               | LUT| Input Size| Bits| Total Bits|
    +----------------------------------+----+-----------+-----+-----------+
    |ap_NS_fsm                         |  14|          3|    1|          3|
    |ap_done_int                       |   9|          2|    1|          2|
    |ap_enable_reg_pp0_iter0           |   9|          2|    1|          2|
    |ap_enable_reg_pp0_iter1           |   9|          2|    1|          2|
    |ap_enable_reg_pp0_iter2           |   9|          2|    1|          2|
    |ap_loop_exit_ready_pp0_iter1_reg  |   9|          2|    1|          2|
    |gmem2_blk_n_W                     |   9|          2|    1|          2|
    |i_fu_214                          |   9|          2|   32|         64|
    |j_fu_218                          |   9|          2|   32|         64|
    |loc_2_fu_222                      |   9|          2|   31|         62|
    +----------------------------------+----+-----------+-----+-----------+
    |Total                             |  95|         21|  102|        205|
    +----------------------------------+----+-----------+-----+-----------+

    * Register: 
    +----------------------------------+----+----+-----+-----------+
    |               Name               | FF | LUT| Bits| Const Bits|
    +----------------------------------+----+----+-----+-----------+
    |ap_CS_fsm                         |   2|   0|    2|          0|
    |ap_done_reg                       |   1|   0|    1|          0|
    |ap_enable_reg_pp0_iter0_reg       |   1|   0|    1|          0|
    |ap_enable_reg_pp0_iter1           |   1|   0|    1|          0|
    |ap_enable_reg_pp0_iter2           |   1|   0|    1|          0|
    |ap_loop_exit_ready_pp0_iter1_reg  |   1|   0|    1|          0|
    |i_fu_214                          |  32|   0|   32|          0|
    |icmp_ln208_reg_1674               |   1|   0|    1|          0|
    |icmp_ln210_reg_1688               |   1|   0|    1|          0|
    |j_fu_218                          |  32|   0|   32|          0|
    |j_load_reg_1678                   |  32|   0|   32|          0|
    |loc_2_fu_222                      |  31|   0|   31|          0|
    |lshr_ln4_reg_1698                 |   2|   0|    2|          0|
    |tmp_21_reg_2035                   |  16|   0|   16|          0|
    |trunc_ln208_reg_1703              |   3|   0|    3|          0|
    |trunc_ln210_reg_1693              |   3|   0|    3|          0|
    +----------------------------------+----+----+-----+-----------+
    |Total                             | 160|   0|  160|          0|
    +----------------------------------+----+----+-----+-----------+



================================================================
== Interface
================================================================
* Summary: 
+----------------------+-----+-----+------------+-----------------------+--------------+
|       RTL Ports      | Dir | Bits|  Protocol  |     Source Object     |    C Type    |
+----------------------+-----+-----+------------+-----------------------+--------------+
|ap_clk                |   in|    1|  ap_ctrl_hs|  mmult_Pipeline_writeC|  return value|
|ap_rst                |   in|    1|  ap_ctrl_hs|  mmult_Pipeline_writeC|  return value|
|ap_start              |   in|    1|  ap_ctrl_hs|  mmult_Pipeline_writeC|  return value|
|ap_done               |  out|    1|  ap_ctrl_hs|  mmult_Pipeline_writeC|  return value|
|ap_idle               |  out|    1|  ap_ctrl_hs|  mmult_Pipeline_writeC|  return value|
|ap_ready              |  out|    1|  ap_ctrl_hs|  mmult_Pipeline_writeC|  return value|
|m_axi_gmem2_AWVALID   |  out|    1|       m_axi|                  gmem2|       pointer|
|m_axi_gmem2_AWREADY   |   in|    1|       m_axi|                  gmem2|       pointer|
|m_axi_gmem2_AWADDR    |  out|   64|       m_axi|                  gmem2|       pointer|
|m_axi_gmem2_AWID      |  out|    1|       m_axi|                  gmem2|       pointer|
|m_axi_gmem2_AWLEN     |  out|   32|       m_axi|                  gmem2|       pointer|
|m_axi_gmem2_AWSIZE    |  out|    3|       m_axi|                  gmem2|       pointer|
|m_axi_gmem2_AWBURST   |  out|    2|       m_axi|                  gmem2|       pointer|
|m_axi_gmem2_AWLOCK    |  out|    2|       m_axi|                  gmem2|       pointer|
|m_axi_gmem2_AWCACHE   |  out|    4|       m_axi|                  gmem2|       pointer|
|m_axi_gmem2_AWPROT    |  out|    3|       m_axi|                  gmem2|       pointer|
|m_axi_gmem2_AWQOS     |  out|    4|       m_axi|                  gmem2|       pointer|
|m_axi_gmem2_AWREGION  |  out|    4|       m_axi|                  gmem2|       pointer|
|m_axi_gmem2_AWUSER    |  out|    1|       m_axi|                  gmem2|       pointer|
|m_axi_gmem2_WVALID    |  out|    1|       m_axi|                  gmem2|       pointer|
|m_axi_gmem2_WREADY    |   in|    1|       m_axi|                  gmem2|       pointer|
|m_axi_gmem2_WDATA     |  out|   16|       m_axi|                  gmem2|       pointer|
|m_axi_gmem2_WSTRB     |  out|    2|       m_axi|                  gmem2|       pointer|
|m_axi_gmem2_WLAST     |  out|    1|       m_axi|                  gmem2|       pointer|
|m_axi_gmem2_WID       |  out|    1|       m_axi|                  gmem2|       pointer|
|m_axi_gmem2_WUSER     |  out|    1|       m_axi|                  gmem2|       pointer|
|m_axi_gmem2_ARVALID   |  out|    1|       m_axi|                  gmem2|       pointer|
|m_axi_gmem2_ARREADY   |   in|    1|       m_axi|                  gmem2|       pointer|
|m_axi_gmem2_ARADDR    |  out|   64|       m_axi|                  gmem2|       pointer|
|m_axi_gmem2_ARID      |  out|    1|       m_axi|                  gmem2|       pointer|
|m_axi_gmem2_ARLEN     |  out|   32|       m_axi|                  gmem2|       pointer|
|m_axi_gmem2_ARSIZE    |  out|    3|       m_axi|                  gmem2|       pointer|
|m_axi_gmem2_ARBURST   |  out|    2|       m_axi|                  gmem2|       pointer|
|m_axi_gmem2_ARLOCK    |  out|    2|       m_axi|                  gmem2|       pointer|
|m_axi_gmem2_ARCACHE   |  out|    4|       m_axi|                  gmem2|       pointer|
|m_axi_gmem2_ARPROT    |  out|    3|       m_axi|                  gmem2|       pointer|
|m_axi_gmem2_ARQOS     |  out|    4|       m_axi|                  gmem2|       pointer|
|m_axi_gmem2_ARREGION  |  out|    4|       m_axi|                  gmem2|       pointer|
|m_axi_gmem2_ARUSER    |  out|    1|       m_axi|                  gmem2|       pointer|
|m_axi_gmem2_RVALID    |   in|    1|       m_axi|                  gmem2|       pointer|
|m_axi_gmem2_RREADY    |  out|    1|       m_axi|                  gmem2|       pointer|
|m_axi_gmem2_RDATA     |   in|   16|       m_axi|                  gmem2|       pointer|
|m_axi_gmem2_RLAST     |   in|    1|       m_axi|                  gmem2|       pointer|
|m_axi_gmem2_RID       |   in|    1|       m_axi|                  gmem2|       pointer|
|m_axi_gmem2_RFIFONUM  |   in|   10|       m_axi|                  gmem2|       pointer|
|m_axi_gmem2_RUSER     |   in|    1|       m_axi|                  gmem2|       pointer|
|m_axi_gmem2_RRESP     |   in|    2|       m_axi|                  gmem2|       pointer|
|m_axi_gmem2_BVALID    |   in|    1|       m_axi|                  gmem2|       pointer|
|m_axi_gmem2_BREADY    |  out|    1|       m_axi|                  gmem2|       pointer|
|m_axi_gmem2_BRESP     |   in|    2|       m_axi|                  gmem2|       pointer|
|m_axi_gmem2_BID       |   in|    1|       m_axi|                  gmem2|       pointer|
|m_axi_gmem2_BUSER     |   in|    1|       m_axi|                  gmem2|       pointer|
|mul65                 |   in|   32|     ap_none|                  mul65|        scalar|
|sext_ln208            |   in|   63|     ap_none|             sext_ln208|        scalar|
|b_col                 |   in|   32|     ap_none|                  b_col|        scalar|
|localC_address0       |  out|    4|   ap_memory|                 localC|         array|
|localC_ce0            |  out|    1|   ap_memory|                 localC|         array|
|localC_q0             |   in|   16|   ap_memory|                 localC|         array|
|localC_1_address0     |  out|    4|   ap_memory|               localC_1|         array|
|localC_1_ce0          |  out|    1|   ap_memory|               localC_1|         array|
|localC_1_q0           |   in|   16|   ap_memory|               localC_1|         array|
|localC_2_address0     |  out|    4|   ap_memory|               localC_2|         array|
|localC_2_ce0          |  out|    1|   ap_memory|               localC_2|         array|
|localC_2_q0           |   in|   16|   ap_memory|               localC_2|         array|
|localC_3_address0     |  out|    4|   ap_memory|               localC_3|         array|
|localC_3_ce0          |  out|    1|   ap_memory|               localC_3|         array|
|localC_3_q0           |   in|   16|   ap_memory|               localC_3|         array|
|localC_4_address0     |  out|    4|   ap_memory|               localC_4|         array|
|localC_4_ce0          |  out|    1|   ap_memory|               localC_4|         array|
|localC_4_q0           |   in|   16|   ap_memory|               localC_4|         array|
|localC_5_address0     |  out|    4|   ap_memory|               localC_5|         array|
|localC_5_ce0          |  out|    1|   ap_memory|               localC_5|         array|
|localC_5_q0           |   in|   16|   ap_memory|               localC_5|         array|
|localC_6_address0     |  out|    4|   ap_memory|               localC_6|         array|
|localC_6_ce0          |  out|    1|   ap_memory|               localC_6|         array|
|localC_6_q0           |   in|   16|   ap_memory|               localC_6|         array|
|localC_7_address0     |  out|    4|   ap_memory|               localC_7|         array|
|localC_7_ce0          |  out|    1|   ap_memory|               localC_7|         array|
|localC_7_q0           |   in|   16|   ap_memory|               localC_7|         array|
|localC_8_address0     |  out|    4|   ap_memory|               localC_8|         array|
|localC_8_ce0          |  out|    1|   ap_memory|               localC_8|         array|
|localC_8_q0           |   in|   16|   ap_memory|               localC_8|         array|
|localC_9_address0     |  out|    4|   ap_memory|               localC_9|         array|
|localC_9_ce0          |  out|    1|   ap_memory|               localC_9|         array|
|localC_9_q0           |   in|   16|   ap_memory|               localC_9|         array|
|localC_10_address0    |  out|    4|   ap_memory|              localC_10|         array|
|localC_10_ce0         |  out|    1|   ap_memory|              localC_10|         array|
|localC_10_q0          |   in|   16|   ap_memory|              localC_10|         array|
|localC_11_address0    |  out|    4|   ap_memory|              localC_11|         array|
|localC_11_ce0         |  out|    1|   ap_memory|              localC_11|         array|
|localC_11_q0          |   in|   16|   ap_memory|              localC_11|         array|
|localC_12_address0    |  out|    4|   ap_memory|              localC_12|         array|
|localC_12_ce0         |  out|    1|   ap_memory|              localC_12|         array|
|localC_12_q0          |   in|   16|   ap_memory|              localC_12|         array|
|localC_13_address0    |  out|    4|   ap_memory|              localC_13|         array|
|localC_13_ce0         |  out|    1|   ap_memory|              localC_13|         array|
|localC_13_q0          |   in|   16|   ap_memory|              localC_13|         array|
|localC_14_address0    |  out|    4|   ap_memory|              localC_14|         array|
|localC_14_ce0         |  out|    1|   ap_memory|              localC_14|         array|
|localC_14_q0          |   in|   16|   ap_memory|              localC_14|         array|
|localC_15_address0    |  out|    4|   ap_memory|              localC_15|         array|
|localC_15_ce0         |  out|    1|   ap_memory|              localC_15|         array|
|localC_15_q0          |   in|   16|   ap_memory|              localC_15|         array|
|localC_16_address0    |  out|    4|   ap_memory|              localC_16|         array|
|localC_16_ce0         |  out|    1|   ap_memory|              localC_16|         array|
|localC_16_q0          |   in|   16|   ap_memory|              localC_16|         array|
|localC_17_address0    |  out|    4|   ap_memory|              localC_17|         array|
|localC_17_ce0         |  out|    1|   ap_memory|              localC_17|         array|
|localC_17_q0          |   in|   16|   ap_memory|              localC_17|         array|
|localC_18_address0    |  out|    4|   ap_memory|              localC_18|         array|
|localC_18_ce0         |  out|    1|   ap_memory|              localC_18|         array|
|localC_18_q0          |   in|   16|   ap_memory|              localC_18|         array|
|localC_19_address0    |  out|    4|   ap_memory|              localC_19|         array|
|localC_19_ce0         |  out|    1|   ap_memory|              localC_19|         array|
|localC_19_q0          |   in|   16|   ap_memory|              localC_19|         array|
|localC_20_address0    |  out|    4|   ap_memory|              localC_20|         array|
|localC_20_ce0         |  out|    1|   ap_memory|              localC_20|         array|
|localC_20_q0          |   in|   16|   ap_memory|              localC_20|         array|
|localC_21_address0    |  out|    4|   ap_memory|              localC_21|         array|
|localC_21_ce0         |  out|    1|   ap_memory|              localC_21|         array|
|localC_21_q0          |   in|   16|   ap_memory|              localC_21|         array|
|localC_22_address0    |  out|    4|   ap_memory|              localC_22|         array|
|localC_22_ce0         |  out|    1|   ap_memory|              localC_22|         array|
|localC_22_q0          |   in|   16|   ap_memory|              localC_22|         array|
|localC_23_address0    |  out|    4|   ap_memory|              localC_23|         array|
|localC_23_ce0         |  out|    1|   ap_memory|              localC_23|         array|
|localC_23_q0          |   in|   16|   ap_memory|              localC_23|         array|
|localC_24_address0    |  out|    4|   ap_memory|              localC_24|         array|
|localC_24_ce0         |  out|    1|   ap_memory|              localC_24|         array|
|localC_24_q0          |   in|   16|   ap_memory|              localC_24|         array|
|localC_25_address0    |  out|    4|   ap_memory|              localC_25|         array|
|localC_25_ce0         |  out|    1|   ap_memory|              localC_25|         array|
|localC_25_q0          |   in|   16|   ap_memory|              localC_25|         array|
|localC_26_address0    |  out|    4|   ap_memory|              localC_26|         array|
|localC_26_ce0         |  out|    1|   ap_memory|              localC_26|         array|
|localC_26_q0          |   in|   16|   ap_memory|              localC_26|         array|
|localC_27_address0    |  out|    4|   ap_memory|              localC_27|         array|
|localC_27_ce0         |  out|    1|   ap_memory|              localC_27|         array|
|localC_27_q0          |   in|   16|   ap_memory|              localC_27|         array|
|localC_28_address0    |  out|    4|   ap_memory|              localC_28|         array|
|localC_28_ce0         |  out|    1|   ap_memory|              localC_28|         array|
|localC_28_q0          |   in|   16|   ap_memory|              localC_28|         array|
|localC_29_address0    |  out|    4|   ap_memory|              localC_29|         array|
|localC_29_ce0         |  out|    1|   ap_memory|              localC_29|         array|
|localC_29_q0          |   in|   16|   ap_memory|              localC_29|         array|
|localC_30_address0    |  out|    4|   ap_memory|              localC_30|         array|
|localC_30_ce0         |  out|    1|   ap_memory|              localC_30|         array|
|localC_30_q0          |   in|   16|   ap_memory|              localC_30|         array|
|localC_31_address0    |  out|    4|   ap_memory|              localC_31|         array|
|localC_31_ce0         |  out|    1|   ap_memory|              localC_31|         array|
|localC_31_q0          |   in|   16|   ap_memory|              localC_31|         array|
|localC_32_address0    |  out|    4|   ap_memory|              localC_32|         array|
|localC_32_ce0         |  out|    1|   ap_memory|              localC_32|         array|
|localC_32_q0          |   in|   16|   ap_memory|              localC_32|         array|
|localC_33_address0    |  out|    4|   ap_memory|              localC_33|         array|
|localC_33_ce0         |  out|    1|   ap_memory|              localC_33|         array|
|localC_33_q0          |   in|   16|   ap_memory|              localC_33|         array|
|localC_34_address0    |  out|    4|   ap_memory|              localC_34|         array|
|localC_34_ce0         |  out|    1|   ap_memory|              localC_34|         array|
|localC_34_q0          |   in|   16|   ap_memory|              localC_34|         array|
|localC_35_address0    |  out|    4|   ap_memory|              localC_35|         array|
|localC_35_ce0         |  out|    1|   ap_memory|              localC_35|         array|
|localC_35_q0          |   in|   16|   ap_memory|              localC_35|         array|
|localC_36_address0    |  out|    4|   ap_memory|              localC_36|         array|
|localC_36_ce0         |  out|    1|   ap_memory|              localC_36|         array|
|localC_36_q0          |   in|   16|   ap_memory|              localC_36|         array|
|localC_37_address0    |  out|    4|   ap_memory|              localC_37|         array|
|localC_37_ce0         |  out|    1|   ap_memory|              localC_37|         array|
|localC_37_q0          |   in|   16|   ap_memory|              localC_37|         array|
|localC_38_address0    |  out|    4|   ap_memory|              localC_38|         array|
|localC_38_ce0         |  out|    1|   ap_memory|              localC_38|         array|
|localC_38_q0          |   in|   16|   ap_memory|              localC_38|         array|
|localC_39_address0    |  out|    4|   ap_memory|              localC_39|         array|
|localC_39_ce0         |  out|    1|   ap_memory|              localC_39|         array|
|localC_39_q0          |   in|   16|   ap_memory|              localC_39|         array|
|localC_40_address0    |  out|    4|   ap_memory|              localC_40|         array|
|localC_40_ce0         |  out|    1|   ap_memory|              localC_40|         array|
|localC_40_q0          |   in|   16|   ap_memory|              localC_40|         array|
|localC_41_address0    |  out|    4|   ap_memory|              localC_41|         array|
|localC_41_ce0         |  out|    1|   ap_memory|              localC_41|         array|
|localC_41_q0          |   in|   16|   ap_memory|              localC_41|         array|
|localC_42_address0    |  out|    4|   ap_memory|              localC_42|         array|
|localC_42_ce0         |  out|    1|   ap_memory|              localC_42|         array|
|localC_42_q0          |   in|   16|   ap_memory|              localC_42|         array|
|localC_43_address0    |  out|    4|   ap_memory|              localC_43|         array|
|localC_43_ce0         |  out|    1|   ap_memory|              localC_43|         array|
|localC_43_q0          |   in|   16|   ap_memory|              localC_43|         array|
|localC_44_address0    |  out|    4|   ap_memory|              localC_44|         array|
|localC_44_ce0         |  out|    1|   ap_memory|              localC_44|         array|
|localC_44_q0          |   in|   16|   ap_memory|              localC_44|         array|
|localC_45_address0    |  out|    4|   ap_memory|              localC_45|         array|
|localC_45_ce0         |  out|    1|   ap_memory|              localC_45|         array|
|localC_45_q0          |   in|   16|   ap_memory|              localC_45|         array|
|localC_46_address0    |  out|    4|   ap_memory|              localC_46|         array|
|localC_46_ce0         |  out|    1|   ap_memory|              localC_46|         array|
|localC_46_q0          |   in|   16|   ap_memory|              localC_46|         array|
|localC_47_address0    |  out|    4|   ap_memory|              localC_47|         array|
|localC_47_ce0         |  out|    1|   ap_memory|              localC_47|         array|
|localC_47_q0          |   in|   16|   ap_memory|              localC_47|         array|
|localC_48_address0    |  out|    4|   ap_memory|              localC_48|         array|
|localC_48_ce0         |  out|    1|   ap_memory|              localC_48|         array|
|localC_48_q0          |   in|   16|   ap_memory|              localC_48|         array|
|localC_49_address0    |  out|    4|   ap_memory|              localC_49|         array|
|localC_49_ce0         |  out|    1|   ap_memory|              localC_49|         array|
|localC_49_q0          |   in|   16|   ap_memory|              localC_49|         array|
|localC_50_address0    |  out|    4|   ap_memory|              localC_50|         array|
|localC_50_ce0         |  out|    1|   ap_memory|              localC_50|         array|
|localC_50_q0          |   in|   16|   ap_memory|              localC_50|         array|
|localC_51_address0    |  out|    4|   ap_memory|              localC_51|         array|
|localC_51_ce0         |  out|    1|   ap_memory|              localC_51|         array|
|localC_51_q0          |   in|   16|   ap_memory|              localC_51|         array|
|localC_52_address0    |  out|    4|   ap_memory|              localC_52|         array|
|localC_52_ce0         |  out|    1|   ap_memory|              localC_52|         array|
|localC_52_q0          |   in|   16|   ap_memory|              localC_52|         array|
|localC_53_address0    |  out|    4|   ap_memory|              localC_53|         array|
|localC_53_ce0         |  out|    1|   ap_memory|              localC_53|         array|
|localC_53_q0          |   in|   16|   ap_memory|              localC_53|         array|
|localC_54_address0    |  out|    4|   ap_memory|              localC_54|         array|
|localC_54_ce0         |  out|    1|   ap_memory|              localC_54|         array|
|localC_54_q0          |   in|   16|   ap_memory|              localC_54|         array|
|localC_55_address0    |  out|    4|   ap_memory|              localC_55|         array|
|localC_55_ce0         |  out|    1|   ap_memory|              localC_55|         array|
|localC_55_q0          |   in|   16|   ap_memory|              localC_55|         array|
|localC_56_address0    |  out|    4|   ap_memory|              localC_56|         array|
|localC_56_ce0         |  out|    1|   ap_memory|              localC_56|         array|
|localC_56_q0          |   in|   16|   ap_memory|              localC_56|         array|
|localC_57_address0    |  out|    4|   ap_memory|              localC_57|         array|
|localC_57_ce0         |  out|    1|   ap_memory|              localC_57|         array|
|localC_57_q0          |   in|   16|   ap_memory|              localC_57|         array|
|localC_58_address0    |  out|    4|   ap_memory|              localC_58|         array|
|localC_58_ce0         |  out|    1|   ap_memory|              localC_58|         array|
|localC_58_q0          |   in|   16|   ap_memory|              localC_58|         array|
|localC_59_address0    |  out|    4|   ap_memory|              localC_59|         array|
|localC_59_ce0         |  out|    1|   ap_memory|              localC_59|         array|
|localC_59_q0          |   in|   16|   ap_memory|              localC_59|         array|
|localC_60_address0    |  out|    4|   ap_memory|              localC_60|         array|
|localC_60_ce0         |  out|    1|   ap_memory|              localC_60|         array|
|localC_60_q0          |   in|   16|   ap_memory|              localC_60|         array|
|localC_61_address0    |  out|    4|   ap_memory|              localC_61|         array|
|localC_61_ce0         |  out|    1|   ap_memory|              localC_61|         array|
|localC_61_q0          |   in|   16|   ap_memory|              localC_61|         array|
|localC_62_address0    |  out|    4|   ap_memory|              localC_62|         array|
|localC_62_ce0         |  out|    1|   ap_memory|              localC_62|         array|
|localC_62_q0          |   in|   16|   ap_memory|              localC_62|         array|
|localC_63_address0    |  out|    4|   ap_memory|              localC_63|         array|
|localC_63_ce0         |  out|    1|   ap_memory|              localC_63|         array|
|localC_63_q0          |   in|   16|   ap_memory|              localC_63|         array|
+----------------------+-----+-----+------------+-----------------------+--------------+

============================================================
+ Verbose Summary: Synthesis Manager
============================================================
InlineROM: 1
ExposeGlobal: 0
============================================================
+ Verbose Summary: CDFG Model
============================================================
IsTopModel: 0
ResetActiveHigh: 1
IsCombinational: 2
IsDatapathOnly: 2
HasWiredReturn: 1
HasMFsm: 2
HasVarLatency: 1
IsPipeline: 0
IsRtlPipelined: 0
IsInstanceOverlapped: 0
IsDontTouch: 0
HasImplIP: 0
IsGatedGlobalClock: 0

+ Individual pipeline summary: 
  * Pipeline-0: initiation interval (II) = 2, depth = 5


============================================================
+ Verbose Summary: Schedule
============================================================
* Number of FSM states : 5
* Pipeline : 1
  Pipeline-0 : II = 2, D = 5, States = { 1 2 3 4 5 }
* Dataflow Pipeline: 0

* FSM state transitions: 
1 --> 2 
2 --> 3 
3 --> 4 
4 --> 5 
5 --> 

* FSM state operations: 

State 1 <SV = 0> <Delay = 0.42>
ST_1 : Operation 7 [1/1] (0.00ns)   --->   "%i = alloca i32 1" [mmult.cpp:208]   --->   Operation 7 'alloca' 'i' <Predicate = true> <Delay = 0.00>
ST_1 : Operation 8 [1/1] (0.00ns)   --->   "%j = alloca i32 1" [mmult.cpp:208]   --->   Operation 8 'alloca' 'j' <Predicate = true> <Delay = 0.00>
ST_1 : Operation 9 [1/1] (0.00ns)   --->   "%loc_2 = alloca i32 1"   --->   Operation 9 'alloca' 'loc_2' <Predicate = true> <Delay = 0.00>
ST_1 : Operation 10 [1/1] (0.00ns)   --->   "%b_col_read = read i32 @_ssdm_op_Read.ap_auto.i32, i32 %b_col"   --->   Operation 10 'read' 'b_col_read' <Predicate = true> <Delay = 0.00>
ST_1 : Operation 11 [1/1] (0.00ns)   --->   "%sext_ln208_read = read i63 @_ssdm_op_Read.ap_auto.i63, i63 %sext_ln208"   --->   Operation 11 'read' 'sext_ln208_read' <Predicate = true> <Delay = 0.00>
ST_1 : Operation 12 [1/1] (0.00ns)   --->   "%mul65_read = read i32 @_ssdm_op_Read.ap_auto.i32, i32 %mul65"   --->   Operation 12 'read' 'mul65_read' <Predicate = true> <Delay = 0.00>
ST_1 : Operation 13 [1/1] (0.00ns)   --->   "%sext_ln208_cast = sext i63 %sext_ln208_read"   --->   Operation 13 'sext' 'sext_ln208_cast' <Predicate = true> <Delay = 0.00>
ST_1 : Operation 14 [1/1] (0.00ns)   --->   "%specinterface_ln0 = specinterface void @_ssdm_op_SpecInterface, i16 %gmem2, void @empty_3, i32 0, i32 0, void @empty_4, i32 0, i32 0, void @empty_7, void @empty_11, void @empty_4, i32 16, i32 16, i32 16, i32 16, void @empty_4, void @empty_4, i32 4294967295, i32 0"   --->   Operation 14 'specinterface' 'specinterface_ln0' <Predicate = true> <Delay = 0.00>
ST_1 : Operation 15 [1/1] (0.42ns)   --->   "%store_ln0 = store i31 0, i31 %loc_2"   --->   Operation 15 'store' 'store_ln0' <Predicate = true> <Delay = 0.42>
ST_1 : Operation 16 [1/1] (0.42ns)   --->   "%store_ln208 = store i32 0, i32 %j" [mmult.cpp:208]   --->   Operation 16 'store' 'store_ln208' <Predicate = true> <Delay = 0.42>
ST_1 : Operation 17 [1/1] (0.42ns)   --->   "%store_ln208 = store i32 0, i32 %i" [mmult.cpp:208]   --->   Operation 17 'store' 'store_ln208' <Predicate = true> <Delay = 0.42>
ST_1 : Operation 18 [1/1] (0.00ns)   --->   "%br_ln0 = br void %for.body68"   --->   Operation 18 'br' 'br_ln0' <Predicate = true> <Delay = 0.00>

State 2 <SV = 1> <Delay = 1.89>
ST_2 : Operation 19 [1/1] (0.00ns)   --->   "%loc_2_load = load i31 %loc_2" [mmult.cpp:208]   --->   Operation 19 'load' 'loc_2_load' <Predicate = true> <Delay = 0.00>
ST_2 : Operation 20 [1/1] (0.00ns)   --->   "%loc_2_cast = zext i31 %loc_2_load" [mmult.cpp:208]   --->   Operation 20 'zext' 'loc_2_cast' <Predicate = true> <Delay = 0.00>
ST_2 : Operation 21 [1/1] (0.00ns)   --->   "%specbitsmap_ln0 = specbitsmap void @_ssdm_op_SpecBitsMap, i16 %gmem2"   --->   Operation 21 'specbitsmap' 'specbitsmap_ln0' <Predicate = true> <Delay = 0.00>
ST_2 : Operation 22 [1/1] (1.01ns)   --->   "%icmp_ln208 = icmp_slt  i32 %loc_2_cast, i32 %mul65_read" [mmult.cpp:208]   --->   Operation 22 'icmp' 'icmp_ln208' <Predicate = true> <Delay = 1.01> <CoreInst = "Cmp">   --->   Core 9 'Cmp' <Latency = 0> <II = 1> <Delay = 1.01> <FuncUnit> <Opcode : 'icmp'> <InPorts = 2> <OutPorts = 1>
ST_2 : Operation 23 [1/1] (1.00ns)   --->   "%add_ln208 = add i31 %loc_2_load, i31 1" [mmult.cpp:208]   --->   Operation 23 'add' 'add_ln208' <Predicate = true> <Delay = 1.00> <CoreInst = "Adder">   --->   Core 1 'Adder' <Latency = 0> <II = 1> <Delay = 1.00> <FuncUnit> <Opcode : 'add' 'sub'> <InPorts = 2> <OutPorts = 1>
ST_2 : Operation 24 [1/1] (0.00ns)   --->   "%br_ln208 = br i1 %icmp_ln208, void %for.end82.loopexit.exitStub, void %for.body68.split" [mmult.cpp:208]   --->   Operation 24 'br' 'br_ln208' <Predicate = true> <Delay = 0.00>
ST_2 : Operation 25 [1/1] (0.00ns)   --->   "%i_load = load i32 %i" [mmult.cpp:211]   --->   Operation 25 'load' 'i_load' <Predicate = (icmp_ln208)> <Delay = 0.00>
ST_2 : Operation 26 [1/1] (0.00ns)   --->   "%j_load = load i32 %j" [mmult.cpp:210]   --->   Operation 26 'load' 'j_load' <Predicate = (icmp_ln208)> <Delay = 0.00>
ST_2 : Operation 27 [1/1] (0.00ns)   --->   "%gmem2_addr = getelementptr i16 %gmem2, i64 %sext_ln208_cast" [mmult.cpp:208]   --->   Operation 27 'getelementptr' 'gmem2_addr' <Predicate = (icmp_ln208)> <Delay = 0.00>
ST_2 : Operation 28 [1/1] (1.01ns)   --->   "%icmp_ln210 = icmp_eq  i32 %j_load, i32 %b_col_read" [mmult.cpp:210]   --->   Operation 28 'icmp' 'icmp_ln210' <Predicate = (icmp_ln208)> <Delay = 1.01> <CoreInst = "Cmp">   --->   Core 9 'Cmp' <Latency = 0> <II = 1> <Delay = 1.01> <FuncUnit> <Opcode : 'icmp'> <InPorts = 2> <OutPorts = 1>
ST_2 : Operation 29 [1/1] (1.01ns)   --->   "%add_ln211 = add i32 %i_load, i32 1" [mmult.cpp:211]   --->   Operation 29 'add' 'add_ln211' <Predicate = (icmp_ln208)> <Delay = 1.01> <CoreInst = "Adder">   --->   Core 1 'Adder' <Latency = 0> <II = 1> <Delay = 1.01> <FuncUnit> <Opcode : 'add' 'sub'> <InPorts = 2> <OutPorts = 1>
ST_2 : Operation 30 [1/1] (0.44ns)   --->   "%i_1 = select i1 %icmp_ln210, i32 %add_ln211, i32 %i_load" [mmult.cpp:210]   --->   Operation 30 'select' 'i_1' <Predicate = (icmp_ln208)> <Delay = 0.44> <CoreInst = "Sel">   --->   Core 73 'Sel' <Latency = 0> <II = 1> <Delay = 0.44> <FuncUnit> <Opcode : 'select'> <InPorts = 3> <OutPorts = 1>
ST_2 : Operation 31 [1/1] (0.00ns)   --->   "%trunc_ln210 = trunc i32 %i_1" [mmult.cpp:210]   --->   Operation 31 'trunc' 'trunc_ln210' <Predicate = (icmp_ln208)> <Delay = 0.00>
ST_2 : Operation 32 [1/1] (0.00ns)   --->   "%lshr_ln4 = partselect i2 @_ssdm_op_PartSelect.i2.i32.i32.i32, i32 %i_1, i32 3, i32 4" [mmult.cpp:210]   --->   Operation 32 'partselect' 'lshr_ln4' <Predicate = (icmp_ln208)> <Delay = 0.00>
ST_2 : Operation 33 [1/1] (0.42ns)   --->   "%store_ln208 = store i31 %add_ln208, i31 %loc_2" [mmult.cpp:208]   --->   Operation 33 'store' 'store_ln208' <Predicate = (icmp_ln208)> <Delay = 0.42>
ST_2 : Operation 34 [1/1] (0.42ns)   --->   "%store_ln208 = store i32 %i_1, i32 %i" [mmult.cpp:208]   --->   Operation 34 'store' 'store_ln208' <Predicate = (icmp_ln208)> <Delay = 0.42>

State 3 <SV = 2> <Delay = 1.92>
ST_3 : Operation 35 [1/1] (0.00ns)   --->   "%tmp_22 = bitconcatenate i4 @_ssdm_op_BitConcatenate.i4.i2.i2, i2 %lshr_ln4, i2 0" [mmult.cpp:214]   --->   Operation 35 'bitconcatenate' 'tmp_22' <Predicate = (icmp_ln208)> <Delay = 0.00>
ST_3 : Operation 36 [1/1] (0.44ns)   --->   "%j_1 = select i1 %icmp_ln210, i32 0, i32 %j_load" [mmult.cpp:210]   --->   Operation 36 'select' 'j_1' <Predicate = (icmp_ln208)> <Delay = 0.44> <CoreInst = "Sel">   --->   Core 73 'Sel' <Latency = 0> <II = 1> <Delay = 0.44> <FuncUnit> <Opcode : 'select'> <InPorts = 3> <OutPorts = 1>
ST_3 : Operation 37 [1/1] (0.00ns)   --->   "%trunc_ln208 = trunc i32 %j_1" [mmult.cpp:208]   --->   Operation 37 'trunc' 'trunc_ln208' <Predicate = (icmp_ln208)> <Delay = 0.00>
ST_3 : Operation 38 [1/1] (0.00ns)   --->   "%lshr_ln5 = partselect i4 @_ssdm_op_PartSelect.i4.i32.i32.i32, i32 %j_1, i32 3, i32 6" [mmult.cpp:208]   --->   Operation 38 'partselect' 'lshr_ln5' <Predicate = (icmp_ln208)> <Delay = 0.00>
ST_3 : Operation 39 [1/1] (0.79ns)   --->   "%add_ln214 = add i4 %tmp_22, i4 %lshr_ln5" [mmult.cpp:214]   --->   Operation 39 'add' 'add_ln214' <Predicate = (icmp_ln208)> <Delay = 0.79> <CoreInst = "Adder">   --->   Core 1 'Adder' <Latency = 0> <II = 1> <Delay = 0.79> <FuncUnit> <Opcode : 'add' 'sub'> <InPorts = 2> <OutPorts = 1>
ST_3 : Operation 40 [1/1] (0.00ns)   --->   "%zext_ln214 = zext i4 %add_ln214" [mmult.cpp:214]   --->   Operation 40 'zext' 'zext_ln214' <Predicate = (icmp_ln208)> <Delay = 0.00>
ST_3 : Operation 41 [1/1] (0.00ns)   --->   "%localC_addr = getelementptr i16 %localC, i64 0, i64 %zext_ln214" [mmult.cpp:214]   --->   Operation 41 'getelementptr' 'localC_addr' <Predicate = (icmp_ln208 & trunc_ln210 == 0)> <Delay = 0.00>
ST_3 : Operation 42 [1/1] (0.00ns)   --->   "%localC_1_addr = getelementptr i16 %localC_1, i64 0, i64 %zext_ln214" [mmult.cpp:214]   --->   Operation 42 'getelementptr' 'localC_1_addr' <Predicate = (icmp_ln208 & trunc_ln210 == 0)> <Delay = 0.00>
ST_3 : Operation 43 [1/1] (0.00ns)   --->   "%localC_2_addr = getelementptr i16 %localC_2, i64 0, i64 %zext_ln214" [mmult.cpp:214]   --->   Operation 43 'getelementptr' 'localC_2_addr' <Predicate = (icmp_ln208 & trunc_ln210 == 0)> <Delay = 0.00>
ST_3 : Operation 44 [1/1] (0.00ns)   --->   "%localC_3_addr = getelementptr i16 %localC_3, i64 0, i64 %zext_ln214" [mmult.cpp:214]   --->   Operation 44 'getelementptr' 'localC_3_addr' <Predicate = (icmp_ln208 & trunc_ln210 == 0)> <Delay = 0.00>
ST_3 : Operation 45 [1/1] (0.00ns)   --->   "%localC_4_addr = getelementptr i16 %localC_4, i64 0, i64 %zext_ln214" [mmult.cpp:214]   --->   Operation 45 'getelementptr' 'localC_4_addr' <Predicate = (icmp_ln208 & trunc_ln210 == 0)> <Delay = 0.00>
ST_3 : Operation 46 [1/1] (0.00ns)   --->   "%localC_5_addr = getelementptr i16 %localC_5, i64 0, i64 %zext_ln214" [mmult.cpp:214]   --->   Operation 46 'getelementptr' 'localC_5_addr' <Predicate = (icmp_ln208 & trunc_ln210 == 0)> <Delay = 0.00>
ST_3 : Operation 47 [1/1] (0.00ns)   --->   "%localC_6_addr = getelementptr i16 %localC_6, i64 0, i64 %zext_ln214" [mmult.cpp:214]   --->   Operation 47 'getelementptr' 'localC_6_addr' <Predicate = (icmp_ln208 & trunc_ln210 == 0)> <Delay = 0.00>
ST_3 : Operation 48 [1/1] (0.00ns)   --->   "%localC_7_addr = getelementptr i16 %localC_7, i64 0, i64 %zext_ln214" [mmult.cpp:214]   --->   Operation 48 'getelementptr' 'localC_7_addr' <Predicate = (icmp_ln208 & trunc_ln210 == 0)> <Delay = 0.00>
ST_3 : Operation 49 [1/1] (0.00ns)   --->   "%localC_8_addr = getelementptr i16 %localC_8, i64 0, i64 %zext_ln214" [mmult.cpp:214]   --->   Operation 49 'getelementptr' 'localC_8_addr' <Predicate = (icmp_ln208 & trunc_ln210 == 1)> <Delay = 0.00>
ST_3 : Operation 50 [1/1] (0.00ns)   --->   "%localC_9_addr = getelementptr i16 %localC_9, i64 0, i64 %zext_ln214" [mmult.cpp:214]   --->   Operation 50 'getelementptr' 'localC_9_addr' <Predicate = (icmp_ln208 & trunc_ln210 == 1)> <Delay = 0.00>
ST_3 : Operation 51 [1/1] (0.00ns)   --->   "%localC_10_addr = getelementptr i16 %localC_10, i64 0, i64 %zext_ln214" [mmult.cpp:214]   --->   Operation 51 'getelementptr' 'localC_10_addr' <Predicate = (icmp_ln208 & trunc_ln210 == 1)> <Delay = 0.00>
ST_3 : Operation 52 [1/1] (0.00ns)   --->   "%localC_11_addr = getelementptr i16 %localC_11, i64 0, i64 %zext_ln214" [mmult.cpp:214]   --->   Operation 52 'getelementptr' 'localC_11_addr' <Predicate = (icmp_ln208 & trunc_ln210 == 1)> <Delay = 0.00>
ST_3 : Operation 53 [1/1] (0.00ns)   --->   "%localC_12_addr = getelementptr i16 %localC_12, i64 0, i64 %zext_ln214" [mmult.cpp:214]   --->   Operation 53 'getelementptr' 'localC_12_addr' <Predicate = (icmp_ln208 & trunc_ln210 == 1)> <Delay = 0.00>
ST_3 : Operation 54 [1/1] (0.00ns)   --->   "%localC_13_addr = getelementptr i16 %localC_13, i64 0, i64 %zext_ln214" [mmult.cpp:214]   --->   Operation 54 'getelementptr' 'localC_13_addr' <Predicate = (icmp_ln208 & trunc_ln210 == 1)> <Delay = 0.00>
ST_3 : Operation 55 [1/1] (0.00ns)   --->   "%localC_14_addr = getelementptr i16 %localC_14, i64 0, i64 %zext_ln214" [mmult.cpp:214]   --->   Operation 55 'getelementptr' 'localC_14_addr' <Predicate = (icmp_ln208 & trunc_ln210 == 1)> <Delay = 0.00>
ST_3 : Operation 56 [1/1] (0.00ns)   --->   "%localC_15_addr = getelementptr i16 %localC_15, i64 0, i64 %zext_ln214" [mmult.cpp:214]   --->   Operation 56 'getelementptr' 'localC_15_addr' <Predicate = (icmp_ln208 & trunc_ln210 == 1)> <Delay = 0.00>
ST_3 : Operation 57 [1/1] (0.00ns)   --->   "%localC_16_addr = getelementptr i16 %localC_16, i64 0, i64 %zext_ln214" [mmult.cpp:214]   --->   Operation 57 'getelementptr' 'localC_16_addr' <Predicate = (icmp_ln208 & trunc_ln210 == 2)> <Delay = 0.00>
ST_3 : Operation 58 [1/1] (0.00ns)   --->   "%localC_17_addr = getelementptr i16 %localC_17, i64 0, i64 %zext_ln214" [mmult.cpp:214]   --->   Operation 58 'getelementptr' 'localC_17_addr' <Predicate = (icmp_ln208 & trunc_ln210 == 2)> <Delay = 0.00>
ST_3 : Operation 59 [1/1] (0.00ns)   --->   "%localC_18_addr = getelementptr i16 %localC_18, i64 0, i64 %zext_ln214" [mmult.cpp:214]   --->   Operation 59 'getelementptr' 'localC_18_addr' <Predicate = (icmp_ln208 & trunc_ln210 == 2)> <Delay = 0.00>
ST_3 : Operation 60 [1/1] (0.00ns)   --->   "%localC_19_addr = getelementptr i16 %localC_19, i64 0, i64 %zext_ln214" [mmult.cpp:214]   --->   Operation 60 'getelementptr' 'localC_19_addr' <Predicate = (icmp_ln208 & trunc_ln210 == 2)> <Delay = 0.00>
ST_3 : Operation 61 [1/1] (0.00ns)   --->   "%localC_20_addr = getelementptr i16 %localC_20, i64 0, i64 %zext_ln214" [mmult.cpp:214]   --->   Operation 61 'getelementptr' 'localC_20_addr' <Predicate = (icmp_ln208 & trunc_ln210 == 2)> <Delay = 0.00>
ST_3 : Operation 62 [1/1] (0.00ns)   --->   "%localC_21_addr = getelementptr i16 %localC_21, i64 0, i64 %zext_ln214" [mmult.cpp:214]   --->   Operation 62 'getelementptr' 'localC_21_addr' <Predicate = (icmp_ln208 & trunc_ln210 == 2)> <Delay = 0.00>
ST_3 : Operation 63 [1/1] (0.00ns)   --->   "%localC_22_addr = getelementptr i16 %localC_22, i64 0, i64 %zext_ln214" [mmult.cpp:214]   --->   Operation 63 'getelementptr' 'localC_22_addr' <Predicate = (icmp_ln208 & trunc_ln210 == 2)> <Delay = 0.00>
ST_3 : Operation 64 [1/1] (0.00ns)   --->   "%localC_23_addr = getelementptr i16 %localC_23, i64 0, i64 %zext_ln214" [mmult.cpp:214]   --->   Operation 64 'getelementptr' 'localC_23_addr' <Predicate = (icmp_ln208 & trunc_ln210 == 2)> <Delay = 0.00>
ST_3 : Operation 65 [1/1] (0.00ns)   --->   "%localC_24_addr = getelementptr i16 %localC_24, i64 0, i64 %zext_ln214" [mmult.cpp:214]   --->   Operation 65 'getelementptr' 'localC_24_addr' <Predicate = (icmp_ln208 & trunc_ln210 == 3)> <Delay = 0.00>
ST_3 : Operation 66 [1/1] (0.00ns)   --->   "%localC_25_addr = getelementptr i16 %localC_25, i64 0, i64 %zext_ln214" [mmult.cpp:214]   --->   Operation 66 'getelementptr' 'localC_25_addr' <Predicate = (icmp_ln208 & trunc_ln210 == 3)> <Delay = 0.00>
ST_3 : Operation 67 [1/1] (0.00ns)   --->   "%localC_26_addr = getelementptr i16 %localC_26, i64 0, i64 %zext_ln214" [mmult.cpp:214]   --->   Operation 67 'getelementptr' 'localC_26_addr' <Predicate = (icmp_ln208 & trunc_ln210 == 3)> <Delay = 0.00>
ST_3 : Operation 68 [1/1] (0.00ns)   --->   "%localC_27_addr = getelementptr i16 %localC_27, i64 0, i64 %zext_ln214" [mmult.cpp:214]   --->   Operation 68 'getelementptr' 'localC_27_addr' <Predicate = (icmp_ln208 & trunc_ln210 == 3)> <Delay = 0.00>
ST_3 : Operation 69 [1/1] (0.00ns)   --->   "%localC_28_addr = getelementptr i16 %localC_28, i64 0, i64 %zext_ln214" [mmult.cpp:214]   --->   Operation 69 'getelementptr' 'localC_28_addr' <Predicate = (icmp_ln208 & trunc_ln210 == 3)> <Delay = 0.00>
ST_3 : Operation 70 [1/1] (0.00ns)   --->   "%localC_29_addr = getelementptr i16 %localC_29, i64 0, i64 %zext_ln214" [mmult.cpp:214]   --->   Operation 70 'getelementptr' 'localC_29_addr' <Predicate = (icmp_ln208 & trunc_ln210 == 3)> <Delay = 0.00>
ST_3 : Operation 71 [1/1] (0.00ns)   --->   "%localC_30_addr = getelementptr i16 %localC_30, i64 0, i64 %zext_ln214" [mmult.cpp:214]   --->   Operation 71 'getelementptr' 'localC_30_addr' <Predicate = (icmp_ln208 & trunc_ln210 == 3)> <Delay = 0.00>
ST_3 : Operation 72 [1/1] (0.00ns)   --->   "%localC_31_addr = getelementptr i16 %localC_31, i64 0, i64 %zext_ln214" [mmult.cpp:214]   --->   Operation 72 'getelementptr' 'localC_31_addr' <Predicate = (icmp_ln208 & trunc_ln210 == 3)> <Delay = 0.00>
ST_3 : Operation 73 [1/1] (0.00ns)   --->   "%localC_32_addr = getelementptr i16 %localC_32, i64 0, i64 %zext_ln214" [mmult.cpp:214]   --->   Operation 73 'getelementptr' 'localC_32_addr' <Predicate = (icmp_ln208 & trunc_ln210 == 4)> <Delay = 0.00>
ST_3 : Operation 74 [1/1] (0.00ns)   --->   "%localC_33_addr = getelementptr i16 %localC_33, i64 0, i64 %zext_ln214" [mmult.cpp:214]   --->   Operation 74 'getelementptr' 'localC_33_addr' <Predicate = (icmp_ln208 & trunc_ln210 == 4)> <Delay = 0.00>
ST_3 : Operation 75 [1/1] (0.00ns)   --->   "%localC_34_addr = getelementptr i16 %localC_34, i64 0, i64 %zext_ln214" [mmult.cpp:214]   --->   Operation 75 'getelementptr' 'localC_34_addr' <Predicate = (icmp_ln208 & trunc_ln210 == 4)> <Delay = 0.00>
ST_3 : Operation 76 [1/1] (0.00ns)   --->   "%localC_35_addr = getelementptr i16 %localC_35, i64 0, i64 %zext_ln214" [mmult.cpp:214]   --->   Operation 76 'getelementptr' 'localC_35_addr' <Predicate = (icmp_ln208 & trunc_ln210 == 4)> <Delay = 0.00>
ST_3 : Operation 77 [1/1] (0.00ns)   --->   "%localC_36_addr = getelementptr i16 %localC_36, i64 0, i64 %zext_ln214" [mmult.cpp:214]   --->   Operation 77 'getelementptr' 'localC_36_addr' <Predicate = (icmp_ln208 & trunc_ln210 == 4)> <Delay = 0.00>
ST_3 : Operation 78 [1/1] (0.00ns)   --->   "%localC_37_addr = getelementptr i16 %localC_37, i64 0, i64 %zext_ln214" [mmult.cpp:214]   --->   Operation 78 'getelementptr' 'localC_37_addr' <Predicate = (icmp_ln208 & trunc_ln210 == 4)> <Delay = 0.00>
ST_3 : Operation 79 [1/1] (0.00ns)   --->   "%localC_38_addr = getelementptr i16 %localC_38, i64 0, i64 %zext_ln214" [mmult.cpp:214]   --->   Operation 79 'getelementptr' 'localC_38_addr' <Predicate = (icmp_ln208 & trunc_ln210 == 4)> <Delay = 0.00>
ST_3 : Operation 80 [1/1] (0.00ns)   --->   "%localC_39_addr = getelementptr i16 %localC_39, i64 0, i64 %zext_ln214" [mmult.cpp:214]   --->   Operation 80 'getelementptr' 'localC_39_addr' <Predicate = (icmp_ln208 & trunc_ln210 == 4)> <Delay = 0.00>
ST_3 : Operation 81 [1/1] (0.00ns)   --->   "%localC_40_addr = getelementptr i16 %localC_40, i64 0, i64 %zext_ln214" [mmult.cpp:214]   --->   Operation 81 'getelementptr' 'localC_40_addr' <Predicate = (icmp_ln208 & trunc_ln210 == 5)> <Delay = 0.00>
ST_3 : Operation 82 [1/1] (0.00ns)   --->   "%localC_41_addr = getelementptr i16 %localC_41, i64 0, i64 %zext_ln214" [mmult.cpp:214]   --->   Operation 82 'getelementptr' 'localC_41_addr' <Predicate = (icmp_ln208 & trunc_ln210 == 5)> <Delay = 0.00>
ST_3 : Operation 83 [1/1] (0.00ns)   --->   "%localC_42_addr = getelementptr i16 %localC_42, i64 0, i64 %zext_ln214" [mmult.cpp:214]   --->   Operation 83 'getelementptr' 'localC_42_addr' <Predicate = (icmp_ln208 & trunc_ln210 == 5)> <Delay = 0.00>
ST_3 : Operation 84 [1/1] (0.00ns)   --->   "%localC_43_addr = getelementptr i16 %localC_43, i64 0, i64 %zext_ln214" [mmult.cpp:214]   --->   Operation 84 'getelementptr' 'localC_43_addr' <Predicate = (icmp_ln208 & trunc_ln210 == 5)> <Delay = 0.00>
ST_3 : Operation 85 [1/1] (0.00ns)   --->   "%localC_44_addr = getelementptr i16 %localC_44, i64 0, i64 %zext_ln214" [mmult.cpp:214]   --->   Operation 85 'getelementptr' 'localC_44_addr' <Predicate = (icmp_ln208 & trunc_ln210 == 5)> <Delay = 0.00>
ST_3 : Operation 86 [1/1] (0.00ns)   --->   "%localC_45_addr = getelementptr i16 %localC_45, i64 0, i64 %zext_ln214" [mmult.cpp:214]   --->   Operation 86 'getelementptr' 'localC_45_addr' <Predicate = (icmp_ln208 & trunc_ln210 == 5)> <Delay = 0.00>
ST_3 : Operation 87 [1/1] (0.00ns)   --->   "%localC_46_addr = getelementptr i16 %localC_46, i64 0, i64 %zext_ln214" [mmult.cpp:214]   --->   Operation 87 'getelementptr' 'localC_46_addr' <Predicate = (icmp_ln208 & trunc_ln210 == 5)> <Delay = 0.00>
ST_3 : Operation 88 [1/1] (0.00ns)   --->   "%localC_47_addr = getelementptr i16 %localC_47, i64 0, i64 %zext_ln214" [mmult.cpp:214]   --->   Operation 88 'getelementptr' 'localC_47_addr' <Predicate = (icmp_ln208 & trunc_ln210 == 5)> <Delay = 0.00>
ST_3 : Operation 89 [1/1] (0.00ns)   --->   "%localC_48_addr = getelementptr i16 %localC_48, i64 0, i64 %zext_ln214" [mmult.cpp:214]   --->   Operation 89 'getelementptr' 'localC_48_addr' <Predicate = (icmp_ln208 & trunc_ln210 == 6)> <Delay = 0.00>
ST_3 : Operation 90 [1/1] (0.00ns)   --->   "%localC_49_addr = getelementptr i16 %localC_49, i64 0, i64 %zext_ln214" [mmult.cpp:214]   --->   Operation 90 'getelementptr' 'localC_49_addr' <Predicate = (icmp_ln208 & trunc_ln210 == 6)> <Delay = 0.00>
ST_3 : Operation 91 [1/1] (0.00ns)   --->   "%localC_50_addr = getelementptr i16 %localC_50, i64 0, i64 %zext_ln214" [mmult.cpp:214]   --->   Operation 91 'getelementptr' 'localC_50_addr' <Predicate = (icmp_ln208 & trunc_ln210 == 6)> <Delay = 0.00>
ST_3 : Operation 92 [1/1] (0.00ns)   --->   "%localC_51_addr = getelementptr i16 %localC_51, i64 0, i64 %zext_ln214" [mmult.cpp:214]   --->   Operation 92 'getelementptr' 'localC_51_addr' <Predicate = (icmp_ln208 & trunc_ln210 == 6)> <Delay = 0.00>
ST_3 : Operation 93 [1/1] (0.00ns)   --->   "%localC_52_addr = getelementptr i16 %localC_52, i64 0, i64 %zext_ln214" [mmult.cpp:214]   --->   Operation 93 'getelementptr' 'localC_52_addr' <Predicate = (icmp_ln208 & trunc_ln210 == 6)> <Delay = 0.00>
ST_3 : Operation 94 [1/1] (0.00ns)   --->   "%localC_53_addr = getelementptr i16 %localC_53, i64 0, i64 %zext_ln214" [mmult.cpp:214]   --->   Operation 94 'getelementptr' 'localC_53_addr' <Predicate = (icmp_ln208 & trunc_ln210 == 6)> <Delay = 0.00>
ST_3 : Operation 95 [1/1] (0.00ns)   --->   "%localC_54_addr = getelementptr i16 %localC_54, i64 0, i64 %zext_ln214" [mmult.cpp:214]   --->   Operation 95 'getelementptr' 'localC_54_addr' <Predicate = (icmp_ln208 & trunc_ln210 == 6)> <Delay = 0.00>
ST_3 : Operation 96 [1/1] (0.00ns)   --->   "%localC_55_addr = getelementptr i16 %localC_55, i64 0, i64 %zext_ln214" [mmult.cpp:214]   --->   Operation 96 'getelementptr' 'localC_55_addr' <Predicate = (icmp_ln208 & trunc_ln210 == 6)> <Delay = 0.00>
ST_3 : Operation 97 [1/1] (0.00ns)   --->   "%localC_56_addr = getelementptr i16 %localC_56, i64 0, i64 %zext_ln214" [mmult.cpp:214]   --->   Operation 97 'getelementptr' 'localC_56_addr' <Predicate = (icmp_ln208 & trunc_ln210 == 7)> <Delay = 0.00>
ST_3 : Operation 98 [1/1] (0.00ns)   --->   "%localC_57_addr = getelementptr i16 %localC_57, i64 0, i64 %zext_ln214" [mmult.cpp:214]   --->   Operation 98 'getelementptr' 'localC_57_addr' <Predicate = (icmp_ln208 & trunc_ln210 == 7)> <Delay = 0.00>
ST_3 : Operation 99 [1/1] (0.00ns)   --->   "%localC_58_addr = getelementptr i16 %localC_58, i64 0, i64 %zext_ln214" [mmult.cpp:214]   --->   Operation 99 'getelementptr' 'localC_58_addr' <Predicate = (icmp_ln208 & trunc_ln210 == 7)> <Delay = 0.00>
ST_3 : Operation 100 [1/1] (0.00ns)   --->   "%localC_59_addr = getelementptr i16 %localC_59, i64 0, i64 %zext_ln214" [mmult.cpp:214]   --->   Operation 100 'getelementptr' 'localC_59_addr' <Predicate = (icmp_ln208 & trunc_ln210 == 7)> <Delay = 0.00>
ST_3 : Operation 101 [1/1] (0.00ns)   --->   "%localC_60_addr = getelementptr i16 %localC_60, i64 0, i64 %zext_ln214" [mmult.cpp:214]   --->   Operation 101 'getelementptr' 'localC_60_addr' <Predicate = (icmp_ln208 & trunc_ln210 == 7)> <Delay = 0.00>
ST_3 : Operation 102 [1/1] (0.00ns)   --->   "%localC_61_addr = getelementptr i16 %localC_61, i64 0, i64 %zext_ln214" [mmult.cpp:214]   --->   Operation 102 'getelementptr' 'localC_61_addr' <Predicate = (icmp_ln208 & trunc_ln210 == 7)> <Delay = 0.00>
ST_3 : Operation 103 [1/1] (0.00ns)   --->   "%localC_62_addr = getelementptr i16 %localC_62, i64 0, i64 %zext_ln214" [mmult.cpp:214]   --->   Operation 103 'getelementptr' 'localC_62_addr' <Predicate = (icmp_ln208 & trunc_ln210 == 7)> <Delay = 0.00>
ST_3 : Operation 104 [1/1] (0.00ns)   --->   "%localC_63_addr = getelementptr i16 %localC_63, i64 0, i64 %zext_ln214" [mmult.cpp:214]   --->   Operation 104 'getelementptr' 'localC_63_addr' <Predicate = (icmp_ln208 & trunc_ln210 == 7)> <Delay = 0.00>
ST_3 : Operation 105 [2/2] (0.67ns)   --->   "%localC_load = load i4 %localC_addr" [mmult.cpp:214]   --->   Operation 105 'load' 'localC_load' <Predicate = (icmp_ln208 & trunc_ln210 == 0)> <Delay = 0.67> <CoreInst = "RAM">   --->   Core 83 'RAM' <Latency = 1> <II = 1> <Delay = 0.67> <Storage> <Opcode : 'load' 'store'> <Ports = 2> <Width = 16> <Depth = 16> <RAM>
ST_3 : Operation 106 [2/2] (0.67ns)   --->   "%localC_1_load = load i4 %localC_1_addr" [mmult.cpp:214]   --->   Operation 106 'load' 'localC_1_load' <Predicate = (icmp_ln208 & trunc_ln210 == 0)> <Delay = 0.67> <CoreInst = "RAM">   --->   Core 83 'RAM' <Latency = 1> <II = 1> <Delay = 0.67> <Storage> <Opcode : 'load' 'store'> <Ports = 2> <Width = 16> <Depth = 16> <RAM>
ST_3 : Operation 107 [2/2] (0.67ns)   --->   "%localC_2_load = load i4 %localC_2_addr" [mmult.cpp:214]   --->   Operation 107 'load' 'localC_2_load' <Predicate = (icmp_ln208 & trunc_ln210 == 0)> <Delay = 0.67> <CoreInst = "RAM">   --->   Core 83 'RAM' <Latency = 1> <II = 1> <Delay = 0.67> <Storage> <Opcode : 'load' 'store'> <Ports = 2> <Width = 16> <Depth = 16> <RAM>
ST_3 : Operation 108 [2/2] (0.67ns)   --->   "%localC_3_load = load i4 %localC_3_addr" [mmult.cpp:214]   --->   Operation 108 'load' 'localC_3_load' <Predicate = (icmp_ln208 & trunc_ln210 == 0)> <Delay = 0.67> <CoreInst = "RAM">   --->   Core 83 'RAM' <Latency = 1> <II = 1> <Delay = 0.67> <Storage> <Opcode : 'load' 'store'> <Ports = 2> <Width = 16> <Depth = 16> <RAM>
ST_3 : Operation 109 [2/2] (0.67ns)   --->   "%localC_4_load = load i4 %localC_4_addr" [mmult.cpp:214]   --->   Operation 109 'load' 'localC_4_load' <Predicate = (icmp_ln208 & trunc_ln210 == 0)> <Delay = 0.67> <CoreInst = "RAM">   --->   Core 83 'RAM' <Latency = 1> <II = 1> <Delay = 0.67> <Storage> <Opcode : 'load' 'store'> <Ports = 2> <Width = 16> <Depth = 16> <RAM>
ST_3 : Operation 110 [2/2] (0.67ns)   --->   "%localC_5_load = load i4 %localC_5_addr" [mmult.cpp:214]   --->   Operation 110 'load' 'localC_5_load' <Predicate = (icmp_ln208 & trunc_ln210 == 0)> <Delay = 0.67> <CoreInst = "RAM">   --->   Core 83 'RAM' <Latency = 1> <II = 1> <Delay = 0.67> <Storage> <Opcode : 'load' 'store'> <Ports = 2> <Width = 16> <Depth = 16> <RAM>
ST_3 : Operation 111 [2/2] (0.67ns)   --->   "%localC_6_load = load i4 %localC_6_addr" [mmult.cpp:214]   --->   Operation 111 'load' 'localC_6_load' <Predicate = (icmp_ln208 & trunc_ln210 == 0)> <Delay = 0.67> <CoreInst = "RAM">   --->   Core 83 'RAM' <Latency = 1> <II = 1> <Delay = 0.67> <Storage> <Opcode : 'load' 'store'> <Ports = 2> <Width = 16> <Depth = 16> <RAM>
ST_3 : Operation 112 [2/2] (0.67ns)   --->   "%localC_7_load = load i4 %localC_7_addr" [mmult.cpp:214]   --->   Operation 112 'load' 'localC_7_load' <Predicate = (icmp_ln208 & trunc_ln210 == 0)> <Delay = 0.67> <CoreInst = "RAM">   --->   Core 83 'RAM' <Latency = 1> <II = 1> <Delay = 0.67> <Storage> <Opcode : 'load' 'store'> <Ports = 2> <Width = 16> <Depth = 16> <RAM>
ST_3 : Operation 113 [2/2] (0.67ns)   --->   "%localC_8_load = load i4 %localC_8_addr" [mmult.cpp:214]   --->   Operation 113 'load' 'localC_8_load' <Predicate = (icmp_ln208 & trunc_ln210 == 1)> <Delay = 0.67> <CoreInst = "RAM">   --->   Core 83 'RAM' <Latency = 1> <II = 1> <Delay = 0.67> <Storage> <Opcode : 'load' 'store'> <Ports = 2> <Width = 16> <Depth = 16> <RAM>
ST_3 : Operation 114 [2/2] (0.67ns)   --->   "%localC_9_load = load i4 %localC_9_addr" [mmult.cpp:214]   --->   Operation 114 'load' 'localC_9_load' <Predicate = (icmp_ln208 & trunc_ln210 == 1)> <Delay = 0.67> <CoreInst = "RAM">   --->   Core 83 'RAM' <Latency = 1> <II = 1> <Delay = 0.67> <Storage> <Opcode : 'load' 'store'> <Ports = 2> <Width = 16> <Depth = 16> <RAM>
ST_3 : Operation 115 [2/2] (0.67ns)   --->   "%localC_10_load = load i4 %localC_10_addr" [mmult.cpp:214]   --->   Operation 115 'load' 'localC_10_load' <Predicate = (icmp_ln208 & trunc_ln210 == 1)> <Delay = 0.67> <CoreInst = "RAM">   --->   Core 83 'RAM' <Latency = 1> <II = 1> <Delay = 0.67> <Storage> <Opcode : 'load' 'store'> <Ports = 2> <Width = 16> <Depth = 16> <RAM>
ST_3 : Operation 116 [2/2] (0.67ns)   --->   "%localC_11_load = load i4 %localC_11_addr" [mmult.cpp:214]   --->   Operation 116 'load' 'localC_11_load' <Predicate = (icmp_ln208 & trunc_ln210 == 1)> <Delay = 0.67> <CoreInst = "RAM">   --->   Core 83 'RAM' <Latency = 1> <II = 1> <Delay = 0.67> <Storage> <Opcode : 'load' 'store'> <Ports = 2> <Width = 16> <Depth = 16> <RAM>
ST_3 : Operation 117 [2/2] (0.67ns)   --->   "%localC_12_load = load i4 %localC_12_addr" [mmult.cpp:214]   --->   Operation 117 'load' 'localC_12_load' <Predicate = (icmp_ln208 & trunc_ln210 == 1)> <Delay = 0.67> <CoreInst = "RAM">   --->   Core 83 'RAM' <Latency = 1> <II = 1> <Delay = 0.67> <Storage> <Opcode : 'load' 'store'> <Ports = 2> <Width = 16> <Depth = 16> <RAM>
ST_3 : Operation 118 [2/2] (0.67ns)   --->   "%localC_13_load = load i4 %localC_13_addr" [mmult.cpp:214]   --->   Operation 118 'load' 'localC_13_load' <Predicate = (icmp_ln208 & trunc_ln210 == 1)> <Delay = 0.67> <CoreInst = "RAM">   --->   Core 83 'RAM' <Latency = 1> <II = 1> <Delay = 0.67> <Storage> <Opcode : 'load' 'store'> <Ports = 2> <Width = 16> <Depth = 16> <RAM>
ST_3 : Operation 119 [2/2] (0.67ns)   --->   "%localC_14_load = load i4 %localC_14_addr" [mmult.cpp:214]   --->   Operation 119 'load' 'localC_14_load' <Predicate = (icmp_ln208 & trunc_ln210 == 1)> <Delay = 0.67> <CoreInst = "RAM">   --->   Core 83 'RAM' <Latency = 1> <II = 1> <Delay = 0.67> <Storage> <Opcode : 'load' 'store'> <Ports = 2> <Width = 16> <Depth = 16> <RAM>
ST_3 : Operation 120 [2/2] (0.67ns)   --->   "%localC_15_load = load i4 %localC_15_addr" [mmult.cpp:214]   --->   Operation 120 'load' 'localC_15_load' <Predicate = (icmp_ln208 & trunc_ln210 == 1)> <Delay = 0.67> <CoreInst = "RAM">   --->   Core 83 'RAM' <Latency = 1> <II = 1> <Delay = 0.67> <Storage> <Opcode : 'load' 'store'> <Ports = 2> <Width = 16> <Depth = 16> <RAM>
ST_3 : Operation 121 [2/2] (0.67ns)   --->   "%localC_16_load = load i4 %localC_16_addr" [mmult.cpp:214]   --->   Operation 121 'load' 'localC_16_load' <Predicate = (icmp_ln208 & trunc_ln210 == 2)> <Delay = 0.67> <CoreInst = "RAM">   --->   Core 83 'RAM' <Latency = 1> <II = 1> <Delay = 0.67> <Storage> <Opcode : 'load' 'store'> <Ports = 2> <Width = 16> <Depth = 16> <RAM>
ST_3 : Operation 122 [2/2] (0.67ns)   --->   "%localC_17_load = load i4 %localC_17_addr" [mmult.cpp:214]   --->   Operation 122 'load' 'localC_17_load' <Predicate = (icmp_ln208 & trunc_ln210 == 2)> <Delay = 0.67> <CoreInst = "RAM">   --->   Core 83 'RAM' <Latency = 1> <II = 1> <Delay = 0.67> <Storage> <Opcode : 'load' 'store'> <Ports = 2> <Width = 16> <Depth = 16> <RAM>
ST_3 : Operation 123 [2/2] (0.67ns)   --->   "%localC_18_load = load i4 %localC_18_addr" [mmult.cpp:214]   --->   Operation 123 'load' 'localC_18_load' <Predicate = (icmp_ln208 & trunc_ln210 == 2)> <Delay = 0.67> <CoreInst = "RAM">   --->   Core 83 'RAM' <Latency = 1> <II = 1> <Delay = 0.67> <Storage> <Opcode : 'load' 'store'> <Ports = 2> <Width = 16> <Depth = 16> <RAM>
ST_3 : Operation 124 [2/2] (0.67ns)   --->   "%localC_19_load = load i4 %localC_19_addr" [mmult.cpp:214]   --->   Operation 124 'load' 'localC_19_load' <Predicate = (icmp_ln208 & trunc_ln210 == 2)> <Delay = 0.67> <CoreInst = "RAM">   --->   Core 83 'RAM' <Latency = 1> <II = 1> <Delay = 0.67> <Storage> <Opcode : 'load' 'store'> <Ports = 2> <Width = 16> <Depth = 16> <RAM>
ST_3 : Operation 125 [2/2] (0.67ns)   --->   "%localC_20_load = load i4 %localC_20_addr" [mmult.cpp:214]   --->   Operation 125 'load' 'localC_20_load' <Predicate = (icmp_ln208 & trunc_ln210 == 2)> <Delay = 0.67> <CoreInst = "RAM">   --->   Core 83 'RAM' <Latency = 1> <II = 1> <Delay = 0.67> <Storage> <Opcode : 'load' 'store'> <Ports = 2> <Width = 16> <Depth = 16> <RAM>
ST_3 : Operation 126 [2/2] (0.67ns)   --->   "%localC_21_load = load i4 %localC_21_addr" [mmult.cpp:214]   --->   Operation 126 'load' 'localC_21_load' <Predicate = (icmp_ln208 & trunc_ln210 == 2)> <Delay = 0.67> <CoreInst = "RAM">   --->   Core 83 'RAM' <Latency = 1> <II = 1> <Delay = 0.67> <Storage> <Opcode : 'load' 'store'> <Ports = 2> <Width = 16> <Depth = 16> <RAM>
ST_3 : Operation 127 [2/2] (0.67ns)   --->   "%localC_22_load = load i4 %localC_22_addr" [mmult.cpp:214]   --->   Operation 127 'load' 'localC_22_load' <Predicate = (icmp_ln208 & trunc_ln210 == 2)> <Delay = 0.67> <CoreInst = "RAM">   --->   Core 83 'RAM' <Latency = 1> <II = 1> <Delay = 0.67> <Storage> <Opcode : 'load' 'store'> <Ports = 2> <Width = 16> <Depth = 16> <RAM>
ST_3 : Operation 128 [2/2] (0.67ns)   --->   "%localC_23_load = load i4 %localC_23_addr" [mmult.cpp:214]   --->   Operation 128 'load' 'localC_23_load' <Predicate = (icmp_ln208 & trunc_ln210 == 2)> <Delay = 0.67> <CoreInst = "RAM">   --->   Core 83 'RAM' <Latency = 1> <II = 1> <Delay = 0.67> <Storage> <Opcode : 'load' 'store'> <Ports = 2> <Width = 16> <Depth = 16> <RAM>
ST_3 : Operation 129 [2/2] (0.67ns)   --->   "%localC_24_load = load i4 %localC_24_addr" [mmult.cpp:214]   --->   Operation 129 'load' 'localC_24_load' <Predicate = (icmp_ln208 & trunc_ln210 == 3)> <Delay = 0.67> <CoreInst = "RAM">   --->   Core 83 'RAM' <Latency = 1> <II = 1> <Delay = 0.67> <Storage> <Opcode : 'load' 'store'> <Ports = 2> <Width = 16> <Depth = 16> <RAM>
ST_3 : Operation 130 [2/2] (0.67ns)   --->   "%localC_25_load = load i4 %localC_25_addr" [mmult.cpp:214]   --->   Operation 130 'load' 'localC_25_load' <Predicate = (icmp_ln208 & trunc_ln210 == 3)> <Delay = 0.67> <CoreInst = "RAM">   --->   Core 83 'RAM' <Latency = 1> <II = 1> <Delay = 0.67> <Storage> <Opcode : 'load' 'store'> <Ports = 2> <Width = 16> <Depth = 16> <RAM>
ST_3 : Operation 131 [2/2] (0.67ns)   --->   "%localC_26_load = load i4 %localC_26_addr" [mmult.cpp:214]   --->   Operation 131 'load' 'localC_26_load' <Predicate = (icmp_ln208 & trunc_ln210 == 3)> <Delay = 0.67> <CoreInst = "RAM">   --->   Core 83 'RAM' <Latency = 1> <II = 1> <Delay = 0.67> <Storage> <Opcode : 'load' 'store'> <Ports = 2> <Width = 16> <Depth = 16> <RAM>
ST_3 : Operation 132 [2/2] (0.67ns)   --->   "%localC_27_load = load i4 %localC_27_addr" [mmult.cpp:214]   --->   Operation 132 'load' 'localC_27_load' <Predicate = (icmp_ln208 & trunc_ln210 == 3)> <Delay = 0.67> <CoreInst = "RAM">   --->   Core 83 'RAM' <Latency = 1> <II = 1> <Delay = 0.67> <Storage> <Opcode : 'load' 'store'> <Ports = 2> <Width = 16> <Depth = 16> <RAM>
ST_3 : Operation 133 [2/2] (0.67ns)   --->   "%localC_28_load = load i4 %localC_28_addr" [mmult.cpp:214]   --->   Operation 133 'load' 'localC_28_load' <Predicate = (icmp_ln208 & trunc_ln210 == 3)> <Delay = 0.67> <CoreInst = "RAM">   --->   Core 83 'RAM' <Latency = 1> <II = 1> <Delay = 0.67> <Storage> <Opcode : 'load' 'store'> <Ports = 2> <Width = 16> <Depth = 16> <RAM>
ST_3 : Operation 134 [2/2] (0.67ns)   --->   "%localC_29_load = load i4 %localC_29_addr" [mmult.cpp:214]   --->   Operation 134 'load' 'localC_29_load' <Predicate = (icmp_ln208 & trunc_ln210 == 3)> <Delay = 0.67> <CoreInst = "RAM">   --->   Core 83 'RAM' <Latency = 1> <II = 1> <Delay = 0.67> <Storage> <Opcode : 'load' 'store'> <Ports = 2> <Width = 16> <Depth = 16> <RAM>
ST_3 : Operation 135 [2/2] (0.67ns)   --->   "%localC_30_load = load i4 %localC_30_addr" [mmult.cpp:214]   --->   Operation 135 'load' 'localC_30_load' <Predicate = (icmp_ln208 & trunc_ln210 == 3)> <Delay = 0.67> <CoreInst = "RAM">   --->   Core 83 'RAM' <Latency = 1> <II = 1> <Delay = 0.67> <Storage> <Opcode : 'load' 'store'> <Ports = 2> <Width = 16> <Depth = 16> <RAM>
ST_3 : Operation 136 [2/2] (0.67ns)   --->   "%localC_31_load = load i4 %localC_31_addr" [mmult.cpp:214]   --->   Operation 136 'load' 'localC_31_load' <Predicate = (icmp_ln208 & trunc_ln210 == 3)> <Delay = 0.67> <CoreInst = "RAM">   --->   Core 83 'RAM' <Latency = 1> <II = 1> <Delay = 0.67> <Storage> <Opcode : 'load' 'store'> <Ports = 2> <Width = 16> <Depth = 16> <RAM>
ST_3 : Operation 137 [2/2] (0.67ns)   --->   "%localC_32_load = load i4 %localC_32_addr" [mmult.cpp:214]   --->   Operation 137 'load' 'localC_32_load' <Predicate = (icmp_ln208 & trunc_ln210 == 4)> <Delay = 0.67> <CoreInst = "RAM">   --->   Core 83 'RAM' <Latency = 1> <II = 1> <Delay = 0.67> <Storage> <Opcode : 'load' 'store'> <Ports = 2> <Width = 16> <Depth = 16> <RAM>
ST_3 : Operation 138 [2/2] (0.67ns)   --->   "%localC_33_load = load i4 %localC_33_addr" [mmult.cpp:214]   --->   Operation 138 'load' 'localC_33_load' <Predicate = (icmp_ln208 & trunc_ln210 == 4)> <Delay = 0.67> <CoreInst = "RAM">   --->   Core 83 'RAM' <Latency = 1> <II = 1> <Delay = 0.67> <Storage> <Opcode : 'load' 'store'> <Ports = 2> <Width = 16> <Depth = 16> <RAM>
ST_3 : Operation 139 [2/2] (0.67ns)   --->   "%localC_34_load = load i4 %localC_34_addr" [mmult.cpp:214]   --->   Operation 139 'load' 'localC_34_load' <Predicate = (icmp_ln208 & trunc_ln210 == 4)> <Delay = 0.67> <CoreInst = "RAM">   --->   Core 83 'RAM' <Latency = 1> <II = 1> <Delay = 0.67> <Storage> <Opcode : 'load' 'store'> <Ports = 2> <Width = 16> <Depth = 16> <RAM>
ST_3 : Operation 140 [2/2] (0.67ns)   --->   "%localC_35_load = load i4 %localC_35_addr" [mmult.cpp:214]   --->   Operation 140 'load' 'localC_35_load' <Predicate = (icmp_ln208 & trunc_ln210 == 4)> <Delay = 0.67> <CoreInst = "RAM">   --->   Core 83 'RAM' <Latency = 1> <II = 1> <Delay = 0.67> <Storage> <Opcode : 'load' 'store'> <Ports = 2> <Width = 16> <Depth = 16> <RAM>
ST_3 : Operation 141 [2/2] (0.67ns)   --->   "%localC_36_load = load i4 %localC_36_addr" [mmult.cpp:214]   --->   Operation 141 'load' 'localC_36_load' <Predicate = (icmp_ln208 & trunc_ln210 == 4)> <Delay = 0.67> <CoreInst = "RAM">   --->   Core 83 'RAM' <Latency = 1> <II = 1> <Delay = 0.67> <Storage> <Opcode : 'load' 'store'> <Ports = 2> <Width = 16> <Depth = 16> <RAM>
ST_3 : Operation 142 [2/2] (0.67ns)   --->   "%localC_37_load = load i4 %localC_37_addr" [mmult.cpp:214]   --->   Operation 142 'load' 'localC_37_load' <Predicate = (icmp_ln208 & trunc_ln210 == 4)> <Delay = 0.67> <CoreInst = "RAM">   --->   Core 83 'RAM' <Latency = 1> <II = 1> <Delay = 0.67> <Storage> <Opcode : 'load' 'store'> <Ports = 2> <Width = 16> <Depth = 16> <RAM>
ST_3 : Operation 143 [2/2] (0.67ns)   --->   "%localC_38_load = load i4 %localC_38_addr" [mmult.cpp:214]   --->   Operation 143 'load' 'localC_38_load' <Predicate = (icmp_ln208 & trunc_ln210 == 4)> <Delay = 0.67> <CoreInst = "RAM">   --->   Core 83 'RAM' <Latency = 1> <II = 1> <Delay = 0.67> <Storage> <Opcode : 'load' 'store'> <Ports = 2> <Width = 16> <Depth = 16> <RAM>
ST_3 : Operation 144 [2/2] (0.67ns)   --->   "%localC_39_load = load i4 %localC_39_addr" [mmult.cpp:214]   --->   Operation 144 'load' 'localC_39_load' <Predicate = (icmp_ln208 & trunc_ln210 == 4)> <Delay = 0.67> <CoreInst = "RAM">   --->   Core 83 'RAM' <Latency = 1> <II = 1> <Delay = 0.67> <Storage> <Opcode : 'load' 'store'> <Ports = 2> <Width = 16> <Depth = 16> <RAM>
ST_3 : Operation 145 [2/2] (0.67ns)   --->   "%localC_40_load = load i4 %localC_40_addr" [mmult.cpp:214]   --->   Operation 145 'load' 'localC_40_load' <Predicate = (icmp_ln208 & trunc_ln210 == 5)> <Delay = 0.67> <CoreInst = "RAM">   --->   Core 83 'RAM' <Latency = 1> <II = 1> <Delay = 0.67> <Storage> <Opcode : 'load' 'store'> <Ports = 2> <Width = 16> <Depth = 16> <RAM>
ST_3 : Operation 146 [2/2] (0.67ns)   --->   "%localC_41_load = load i4 %localC_41_addr" [mmult.cpp:214]   --->   Operation 146 'load' 'localC_41_load' <Predicate = (icmp_ln208 & trunc_ln210 == 5)> <Delay = 0.67> <CoreInst = "RAM">   --->   Core 83 'RAM' <Latency = 1> <II = 1> <Delay = 0.67> <Storage> <Opcode : 'load' 'store'> <Ports = 2> <Width = 16> <Depth = 16> <RAM>
ST_3 : Operation 147 [2/2] (0.67ns)   --->   "%localC_42_load = load i4 %localC_42_addr" [mmult.cpp:214]   --->   Operation 147 'load' 'localC_42_load' <Predicate = (icmp_ln208 & trunc_ln210 == 5)> <Delay = 0.67> <CoreInst = "RAM">   --->   Core 83 'RAM' <Latency = 1> <II = 1> <Delay = 0.67> <Storage> <Opcode : 'load' 'store'> <Ports = 2> <Width = 16> <Depth = 16> <RAM>
ST_3 : Operation 148 [2/2] (0.67ns)   --->   "%localC_43_load = load i4 %localC_43_addr" [mmult.cpp:214]   --->   Operation 148 'load' 'localC_43_load' <Predicate = (icmp_ln208 & trunc_ln210 == 5)> <Delay = 0.67> <CoreInst = "RAM">   --->   Core 83 'RAM' <Latency = 1> <II = 1> <Delay = 0.67> <Storage> <Opcode : 'load' 'store'> <Ports = 2> <Width = 16> <Depth = 16> <RAM>
ST_3 : Operation 149 [2/2] (0.67ns)   --->   "%localC_44_load = load i4 %localC_44_addr" [mmult.cpp:214]   --->   Operation 149 'load' 'localC_44_load' <Predicate = (icmp_ln208 & trunc_ln210 == 5)> <Delay = 0.67> <CoreInst = "RAM">   --->   Core 83 'RAM' <Latency = 1> <II = 1> <Delay = 0.67> <Storage> <Opcode : 'load' 'store'> <Ports = 2> <Width = 16> <Depth = 16> <RAM>
ST_3 : Operation 150 [2/2] (0.67ns)   --->   "%localC_45_load = load i4 %localC_45_addr" [mmult.cpp:214]   --->   Operation 150 'load' 'localC_45_load' <Predicate = (icmp_ln208 & trunc_ln210 == 5)> <Delay = 0.67> <CoreInst = "RAM">   --->   Core 83 'RAM' <Latency = 1> <II = 1> <Delay = 0.67> <Storage> <Opcode : 'load' 'store'> <Ports = 2> <Width = 16> <Depth = 16> <RAM>
ST_3 : Operation 151 [2/2] (0.67ns)   --->   "%localC_46_load = load i4 %localC_46_addr" [mmult.cpp:214]   --->   Operation 151 'load' 'localC_46_load' <Predicate = (icmp_ln208 & trunc_ln210 == 5)> <Delay = 0.67> <CoreInst = "RAM">   --->   Core 83 'RAM' <Latency = 1> <II = 1> <Delay = 0.67> <Storage> <Opcode : 'load' 'store'> <Ports = 2> <Width = 16> <Depth = 16> <RAM>
ST_3 : Operation 152 [2/2] (0.67ns)   --->   "%localC_47_load = load i4 %localC_47_addr" [mmult.cpp:214]   --->   Operation 152 'load' 'localC_47_load' <Predicate = (icmp_ln208 & trunc_ln210 == 5)> <Delay = 0.67> <CoreInst = "RAM">   --->   Core 83 'RAM' <Latency = 1> <II = 1> <Delay = 0.67> <Storage> <Opcode : 'load' 'store'> <Ports = 2> <Width = 16> <Depth = 16> <RAM>
ST_3 : Operation 153 [2/2] (0.67ns)   --->   "%localC_48_load = load i4 %localC_48_addr" [mmult.cpp:214]   --->   Operation 153 'load' 'localC_48_load' <Predicate = (icmp_ln208 & trunc_ln210 == 6)> <Delay = 0.67> <CoreInst = "RAM">   --->   Core 83 'RAM' <Latency = 1> <II = 1> <Delay = 0.67> <Storage> <Opcode : 'load' 'store'> <Ports = 2> <Width = 16> <Depth = 16> <RAM>
ST_3 : Operation 154 [2/2] (0.67ns)   --->   "%localC_49_load = load i4 %localC_49_addr" [mmult.cpp:214]   --->   Operation 154 'load' 'localC_49_load' <Predicate = (icmp_ln208 & trunc_ln210 == 6)> <Delay = 0.67> <CoreInst = "RAM">   --->   Core 83 'RAM' <Latency = 1> <II = 1> <Delay = 0.67> <Storage> <Opcode : 'load' 'store'> <Ports = 2> <Width = 16> <Depth = 16> <RAM>
ST_3 : Operation 155 [2/2] (0.67ns)   --->   "%localC_50_load = load i4 %localC_50_addr" [mmult.cpp:214]   --->   Operation 155 'load' 'localC_50_load' <Predicate = (icmp_ln208 & trunc_ln210 == 6)> <Delay = 0.67> <CoreInst = "RAM">   --->   Core 83 'RAM' <Latency = 1> <II = 1> <Delay = 0.67> <Storage> <Opcode : 'load' 'store'> <Ports = 2> <Width = 16> <Depth = 16> <RAM>
ST_3 : Operation 156 [2/2] (0.67ns)   --->   "%localC_51_load = load i4 %localC_51_addr" [mmult.cpp:214]   --->   Operation 156 'load' 'localC_51_load' <Predicate = (icmp_ln208 & trunc_ln210 == 6)> <Delay = 0.67> <CoreInst = "RAM">   --->   Core 83 'RAM' <Latency = 1> <II = 1> <Delay = 0.67> <Storage> <Opcode : 'load' 'store'> <Ports = 2> <Width = 16> <Depth = 16> <RAM>
ST_3 : Operation 157 [2/2] (0.67ns)   --->   "%localC_52_load = load i4 %localC_52_addr" [mmult.cpp:214]   --->   Operation 157 'load' 'localC_52_load' <Predicate = (icmp_ln208 & trunc_ln210 == 6)> <Delay = 0.67> <CoreInst = "RAM">   --->   Core 83 'RAM' <Latency = 1> <II = 1> <Delay = 0.67> <Storage> <Opcode : 'load' 'store'> <Ports = 2> <Width = 16> <Depth = 16> <RAM>
ST_3 : Operation 158 [2/2] (0.67ns)   --->   "%localC_53_load = load i4 %localC_53_addr" [mmult.cpp:214]   --->   Operation 158 'load' 'localC_53_load' <Predicate = (icmp_ln208 & trunc_ln210 == 6)> <Delay = 0.67> <CoreInst = "RAM">   --->   Core 83 'RAM' <Latency = 1> <II = 1> <Delay = 0.67> <Storage> <Opcode : 'load' 'store'> <Ports = 2> <Width = 16> <Depth = 16> <RAM>
ST_3 : Operation 159 [2/2] (0.67ns)   --->   "%localC_54_load = load i4 %localC_54_addr" [mmult.cpp:214]   --->   Operation 159 'load' 'localC_54_load' <Predicate = (icmp_ln208 & trunc_ln210 == 6)> <Delay = 0.67> <CoreInst = "RAM">   --->   Core 83 'RAM' <Latency = 1> <II = 1> <Delay = 0.67> <Storage> <Opcode : 'load' 'store'> <Ports = 2> <Width = 16> <Depth = 16> <RAM>
ST_3 : Operation 160 [2/2] (0.67ns)   --->   "%localC_55_load = load i4 %localC_55_addr" [mmult.cpp:214]   --->   Operation 160 'load' 'localC_55_load' <Predicate = (icmp_ln208 & trunc_ln210 == 6)> <Delay = 0.67> <CoreInst = "RAM">   --->   Core 83 'RAM' <Latency = 1> <II = 1> <Delay = 0.67> <Storage> <Opcode : 'load' 'store'> <Ports = 2> <Width = 16> <Depth = 16> <RAM>
ST_3 : Operation 161 [2/2] (0.67ns)   --->   "%localC_56_load = load i4 %localC_56_addr" [mmult.cpp:214]   --->   Operation 161 'load' 'localC_56_load' <Predicate = (icmp_ln208 & trunc_ln210 == 7)> <Delay = 0.67> <CoreInst = "RAM">   --->   Core 83 'RAM' <Latency = 1> <II = 1> <Delay = 0.67> <Storage> <Opcode : 'load' 'store'> <Ports = 2> <Width = 16> <Depth = 16> <RAM>
ST_3 : Operation 162 [2/2] (0.67ns)   --->   "%localC_57_load = load i4 %localC_57_addr" [mmult.cpp:214]   --->   Operation 162 'load' 'localC_57_load' <Predicate = (icmp_ln208 & trunc_ln210 == 7)> <Delay = 0.67> <CoreInst = "RAM">   --->   Core 83 'RAM' <Latency = 1> <II = 1> <Delay = 0.67> <Storage> <Opcode : 'load' 'store'> <Ports = 2> <Width = 16> <Depth = 16> <RAM>
ST_3 : Operation 163 [2/2] (0.67ns)   --->   "%localC_58_load = load i4 %localC_58_addr" [mmult.cpp:214]   --->   Operation 163 'load' 'localC_58_load' <Predicate = (icmp_ln208 & trunc_ln210 == 7)> <Delay = 0.67> <CoreInst = "RAM">   --->   Core 83 'RAM' <Latency = 1> <II = 1> <Delay = 0.67> <Storage> <Opcode : 'load' 'store'> <Ports = 2> <Width = 16> <Depth = 16> <RAM>
ST_3 : Operation 164 [2/2] (0.67ns)   --->   "%localC_59_load = load i4 %localC_59_addr" [mmult.cpp:214]   --->   Operation 164 'load' 'localC_59_load' <Predicate = (icmp_ln208 & trunc_ln210 == 7)> <Delay = 0.67> <CoreInst = "RAM">   --->   Core 83 'RAM' <Latency = 1> <II = 1> <Delay = 0.67> <Storage> <Opcode : 'load' 'store'> <Ports = 2> <Width = 16> <Depth = 16> <RAM>
ST_3 : Operation 165 [2/2] (0.67ns)   --->   "%localC_60_load = load i4 %localC_60_addr" [mmult.cpp:214]   --->   Operation 165 'load' 'localC_60_load' <Predicate = (icmp_ln208 & trunc_ln210 == 7)> <Delay = 0.67> <CoreInst = "RAM">   --->   Core 83 'RAM' <Latency = 1> <II = 1> <Delay = 0.67> <Storage> <Opcode : 'load' 'store'> <Ports = 2> <Width = 16> <Depth = 16> <RAM>
ST_3 : Operation 166 [2/2] (0.67ns)   --->   "%localC_61_load = load i4 %localC_61_addr" [mmult.cpp:214]   --->   Operation 166 'load' 'localC_61_load' <Predicate = (icmp_ln208 & trunc_ln210 == 7)> <Delay = 0.67> <CoreInst = "RAM">   --->   Core 83 'RAM' <Latency = 1> <II = 1> <Delay = 0.67> <Storage> <Opcode : 'load' 'store'> <Ports = 2> <Width = 16> <Depth = 16> <RAM>
ST_3 : Operation 167 [2/2] (0.67ns)   --->   "%localC_62_load = load i4 %localC_62_addr" [mmult.cpp:214]   --->   Operation 167 'load' 'localC_62_load' <Predicate = (icmp_ln208 & trunc_ln210 == 7)> <Delay = 0.67> <CoreInst = "RAM">   --->   Core 83 'RAM' <Latency = 1> <II = 1> <Delay = 0.67> <Storage> <Opcode : 'load' 'store'> <Ports = 2> <Width = 16> <Depth = 16> <RAM>
ST_3 : Operation 168 [2/2] (0.67ns)   --->   "%localC_63_load = load i4 %localC_63_addr" [mmult.cpp:214]   --->   Operation 168 'load' 'localC_63_load' <Predicate = (icmp_ln208 & trunc_ln210 == 7)> <Delay = 0.67> <CoreInst = "RAM">   --->   Core 83 'RAM' <Latency = 1> <II = 1> <Delay = 0.67> <Storage> <Opcode : 'load' 'store'> <Ports = 2> <Width = 16> <Depth = 16> <RAM>
ST_3 : Operation 169 [1/1] (1.01ns)   --->   "%j_2 = add i32 %j_1, i32 1" [mmult.cpp:208]   --->   Operation 169 'add' 'j_2' <Predicate = (icmp_ln208)> <Delay = 1.01> <CoreInst = "Adder">   --->   Core 1 'Adder' <Latency = 0> <II = 1> <Delay = 1.01> <FuncUnit> <Opcode : 'add' 'sub'> <InPorts = 2> <OutPorts = 1>
ST_3 : Operation 170 [1/1] (0.42ns)   --->   "%store_ln208 = store i32 %j_2, i32 %j" [mmult.cpp:208]   --->   Operation 170 'store' 'store_ln208' <Predicate = (icmp_ln208)> <Delay = 0.42>
ST_3 : Operation 249 [1/1] (0.00ns)   --->   "%ret_ln0 = ret"   --->   Operation 249 'ret' 'ret_ln0' <Predicate = (!icmp_ln208)> <Delay = 0.00>

State 4 <SV = 3> <Delay = 2.11>
ST_4 : Operation 171 [1/2] (0.67ns)   --->   "%localC_load = load i4 %localC_addr" [mmult.cpp:214]   --->   Operation 171 'load' 'localC_load' <Predicate = (trunc_ln210 == 0)> <Delay = 0.67> <CoreInst = "RAM">   --->   Core 83 'RAM' <Latency = 1> <II = 1> <Delay = 0.67> <Storage> <Opcode : 'load' 'store'> <Ports = 2> <Width = 16> <Depth = 16> <RAM>
ST_4 : Operation 172 [1/2] (0.67ns)   --->   "%localC_1_load = load i4 %localC_1_addr" [mmult.cpp:214]   --->   Operation 172 'load' 'localC_1_load' <Predicate = (trunc_ln210 == 0)> <Delay = 0.67> <CoreInst = "RAM">   --->   Core 83 'RAM' <Latency = 1> <II = 1> <Delay = 0.67> <Storage> <Opcode : 'load' 'store'> <Ports = 2> <Width = 16> <Depth = 16> <RAM>
ST_4 : Operation 173 [1/2] (0.67ns)   --->   "%localC_2_load = load i4 %localC_2_addr" [mmult.cpp:214]   --->   Operation 173 'load' 'localC_2_load' <Predicate = (trunc_ln210 == 0)> <Delay = 0.67> <CoreInst = "RAM">   --->   Core 83 'RAM' <Latency = 1> <II = 1> <Delay = 0.67> <Storage> <Opcode : 'load' 'store'> <Ports = 2> <Width = 16> <Depth = 16> <RAM>
ST_4 : Operation 174 [1/2] (0.67ns)   --->   "%localC_3_load = load i4 %localC_3_addr" [mmult.cpp:214]   --->   Operation 174 'load' 'localC_3_load' <Predicate = (trunc_ln210 == 0)> <Delay = 0.67> <CoreInst = "RAM">   --->   Core 83 'RAM' <Latency = 1> <II = 1> <Delay = 0.67> <Storage> <Opcode : 'load' 'store'> <Ports = 2> <Width = 16> <Depth = 16> <RAM>
ST_4 : Operation 175 [1/2] (0.67ns)   --->   "%localC_4_load = load i4 %localC_4_addr" [mmult.cpp:214]   --->   Operation 175 'load' 'localC_4_load' <Predicate = (trunc_ln210 == 0)> <Delay = 0.67> <CoreInst = "RAM">   --->   Core 83 'RAM' <Latency = 1> <II = 1> <Delay = 0.67> <Storage> <Opcode : 'load' 'store'> <Ports = 2> <Width = 16> <Depth = 16> <RAM>
ST_4 : Operation 176 [1/2] (0.67ns)   --->   "%localC_5_load = load i4 %localC_5_addr" [mmult.cpp:214]   --->   Operation 176 'load' 'localC_5_load' <Predicate = (trunc_ln210 == 0)> <Delay = 0.67> <CoreInst = "RAM">   --->   Core 83 'RAM' <Latency = 1> <II = 1> <Delay = 0.67> <Storage> <Opcode : 'load' 'store'> <Ports = 2> <Width = 16> <Depth = 16> <RAM>
ST_4 : Operation 177 [1/2] (0.67ns)   --->   "%localC_6_load = load i4 %localC_6_addr" [mmult.cpp:214]   --->   Operation 177 'load' 'localC_6_load' <Predicate = (trunc_ln210 == 0)> <Delay = 0.67> <CoreInst = "RAM">   --->   Core 83 'RAM' <Latency = 1> <II = 1> <Delay = 0.67> <Storage> <Opcode : 'load' 'store'> <Ports = 2> <Width = 16> <Depth = 16> <RAM>
ST_4 : Operation 178 [1/2] (0.67ns)   --->   "%localC_7_load = load i4 %localC_7_addr" [mmult.cpp:214]   --->   Operation 178 'load' 'localC_7_load' <Predicate = (trunc_ln210 == 0)> <Delay = 0.67> <CoreInst = "RAM">   --->   Core 83 'RAM' <Latency = 1> <II = 1> <Delay = 0.67> <Storage> <Opcode : 'load' 'store'> <Ports = 2> <Width = 16> <Depth = 16> <RAM>
ST_4 : Operation 179 [1/1] (0.72ns)   --->   "%tmp = sparsemux i16 @_ssdm_op_SparseMux.ap_auto.8i16.i16.i3, i3 0, i16 %localC_load, i3 1, i16 %localC_1_load, i3 2, i16 %localC_2_load, i3 3, i16 %localC_3_load, i3 4, i16 %localC_4_load, i3 5, i16 %localC_5_load, i3 6, i16 %localC_6_load, i3 7, i16 %localC_7_load, i16 0, i3 %trunc_ln208" [mmult.cpp:214]   --->   Operation 179 'sparsemux' 'tmp' <Predicate = (trunc_ln210 == 0)> <Delay = 0.72> <CoreInst = "SparseMux">   --->   Core 147 'SparseMux' <Latency = 0> <II = 1> <Delay = 0.72> <FuncUnit> <Opcode : 'sparsemux'> <InPorts = 2> <OutPorts = 1>
ST_4 : Operation 180 [1/2] (0.67ns)   --->   "%localC_8_load = load i4 %localC_8_addr" [mmult.cpp:214]   --->   Operation 180 'load' 'localC_8_load' <Predicate = (trunc_ln210 == 1)> <Delay = 0.67> <CoreInst = "RAM">   --->   Core 83 'RAM' <Latency = 1> <II = 1> <Delay = 0.67> <Storage> <Opcode : 'load' 'store'> <Ports = 2> <Width = 16> <Depth = 16> <RAM>
ST_4 : Operation 181 [1/2] (0.67ns)   --->   "%localC_9_load = load i4 %localC_9_addr" [mmult.cpp:214]   --->   Operation 181 'load' 'localC_9_load' <Predicate = (trunc_ln210 == 1)> <Delay = 0.67> <CoreInst = "RAM">   --->   Core 83 'RAM' <Latency = 1> <II = 1> <Delay = 0.67> <Storage> <Opcode : 'load' 'store'> <Ports = 2> <Width = 16> <Depth = 16> <RAM>
ST_4 : Operation 182 [1/2] (0.67ns)   --->   "%localC_10_load = load i4 %localC_10_addr" [mmult.cpp:214]   --->   Operation 182 'load' 'localC_10_load' <Predicate = (trunc_ln210 == 1)> <Delay = 0.67> <CoreInst = "RAM">   --->   Core 83 'RAM' <Latency = 1> <II = 1> <Delay = 0.67> <Storage> <Opcode : 'load' 'store'> <Ports = 2> <Width = 16> <Depth = 16> <RAM>
ST_4 : Operation 183 [1/2] (0.67ns)   --->   "%localC_11_load = load i4 %localC_11_addr" [mmult.cpp:214]   --->   Operation 183 'load' 'localC_11_load' <Predicate = (trunc_ln210 == 1)> <Delay = 0.67> <CoreInst = "RAM">   --->   Core 83 'RAM' <Latency = 1> <II = 1> <Delay = 0.67> <Storage> <Opcode : 'load' 'store'> <Ports = 2> <Width = 16> <Depth = 16> <RAM>
ST_4 : Operation 184 [1/2] (0.67ns)   --->   "%localC_12_load = load i4 %localC_12_addr" [mmult.cpp:214]   --->   Operation 184 'load' 'localC_12_load' <Predicate = (trunc_ln210 == 1)> <Delay = 0.67> <CoreInst = "RAM">   --->   Core 83 'RAM' <Latency = 1> <II = 1> <Delay = 0.67> <Storage> <Opcode : 'load' 'store'> <Ports = 2> <Width = 16> <Depth = 16> <RAM>
ST_4 : Operation 185 [1/2] (0.67ns)   --->   "%localC_13_load = load i4 %localC_13_addr" [mmult.cpp:214]   --->   Operation 185 'load' 'localC_13_load' <Predicate = (trunc_ln210 == 1)> <Delay = 0.67> <CoreInst = "RAM">   --->   Core 83 'RAM' <Latency = 1> <II = 1> <Delay = 0.67> <Storage> <Opcode : 'load' 'store'> <Ports = 2> <Width = 16> <Depth = 16> <RAM>
ST_4 : Operation 186 [1/2] (0.67ns)   --->   "%localC_14_load = load i4 %localC_14_addr" [mmult.cpp:214]   --->   Operation 186 'load' 'localC_14_load' <Predicate = (trunc_ln210 == 1)> <Delay = 0.67> <CoreInst = "RAM">   --->   Core 83 'RAM' <Latency = 1> <II = 1> <Delay = 0.67> <Storage> <Opcode : 'load' 'store'> <Ports = 2> <Width = 16> <Depth = 16> <RAM>
ST_4 : Operation 187 [1/2] (0.67ns)   --->   "%localC_15_load = load i4 %localC_15_addr" [mmult.cpp:214]   --->   Operation 187 'load' 'localC_15_load' <Predicate = (trunc_ln210 == 1)> <Delay = 0.67> <CoreInst = "RAM">   --->   Core 83 'RAM' <Latency = 1> <II = 1> <Delay = 0.67> <Storage> <Opcode : 'load' 'store'> <Ports = 2> <Width = 16> <Depth = 16> <RAM>
ST_4 : Operation 188 [1/1] (0.72ns)   --->   "%tmp_s = sparsemux i16 @_ssdm_op_SparseMux.ap_auto.8i16.i16.i3, i3 0, i16 %localC_8_load, i3 1, i16 %localC_9_load, i3 2, i16 %localC_10_load, i3 3, i16 %localC_11_load, i3 4, i16 %localC_12_load, i3 5, i16 %localC_13_load, i3 6, i16 %localC_14_load, i3 7, i16 %localC_15_load, i16 0, i3 %trunc_ln208" [mmult.cpp:214]   --->   Operation 188 'sparsemux' 'tmp_s' <Predicate = (trunc_ln210 == 1)> <Delay = 0.72> <CoreInst = "SparseMux">   --->   Core 147 'SparseMux' <Latency = 0> <II = 1> <Delay = 0.72> <FuncUnit> <Opcode : 'sparsemux'> <InPorts = 2> <OutPorts = 1>
ST_4 : Operation 189 [1/2] (0.67ns)   --->   "%localC_16_load = load i4 %localC_16_addr" [mmult.cpp:214]   --->   Operation 189 'load' 'localC_16_load' <Predicate = (trunc_ln210 == 2)> <Delay = 0.67> <CoreInst = "RAM">   --->   Core 83 'RAM' <Latency = 1> <II = 1> <Delay = 0.67> <Storage> <Opcode : 'load' 'store'> <Ports = 2> <Width = 16> <Depth = 16> <RAM>
ST_4 : Operation 190 [1/2] (0.67ns)   --->   "%localC_17_load = load i4 %localC_17_addr" [mmult.cpp:214]   --->   Operation 190 'load' 'localC_17_load' <Predicate = (trunc_ln210 == 2)> <Delay = 0.67> <CoreInst = "RAM">   --->   Core 83 'RAM' <Latency = 1> <II = 1> <Delay = 0.67> <Storage> <Opcode : 'load' 'store'> <Ports = 2> <Width = 16> <Depth = 16> <RAM>
ST_4 : Operation 191 [1/2] (0.67ns)   --->   "%localC_18_load = load i4 %localC_18_addr" [mmult.cpp:214]   --->   Operation 191 'load' 'localC_18_load' <Predicate = (trunc_ln210 == 2)> <Delay = 0.67> <CoreInst = "RAM">   --->   Core 83 'RAM' <Latency = 1> <II = 1> <Delay = 0.67> <Storage> <Opcode : 'load' 'store'> <Ports = 2> <Width = 16> <Depth = 16> <RAM>
ST_4 : Operation 192 [1/2] (0.67ns)   --->   "%localC_19_load = load i4 %localC_19_addr" [mmult.cpp:214]   --->   Operation 192 'load' 'localC_19_load' <Predicate = (trunc_ln210 == 2)> <Delay = 0.67> <CoreInst = "RAM">   --->   Core 83 'RAM' <Latency = 1> <II = 1> <Delay = 0.67> <Storage> <Opcode : 'load' 'store'> <Ports = 2> <Width = 16> <Depth = 16> <RAM>
ST_4 : Operation 193 [1/2] (0.67ns)   --->   "%localC_20_load = load i4 %localC_20_addr" [mmult.cpp:214]   --->   Operation 193 'load' 'localC_20_load' <Predicate = (trunc_ln210 == 2)> <Delay = 0.67> <CoreInst = "RAM">   --->   Core 83 'RAM' <Latency = 1> <II = 1> <Delay = 0.67> <Storage> <Opcode : 'load' 'store'> <Ports = 2> <Width = 16> <Depth = 16> <RAM>
ST_4 : Operation 194 [1/2] (0.67ns)   --->   "%localC_21_load = load i4 %localC_21_addr" [mmult.cpp:214]   --->   Operation 194 'load' 'localC_21_load' <Predicate = (trunc_ln210 == 2)> <Delay = 0.67> <CoreInst = "RAM">   --->   Core 83 'RAM' <Latency = 1> <II = 1> <Delay = 0.67> <Storage> <Opcode : 'load' 'store'> <Ports = 2> <Width = 16> <Depth = 16> <RAM>
ST_4 : Operation 195 [1/2] (0.67ns)   --->   "%localC_22_load = load i4 %localC_22_addr" [mmult.cpp:214]   --->   Operation 195 'load' 'localC_22_load' <Predicate = (trunc_ln210 == 2)> <Delay = 0.67> <CoreInst = "RAM">   --->   Core 83 'RAM' <Latency = 1> <II = 1> <Delay = 0.67> <Storage> <Opcode : 'load' 'store'> <Ports = 2> <Width = 16> <Depth = 16> <RAM>
ST_4 : Operation 196 [1/2] (0.67ns)   --->   "%localC_23_load = load i4 %localC_23_addr" [mmult.cpp:214]   --->   Operation 196 'load' 'localC_23_load' <Predicate = (trunc_ln210 == 2)> <Delay = 0.67> <CoreInst = "RAM">   --->   Core 83 'RAM' <Latency = 1> <II = 1> <Delay = 0.67> <Storage> <Opcode : 'load' 'store'> <Ports = 2> <Width = 16> <Depth = 16> <RAM>
ST_4 : Operation 197 [1/1] (0.72ns)   --->   "%tmp_15 = sparsemux i16 @_ssdm_op_SparseMux.ap_auto.8i16.i16.i3, i3 0, i16 %localC_16_load, i3 1, i16 %localC_17_load, i3 2, i16 %localC_18_load, i3 3, i16 %localC_19_load, i3 4, i16 %localC_20_load, i3 5, i16 %localC_21_load, i3 6, i16 %localC_22_load, i3 7, i16 %localC_23_load, i16 0, i3 %trunc_ln208" [mmult.cpp:214]   --->   Operation 197 'sparsemux' 'tmp_15' <Predicate = (trunc_ln210 == 2)> <Delay = 0.72> <CoreInst = "SparseMux">   --->   Core 147 'SparseMux' <Latency = 0> <II = 1> <Delay = 0.72> <FuncUnit> <Opcode : 'sparsemux'> <InPorts = 2> <OutPorts = 1>
ST_4 : Operation 198 [1/2] (0.67ns)   --->   "%localC_24_load = load i4 %localC_24_addr" [mmult.cpp:214]   --->   Operation 198 'load' 'localC_24_load' <Predicate = (trunc_ln210 == 3)> <Delay = 0.67> <CoreInst = "RAM">   --->   Core 83 'RAM' <Latency = 1> <II = 1> <Delay = 0.67> <Storage> <Opcode : 'load' 'store'> <Ports = 2> <Width = 16> <Depth = 16> <RAM>
ST_4 : Operation 199 [1/2] (0.67ns)   --->   "%localC_25_load = load i4 %localC_25_addr" [mmult.cpp:214]   --->   Operation 199 'load' 'localC_25_load' <Predicate = (trunc_ln210 == 3)> <Delay = 0.67> <CoreInst = "RAM">   --->   Core 83 'RAM' <Latency = 1> <II = 1> <Delay = 0.67> <Storage> <Opcode : 'load' 'store'> <Ports = 2> <Width = 16> <Depth = 16> <RAM>
ST_4 : Operation 200 [1/2] (0.67ns)   --->   "%localC_26_load = load i4 %localC_26_addr" [mmult.cpp:214]   --->   Operation 200 'load' 'localC_26_load' <Predicate = (trunc_ln210 == 3)> <Delay = 0.67> <CoreInst = "RAM">   --->   Core 83 'RAM' <Latency = 1> <II = 1> <Delay = 0.67> <Storage> <Opcode : 'load' 'store'> <Ports = 2> <Width = 16> <Depth = 16> <RAM>
ST_4 : Operation 201 [1/2] (0.67ns)   --->   "%localC_27_load = load i4 %localC_27_addr" [mmult.cpp:214]   --->   Operation 201 'load' 'localC_27_load' <Predicate = (trunc_ln210 == 3)> <Delay = 0.67> <CoreInst = "RAM">   --->   Core 83 'RAM' <Latency = 1> <II = 1> <Delay = 0.67> <Storage> <Opcode : 'load' 'store'> <Ports = 2> <Width = 16> <Depth = 16> <RAM>
ST_4 : Operation 202 [1/2] (0.67ns)   --->   "%localC_28_load = load i4 %localC_28_addr" [mmult.cpp:214]   --->   Operation 202 'load' 'localC_28_load' <Predicate = (trunc_ln210 == 3)> <Delay = 0.67> <CoreInst = "RAM">   --->   Core 83 'RAM' <Latency = 1> <II = 1> <Delay = 0.67> <Storage> <Opcode : 'load' 'store'> <Ports = 2> <Width = 16> <Depth = 16> <RAM>
ST_4 : Operation 203 [1/2] (0.67ns)   --->   "%localC_29_load = load i4 %localC_29_addr" [mmult.cpp:214]   --->   Operation 203 'load' 'localC_29_load' <Predicate = (trunc_ln210 == 3)> <Delay = 0.67> <CoreInst = "RAM">   --->   Core 83 'RAM' <Latency = 1> <II = 1> <Delay = 0.67> <Storage> <Opcode : 'load' 'store'> <Ports = 2> <Width = 16> <Depth = 16> <RAM>
ST_4 : Operation 204 [1/2] (0.67ns)   --->   "%localC_30_load = load i4 %localC_30_addr" [mmult.cpp:214]   --->   Operation 204 'load' 'localC_30_load' <Predicate = (trunc_ln210 == 3)> <Delay = 0.67> <CoreInst = "RAM">   --->   Core 83 'RAM' <Latency = 1> <II = 1> <Delay = 0.67> <Storage> <Opcode : 'load' 'store'> <Ports = 2> <Width = 16> <Depth = 16> <RAM>
ST_4 : Operation 205 [1/2] (0.67ns)   --->   "%localC_31_load = load i4 %localC_31_addr" [mmult.cpp:214]   --->   Operation 205 'load' 'localC_31_load' <Predicate = (trunc_ln210 == 3)> <Delay = 0.67> <CoreInst = "RAM">   --->   Core 83 'RAM' <Latency = 1> <II = 1> <Delay = 0.67> <Storage> <Opcode : 'load' 'store'> <Ports = 2> <Width = 16> <Depth = 16> <RAM>
ST_4 : Operation 206 [1/1] (0.72ns)   --->   "%tmp_16 = sparsemux i16 @_ssdm_op_SparseMux.ap_auto.8i16.i16.i3, i3 0, i16 %localC_24_load, i3 1, i16 %localC_25_load, i3 2, i16 %localC_26_load, i3 3, i16 %localC_27_load, i3 4, i16 %localC_28_load, i3 5, i16 %localC_29_load, i3 6, i16 %localC_30_load, i3 7, i16 %localC_31_load, i16 0, i3 %trunc_ln208" [mmult.cpp:214]   --->   Operation 206 'sparsemux' 'tmp_16' <Predicate = (trunc_ln210 == 3)> <Delay = 0.72> <CoreInst = "SparseMux">   --->   Core 147 'SparseMux' <Latency = 0> <II = 1> <Delay = 0.72> <FuncUnit> <Opcode : 'sparsemux'> <InPorts = 2> <OutPorts = 1>
ST_4 : Operation 207 [1/2] (0.67ns)   --->   "%localC_32_load = load i4 %localC_32_addr" [mmult.cpp:214]   --->   Operation 207 'load' 'localC_32_load' <Predicate = (trunc_ln210 == 4)> <Delay = 0.67> <CoreInst = "RAM">   --->   Core 83 'RAM' <Latency = 1> <II = 1> <Delay = 0.67> <Storage> <Opcode : 'load' 'store'> <Ports = 2> <Width = 16> <Depth = 16> <RAM>
ST_4 : Operation 208 [1/2] (0.67ns)   --->   "%localC_33_load = load i4 %localC_33_addr" [mmult.cpp:214]   --->   Operation 208 'load' 'localC_33_load' <Predicate = (trunc_ln210 == 4)> <Delay = 0.67> <CoreInst = "RAM">   --->   Core 83 'RAM' <Latency = 1> <II = 1> <Delay = 0.67> <Storage> <Opcode : 'load' 'store'> <Ports = 2> <Width = 16> <Depth = 16> <RAM>
ST_4 : Operation 209 [1/2] (0.67ns)   --->   "%localC_34_load = load i4 %localC_34_addr" [mmult.cpp:214]   --->   Operation 209 'load' 'localC_34_load' <Predicate = (trunc_ln210 == 4)> <Delay = 0.67> <CoreInst = "RAM">   --->   Core 83 'RAM' <Latency = 1> <II = 1> <Delay = 0.67> <Storage> <Opcode : 'load' 'store'> <Ports = 2> <Width = 16> <Depth = 16> <RAM>
ST_4 : Operation 210 [1/2] (0.67ns)   --->   "%localC_35_load = load i4 %localC_35_addr" [mmult.cpp:214]   --->   Operation 210 'load' 'localC_35_load' <Predicate = (trunc_ln210 == 4)> <Delay = 0.67> <CoreInst = "RAM">   --->   Core 83 'RAM' <Latency = 1> <II = 1> <Delay = 0.67> <Storage> <Opcode : 'load' 'store'> <Ports = 2> <Width = 16> <Depth = 16> <RAM>
ST_4 : Operation 211 [1/2] (0.67ns)   --->   "%localC_36_load = load i4 %localC_36_addr" [mmult.cpp:214]   --->   Operation 211 'load' 'localC_36_load' <Predicate = (trunc_ln210 == 4)> <Delay = 0.67> <CoreInst = "RAM">   --->   Core 83 'RAM' <Latency = 1> <II = 1> <Delay = 0.67> <Storage> <Opcode : 'load' 'store'> <Ports = 2> <Width = 16> <Depth = 16> <RAM>
ST_4 : Operation 212 [1/2] (0.67ns)   --->   "%localC_37_load = load i4 %localC_37_addr" [mmult.cpp:214]   --->   Operation 212 'load' 'localC_37_load' <Predicate = (trunc_ln210 == 4)> <Delay = 0.67> <CoreInst = "RAM">   --->   Core 83 'RAM' <Latency = 1> <II = 1> <Delay = 0.67> <Storage> <Opcode : 'load' 'store'> <Ports = 2> <Width = 16> <Depth = 16> <RAM>
ST_4 : Operation 213 [1/2] (0.67ns)   --->   "%localC_38_load = load i4 %localC_38_addr" [mmult.cpp:214]   --->   Operation 213 'load' 'localC_38_load' <Predicate = (trunc_ln210 == 4)> <Delay = 0.67> <CoreInst = "RAM">   --->   Core 83 'RAM' <Latency = 1> <II = 1> <Delay = 0.67> <Storage> <Opcode : 'load' 'store'> <Ports = 2> <Width = 16> <Depth = 16> <RAM>
ST_4 : Operation 214 [1/2] (0.67ns)   --->   "%localC_39_load = load i4 %localC_39_addr" [mmult.cpp:214]   --->   Operation 214 'load' 'localC_39_load' <Predicate = (trunc_ln210 == 4)> <Delay = 0.67> <CoreInst = "RAM">   --->   Core 83 'RAM' <Latency = 1> <II = 1> <Delay = 0.67> <Storage> <Opcode : 'load' 'store'> <Ports = 2> <Width = 16> <Depth = 16> <RAM>
ST_4 : Operation 215 [1/1] (0.72ns)   --->   "%tmp_17 = sparsemux i16 @_ssdm_op_SparseMux.ap_auto.8i16.i16.i3, i3 0, i16 %localC_32_load, i3 1, i16 %localC_33_load, i3 2, i16 %localC_34_load, i3 3, i16 %localC_35_load, i3 4, i16 %localC_36_load, i3 5, i16 %localC_37_load, i3 6, i16 %localC_38_load, i3 7, i16 %localC_39_load, i16 0, i3 %trunc_ln208" [mmult.cpp:214]   --->   Operation 215 'sparsemux' 'tmp_17' <Predicate = (trunc_ln210 == 4)> <Delay = 0.72> <CoreInst = "SparseMux">   --->   Core 147 'SparseMux' <Latency = 0> <II = 1> <Delay = 0.72> <FuncUnit> <Opcode : 'sparsemux'> <InPorts = 2> <OutPorts = 1>
ST_4 : Operation 216 [1/2] (0.67ns)   --->   "%localC_40_load = load i4 %localC_40_addr" [mmult.cpp:214]   --->   Operation 216 'load' 'localC_40_load' <Predicate = (trunc_ln210 == 5)> <Delay = 0.67> <CoreInst = "RAM">   --->   Core 83 'RAM' <Latency = 1> <II = 1> <Delay = 0.67> <Storage> <Opcode : 'load' 'store'> <Ports = 2> <Width = 16> <Depth = 16> <RAM>
ST_4 : Operation 217 [1/2] (0.67ns)   --->   "%localC_41_load = load i4 %localC_41_addr" [mmult.cpp:214]   --->   Operation 217 'load' 'localC_41_load' <Predicate = (trunc_ln210 == 5)> <Delay = 0.67> <CoreInst = "RAM">   --->   Core 83 'RAM' <Latency = 1> <II = 1> <Delay = 0.67> <Storage> <Opcode : 'load' 'store'> <Ports = 2> <Width = 16> <Depth = 16> <RAM>
ST_4 : Operation 218 [1/2] (0.67ns)   --->   "%localC_42_load = load i4 %localC_42_addr" [mmult.cpp:214]   --->   Operation 218 'load' 'localC_42_load' <Predicate = (trunc_ln210 == 5)> <Delay = 0.67> <CoreInst = "RAM">   --->   Core 83 'RAM' <Latency = 1> <II = 1> <Delay = 0.67> <Storage> <Opcode : 'load' 'store'> <Ports = 2> <Width = 16> <Depth = 16> <RAM>
ST_4 : Operation 219 [1/2] (0.67ns)   --->   "%localC_43_load = load i4 %localC_43_addr" [mmult.cpp:214]   --->   Operation 219 'load' 'localC_43_load' <Predicate = (trunc_ln210 == 5)> <Delay = 0.67> <CoreInst = "RAM">   --->   Core 83 'RAM' <Latency = 1> <II = 1> <Delay = 0.67> <Storage> <Opcode : 'load' 'store'> <Ports = 2> <Width = 16> <Depth = 16> <RAM>
ST_4 : Operation 220 [1/2] (0.67ns)   --->   "%localC_44_load = load i4 %localC_44_addr" [mmult.cpp:214]   --->   Operation 220 'load' 'localC_44_load' <Predicate = (trunc_ln210 == 5)> <Delay = 0.67> <CoreInst = "RAM">   --->   Core 83 'RAM' <Latency = 1> <II = 1> <Delay = 0.67> <Storage> <Opcode : 'load' 'store'> <Ports = 2> <Width = 16> <Depth = 16> <RAM>
ST_4 : Operation 221 [1/2] (0.67ns)   --->   "%localC_45_load = load i4 %localC_45_addr" [mmult.cpp:214]   --->   Operation 221 'load' 'localC_45_load' <Predicate = (trunc_ln210 == 5)> <Delay = 0.67> <CoreInst = "RAM">   --->   Core 83 'RAM' <Latency = 1> <II = 1> <Delay = 0.67> <Storage> <Opcode : 'load' 'store'> <Ports = 2> <Width = 16> <Depth = 16> <RAM>
ST_4 : Operation 222 [1/2] (0.67ns)   --->   "%localC_46_load = load i4 %localC_46_addr" [mmult.cpp:214]   --->   Operation 222 'load' 'localC_46_load' <Predicate = (trunc_ln210 == 5)> <Delay = 0.67> <CoreInst = "RAM">   --->   Core 83 'RAM' <Latency = 1> <II = 1> <Delay = 0.67> <Storage> <Opcode : 'load' 'store'> <Ports = 2> <Width = 16> <Depth = 16> <RAM>
ST_4 : Operation 223 [1/2] (0.67ns)   --->   "%localC_47_load = load i4 %localC_47_addr" [mmult.cpp:214]   --->   Operation 223 'load' 'localC_47_load' <Predicate = (trunc_ln210 == 5)> <Delay = 0.67> <CoreInst = "RAM">   --->   Core 83 'RAM' <Latency = 1> <II = 1> <Delay = 0.67> <Storage> <Opcode : 'load' 'store'> <Ports = 2> <Width = 16> <Depth = 16> <RAM>
ST_4 : Operation 224 [1/1] (0.72ns)   --->   "%tmp_18 = sparsemux i16 @_ssdm_op_SparseMux.ap_auto.8i16.i16.i3, i3 0, i16 %localC_40_load, i3 1, i16 %localC_41_load, i3 2, i16 %localC_42_load, i3 3, i16 %localC_43_load, i3 4, i16 %localC_44_load, i3 5, i16 %localC_45_load, i3 6, i16 %localC_46_load, i3 7, i16 %localC_47_load, i16 0, i3 %trunc_ln208" [mmult.cpp:214]   --->   Operation 224 'sparsemux' 'tmp_18' <Predicate = (trunc_ln210 == 5)> <Delay = 0.72> <CoreInst = "SparseMux">   --->   Core 147 'SparseMux' <Latency = 0> <II = 1> <Delay = 0.72> <FuncUnit> <Opcode : 'sparsemux'> <InPorts = 2> <OutPorts = 1>
ST_4 : Operation 225 [1/2] (0.67ns)   --->   "%localC_48_load = load i4 %localC_48_addr" [mmult.cpp:214]   --->   Operation 225 'load' 'localC_48_load' <Predicate = (trunc_ln210 == 6)> <Delay = 0.67> <CoreInst = "RAM">   --->   Core 83 'RAM' <Latency = 1> <II = 1> <Delay = 0.67> <Storage> <Opcode : 'load' 'store'> <Ports = 2> <Width = 16> <Depth = 16> <RAM>
ST_4 : Operation 226 [1/2] (0.67ns)   --->   "%localC_49_load = load i4 %localC_49_addr" [mmult.cpp:214]   --->   Operation 226 'load' 'localC_49_load' <Predicate = (trunc_ln210 == 6)> <Delay = 0.67> <CoreInst = "RAM">   --->   Core 83 'RAM' <Latency = 1> <II = 1> <Delay = 0.67> <Storage> <Opcode : 'load' 'store'> <Ports = 2> <Width = 16> <Depth = 16> <RAM>
ST_4 : Operation 227 [1/2] (0.67ns)   --->   "%localC_50_load = load i4 %localC_50_addr" [mmult.cpp:214]   --->   Operation 227 'load' 'localC_50_load' <Predicate = (trunc_ln210 == 6)> <Delay = 0.67> <CoreInst = "RAM">   --->   Core 83 'RAM' <Latency = 1> <II = 1> <Delay = 0.67> <Storage> <Opcode : 'load' 'store'> <Ports = 2> <Width = 16> <Depth = 16> <RAM>
ST_4 : Operation 228 [1/2] (0.67ns)   --->   "%localC_51_load = load i4 %localC_51_addr" [mmult.cpp:214]   --->   Operation 228 'load' 'localC_51_load' <Predicate = (trunc_ln210 == 6)> <Delay = 0.67> <CoreInst = "RAM">   --->   Core 83 'RAM' <Latency = 1> <II = 1> <Delay = 0.67> <Storage> <Opcode : 'load' 'store'> <Ports = 2> <Width = 16> <Depth = 16> <RAM>
ST_4 : Operation 229 [1/2] (0.67ns)   --->   "%localC_52_load = load i4 %localC_52_addr" [mmult.cpp:214]   --->   Operation 229 'load' 'localC_52_load' <Predicate = (trunc_ln210 == 6)> <Delay = 0.67> <CoreInst = "RAM">   --->   Core 83 'RAM' <Latency = 1> <II = 1> <Delay = 0.67> <Storage> <Opcode : 'load' 'store'> <Ports = 2> <Width = 16> <Depth = 16> <RAM>
ST_4 : Operation 230 [1/2] (0.67ns)   --->   "%localC_53_load = load i4 %localC_53_addr" [mmult.cpp:214]   --->   Operation 230 'load' 'localC_53_load' <Predicate = (trunc_ln210 == 6)> <Delay = 0.67> <CoreInst = "RAM">   --->   Core 83 'RAM' <Latency = 1> <II = 1> <Delay = 0.67> <Storage> <Opcode : 'load' 'store'> <Ports = 2> <Width = 16> <Depth = 16> <RAM>
ST_4 : Operation 231 [1/2] (0.67ns)   --->   "%localC_54_load = load i4 %localC_54_addr" [mmult.cpp:214]   --->   Operation 231 'load' 'localC_54_load' <Predicate = (trunc_ln210 == 6)> <Delay = 0.67> <CoreInst = "RAM">   --->   Core 83 'RAM' <Latency = 1> <II = 1> <Delay = 0.67> <Storage> <Opcode : 'load' 'store'> <Ports = 2> <Width = 16> <Depth = 16> <RAM>
ST_4 : Operation 232 [1/2] (0.67ns)   --->   "%localC_55_load = load i4 %localC_55_addr" [mmult.cpp:214]   --->   Operation 232 'load' 'localC_55_load' <Predicate = (trunc_ln210 == 6)> <Delay = 0.67> <CoreInst = "RAM">   --->   Core 83 'RAM' <Latency = 1> <II = 1> <Delay = 0.67> <Storage> <Opcode : 'load' 'store'> <Ports = 2> <Width = 16> <Depth = 16> <RAM>
ST_4 : Operation 233 [1/1] (0.72ns)   --->   "%tmp_19 = sparsemux i16 @_ssdm_op_SparseMux.ap_auto.8i16.i16.i3, i3 0, i16 %localC_48_load, i3 1, i16 %localC_49_load, i3 2, i16 %localC_50_load, i3 3, i16 %localC_51_load, i3 4, i16 %localC_52_load, i3 5, i16 %localC_53_load, i3 6, i16 %localC_54_load, i3 7, i16 %localC_55_load, i16 0, i3 %trunc_ln208" [mmult.cpp:214]   --->   Operation 233 'sparsemux' 'tmp_19' <Predicate = (trunc_ln210 == 6)> <Delay = 0.72> <CoreInst = "SparseMux">   --->   Core 147 'SparseMux' <Latency = 0> <II = 1> <Delay = 0.72> <FuncUnit> <Opcode : 'sparsemux'> <InPorts = 2> <OutPorts = 1>
ST_4 : Operation 234 [1/2] (0.67ns)   --->   "%localC_56_load = load i4 %localC_56_addr" [mmult.cpp:214]   --->   Operation 234 'load' 'localC_56_load' <Predicate = (trunc_ln210 == 7)> <Delay = 0.67> <CoreInst = "RAM">   --->   Core 83 'RAM' <Latency = 1> <II = 1> <Delay = 0.67> <Storage> <Opcode : 'load' 'store'> <Ports = 2> <Width = 16> <Depth = 16> <RAM>
ST_4 : Operation 235 [1/2] (0.67ns)   --->   "%localC_57_load = load i4 %localC_57_addr" [mmult.cpp:214]   --->   Operation 235 'load' 'localC_57_load' <Predicate = (trunc_ln210 == 7)> <Delay = 0.67> <CoreInst = "RAM">   --->   Core 83 'RAM' <Latency = 1> <II = 1> <Delay = 0.67> <Storage> <Opcode : 'load' 'store'> <Ports = 2> <Width = 16> <Depth = 16> <RAM>
ST_4 : Operation 236 [1/2] (0.67ns)   --->   "%localC_58_load = load i4 %localC_58_addr" [mmult.cpp:214]   --->   Operation 236 'load' 'localC_58_load' <Predicate = (trunc_ln210 == 7)> <Delay = 0.67> <CoreInst = "RAM">   --->   Core 83 'RAM' <Latency = 1> <II = 1> <Delay = 0.67> <Storage> <Opcode : 'load' 'store'> <Ports = 2> <Width = 16> <Depth = 16> <RAM>
ST_4 : Operation 237 [1/2] (0.67ns)   --->   "%localC_59_load = load i4 %localC_59_addr" [mmult.cpp:214]   --->   Operation 237 'load' 'localC_59_load' <Predicate = (trunc_ln210 == 7)> <Delay = 0.67> <CoreInst = "RAM">   --->   Core 83 'RAM' <Latency = 1> <II = 1> <Delay = 0.67> <Storage> <Opcode : 'load' 'store'> <Ports = 2> <Width = 16> <Depth = 16> <RAM>
ST_4 : Operation 238 [1/2] (0.67ns)   --->   "%localC_60_load = load i4 %localC_60_addr" [mmult.cpp:214]   --->   Operation 238 'load' 'localC_60_load' <Predicate = (trunc_ln210 == 7)> <Delay = 0.67> <CoreInst = "RAM">   --->   Core 83 'RAM' <Latency = 1> <II = 1> <Delay = 0.67> <Storage> <Opcode : 'load' 'store'> <Ports = 2> <Width = 16> <Depth = 16> <RAM>
ST_4 : Operation 239 [1/2] (0.67ns)   --->   "%localC_61_load = load i4 %localC_61_addr" [mmult.cpp:214]   --->   Operation 239 'load' 'localC_61_load' <Predicate = (trunc_ln210 == 7)> <Delay = 0.67> <CoreInst = "RAM">   --->   Core 83 'RAM' <Latency = 1> <II = 1> <Delay = 0.67> <Storage> <Opcode : 'load' 'store'> <Ports = 2> <Width = 16> <Depth = 16> <RAM>
ST_4 : Operation 240 [1/2] (0.67ns)   --->   "%localC_62_load = load i4 %localC_62_addr" [mmult.cpp:214]   --->   Operation 240 'load' 'localC_62_load' <Predicate = (trunc_ln210 == 7)> <Delay = 0.67> <CoreInst = "RAM">   --->   Core 83 'RAM' <Latency = 1> <II = 1> <Delay = 0.67> <Storage> <Opcode : 'load' 'store'> <Ports = 2> <Width = 16> <Depth = 16> <RAM>
ST_4 : Operation 241 [1/2] (0.67ns)   --->   "%localC_63_load = load i4 %localC_63_addr" [mmult.cpp:214]   --->   Operation 241 'load' 'localC_63_load' <Predicate = (trunc_ln210 == 7)> <Delay = 0.67> <CoreInst = "RAM">   --->   Core 83 'RAM' <Latency = 1> <II = 1> <Delay = 0.67> <Storage> <Opcode : 'load' 'store'> <Ports = 2> <Width = 16> <Depth = 16> <RAM>
ST_4 : Operation 242 [1/1] (0.72ns)   --->   "%tmp_20 = sparsemux i16 @_ssdm_op_SparseMux.ap_auto.8i16.i16.i3, i3 0, i16 %localC_56_load, i3 1, i16 %localC_57_load, i3 2, i16 %localC_58_load, i3 3, i16 %localC_59_load, i3 4, i16 %localC_60_load, i3 5, i16 %localC_61_load, i3 6, i16 %localC_62_load, i3 7, i16 %localC_63_load, i16 0, i3 %trunc_ln208" [mmult.cpp:214]   --->   Operation 242 'sparsemux' 'tmp_20' <Predicate = (trunc_ln210 == 7)> <Delay = 0.72> <CoreInst = "SparseMux">   --->   Core 147 'SparseMux' <Latency = 0> <II = 1> <Delay = 0.72> <FuncUnit> <Opcode : 'sparsemux'> <InPorts = 2> <OutPorts = 1>
ST_4 : Operation 243 [1/1] (0.72ns)   --->   "%tmp_21 = sparsemux i16 @_ssdm_op_SparseMux.ap_auto.8i16.i16.i3, i3 0, i16 %tmp, i3 1, i16 %tmp_s, i3 2, i16 %tmp_15, i3 3, i16 %tmp_16, i3 4, i16 %tmp_17, i3 5, i16 %tmp_18, i3 6, i16 %tmp_19, i3 7, i16 %tmp_20, i16 0, i3 %trunc_ln210" [mmult.cpp:214]   --->   Operation 243 'sparsemux' 'tmp_21' <Predicate = true> <Delay = 0.72> <CoreInst = "SparseMux">   --->   Core 147 'SparseMux' <Latency = 0> <II = 1> <Delay = 0.72> <FuncUnit> <Opcode : 'sparsemux'> <InPorts = 2> <OutPorts = 1>

State 5 <SV = 4> <Delay = 2.40>
ST_5 : Operation 244 [1/1] (0.00ns)   --->   "%specpipeline_ln208 = specpipeline void @_ssdm_op_SpecPipeline, i32 4294967295, i32 0, i32 0, i32 0, void @empty_4" [mmult.cpp:208]   --->   Operation 244 'specpipeline' 'specpipeline_ln208' <Predicate = true> <Delay = 0.00>
ST_5 : Operation 245 [1/1] (0.00ns)   --->   "%speclooptripcount_ln209 = speclooptripcount void @_ssdm_op_SpecLoopTripCount, i64 1024, i64 1024, i64 1024" [mmult.cpp:209]   --->   Operation 245 'speclooptripcount' 'speclooptripcount_ln209' <Predicate = true> <Delay = 0.00>
ST_5 : Operation 246 [1/1] (0.00ns)   --->   "%specloopname_ln208 = specloopname void @_ssdm_op_SpecLoopName, void @empty_14" [mmult.cpp:208]   --->   Operation 246 'specloopname' 'specloopname_ln208' <Predicate = true> <Delay = 0.00>
ST_5 : Operation 247 [1/1] (2.40ns)   --->   "%write_ln214 = write void @_ssdm_op_Write.m_axi.p1i16, i64 %gmem2_addr, i16 %tmp_21, i2 3" [mmult.cpp:214]   --->   Operation 247 'write' 'write_ln214' <Predicate = true> <Delay = 2.40> <CoreInst = "m_axi">   --->   Core 121 'm_axi' <Latency = 0> <II = 1> <Delay = 1.00> <Adapter> <Opcode : 'read' 'write' 'readreq' 'writereq' 'writeresp'>
ST_5 : Operation 248 [1/1] (0.00ns)   --->   "%br_ln208 = br void %for.body68" [mmult.cpp:208]   --->   Operation 248 'br' 'br_ln208' <Predicate = true> <Delay = 0.00>


============================================================
+ Verbose Summary: Binding
============================================================
STG Binding: 
---------------- STG Properties BEGIN ----------------
- Is combinational: 0
- Is one-state seq: 0
- Is datapath-only: 0
- Is pipelined: 0
- Is top level: 0
Port [ Return ] is wired: 1; IO mode=ap_ctrl_hs:ce=0
Port [ gmem2]:  wired=1; compound=1; hidden=0; nouse=0; global=0; static=0; extern=0; dir=1; type=4; pingpong=0; private_global=0; IO mode=m_axi:ce=0
Port [ mul65]:  wired=1; compound=0; hidden=0; nouse=0; global=0; static=0; extern=0; dir=0; type=0; pingpong=0; private_global=0; IO mode=ap_none:ce=0
Port [ sext_ln208]:  wired=1; compound=0; hidden=0; nouse=0; global=0; static=0; extern=0; dir=0; type=0; pingpong=0; private_global=0; IO mode=ap_none:ce=0
Port [ b_col]:  wired=1; compound=0; hidden=0; nouse=0; global=0; static=0; extern=0; dir=0; type=0; pingpong=0; private_global=0; IO mode=ap_none:ce=0
Port [ localC]:  wired=1; compound=1; hidden=0; nouse=0; global=0; static=0; extern=0; dir=0; type=1; pingpong=0; private_global=0; MemPort=[13]; IO mode=ap_memory:ce=0
Port [ localC_1]:  wired=1; compound=1; hidden=0; nouse=0; global=0; static=0; extern=0; dir=0; type=1; pingpong=0; private_global=0; MemPort=[13]; IO mode=ap_memory:ce=0
Port [ localC_2]:  wired=1; compound=1; hidden=0; nouse=0; global=0; static=0; extern=0; dir=0; type=1; pingpong=0; private_global=0; MemPort=[13]; IO mode=ap_memory:ce=0
Port [ localC_3]:  wired=1; compound=1; hidden=0; nouse=0; global=0; static=0; extern=0; dir=0; type=1; pingpong=0; private_global=0; MemPort=[13]; IO mode=ap_memory:ce=0
Port [ localC_4]:  wired=1; compound=1; hidden=0; nouse=0; global=0; static=0; extern=0; dir=0; type=1; pingpong=0; private_global=0; MemPort=[13]; IO mode=ap_memory:ce=0
Port [ localC_5]:  wired=1; compound=1; hidden=0; nouse=0; global=0; static=0; extern=0; dir=0; type=1; pingpong=0; private_global=0; MemPort=[13]; IO mode=ap_memory:ce=0
Port [ localC_6]:  wired=1; compound=1; hidden=0; nouse=0; global=0; static=0; extern=0; dir=0; type=1; pingpong=0; private_global=0; MemPort=[13]; IO mode=ap_memory:ce=0
Port [ localC_7]:  wired=1; compound=1; hidden=0; nouse=0; global=0; static=0; extern=0; dir=0; type=1; pingpong=0; private_global=0; MemPort=[13]; IO mode=ap_memory:ce=0
Port [ localC_8]:  wired=1; compound=1; hidden=0; nouse=0; global=0; static=0; extern=0; dir=0; type=1; pingpong=0; private_global=0; MemPort=[13]; IO mode=ap_memory:ce=0
Port [ localC_9]:  wired=1; compound=1; hidden=0; nouse=0; global=0; static=0; extern=0; dir=0; type=1; pingpong=0; private_global=0; MemPort=[13]; IO mode=ap_memory:ce=0
Port [ localC_10]:  wired=1; compound=1; hidden=0; nouse=0; global=0; static=0; extern=0; dir=0; type=1; pingpong=0; private_global=0; MemPort=[13]; IO mode=ap_memory:ce=0
Port [ localC_11]:  wired=1; compound=1; hidden=0; nouse=0; global=0; static=0; extern=0; dir=0; type=1; pingpong=0; private_global=0; MemPort=[13]; IO mode=ap_memory:ce=0
Port [ localC_12]:  wired=1; compound=1; hidden=0; nouse=0; global=0; static=0; extern=0; dir=0; type=1; pingpong=0; private_global=0; MemPort=[13]; IO mode=ap_memory:ce=0
Port [ localC_13]:  wired=1; compound=1; hidden=0; nouse=0; global=0; static=0; extern=0; dir=0; type=1; pingpong=0; private_global=0; MemPort=[13]; IO mode=ap_memory:ce=0
Port [ localC_14]:  wired=1; compound=1; hidden=0; nouse=0; global=0; static=0; extern=0; dir=0; type=1; pingpong=0; private_global=0; MemPort=[13]; IO mode=ap_memory:ce=0
Port [ localC_15]:  wired=1; compound=1; hidden=0; nouse=0; global=0; static=0; extern=0; dir=0; type=1; pingpong=0; private_global=0; MemPort=[13]; IO mode=ap_memory:ce=0
Port [ localC_16]:  wired=1; compound=1; hidden=0; nouse=0; global=0; static=0; extern=0; dir=0; type=1; pingpong=0; private_global=0; MemPort=[13]; IO mode=ap_memory:ce=0
Port [ localC_17]:  wired=1; compound=1; hidden=0; nouse=0; global=0; static=0; extern=0; dir=0; type=1; pingpong=0; private_global=0; MemPort=[13]; IO mode=ap_memory:ce=0
Port [ localC_18]:  wired=1; compound=1; hidden=0; nouse=0; global=0; static=0; extern=0; dir=0; type=1; pingpong=0; private_global=0; MemPort=[13]; IO mode=ap_memory:ce=0
Port [ localC_19]:  wired=1; compound=1; hidden=0; nouse=0; global=0; static=0; extern=0; dir=0; type=1; pingpong=0; private_global=0; MemPort=[13]; IO mode=ap_memory:ce=0
Port [ localC_20]:  wired=1; compound=1; hidden=0; nouse=0; global=0; static=0; extern=0; dir=0; type=1; pingpong=0; private_global=0; MemPort=[13]; IO mode=ap_memory:ce=0
Port [ localC_21]:  wired=1; compound=1; hidden=0; nouse=0; global=0; static=0; extern=0; dir=0; type=1; pingpong=0; private_global=0; MemPort=[13]; IO mode=ap_memory:ce=0
Port [ localC_22]:  wired=1; compound=1; hidden=0; nouse=0; global=0; static=0; extern=0; dir=0; type=1; pingpong=0; private_global=0; MemPort=[13]; IO mode=ap_memory:ce=0
Port [ localC_23]:  wired=1; compound=1; hidden=0; nouse=0; global=0; static=0; extern=0; dir=0; type=1; pingpong=0; private_global=0; MemPort=[13]; IO mode=ap_memory:ce=0
Port [ localC_24]:  wired=1; compound=1; hidden=0; nouse=0; global=0; static=0; extern=0; dir=0; type=1; pingpong=0; private_global=0; MemPort=[13]; IO mode=ap_memory:ce=0
Port [ localC_25]:  wired=1; compound=1; hidden=0; nouse=0; global=0; static=0; extern=0; dir=0; type=1; pingpong=0; private_global=0; MemPort=[13]; IO mode=ap_memory:ce=0
Port [ localC_26]:  wired=1; compound=1; hidden=0; nouse=0; global=0; static=0; extern=0; dir=0; type=1; pingpong=0; private_global=0; MemPort=[13]; IO mode=ap_memory:ce=0
Port [ localC_27]:  wired=1; compound=1; hidden=0; nouse=0; global=0; static=0; extern=0; dir=0; type=1; pingpong=0; private_global=0; MemPort=[13]; IO mode=ap_memory:ce=0
Port [ localC_28]:  wired=1; compound=1; hidden=0; nouse=0; global=0; static=0; extern=0; dir=0; type=1; pingpong=0; private_global=0; MemPort=[13]; IO mode=ap_memory:ce=0
Port [ localC_29]:  wired=1; compound=1; hidden=0; nouse=0; global=0; static=0; extern=0; dir=0; type=1; pingpong=0; private_global=0; MemPort=[13]; IO mode=ap_memory:ce=0
Port [ localC_30]:  wired=1; compound=1; hidden=0; nouse=0; global=0; static=0; extern=0; dir=0; type=1; pingpong=0; private_global=0; MemPort=[13]; IO mode=ap_memory:ce=0
Port [ localC_31]:  wired=1; compound=1; hidden=0; nouse=0; global=0; static=0; extern=0; dir=0; type=1; pingpong=0; private_global=0; MemPort=[13]; IO mode=ap_memory:ce=0
Port [ localC_32]:  wired=1; compound=1; hidden=0; nouse=0; global=0; static=0; extern=0; dir=0; type=1; pingpong=0; private_global=0; MemPort=[13]; IO mode=ap_memory:ce=0
Port [ localC_33]:  wired=1; compound=1; hidden=0; nouse=0; global=0; static=0; extern=0; dir=0; type=1; pingpong=0; private_global=0; MemPort=[13]; IO mode=ap_memory:ce=0
Port [ localC_34]:  wired=1; compound=1; hidden=0; nouse=0; global=0; static=0; extern=0; dir=0; type=1; pingpong=0; private_global=0; MemPort=[13]; IO mode=ap_memory:ce=0
Port [ localC_35]:  wired=1; compound=1; hidden=0; nouse=0; global=0; static=0; extern=0; dir=0; type=1; pingpong=0; private_global=0; MemPort=[13]; IO mode=ap_memory:ce=0
Port [ localC_36]:  wired=1; compound=1; hidden=0; nouse=0; global=0; static=0; extern=0; dir=0; type=1; pingpong=0; private_global=0; MemPort=[13]; IO mode=ap_memory:ce=0
Port [ localC_37]:  wired=1; compound=1; hidden=0; nouse=0; global=0; static=0; extern=0; dir=0; type=1; pingpong=0; private_global=0; MemPort=[13]; IO mode=ap_memory:ce=0
Port [ localC_38]:  wired=1; compound=1; hidden=0; nouse=0; global=0; static=0; extern=0; dir=0; type=1; pingpong=0; private_global=0; MemPort=[13]; IO mode=ap_memory:ce=0
Port [ localC_39]:  wired=1; compound=1; hidden=0; nouse=0; global=0; static=0; extern=0; dir=0; type=1; pingpong=0; private_global=0; MemPort=[13]; IO mode=ap_memory:ce=0
Port [ localC_40]:  wired=1; compound=1; hidden=0; nouse=0; global=0; static=0; extern=0; dir=0; type=1; pingpong=0; private_global=0; MemPort=[13]; IO mode=ap_memory:ce=0
Port [ localC_41]:  wired=1; compound=1; hidden=0; nouse=0; global=0; static=0; extern=0; dir=0; type=1; pingpong=0; private_global=0; MemPort=[13]; IO mode=ap_memory:ce=0
Port [ localC_42]:  wired=1; compound=1; hidden=0; nouse=0; global=0; static=0; extern=0; dir=0; type=1; pingpong=0; private_global=0; MemPort=[13]; IO mode=ap_memory:ce=0
Port [ localC_43]:  wired=1; compound=1; hidden=0; nouse=0; global=0; static=0; extern=0; dir=0; type=1; pingpong=0; private_global=0; MemPort=[13]; IO mode=ap_memory:ce=0
Port [ localC_44]:  wired=1; compound=1; hidden=0; nouse=0; global=0; static=0; extern=0; dir=0; type=1; pingpong=0; private_global=0; MemPort=[13]; IO mode=ap_memory:ce=0
Port [ localC_45]:  wired=1; compound=1; hidden=0; nouse=0; global=0; static=0; extern=0; dir=0; type=1; pingpong=0; private_global=0; MemPort=[13]; IO mode=ap_memory:ce=0
Port [ localC_46]:  wired=1; compound=1; hidden=0; nouse=0; global=0; static=0; extern=0; dir=0; type=1; pingpong=0; private_global=0; MemPort=[13]; IO mode=ap_memory:ce=0
Port [ localC_47]:  wired=1; compound=1; hidden=0; nouse=0; global=0; static=0; extern=0; dir=0; type=1; pingpong=0; private_global=0; MemPort=[13]; IO mode=ap_memory:ce=0
Port [ localC_48]:  wired=1; compound=1; hidden=0; nouse=0; global=0; static=0; extern=0; dir=0; type=1; pingpong=0; private_global=0; MemPort=[13]; IO mode=ap_memory:ce=0
Port [ localC_49]:  wired=1; compound=1; hidden=0; nouse=0; global=0; static=0; extern=0; dir=0; type=1; pingpong=0; private_global=0; MemPort=[13]; IO mode=ap_memory:ce=0
Port [ localC_50]:  wired=1; compound=1; hidden=0; nouse=0; global=0; static=0; extern=0; dir=0; type=1; pingpong=0; private_global=0; MemPort=[13]; IO mode=ap_memory:ce=0
Port [ localC_51]:  wired=1; compound=1; hidden=0; nouse=0; global=0; static=0; extern=0; dir=0; type=1; pingpong=0; private_global=0; MemPort=[13]; IO mode=ap_memory:ce=0
Port [ localC_52]:  wired=1; compound=1; hidden=0; nouse=0; global=0; static=0; extern=0; dir=0; type=1; pingpong=0; private_global=0; MemPort=[13]; IO mode=ap_memory:ce=0
Port [ localC_53]:  wired=1; compound=1; hidden=0; nouse=0; global=0; static=0; extern=0; dir=0; type=1; pingpong=0; private_global=0; MemPort=[13]; IO mode=ap_memory:ce=0
Port [ localC_54]:  wired=1; compound=1; hidden=0; nouse=0; global=0; static=0; extern=0; dir=0; type=1; pingpong=0; private_global=0; MemPort=[13]; IO mode=ap_memory:ce=0
Port [ localC_55]:  wired=1; compound=1; hidden=0; nouse=0; global=0; static=0; extern=0; dir=0; type=1; pingpong=0; private_global=0; MemPort=[13]; IO mode=ap_memory:ce=0
Port [ localC_56]:  wired=1; compound=1; hidden=0; nouse=0; global=0; static=0; extern=0; dir=0; type=1; pingpong=0; private_global=0; MemPort=[13]; IO mode=ap_memory:ce=0
Port [ localC_57]:  wired=1; compound=1; hidden=0; nouse=0; global=0; static=0; extern=0; dir=0; type=1; pingpong=0; private_global=0; MemPort=[13]; IO mode=ap_memory:ce=0
Port [ localC_58]:  wired=1; compound=1; hidden=0; nouse=0; global=0; static=0; extern=0; dir=0; type=1; pingpong=0; private_global=0; MemPort=[13]; IO mode=ap_memory:ce=0
Port [ localC_59]:  wired=1; compound=1; hidden=0; nouse=0; global=0; static=0; extern=0; dir=0; type=1; pingpong=0; private_global=0; MemPort=[13]; IO mode=ap_memory:ce=0
Port [ localC_60]:  wired=1; compound=1; hidden=0; nouse=0; global=0; static=0; extern=0; dir=0; type=1; pingpong=0; private_global=0; MemPort=[13]; IO mode=ap_memory:ce=0
Port [ localC_61]:  wired=1; compound=1; hidden=0; nouse=0; global=0; static=0; extern=0; dir=0; type=1; pingpong=0; private_global=0; MemPort=[13]; IO mode=ap_memory:ce=0
Port [ localC_62]:  wired=1; compound=1; hidden=0; nouse=0; global=0; static=0; extern=0; dir=0; type=1; pingpong=0; private_global=0; MemPort=[13]; IO mode=ap_memory:ce=0
Port [ localC_63]:  wired=1; compound=1; hidden=0; nouse=0; global=0; static=0; extern=0; dir=0; type=1; pingpong=0; private_global=0; MemPort=[13]; IO mode=ap_memory:ce=0
---------------- STG Properties END ------------------

---------------- Datapath Model BEGIN ----------------

<LifeTime>
<method=bitvector/>
i                       (alloca           ) [ 011000]
j                       (alloca           ) [ 011100]
loc_2                   (alloca           ) [ 011000]
b_col_read              (read             ) [ 001000]
sext_ln208_read         (read             ) [ 000000]
mul65_read              (read             ) [ 001000]
sext_ln208_cast         (sext             ) [ 001000]
specinterface_ln0       (specinterface    ) [ 000000]
store_ln0               (store            ) [ 000000]
store_ln208             (store            ) [ 000000]
store_ln208             (store            ) [ 000000]
br_ln0                  (br               ) [ 000000]
loc_2_load              (load             ) [ 000000]
loc_2_cast              (zext             ) [ 000000]
specbitsmap_ln0         (specbitsmap      ) [ 000000]
icmp_ln208              (icmp             ) [ 011100]
add_ln208               (add              ) [ 000000]
br_ln208                (br               ) [ 000000]
i_load                  (load             ) [ 000000]
j_load                  (load             ) [ 010100]
gmem2_addr              (getelementptr    ) [ 011111]
icmp_ln210              (icmp             ) [ 010100]
add_ln211               (add              ) [ 000000]
i_1                     (select           ) [ 000000]
trunc_ln210             (trunc            ) [ 011110]
lshr_ln4                (partselect       ) [ 010100]
store_ln208             (store            ) [ 000000]
store_ln208             (store            ) [ 000000]
tmp_22                  (bitconcatenate   ) [ 000000]
j_1                     (select           ) [ 000000]
trunc_ln208             (trunc            ) [ 001010]
lshr_ln5                (partselect       ) [ 000000]
add_ln214               (add              ) [ 000000]
zext_ln214              (zext             ) [ 000000]
localC_addr             (getelementptr    ) [ 001010]
localC_1_addr           (getelementptr    ) [ 001010]
localC_2_addr           (getelementptr    ) [ 001010]
localC_3_addr           (getelementptr    ) [ 001010]
localC_4_addr           (getelementptr    ) [ 001010]
localC_5_addr           (getelementptr    ) [ 001010]
localC_6_addr           (getelementptr    ) [ 001010]
localC_7_addr           (getelementptr    ) [ 001010]
localC_8_addr           (getelementptr    ) [ 001010]
localC_9_addr           (getelementptr    ) [ 001010]
localC_10_addr          (getelementptr    ) [ 001010]
localC_11_addr          (getelementptr    ) [ 001010]
localC_12_addr          (getelementptr    ) [ 001010]
localC_13_addr          (getelementptr    ) [ 001010]
localC_14_addr          (getelementptr    ) [ 001010]
localC_15_addr          (getelementptr    ) [ 001010]
localC_16_addr          (getelementptr    ) [ 001010]
localC_17_addr          (getelementptr    ) [ 001010]
localC_18_addr          (getelementptr    ) [ 001010]
localC_19_addr          (getelementptr    ) [ 001010]
localC_20_addr          (getelementptr    ) [ 001010]
localC_21_addr          (getelementptr    ) [ 001010]
localC_22_addr          (getelementptr    ) [ 001010]
localC_23_addr          (getelementptr    ) [ 001010]
localC_24_addr          (getelementptr    ) [ 001010]
localC_25_addr          (getelementptr    ) [ 001010]
localC_26_addr          (getelementptr    ) [ 001010]
localC_27_addr          (getelementptr    ) [ 001010]
localC_28_addr          (getelementptr    ) [ 001010]
localC_29_addr          (getelementptr    ) [ 001010]
localC_30_addr          (getelementptr    ) [ 001010]
localC_31_addr          (getelementptr    ) [ 001010]
localC_32_addr          (getelementptr    ) [ 001010]
localC_33_addr          (getelementptr    ) [ 001010]
localC_34_addr          (getelementptr    ) [ 001010]
localC_35_addr          (getelementptr    ) [ 001010]
localC_36_addr          (getelementptr    ) [ 001010]
localC_37_addr          (getelementptr    ) [ 001010]
localC_38_addr          (getelementptr    ) [ 001010]
localC_39_addr          (getelementptr    ) [ 001010]
localC_40_addr          (getelementptr    ) [ 001010]
localC_41_addr          (getelementptr    ) [ 001010]
localC_42_addr          (getelementptr    ) [ 001010]
localC_43_addr          (getelementptr    ) [ 001010]
localC_44_addr          (getelementptr    ) [ 001010]
localC_45_addr          (getelementptr    ) [ 001010]
localC_46_addr          (getelementptr    ) [ 001010]
localC_47_addr          (getelementptr    ) [ 001010]
localC_48_addr          (getelementptr    ) [ 001010]
localC_49_addr          (getelementptr    ) [ 001010]
localC_50_addr          (getelementptr    ) [ 001010]
localC_51_addr          (getelementptr    ) [ 001010]
localC_52_addr          (getelementptr    ) [ 001010]
localC_53_addr          (getelementptr    ) [ 001010]
localC_54_addr          (getelementptr    ) [ 001010]
localC_55_addr          (getelementptr    ) [ 001010]
localC_56_addr          (getelementptr    ) [ 001010]
localC_57_addr          (getelementptr    ) [ 001010]
localC_58_addr          (getelementptr    ) [ 001010]
localC_59_addr          (getelementptr    ) [ 001010]
localC_60_addr          (getelementptr    ) [ 001010]
localC_61_addr          (getelementptr    ) [ 001010]
localC_62_addr          (getelementptr    ) [ 001010]
localC_63_addr          (getelementptr    ) [ 001010]
j_2                     (add              ) [ 000000]
store_ln208             (store            ) [ 000000]
localC_load             (load             ) [ 000000]
localC_1_load           (load             ) [ 000000]
localC_2_load           (load             ) [ 000000]
localC_3_load           (load             ) [ 000000]
localC_4_load           (load             ) [ 000000]
localC_5_load           (load             ) [ 000000]
localC_6_load           (load             ) [ 000000]
localC_7_load           (load             ) [ 000000]
tmp                     (sparsemux        ) [ 000000]
localC_8_load           (load             ) [ 000000]
localC_9_load           (load             ) [ 000000]
localC_10_load          (load             ) [ 000000]
localC_11_load          (load             ) [ 000000]
localC_12_load          (load             ) [ 000000]
localC_13_load          (load             ) [ 000000]
localC_14_load          (load             ) [ 000000]
localC_15_load          (load             ) [ 000000]
tmp_s                   (sparsemux        ) [ 000000]
localC_16_load          (load             ) [ 000000]
localC_17_load          (load             ) [ 000000]
localC_18_load          (load             ) [ 000000]
localC_19_load          (load             ) [ 000000]
localC_20_load          (load             ) [ 000000]
localC_21_load          (load             ) [ 000000]
localC_22_load          (load             ) [ 000000]
localC_23_load          (load             ) [ 000000]
tmp_15                  (sparsemux        ) [ 000000]
localC_24_load          (load             ) [ 000000]
localC_25_load          (load             ) [ 000000]
localC_26_load          (load             ) [ 000000]
localC_27_load          (load             ) [ 000000]
localC_28_load          (load             ) [ 000000]
localC_29_load          (load             ) [ 000000]
localC_30_load          (load             ) [ 000000]
localC_31_load          (load             ) [ 000000]
tmp_16                  (sparsemux        ) [ 000000]
localC_32_load          (load             ) [ 000000]
localC_33_load          (load             ) [ 000000]
localC_34_load          (load             ) [ 000000]
localC_35_load          (load             ) [ 000000]
localC_36_load          (load             ) [ 000000]
localC_37_load          (load             ) [ 000000]
localC_38_load          (load             ) [ 000000]
localC_39_load          (load             ) [ 000000]
tmp_17                  (sparsemux        ) [ 000000]
localC_40_load          (load             ) [ 000000]
localC_41_load          (load             ) [ 000000]
localC_42_load          (load             ) [ 000000]
localC_43_load          (load             ) [ 000000]
localC_44_load          (load             ) [ 000000]
localC_45_load          (load             ) [ 000000]
localC_46_load          (load             ) [ 000000]
localC_47_load          (load             ) [ 000000]
tmp_18                  (sparsemux        ) [ 000000]
localC_48_load          (load             ) [ 000000]
localC_49_load          (load             ) [ 000000]
localC_50_load          (load             ) [ 000000]
localC_51_load          (load             ) [ 000000]
localC_52_load          (load             ) [ 000000]
localC_53_load          (load             ) [ 000000]
localC_54_load          (load             ) [ 000000]
localC_55_load          (load             ) [ 000000]
tmp_19                  (sparsemux        ) [ 000000]
localC_56_load          (load             ) [ 000000]
localC_57_load          (load             ) [ 000000]
localC_58_load          (load             ) [ 000000]
localC_59_load          (load             ) [ 000000]
localC_60_load          (load             ) [ 000000]
localC_61_load          (load             ) [ 000000]
localC_62_load          (load             ) [ 000000]
localC_63_load          (load             ) [ 000000]
tmp_20                  (sparsemux        ) [ 000000]
tmp_21                  (sparsemux        ) [ 010001]
specpipeline_ln208      (specpipeline     ) [ 000000]
speclooptripcount_ln209 (speclooptripcount) [ 000000]
specloopname_ln208      (specloopname     ) [ 000000]
write_ln214             (write            ) [ 000000]
br_ln208                (br               ) [ 000000]
ret_ln0                 (ret              ) [ 000000]
</LifeTime>

<model>

<comp_list>
<comp id="0" class="1000" name="gmem2">
<pin_list>
<pin id="1" dir="1" index="0" bw="1" slack="0"/>
</pin_list>
<bind>
<StgValue><ssdm name="gmem2"/></StgValue>
</bind>
</comp>

<comp id="2" class="1000" name="mul65">
<pin_list>
<pin id="3" dir="1" index="0" bw="1" slack="0"/>
</pin_list>
<bind>
<StgValue><ssdm name="mul65"/></StgValue>
</bind>
</comp>

<comp id="4" class="1000" name="sext_ln208">
<pin_list>
<pin id="5" dir="1" index="0" bw="1" slack="0"/>
</pin_list>
<bind>
<StgValue><ssdm name="sext_ln208"/></StgValue>
</bind>
</comp>

<comp id="6" class="1000" name="b_col">
<pin_list>
<pin id="7" dir="1" index="0" bw="1" slack="0"/>
</pin_list>
<bind>
<StgValue><ssdm name="b_col"/></StgValue>
</bind>
</comp>

<comp id="8" class="1000" name="localC">
<pin_list>
<pin id="9" dir="1" index="0" bw="1" slack="0"/>
</pin_list>
<bind>
<StgValue><ssdm name="localC"/><MemPortTyVec>1 3 </MemPortTyVec>
</StgValue>
</bind>
</comp>

<comp id="10" class="1000" name="localC_1">
<pin_list>
<pin id="11" dir="1" index="0" bw="1" slack="0"/>
</pin_list>
<bind>
<StgValue><ssdm name="localC_1"/><MemPortTyVec>1 3 </MemPortTyVec>
</StgValue>
</bind>
</comp>

<comp id="12" class="1000" name="localC_2">
<pin_list>
<pin id="13" dir="1" index="0" bw="1" slack="0"/>
</pin_list>
<bind>
<StgValue><ssdm name="localC_2"/><MemPortTyVec>1 3 </MemPortTyVec>
</StgValue>
</bind>
</comp>

<comp id="14" class="1000" name="localC_3">
<pin_list>
<pin id="15" dir="1" index="0" bw="1" slack="0"/>
</pin_list>
<bind>
<StgValue><ssdm name="localC_3"/><MemPortTyVec>1 3 </MemPortTyVec>
</StgValue>
</bind>
</comp>

<comp id="16" class="1000" name="localC_4">
<pin_list>
<pin id="17" dir="1" index="0" bw="1" slack="0"/>
</pin_list>
<bind>
<StgValue><ssdm name="localC_4"/><MemPortTyVec>1 3 </MemPortTyVec>
</StgValue>
</bind>
</comp>

<comp id="18" class="1000" name="localC_5">
<pin_list>
<pin id="19" dir="1" index="0" bw="1" slack="0"/>
</pin_list>
<bind>
<StgValue><ssdm name="localC_5"/><MemPortTyVec>1 3 </MemPortTyVec>
</StgValue>
</bind>
</comp>

<comp id="20" class="1000" name="localC_6">
<pin_list>
<pin id="21" dir="1" index="0" bw="1" slack="0"/>
</pin_list>
<bind>
<StgValue><ssdm name="localC_6"/><MemPortTyVec>1 3 </MemPortTyVec>
</StgValue>
</bind>
</comp>

<comp id="22" class="1000" name="localC_7">
<pin_list>
<pin id="23" dir="1" index="0" bw="1" slack="0"/>
</pin_list>
<bind>
<StgValue><ssdm name="localC_7"/><MemPortTyVec>1 3 </MemPortTyVec>
</StgValue>
</bind>
</comp>

<comp id="24" class="1000" name="localC_8">
<pin_list>
<pin id="25" dir="1" index="0" bw="1" slack="0"/>
</pin_list>
<bind>
<StgValue><ssdm name="localC_8"/><MemPortTyVec>1 3 </MemPortTyVec>
</StgValue>
</bind>
</comp>

<comp id="26" class="1000" name="localC_9">
<pin_list>
<pin id="27" dir="1" index="0" bw="1" slack="0"/>
</pin_list>
<bind>
<StgValue><ssdm name="localC_9"/><MemPortTyVec>1 3 </MemPortTyVec>
</StgValue>
</bind>
</comp>

<comp id="28" class="1000" name="localC_10">
<pin_list>
<pin id="29" dir="1" index="0" bw="1" slack="0"/>
</pin_list>
<bind>
<StgValue><ssdm name="localC_10"/><MemPortTyVec>1 3 </MemPortTyVec>
</StgValue>
</bind>
</comp>

<comp id="30" class="1000" name="localC_11">
<pin_list>
<pin id="31" dir="1" index="0" bw="1" slack="0"/>
</pin_list>
<bind>
<StgValue><ssdm name="localC_11"/><MemPortTyVec>1 3 </MemPortTyVec>
</StgValue>
</bind>
</comp>

<comp id="32" class="1000" name="localC_12">
<pin_list>
<pin id="33" dir="1" index="0" bw="1" slack="0"/>
</pin_list>
<bind>
<StgValue><ssdm name="localC_12"/><MemPortTyVec>1 3 </MemPortTyVec>
</StgValue>
</bind>
</comp>

<comp id="34" class="1000" name="localC_13">
<pin_list>
<pin id="35" dir="1" index="0" bw="1" slack="0"/>
</pin_list>
<bind>
<StgValue><ssdm name="localC_13"/><MemPortTyVec>1 3 </MemPortTyVec>
</StgValue>
</bind>
</comp>

<comp id="36" class="1000" name="localC_14">
<pin_list>
<pin id="37" dir="1" index="0" bw="1" slack="0"/>
</pin_list>
<bind>
<StgValue><ssdm name="localC_14"/><MemPortTyVec>1 3 </MemPortTyVec>
</StgValue>
</bind>
</comp>

<comp id="38" class="1000" name="localC_15">
<pin_list>
<pin id="39" dir="1" index="0" bw="1" slack="0"/>
</pin_list>
<bind>
<StgValue><ssdm name="localC_15"/><MemPortTyVec>1 3 </MemPortTyVec>
</StgValue>
</bind>
</comp>

<comp id="40" class="1000" name="localC_16">
<pin_list>
<pin id="41" dir="1" index="0" bw="1" slack="0"/>
</pin_list>
<bind>
<StgValue><ssdm name="localC_16"/><MemPortTyVec>1 3 </MemPortTyVec>
</StgValue>
</bind>
</comp>

<comp id="42" class="1000" name="localC_17">
<pin_list>
<pin id="43" dir="1" index="0" bw="1" slack="0"/>
</pin_list>
<bind>
<StgValue><ssdm name="localC_17"/><MemPortTyVec>1 3 </MemPortTyVec>
</StgValue>
</bind>
</comp>

<comp id="44" class="1000" name="localC_18">
<pin_list>
<pin id="45" dir="1" index="0" bw="1" slack="0"/>
</pin_list>
<bind>
<StgValue><ssdm name="localC_18"/><MemPortTyVec>1 3 </MemPortTyVec>
</StgValue>
</bind>
</comp>

<comp id="46" class="1000" name="localC_19">
<pin_list>
<pin id="47" dir="1" index="0" bw="1" slack="0"/>
</pin_list>
<bind>
<StgValue><ssdm name="localC_19"/><MemPortTyVec>1 3 </MemPortTyVec>
</StgValue>
</bind>
</comp>

<comp id="48" class="1000" name="localC_20">
<pin_list>
<pin id="49" dir="1" index="0" bw="1" slack="0"/>
</pin_list>
<bind>
<StgValue><ssdm name="localC_20"/><MemPortTyVec>1 3 </MemPortTyVec>
</StgValue>
</bind>
</comp>

<comp id="50" class="1000" name="localC_21">
<pin_list>
<pin id="51" dir="1" index="0" bw="1" slack="0"/>
</pin_list>
<bind>
<StgValue><ssdm name="localC_21"/><MemPortTyVec>1 3 </MemPortTyVec>
</StgValue>
</bind>
</comp>

<comp id="52" class="1000" name="localC_22">
<pin_list>
<pin id="53" dir="1" index="0" bw="1" slack="0"/>
</pin_list>
<bind>
<StgValue><ssdm name="localC_22"/><MemPortTyVec>1 3 </MemPortTyVec>
</StgValue>
</bind>
</comp>

<comp id="54" class="1000" name="localC_23">
<pin_list>
<pin id="55" dir="1" index="0" bw="1" slack="0"/>
</pin_list>
<bind>
<StgValue><ssdm name="localC_23"/><MemPortTyVec>1 3 </MemPortTyVec>
</StgValue>
</bind>
</comp>

<comp id="56" class="1000" name="localC_24">
<pin_list>
<pin id="57" dir="1" index="0" bw="1" slack="0"/>
</pin_list>
<bind>
<StgValue><ssdm name="localC_24"/><MemPortTyVec>1 3 </MemPortTyVec>
</StgValue>
</bind>
</comp>

<comp id="58" class="1000" name="localC_25">
<pin_list>
<pin id="59" dir="1" index="0" bw="1" slack="0"/>
</pin_list>
<bind>
<StgValue><ssdm name="localC_25"/><MemPortTyVec>1 3 </MemPortTyVec>
</StgValue>
</bind>
</comp>

<comp id="60" class="1000" name="localC_26">
<pin_list>
<pin id="61" dir="1" index="0" bw="1" slack="0"/>
</pin_list>
<bind>
<StgValue><ssdm name="localC_26"/><MemPortTyVec>1 3 </MemPortTyVec>
</StgValue>
</bind>
</comp>

<comp id="62" class="1000" name="localC_27">
<pin_list>
<pin id="63" dir="1" index="0" bw="1" slack="0"/>
</pin_list>
<bind>
<StgValue><ssdm name="localC_27"/><MemPortTyVec>1 3 </MemPortTyVec>
</StgValue>
</bind>
</comp>

<comp id="64" class="1000" name="localC_28">
<pin_list>
<pin id="65" dir="1" index="0" bw="1" slack="0"/>
</pin_list>
<bind>
<StgValue><ssdm name="localC_28"/><MemPortTyVec>1 3 </MemPortTyVec>
</StgValue>
</bind>
</comp>

<comp id="66" class="1000" name="localC_29">
<pin_list>
<pin id="67" dir="1" index="0" bw="1" slack="0"/>
</pin_list>
<bind>
<StgValue><ssdm name="localC_29"/><MemPortTyVec>1 3 </MemPortTyVec>
</StgValue>
</bind>
</comp>

<comp id="68" class="1000" name="localC_30">
<pin_list>
<pin id="69" dir="1" index="0" bw="1" slack="0"/>
</pin_list>
<bind>
<StgValue><ssdm name="localC_30"/><MemPortTyVec>1 3 </MemPortTyVec>
</StgValue>
</bind>
</comp>

<comp id="70" class="1000" name="localC_31">
<pin_list>
<pin id="71" dir="1" index="0" bw="1" slack="0"/>
</pin_list>
<bind>
<StgValue><ssdm name="localC_31"/><MemPortTyVec>1 3 </MemPortTyVec>
</StgValue>
</bind>
</comp>

<comp id="72" class="1000" name="localC_32">
<pin_list>
<pin id="73" dir="1" index="0" bw="1" slack="0"/>
</pin_list>
<bind>
<StgValue><ssdm name="localC_32"/><MemPortTyVec>1 3 </MemPortTyVec>
</StgValue>
</bind>
</comp>

<comp id="74" class="1000" name="localC_33">
<pin_list>
<pin id="75" dir="1" index="0" bw="1" slack="0"/>
</pin_list>
<bind>
<StgValue><ssdm name="localC_33"/><MemPortTyVec>1 3 </MemPortTyVec>
</StgValue>
</bind>
</comp>

<comp id="76" class="1000" name="localC_34">
<pin_list>
<pin id="77" dir="1" index="0" bw="1" slack="0"/>
</pin_list>
<bind>
<StgValue><ssdm name="localC_34"/><MemPortTyVec>1 3 </MemPortTyVec>
</StgValue>
</bind>
</comp>

<comp id="78" class="1000" name="localC_35">
<pin_list>
<pin id="79" dir="1" index="0" bw="1" slack="0"/>
</pin_list>
<bind>
<StgValue><ssdm name="localC_35"/><MemPortTyVec>1 3 </MemPortTyVec>
</StgValue>
</bind>
</comp>

<comp id="80" class="1000" name="localC_36">
<pin_list>
<pin id="81" dir="1" index="0" bw="1" slack="0"/>
</pin_list>
<bind>
<StgValue><ssdm name="localC_36"/><MemPortTyVec>1 3 </MemPortTyVec>
</StgValue>
</bind>
</comp>

<comp id="82" class="1000" name="localC_37">
<pin_list>
<pin id="83" dir="1" index="0" bw="1" slack="0"/>
</pin_list>
<bind>
<StgValue><ssdm name="localC_37"/><MemPortTyVec>1 3 </MemPortTyVec>
</StgValue>
</bind>
</comp>

<comp id="84" class="1000" name="localC_38">
<pin_list>
<pin id="85" dir="1" index="0" bw="1" slack="0"/>
</pin_list>
<bind>
<StgValue><ssdm name="localC_38"/><MemPortTyVec>1 3 </MemPortTyVec>
</StgValue>
</bind>
</comp>

<comp id="86" class="1000" name="localC_39">
<pin_list>
<pin id="87" dir="1" index="0" bw="1" slack="0"/>
</pin_list>
<bind>
<StgValue><ssdm name="localC_39"/><MemPortTyVec>1 3 </MemPortTyVec>
</StgValue>
</bind>
</comp>

<comp id="88" class="1000" name="localC_40">
<pin_list>
<pin id="89" dir="1" index="0" bw="1" slack="0"/>
</pin_list>
<bind>
<StgValue><ssdm name="localC_40"/><MemPortTyVec>1 3 </MemPortTyVec>
</StgValue>
</bind>
</comp>

<comp id="90" class="1000" name="localC_41">
<pin_list>
<pin id="91" dir="1" index="0" bw="1" slack="0"/>
</pin_list>
<bind>
<StgValue><ssdm name="localC_41"/><MemPortTyVec>1 3 </MemPortTyVec>
</StgValue>
</bind>
</comp>

<comp id="92" class="1000" name="localC_42">
<pin_list>
<pin id="93" dir="1" index="0" bw="1" slack="0"/>
</pin_list>
<bind>
<StgValue><ssdm name="localC_42"/><MemPortTyVec>1 3 </MemPortTyVec>
</StgValue>
</bind>
</comp>

<comp id="94" class="1000" name="localC_43">
<pin_list>
<pin id="95" dir="1" index="0" bw="1" slack="0"/>
</pin_list>
<bind>
<StgValue><ssdm name="localC_43"/><MemPortTyVec>1 3 </MemPortTyVec>
</StgValue>
</bind>
</comp>

<comp id="96" class="1000" name="localC_44">
<pin_list>
<pin id="97" dir="1" index="0" bw="1" slack="0"/>
</pin_list>
<bind>
<StgValue><ssdm name="localC_44"/><MemPortTyVec>1 3 </MemPortTyVec>
</StgValue>
</bind>
</comp>

<comp id="98" class="1000" name="localC_45">
<pin_list>
<pin id="99" dir="1" index="0" bw="1" slack="0"/>
</pin_list>
<bind>
<StgValue><ssdm name="localC_45"/><MemPortTyVec>1 3 </MemPortTyVec>
</StgValue>
</bind>
</comp>

<comp id="100" class="1000" name="localC_46">
<pin_list>
<pin id="101" dir="1" index="0" bw="1" slack="0"/>
</pin_list>
<bind>
<StgValue><ssdm name="localC_46"/><MemPortTyVec>1 3 </MemPortTyVec>
</StgValue>
</bind>
</comp>

<comp id="102" class="1000" name="localC_47">
<pin_list>
<pin id="103" dir="1" index="0" bw="1" slack="0"/>
</pin_list>
<bind>
<StgValue><ssdm name="localC_47"/><MemPortTyVec>1 3 </MemPortTyVec>
</StgValue>
</bind>
</comp>

<comp id="104" class="1000" name="localC_48">
<pin_list>
<pin id="105" dir="1" index="0" bw="1" slack="0"/>
</pin_list>
<bind>
<StgValue><ssdm name="localC_48"/><MemPortTyVec>1 3 </MemPortTyVec>
</StgValue>
</bind>
</comp>

<comp id="106" class="1000" name="localC_49">
<pin_list>
<pin id="107" dir="1" index="0" bw="1" slack="0"/>
</pin_list>
<bind>
<StgValue><ssdm name="localC_49"/><MemPortTyVec>1 3 </MemPortTyVec>
</StgValue>
</bind>
</comp>

<comp id="108" class="1000" name="localC_50">
<pin_list>
<pin id="109" dir="1" index="0" bw="1" slack="0"/>
</pin_list>
<bind>
<StgValue><ssdm name="localC_50"/><MemPortTyVec>1 3 </MemPortTyVec>
</StgValue>
</bind>
</comp>

<comp id="110" class="1000" name="localC_51">
<pin_list>
<pin id="111" dir="1" index="0" bw="1" slack="0"/>
</pin_list>
<bind>
<StgValue><ssdm name="localC_51"/><MemPortTyVec>1 3 </MemPortTyVec>
</StgValue>
</bind>
</comp>

<comp id="112" class="1000" name="localC_52">
<pin_list>
<pin id="113" dir="1" index="0" bw="1" slack="0"/>
</pin_list>
<bind>
<StgValue><ssdm name="localC_52"/><MemPortTyVec>1 3 </MemPortTyVec>
</StgValue>
</bind>
</comp>

<comp id="114" class="1000" name="localC_53">
<pin_list>
<pin id="115" dir="1" index="0" bw="1" slack="0"/>
</pin_list>
<bind>
<StgValue><ssdm name="localC_53"/><MemPortTyVec>1 3 </MemPortTyVec>
</StgValue>
</bind>
</comp>

<comp id="116" class="1000" name="localC_54">
<pin_list>
<pin id="117" dir="1" index="0" bw="1" slack="0"/>
</pin_list>
<bind>
<StgValue><ssdm name="localC_54"/><MemPortTyVec>1 3 </MemPortTyVec>
</StgValue>
</bind>
</comp>

<comp id="118" class="1000" name="localC_55">
<pin_list>
<pin id="119" dir="1" index="0" bw="1" slack="0"/>
</pin_list>
<bind>
<StgValue><ssdm name="localC_55"/><MemPortTyVec>1 3 </MemPortTyVec>
</StgValue>
</bind>
</comp>

<comp id="120" class="1000" name="localC_56">
<pin_list>
<pin id="121" dir="1" index="0" bw="1" slack="0"/>
</pin_list>
<bind>
<StgValue><ssdm name="localC_56"/><MemPortTyVec>1 3 </MemPortTyVec>
</StgValue>
</bind>
</comp>

<comp id="122" class="1000" name="localC_57">
<pin_list>
<pin id="123" dir="1" index="0" bw="1" slack="0"/>
</pin_list>
<bind>
<StgValue><ssdm name="localC_57"/><MemPortTyVec>1 3 </MemPortTyVec>
</StgValue>
</bind>
</comp>

<comp id="124" class="1000" name="localC_58">
<pin_list>
<pin id="125" dir="1" index="0" bw="1" slack="0"/>
</pin_list>
<bind>
<StgValue><ssdm name="localC_58"/><MemPortTyVec>1 3 </MemPortTyVec>
</StgValue>
</bind>
</comp>

<comp id="126" class="1000" name="localC_59">
<pin_list>
<pin id="127" dir="1" index="0" bw="1" slack="0"/>
</pin_list>
<bind>
<StgValue><ssdm name="localC_59"/><MemPortTyVec>1 3 </MemPortTyVec>
</StgValue>
</bind>
</comp>

<comp id="128" class="1000" name="localC_60">
<pin_list>
<pin id="129" dir="1" index="0" bw="1" slack="0"/>
</pin_list>
<bind>
<StgValue><ssdm name="localC_60"/><MemPortTyVec>1 3 </MemPortTyVec>
</StgValue>
</bind>
</comp>

<comp id="130" class="1000" name="localC_61">
<pin_list>
<pin id="131" dir="1" index="0" bw="1" slack="0"/>
</pin_list>
<bind>
<StgValue><ssdm name="localC_61"/><MemPortTyVec>1 3 </MemPortTyVec>
</StgValue>
</bind>
</comp>

<comp id="132" class="1000" name="localC_62">
<pin_list>
<pin id="133" dir="1" index="0" bw="1" slack="0"/>
</pin_list>
<bind>
<StgValue><ssdm name="localC_62"/><MemPortTyVec>1 3 </MemPortTyVec>
</StgValue>
</bind>
</comp>

<comp id="134" class="1000" name="localC_63">
<pin_list>
<pin id="135" dir="1" index="0" bw="1" slack="0"/>
</pin_list>
<bind>
<StgValue><ssdm name="localC_63"/><MemPortTyVec>1 3 </MemPortTyVec>
</StgValue>
</bind>
</comp>

<comp id="136" class="1001" name="const_136">
<pin_list>
<pin id="137" dir="1" index="0" bw="1" slack="0"/>
</pin_list>
<bind>
<StgValue><ssdm name=""/></StgValue>
</bind>
</comp>

<comp id="138" class="1001" name="const_138">
<pin_list>
<pin id="139" dir="1" index="0" bw="1" slack="0"/>
</pin_list>
<bind>
<StgValue><ssdm name="_ssdm_op_Read.ap_auto.i32"/></StgValue>
</bind>
</comp>

<comp id="140" class="1001" name="const_140">
<pin_list>
<pin id="141" dir="1" index="0" bw="1" slack="0"/>
</pin_list>
<bind>
<StgValue><ssdm name="_ssdm_op_Read.ap_auto.i63"/></StgValue>
</bind>
</comp>

<comp id="142" class="1001" name="const_142">
<pin_list>
<pin id="143" dir="1" index="0" bw="1" slack="2147483647"/>
</pin_list>
<bind>
<StgValue><ssdm name="_ssdm_op_SpecInterface"/></StgValue>
</bind>
</comp>

<comp id="144" class="1001" name="const_144">
<pin_list>
<pin id="145" dir="1" index="0" bw="1" slack="2147483647"/>
</pin_list>
<bind>
<StgValue><ssdm name="empty_3"/></StgValue>
</bind>
</comp>

<comp id="146" class="1001" name="const_146">
<pin_list>
<pin id="147" dir="1" index="0" bw="1" slack="0"/>
</pin_list>
<bind>
<StgValue><ssdm name=""/></StgValue>
</bind>
</comp>

<comp id="148" class="1001" name="const_148">
<pin_list>
<pin id="149" dir="1" index="0" bw="1" slack="2147483647"/>
</pin_list>
<bind>
<StgValue><ssdm name="empty_4"/></StgValue>
</bind>
</comp>

<comp id="150" class="1001" name="const_150">
<pin_list>
<pin id="151" dir="1" index="0" bw="1" slack="2147483647"/>
</pin_list>
<bind>
<StgValue><ssdm name="empty_7"/></StgValue>
</bind>
</comp>

<comp id="152" class="1001" name="const_152">
<pin_list>
<pin id="153" dir="1" index="0" bw="1" slack="2147483647"/>
</pin_list>
<bind>
<StgValue><ssdm name="empty_11"/></StgValue>
</bind>
</comp>

<comp id="154" class="1001" name="const_154">
<pin_list>
<pin id="155" dir="1" index="0" bw="1" slack="2147483647"/>
</pin_list>
<bind>
<StgValue><ssdm name=""/></StgValue>
</bind>
</comp>

<comp id="156" class="1001" name="const_156">
<pin_list>
<pin id="157" dir="1" index="0" bw="1" slack="2147483647"/>
</pin_list>
<bind>
<StgValue><ssdm name=""/></StgValue>
</bind>
</comp>

<comp id="158" class="1001" name="const_158">
<pin_list>
<pin id="159" dir="1" index="0" bw="1" slack="0"/>
</pin_list>
<bind>
<StgValue><ssdm name=""/></StgValue>
</bind>
</comp>

<comp id="160" class="1001" name="const_160">
<pin_list>
<pin id="161" dir="1" index="0" bw="1" slack="2147483647"/>
</pin_list>
<bind>
<StgValue><ssdm name="_ssdm_op_SpecBitsMap"/></StgValue>
</bind>
</comp>

<comp id="162" class="1001" name="const_162">
<pin_list>
<pin id="163" dir="1" index="0" bw="1" slack="0"/>
</pin_list>
<bind>
<StgValue><ssdm name=""/></StgValue>
</bind>
</comp>

<comp id="164" class="1001" name="const_164">
<pin_list>
<pin id="165" dir="1" index="0" bw="1" slack="0"/>
</pin_list>
<bind>
<StgValue><ssdm name="_ssdm_op_PartSelect.i2.i32.i32.i32"/></StgValue>
</bind>
</comp>

<comp id="166" class="1001" name="const_166">
<pin_list>
<pin id="167" dir="1" index="0" bw="1" slack="0"/>
</pin_list>
<bind>
<StgValue><ssdm name=""/></StgValue>
</bind>
</comp>

<comp id="168" class="1001" name="const_168">
<pin_list>
<pin id="169" dir="1" index="0" bw="1" slack="0"/>
</pin_list>
<bind>
<StgValue><ssdm name=""/></StgValue>
</bind>
</comp>

<comp id="170" class="1001" name="const_170">
<pin_list>
<pin id="171" dir="1" index="0" bw="1" slack="0"/>
</pin_list>
<bind>
<StgValue><ssdm name="_ssdm_op_BitConcatenate.i4.i2.i2"/></StgValue>
</bind>
</comp>

<comp id="172" class="1001" name="const_172">
<pin_list>
<pin id="173" dir="1" index="0" bw="1" slack="0"/>
</pin_list>
<bind>
<StgValue><ssdm name=""/></StgValue>
</bind>
</comp>

<comp id="174" class="1001" name="const_174">
<pin_list>
<pin id="175" dir="1" index="0" bw="1" slack="0"/>
</pin_list>
<bind>
<StgValue><ssdm name="_ssdm_op_PartSelect.i4.i32.i32.i32"/></StgValue>
</bind>
</comp>

<comp id="176" class="1001" name="const_176">
<pin_list>
<pin id="177" dir="1" index="0" bw="1" slack="0"/>
</pin_list>
<bind>
<StgValue><ssdm name=""/></StgValue>
</bind>
</comp>

<comp id="178" class="1001" name="const_178">
<pin_list>
<pin id="179" dir="1" index="0" bw="1" slack="0"/>
</pin_list>
<bind>
<StgValue><ssdm name=""/></StgValue>
</bind>
</comp>

<comp id="180" class="1001" name="const_180">
<pin_list>
<pin id="181" dir="1" index="0" bw="1" slack="0"/>
</pin_list>
<bind>
<StgValue><ssdm name="_ssdm_op_SparseMux.ap_auto.8i16.i16.i3"/></StgValue>
</bind>
</comp>

<comp id="182" class="1001" name="const_182">
<pin_list>
<pin id="183" dir="1" index="0" bw="1" slack="0"/>
</pin_list>
<bind>
<StgValue><ssdm name=""/></StgValue>
</bind>
</comp>

<comp id="184" class="1001" name="const_184">
<pin_list>
<pin id="185" dir="1" index="0" bw="1" slack="0"/>
</pin_list>
<bind>
<StgValue><ssdm name=""/></StgValue>
</bind>
</comp>

<comp id="186" class="1001" name="const_186">
<pin_list>
<pin id="187" dir="1" index="0" bw="1" slack="0"/>
</pin_list>
<bind>
<StgValue><ssdm name=""/></StgValue>
</bind>
</comp>

<comp id="188" class="1001" name="const_188">
<pin_list>
<pin id="189" dir="1" index="0" bw="1" slack="0"/>
</pin_list>
<bind>
<StgValue><ssdm name=""/></StgValue>
</bind>
</comp>

<comp id="190" class="1001" name="const_190">
<pin_list>
<pin id="191" dir="1" index="0" bw="1" slack="0"/>
</pin_list>
<bind>
<StgValue><ssdm name=""/></StgValue>
</bind>
</comp>

<comp id="192" class="1001" name="const_192">
<pin_list>
<pin id="193" dir="1" index="0" bw="1" slack="0"/>
</pin_list>
<bind>
<StgValue><ssdm name=""/></StgValue>
</bind>
</comp>

<comp id="194" class="1001" name="const_194">
<pin_list>
<pin id="195" dir="1" index="0" bw="1" slack="0"/>
</pin_list>
<bind>
<StgValue><ssdm name=""/></StgValue>
</bind>
</comp>

<comp id="196" class="1001" name="const_196">
<pin_list>
<pin id="197" dir="1" index="0" bw="1" slack="0"/>
</pin_list>
<bind>
<StgValue><ssdm name=""/></StgValue>
</bind>
</comp>

<comp id="198" class="1001" name="const_198">
<pin_list>
<pin id="199" dir="1" index="0" bw="1" slack="0"/>
</pin_list>
<bind>
<StgValue><ssdm name=""/></StgValue>
</bind>
</comp>

<comp id="200" class="1001" name="const_200">
<pin_list>
<pin id="201" dir="1" index="0" bw="1" slack="2147483647"/>
</pin_list>
<bind>
<StgValue><ssdm name="_ssdm_op_SpecPipeline"/></StgValue>
</bind>
</comp>

<comp id="202" class="1001" name="const_202">
<pin_list>
<pin id="203" dir="1" index="0" bw="1" slack="2147483647"/>
</pin_list>
<bind>
<StgValue><ssdm name="_ssdm_op_SpecLoopTripCount"/></StgValue>
</bind>
</comp>

<comp id="204" class="1001" name="const_204">
<pin_list>
<pin id="205" dir="1" index="0" bw="1" slack="2147483647"/>
</pin_list>
<bind>
<StgValue><ssdm name=""/></StgValue>
</bind>
</comp>

<comp id="206" class="1001" name="const_206">
<pin_list>
<pin id="207" dir="1" index="0" bw="1" slack="2147483647"/>
</pin_list>
<bind>
<StgValue><ssdm name="_ssdm_op_SpecLoopName"/></StgValue>
</bind>
</comp>

<comp id="208" class="1001" name="const_208">
<pin_list>
<pin id="209" dir="1" index="0" bw="1" slack="2147483647"/>
</pin_list>
<bind>
<StgValue><ssdm name="empty_14"/></StgValue>
</bind>
</comp>

<comp id="210" class="1001" name="const_210">
<pin_list>
<pin id="211" dir="1" index="0" bw="1" slack="0"/>
</pin_list>
<bind>
<StgValue><ssdm name="_ssdm_op_Write.m_axi.p1i16"/></StgValue>
</bind>
</comp>

<comp id="212" class="1001" name="const_212">
<pin_list>
<pin id="213" dir="1" index="0" bw="1" slack="0"/>
</pin_list>
<bind>
<StgValue><ssdm name=""/></StgValue>
</bind>
</comp>

<comp id="214" class="1004" name="i_fu_214">
<pin_list>
<pin id="215" dir="0" index="0" bw="1" slack="0"/>
<pin id="216" dir="1" index="1" bw="32" slack="0"/>
</pin_list>
<bind>
<opcode="alloca(26) " fcode="alloca"/>
<opset="i/1 "/>
</bind>
</comp>

<comp id="218" class="1004" name="j_fu_218">
<pin_list>
<pin id="219" dir="0" index="0" bw="1" slack="0"/>
<pin id="220" dir="1" index="1" bw="32" slack="0"/>
</pin_list>
<bind>
<opcode="alloca(26) " fcode="alloca"/>
<opset="j/1 "/>
</bind>
</comp>

<comp id="222" class="1004" name="loc_2_fu_222">
<pin_list>
<pin id="223" dir="0" index="0" bw="1" slack="0"/>
<pin id="224" dir="1" index="1" bw="31" slack="0"/>
</pin_list>
<bind>
<opcode="alloca(26) " fcode="alloca"/>
<opset="loc_2/1 "/>
</bind>
</comp>

<comp id="226" class="1004" name="b_col_read_read_fu_226">
<pin_list>
<pin id="227" dir="0" index="0" bw="32" slack="0"/>
<pin id="228" dir="0" index="1" bw="32" slack="0"/>
<pin id="229" dir="1" index="2" bw="32" slack="1"/>
</pin_list>
<bind>
<opcode="read(1150) " fcode="read"/>
<opset="b_col_read/1 "/>
</bind>
</comp>

<comp id="232" class="1004" name="sext_ln208_read_read_fu_232">
<pin_list>
<pin id="233" dir="0" index="0" bw="63" slack="0"/>
<pin id="234" dir="0" index="1" bw="63" slack="0"/>
<pin id="235" dir="1" index="2" bw="63" slack="0"/>
</pin_list>
<bind>
<opcode="read(1150) " fcode="read"/>
<opset="sext_ln208_read/1 "/>
</bind>
</comp>

<comp id="238" class="1004" name="mul65_read_read_fu_238">
<pin_list>
<pin id="239" dir="0" index="0" bw="32" slack="0"/>
<pin id="240" dir="0" index="1" bw="32" slack="0"/>
<pin id="241" dir="1" index="2" bw="32" slack="1"/>
</pin_list>
<bind>
<opcode="read(1150) " fcode="read"/>
<opset="mul65_read/1 "/>
</bind>
</comp>

<comp id="244" class="1004" name="write_ln214_write_fu_244">
<pin_list>
<pin id="245" dir="0" index="0" bw="0" slack="0"/>
<pin id="246" dir="0" index="1" bw="16" slack="3"/>
<pin id="247" dir="0" index="2" bw="16" slack="1"/>
<pin id="248" dir="0" index="3" bw="1" slack="0"/>
<pin id="249" dir="1" index="4" bw="0" slack="2147483647"/>
</pin_list>
<bind>
<opcode="write(1151) " fcode="write"/>
<opset="write_ln214/5 "/>
</bind>
</comp>

<comp id="252" class="1004" name="localC_addr_gep_fu_252">
<pin_list>
<pin id="253" dir="0" index="0" bw="16" slack="0"/>
<pin id="254" dir="0" index="1" bw="1" slack="0"/>
<pin id="255" dir="0" index="2" bw="4" slack="0"/>
<pin id="256" dir="1" index="3" bw="4" slack="0"/>
</pin_list>
<bind>
<opcode="getelementptr(29) " fcode="getelementptr"/>
<opset="localC_addr/3 "/>
</bind>
</comp>

<comp id="259" class="1004" name="localC_1_addr_gep_fu_259">
<pin_list>
<pin id="260" dir="0" index="0" bw="16" slack="0"/>
<pin id="261" dir="0" index="1" bw="1" slack="0"/>
<pin id="262" dir="0" index="2" bw="4" slack="0"/>
<pin id="263" dir="1" index="3" bw="4" slack="0"/>
</pin_list>
<bind>
<opcode="getelementptr(29) " fcode="getelementptr"/>
<opset="localC_1_addr/3 "/>
</bind>
</comp>

<comp id="266" class="1004" name="localC_2_addr_gep_fu_266">
<pin_list>
<pin id="267" dir="0" index="0" bw="16" slack="0"/>
<pin id="268" dir="0" index="1" bw="1" slack="0"/>
<pin id="269" dir="0" index="2" bw="4" slack="0"/>
<pin id="270" dir="1" index="3" bw="4" slack="0"/>
</pin_list>
<bind>
<opcode="getelementptr(29) " fcode="getelementptr"/>
<opset="localC_2_addr/3 "/>
</bind>
</comp>

<comp id="273" class="1004" name="localC_3_addr_gep_fu_273">
<pin_list>
<pin id="274" dir="0" index="0" bw="16" slack="0"/>
<pin id="275" dir="0" index="1" bw="1" slack="0"/>
<pin id="276" dir="0" index="2" bw="4" slack="0"/>
<pin id="277" dir="1" index="3" bw="4" slack="0"/>
</pin_list>
<bind>
<opcode="getelementptr(29) " fcode="getelementptr"/>
<opset="localC_3_addr/3 "/>
</bind>
</comp>

<comp id="280" class="1004" name="localC_4_addr_gep_fu_280">
<pin_list>
<pin id="281" dir="0" index="0" bw="16" slack="0"/>
<pin id="282" dir="0" index="1" bw="1" slack="0"/>
<pin id="283" dir="0" index="2" bw="4" slack="0"/>
<pin id="284" dir="1" index="3" bw="4" slack="0"/>
</pin_list>
<bind>
<opcode="getelementptr(29) " fcode="getelementptr"/>
<opset="localC_4_addr/3 "/>
</bind>
</comp>

<comp id="287" class="1004" name="localC_5_addr_gep_fu_287">
<pin_list>
<pin id="288" dir="0" index="0" bw="16" slack="0"/>
<pin id="289" dir="0" index="1" bw="1" slack="0"/>
<pin id="290" dir="0" index="2" bw="4" slack="0"/>
<pin id="291" dir="1" index="3" bw="4" slack="0"/>
</pin_list>
<bind>
<opcode="getelementptr(29) " fcode="getelementptr"/>
<opset="localC_5_addr/3 "/>
</bind>
</comp>

<comp id="294" class="1004" name="localC_6_addr_gep_fu_294">
<pin_list>
<pin id="295" dir="0" index="0" bw="16" slack="0"/>
<pin id="296" dir="0" index="1" bw="1" slack="0"/>
<pin id="297" dir="0" index="2" bw="4" slack="0"/>
<pin id="298" dir="1" index="3" bw="4" slack="0"/>
</pin_list>
<bind>
<opcode="getelementptr(29) " fcode="getelementptr"/>
<opset="localC_6_addr/3 "/>
</bind>
</comp>

<comp id="301" class="1004" name="localC_7_addr_gep_fu_301">
<pin_list>
<pin id="302" dir="0" index="0" bw="16" slack="0"/>
<pin id="303" dir="0" index="1" bw="1" slack="0"/>
<pin id="304" dir="0" index="2" bw="4" slack="0"/>
<pin id="305" dir="1" index="3" bw="4" slack="0"/>
</pin_list>
<bind>
<opcode="getelementptr(29) " fcode="getelementptr"/>
<opset="localC_7_addr/3 "/>
</bind>
</comp>

<comp id="308" class="1004" name="localC_8_addr_gep_fu_308">
<pin_list>
<pin id="309" dir="0" index="0" bw="16" slack="0"/>
<pin id="310" dir="0" index="1" bw="1" slack="0"/>
<pin id="311" dir="0" index="2" bw="4" slack="0"/>
<pin id="312" dir="1" index="3" bw="4" slack="0"/>
</pin_list>
<bind>
<opcode="getelementptr(29) " fcode="getelementptr"/>
<opset="localC_8_addr/3 "/>
</bind>
</comp>

<comp id="315" class="1004" name="localC_9_addr_gep_fu_315">
<pin_list>
<pin id="316" dir="0" index="0" bw="16" slack="0"/>
<pin id="317" dir="0" index="1" bw="1" slack="0"/>
<pin id="318" dir="0" index="2" bw="4" slack="0"/>
<pin id="319" dir="1" index="3" bw="4" slack="0"/>
</pin_list>
<bind>
<opcode="getelementptr(29) " fcode="getelementptr"/>
<opset="localC_9_addr/3 "/>
</bind>
</comp>

<comp id="322" class="1004" name="localC_10_addr_gep_fu_322">
<pin_list>
<pin id="323" dir="0" index="0" bw="16" slack="0"/>
<pin id="324" dir="0" index="1" bw="1" slack="0"/>
<pin id="325" dir="0" index="2" bw="4" slack="0"/>
<pin id="326" dir="1" index="3" bw="4" slack="0"/>
</pin_list>
<bind>
<opcode="getelementptr(29) " fcode="getelementptr"/>
<opset="localC_10_addr/3 "/>
</bind>
</comp>

<comp id="329" class="1004" name="localC_11_addr_gep_fu_329">
<pin_list>
<pin id="330" dir="0" index="0" bw="16" slack="0"/>
<pin id="331" dir="0" index="1" bw="1" slack="0"/>
<pin id="332" dir="0" index="2" bw="4" slack="0"/>
<pin id="333" dir="1" index="3" bw="4" slack="0"/>
</pin_list>
<bind>
<opcode="getelementptr(29) " fcode="getelementptr"/>
<opset="localC_11_addr/3 "/>
</bind>
</comp>

<comp id="336" class="1004" name="localC_12_addr_gep_fu_336">
<pin_list>
<pin id="337" dir="0" index="0" bw="16" slack="0"/>
<pin id="338" dir="0" index="1" bw="1" slack="0"/>
<pin id="339" dir="0" index="2" bw="4" slack="0"/>
<pin id="340" dir="1" index="3" bw="4" slack="0"/>
</pin_list>
<bind>
<opcode="getelementptr(29) " fcode="getelementptr"/>
<opset="localC_12_addr/3 "/>
</bind>
</comp>

<comp id="343" class="1004" name="localC_13_addr_gep_fu_343">
<pin_list>
<pin id="344" dir="0" index="0" bw="16" slack="0"/>
<pin id="345" dir="0" index="1" bw="1" slack="0"/>
<pin id="346" dir="0" index="2" bw="4" slack="0"/>
<pin id="347" dir="1" index="3" bw="4" slack="0"/>
</pin_list>
<bind>
<opcode="getelementptr(29) " fcode="getelementptr"/>
<opset="localC_13_addr/3 "/>
</bind>
</comp>

<comp id="350" class="1004" name="localC_14_addr_gep_fu_350">
<pin_list>
<pin id="351" dir="0" index="0" bw="16" slack="0"/>
<pin id="352" dir="0" index="1" bw="1" slack="0"/>
<pin id="353" dir="0" index="2" bw="4" slack="0"/>
<pin id="354" dir="1" index="3" bw="4" slack="0"/>
</pin_list>
<bind>
<opcode="getelementptr(29) " fcode="getelementptr"/>
<opset="localC_14_addr/3 "/>
</bind>
</comp>

<comp id="357" class="1004" name="localC_15_addr_gep_fu_357">
<pin_list>
<pin id="358" dir="0" index="0" bw="16" slack="0"/>
<pin id="359" dir="0" index="1" bw="1" slack="0"/>
<pin id="360" dir="0" index="2" bw="4" slack="0"/>
<pin id="361" dir="1" index="3" bw="4" slack="0"/>
</pin_list>
<bind>
<opcode="getelementptr(29) " fcode="getelementptr"/>
<opset="localC_15_addr/3 "/>
</bind>
</comp>

<comp id="364" class="1004" name="localC_16_addr_gep_fu_364">
<pin_list>
<pin id="365" dir="0" index="0" bw="16" slack="0"/>
<pin id="366" dir="0" index="1" bw="1" slack="0"/>
<pin id="367" dir="0" index="2" bw="4" slack="0"/>
<pin id="368" dir="1" index="3" bw="4" slack="0"/>
</pin_list>
<bind>
<opcode="getelementptr(29) " fcode="getelementptr"/>
<opset="localC_16_addr/3 "/>
</bind>
</comp>

<comp id="371" class="1004" name="localC_17_addr_gep_fu_371">
<pin_list>
<pin id="372" dir="0" index="0" bw="16" slack="0"/>
<pin id="373" dir="0" index="1" bw="1" slack="0"/>
<pin id="374" dir="0" index="2" bw="4" slack="0"/>
<pin id="375" dir="1" index="3" bw="4" slack="0"/>
</pin_list>
<bind>
<opcode="getelementptr(29) " fcode="getelementptr"/>
<opset="localC_17_addr/3 "/>
</bind>
</comp>

<comp id="378" class="1004" name="localC_18_addr_gep_fu_378">
<pin_list>
<pin id="379" dir="0" index="0" bw="16" slack="0"/>
<pin id="380" dir="0" index="1" bw="1" slack="0"/>
<pin id="381" dir="0" index="2" bw="4" slack="0"/>
<pin id="382" dir="1" index="3" bw="4" slack="0"/>
</pin_list>
<bind>
<opcode="getelementptr(29) " fcode="getelementptr"/>
<opset="localC_18_addr/3 "/>
</bind>
</comp>

<comp id="385" class="1004" name="localC_19_addr_gep_fu_385">
<pin_list>
<pin id="386" dir="0" index="0" bw="16" slack="0"/>
<pin id="387" dir="0" index="1" bw="1" slack="0"/>
<pin id="388" dir="0" index="2" bw="4" slack="0"/>
<pin id="389" dir="1" index="3" bw="4" slack="0"/>
</pin_list>
<bind>
<opcode="getelementptr(29) " fcode="getelementptr"/>
<opset="localC_19_addr/3 "/>
</bind>
</comp>

<comp id="392" class="1004" name="localC_20_addr_gep_fu_392">
<pin_list>
<pin id="393" dir="0" index="0" bw="16" slack="0"/>
<pin id="394" dir="0" index="1" bw="1" slack="0"/>
<pin id="395" dir="0" index="2" bw="4" slack="0"/>
<pin id="396" dir="1" index="3" bw="4" slack="0"/>
</pin_list>
<bind>
<opcode="getelementptr(29) " fcode="getelementptr"/>
<opset="localC_20_addr/3 "/>
</bind>
</comp>

<comp id="399" class="1004" name="localC_21_addr_gep_fu_399">
<pin_list>
<pin id="400" dir="0" index="0" bw="16" slack="0"/>
<pin id="401" dir="0" index="1" bw="1" slack="0"/>
<pin id="402" dir="0" index="2" bw="4" slack="0"/>
<pin id="403" dir="1" index="3" bw="4" slack="0"/>
</pin_list>
<bind>
<opcode="getelementptr(29) " fcode="getelementptr"/>
<opset="localC_21_addr/3 "/>
</bind>
</comp>

<comp id="406" class="1004" name="localC_22_addr_gep_fu_406">
<pin_list>
<pin id="407" dir="0" index="0" bw="16" slack="0"/>
<pin id="408" dir="0" index="1" bw="1" slack="0"/>
<pin id="409" dir="0" index="2" bw="4" slack="0"/>
<pin id="410" dir="1" index="3" bw="4" slack="0"/>
</pin_list>
<bind>
<opcode="getelementptr(29) " fcode="getelementptr"/>
<opset="localC_22_addr/3 "/>
</bind>
</comp>

<comp id="413" class="1004" name="localC_23_addr_gep_fu_413">
<pin_list>
<pin id="414" dir="0" index="0" bw="16" slack="0"/>
<pin id="415" dir="0" index="1" bw="1" slack="0"/>
<pin id="416" dir="0" index="2" bw="4" slack="0"/>
<pin id="417" dir="1" index="3" bw="4" slack="0"/>
</pin_list>
<bind>
<opcode="getelementptr(29) " fcode="getelementptr"/>
<opset="localC_23_addr/3 "/>
</bind>
</comp>

<comp id="420" class="1004" name="localC_24_addr_gep_fu_420">
<pin_list>
<pin id="421" dir="0" index="0" bw="16" slack="0"/>
<pin id="422" dir="0" index="1" bw="1" slack="0"/>
<pin id="423" dir="0" index="2" bw="4" slack="0"/>
<pin id="424" dir="1" index="3" bw="4" slack="0"/>
</pin_list>
<bind>
<opcode="getelementptr(29) " fcode="getelementptr"/>
<opset="localC_24_addr/3 "/>
</bind>
</comp>

<comp id="427" class="1004" name="localC_25_addr_gep_fu_427">
<pin_list>
<pin id="428" dir="0" index="0" bw="16" slack="0"/>
<pin id="429" dir="0" index="1" bw="1" slack="0"/>
<pin id="430" dir="0" index="2" bw="4" slack="0"/>
<pin id="431" dir="1" index="3" bw="4" slack="0"/>
</pin_list>
<bind>
<opcode="getelementptr(29) " fcode="getelementptr"/>
<opset="localC_25_addr/3 "/>
</bind>
</comp>

<comp id="434" class="1004" name="localC_26_addr_gep_fu_434">
<pin_list>
<pin id="435" dir="0" index="0" bw="16" slack="0"/>
<pin id="436" dir="0" index="1" bw="1" slack="0"/>
<pin id="437" dir="0" index="2" bw="4" slack="0"/>
<pin id="438" dir="1" index="3" bw="4" slack="0"/>
</pin_list>
<bind>
<opcode="getelementptr(29) " fcode="getelementptr"/>
<opset="localC_26_addr/3 "/>
</bind>
</comp>

<comp id="441" class="1004" name="localC_27_addr_gep_fu_441">
<pin_list>
<pin id="442" dir="0" index="0" bw="16" slack="0"/>
<pin id="443" dir="0" index="1" bw="1" slack="0"/>
<pin id="444" dir="0" index="2" bw="4" slack="0"/>
<pin id="445" dir="1" index="3" bw="4" slack="0"/>
</pin_list>
<bind>
<opcode="getelementptr(29) " fcode="getelementptr"/>
<opset="localC_27_addr/3 "/>
</bind>
</comp>

<comp id="448" class="1004" name="localC_28_addr_gep_fu_448">
<pin_list>
<pin id="449" dir="0" index="0" bw="16" slack="0"/>
<pin id="450" dir="0" index="1" bw="1" slack="0"/>
<pin id="451" dir="0" index="2" bw="4" slack="0"/>
<pin id="452" dir="1" index="3" bw="4" slack="0"/>
</pin_list>
<bind>
<opcode="getelementptr(29) " fcode="getelementptr"/>
<opset="localC_28_addr/3 "/>
</bind>
</comp>

<comp id="455" class="1004" name="localC_29_addr_gep_fu_455">
<pin_list>
<pin id="456" dir="0" index="0" bw="16" slack="0"/>
<pin id="457" dir="0" index="1" bw="1" slack="0"/>
<pin id="458" dir="0" index="2" bw="4" slack="0"/>
<pin id="459" dir="1" index="3" bw="4" slack="0"/>
</pin_list>
<bind>
<opcode="getelementptr(29) " fcode="getelementptr"/>
<opset="localC_29_addr/3 "/>
</bind>
</comp>

<comp id="462" class="1004" name="localC_30_addr_gep_fu_462">
<pin_list>
<pin id="463" dir="0" index="0" bw="16" slack="0"/>
<pin id="464" dir="0" index="1" bw="1" slack="0"/>
<pin id="465" dir="0" index="2" bw="4" slack="0"/>
<pin id="466" dir="1" index="3" bw="4" slack="0"/>
</pin_list>
<bind>
<opcode="getelementptr(29) " fcode="getelementptr"/>
<opset="localC_30_addr/3 "/>
</bind>
</comp>

<comp id="469" class="1004" name="localC_31_addr_gep_fu_469">
<pin_list>
<pin id="470" dir="0" index="0" bw="16" slack="0"/>
<pin id="471" dir="0" index="1" bw="1" slack="0"/>
<pin id="472" dir="0" index="2" bw="4" slack="0"/>
<pin id="473" dir="1" index="3" bw="4" slack="0"/>
</pin_list>
<bind>
<opcode="getelementptr(29) " fcode="getelementptr"/>
<opset="localC_31_addr/3 "/>
</bind>
</comp>

<comp id="476" class="1004" name="localC_32_addr_gep_fu_476">
<pin_list>
<pin id="477" dir="0" index="0" bw="16" slack="0"/>
<pin id="478" dir="0" index="1" bw="1" slack="0"/>
<pin id="479" dir="0" index="2" bw="4" slack="0"/>
<pin id="480" dir="1" index="3" bw="4" slack="0"/>
</pin_list>
<bind>
<opcode="getelementptr(29) " fcode="getelementptr"/>
<opset="localC_32_addr/3 "/>
</bind>
</comp>

<comp id="483" class="1004" name="localC_33_addr_gep_fu_483">
<pin_list>
<pin id="484" dir="0" index="0" bw="16" slack="0"/>
<pin id="485" dir="0" index="1" bw="1" slack="0"/>
<pin id="486" dir="0" index="2" bw="4" slack="0"/>
<pin id="487" dir="1" index="3" bw="4" slack="0"/>
</pin_list>
<bind>
<opcode="getelementptr(29) " fcode="getelementptr"/>
<opset="localC_33_addr/3 "/>
</bind>
</comp>

<comp id="490" class="1004" name="localC_34_addr_gep_fu_490">
<pin_list>
<pin id="491" dir="0" index="0" bw="16" slack="0"/>
<pin id="492" dir="0" index="1" bw="1" slack="0"/>
<pin id="493" dir="0" index="2" bw="4" slack="0"/>
<pin id="494" dir="1" index="3" bw="4" slack="0"/>
</pin_list>
<bind>
<opcode="getelementptr(29) " fcode="getelementptr"/>
<opset="localC_34_addr/3 "/>
</bind>
</comp>

<comp id="497" class="1004" name="localC_35_addr_gep_fu_497">
<pin_list>
<pin id="498" dir="0" index="0" bw="16" slack="0"/>
<pin id="499" dir="0" index="1" bw="1" slack="0"/>
<pin id="500" dir="0" index="2" bw="4" slack="0"/>
<pin id="501" dir="1" index="3" bw="4" slack="0"/>
</pin_list>
<bind>
<opcode="getelementptr(29) " fcode="getelementptr"/>
<opset="localC_35_addr/3 "/>
</bind>
</comp>

<comp id="504" class="1004" name="localC_36_addr_gep_fu_504">
<pin_list>
<pin id="505" dir="0" index="0" bw="16" slack="0"/>
<pin id="506" dir="0" index="1" bw="1" slack="0"/>
<pin id="507" dir="0" index="2" bw="4" slack="0"/>
<pin id="508" dir="1" index="3" bw="4" slack="0"/>
</pin_list>
<bind>
<opcode="getelementptr(29) " fcode="getelementptr"/>
<opset="localC_36_addr/3 "/>
</bind>
</comp>

<comp id="511" class="1004" name="localC_37_addr_gep_fu_511">
<pin_list>
<pin id="512" dir="0" index="0" bw="16" slack="0"/>
<pin id="513" dir="0" index="1" bw="1" slack="0"/>
<pin id="514" dir="0" index="2" bw="4" slack="0"/>
<pin id="515" dir="1" index="3" bw="4" slack="0"/>
</pin_list>
<bind>
<opcode="getelementptr(29) " fcode="getelementptr"/>
<opset="localC_37_addr/3 "/>
</bind>
</comp>

<comp id="518" class="1004" name="localC_38_addr_gep_fu_518">
<pin_list>
<pin id="519" dir="0" index="0" bw="16" slack="0"/>
<pin id="520" dir="0" index="1" bw="1" slack="0"/>
<pin id="521" dir="0" index="2" bw="4" slack="0"/>
<pin id="522" dir="1" index="3" bw="4" slack="0"/>
</pin_list>
<bind>
<opcode="getelementptr(29) " fcode="getelementptr"/>
<opset="localC_38_addr/3 "/>
</bind>
</comp>

<comp id="525" class="1004" name="localC_39_addr_gep_fu_525">
<pin_list>
<pin id="526" dir="0" index="0" bw="16" slack="0"/>
<pin id="527" dir="0" index="1" bw="1" slack="0"/>
<pin id="528" dir="0" index="2" bw="4" slack="0"/>
<pin id="529" dir="1" index="3" bw="4" slack="0"/>
</pin_list>
<bind>
<opcode="getelementptr(29) " fcode="getelementptr"/>
<opset="localC_39_addr/3 "/>
</bind>
</comp>

<comp id="532" class="1004" name="localC_40_addr_gep_fu_532">
<pin_list>
<pin id="533" dir="0" index="0" bw="16" slack="0"/>
<pin id="534" dir="0" index="1" bw="1" slack="0"/>
<pin id="535" dir="0" index="2" bw="4" slack="0"/>
<pin id="536" dir="1" index="3" bw="4" slack="0"/>
</pin_list>
<bind>
<opcode="getelementptr(29) " fcode="getelementptr"/>
<opset="localC_40_addr/3 "/>
</bind>
</comp>

<comp id="539" class="1004" name="localC_41_addr_gep_fu_539">
<pin_list>
<pin id="540" dir="0" index="0" bw="16" slack="0"/>
<pin id="541" dir="0" index="1" bw="1" slack="0"/>
<pin id="542" dir="0" index="2" bw="4" slack="0"/>
<pin id="543" dir="1" index="3" bw="4" slack="0"/>
</pin_list>
<bind>
<opcode="getelementptr(29) " fcode="getelementptr"/>
<opset="localC_41_addr/3 "/>
</bind>
</comp>

<comp id="546" class="1004" name="localC_42_addr_gep_fu_546">
<pin_list>
<pin id="547" dir="0" index="0" bw="16" slack="0"/>
<pin id="548" dir="0" index="1" bw="1" slack="0"/>
<pin id="549" dir="0" index="2" bw="4" slack="0"/>
<pin id="550" dir="1" index="3" bw="4" slack="0"/>
</pin_list>
<bind>
<opcode="getelementptr(29) " fcode="getelementptr"/>
<opset="localC_42_addr/3 "/>
</bind>
</comp>

<comp id="553" class="1004" name="localC_43_addr_gep_fu_553">
<pin_list>
<pin id="554" dir="0" index="0" bw="16" slack="0"/>
<pin id="555" dir="0" index="1" bw="1" slack="0"/>
<pin id="556" dir="0" index="2" bw="4" slack="0"/>
<pin id="557" dir="1" index="3" bw="4" slack="0"/>
</pin_list>
<bind>
<opcode="getelementptr(29) " fcode="getelementptr"/>
<opset="localC_43_addr/3 "/>
</bind>
</comp>

<comp id="560" class="1004" name="localC_44_addr_gep_fu_560">
<pin_list>
<pin id="561" dir="0" index="0" bw="16" slack="0"/>
<pin id="562" dir="0" index="1" bw="1" slack="0"/>
<pin id="563" dir="0" index="2" bw="4" slack="0"/>
<pin id="564" dir="1" index="3" bw="4" slack="0"/>
</pin_list>
<bind>
<opcode="getelementptr(29) " fcode="getelementptr"/>
<opset="localC_44_addr/3 "/>
</bind>
</comp>

<comp id="567" class="1004" name="localC_45_addr_gep_fu_567">
<pin_list>
<pin id="568" dir="0" index="0" bw="16" slack="0"/>
<pin id="569" dir="0" index="1" bw="1" slack="0"/>
<pin id="570" dir="0" index="2" bw="4" slack="0"/>
<pin id="571" dir="1" index="3" bw="4" slack="0"/>
</pin_list>
<bind>
<opcode="getelementptr(29) " fcode="getelementptr"/>
<opset="localC_45_addr/3 "/>
</bind>
</comp>

<comp id="574" class="1004" name="localC_46_addr_gep_fu_574">
<pin_list>
<pin id="575" dir="0" index="0" bw="16" slack="0"/>
<pin id="576" dir="0" index="1" bw="1" slack="0"/>
<pin id="577" dir="0" index="2" bw="4" slack="0"/>
<pin id="578" dir="1" index="3" bw="4" slack="0"/>
</pin_list>
<bind>
<opcode="getelementptr(29) " fcode="getelementptr"/>
<opset="localC_46_addr/3 "/>
</bind>
</comp>

<comp id="581" class="1004" name="localC_47_addr_gep_fu_581">
<pin_list>
<pin id="582" dir="0" index="0" bw="16" slack="0"/>
<pin id="583" dir="0" index="1" bw="1" slack="0"/>
<pin id="584" dir="0" index="2" bw="4" slack="0"/>
<pin id="585" dir="1" index="3" bw="4" slack="0"/>
</pin_list>
<bind>
<opcode="getelementptr(29) " fcode="getelementptr"/>
<opset="localC_47_addr/3 "/>
</bind>
</comp>

<comp id="588" class="1004" name="localC_48_addr_gep_fu_588">
<pin_list>
<pin id="589" dir="0" index="0" bw="16" slack="0"/>
<pin id="590" dir="0" index="1" bw="1" slack="0"/>
<pin id="591" dir="0" index="2" bw="4" slack="0"/>
<pin id="592" dir="1" index="3" bw="4" slack="0"/>
</pin_list>
<bind>
<opcode="getelementptr(29) " fcode="getelementptr"/>
<opset="localC_48_addr/3 "/>
</bind>
</comp>

<comp id="595" class="1004" name="localC_49_addr_gep_fu_595">
<pin_list>
<pin id="596" dir="0" index="0" bw="16" slack="0"/>
<pin id="597" dir="0" index="1" bw="1" slack="0"/>
<pin id="598" dir="0" index="2" bw="4" slack="0"/>
<pin id="599" dir="1" index="3" bw="4" slack="0"/>
</pin_list>
<bind>
<opcode="getelementptr(29) " fcode="getelementptr"/>
<opset="localC_49_addr/3 "/>
</bind>
</comp>

<comp id="602" class="1004" name="localC_50_addr_gep_fu_602">
<pin_list>
<pin id="603" dir="0" index="0" bw="16" slack="0"/>
<pin id="604" dir="0" index="1" bw="1" slack="0"/>
<pin id="605" dir="0" index="2" bw="4" slack="0"/>
<pin id="606" dir="1" index="3" bw="4" slack="0"/>
</pin_list>
<bind>
<opcode="getelementptr(29) " fcode="getelementptr"/>
<opset="localC_50_addr/3 "/>
</bind>
</comp>

<comp id="609" class="1004" name="localC_51_addr_gep_fu_609">
<pin_list>
<pin id="610" dir="0" index="0" bw="16" slack="0"/>
<pin id="611" dir="0" index="1" bw="1" slack="0"/>
<pin id="612" dir="0" index="2" bw="4" slack="0"/>
<pin id="613" dir="1" index="3" bw="4" slack="0"/>
</pin_list>
<bind>
<opcode="getelementptr(29) " fcode="getelementptr"/>
<opset="localC_51_addr/3 "/>
</bind>
</comp>

<comp id="616" class="1004" name="localC_52_addr_gep_fu_616">
<pin_list>
<pin id="617" dir="0" index="0" bw="16" slack="0"/>
<pin id="618" dir="0" index="1" bw="1" slack="0"/>
<pin id="619" dir="0" index="2" bw="4" slack="0"/>
<pin id="620" dir="1" index="3" bw="4" slack="0"/>
</pin_list>
<bind>
<opcode="getelementptr(29) " fcode="getelementptr"/>
<opset="localC_52_addr/3 "/>
</bind>
</comp>

<comp id="623" class="1004" name="localC_53_addr_gep_fu_623">
<pin_list>
<pin id="624" dir="0" index="0" bw="16" slack="0"/>
<pin id="625" dir="0" index="1" bw="1" slack="0"/>
<pin id="626" dir="0" index="2" bw="4" slack="0"/>
<pin id="627" dir="1" index="3" bw="4" slack="0"/>
</pin_list>
<bind>
<opcode="getelementptr(29) " fcode="getelementptr"/>
<opset="localC_53_addr/3 "/>
</bind>
</comp>

<comp id="630" class="1004" name="localC_54_addr_gep_fu_630">
<pin_list>
<pin id="631" dir="0" index="0" bw="16" slack="0"/>
<pin id="632" dir="0" index="1" bw="1" slack="0"/>
<pin id="633" dir="0" index="2" bw="4" slack="0"/>
<pin id="634" dir="1" index="3" bw="4" slack="0"/>
</pin_list>
<bind>
<opcode="getelementptr(29) " fcode="getelementptr"/>
<opset="localC_54_addr/3 "/>
</bind>
</comp>

<comp id="637" class="1004" name="localC_55_addr_gep_fu_637">
<pin_list>
<pin id="638" dir="0" index="0" bw="16" slack="0"/>
<pin id="639" dir="0" index="1" bw="1" slack="0"/>
<pin id="640" dir="0" index="2" bw="4" slack="0"/>
<pin id="641" dir="1" index="3" bw="4" slack="0"/>
</pin_list>
<bind>
<opcode="getelementptr(29) " fcode="getelementptr"/>
<opset="localC_55_addr/3 "/>
</bind>
</comp>

<comp id="644" class="1004" name="localC_56_addr_gep_fu_644">
<pin_list>
<pin id="645" dir="0" index="0" bw="16" slack="0"/>
<pin id="646" dir="0" index="1" bw="1" slack="0"/>
<pin id="647" dir="0" index="2" bw="4" slack="0"/>
<pin id="648" dir="1" index="3" bw="4" slack="0"/>
</pin_list>
<bind>
<opcode="getelementptr(29) " fcode="getelementptr"/>
<opset="localC_56_addr/3 "/>
</bind>
</comp>

<comp id="651" class="1004" name="localC_57_addr_gep_fu_651">
<pin_list>
<pin id="652" dir="0" index="0" bw="16" slack="0"/>
<pin id="653" dir="0" index="1" bw="1" slack="0"/>
<pin id="654" dir="0" index="2" bw="4" slack="0"/>
<pin id="655" dir="1" index="3" bw="4" slack="0"/>
</pin_list>
<bind>
<opcode="getelementptr(29) " fcode="getelementptr"/>
<opset="localC_57_addr/3 "/>
</bind>
</comp>

<comp id="658" class="1004" name="localC_58_addr_gep_fu_658">
<pin_list>
<pin id="659" dir="0" index="0" bw="16" slack="0"/>
<pin id="660" dir="0" index="1" bw="1" slack="0"/>
<pin id="661" dir="0" index="2" bw="4" slack="0"/>
<pin id="662" dir="1" index="3" bw="4" slack="0"/>
</pin_list>
<bind>
<opcode="getelementptr(29) " fcode="getelementptr"/>
<opset="localC_58_addr/3 "/>
</bind>
</comp>

<comp id="665" class="1004" name="localC_59_addr_gep_fu_665">
<pin_list>
<pin id="666" dir="0" index="0" bw="16" slack="0"/>
<pin id="667" dir="0" index="1" bw="1" slack="0"/>
<pin id="668" dir="0" index="2" bw="4" slack="0"/>
<pin id="669" dir="1" index="3" bw="4" slack="0"/>
</pin_list>
<bind>
<opcode="getelementptr(29) " fcode="getelementptr"/>
<opset="localC_59_addr/3 "/>
</bind>
</comp>

<comp id="672" class="1004" name="localC_60_addr_gep_fu_672">
<pin_list>
<pin id="673" dir="0" index="0" bw="16" slack="0"/>
<pin id="674" dir="0" index="1" bw="1" slack="0"/>
<pin id="675" dir="0" index="2" bw="4" slack="0"/>
<pin id="676" dir="1" index="3" bw="4" slack="0"/>
</pin_list>
<bind>
<opcode="getelementptr(29) " fcode="getelementptr"/>
<opset="localC_60_addr/3 "/>
</bind>
</comp>

<comp id="679" class="1004" name="localC_61_addr_gep_fu_679">
<pin_list>
<pin id="680" dir="0" index="0" bw="16" slack="0"/>
<pin id="681" dir="0" index="1" bw="1" slack="0"/>
<pin id="682" dir="0" index="2" bw="4" slack="0"/>
<pin id="683" dir="1" index="3" bw="4" slack="0"/>
</pin_list>
<bind>
<opcode="getelementptr(29) " fcode="getelementptr"/>
<opset="localC_61_addr/3 "/>
</bind>
</comp>

<comp id="686" class="1004" name="localC_62_addr_gep_fu_686">
<pin_list>
<pin id="687" dir="0" index="0" bw="16" slack="0"/>
<pin id="688" dir="0" index="1" bw="1" slack="0"/>
<pin id="689" dir="0" index="2" bw="4" slack="0"/>
<pin id="690" dir="1" index="3" bw="4" slack="0"/>
</pin_list>
<bind>
<opcode="getelementptr(29) " fcode="getelementptr"/>
<opset="localC_62_addr/3 "/>
</bind>
</comp>

<comp id="693" class="1004" name="localC_63_addr_gep_fu_693">
<pin_list>
<pin id="694" dir="0" index="0" bw="16" slack="0"/>
<pin id="695" dir="0" index="1" bw="1" slack="0"/>
<pin id="696" dir="0" index="2" bw="4" slack="0"/>
<pin id="697" dir="1" index="3" bw="4" slack="0"/>
</pin_list>
<bind>
<opcode="getelementptr(29) " fcode="getelementptr"/>
<opset="localC_63_addr/3 "/>
</bind>
</comp>

<comp id="700" class="1004" name="grp_access_fu_700">
<pin_list>
<pin id="701" dir="0" index="0" bw="4" slack="0"/>
<pin id="702" dir="0" index="1" bw="16" slack="2147483647"/>
<pin id="703" dir="0" index="2" bw="0" slack="2147483647"/>
<pin id="704" dir="1" index="3" bw="16" slack="0"/>
</pin_list>
<bind>
<opcode="load(27) " fcode="load"/>
<opset="localC_load/3 "/>
</bind>
</comp>

<comp id="706" class="1004" name="grp_access_fu_706">
<pin_list>
<pin id="707" dir="0" index="0" bw="4" slack="0"/>
<pin id="708" dir="0" index="1" bw="16" slack="2147483647"/>
<pin id="709" dir="0" index="2" bw="0" slack="2147483647"/>
<pin id="710" dir="1" index="3" bw="16" slack="0"/>
</pin_list>
<bind>
<opcode="load(27) " fcode="load"/>
<opset="localC_1_load/3 "/>
</bind>
</comp>

<comp id="712" class="1004" name="grp_access_fu_712">
<pin_list>
<pin id="713" dir="0" index="0" bw="4" slack="0"/>
<pin id="714" dir="0" index="1" bw="16" slack="2147483647"/>
<pin id="715" dir="0" index="2" bw="0" slack="2147483647"/>
<pin id="716" dir="1" index="3" bw="16" slack="0"/>
</pin_list>
<bind>
<opcode="load(27) " fcode="load"/>
<opset="localC_2_load/3 "/>
</bind>
</comp>

<comp id="718" class="1004" name="grp_access_fu_718">
<pin_list>
<pin id="719" dir="0" index="0" bw="4" slack="0"/>
<pin id="720" dir="0" index="1" bw="16" slack="2147483647"/>
<pin id="721" dir="0" index="2" bw="0" slack="2147483647"/>
<pin id="722" dir="1" index="3" bw="16" slack="0"/>
</pin_list>
<bind>
<opcode="load(27) " fcode="load"/>
<opset="localC_3_load/3 "/>
</bind>
</comp>

<comp id="724" class="1004" name="grp_access_fu_724">
<pin_list>
<pin id="725" dir="0" index="0" bw="4" slack="0"/>
<pin id="726" dir="0" index="1" bw="16" slack="2147483647"/>
<pin id="727" dir="0" index="2" bw="0" slack="2147483647"/>
<pin id="728" dir="1" index="3" bw="16" slack="0"/>
</pin_list>
<bind>
<opcode="load(27) " fcode="load"/>
<opset="localC_4_load/3 "/>
</bind>
</comp>

<comp id="730" class="1004" name="grp_access_fu_730">
<pin_list>
<pin id="731" dir="0" index="0" bw="4" slack="0"/>
<pin id="732" dir="0" index="1" bw="16" slack="2147483647"/>
<pin id="733" dir="0" index="2" bw="0" slack="2147483647"/>
<pin id="734" dir="1" index="3" bw="16" slack="0"/>
</pin_list>
<bind>
<opcode="load(27) " fcode="load"/>
<opset="localC_5_load/3 "/>
</bind>
</comp>

<comp id="736" class="1004" name="grp_access_fu_736">
<pin_list>
<pin id="737" dir="0" index="0" bw="4" slack="0"/>
<pin id="738" dir="0" index="1" bw="16" slack="2147483647"/>
<pin id="739" dir="0" index="2" bw="0" slack="2147483647"/>
<pin id="740" dir="1" index="3" bw="16" slack="0"/>
</pin_list>
<bind>
<opcode="load(27) " fcode="load"/>
<opset="localC_6_load/3 "/>
</bind>
</comp>

<comp id="742" class="1004" name="grp_access_fu_742">
<pin_list>
<pin id="743" dir="0" index="0" bw="4" slack="0"/>
<pin id="744" dir="0" index="1" bw="16" slack="2147483647"/>
<pin id="745" dir="0" index="2" bw="0" slack="2147483647"/>
<pin id="746" dir="1" index="3" bw="16" slack="0"/>
</pin_list>
<bind>
<opcode="load(27) " fcode="load"/>
<opset="localC_7_load/3 "/>
</bind>
</comp>

<comp id="748" class="1004" name="grp_access_fu_748">
<pin_list>
<pin id="749" dir="0" index="0" bw="4" slack="0"/>
<pin id="750" dir="0" index="1" bw="16" slack="2147483647"/>
<pin id="751" dir="0" index="2" bw="0" slack="2147483647"/>
<pin id="752" dir="1" index="3" bw="16" slack="0"/>
</pin_list>
<bind>
<opcode="load(27) " fcode="load"/>
<opset="localC_8_load/3 "/>
</bind>
</comp>

<comp id="754" class="1004" name="grp_access_fu_754">
<pin_list>
<pin id="755" dir="0" index="0" bw="4" slack="0"/>
<pin id="756" dir="0" index="1" bw="16" slack="2147483647"/>
<pin id="757" dir="0" index="2" bw="0" slack="2147483647"/>
<pin id="758" dir="1" index="3" bw="16" slack="0"/>
</pin_list>
<bind>
<opcode="load(27) " fcode="load"/>
<opset="localC_9_load/3 "/>
</bind>
</comp>

<comp id="760" class="1004" name="grp_access_fu_760">
<pin_list>
<pin id="761" dir="0" index="0" bw="4" slack="0"/>
<pin id="762" dir="0" index="1" bw="16" slack="2147483647"/>
<pin id="763" dir="0" index="2" bw="0" slack="2147483647"/>
<pin id="764" dir="1" index="3" bw="16" slack="0"/>
</pin_list>
<bind>
<opcode="load(27) " fcode="load"/>
<opset="localC_10_load/3 "/>
</bind>
</comp>

<comp id="766" class="1004" name="grp_access_fu_766">
<pin_list>
<pin id="767" dir="0" index="0" bw="4" slack="0"/>
<pin id="768" dir="0" index="1" bw="16" slack="2147483647"/>
<pin id="769" dir="0" index="2" bw="0" slack="2147483647"/>
<pin id="770" dir="1" index="3" bw="16" slack="0"/>
</pin_list>
<bind>
<opcode="load(27) " fcode="load"/>
<opset="localC_11_load/3 "/>
</bind>
</comp>

<comp id="772" class="1004" name="grp_access_fu_772">
<pin_list>
<pin id="773" dir="0" index="0" bw="4" slack="0"/>
<pin id="774" dir="0" index="1" bw="16" slack="2147483647"/>
<pin id="775" dir="0" index="2" bw="0" slack="2147483647"/>
<pin id="776" dir="1" index="3" bw="16" slack="0"/>
</pin_list>
<bind>
<opcode="load(27) " fcode="load"/>
<opset="localC_12_load/3 "/>
</bind>
</comp>

<comp id="778" class="1004" name="grp_access_fu_778">
<pin_list>
<pin id="779" dir="0" index="0" bw="4" slack="0"/>
<pin id="780" dir="0" index="1" bw="16" slack="2147483647"/>
<pin id="781" dir="0" index="2" bw="0" slack="2147483647"/>
<pin id="782" dir="1" index="3" bw="16" slack="0"/>
</pin_list>
<bind>
<opcode="load(27) " fcode="load"/>
<opset="localC_13_load/3 "/>
</bind>
</comp>

<comp id="784" class="1004" name="grp_access_fu_784">
<pin_list>
<pin id="785" dir="0" index="0" bw="4" slack="0"/>
<pin id="786" dir="0" index="1" bw="16" slack="2147483647"/>
<pin id="787" dir="0" index="2" bw="0" slack="2147483647"/>
<pin id="788" dir="1" index="3" bw="16" slack="0"/>
</pin_list>
<bind>
<opcode="load(27) " fcode="load"/>
<opset="localC_14_load/3 "/>
</bind>
</comp>

<comp id="790" class="1004" name="grp_access_fu_790">
<pin_list>
<pin id="791" dir="0" index="0" bw="4" slack="0"/>
<pin id="792" dir="0" index="1" bw="16" slack="2147483647"/>
<pin id="793" dir="0" index="2" bw="0" slack="2147483647"/>
<pin id="794" dir="1" index="3" bw="16" slack="0"/>
</pin_list>
<bind>
<opcode="load(27) " fcode="load"/>
<opset="localC_15_load/3 "/>
</bind>
</comp>

<comp id="796" class="1004" name="grp_access_fu_796">
<pin_list>
<pin id="797" dir="0" index="0" bw="4" slack="0"/>
<pin id="798" dir="0" index="1" bw="16" slack="2147483647"/>
<pin id="799" dir="0" index="2" bw="0" slack="2147483647"/>
<pin id="800" dir="1" index="3" bw="16" slack="0"/>
</pin_list>
<bind>
<opcode="load(27) " fcode="load"/>
<opset="localC_16_load/3 "/>
</bind>
</comp>

<comp id="802" class="1004" name="grp_access_fu_802">
<pin_list>
<pin id="803" dir="0" index="0" bw="4" slack="0"/>
<pin id="804" dir="0" index="1" bw="16" slack="2147483647"/>
<pin id="805" dir="0" index="2" bw="0" slack="2147483647"/>
<pin id="806" dir="1" index="3" bw="16" slack="0"/>
</pin_list>
<bind>
<opcode="load(27) " fcode="load"/>
<opset="localC_17_load/3 "/>
</bind>
</comp>

<comp id="808" class="1004" name="grp_access_fu_808">
<pin_list>
<pin id="809" dir="0" index="0" bw="4" slack="0"/>
<pin id="810" dir="0" index="1" bw="16" slack="2147483647"/>
<pin id="811" dir="0" index="2" bw="0" slack="2147483647"/>
<pin id="812" dir="1" index="3" bw="16" slack="0"/>
</pin_list>
<bind>
<opcode="load(27) " fcode="load"/>
<opset="localC_18_load/3 "/>
</bind>
</comp>

<comp id="814" class="1004" name="grp_access_fu_814">
<pin_list>
<pin id="815" dir="0" index="0" bw="4" slack="0"/>
<pin id="816" dir="0" index="1" bw="16" slack="2147483647"/>
<pin id="817" dir="0" index="2" bw="0" slack="2147483647"/>
<pin id="818" dir="1" index="3" bw="16" slack="0"/>
</pin_list>
<bind>
<opcode="load(27) " fcode="load"/>
<opset="localC_19_load/3 "/>
</bind>
</comp>

<comp id="820" class="1004" name="grp_access_fu_820">
<pin_list>
<pin id="821" dir="0" index="0" bw="4" slack="0"/>
<pin id="822" dir="0" index="1" bw="16" slack="2147483647"/>
<pin id="823" dir="0" index="2" bw="0" slack="2147483647"/>
<pin id="824" dir="1" index="3" bw="16" slack="0"/>
</pin_list>
<bind>
<opcode="load(27) " fcode="load"/>
<opset="localC_20_load/3 "/>
</bind>
</comp>

<comp id="826" class="1004" name="grp_access_fu_826">
<pin_list>
<pin id="827" dir="0" index="0" bw="4" slack="0"/>
<pin id="828" dir="0" index="1" bw="16" slack="2147483647"/>
<pin id="829" dir="0" index="2" bw="0" slack="2147483647"/>
<pin id="830" dir="1" index="3" bw="16" slack="0"/>
</pin_list>
<bind>
<opcode="load(27) " fcode="load"/>
<opset="localC_21_load/3 "/>
</bind>
</comp>

<comp id="832" class="1004" name="grp_access_fu_832">
<pin_list>
<pin id="833" dir="0" index="0" bw="4" slack="0"/>
<pin id="834" dir="0" index="1" bw="16" slack="2147483647"/>
<pin id="835" dir="0" index="2" bw="0" slack="2147483647"/>
<pin id="836" dir="1" index="3" bw="16" slack="0"/>
</pin_list>
<bind>
<opcode="load(27) " fcode="load"/>
<opset="localC_22_load/3 "/>
</bind>
</comp>

<comp id="838" class="1004" name="grp_access_fu_838">
<pin_list>
<pin id="839" dir="0" index="0" bw="4" slack="0"/>
<pin id="840" dir="0" index="1" bw="16" slack="2147483647"/>
<pin id="841" dir="0" index="2" bw="0" slack="2147483647"/>
<pin id="842" dir="1" index="3" bw="16" slack="0"/>
</pin_list>
<bind>
<opcode="load(27) " fcode="load"/>
<opset="localC_23_load/3 "/>
</bind>
</comp>

<comp id="844" class="1004" name="grp_access_fu_844">
<pin_list>
<pin id="845" dir="0" index="0" bw="4" slack="0"/>
<pin id="846" dir="0" index="1" bw="16" slack="2147483647"/>
<pin id="847" dir="0" index="2" bw="0" slack="2147483647"/>
<pin id="848" dir="1" index="3" bw="16" slack="0"/>
</pin_list>
<bind>
<opcode="load(27) " fcode="load"/>
<opset="localC_24_load/3 "/>
</bind>
</comp>

<comp id="850" class="1004" name="grp_access_fu_850">
<pin_list>
<pin id="851" dir="0" index="0" bw="4" slack="0"/>
<pin id="852" dir="0" index="1" bw="16" slack="2147483647"/>
<pin id="853" dir="0" index="2" bw="0" slack="2147483647"/>
<pin id="854" dir="1" index="3" bw="16" slack="0"/>
</pin_list>
<bind>
<opcode="load(27) " fcode="load"/>
<opset="localC_25_load/3 "/>
</bind>
</comp>

<comp id="856" class="1004" name="grp_access_fu_856">
<pin_list>
<pin id="857" dir="0" index="0" bw="4" slack="0"/>
<pin id="858" dir="0" index="1" bw="16" slack="2147483647"/>
<pin id="859" dir="0" index="2" bw="0" slack="2147483647"/>
<pin id="860" dir="1" index="3" bw="16" slack="0"/>
</pin_list>
<bind>
<opcode="load(27) " fcode="load"/>
<opset="localC_26_load/3 "/>
</bind>
</comp>

<comp id="862" class="1004" name="grp_access_fu_862">
<pin_list>
<pin id="863" dir="0" index="0" bw="4" slack="0"/>
<pin id="864" dir="0" index="1" bw="16" slack="2147483647"/>
<pin id="865" dir="0" index="2" bw="0" slack="2147483647"/>
<pin id="866" dir="1" index="3" bw="16" slack="0"/>
</pin_list>
<bind>
<opcode="load(27) " fcode="load"/>
<opset="localC_27_load/3 "/>
</bind>
</comp>

<comp id="868" class="1004" name="grp_access_fu_868">
<pin_list>
<pin id="869" dir="0" index="0" bw="4" slack="0"/>
<pin id="870" dir="0" index="1" bw="16" slack="2147483647"/>
<pin id="871" dir="0" index="2" bw="0" slack="2147483647"/>
<pin id="872" dir="1" index="3" bw="16" slack="0"/>
</pin_list>
<bind>
<opcode="load(27) " fcode="load"/>
<opset="localC_28_load/3 "/>
</bind>
</comp>

<comp id="874" class="1004" name="grp_access_fu_874">
<pin_list>
<pin id="875" dir="0" index="0" bw="4" slack="0"/>
<pin id="876" dir="0" index="1" bw="16" slack="2147483647"/>
<pin id="877" dir="0" index="2" bw="0" slack="2147483647"/>
<pin id="878" dir="1" index="3" bw="16" slack="0"/>
</pin_list>
<bind>
<opcode="load(27) " fcode="load"/>
<opset="localC_29_load/3 "/>
</bind>
</comp>

<comp id="880" class="1004" name="grp_access_fu_880">
<pin_list>
<pin id="881" dir="0" index="0" bw="4" slack="0"/>
<pin id="882" dir="0" index="1" bw="16" slack="2147483647"/>
<pin id="883" dir="0" index="2" bw="0" slack="2147483647"/>
<pin id="884" dir="1" index="3" bw="16" slack="0"/>
</pin_list>
<bind>
<opcode="load(27) " fcode="load"/>
<opset="localC_30_load/3 "/>
</bind>
</comp>

<comp id="886" class="1004" name="grp_access_fu_886">
<pin_list>
<pin id="887" dir="0" index="0" bw="4" slack="0"/>
<pin id="888" dir="0" index="1" bw="16" slack="2147483647"/>
<pin id="889" dir="0" index="2" bw="0" slack="2147483647"/>
<pin id="890" dir="1" index="3" bw="16" slack="0"/>
</pin_list>
<bind>
<opcode="load(27) " fcode="load"/>
<opset="localC_31_load/3 "/>
</bind>
</comp>

<comp id="892" class="1004" name="grp_access_fu_892">
<pin_list>
<pin id="893" dir="0" index="0" bw="4" slack="0"/>
<pin id="894" dir="0" index="1" bw="16" slack="2147483647"/>
<pin id="895" dir="0" index="2" bw="0" slack="2147483647"/>
<pin id="896" dir="1" index="3" bw="16" slack="0"/>
</pin_list>
<bind>
<opcode="load(27) " fcode="load"/>
<opset="localC_32_load/3 "/>
</bind>
</comp>

<comp id="898" class="1004" name="grp_access_fu_898">
<pin_list>
<pin id="899" dir="0" index="0" bw="4" slack="0"/>
<pin id="900" dir="0" index="1" bw="16" slack="2147483647"/>
<pin id="901" dir="0" index="2" bw="0" slack="2147483647"/>
<pin id="902" dir="1" index="3" bw="16" slack="0"/>
</pin_list>
<bind>
<opcode="load(27) " fcode="load"/>
<opset="localC_33_load/3 "/>
</bind>
</comp>

<comp id="904" class="1004" name="grp_access_fu_904">
<pin_list>
<pin id="905" dir="0" index="0" bw="4" slack="0"/>
<pin id="906" dir="0" index="1" bw="16" slack="2147483647"/>
<pin id="907" dir="0" index="2" bw="0" slack="2147483647"/>
<pin id="908" dir="1" index="3" bw="16" slack="0"/>
</pin_list>
<bind>
<opcode="load(27) " fcode="load"/>
<opset="localC_34_load/3 "/>
</bind>
</comp>

<comp id="910" class="1004" name="grp_access_fu_910">
<pin_list>
<pin id="911" dir="0" index="0" bw="4" slack="0"/>
<pin id="912" dir="0" index="1" bw="16" slack="2147483647"/>
<pin id="913" dir="0" index="2" bw="0" slack="2147483647"/>
<pin id="914" dir="1" index="3" bw="16" slack="0"/>
</pin_list>
<bind>
<opcode="load(27) " fcode="load"/>
<opset="localC_35_load/3 "/>
</bind>
</comp>

<comp id="916" class="1004" name="grp_access_fu_916">
<pin_list>
<pin id="917" dir="0" index="0" bw="4" slack="0"/>
<pin id="918" dir="0" index="1" bw="16" slack="2147483647"/>
<pin id="919" dir="0" index="2" bw="0" slack="2147483647"/>
<pin id="920" dir="1" index="3" bw="16" slack="0"/>
</pin_list>
<bind>
<opcode="load(27) " fcode="load"/>
<opset="localC_36_load/3 "/>
</bind>
</comp>

<comp id="922" class="1004" name="grp_access_fu_922">
<pin_list>
<pin id="923" dir="0" index="0" bw="4" slack="0"/>
<pin id="924" dir="0" index="1" bw="16" slack="2147483647"/>
<pin id="925" dir="0" index="2" bw="0" slack="2147483647"/>
<pin id="926" dir="1" index="3" bw="16" slack="0"/>
</pin_list>
<bind>
<opcode="load(27) " fcode="load"/>
<opset="localC_37_load/3 "/>
</bind>
</comp>

<comp id="928" class="1004" name="grp_access_fu_928">
<pin_list>
<pin id="929" dir="0" index="0" bw="4" slack="0"/>
<pin id="930" dir="0" index="1" bw="16" slack="2147483647"/>
<pin id="931" dir="0" index="2" bw="0" slack="2147483647"/>
<pin id="932" dir="1" index="3" bw="16" slack="0"/>
</pin_list>
<bind>
<opcode="load(27) " fcode="load"/>
<opset="localC_38_load/3 "/>
</bind>
</comp>

<comp id="934" class="1004" name="grp_access_fu_934">
<pin_list>
<pin id="935" dir="0" index="0" bw="4" slack="0"/>
<pin id="936" dir="0" index="1" bw="16" slack="2147483647"/>
<pin id="937" dir="0" index="2" bw="0" slack="2147483647"/>
<pin id="938" dir="1" index="3" bw="16" slack="0"/>
</pin_list>
<bind>
<opcode="load(27) " fcode="load"/>
<opset="localC_39_load/3 "/>
</bind>
</comp>

<comp id="940" class="1004" name="grp_access_fu_940">
<pin_list>
<pin id="941" dir="0" index="0" bw="4" slack="0"/>
<pin id="942" dir="0" index="1" bw="16" slack="2147483647"/>
<pin id="943" dir="0" index="2" bw="0" slack="2147483647"/>
<pin id="944" dir="1" index="3" bw="16" slack="0"/>
</pin_list>
<bind>
<opcode="load(27) " fcode="load"/>
<opset="localC_40_load/3 "/>
</bind>
</comp>

<comp id="946" class="1004" name="grp_access_fu_946">
<pin_list>
<pin id="947" dir="0" index="0" bw="4" slack="0"/>
<pin id="948" dir="0" index="1" bw="16" slack="2147483647"/>
<pin id="949" dir="0" index="2" bw="0" slack="2147483647"/>
<pin id="950" dir="1" index="3" bw="16" slack="0"/>
</pin_list>
<bind>
<opcode="load(27) " fcode="load"/>
<opset="localC_41_load/3 "/>
</bind>
</comp>

<comp id="952" class="1004" name="grp_access_fu_952">
<pin_list>
<pin id="953" dir="0" index="0" bw="4" slack="0"/>
<pin id="954" dir="0" index="1" bw="16" slack="2147483647"/>
<pin id="955" dir="0" index="2" bw="0" slack="2147483647"/>
<pin id="956" dir="1" index="3" bw="16" slack="0"/>
</pin_list>
<bind>
<opcode="load(27) " fcode="load"/>
<opset="localC_42_load/3 "/>
</bind>
</comp>

<comp id="958" class="1004" name="grp_access_fu_958">
<pin_list>
<pin id="959" dir="0" index="0" bw="4" slack="0"/>
<pin id="960" dir="0" index="1" bw="16" slack="2147483647"/>
<pin id="961" dir="0" index="2" bw="0" slack="2147483647"/>
<pin id="962" dir="1" index="3" bw="16" slack="0"/>
</pin_list>
<bind>
<opcode="load(27) " fcode="load"/>
<opset="localC_43_load/3 "/>
</bind>
</comp>

<comp id="964" class="1004" name="grp_access_fu_964">
<pin_list>
<pin id="965" dir="0" index="0" bw="4" slack="0"/>
<pin id="966" dir="0" index="1" bw="16" slack="2147483647"/>
<pin id="967" dir="0" index="2" bw="0" slack="2147483647"/>
<pin id="968" dir="1" index="3" bw="16" slack="0"/>
</pin_list>
<bind>
<opcode="load(27) " fcode="load"/>
<opset="localC_44_load/3 "/>
</bind>
</comp>

<comp id="970" class="1004" name="grp_access_fu_970">
<pin_list>
<pin id="971" dir="0" index="0" bw="4" slack="0"/>
<pin id="972" dir="0" index="1" bw="16" slack="2147483647"/>
<pin id="973" dir="0" index="2" bw="0" slack="2147483647"/>
<pin id="974" dir="1" index="3" bw="16" slack="0"/>
</pin_list>
<bind>
<opcode="load(27) " fcode="load"/>
<opset="localC_45_load/3 "/>
</bind>
</comp>

<comp id="976" class="1004" name="grp_access_fu_976">
<pin_list>
<pin id="977" dir="0" index="0" bw="4" slack="0"/>
<pin id="978" dir="0" index="1" bw="16" slack="2147483647"/>
<pin id="979" dir="0" index="2" bw="0" slack="2147483647"/>
<pin id="980" dir="1" index="3" bw="16" slack="0"/>
</pin_list>
<bind>
<opcode="load(27) " fcode="load"/>
<opset="localC_46_load/3 "/>
</bind>
</comp>

<comp id="982" class="1004" name="grp_access_fu_982">
<pin_list>
<pin id="983" dir="0" index="0" bw="4" slack="0"/>
<pin id="984" dir="0" index="1" bw="16" slack="2147483647"/>
<pin id="985" dir="0" index="2" bw="0" slack="2147483647"/>
<pin id="986" dir="1" index="3" bw="16" slack="0"/>
</pin_list>
<bind>
<opcode="load(27) " fcode="load"/>
<opset="localC_47_load/3 "/>
</bind>
</comp>

<comp id="988" class="1004" name="grp_access_fu_988">
<pin_list>
<pin id="989" dir="0" index="0" bw="4" slack="0"/>
<pin id="990" dir="0" index="1" bw="16" slack="2147483647"/>
<pin id="991" dir="0" index="2" bw="0" slack="2147483647"/>
<pin id="992" dir="1" index="3" bw="16" slack="0"/>
</pin_list>
<bind>
<opcode="load(27) " fcode="load"/>
<opset="localC_48_load/3 "/>
</bind>
</comp>

<comp id="994" class="1004" name="grp_access_fu_994">
<pin_list>
<pin id="995" dir="0" index="0" bw="4" slack="0"/>
<pin id="996" dir="0" index="1" bw="16" slack="2147483647"/>
<pin id="997" dir="0" index="2" bw="0" slack="2147483647"/>
<pin id="998" dir="1" index="3" bw="16" slack="0"/>
</pin_list>
<bind>
<opcode="load(27) " fcode="load"/>
<opset="localC_49_load/3 "/>
</bind>
</comp>

<comp id="1000" class="1004" name="grp_access_fu_1000">
<pin_list>
<pin id="1001" dir="0" index="0" bw="4" slack="0"/>
<pin id="1002" dir="0" index="1" bw="16" slack="2147483647"/>
<pin id="1003" dir="0" index="2" bw="0" slack="2147483647"/>
<pin id="1004" dir="1" index="3" bw="16" slack="0"/>
</pin_list>
<bind>
<opcode="load(27) " fcode="load"/>
<opset="localC_50_load/3 "/>
</bind>
</comp>

<comp id="1006" class="1004" name="grp_access_fu_1006">
<pin_list>
<pin id="1007" dir="0" index="0" bw="4" slack="0"/>
<pin id="1008" dir="0" index="1" bw="16" slack="2147483647"/>
<pin id="1009" dir="0" index="2" bw="0" slack="2147483647"/>
<pin id="1010" dir="1" index="3" bw="16" slack="0"/>
</pin_list>
<bind>
<opcode="load(27) " fcode="load"/>
<opset="localC_51_load/3 "/>
</bind>
</comp>

<comp id="1012" class="1004" name="grp_access_fu_1012">
<pin_list>
<pin id="1013" dir="0" index="0" bw="4" slack="0"/>
<pin id="1014" dir="0" index="1" bw="16" slack="2147483647"/>
<pin id="1015" dir="0" index="2" bw="0" slack="2147483647"/>
<pin id="1016" dir="1" index="3" bw="16" slack="0"/>
</pin_list>
<bind>
<opcode="load(27) " fcode="load"/>
<opset="localC_52_load/3 "/>
</bind>
</comp>

<comp id="1018" class="1004" name="grp_access_fu_1018">
<pin_list>
<pin id="1019" dir="0" index="0" bw="4" slack="0"/>
<pin id="1020" dir="0" index="1" bw="16" slack="2147483647"/>
<pin id="1021" dir="0" index="2" bw="0" slack="2147483647"/>
<pin id="1022" dir="1" index="3" bw="16" slack="0"/>
</pin_list>
<bind>
<opcode="load(27) " fcode="load"/>
<opset="localC_53_load/3 "/>
</bind>
</comp>

<comp id="1024" class="1004" name="grp_access_fu_1024">
<pin_list>
<pin id="1025" dir="0" index="0" bw="4" slack="0"/>
<pin id="1026" dir="0" index="1" bw="16" slack="2147483647"/>
<pin id="1027" dir="0" index="2" bw="0" slack="2147483647"/>
<pin id="1028" dir="1" index="3" bw="16" slack="0"/>
</pin_list>
<bind>
<opcode="load(27) " fcode="load"/>
<opset="localC_54_load/3 "/>
</bind>
</comp>

<comp id="1030" class="1004" name="grp_access_fu_1030">
<pin_list>
<pin id="1031" dir="0" index="0" bw="4" slack="0"/>
<pin id="1032" dir="0" index="1" bw="16" slack="2147483647"/>
<pin id="1033" dir="0" index="2" bw="0" slack="2147483647"/>
<pin id="1034" dir="1" index="3" bw="16" slack="0"/>
</pin_list>
<bind>
<opcode="load(27) " fcode="load"/>
<opset="localC_55_load/3 "/>
</bind>
</comp>

<comp id="1036" class="1004" name="grp_access_fu_1036">
<pin_list>
<pin id="1037" dir="0" index="0" bw="4" slack="0"/>
<pin id="1038" dir="0" index="1" bw="16" slack="2147483647"/>
<pin id="1039" dir="0" index="2" bw="0" slack="2147483647"/>
<pin id="1040" dir="1" index="3" bw="16" slack="0"/>
</pin_list>
<bind>
<opcode="load(27) " fcode="load"/>
<opset="localC_56_load/3 "/>
</bind>
</comp>

<comp id="1042" class="1004" name="grp_access_fu_1042">
<pin_list>
<pin id="1043" dir="0" index="0" bw="4" slack="0"/>
<pin id="1044" dir="0" index="1" bw="16" slack="2147483647"/>
<pin id="1045" dir="0" index="2" bw="0" slack="2147483647"/>
<pin id="1046" dir="1" index="3" bw="16" slack="0"/>
</pin_list>
<bind>
<opcode="load(27) " fcode="load"/>
<opset="localC_57_load/3 "/>
</bind>
</comp>

<comp id="1048" class="1004" name="grp_access_fu_1048">
<pin_list>
<pin id="1049" dir="0" index="0" bw="4" slack="0"/>
<pin id="1050" dir="0" index="1" bw="16" slack="2147483647"/>
<pin id="1051" dir="0" index="2" bw="0" slack="2147483647"/>
<pin id="1052" dir="1" index="3" bw="16" slack="0"/>
</pin_list>
<bind>
<opcode="load(27) " fcode="load"/>
<opset="localC_58_load/3 "/>
</bind>
</comp>

<comp id="1054" class="1004" name="grp_access_fu_1054">
<pin_list>
<pin id="1055" dir="0" index="0" bw="4" slack="0"/>
<pin id="1056" dir="0" index="1" bw="16" slack="2147483647"/>
<pin id="1057" dir="0" index="2" bw="0" slack="2147483647"/>
<pin id="1058" dir="1" index="3" bw="16" slack="0"/>
</pin_list>
<bind>
<opcode="load(27) " fcode="load"/>
<opset="localC_59_load/3 "/>
</bind>
</comp>

<comp id="1060" class="1004" name="grp_access_fu_1060">
<pin_list>
<pin id="1061" dir="0" index="0" bw="4" slack="0"/>
<pin id="1062" dir="0" index="1" bw="16" slack="2147483647"/>
<pin id="1063" dir="0" index="2" bw="0" slack="2147483647"/>
<pin id="1064" dir="1" index="3" bw="16" slack="0"/>
</pin_list>
<bind>
<opcode="load(27) " fcode="load"/>
<opset="localC_60_load/3 "/>
</bind>
</comp>

<comp id="1066" class="1004" name="grp_access_fu_1066">
<pin_list>
<pin id="1067" dir="0" index="0" bw="4" slack="0"/>
<pin id="1068" dir="0" index="1" bw="16" slack="2147483647"/>
<pin id="1069" dir="0" index="2" bw="0" slack="2147483647"/>
<pin id="1070" dir="1" index="3" bw="16" slack="0"/>
</pin_list>
<bind>
<opcode="load(27) " fcode="load"/>
<opset="localC_61_load/3 "/>
</bind>
</comp>

<comp id="1072" class="1004" name="grp_access_fu_1072">
<pin_list>
<pin id="1073" dir="0" index="0" bw="4" slack="0"/>
<pin id="1074" dir="0" index="1" bw="16" slack="2147483647"/>
<pin id="1075" dir="0" index="2" bw="0" slack="2147483647"/>
<pin id="1076" dir="1" index="3" bw="16" slack="0"/>
</pin_list>
<bind>
<opcode="load(27) " fcode="load"/>
<opset="localC_62_load/3 "/>
</bind>
</comp>

<comp id="1078" class="1004" name="grp_access_fu_1078">
<pin_list>
<pin id="1079" dir="0" index="0" bw="4" slack="0"/>
<pin id="1080" dir="0" index="1" bw="16" slack="2147483647"/>
<pin id="1081" dir="0" index="2" bw="0" slack="2147483647"/>
<pin id="1082" dir="1" index="3" bw="16" slack="0"/>
</pin_list>
<bind>
<opcode="load(27) " fcode="load"/>
<opset="localC_63_load/3 "/>
</bind>
</comp>

<comp id="1084" class="1004" name="sext_ln208_cast_fu_1084">
<pin_list>
<pin id="1085" dir="0" index="0" bw="63" slack="0"/>
<pin id="1086" dir="1" index="1" bw="64" slack="1"/>
</pin_list>
<bind>
<opcode="sext(35) " fcode="sext"/>
<opset="sext_ln208_cast/1 "/>
</bind>
</comp>

<comp id="1088" class="1004" name="store_ln0_store_fu_1088">
<pin_list>
<pin id="1089" dir="0" index="0" bw="1" slack="0"/>
<pin id="1090" dir="0" index="1" bw="31" slack="0"/>
<pin id="1091" dir="1" index="2" bw="0" slack="2147483647"/>
</pin_list>
<bind>
<opcode="store(28) " fcode="store"/>
<opset="store_ln0/1 "/>
</bind>
</comp>

<comp id="1093" class="1004" name="store_ln208_store_fu_1093">
<pin_list>
<pin id="1094" dir="0" index="0" bw="1" slack="0"/>
<pin id="1095" dir="0" index="1" bw="32" slack="0"/>
<pin id="1096" dir="1" index="2" bw="0" slack="2147483647"/>
</pin_list>
<bind>
<opcode="store(28) " fcode="store"/>
<opset="store_ln208/1 "/>
</bind>
</comp>

<comp id="1098" class="1004" name="store_ln208_store_fu_1098">
<pin_list>
<pin id="1099" dir="0" index="0" bw="1" slack="0"/>
<pin id="1100" dir="0" index="1" bw="32" slack="0"/>
<pin id="1101" dir="1" index="2" bw="0" slack="2147483647"/>
</pin_list>
<bind>
<opcode="store(28) " fcode="store"/>
<opset="store_ln208/1 "/>
</bind>
</comp>

<comp id="1103" class="1004" name="loc_2_load_load_fu_1103">
<pin_list>
<pin id="1104" dir="0" index="0" bw="31" slack="1"/>
<pin id="1105" dir="1" index="1" bw="31" slack="0"/>
</pin_list>
<bind>
<opcode="load(27) " fcode="load"/>
<opset="loc_2_load/2 "/>
</bind>
</comp>

<comp id="1106" class="1004" name="loc_2_cast_fu_1106">
<pin_list>
<pin id="1107" dir="0" index="0" bw="31" slack="0"/>
<pin id="1108" dir="1" index="1" bw="32" slack="0"/>
</pin_list>
<bind>
<opcode="zext(34) " fcode="zext"/>
<opset="loc_2_cast/2 "/>
</bind>
</comp>

<comp id="1110" class="1004" name="icmp_ln208_fu_1110">
<pin_list>
<pin id="1111" dir="0" index="0" bw="32" slack="0"/>
<pin id="1112" dir="0" index="1" bw="32" slack="1"/>
<pin id="1113" dir="1" index="2" bw="1" slack="1"/>
</pin_list>
<bind>
<opcode="icmp(45) " fcode="icmp"/>
<opset="icmp_ln208/2 "/>
</bind>
</comp>

<comp id="1115" class="1004" name="add_ln208_fu_1115">
<pin_list>
<pin id="1116" dir="0" index="0" bw="31" slack="0"/>
<pin id="1117" dir="0" index="1" bw="1" slack="0"/>
<pin id="1118" dir="1" index="2" bw="31" slack="0"/>
</pin_list>
<bind>
<opcode="add(8) " fcode="add"/>
<opset="add_ln208/2 "/>
</bind>
</comp>

<comp id="1121" class="1004" name="i_load_load_fu_1121">
<pin_list>
<pin id="1122" dir="0" index="0" bw="32" slack="1"/>
<pin id="1123" dir="1" index="1" bw="32" slack="0"/>
</pin_list>
<bind>
<opcode="load(27) " fcode="load"/>
<opset="i_load/2 "/>
</bind>
</comp>

<comp id="1124" class="1004" name="j_load_load_fu_1124">
<pin_list>
<pin id="1125" dir="0" index="0" bw="32" slack="1"/>
<pin id="1126" dir="1" index="1" bw="32" slack="0"/>
</pin_list>
<bind>
<opcode="load(27) " fcode="load"/>
<opset="j_load/2 "/>
</bind>
</comp>

<comp id="1127" class="1004" name="gmem2_addr_fu_1127">
<pin_list>
<pin id="1128" dir="0" index="0" bw="64" slack="0"/>
<pin id="1129" dir="0" index="1" bw="64" slack="1"/>
<pin id="1130" dir="1" index="2" bw="64" slack="3"/>
</pin_list>
<bind>
<opcode="getelementptr(29) " fcode="getelementptr"/>
<opset="gmem2_addr/2 "/>
</bind>
</comp>

<comp id="1132" class="1004" name="icmp_ln210_fu_1132">
<pin_list>
<pin id="1133" dir="0" index="0" bw="32" slack="0"/>
<pin id="1134" dir="0" index="1" bw="32" slack="1"/>
<pin id="1135" dir="1" index="2" bw="1" slack="0"/>
</pin_list>
<bind>
<opcode="icmp(45) " fcode="icmp"/>
<opset="icmp_ln210/2 "/>
</bind>
</comp>

<comp id="1137" class="1004" name="add_ln211_fu_1137">
<pin_list>
<pin id="1138" dir="0" index="0" bw="32" slack="0"/>
<pin id="1139" dir="0" index="1" bw="1" slack="0"/>
<pin id="1140" dir="1" index="2" bw="32" slack="0"/>
</pin_list>
<bind>
<opcode="add(8) " fcode="add"/>
<opset="add_ln211/2 "/>
</bind>
</comp>

<comp id="1143" class="1004" name="i_1_fu_1143">
<pin_list>
<pin id="1144" dir="0" index="0" bw="1" slack="0"/>
<pin id="1145" dir="0" index="1" bw="32" slack="0"/>
<pin id="1146" dir="0" index="2" bw="32" slack="0"/>
<pin id="1147" dir="1" index="3" bw="32" slack="0"/>
</pin_list>
<bind>
<opcode="select(49) " fcode="select"/>
<opset="i_1/2 "/>
</bind>
</comp>

<comp id="1151" class="1004" name="trunc_ln210_fu_1151">
<pin_list>
<pin id="1152" dir="0" index="0" bw="32" slack="0"/>
<pin id="1153" dir="1" index="1" bw="3" slack="1"/>
</pin_list>
<bind>
<opcode="trunc(33) " fcode="trunc"/>
<opset="trunc_ln210/2 "/>
</bind>
</comp>

<comp id="1155" class="1004" name="lshr_ln4_fu_1155">
<pin_list>
<pin id="1156" dir="0" index="0" bw="2" slack="0"/>
<pin id="1157" dir="0" index="1" bw="32" slack="0"/>
<pin id="1158" dir="0" index="2" bw="3" slack="0"/>
<pin id="1159" dir="0" index="3" bw="4" slack="0"/>
<pin id="1160" dir="1" index="4" bw="2" slack="1"/>
</pin_list>
<bind>
<opcode="partselect(1002) " fcode="partselect"/>
<opset="lshr_ln4/2 "/>
</bind>
</comp>

<comp id="1165" class="1004" name="store_ln208_store_fu_1165">
<pin_list>
<pin id="1166" dir="0" index="0" bw="31" slack="0"/>
<pin id="1167" dir="0" index="1" bw="31" slack="1"/>
<pin id="1168" dir="1" index="2" bw="0" slack="2147483647"/>
</pin_list>
<bind>
<opcode="store(28) " fcode="store"/>
<opset="store_ln208/2 "/>
</bind>
</comp>

<comp id="1170" class="1004" name="store_ln208_store_fu_1170">
<pin_list>
<pin id="1171" dir="0" index="0" bw="32" slack="0"/>
<pin id="1172" dir="0" index="1" bw="32" slack="1"/>
<pin id="1173" dir="1" index="2" bw="0" slack="2147483647"/>
</pin_list>
<bind>
<opcode="store(28) " fcode="store"/>
<opset="store_ln208/2 "/>
</bind>
</comp>

<comp id="1175" class="1004" name="tmp_22_fu_1175">
<pin_list>
<pin id="1176" dir="0" index="0" bw="4" slack="0"/>
<pin id="1177" dir="0" index="1" bw="2" slack="1"/>
<pin id="1178" dir="0" index="2" bw="1" slack="0"/>
<pin id="1179" dir="1" index="3" bw="4" slack="0"/>
</pin_list>
<bind>
<opcode="bitconcatenate(1004) " fcode="bitconcatenate"/>
<opset="tmp_22/3 "/>
</bind>
</comp>

<comp id="1182" class="1004" name="j_1_fu_1182">
<pin_list>
<pin id="1183" dir="0" index="0" bw="1" slack="1"/>
<pin id="1184" dir="0" index="1" bw="32" slack="0"/>
<pin id="1185" dir="0" index="2" bw="32" slack="1"/>
<pin id="1186" dir="1" index="3" bw="32" slack="0"/>
</pin_list>
<bind>
<opcode="select(49) " fcode="select"/>
<opset="j_1/3 "/>
</bind>
</comp>

<comp id="1188" class="1004" name="trunc_ln208_fu_1188">
<pin_list>
<pin id="1189" dir="0" index="0" bw="32" slack="0"/>
<pin id="1190" dir="1" index="1" bw="3" slack="1"/>
</pin_list>
<bind>
<opcode="trunc(33) " fcode="trunc"/>
<opset="trunc_ln208/3 "/>
</bind>
</comp>

<comp id="1192" class="1004" name="lshr_ln5_fu_1192">
<pin_list>
<pin id="1193" dir="0" index="0" bw="4" slack="0"/>
<pin id="1194" dir="0" index="1" bw="32" slack="0"/>
<pin id="1195" dir="0" index="2" bw="3" slack="0"/>
<pin id="1196" dir="0" index="3" bw="4" slack="0"/>
<pin id="1197" dir="1" index="4" bw="4" slack="0"/>
</pin_list>
<bind>
<opcode="partselect(1002) " fcode="partselect"/>
<opset="lshr_ln5/3 "/>
</bind>
</comp>

<comp id="1202" class="1004" name="add_ln214_fu_1202">
<pin_list>
<pin id="1203" dir="0" index="0" bw="4" slack="0"/>
<pin id="1204" dir="0" index="1" bw="4" slack="0"/>
<pin id="1205" dir="1" index="2" bw="4" slack="0"/>
</pin_list>
<bind>
<opcode="add(8) " fcode="add"/>
<opset="add_ln214/3 "/>
</bind>
</comp>

<comp id="1208" class="1004" name="zext_ln214_fu_1208">
<pin_list>
<pin id="1209" dir="0" index="0" bw="4" slack="0"/>
<pin id="1210" dir="1" index="1" bw="64" slack="0"/>
</pin_list>
<bind>
<opcode="zext(34) " fcode="zext"/>
<opset="zext_ln214/3 "/>
</bind>
</comp>

<comp id="1276" class="1004" name="j_2_fu_1276">
<pin_list>
<pin id="1277" dir="0" index="0" bw="32" slack="0"/>
<pin id="1278" dir="0" index="1" bw="1" slack="0"/>
<pin id="1279" dir="1" index="2" bw="32" slack="0"/>
</pin_list>
<bind>
<opcode="add(8) " fcode="add"/>
<opset="j_2/3 "/>
</bind>
</comp>

<comp id="1282" class="1004" name="store_ln208_store_fu_1282">
<pin_list>
<pin id="1283" dir="0" index="0" bw="32" slack="0"/>
<pin id="1284" dir="0" index="1" bw="32" slack="2"/>
<pin id="1285" dir="1" index="2" bw="0" slack="2147483647"/>
</pin_list>
<bind>
<opcode="store(28) " fcode="store"/>
<opset="store_ln208/3 "/>
</bind>
</comp>

<comp id="1287" class="1004" name="tmp_fu_1287">
<pin_list>
<pin id="1288" dir="0" index="0" bw="16" slack="0"/>
<pin id="1289" dir="0" index="1" bw="1" slack="0"/>
<pin id="1290" dir="0" index="2" bw="16" slack="0"/>
<pin id="1291" dir="0" index="3" bw="1" slack="0"/>
<pin id="1292" dir="0" index="4" bw="16" slack="0"/>
<pin id="1293" dir="0" index="5" bw="3" slack="0"/>
<pin id="1294" dir="0" index="6" bw="16" slack="0"/>
<pin id="1295" dir="0" index="7" bw="3" slack="0"/>
<pin id="1296" dir="0" index="8" bw="16" slack="0"/>
<pin id="1297" dir="0" index="9" bw="3" slack="0"/>
<pin id="1298" dir="0" index="10" bw="16" slack="0"/>
<pin id="1299" dir="0" index="11" bw="3" slack="0"/>
<pin id="1300" dir="0" index="12" bw="16" slack="0"/>
<pin id="1301" dir="0" index="13" bw="2" slack="0"/>
<pin id="1302" dir="0" index="14" bw="16" slack="0"/>
<pin id="1303" dir="0" index="15" bw="1" slack="0"/>
<pin id="1304" dir="0" index="16" bw="16" slack="0"/>
<pin id="1305" dir="0" index="17" bw="1" slack="0"/>
<pin id="1306" dir="0" index="18" bw="3" slack="1"/>
<pin id="1307" dir="1" index="19" bw="16" slack="0"/>
</pin_list>
<bind>
<opcode="sparsemux(1197) " fcode="sparsemux"/>
<opset="tmp/4 "/>
</bind>
</comp>

<comp id="1326" class="1004" name="tmp_s_fu_1326">
<pin_list>
<pin id="1327" dir="0" index="0" bw="16" slack="0"/>
<pin id="1328" dir="0" index="1" bw="1" slack="0"/>
<pin id="1329" dir="0" index="2" bw="16" slack="0"/>
<pin id="1330" dir="0" index="3" bw="1" slack="0"/>
<pin id="1331" dir="0" index="4" bw="16" slack="0"/>
<pin id="1332" dir="0" index="5" bw="3" slack="0"/>
<pin id="1333" dir="0" index="6" bw="16" slack="0"/>
<pin id="1334" dir="0" index="7" bw="3" slack="0"/>
<pin id="1335" dir="0" index="8" bw="16" slack="0"/>
<pin id="1336" dir="0" index="9" bw="3" slack="0"/>
<pin id="1337" dir="0" index="10" bw="16" slack="0"/>
<pin id="1338" dir="0" index="11" bw="3" slack="0"/>
<pin id="1339" dir="0" index="12" bw="16" slack="0"/>
<pin id="1340" dir="0" index="13" bw="2" slack="0"/>
<pin id="1341" dir="0" index="14" bw="16" slack="0"/>
<pin id="1342" dir="0" index="15" bw="1" slack="0"/>
<pin id="1343" dir="0" index="16" bw="16" slack="0"/>
<pin id="1344" dir="0" index="17" bw="1" slack="0"/>
<pin id="1345" dir="0" index="18" bw="3" slack="1"/>
<pin id="1346" dir="1" index="19" bw="16" slack="0"/>
</pin_list>
<bind>
<opcode="sparsemux(1197) " fcode="sparsemux"/>
<opset="tmp_s/4 "/>
</bind>
</comp>

<comp id="1365" class="1004" name="tmp_15_fu_1365">
<pin_list>
<pin id="1366" dir="0" index="0" bw="16" slack="0"/>
<pin id="1367" dir="0" index="1" bw="1" slack="0"/>
<pin id="1368" dir="0" index="2" bw="16" slack="0"/>
<pin id="1369" dir="0" index="3" bw="1" slack="0"/>
<pin id="1370" dir="0" index="4" bw="16" slack="0"/>
<pin id="1371" dir="0" index="5" bw="3" slack="0"/>
<pin id="1372" dir="0" index="6" bw="16" slack="0"/>
<pin id="1373" dir="0" index="7" bw="3" slack="0"/>
<pin id="1374" dir="0" index="8" bw="16" slack="0"/>
<pin id="1375" dir="0" index="9" bw="3" slack="0"/>
<pin id="1376" dir="0" index="10" bw="16" slack="0"/>
<pin id="1377" dir="0" index="11" bw="3" slack="0"/>
<pin id="1378" dir="0" index="12" bw="16" slack="0"/>
<pin id="1379" dir="0" index="13" bw="2" slack="0"/>
<pin id="1380" dir="0" index="14" bw="16" slack="0"/>
<pin id="1381" dir="0" index="15" bw="1" slack="0"/>
<pin id="1382" dir="0" index="16" bw="16" slack="0"/>
<pin id="1383" dir="0" index="17" bw="1" slack="0"/>
<pin id="1384" dir="0" index="18" bw="3" slack="1"/>
<pin id="1385" dir="1" index="19" bw="16" slack="0"/>
</pin_list>
<bind>
<opcode="sparsemux(1197) " fcode="sparsemux"/>
<opset="tmp_15/4 "/>
</bind>
</comp>

<comp id="1404" class="1004" name="tmp_16_fu_1404">
<pin_list>
<pin id="1405" dir="0" index="0" bw="16" slack="0"/>
<pin id="1406" dir="0" index="1" bw="1" slack="0"/>
<pin id="1407" dir="0" index="2" bw="16" slack="0"/>
<pin id="1408" dir="0" index="3" bw="1" slack="0"/>
<pin id="1409" dir="0" index="4" bw="16" slack="0"/>
<pin id="1410" dir="0" index="5" bw="3" slack="0"/>
<pin id="1411" dir="0" index="6" bw="16" slack="0"/>
<pin id="1412" dir="0" index="7" bw="3" slack="0"/>
<pin id="1413" dir="0" index="8" bw="16" slack="0"/>
<pin id="1414" dir="0" index="9" bw="3" slack="0"/>
<pin id="1415" dir="0" index="10" bw="16" slack="0"/>
<pin id="1416" dir="0" index="11" bw="3" slack="0"/>
<pin id="1417" dir="0" index="12" bw="16" slack="0"/>
<pin id="1418" dir="0" index="13" bw="2" slack="0"/>
<pin id="1419" dir="0" index="14" bw="16" slack="0"/>
<pin id="1420" dir="0" index="15" bw="1" slack="0"/>
<pin id="1421" dir="0" index="16" bw="16" slack="0"/>
<pin id="1422" dir="0" index="17" bw="1" slack="0"/>
<pin id="1423" dir="0" index="18" bw="3" slack="1"/>
<pin id="1424" dir="1" index="19" bw="16" slack="0"/>
</pin_list>
<bind>
<opcode="sparsemux(1197) " fcode="sparsemux"/>
<opset="tmp_16/4 "/>
</bind>
</comp>

<comp id="1443" class="1004" name="tmp_17_fu_1443">
<pin_list>
<pin id="1444" dir="0" index="0" bw="16" slack="0"/>
<pin id="1445" dir="0" index="1" bw="1" slack="0"/>
<pin id="1446" dir="0" index="2" bw="16" slack="0"/>
<pin id="1447" dir="0" index="3" bw="1" slack="0"/>
<pin id="1448" dir="0" index="4" bw="16" slack="0"/>
<pin id="1449" dir="0" index="5" bw="3" slack="0"/>
<pin id="1450" dir="0" index="6" bw="16" slack="0"/>
<pin id="1451" dir="0" index="7" bw="3" slack="0"/>
<pin id="1452" dir="0" index="8" bw="16" slack="0"/>
<pin id="1453" dir="0" index="9" bw="3" slack="0"/>
<pin id="1454" dir="0" index="10" bw="16" slack="0"/>
<pin id="1455" dir="0" index="11" bw="3" slack="0"/>
<pin id="1456" dir="0" index="12" bw="16" slack="0"/>
<pin id="1457" dir="0" index="13" bw="2" slack="0"/>
<pin id="1458" dir="0" index="14" bw="16" slack="0"/>
<pin id="1459" dir="0" index="15" bw="1" slack="0"/>
<pin id="1460" dir="0" index="16" bw="16" slack="0"/>
<pin id="1461" dir="0" index="17" bw="1" slack="0"/>
<pin id="1462" dir="0" index="18" bw="3" slack="1"/>
<pin id="1463" dir="1" index="19" bw="16" slack="0"/>
</pin_list>
<bind>
<opcode="sparsemux(1197) " fcode="sparsemux"/>
<opset="tmp_17/4 "/>
</bind>
</comp>

<comp id="1482" class="1004" name="tmp_18_fu_1482">
<pin_list>
<pin id="1483" dir="0" index="0" bw="16" slack="0"/>
<pin id="1484" dir="0" index="1" bw="1" slack="0"/>
<pin id="1485" dir="0" index="2" bw="16" slack="0"/>
<pin id="1486" dir="0" index="3" bw="1" slack="0"/>
<pin id="1487" dir="0" index="4" bw="16" slack="0"/>
<pin id="1488" dir="0" index="5" bw="3" slack="0"/>
<pin id="1489" dir="0" index="6" bw="16" slack="0"/>
<pin id="1490" dir="0" index="7" bw="3" slack="0"/>
<pin id="1491" dir="0" index="8" bw="16" slack="0"/>
<pin id="1492" dir="0" index="9" bw="3" slack="0"/>
<pin id="1493" dir="0" index="10" bw="16" slack="0"/>
<pin id="1494" dir="0" index="11" bw="3" slack="0"/>
<pin id="1495" dir="0" index="12" bw="16" slack="0"/>
<pin id="1496" dir="0" index="13" bw="2" slack="0"/>
<pin id="1497" dir="0" index="14" bw="16" slack="0"/>
<pin id="1498" dir="0" index="15" bw="1" slack="0"/>
<pin id="1499" dir="0" index="16" bw="16" slack="0"/>
<pin id="1500" dir="0" index="17" bw="1" slack="0"/>
<pin id="1501" dir="0" index="18" bw="3" slack="1"/>
<pin id="1502" dir="1" index="19" bw="16" slack="0"/>
</pin_list>
<bind>
<opcode="sparsemux(1197) " fcode="sparsemux"/>
<opset="tmp_18/4 "/>
</bind>
</comp>

<comp id="1521" class="1004" name="tmp_19_fu_1521">
<pin_list>
<pin id="1522" dir="0" index="0" bw="16" slack="0"/>
<pin id="1523" dir="0" index="1" bw="1" slack="0"/>
<pin id="1524" dir="0" index="2" bw="16" slack="0"/>
<pin id="1525" dir="0" index="3" bw="1" slack="0"/>
<pin id="1526" dir="0" index="4" bw="16" slack="0"/>
<pin id="1527" dir="0" index="5" bw="3" slack="0"/>
<pin id="1528" dir="0" index="6" bw="16" slack="0"/>
<pin id="1529" dir="0" index="7" bw="3" slack="0"/>
<pin id="1530" dir="0" index="8" bw="16" slack="0"/>
<pin id="1531" dir="0" index="9" bw="3" slack="0"/>
<pin id="1532" dir="0" index="10" bw="16" slack="0"/>
<pin id="1533" dir="0" index="11" bw="3" slack="0"/>
<pin id="1534" dir="0" index="12" bw="16" slack="0"/>
<pin id="1535" dir="0" index="13" bw="2" slack="0"/>
<pin id="1536" dir="0" index="14" bw="16" slack="0"/>
<pin id="1537" dir="0" index="15" bw="1" slack="0"/>
<pin id="1538" dir="0" index="16" bw="16" slack="0"/>
<pin id="1539" dir="0" index="17" bw="1" slack="0"/>
<pin id="1540" dir="0" index="18" bw="3" slack="1"/>
<pin id="1541" dir="1" index="19" bw="16" slack="0"/>
</pin_list>
<bind>
<opcode="sparsemux(1197) " fcode="sparsemux"/>
<opset="tmp_19/4 "/>
</bind>
</comp>

<comp id="1560" class="1004" name="tmp_20_fu_1560">
<pin_list>
<pin id="1561" dir="0" index="0" bw="16" slack="0"/>
<pin id="1562" dir="0" index="1" bw="1" slack="0"/>
<pin id="1563" dir="0" index="2" bw="16" slack="0"/>
<pin id="1564" dir="0" index="3" bw="1" slack="0"/>
<pin id="1565" dir="0" index="4" bw="16" slack="0"/>
<pin id="1566" dir="0" index="5" bw="3" slack="0"/>
<pin id="1567" dir="0" index="6" bw="16" slack="0"/>
<pin id="1568" dir="0" index="7" bw="3" slack="0"/>
<pin id="1569" dir="0" index="8" bw="16" slack="0"/>
<pin id="1570" dir="0" index="9" bw="3" slack="0"/>
<pin id="1571" dir="0" index="10" bw="16" slack="0"/>
<pin id="1572" dir="0" index="11" bw="3" slack="0"/>
<pin id="1573" dir="0" index="12" bw="16" slack="0"/>
<pin id="1574" dir="0" index="13" bw="2" slack="0"/>
<pin id="1575" dir="0" index="14" bw="16" slack="0"/>
<pin id="1576" dir="0" index="15" bw="1" slack="0"/>
<pin id="1577" dir="0" index="16" bw="16" slack="0"/>
<pin id="1578" dir="0" index="17" bw="1" slack="0"/>
<pin id="1579" dir="0" index="18" bw="3" slack="1"/>
<pin id="1580" dir="1" index="19" bw="16" slack="0"/>
</pin_list>
<bind>
<opcode="sparsemux(1197) " fcode="sparsemux"/>
<opset="tmp_20/4 "/>
</bind>
</comp>

<comp id="1599" class="1004" name="tmp_21_fu_1599">
<pin_list>
<pin id="1600" dir="0" index="0" bw="16" slack="0"/>
<pin id="1601" dir="0" index="1" bw="1" slack="0"/>
<pin id="1602" dir="0" index="2" bw="16" slack="0"/>
<pin id="1603" dir="0" index="3" bw="1" slack="0"/>
<pin id="1604" dir="0" index="4" bw="16" slack="0"/>
<pin id="1605" dir="0" index="5" bw="3" slack="0"/>
<pin id="1606" dir="0" index="6" bw="16" slack="0"/>
<pin id="1607" dir="0" index="7" bw="3" slack="0"/>
<pin id="1608" dir="0" index="8" bw="16" slack="0"/>
<pin id="1609" dir="0" index="9" bw="3" slack="0"/>
<pin id="1610" dir="0" index="10" bw="16" slack="0"/>
<pin id="1611" dir="0" index="11" bw="3" slack="0"/>
<pin id="1612" dir="0" index="12" bw="16" slack="0"/>
<pin id="1613" dir="0" index="13" bw="2" slack="0"/>
<pin id="1614" dir="0" index="14" bw="16" slack="0"/>
<pin id="1615" dir="0" index="15" bw="1" slack="0"/>
<pin id="1616" dir="0" index="16" bw="16" slack="0"/>
<pin id="1617" dir="0" index="17" bw="1" slack="0"/>
<pin id="1618" dir="0" index="18" bw="3" slack="2"/>
<pin id="1619" dir="1" index="19" bw="16" slack="1"/>
</pin_list>
<bind>
<opcode="sparsemux(1197) " fcode="sparsemux"/>
<opset="tmp_21/4 "/>
</bind>
</comp>

<comp id="1638" class="1005" name="i_reg_1638">
<pin_list>
<pin id="1639" dir="0" index="0" bw="32" slack="0"/>
<pin id="1640" dir="1" index="1" bw="32" slack="0"/>
</pin_list>
<bind>
<opset="i "/>
</bind>
</comp>

<comp id="1645" class="1005" name="j_reg_1645">
<pin_list>
<pin id="1646" dir="0" index="0" bw="32" slack="0"/>
<pin id="1647" dir="1" index="1" bw="32" slack="0"/>
</pin_list>
<bind>
<opset="j "/>
</bind>
</comp>

<comp id="1652" class="1005" name="loc_2_reg_1652">
<pin_list>
<pin id="1653" dir="0" index="0" bw="31" slack="0"/>
<pin id="1654" dir="1" index="1" bw="31" slack="0"/>
</pin_list>
<bind>
<opset="loc_2 "/>
</bind>
</comp>

<comp id="1659" class="1005" name="b_col_read_reg_1659">
<pin_list>
<pin id="1660" dir="0" index="0" bw="32" slack="1"/>
<pin id="1661" dir="1" index="1" bw="32" slack="1"/>
</pin_list>
<bind>
<opset="b_col_read "/>
</bind>
</comp>

<comp id="1664" class="1005" name="mul65_read_reg_1664">
<pin_list>
<pin id="1665" dir="0" index="0" bw="32" slack="1"/>
<pin id="1666" dir="1" index="1" bw="32" slack="1"/>
</pin_list>
<bind>
<opset="mul65_read "/>
</bind>
</comp>

<comp id="1669" class="1005" name="sext_ln208_cast_reg_1669">
<pin_list>
<pin id="1670" dir="0" index="0" bw="64" slack="1"/>
<pin id="1671" dir="1" index="1" bw="64" slack="1"/>
</pin_list>
<bind>
<opset="sext_ln208_cast "/>
</bind>
</comp>

<comp id="1674" class="1005" name="icmp_ln208_reg_1674">
<pin_list>
<pin id="1675" dir="0" index="0" bw="1" slack="1"/>
<pin id="1676" dir="1" index="1" bw="1" slack="2147483647"/>
</pin_list>
<bind>
<opset="icmp_ln208 "/>
</bind>
</comp>

<comp id="1678" class="1005" name="j_load_reg_1678">
<pin_list>
<pin id="1679" dir="0" index="0" bw="32" slack="1"/>
<pin id="1680" dir="1" index="1" bw="32" slack="1"/>
</pin_list>
<bind>
<opset="j_load "/>
</bind>
</comp>

<comp id="1683" class="1005" name="gmem2_addr_reg_1683">
<pin_list>
<pin id="1684" dir="0" index="0" bw="16" slack="3"/>
<pin id="1685" dir="1" index="1" bw="16" slack="3"/>
</pin_list>
<bind>
<opset="gmem2_addr "/>
</bind>
</comp>

<comp id="1688" class="1005" name="icmp_ln210_reg_1688">
<pin_list>
<pin id="1689" dir="0" index="0" bw="1" slack="1"/>
<pin id="1690" dir="1" index="1" bw="1" slack="1"/>
</pin_list>
<bind>
<opset="icmp_ln210 "/>
</bind>
</comp>

<comp id="1693" class="1005" name="trunc_ln210_reg_1693">
<pin_list>
<pin id="1694" dir="0" index="0" bw="3" slack="1"/>
<pin id="1695" dir="1" index="1" bw="3" slack="2"/>
</pin_list>
<bind>
<opset="trunc_ln210 "/>
</bind>
</comp>

<comp id="1698" class="1005" name="lshr_ln4_reg_1698">
<pin_list>
<pin id="1699" dir="0" index="0" bw="2" slack="1"/>
<pin id="1700" dir="1" index="1" bw="2" slack="1"/>
</pin_list>
<bind>
<opset="lshr_ln4 "/>
</bind>
</comp>

<comp id="1703" class="1005" name="trunc_ln208_reg_1703">
<pin_list>
<pin id="1704" dir="0" index="0" bw="3" slack="1"/>
<pin id="1705" dir="1" index="1" bw="3" slack="1"/>
</pin_list>
<bind>
<opset="trunc_ln208 "/>
</bind>
</comp>

<comp id="1715" class="1005" name="localC_addr_reg_1715">
<pin_list>
<pin id="1716" dir="0" index="0" bw="4" slack="1"/>
<pin id="1717" dir="1" index="1" bw="4" slack="1"/>
</pin_list>
<bind>
<opset="localC_addr "/>
</bind>
</comp>

<comp id="1720" class="1005" name="localC_1_addr_reg_1720">
<pin_list>
<pin id="1721" dir="0" index="0" bw="4" slack="1"/>
<pin id="1722" dir="1" index="1" bw="4" slack="1"/>
</pin_list>
<bind>
<opset="localC_1_addr "/>
</bind>
</comp>

<comp id="1725" class="1005" name="localC_2_addr_reg_1725">
<pin_list>
<pin id="1726" dir="0" index="0" bw="4" slack="1"/>
<pin id="1727" dir="1" index="1" bw="4" slack="1"/>
</pin_list>
<bind>
<opset="localC_2_addr "/>
</bind>
</comp>

<comp id="1730" class="1005" name="localC_3_addr_reg_1730">
<pin_list>
<pin id="1731" dir="0" index="0" bw="4" slack="1"/>
<pin id="1732" dir="1" index="1" bw="4" slack="1"/>
</pin_list>
<bind>
<opset="localC_3_addr "/>
</bind>
</comp>

<comp id="1735" class="1005" name="localC_4_addr_reg_1735">
<pin_list>
<pin id="1736" dir="0" index="0" bw="4" slack="1"/>
<pin id="1737" dir="1" index="1" bw="4" slack="1"/>
</pin_list>
<bind>
<opset="localC_4_addr "/>
</bind>
</comp>

<comp id="1740" class="1005" name="localC_5_addr_reg_1740">
<pin_list>
<pin id="1741" dir="0" index="0" bw="4" slack="1"/>
<pin id="1742" dir="1" index="1" bw="4" slack="1"/>
</pin_list>
<bind>
<opset="localC_5_addr "/>
</bind>
</comp>

<comp id="1745" class="1005" name="localC_6_addr_reg_1745">
<pin_list>
<pin id="1746" dir="0" index="0" bw="4" slack="1"/>
<pin id="1747" dir="1" index="1" bw="4" slack="1"/>
</pin_list>
<bind>
<opset="localC_6_addr "/>
</bind>
</comp>

<comp id="1750" class="1005" name="localC_7_addr_reg_1750">
<pin_list>
<pin id="1751" dir="0" index="0" bw="4" slack="1"/>
<pin id="1752" dir="1" index="1" bw="4" slack="1"/>
</pin_list>
<bind>
<opset="localC_7_addr "/>
</bind>
</comp>

<comp id="1755" class="1005" name="localC_8_addr_reg_1755">
<pin_list>
<pin id="1756" dir="0" index="0" bw="4" slack="1"/>
<pin id="1757" dir="1" index="1" bw="4" slack="1"/>
</pin_list>
<bind>
<opset="localC_8_addr "/>
</bind>
</comp>

<comp id="1760" class="1005" name="localC_9_addr_reg_1760">
<pin_list>
<pin id="1761" dir="0" index="0" bw="4" slack="1"/>
<pin id="1762" dir="1" index="1" bw="4" slack="1"/>
</pin_list>
<bind>
<opset="localC_9_addr "/>
</bind>
</comp>

<comp id="1765" class="1005" name="localC_10_addr_reg_1765">
<pin_list>
<pin id="1766" dir="0" index="0" bw="4" slack="1"/>
<pin id="1767" dir="1" index="1" bw="4" slack="1"/>
</pin_list>
<bind>
<opset="localC_10_addr "/>
</bind>
</comp>

<comp id="1770" class="1005" name="localC_11_addr_reg_1770">
<pin_list>
<pin id="1771" dir="0" index="0" bw="4" slack="1"/>
<pin id="1772" dir="1" index="1" bw="4" slack="1"/>
</pin_list>
<bind>
<opset="localC_11_addr "/>
</bind>
</comp>

<comp id="1775" class="1005" name="localC_12_addr_reg_1775">
<pin_list>
<pin id="1776" dir="0" index="0" bw="4" slack="1"/>
<pin id="1777" dir="1" index="1" bw="4" slack="1"/>
</pin_list>
<bind>
<opset="localC_12_addr "/>
</bind>
</comp>

<comp id="1780" class="1005" name="localC_13_addr_reg_1780">
<pin_list>
<pin id="1781" dir="0" index="0" bw="4" slack="1"/>
<pin id="1782" dir="1" index="1" bw="4" slack="1"/>
</pin_list>
<bind>
<opset="localC_13_addr "/>
</bind>
</comp>

<comp id="1785" class="1005" name="localC_14_addr_reg_1785">
<pin_list>
<pin id="1786" dir="0" index="0" bw="4" slack="1"/>
<pin id="1787" dir="1" index="1" bw="4" slack="1"/>
</pin_list>
<bind>
<opset="localC_14_addr "/>
</bind>
</comp>

<comp id="1790" class="1005" name="localC_15_addr_reg_1790">
<pin_list>
<pin id="1791" dir="0" index="0" bw="4" slack="1"/>
<pin id="1792" dir="1" index="1" bw="4" slack="1"/>
</pin_list>
<bind>
<opset="localC_15_addr "/>
</bind>
</comp>

<comp id="1795" class="1005" name="localC_16_addr_reg_1795">
<pin_list>
<pin id="1796" dir="0" index="0" bw="4" slack="1"/>
<pin id="1797" dir="1" index="1" bw="4" slack="1"/>
</pin_list>
<bind>
<opset="localC_16_addr "/>
</bind>
</comp>

<comp id="1800" class="1005" name="localC_17_addr_reg_1800">
<pin_list>
<pin id="1801" dir="0" index="0" bw="4" slack="1"/>
<pin id="1802" dir="1" index="1" bw="4" slack="1"/>
</pin_list>
<bind>
<opset="localC_17_addr "/>
</bind>
</comp>

<comp id="1805" class="1005" name="localC_18_addr_reg_1805">
<pin_list>
<pin id="1806" dir="0" index="0" bw="4" slack="1"/>
<pin id="1807" dir="1" index="1" bw="4" slack="1"/>
</pin_list>
<bind>
<opset="localC_18_addr "/>
</bind>
</comp>

<comp id="1810" class="1005" name="localC_19_addr_reg_1810">
<pin_list>
<pin id="1811" dir="0" index="0" bw="4" slack="1"/>
<pin id="1812" dir="1" index="1" bw="4" slack="1"/>
</pin_list>
<bind>
<opset="localC_19_addr "/>
</bind>
</comp>

<comp id="1815" class="1005" name="localC_20_addr_reg_1815">
<pin_list>
<pin id="1816" dir="0" index="0" bw="4" slack="1"/>
<pin id="1817" dir="1" index="1" bw="4" slack="1"/>
</pin_list>
<bind>
<opset="localC_20_addr "/>
</bind>
</comp>

<comp id="1820" class="1005" name="localC_21_addr_reg_1820">
<pin_list>
<pin id="1821" dir="0" index="0" bw="4" slack="1"/>
<pin id="1822" dir="1" index="1" bw="4" slack="1"/>
</pin_list>
<bind>
<opset="localC_21_addr "/>
</bind>
</comp>

<comp id="1825" class="1005" name="localC_22_addr_reg_1825">
<pin_list>
<pin id="1826" dir="0" index="0" bw="4" slack="1"/>
<pin id="1827" dir="1" index="1" bw="4" slack="1"/>
</pin_list>
<bind>
<opset="localC_22_addr "/>
</bind>
</comp>

<comp id="1830" class="1005" name="localC_23_addr_reg_1830">
<pin_list>
<pin id="1831" dir="0" index="0" bw="4" slack="1"/>
<pin id="1832" dir="1" index="1" bw="4" slack="1"/>
</pin_list>
<bind>
<opset="localC_23_addr "/>
</bind>
</comp>

<comp id="1835" class="1005" name="localC_24_addr_reg_1835">
<pin_list>
<pin id="1836" dir="0" index="0" bw="4" slack="1"/>
<pin id="1837" dir="1" index="1" bw="4" slack="1"/>
</pin_list>
<bind>
<opset="localC_24_addr "/>
</bind>
</comp>

<comp id="1840" class="1005" name="localC_25_addr_reg_1840">
<pin_list>
<pin id="1841" dir="0" index="0" bw="4" slack="1"/>
<pin id="1842" dir="1" index="1" bw="4" slack="1"/>
</pin_list>
<bind>
<opset="localC_25_addr "/>
</bind>
</comp>

<comp id="1845" class="1005" name="localC_26_addr_reg_1845">
<pin_list>
<pin id="1846" dir="0" index="0" bw="4" slack="1"/>
<pin id="1847" dir="1" index="1" bw="4" slack="1"/>
</pin_list>
<bind>
<opset="localC_26_addr "/>
</bind>
</comp>

<comp id="1850" class="1005" name="localC_27_addr_reg_1850">
<pin_list>
<pin id="1851" dir="0" index="0" bw="4" slack="1"/>
<pin id="1852" dir="1" index="1" bw="4" slack="1"/>
</pin_list>
<bind>
<opset="localC_27_addr "/>
</bind>
</comp>

<comp id="1855" class="1005" name="localC_28_addr_reg_1855">
<pin_list>
<pin id="1856" dir="0" index="0" bw="4" slack="1"/>
<pin id="1857" dir="1" index="1" bw="4" slack="1"/>
</pin_list>
<bind>
<opset="localC_28_addr "/>
</bind>
</comp>

<comp id="1860" class="1005" name="localC_29_addr_reg_1860">
<pin_list>
<pin id="1861" dir="0" index="0" bw="4" slack="1"/>
<pin id="1862" dir="1" index="1" bw="4" slack="1"/>
</pin_list>
<bind>
<opset="localC_29_addr "/>
</bind>
</comp>

<comp id="1865" class="1005" name="localC_30_addr_reg_1865">
<pin_list>
<pin id="1866" dir="0" index="0" bw="4" slack="1"/>
<pin id="1867" dir="1" index="1" bw="4" slack="1"/>
</pin_list>
<bind>
<opset="localC_30_addr "/>
</bind>
</comp>

<comp id="1870" class="1005" name="localC_31_addr_reg_1870">
<pin_list>
<pin id="1871" dir="0" index="0" bw="4" slack="1"/>
<pin id="1872" dir="1" index="1" bw="4" slack="1"/>
</pin_list>
<bind>
<opset="localC_31_addr "/>
</bind>
</comp>

<comp id="1875" class="1005" name="localC_32_addr_reg_1875">
<pin_list>
<pin id="1876" dir="0" index="0" bw="4" slack="1"/>
<pin id="1877" dir="1" index="1" bw="4" slack="1"/>
</pin_list>
<bind>
<opset="localC_32_addr "/>
</bind>
</comp>

<comp id="1880" class="1005" name="localC_33_addr_reg_1880">
<pin_list>
<pin id="1881" dir="0" index="0" bw="4" slack="1"/>
<pin id="1882" dir="1" index="1" bw="4" slack="1"/>
</pin_list>
<bind>
<opset="localC_33_addr "/>
</bind>
</comp>

<comp id="1885" class="1005" name="localC_34_addr_reg_1885">
<pin_list>
<pin id="1886" dir="0" index="0" bw="4" slack="1"/>
<pin id="1887" dir="1" index="1" bw="4" slack="1"/>
</pin_list>
<bind>
<opset="localC_34_addr "/>
</bind>
</comp>

<comp id="1890" class="1005" name="localC_35_addr_reg_1890">
<pin_list>
<pin id="1891" dir="0" index="0" bw="4" slack="1"/>
<pin id="1892" dir="1" index="1" bw="4" slack="1"/>
</pin_list>
<bind>
<opset="localC_35_addr "/>
</bind>
</comp>

<comp id="1895" class="1005" name="localC_36_addr_reg_1895">
<pin_list>
<pin id="1896" dir="0" index="0" bw="4" slack="1"/>
<pin id="1897" dir="1" index="1" bw="4" slack="1"/>
</pin_list>
<bind>
<opset="localC_36_addr "/>
</bind>
</comp>

<comp id="1900" class="1005" name="localC_37_addr_reg_1900">
<pin_list>
<pin id="1901" dir="0" index="0" bw="4" slack="1"/>
<pin id="1902" dir="1" index="1" bw="4" slack="1"/>
</pin_list>
<bind>
<opset="localC_37_addr "/>
</bind>
</comp>

<comp id="1905" class="1005" name="localC_38_addr_reg_1905">
<pin_list>
<pin id="1906" dir="0" index="0" bw="4" slack="1"/>
<pin id="1907" dir="1" index="1" bw="4" slack="1"/>
</pin_list>
<bind>
<opset="localC_38_addr "/>
</bind>
</comp>

<comp id="1910" class="1005" name="localC_39_addr_reg_1910">
<pin_list>
<pin id="1911" dir="0" index="0" bw="4" slack="1"/>
<pin id="1912" dir="1" index="1" bw="4" slack="1"/>
</pin_list>
<bind>
<opset="localC_39_addr "/>
</bind>
</comp>

<comp id="1915" class="1005" name="localC_40_addr_reg_1915">
<pin_list>
<pin id="1916" dir="0" index="0" bw="4" slack="1"/>
<pin id="1917" dir="1" index="1" bw="4" slack="1"/>
</pin_list>
<bind>
<opset="localC_40_addr "/>
</bind>
</comp>

<comp id="1920" class="1005" name="localC_41_addr_reg_1920">
<pin_list>
<pin id="1921" dir="0" index="0" bw="4" slack="1"/>
<pin id="1922" dir="1" index="1" bw="4" slack="1"/>
</pin_list>
<bind>
<opset="localC_41_addr "/>
</bind>
</comp>

<comp id="1925" class="1005" name="localC_42_addr_reg_1925">
<pin_list>
<pin id="1926" dir="0" index="0" bw="4" slack="1"/>
<pin id="1927" dir="1" index="1" bw="4" slack="1"/>
</pin_list>
<bind>
<opset="localC_42_addr "/>
</bind>
</comp>

<comp id="1930" class="1005" name="localC_43_addr_reg_1930">
<pin_list>
<pin id="1931" dir="0" index="0" bw="4" slack="1"/>
<pin id="1932" dir="1" index="1" bw="4" slack="1"/>
</pin_list>
<bind>
<opset="localC_43_addr "/>
</bind>
</comp>

<comp id="1935" class="1005" name="localC_44_addr_reg_1935">
<pin_list>
<pin id="1936" dir="0" index="0" bw="4" slack="1"/>
<pin id="1937" dir="1" index="1" bw="4" slack="1"/>
</pin_list>
<bind>
<opset="localC_44_addr "/>
</bind>
</comp>

<comp id="1940" class="1005" name="localC_45_addr_reg_1940">
<pin_list>
<pin id="1941" dir="0" index="0" bw="4" slack="1"/>
<pin id="1942" dir="1" index="1" bw="4" slack="1"/>
</pin_list>
<bind>
<opset="localC_45_addr "/>
</bind>
</comp>

<comp id="1945" class="1005" name="localC_46_addr_reg_1945">
<pin_list>
<pin id="1946" dir="0" index="0" bw="4" slack="1"/>
<pin id="1947" dir="1" index="1" bw="4" slack="1"/>
</pin_list>
<bind>
<opset="localC_46_addr "/>
</bind>
</comp>

<comp id="1950" class="1005" name="localC_47_addr_reg_1950">
<pin_list>
<pin id="1951" dir="0" index="0" bw="4" slack="1"/>
<pin id="1952" dir="1" index="1" bw="4" slack="1"/>
</pin_list>
<bind>
<opset="localC_47_addr "/>
</bind>
</comp>

<comp id="1955" class="1005" name="localC_48_addr_reg_1955">
<pin_list>
<pin id="1956" dir="0" index="0" bw="4" slack="1"/>
<pin id="1957" dir="1" index="1" bw="4" slack="1"/>
</pin_list>
<bind>
<opset="localC_48_addr "/>
</bind>
</comp>

<comp id="1960" class="1005" name="localC_49_addr_reg_1960">
<pin_list>
<pin id="1961" dir="0" index="0" bw="4" slack="1"/>
<pin id="1962" dir="1" index="1" bw="4" slack="1"/>
</pin_list>
<bind>
<opset="localC_49_addr "/>
</bind>
</comp>

<comp id="1965" class="1005" name="localC_50_addr_reg_1965">
<pin_list>
<pin id="1966" dir="0" index="0" bw="4" slack="1"/>
<pin id="1967" dir="1" index="1" bw="4" slack="1"/>
</pin_list>
<bind>
<opset="localC_50_addr "/>
</bind>
</comp>

<comp id="1970" class="1005" name="localC_51_addr_reg_1970">
<pin_list>
<pin id="1971" dir="0" index="0" bw="4" slack="1"/>
<pin id="1972" dir="1" index="1" bw="4" slack="1"/>
</pin_list>
<bind>
<opset="localC_51_addr "/>
</bind>
</comp>

<comp id="1975" class="1005" name="localC_52_addr_reg_1975">
<pin_list>
<pin id="1976" dir="0" index="0" bw="4" slack="1"/>
<pin id="1977" dir="1" index="1" bw="4" slack="1"/>
</pin_list>
<bind>
<opset="localC_52_addr "/>
</bind>
</comp>

<comp id="1980" class="1005" name="localC_53_addr_reg_1980">
<pin_list>
<pin id="1981" dir="0" index="0" bw="4" slack="1"/>
<pin id="1982" dir="1" index="1" bw="4" slack="1"/>
</pin_list>
<bind>
<opset="localC_53_addr "/>
</bind>
</comp>

<comp id="1985" class="1005" name="localC_54_addr_reg_1985">
<pin_list>
<pin id="1986" dir="0" index="0" bw="4" slack="1"/>
<pin id="1987" dir="1" index="1" bw="4" slack="1"/>
</pin_list>
<bind>
<opset="localC_54_addr "/>
</bind>
</comp>

<comp id="1990" class="1005" name="localC_55_addr_reg_1990">
<pin_list>
<pin id="1991" dir="0" index="0" bw="4" slack="1"/>
<pin id="1992" dir="1" index="1" bw="4" slack="1"/>
</pin_list>
<bind>
<opset="localC_55_addr "/>
</bind>
</comp>

<comp id="1995" class="1005" name="localC_56_addr_reg_1995">
<pin_list>
<pin id="1996" dir="0" index="0" bw="4" slack="1"/>
<pin id="1997" dir="1" index="1" bw="4" slack="1"/>
</pin_list>
<bind>
<opset="localC_56_addr "/>
</bind>
</comp>

<comp id="2000" class="1005" name="localC_57_addr_reg_2000">
<pin_list>
<pin id="2001" dir="0" index="0" bw="4" slack="1"/>
<pin id="2002" dir="1" index="1" bw="4" slack="1"/>
</pin_list>
<bind>
<opset="localC_57_addr "/>
</bind>
</comp>

<comp id="2005" class="1005" name="localC_58_addr_reg_2005">
<pin_list>
<pin id="2006" dir="0" index="0" bw="4" slack="1"/>
<pin id="2007" dir="1" index="1" bw="4" slack="1"/>
</pin_list>
<bind>
<opset="localC_58_addr "/>
</bind>
</comp>

<comp id="2010" class="1005" name="localC_59_addr_reg_2010">
<pin_list>
<pin id="2011" dir="0" index="0" bw="4" slack="1"/>
<pin id="2012" dir="1" index="1" bw="4" slack="1"/>
</pin_list>
<bind>
<opset="localC_59_addr "/>
</bind>
</comp>

<comp id="2015" class="1005" name="localC_60_addr_reg_2015">
<pin_list>
<pin id="2016" dir="0" index="0" bw="4" slack="1"/>
<pin id="2017" dir="1" index="1" bw="4" slack="1"/>
</pin_list>
<bind>
<opset="localC_60_addr "/>
</bind>
</comp>

<comp id="2020" class="1005" name="localC_61_addr_reg_2020">
<pin_list>
<pin id="2021" dir="0" index="0" bw="4" slack="1"/>
<pin id="2022" dir="1" index="1" bw="4" slack="1"/>
</pin_list>
<bind>
<opset="localC_61_addr "/>
</bind>
</comp>

<comp id="2025" class="1005" name="localC_62_addr_reg_2025">
<pin_list>
<pin id="2026" dir="0" index="0" bw="4" slack="1"/>
<pin id="2027" dir="1" index="1" bw="4" slack="1"/>
</pin_list>
<bind>
<opset="localC_62_addr "/>
</bind>
</comp>

<comp id="2030" class="1005" name="localC_63_addr_reg_2030">
<pin_list>
<pin id="2031" dir="0" index="0" bw="4" slack="1"/>
<pin id="2032" dir="1" index="1" bw="4" slack="1"/>
</pin_list>
<bind>
<opset="localC_63_addr "/>
</bind>
</comp>

<comp id="2035" class="1005" name="tmp_21_reg_2035">
<pin_list>
<pin id="2036" dir="0" index="0" bw="16" slack="1"/>
<pin id="2037" dir="1" index="1" bw="16" slack="1"/>
</pin_list>
<bind>
<opset="tmp_21 "/>
</bind>
</comp>

</comp_list>

<net_list>
<net id="217"><net_src comp="136" pin="0"/><net_sink comp="214" pin=0"/></net>

<net id="221"><net_src comp="136" pin="0"/><net_sink comp="218" pin=0"/></net>

<net id="225"><net_src comp="136" pin="0"/><net_sink comp="222" pin=0"/></net>

<net id="230"><net_src comp="138" pin="0"/><net_sink comp="226" pin=0"/></net>

<net id="231"><net_src comp="6" pin="0"/><net_sink comp="226" pin=1"/></net>

<net id="236"><net_src comp="140" pin="0"/><net_sink comp="232" pin=0"/></net>

<net id="237"><net_src comp="4" pin="0"/><net_sink comp="232" pin=1"/></net>

<net id="242"><net_src comp="138" pin="0"/><net_sink comp="238" pin=0"/></net>

<net id="243"><net_src comp="2" pin="0"/><net_sink comp="238" pin=1"/></net>

<net id="250"><net_src comp="210" pin="0"/><net_sink comp="244" pin=0"/></net>

<net id="251"><net_src comp="212" pin="0"/><net_sink comp="244" pin=3"/></net>

<net id="257"><net_src comp="8" pin="0"/><net_sink comp="252" pin=0"/></net>

<net id="258"><net_src comp="178" pin="0"/><net_sink comp="252" pin=1"/></net>

<net id="264"><net_src comp="10" pin="0"/><net_sink comp="259" pin=0"/></net>

<net id="265"><net_src comp="178" pin="0"/><net_sink comp="259" pin=1"/></net>

<net id="271"><net_src comp="12" pin="0"/><net_sink comp="266" pin=0"/></net>

<net id="272"><net_src comp="178" pin="0"/><net_sink comp="266" pin=1"/></net>

<net id="278"><net_src comp="14" pin="0"/><net_sink comp="273" pin=0"/></net>

<net id="279"><net_src comp="178" pin="0"/><net_sink comp="273" pin=1"/></net>

<net id="285"><net_src comp="16" pin="0"/><net_sink comp="280" pin=0"/></net>

<net id="286"><net_src comp="178" pin="0"/><net_sink comp="280" pin=1"/></net>

<net id="292"><net_src comp="18" pin="0"/><net_sink comp="287" pin=0"/></net>

<net id="293"><net_src comp="178" pin="0"/><net_sink comp="287" pin=1"/></net>

<net id="299"><net_src comp="20" pin="0"/><net_sink comp="294" pin=0"/></net>

<net id="300"><net_src comp="178" pin="0"/><net_sink comp="294" pin=1"/></net>

<net id="306"><net_src comp="22" pin="0"/><net_sink comp="301" pin=0"/></net>

<net id="307"><net_src comp="178" pin="0"/><net_sink comp="301" pin=1"/></net>

<net id="313"><net_src comp="24" pin="0"/><net_sink comp="308" pin=0"/></net>

<net id="314"><net_src comp="178" pin="0"/><net_sink comp="308" pin=1"/></net>

<net id="320"><net_src comp="26" pin="0"/><net_sink comp="315" pin=0"/></net>

<net id="321"><net_src comp="178" pin="0"/><net_sink comp="315" pin=1"/></net>

<net id="327"><net_src comp="28" pin="0"/><net_sink comp="322" pin=0"/></net>

<net id="328"><net_src comp="178" pin="0"/><net_sink comp="322" pin=1"/></net>

<net id="334"><net_src comp="30" pin="0"/><net_sink comp="329" pin=0"/></net>

<net id="335"><net_src comp="178" pin="0"/><net_sink comp="329" pin=1"/></net>

<net id="341"><net_src comp="32" pin="0"/><net_sink comp="336" pin=0"/></net>

<net id="342"><net_src comp="178" pin="0"/><net_sink comp="336" pin=1"/></net>

<net id="348"><net_src comp="34" pin="0"/><net_sink comp="343" pin=0"/></net>

<net id="349"><net_src comp="178" pin="0"/><net_sink comp="343" pin=1"/></net>

<net id="355"><net_src comp="36" pin="0"/><net_sink comp="350" pin=0"/></net>

<net id="356"><net_src comp="178" pin="0"/><net_sink comp="350" pin=1"/></net>

<net id="362"><net_src comp="38" pin="0"/><net_sink comp="357" pin=0"/></net>

<net id="363"><net_src comp="178" pin="0"/><net_sink comp="357" pin=1"/></net>

<net id="369"><net_src comp="40" pin="0"/><net_sink comp="364" pin=0"/></net>

<net id="370"><net_src comp="178" pin="0"/><net_sink comp="364" pin=1"/></net>

<net id="376"><net_src comp="42" pin="0"/><net_sink comp="371" pin=0"/></net>

<net id="377"><net_src comp="178" pin="0"/><net_sink comp="371" pin=1"/></net>

<net id="383"><net_src comp="44" pin="0"/><net_sink comp="378" pin=0"/></net>

<net id="384"><net_src comp="178" pin="0"/><net_sink comp="378" pin=1"/></net>

<net id="390"><net_src comp="46" pin="0"/><net_sink comp="385" pin=0"/></net>

<net id="391"><net_src comp="178" pin="0"/><net_sink comp="385" pin=1"/></net>

<net id="397"><net_src comp="48" pin="0"/><net_sink comp="392" pin=0"/></net>

<net id="398"><net_src comp="178" pin="0"/><net_sink comp="392" pin=1"/></net>

<net id="404"><net_src comp="50" pin="0"/><net_sink comp="399" pin=0"/></net>

<net id="405"><net_src comp="178" pin="0"/><net_sink comp="399" pin=1"/></net>

<net id="411"><net_src comp="52" pin="0"/><net_sink comp="406" pin=0"/></net>

<net id="412"><net_src comp="178" pin="0"/><net_sink comp="406" pin=1"/></net>

<net id="418"><net_src comp="54" pin="0"/><net_sink comp="413" pin=0"/></net>

<net id="419"><net_src comp="178" pin="0"/><net_sink comp="413" pin=1"/></net>

<net id="425"><net_src comp="56" pin="0"/><net_sink comp="420" pin=0"/></net>

<net id="426"><net_src comp="178" pin="0"/><net_sink comp="420" pin=1"/></net>

<net id="432"><net_src comp="58" pin="0"/><net_sink comp="427" pin=0"/></net>

<net id="433"><net_src comp="178" pin="0"/><net_sink comp="427" pin=1"/></net>

<net id="439"><net_src comp="60" pin="0"/><net_sink comp="434" pin=0"/></net>

<net id="440"><net_src comp="178" pin="0"/><net_sink comp="434" pin=1"/></net>

<net id="446"><net_src comp="62" pin="0"/><net_sink comp="441" pin=0"/></net>

<net id="447"><net_src comp="178" pin="0"/><net_sink comp="441" pin=1"/></net>

<net id="453"><net_src comp="64" pin="0"/><net_sink comp="448" pin=0"/></net>

<net id="454"><net_src comp="178" pin="0"/><net_sink comp="448" pin=1"/></net>

<net id="460"><net_src comp="66" pin="0"/><net_sink comp="455" pin=0"/></net>

<net id="461"><net_src comp="178" pin="0"/><net_sink comp="455" pin=1"/></net>

<net id="467"><net_src comp="68" pin="0"/><net_sink comp="462" pin=0"/></net>

<net id="468"><net_src comp="178" pin="0"/><net_sink comp="462" pin=1"/></net>

<net id="474"><net_src comp="70" pin="0"/><net_sink comp="469" pin=0"/></net>

<net id="475"><net_src comp="178" pin="0"/><net_sink comp="469" pin=1"/></net>

<net id="481"><net_src comp="72" pin="0"/><net_sink comp="476" pin=0"/></net>

<net id="482"><net_src comp="178" pin="0"/><net_sink comp="476" pin=1"/></net>

<net id="488"><net_src comp="74" pin="0"/><net_sink comp="483" pin=0"/></net>

<net id="489"><net_src comp="178" pin="0"/><net_sink comp="483" pin=1"/></net>

<net id="495"><net_src comp="76" pin="0"/><net_sink comp="490" pin=0"/></net>

<net id="496"><net_src comp="178" pin="0"/><net_sink comp="490" pin=1"/></net>

<net id="502"><net_src comp="78" pin="0"/><net_sink comp="497" pin=0"/></net>

<net id="503"><net_src comp="178" pin="0"/><net_sink comp="497" pin=1"/></net>

<net id="509"><net_src comp="80" pin="0"/><net_sink comp="504" pin=0"/></net>

<net id="510"><net_src comp="178" pin="0"/><net_sink comp="504" pin=1"/></net>

<net id="516"><net_src comp="82" pin="0"/><net_sink comp="511" pin=0"/></net>

<net id="517"><net_src comp="178" pin="0"/><net_sink comp="511" pin=1"/></net>

<net id="523"><net_src comp="84" pin="0"/><net_sink comp="518" pin=0"/></net>

<net id="524"><net_src comp="178" pin="0"/><net_sink comp="518" pin=1"/></net>

<net id="530"><net_src comp="86" pin="0"/><net_sink comp="525" pin=0"/></net>

<net id="531"><net_src comp="178" pin="0"/><net_sink comp="525" pin=1"/></net>

<net id="537"><net_src comp="88" pin="0"/><net_sink comp="532" pin=0"/></net>

<net id="538"><net_src comp="178" pin="0"/><net_sink comp="532" pin=1"/></net>

<net id="544"><net_src comp="90" pin="0"/><net_sink comp="539" pin=0"/></net>

<net id="545"><net_src comp="178" pin="0"/><net_sink comp="539" pin=1"/></net>

<net id="551"><net_src comp="92" pin="0"/><net_sink comp="546" pin=0"/></net>

<net id="552"><net_src comp="178" pin="0"/><net_sink comp="546" pin=1"/></net>

<net id="558"><net_src comp="94" pin="0"/><net_sink comp="553" pin=0"/></net>

<net id="559"><net_src comp="178" pin="0"/><net_sink comp="553" pin=1"/></net>

<net id="565"><net_src comp="96" pin="0"/><net_sink comp="560" pin=0"/></net>

<net id="566"><net_src comp="178" pin="0"/><net_sink comp="560" pin=1"/></net>

<net id="572"><net_src comp="98" pin="0"/><net_sink comp="567" pin=0"/></net>

<net id="573"><net_src comp="178" pin="0"/><net_sink comp="567" pin=1"/></net>

<net id="579"><net_src comp="100" pin="0"/><net_sink comp="574" pin=0"/></net>

<net id="580"><net_src comp="178" pin="0"/><net_sink comp="574" pin=1"/></net>

<net id="586"><net_src comp="102" pin="0"/><net_sink comp="581" pin=0"/></net>

<net id="587"><net_src comp="178" pin="0"/><net_sink comp="581" pin=1"/></net>

<net id="593"><net_src comp="104" pin="0"/><net_sink comp="588" pin=0"/></net>

<net id="594"><net_src comp="178" pin="0"/><net_sink comp="588" pin=1"/></net>

<net id="600"><net_src comp="106" pin="0"/><net_sink comp="595" pin=0"/></net>

<net id="601"><net_src comp="178" pin="0"/><net_sink comp="595" pin=1"/></net>

<net id="607"><net_src comp="108" pin="0"/><net_sink comp="602" pin=0"/></net>

<net id="608"><net_src comp="178" pin="0"/><net_sink comp="602" pin=1"/></net>

<net id="614"><net_src comp="110" pin="0"/><net_sink comp="609" pin=0"/></net>

<net id="615"><net_src comp="178" pin="0"/><net_sink comp="609" pin=1"/></net>

<net id="621"><net_src comp="112" pin="0"/><net_sink comp="616" pin=0"/></net>

<net id="622"><net_src comp="178" pin="0"/><net_sink comp="616" pin=1"/></net>

<net id="628"><net_src comp="114" pin="0"/><net_sink comp="623" pin=0"/></net>

<net id="629"><net_src comp="178" pin="0"/><net_sink comp="623" pin=1"/></net>

<net id="635"><net_src comp="116" pin="0"/><net_sink comp="630" pin=0"/></net>

<net id="636"><net_src comp="178" pin="0"/><net_sink comp="630" pin=1"/></net>

<net id="642"><net_src comp="118" pin="0"/><net_sink comp="637" pin=0"/></net>

<net id="643"><net_src comp="178" pin="0"/><net_sink comp="637" pin=1"/></net>

<net id="649"><net_src comp="120" pin="0"/><net_sink comp="644" pin=0"/></net>

<net id="650"><net_src comp="178" pin="0"/><net_sink comp="644" pin=1"/></net>

<net id="656"><net_src comp="122" pin="0"/><net_sink comp="651" pin=0"/></net>

<net id="657"><net_src comp="178" pin="0"/><net_sink comp="651" pin=1"/></net>

<net id="663"><net_src comp="124" pin="0"/><net_sink comp="658" pin=0"/></net>

<net id="664"><net_src comp="178" pin="0"/><net_sink comp="658" pin=1"/></net>

<net id="670"><net_src comp="126" pin="0"/><net_sink comp="665" pin=0"/></net>

<net id="671"><net_src comp="178" pin="0"/><net_sink comp="665" pin=1"/></net>

<net id="677"><net_src comp="128" pin="0"/><net_sink comp="672" pin=0"/></net>

<net id="678"><net_src comp="178" pin="0"/><net_sink comp="672" pin=1"/></net>

<net id="684"><net_src comp="130" pin="0"/><net_sink comp="679" pin=0"/></net>

<net id="685"><net_src comp="178" pin="0"/><net_sink comp="679" pin=1"/></net>

<net id="691"><net_src comp="132" pin="0"/><net_sink comp="686" pin=0"/></net>

<net id="692"><net_src comp="178" pin="0"/><net_sink comp="686" pin=1"/></net>

<net id="698"><net_src comp="134" pin="0"/><net_sink comp="693" pin=0"/></net>

<net id="699"><net_src comp="178" pin="0"/><net_sink comp="693" pin=1"/></net>

<net id="705"><net_src comp="252" pin="3"/><net_sink comp="700" pin=0"/></net>

<net id="711"><net_src comp="259" pin="3"/><net_sink comp="706" pin=0"/></net>

<net id="717"><net_src comp="266" pin="3"/><net_sink comp="712" pin=0"/></net>

<net id="723"><net_src comp="273" pin="3"/><net_sink comp="718" pin=0"/></net>

<net id="729"><net_src comp="280" pin="3"/><net_sink comp="724" pin=0"/></net>

<net id="735"><net_src comp="287" pin="3"/><net_sink comp="730" pin=0"/></net>

<net id="741"><net_src comp="294" pin="3"/><net_sink comp="736" pin=0"/></net>

<net id="747"><net_src comp="301" pin="3"/><net_sink comp="742" pin=0"/></net>

<net id="753"><net_src comp="308" pin="3"/><net_sink comp="748" pin=0"/></net>

<net id="759"><net_src comp="315" pin="3"/><net_sink comp="754" pin=0"/></net>

<net id="765"><net_src comp="322" pin="3"/><net_sink comp="760" pin=0"/></net>

<net id="771"><net_src comp="329" pin="3"/><net_sink comp="766" pin=0"/></net>

<net id="777"><net_src comp="336" pin="3"/><net_sink comp="772" pin=0"/></net>

<net id="783"><net_src comp="343" pin="3"/><net_sink comp="778" pin=0"/></net>

<net id="789"><net_src comp="350" pin="3"/><net_sink comp="784" pin=0"/></net>

<net id="795"><net_src comp="357" pin="3"/><net_sink comp="790" pin=0"/></net>

<net id="801"><net_src comp="364" pin="3"/><net_sink comp="796" pin=0"/></net>

<net id="807"><net_src comp="371" pin="3"/><net_sink comp="802" pin=0"/></net>

<net id="813"><net_src comp="378" pin="3"/><net_sink comp="808" pin=0"/></net>

<net id="819"><net_src comp="385" pin="3"/><net_sink comp="814" pin=0"/></net>

<net id="825"><net_src comp="392" pin="3"/><net_sink comp="820" pin=0"/></net>

<net id="831"><net_src comp="399" pin="3"/><net_sink comp="826" pin=0"/></net>

<net id="837"><net_src comp="406" pin="3"/><net_sink comp="832" pin=0"/></net>

<net id="843"><net_src comp="413" pin="3"/><net_sink comp="838" pin=0"/></net>

<net id="849"><net_src comp="420" pin="3"/><net_sink comp="844" pin=0"/></net>

<net id="855"><net_src comp="427" pin="3"/><net_sink comp="850" pin=0"/></net>

<net id="861"><net_src comp="434" pin="3"/><net_sink comp="856" pin=0"/></net>

<net id="867"><net_src comp="441" pin="3"/><net_sink comp="862" pin=0"/></net>

<net id="873"><net_src comp="448" pin="3"/><net_sink comp="868" pin=0"/></net>

<net id="879"><net_src comp="455" pin="3"/><net_sink comp="874" pin=0"/></net>

<net id="885"><net_src comp="462" pin="3"/><net_sink comp="880" pin=0"/></net>

<net id="891"><net_src comp="469" pin="3"/><net_sink comp="886" pin=0"/></net>

<net id="897"><net_src comp="476" pin="3"/><net_sink comp="892" pin=0"/></net>

<net id="903"><net_src comp="483" pin="3"/><net_sink comp="898" pin=0"/></net>

<net id="909"><net_src comp="490" pin="3"/><net_sink comp="904" pin=0"/></net>

<net id="915"><net_src comp="497" pin="3"/><net_sink comp="910" pin=0"/></net>

<net id="921"><net_src comp="504" pin="3"/><net_sink comp="916" pin=0"/></net>

<net id="927"><net_src comp="511" pin="3"/><net_sink comp="922" pin=0"/></net>

<net id="933"><net_src comp="518" pin="3"/><net_sink comp="928" pin=0"/></net>

<net id="939"><net_src comp="525" pin="3"/><net_sink comp="934" pin=0"/></net>

<net id="945"><net_src comp="532" pin="3"/><net_sink comp="940" pin=0"/></net>

<net id="951"><net_src comp="539" pin="3"/><net_sink comp="946" pin=0"/></net>

<net id="957"><net_src comp="546" pin="3"/><net_sink comp="952" pin=0"/></net>

<net id="963"><net_src comp="553" pin="3"/><net_sink comp="958" pin=0"/></net>

<net id="969"><net_src comp="560" pin="3"/><net_sink comp="964" pin=0"/></net>

<net id="975"><net_src comp="567" pin="3"/><net_sink comp="970" pin=0"/></net>

<net id="981"><net_src comp="574" pin="3"/><net_sink comp="976" pin=0"/></net>

<net id="987"><net_src comp="581" pin="3"/><net_sink comp="982" pin=0"/></net>

<net id="993"><net_src comp="588" pin="3"/><net_sink comp="988" pin=0"/></net>

<net id="999"><net_src comp="595" pin="3"/><net_sink comp="994" pin=0"/></net>

<net id="1005"><net_src comp="602" pin="3"/><net_sink comp="1000" pin=0"/></net>

<net id="1011"><net_src comp="609" pin="3"/><net_sink comp="1006" pin=0"/></net>

<net id="1017"><net_src comp="616" pin="3"/><net_sink comp="1012" pin=0"/></net>

<net id="1023"><net_src comp="623" pin="3"/><net_sink comp="1018" pin=0"/></net>

<net id="1029"><net_src comp="630" pin="3"/><net_sink comp="1024" pin=0"/></net>

<net id="1035"><net_src comp="637" pin="3"/><net_sink comp="1030" pin=0"/></net>

<net id="1041"><net_src comp="644" pin="3"/><net_sink comp="1036" pin=0"/></net>

<net id="1047"><net_src comp="651" pin="3"/><net_sink comp="1042" pin=0"/></net>

<net id="1053"><net_src comp="658" pin="3"/><net_sink comp="1048" pin=0"/></net>

<net id="1059"><net_src comp="665" pin="3"/><net_sink comp="1054" pin=0"/></net>

<net id="1065"><net_src comp="672" pin="3"/><net_sink comp="1060" pin=0"/></net>

<net id="1071"><net_src comp="679" pin="3"/><net_sink comp="1066" pin=0"/></net>

<net id="1077"><net_src comp="686" pin="3"/><net_sink comp="1072" pin=0"/></net>

<net id="1083"><net_src comp="693" pin="3"/><net_sink comp="1078" pin=0"/></net>

<net id="1087"><net_src comp="232" pin="2"/><net_sink comp="1084" pin=0"/></net>

<net id="1092"><net_src comp="158" pin="0"/><net_sink comp="1088" pin=0"/></net>

<net id="1097"><net_src comp="146" pin="0"/><net_sink comp="1093" pin=0"/></net>

<net id="1102"><net_src comp="146" pin="0"/><net_sink comp="1098" pin=0"/></net>

<net id="1109"><net_src comp="1103" pin="1"/><net_sink comp="1106" pin=0"/></net>

<net id="1114"><net_src comp="1106" pin="1"/><net_sink comp="1110" pin=0"/></net>

<net id="1119"><net_src comp="1103" pin="1"/><net_sink comp="1115" pin=0"/></net>

<net id="1120"><net_src comp="162" pin="0"/><net_sink comp="1115" pin=1"/></net>

<net id="1131"><net_src comp="0" pin="0"/><net_sink comp="1127" pin=0"/></net>

<net id="1136"><net_src comp="1124" pin="1"/><net_sink comp="1132" pin=0"/></net>

<net id="1141"><net_src comp="1121" pin="1"/><net_sink comp="1137" pin=0"/></net>

<net id="1142"><net_src comp="136" pin="0"/><net_sink comp="1137" pin=1"/></net>

<net id="1148"><net_src comp="1132" pin="2"/><net_sink comp="1143" pin=0"/></net>

<net id="1149"><net_src comp="1137" pin="2"/><net_sink comp="1143" pin=1"/></net>

<net id="1150"><net_src comp="1121" pin="1"/><net_sink comp="1143" pin=2"/></net>

<net id="1154"><net_src comp="1143" pin="3"/><net_sink comp="1151" pin=0"/></net>

<net id="1161"><net_src comp="164" pin="0"/><net_sink comp="1155" pin=0"/></net>

<net id="1162"><net_src comp="1143" pin="3"/><net_sink comp="1155" pin=1"/></net>

<net id="1163"><net_src comp="166" pin="0"/><net_sink comp="1155" pin=2"/></net>

<net id="1164"><net_src comp="168" pin="0"/><net_sink comp="1155" pin=3"/></net>

<net id="1169"><net_src comp="1115" pin="2"/><net_sink comp="1165" pin=0"/></net>

<net id="1174"><net_src comp="1143" pin="3"/><net_sink comp="1170" pin=0"/></net>

<net id="1180"><net_src comp="170" pin="0"/><net_sink comp="1175" pin=0"/></net>

<net id="1181"><net_src comp="172" pin="0"/><net_sink comp="1175" pin=2"/></net>

<net id="1187"><net_src comp="146" pin="0"/><net_sink comp="1182" pin=1"/></net>

<net id="1191"><net_src comp="1182" pin="3"/><net_sink comp="1188" pin=0"/></net>

<net id="1198"><net_src comp="174" pin="0"/><net_sink comp="1192" pin=0"/></net>

<net id="1199"><net_src comp="1182" pin="3"/><net_sink comp="1192" pin=1"/></net>

<net id="1200"><net_src comp="166" pin="0"/><net_sink comp="1192" pin=2"/></net>

<net id="1201"><net_src comp="176" pin="0"/><net_sink comp="1192" pin=3"/></net>

<net id="1206"><net_src comp="1175" pin="3"/><net_sink comp="1202" pin=0"/></net>

<net id="1207"><net_src comp="1192" pin="4"/><net_sink comp="1202" pin=1"/></net>

<net id="1211"><net_src comp="1202" pin="2"/><net_sink comp="1208" pin=0"/></net>

<net id="1212"><net_src comp="1208" pin="1"/><net_sink comp="252" pin=2"/></net>

<net id="1213"><net_src comp="1208" pin="1"/><net_sink comp="259" pin=2"/></net>

<net id="1214"><net_src comp="1208" pin="1"/><net_sink comp="266" pin=2"/></net>

<net id="1215"><net_src comp="1208" pin="1"/><net_sink comp="273" pin=2"/></net>

<net id="1216"><net_src comp="1208" pin="1"/><net_sink comp="280" pin=2"/></net>

<net id="1217"><net_src comp="1208" pin="1"/><net_sink comp="287" pin=2"/></net>

<net id="1218"><net_src comp="1208" pin="1"/><net_sink comp="294" pin=2"/></net>

<net id="1219"><net_src comp="1208" pin="1"/><net_sink comp="301" pin=2"/></net>

<net id="1220"><net_src comp="1208" pin="1"/><net_sink comp="308" pin=2"/></net>

<net id="1221"><net_src comp="1208" pin="1"/><net_sink comp="315" pin=2"/></net>

<net id="1222"><net_src comp="1208" pin="1"/><net_sink comp="322" pin=2"/></net>

<net id="1223"><net_src comp="1208" pin="1"/><net_sink comp="329" pin=2"/></net>

<net id="1224"><net_src comp="1208" pin="1"/><net_sink comp="336" pin=2"/></net>

<net id="1225"><net_src comp="1208" pin="1"/><net_sink comp="343" pin=2"/></net>

<net id="1226"><net_src comp="1208" pin="1"/><net_sink comp="350" pin=2"/></net>

<net id="1227"><net_src comp="1208" pin="1"/><net_sink comp="357" pin=2"/></net>

<net id="1228"><net_src comp="1208" pin="1"/><net_sink comp="364" pin=2"/></net>

<net id="1229"><net_src comp="1208" pin="1"/><net_sink comp="371" pin=2"/></net>

<net id="1230"><net_src comp="1208" pin="1"/><net_sink comp="378" pin=2"/></net>

<net id="1231"><net_src comp="1208" pin="1"/><net_sink comp="385" pin=2"/></net>

<net id="1232"><net_src comp="1208" pin="1"/><net_sink comp="392" pin=2"/></net>

<net id="1233"><net_src comp="1208" pin="1"/><net_sink comp="399" pin=2"/></net>

<net id="1234"><net_src comp="1208" pin="1"/><net_sink comp="406" pin=2"/></net>

<net id="1235"><net_src comp="1208" pin="1"/><net_sink comp="413" pin=2"/></net>

<net id="1236"><net_src comp="1208" pin="1"/><net_sink comp="420" pin=2"/></net>

<net id="1237"><net_src comp="1208" pin="1"/><net_sink comp="427" pin=2"/></net>

<net id="1238"><net_src comp="1208" pin="1"/><net_sink comp="434" pin=2"/></net>

<net id="1239"><net_src comp="1208" pin="1"/><net_sink comp="441" pin=2"/></net>

<net id="1240"><net_src comp="1208" pin="1"/><net_sink comp="448" pin=2"/></net>

<net id="1241"><net_src comp="1208" pin="1"/><net_sink comp="455" pin=2"/></net>

<net id="1242"><net_src comp="1208" pin="1"/><net_sink comp="462" pin=2"/></net>

<net id="1243"><net_src comp="1208" pin="1"/><net_sink comp="469" pin=2"/></net>

<net id="1244"><net_src comp="1208" pin="1"/><net_sink comp="476" pin=2"/></net>

<net id="1245"><net_src comp="1208" pin="1"/><net_sink comp="483" pin=2"/></net>

<net id="1246"><net_src comp="1208" pin="1"/><net_sink comp="490" pin=2"/></net>

<net id="1247"><net_src comp="1208" pin="1"/><net_sink comp="497" pin=2"/></net>

<net id="1248"><net_src comp="1208" pin="1"/><net_sink comp="504" pin=2"/></net>

<net id="1249"><net_src comp="1208" pin="1"/><net_sink comp="511" pin=2"/></net>

<net id="1250"><net_src comp="1208" pin="1"/><net_sink comp="518" pin=2"/></net>

<net id="1251"><net_src comp="1208" pin="1"/><net_sink comp="525" pin=2"/></net>

<net id="1252"><net_src comp="1208" pin="1"/><net_sink comp="532" pin=2"/></net>

<net id="1253"><net_src comp="1208" pin="1"/><net_sink comp="539" pin=2"/></net>

<net id="1254"><net_src comp="1208" pin="1"/><net_sink comp="546" pin=2"/></net>

<net id="1255"><net_src comp="1208" pin="1"/><net_sink comp="553" pin=2"/></net>

<net id="1256"><net_src comp="1208" pin="1"/><net_sink comp="560" pin=2"/></net>

<net id="1257"><net_src comp="1208" pin="1"/><net_sink comp="567" pin=2"/></net>

<net id="1258"><net_src comp="1208" pin="1"/><net_sink comp="574" pin=2"/></net>

<net id="1259"><net_src comp="1208" pin="1"/><net_sink comp="581" pin=2"/></net>

<net id="1260"><net_src comp="1208" pin="1"/><net_sink comp="588" pin=2"/></net>

<net id="1261"><net_src comp="1208" pin="1"/><net_sink comp="595" pin=2"/></net>

<net id="1262"><net_src comp="1208" pin="1"/><net_sink comp="602" pin=2"/></net>

<net id="1263"><net_src comp="1208" pin="1"/><net_sink comp="609" pin=2"/></net>

<net id="1264"><net_src comp="1208" pin="1"/><net_sink comp="616" pin=2"/></net>

<net id="1265"><net_src comp="1208" pin="1"/><net_sink comp="623" pin=2"/></net>

<net id="1266"><net_src comp="1208" pin="1"/><net_sink comp="630" pin=2"/></net>

<net id="1267"><net_src comp="1208" pin="1"/><net_sink comp="637" pin=2"/></net>

<net id="1268"><net_src comp="1208" pin="1"/><net_sink comp="644" pin=2"/></net>

<net id="1269"><net_src comp="1208" pin="1"/><net_sink comp="651" pin=2"/></net>

<net id="1270"><net_src comp="1208" pin="1"/><net_sink comp="658" pin=2"/></net>

<net id="1271"><net_src comp="1208" pin="1"/><net_sink comp="665" pin=2"/></net>

<net id="1272"><net_src comp="1208" pin="1"/><net_sink comp="672" pin=2"/></net>

<net id="1273"><net_src comp="1208" pin="1"/><net_sink comp="679" pin=2"/></net>

<net id="1274"><net_src comp="1208" pin="1"/><net_sink comp="686" pin=2"/></net>

<net id="1275"><net_src comp="1208" pin="1"/><net_sink comp="693" pin=2"/></net>

<net id="1280"><net_src comp="1182" pin="3"/><net_sink comp="1276" pin=0"/></net>

<net id="1281"><net_src comp="136" pin="0"/><net_sink comp="1276" pin=1"/></net>

<net id="1286"><net_src comp="1276" pin="2"/><net_sink comp="1282" pin=0"/></net>

<net id="1308"><net_src comp="180" pin="0"/><net_sink comp="1287" pin=0"/></net>

<net id="1309"><net_src comp="182" pin="0"/><net_sink comp="1287" pin=1"/></net>

<net id="1310"><net_src comp="700" pin="3"/><net_sink comp="1287" pin=2"/></net>

<net id="1311"><net_src comp="184" pin="0"/><net_sink comp="1287" pin=3"/></net>

<net id="1312"><net_src comp="706" pin="3"/><net_sink comp="1287" pin=4"/></net>

<net id="1313"><net_src comp="186" pin="0"/><net_sink comp="1287" pin=5"/></net>

<net id="1314"><net_src comp="712" pin="3"/><net_sink comp="1287" pin=6"/></net>

<net id="1315"><net_src comp="188" pin="0"/><net_sink comp="1287" pin=7"/></net>

<net id="1316"><net_src comp="718" pin="3"/><net_sink comp="1287" pin=8"/></net>

<net id="1317"><net_src comp="190" pin="0"/><net_sink comp="1287" pin=9"/></net>

<net id="1318"><net_src comp="724" pin="3"/><net_sink comp="1287" pin=10"/></net>

<net id="1319"><net_src comp="192" pin="0"/><net_sink comp="1287" pin=11"/></net>

<net id="1320"><net_src comp="730" pin="3"/><net_sink comp="1287" pin=12"/></net>

<net id="1321"><net_src comp="194" pin="0"/><net_sink comp="1287" pin=13"/></net>

<net id="1322"><net_src comp="736" pin="3"/><net_sink comp="1287" pin=14"/></net>

<net id="1323"><net_src comp="196" pin="0"/><net_sink comp="1287" pin=15"/></net>

<net id="1324"><net_src comp="742" pin="3"/><net_sink comp="1287" pin=16"/></net>

<net id="1325"><net_src comp="198" pin="0"/><net_sink comp="1287" pin=17"/></net>

<net id="1347"><net_src comp="180" pin="0"/><net_sink comp="1326" pin=0"/></net>

<net id="1348"><net_src comp="182" pin="0"/><net_sink comp="1326" pin=1"/></net>

<net id="1349"><net_src comp="748" pin="3"/><net_sink comp="1326" pin=2"/></net>

<net id="1350"><net_src comp="184" pin="0"/><net_sink comp="1326" pin=3"/></net>

<net id="1351"><net_src comp="754" pin="3"/><net_sink comp="1326" pin=4"/></net>

<net id="1352"><net_src comp="186" pin="0"/><net_sink comp="1326" pin=5"/></net>

<net id="1353"><net_src comp="760" pin="3"/><net_sink comp="1326" pin=6"/></net>

<net id="1354"><net_src comp="188" pin="0"/><net_sink comp="1326" pin=7"/></net>

<net id="1355"><net_src comp="766" pin="3"/><net_sink comp="1326" pin=8"/></net>

<net id="1356"><net_src comp="190" pin="0"/><net_sink comp="1326" pin=9"/></net>

<net id="1357"><net_src comp="772" pin="3"/><net_sink comp="1326" pin=10"/></net>

<net id="1358"><net_src comp="192" pin="0"/><net_sink comp="1326" pin=11"/></net>

<net id="1359"><net_src comp="778" pin="3"/><net_sink comp="1326" pin=12"/></net>

<net id="1360"><net_src comp="194" pin="0"/><net_sink comp="1326" pin=13"/></net>

<net id="1361"><net_src comp="784" pin="3"/><net_sink comp="1326" pin=14"/></net>

<net id="1362"><net_src comp="196" pin="0"/><net_sink comp="1326" pin=15"/></net>

<net id="1363"><net_src comp="790" pin="3"/><net_sink comp="1326" pin=16"/></net>

<net id="1364"><net_src comp="198" pin="0"/><net_sink comp="1326" pin=17"/></net>

<net id="1386"><net_src comp="180" pin="0"/><net_sink comp="1365" pin=0"/></net>

<net id="1387"><net_src comp="182" pin="0"/><net_sink comp="1365" pin=1"/></net>

<net id="1388"><net_src comp="796" pin="3"/><net_sink comp="1365" pin=2"/></net>

<net id="1389"><net_src comp="184" pin="0"/><net_sink comp="1365" pin=3"/></net>

<net id="1390"><net_src comp="802" pin="3"/><net_sink comp="1365" pin=4"/></net>

<net id="1391"><net_src comp="186" pin="0"/><net_sink comp="1365" pin=5"/></net>

<net id="1392"><net_src comp="808" pin="3"/><net_sink comp="1365" pin=6"/></net>

<net id="1393"><net_src comp="188" pin="0"/><net_sink comp="1365" pin=7"/></net>

<net id="1394"><net_src comp="814" pin="3"/><net_sink comp="1365" pin=8"/></net>

<net id="1395"><net_src comp="190" pin="0"/><net_sink comp="1365" pin=9"/></net>

<net id="1396"><net_src comp="820" pin="3"/><net_sink comp="1365" pin=10"/></net>

<net id="1397"><net_src comp="192" pin="0"/><net_sink comp="1365" pin=11"/></net>

<net id="1398"><net_src comp="826" pin="3"/><net_sink comp="1365" pin=12"/></net>

<net id="1399"><net_src comp="194" pin="0"/><net_sink comp="1365" pin=13"/></net>

<net id="1400"><net_src comp="832" pin="3"/><net_sink comp="1365" pin=14"/></net>

<net id="1401"><net_src comp="196" pin="0"/><net_sink comp="1365" pin=15"/></net>

<net id="1402"><net_src comp="838" pin="3"/><net_sink comp="1365" pin=16"/></net>

<net id="1403"><net_src comp="198" pin="0"/><net_sink comp="1365" pin=17"/></net>

<net id="1425"><net_src comp="180" pin="0"/><net_sink comp="1404" pin=0"/></net>

<net id="1426"><net_src comp="182" pin="0"/><net_sink comp="1404" pin=1"/></net>

<net id="1427"><net_src comp="844" pin="3"/><net_sink comp="1404" pin=2"/></net>

<net id="1428"><net_src comp="184" pin="0"/><net_sink comp="1404" pin=3"/></net>

<net id="1429"><net_src comp="850" pin="3"/><net_sink comp="1404" pin=4"/></net>

<net id="1430"><net_src comp="186" pin="0"/><net_sink comp="1404" pin=5"/></net>

<net id="1431"><net_src comp="856" pin="3"/><net_sink comp="1404" pin=6"/></net>

<net id="1432"><net_src comp="188" pin="0"/><net_sink comp="1404" pin=7"/></net>

<net id="1433"><net_src comp="862" pin="3"/><net_sink comp="1404" pin=8"/></net>

<net id="1434"><net_src comp="190" pin="0"/><net_sink comp="1404" pin=9"/></net>

<net id="1435"><net_src comp="868" pin="3"/><net_sink comp="1404" pin=10"/></net>

<net id="1436"><net_src comp="192" pin="0"/><net_sink comp="1404" pin=11"/></net>

<net id="1437"><net_src comp="874" pin="3"/><net_sink comp="1404" pin=12"/></net>

<net id="1438"><net_src comp="194" pin="0"/><net_sink comp="1404" pin=13"/></net>

<net id="1439"><net_src comp="880" pin="3"/><net_sink comp="1404" pin=14"/></net>

<net id="1440"><net_src comp="196" pin="0"/><net_sink comp="1404" pin=15"/></net>

<net id="1441"><net_src comp="886" pin="3"/><net_sink comp="1404" pin=16"/></net>

<net id="1442"><net_src comp="198" pin="0"/><net_sink comp="1404" pin=17"/></net>

<net id="1464"><net_src comp="180" pin="0"/><net_sink comp="1443" pin=0"/></net>

<net id="1465"><net_src comp="182" pin="0"/><net_sink comp="1443" pin=1"/></net>

<net id="1466"><net_src comp="892" pin="3"/><net_sink comp="1443" pin=2"/></net>

<net id="1467"><net_src comp="184" pin="0"/><net_sink comp="1443" pin=3"/></net>

<net id="1468"><net_src comp="898" pin="3"/><net_sink comp="1443" pin=4"/></net>

<net id="1469"><net_src comp="186" pin="0"/><net_sink comp="1443" pin=5"/></net>

<net id="1470"><net_src comp="904" pin="3"/><net_sink comp="1443" pin=6"/></net>

<net id="1471"><net_src comp="188" pin="0"/><net_sink comp="1443" pin=7"/></net>

<net id="1472"><net_src comp="910" pin="3"/><net_sink comp="1443" pin=8"/></net>

<net id="1473"><net_src comp="190" pin="0"/><net_sink comp="1443" pin=9"/></net>

<net id="1474"><net_src comp="916" pin="3"/><net_sink comp="1443" pin=10"/></net>

<net id="1475"><net_src comp="192" pin="0"/><net_sink comp="1443" pin=11"/></net>

<net id="1476"><net_src comp="922" pin="3"/><net_sink comp="1443" pin=12"/></net>

<net id="1477"><net_src comp="194" pin="0"/><net_sink comp="1443" pin=13"/></net>

<net id="1478"><net_src comp="928" pin="3"/><net_sink comp="1443" pin=14"/></net>

<net id="1479"><net_src comp="196" pin="0"/><net_sink comp="1443" pin=15"/></net>

<net id="1480"><net_src comp="934" pin="3"/><net_sink comp="1443" pin=16"/></net>

<net id="1481"><net_src comp="198" pin="0"/><net_sink comp="1443" pin=17"/></net>

<net id="1503"><net_src comp="180" pin="0"/><net_sink comp="1482" pin=0"/></net>

<net id="1504"><net_src comp="182" pin="0"/><net_sink comp="1482" pin=1"/></net>

<net id="1505"><net_src comp="940" pin="3"/><net_sink comp="1482" pin=2"/></net>

<net id="1506"><net_src comp="184" pin="0"/><net_sink comp="1482" pin=3"/></net>

<net id="1507"><net_src comp="946" pin="3"/><net_sink comp="1482" pin=4"/></net>

<net id="1508"><net_src comp="186" pin="0"/><net_sink comp="1482" pin=5"/></net>

<net id="1509"><net_src comp="952" pin="3"/><net_sink comp="1482" pin=6"/></net>

<net id="1510"><net_src comp="188" pin="0"/><net_sink comp="1482" pin=7"/></net>

<net id="1511"><net_src comp="958" pin="3"/><net_sink comp="1482" pin=8"/></net>

<net id="1512"><net_src comp="190" pin="0"/><net_sink comp="1482" pin=9"/></net>

<net id="1513"><net_src comp="964" pin="3"/><net_sink comp="1482" pin=10"/></net>

<net id="1514"><net_src comp="192" pin="0"/><net_sink comp="1482" pin=11"/></net>

<net id="1515"><net_src comp="970" pin="3"/><net_sink comp="1482" pin=12"/></net>

<net id="1516"><net_src comp="194" pin="0"/><net_sink comp="1482" pin=13"/></net>

<net id="1517"><net_src comp="976" pin="3"/><net_sink comp="1482" pin=14"/></net>

<net id="1518"><net_src comp="196" pin="0"/><net_sink comp="1482" pin=15"/></net>

<net id="1519"><net_src comp="982" pin="3"/><net_sink comp="1482" pin=16"/></net>

<net id="1520"><net_src comp="198" pin="0"/><net_sink comp="1482" pin=17"/></net>

<net id="1542"><net_src comp="180" pin="0"/><net_sink comp="1521" pin=0"/></net>

<net id="1543"><net_src comp="182" pin="0"/><net_sink comp="1521" pin=1"/></net>

<net id="1544"><net_src comp="988" pin="3"/><net_sink comp="1521" pin=2"/></net>

<net id="1545"><net_src comp="184" pin="0"/><net_sink comp="1521" pin=3"/></net>

<net id="1546"><net_src comp="994" pin="3"/><net_sink comp="1521" pin=4"/></net>

<net id="1547"><net_src comp="186" pin="0"/><net_sink comp="1521" pin=5"/></net>

<net id="1548"><net_src comp="1000" pin="3"/><net_sink comp="1521" pin=6"/></net>

<net id="1549"><net_src comp="188" pin="0"/><net_sink comp="1521" pin=7"/></net>

<net id="1550"><net_src comp="1006" pin="3"/><net_sink comp="1521" pin=8"/></net>

<net id="1551"><net_src comp="190" pin="0"/><net_sink comp="1521" pin=9"/></net>

<net id="1552"><net_src comp="1012" pin="3"/><net_sink comp="1521" pin=10"/></net>

<net id="1553"><net_src comp="192" pin="0"/><net_sink comp="1521" pin=11"/></net>

<net id="1554"><net_src comp="1018" pin="3"/><net_sink comp="1521" pin=12"/></net>

<net id="1555"><net_src comp="194" pin="0"/><net_sink comp="1521" pin=13"/></net>

<net id="1556"><net_src comp="1024" pin="3"/><net_sink comp="1521" pin=14"/></net>

<net id="1557"><net_src comp="196" pin="0"/><net_sink comp="1521" pin=15"/></net>

<net id="1558"><net_src comp="1030" pin="3"/><net_sink comp="1521" pin=16"/></net>

<net id="1559"><net_src comp="198" pin="0"/><net_sink comp="1521" pin=17"/></net>

<net id="1581"><net_src comp="180" pin="0"/><net_sink comp="1560" pin=0"/></net>

<net id="1582"><net_src comp="182" pin="0"/><net_sink comp="1560" pin=1"/></net>

<net id="1583"><net_src comp="1036" pin="3"/><net_sink comp="1560" pin=2"/></net>

<net id="1584"><net_src comp="184" pin="0"/><net_sink comp="1560" pin=3"/></net>

<net id="1585"><net_src comp="1042" pin="3"/><net_sink comp="1560" pin=4"/></net>

<net id="1586"><net_src comp="186" pin="0"/><net_sink comp="1560" pin=5"/></net>

<net id="1587"><net_src comp="1048" pin="3"/><net_sink comp="1560" pin=6"/></net>

<net id="1588"><net_src comp="188" pin="0"/><net_sink comp="1560" pin=7"/></net>

<net id="1589"><net_src comp="1054" pin="3"/><net_sink comp="1560" pin=8"/></net>

<net id="1590"><net_src comp="190" pin="0"/><net_sink comp="1560" pin=9"/></net>

<net id="1591"><net_src comp="1060" pin="3"/><net_sink comp="1560" pin=10"/></net>

<net id="1592"><net_src comp="192" pin="0"/><net_sink comp="1560" pin=11"/></net>

<net id="1593"><net_src comp="1066" pin="3"/><net_sink comp="1560" pin=12"/></net>

<net id="1594"><net_src comp="194" pin="0"/><net_sink comp="1560" pin=13"/></net>

<net id="1595"><net_src comp="1072" pin="3"/><net_sink comp="1560" pin=14"/></net>

<net id="1596"><net_src comp="196" pin="0"/><net_sink comp="1560" pin=15"/></net>

<net id="1597"><net_src comp="1078" pin="3"/><net_sink comp="1560" pin=16"/></net>

<net id="1598"><net_src comp="198" pin="0"/><net_sink comp="1560" pin=17"/></net>

<net id="1620"><net_src comp="180" pin="0"/><net_sink comp="1599" pin=0"/></net>

<net id="1621"><net_src comp="182" pin="0"/><net_sink comp="1599" pin=1"/></net>

<net id="1622"><net_src comp="1287" pin="19"/><net_sink comp="1599" pin=2"/></net>

<net id="1623"><net_src comp="184" pin="0"/><net_sink comp="1599" pin=3"/></net>

<net id="1624"><net_src comp="1326" pin="19"/><net_sink comp="1599" pin=4"/></net>

<net id="1625"><net_src comp="186" pin="0"/><net_sink comp="1599" pin=5"/></net>

<net id="1626"><net_src comp="1365" pin="19"/><net_sink comp="1599" pin=6"/></net>

<net id="1627"><net_src comp="188" pin="0"/><net_sink comp="1599" pin=7"/></net>

<net id="1628"><net_src comp="1404" pin="19"/><net_sink comp="1599" pin=8"/></net>

<net id="1629"><net_src comp="190" pin="0"/><net_sink comp="1599" pin=9"/></net>

<net id="1630"><net_src comp="1443" pin="19"/><net_sink comp="1599" pin=10"/></net>

<net id="1631"><net_src comp="192" pin="0"/><net_sink comp="1599" pin=11"/></net>

<net id="1632"><net_src comp="1482" pin="19"/><net_sink comp="1599" pin=12"/></net>

<net id="1633"><net_src comp="194" pin="0"/><net_sink comp="1599" pin=13"/></net>

<net id="1634"><net_src comp="1521" pin="19"/><net_sink comp="1599" pin=14"/></net>

<net id="1635"><net_src comp="196" pin="0"/><net_sink comp="1599" pin=15"/></net>

<net id="1636"><net_src comp="1560" pin="19"/><net_sink comp="1599" pin=16"/></net>

<net id="1637"><net_src comp="198" pin="0"/><net_sink comp="1599" pin=17"/></net>

<net id="1641"><net_src comp="214" pin="1"/><net_sink comp="1638" pin=0"/></net>

<net id="1642"><net_src comp="1638" pin="1"/><net_sink comp="1098" pin=1"/></net>

<net id="1643"><net_src comp="1638" pin="1"/><net_sink comp="1121" pin=0"/></net>

<net id="1644"><net_src comp="1638" pin="1"/><net_sink comp="1170" pin=1"/></net>

<net id="1648"><net_src comp="218" pin="1"/><net_sink comp="1645" pin=0"/></net>

<net id="1649"><net_src comp="1645" pin="1"/><net_sink comp="1093" pin=1"/></net>

<net id="1650"><net_src comp="1645" pin="1"/><net_sink comp="1124" pin=0"/></net>

<net id="1651"><net_src comp="1645" pin="1"/><net_sink comp="1282" pin=1"/></net>

<net id="1655"><net_src comp="222" pin="1"/><net_sink comp="1652" pin=0"/></net>

<net id="1656"><net_src comp="1652" pin="1"/><net_sink comp="1088" pin=1"/></net>

<net id="1657"><net_src comp="1652" pin="1"/><net_sink comp="1103" pin=0"/></net>

<net id="1658"><net_src comp="1652" pin="1"/><net_sink comp="1165" pin=1"/></net>

<net id="1662"><net_src comp="226" pin="2"/><net_sink comp="1659" pin=0"/></net>

<net id="1663"><net_src comp="1659" pin="1"/><net_sink comp="1132" pin=1"/></net>

<net id="1667"><net_src comp="238" pin="2"/><net_sink comp="1664" pin=0"/></net>

<net id="1668"><net_src comp="1664" pin="1"/><net_sink comp="1110" pin=1"/></net>

<net id="1672"><net_src comp="1084" pin="1"/><net_sink comp="1669" pin=0"/></net>

<net id="1673"><net_src comp="1669" pin="1"/><net_sink comp="1127" pin=1"/></net>

<net id="1677"><net_src comp="1110" pin="2"/><net_sink comp="1674" pin=0"/></net>

<net id="1681"><net_src comp="1124" pin="1"/><net_sink comp="1678" pin=0"/></net>

<net id="1682"><net_src comp="1678" pin="1"/><net_sink comp="1182" pin=2"/></net>

<net id="1686"><net_src comp="1127" pin="2"/><net_sink comp="1683" pin=0"/></net>

<net id="1687"><net_src comp="1683" pin="1"/><net_sink comp="244" pin=1"/></net>

<net id="1691"><net_src comp="1132" pin="2"/><net_sink comp="1688" pin=0"/></net>

<net id="1692"><net_src comp="1688" pin="1"/><net_sink comp="1182" pin=0"/></net>

<net id="1696"><net_src comp="1151" pin="1"/><net_sink comp="1693" pin=0"/></net>

<net id="1697"><net_src comp="1693" pin="1"/><net_sink comp="1599" pin=18"/></net>

<net id="1701"><net_src comp="1155" pin="4"/><net_sink comp="1698" pin=0"/></net>

<net id="1702"><net_src comp="1698" pin="1"/><net_sink comp="1175" pin=1"/></net>

<net id="1706"><net_src comp="1188" pin="1"/><net_sink comp="1703" pin=0"/></net>

<net id="1707"><net_src comp="1703" pin="1"/><net_sink comp="1287" pin=18"/></net>

<net id="1708"><net_src comp="1703" pin="1"/><net_sink comp="1326" pin=18"/></net>

<net id="1709"><net_src comp="1703" pin="1"/><net_sink comp="1365" pin=18"/></net>

<net id="1710"><net_src comp="1703" pin="1"/><net_sink comp="1404" pin=18"/></net>

<net id="1711"><net_src comp="1703" pin="1"/><net_sink comp="1443" pin=18"/></net>

<net id="1712"><net_src comp="1703" pin="1"/><net_sink comp="1482" pin=18"/></net>

<net id="1713"><net_src comp="1703" pin="1"/><net_sink comp="1521" pin=18"/></net>

<net id="1714"><net_src comp="1703" pin="1"/><net_sink comp="1560" pin=18"/></net>

<net id="1718"><net_src comp="252" pin="3"/><net_sink comp="1715" pin=0"/></net>

<net id="1719"><net_src comp="1715" pin="1"/><net_sink comp="700" pin=0"/></net>

<net id="1723"><net_src comp="259" pin="3"/><net_sink comp="1720" pin=0"/></net>

<net id="1724"><net_src comp="1720" pin="1"/><net_sink comp="706" pin=0"/></net>

<net id="1728"><net_src comp="266" pin="3"/><net_sink comp="1725" pin=0"/></net>

<net id="1729"><net_src comp="1725" pin="1"/><net_sink comp="712" pin=0"/></net>

<net id="1733"><net_src comp="273" pin="3"/><net_sink comp="1730" pin=0"/></net>

<net id="1734"><net_src comp="1730" pin="1"/><net_sink comp="718" pin=0"/></net>

<net id="1738"><net_src comp="280" pin="3"/><net_sink comp="1735" pin=0"/></net>

<net id="1739"><net_src comp="1735" pin="1"/><net_sink comp="724" pin=0"/></net>

<net id="1743"><net_src comp="287" pin="3"/><net_sink comp="1740" pin=0"/></net>

<net id="1744"><net_src comp="1740" pin="1"/><net_sink comp="730" pin=0"/></net>

<net id="1748"><net_src comp="294" pin="3"/><net_sink comp="1745" pin=0"/></net>

<net id="1749"><net_src comp="1745" pin="1"/><net_sink comp="736" pin=0"/></net>

<net id="1753"><net_src comp="301" pin="3"/><net_sink comp="1750" pin=0"/></net>

<net id="1754"><net_src comp="1750" pin="1"/><net_sink comp="742" pin=0"/></net>

<net id="1758"><net_src comp="308" pin="3"/><net_sink comp="1755" pin=0"/></net>

<net id="1759"><net_src comp="1755" pin="1"/><net_sink comp="748" pin=0"/></net>

<net id="1763"><net_src comp="315" pin="3"/><net_sink comp="1760" pin=0"/></net>

<net id="1764"><net_src comp="1760" pin="1"/><net_sink comp="754" pin=0"/></net>

<net id="1768"><net_src comp="322" pin="3"/><net_sink comp="1765" pin=0"/></net>

<net id="1769"><net_src comp="1765" pin="1"/><net_sink comp="760" pin=0"/></net>

<net id="1773"><net_src comp="329" pin="3"/><net_sink comp="1770" pin=0"/></net>

<net id="1774"><net_src comp="1770" pin="1"/><net_sink comp="766" pin=0"/></net>

<net id="1778"><net_src comp="336" pin="3"/><net_sink comp="1775" pin=0"/></net>

<net id="1779"><net_src comp="1775" pin="1"/><net_sink comp="772" pin=0"/></net>

<net id="1783"><net_src comp="343" pin="3"/><net_sink comp="1780" pin=0"/></net>

<net id="1784"><net_src comp="1780" pin="1"/><net_sink comp="778" pin=0"/></net>

<net id="1788"><net_src comp="350" pin="3"/><net_sink comp="1785" pin=0"/></net>

<net id="1789"><net_src comp="1785" pin="1"/><net_sink comp="784" pin=0"/></net>

<net id="1793"><net_src comp="357" pin="3"/><net_sink comp="1790" pin=0"/></net>

<net id="1794"><net_src comp="1790" pin="1"/><net_sink comp="790" pin=0"/></net>

<net id="1798"><net_src comp="364" pin="3"/><net_sink comp="1795" pin=0"/></net>

<net id="1799"><net_src comp="1795" pin="1"/><net_sink comp="796" pin=0"/></net>

<net id="1803"><net_src comp="371" pin="3"/><net_sink comp="1800" pin=0"/></net>

<net id="1804"><net_src comp="1800" pin="1"/><net_sink comp="802" pin=0"/></net>

<net id="1808"><net_src comp="378" pin="3"/><net_sink comp="1805" pin=0"/></net>

<net id="1809"><net_src comp="1805" pin="1"/><net_sink comp="808" pin=0"/></net>

<net id="1813"><net_src comp="385" pin="3"/><net_sink comp="1810" pin=0"/></net>

<net id="1814"><net_src comp="1810" pin="1"/><net_sink comp="814" pin=0"/></net>

<net id="1818"><net_src comp="392" pin="3"/><net_sink comp="1815" pin=0"/></net>

<net id="1819"><net_src comp="1815" pin="1"/><net_sink comp="820" pin=0"/></net>

<net id="1823"><net_src comp="399" pin="3"/><net_sink comp="1820" pin=0"/></net>

<net id="1824"><net_src comp="1820" pin="1"/><net_sink comp="826" pin=0"/></net>

<net id="1828"><net_src comp="406" pin="3"/><net_sink comp="1825" pin=0"/></net>

<net id="1829"><net_src comp="1825" pin="1"/><net_sink comp="832" pin=0"/></net>

<net id="1833"><net_src comp="413" pin="3"/><net_sink comp="1830" pin=0"/></net>

<net id="1834"><net_src comp="1830" pin="1"/><net_sink comp="838" pin=0"/></net>

<net id="1838"><net_src comp="420" pin="3"/><net_sink comp="1835" pin=0"/></net>

<net id="1839"><net_src comp="1835" pin="1"/><net_sink comp="844" pin=0"/></net>

<net id="1843"><net_src comp="427" pin="3"/><net_sink comp="1840" pin=0"/></net>

<net id="1844"><net_src comp="1840" pin="1"/><net_sink comp="850" pin=0"/></net>

<net id="1848"><net_src comp="434" pin="3"/><net_sink comp="1845" pin=0"/></net>

<net id="1849"><net_src comp="1845" pin="1"/><net_sink comp="856" pin=0"/></net>

<net id="1853"><net_src comp="441" pin="3"/><net_sink comp="1850" pin=0"/></net>

<net id="1854"><net_src comp="1850" pin="1"/><net_sink comp="862" pin=0"/></net>

<net id="1858"><net_src comp="448" pin="3"/><net_sink comp="1855" pin=0"/></net>

<net id="1859"><net_src comp="1855" pin="1"/><net_sink comp="868" pin=0"/></net>

<net id="1863"><net_src comp="455" pin="3"/><net_sink comp="1860" pin=0"/></net>

<net id="1864"><net_src comp="1860" pin="1"/><net_sink comp="874" pin=0"/></net>

<net id="1868"><net_src comp="462" pin="3"/><net_sink comp="1865" pin=0"/></net>

<net id="1869"><net_src comp="1865" pin="1"/><net_sink comp="880" pin=0"/></net>

<net id="1873"><net_src comp="469" pin="3"/><net_sink comp="1870" pin=0"/></net>

<net id="1874"><net_src comp="1870" pin="1"/><net_sink comp="886" pin=0"/></net>

<net id="1878"><net_src comp="476" pin="3"/><net_sink comp="1875" pin=0"/></net>

<net id="1879"><net_src comp="1875" pin="1"/><net_sink comp="892" pin=0"/></net>

<net id="1883"><net_src comp="483" pin="3"/><net_sink comp="1880" pin=0"/></net>

<net id="1884"><net_src comp="1880" pin="1"/><net_sink comp="898" pin=0"/></net>

<net id="1888"><net_src comp="490" pin="3"/><net_sink comp="1885" pin=0"/></net>

<net id="1889"><net_src comp="1885" pin="1"/><net_sink comp="904" pin=0"/></net>

<net id="1893"><net_src comp="497" pin="3"/><net_sink comp="1890" pin=0"/></net>

<net id="1894"><net_src comp="1890" pin="1"/><net_sink comp="910" pin=0"/></net>

<net id="1898"><net_src comp="504" pin="3"/><net_sink comp="1895" pin=0"/></net>

<net id="1899"><net_src comp="1895" pin="1"/><net_sink comp="916" pin=0"/></net>

<net id="1903"><net_src comp="511" pin="3"/><net_sink comp="1900" pin=0"/></net>

<net id="1904"><net_src comp="1900" pin="1"/><net_sink comp="922" pin=0"/></net>

<net id="1908"><net_src comp="518" pin="3"/><net_sink comp="1905" pin=0"/></net>

<net id="1909"><net_src comp="1905" pin="1"/><net_sink comp="928" pin=0"/></net>

<net id="1913"><net_src comp="525" pin="3"/><net_sink comp="1910" pin=0"/></net>

<net id="1914"><net_src comp="1910" pin="1"/><net_sink comp="934" pin=0"/></net>

<net id="1918"><net_src comp="532" pin="3"/><net_sink comp="1915" pin=0"/></net>

<net id="1919"><net_src comp="1915" pin="1"/><net_sink comp="940" pin=0"/></net>

<net id="1923"><net_src comp="539" pin="3"/><net_sink comp="1920" pin=0"/></net>

<net id="1924"><net_src comp="1920" pin="1"/><net_sink comp="946" pin=0"/></net>

<net id="1928"><net_src comp="546" pin="3"/><net_sink comp="1925" pin=0"/></net>

<net id="1929"><net_src comp="1925" pin="1"/><net_sink comp="952" pin=0"/></net>

<net id="1933"><net_src comp="553" pin="3"/><net_sink comp="1930" pin=0"/></net>

<net id="1934"><net_src comp="1930" pin="1"/><net_sink comp="958" pin=0"/></net>

<net id="1938"><net_src comp="560" pin="3"/><net_sink comp="1935" pin=0"/></net>

<net id="1939"><net_src comp="1935" pin="1"/><net_sink comp="964" pin=0"/></net>

<net id="1943"><net_src comp="567" pin="3"/><net_sink comp="1940" pin=0"/></net>

<net id="1944"><net_src comp="1940" pin="1"/><net_sink comp="970" pin=0"/></net>

<net id="1948"><net_src comp="574" pin="3"/><net_sink comp="1945" pin=0"/></net>

<net id="1949"><net_src comp="1945" pin="1"/><net_sink comp="976" pin=0"/></net>

<net id="1953"><net_src comp="581" pin="3"/><net_sink comp="1950" pin=0"/></net>

<net id="1954"><net_src comp="1950" pin="1"/><net_sink comp="982" pin=0"/></net>

<net id="1958"><net_src comp="588" pin="3"/><net_sink comp="1955" pin=0"/></net>

<net id="1959"><net_src comp="1955" pin="1"/><net_sink comp="988" pin=0"/></net>

<net id="1963"><net_src comp="595" pin="3"/><net_sink comp="1960" pin=0"/></net>

<net id="1964"><net_src comp="1960" pin="1"/><net_sink comp="994" pin=0"/></net>

<net id="1968"><net_src comp="602" pin="3"/><net_sink comp="1965" pin=0"/></net>

<net id="1969"><net_src comp="1965" pin="1"/><net_sink comp="1000" pin=0"/></net>

<net id="1973"><net_src comp="609" pin="3"/><net_sink comp="1970" pin=0"/></net>

<net id="1974"><net_src comp="1970" pin="1"/><net_sink comp="1006" pin=0"/></net>

<net id="1978"><net_src comp="616" pin="3"/><net_sink comp="1975" pin=0"/></net>

<net id="1979"><net_src comp="1975" pin="1"/><net_sink comp="1012" pin=0"/></net>

<net id="1983"><net_src comp="623" pin="3"/><net_sink comp="1980" pin=0"/></net>

<net id="1984"><net_src comp="1980" pin="1"/><net_sink comp="1018" pin=0"/></net>

<net id="1988"><net_src comp="630" pin="3"/><net_sink comp="1985" pin=0"/></net>

<net id="1989"><net_src comp="1985" pin="1"/><net_sink comp="1024" pin=0"/></net>

<net id="1993"><net_src comp="637" pin="3"/><net_sink comp="1990" pin=0"/></net>

<net id="1994"><net_src comp="1990" pin="1"/><net_sink comp="1030" pin=0"/></net>

<net id="1998"><net_src comp="644" pin="3"/><net_sink comp="1995" pin=0"/></net>

<net id="1999"><net_src comp="1995" pin="1"/><net_sink comp="1036" pin=0"/></net>

<net id="2003"><net_src comp="651" pin="3"/><net_sink comp="2000" pin=0"/></net>

<net id="2004"><net_src comp="2000" pin="1"/><net_sink comp="1042" pin=0"/></net>

<net id="2008"><net_src comp="658" pin="3"/><net_sink comp="2005" pin=0"/></net>

<net id="2009"><net_src comp="2005" pin="1"/><net_sink comp="1048" pin=0"/></net>

<net id="2013"><net_src comp="665" pin="3"/><net_sink comp="2010" pin=0"/></net>

<net id="2014"><net_src comp="2010" pin="1"/><net_sink comp="1054" pin=0"/></net>

<net id="2018"><net_src comp="672" pin="3"/><net_sink comp="2015" pin=0"/></net>

<net id="2019"><net_src comp="2015" pin="1"/><net_sink comp="1060" pin=0"/></net>

<net id="2023"><net_src comp="679" pin="3"/><net_sink comp="2020" pin=0"/></net>

<net id="2024"><net_src comp="2020" pin="1"/><net_sink comp="1066" pin=0"/></net>

<net id="2028"><net_src comp="686" pin="3"/><net_sink comp="2025" pin=0"/></net>

<net id="2029"><net_src comp="2025" pin="1"/><net_sink comp="1072" pin=0"/></net>

<net id="2033"><net_src comp="693" pin="3"/><net_sink comp="2030" pin=0"/></net>

<net id="2034"><net_src comp="2030" pin="1"/><net_sink comp="1078" pin=0"/></net>

<net id="2038"><net_src comp="1599" pin="19"/><net_sink comp="2035" pin=0"/></net>

<net id="2039"><net_src comp="2035" pin="1"/><net_sink comp="244" pin=2"/></net>

</net_list>

</model> 
---------------- Datapath Model END ------------------

* FSMD analyzer results:
  - Output states:
	Port: gmem2 | {5 }
 - Input state : 
	Port: mmult_Pipeline_writeC : gmem2 | {}
	Port: mmult_Pipeline_writeC : mul65 | {1 }
	Port: mmult_Pipeline_writeC : sext_ln208 | {1 }
	Port: mmult_Pipeline_writeC : b_col | {1 }
	Port: mmult_Pipeline_writeC : localC | {3 4 }
	Port: mmult_Pipeline_writeC : localC_1 | {3 4 }
	Port: mmult_Pipeline_writeC : localC_2 | {3 4 }
	Port: mmult_Pipeline_writeC : localC_3 | {3 4 }
	Port: mmult_Pipeline_writeC : localC_4 | {3 4 }
	Port: mmult_Pipeline_writeC : localC_5 | {3 4 }
	Port: mmult_Pipeline_writeC : localC_6 | {3 4 }
	Port: mmult_Pipeline_writeC : localC_7 | {3 4 }
	Port: mmult_Pipeline_writeC : localC_8 | {3 4 }
	Port: mmult_Pipeline_writeC : localC_9 | {3 4 }
	Port: mmult_Pipeline_writeC : localC_10 | {3 4 }
	Port: mmult_Pipeline_writeC : localC_11 | {3 4 }
	Port: mmult_Pipeline_writeC : localC_12 | {3 4 }
	Port: mmult_Pipeline_writeC : localC_13 | {3 4 }
	Port: mmult_Pipeline_writeC : localC_14 | {3 4 }
	Port: mmult_Pipeline_writeC : localC_15 | {3 4 }
	Port: mmult_Pipeline_writeC : localC_16 | {3 4 }
	Port: mmult_Pipeline_writeC : localC_17 | {3 4 }
	Port: mmult_Pipeline_writeC : localC_18 | {3 4 }
	Port: mmult_Pipeline_writeC : localC_19 | {3 4 }
	Port: mmult_Pipeline_writeC : localC_20 | {3 4 }
	Port: mmult_Pipeline_writeC : localC_21 | {3 4 }
	Port: mmult_Pipeline_writeC : localC_22 | {3 4 }
	Port: mmult_Pipeline_writeC : localC_23 | {3 4 }
	Port: mmult_Pipeline_writeC : localC_24 | {3 4 }
	Port: mmult_Pipeline_writeC : localC_25 | {3 4 }
	Port: mmult_Pipeline_writeC : localC_26 | {3 4 }
	Port: mmult_Pipeline_writeC : localC_27 | {3 4 }
	Port: mmult_Pipeline_writeC : localC_28 | {3 4 }
	Port: mmult_Pipeline_writeC : localC_29 | {3 4 }
	Port: mmult_Pipeline_writeC : localC_30 | {3 4 }
	Port: mmult_Pipeline_writeC : localC_31 | {3 4 }
	Port: mmult_Pipeline_writeC : localC_32 | {3 4 }
	Port: mmult_Pipeline_writeC : localC_33 | {3 4 }
	Port: mmult_Pipeline_writeC : localC_34 | {3 4 }
	Port: mmult_Pipeline_writeC : localC_35 | {3 4 }
	Port: mmult_Pipeline_writeC : localC_36 | {3 4 }
	Port: mmult_Pipeline_writeC : localC_37 | {3 4 }
	Port: mmult_Pipeline_writeC : localC_38 | {3 4 }
	Port: mmult_Pipeline_writeC : localC_39 | {3 4 }
	Port: mmult_Pipeline_writeC : localC_40 | {3 4 }
	Port: mmult_Pipeline_writeC : localC_41 | {3 4 }
	Port: mmult_Pipeline_writeC : localC_42 | {3 4 }
	Port: mmult_Pipeline_writeC : localC_43 | {3 4 }
	Port: mmult_Pipeline_writeC : localC_44 | {3 4 }
	Port: mmult_Pipeline_writeC : localC_45 | {3 4 }
	Port: mmult_Pipeline_writeC : localC_46 | {3 4 }
	Port: mmult_Pipeline_writeC : localC_47 | {3 4 }
	Port: mmult_Pipeline_writeC : localC_48 | {3 4 }
	Port: mmult_Pipeline_writeC : localC_49 | {3 4 }
	Port: mmult_Pipeline_writeC : localC_50 | {3 4 }
	Port: mmult_Pipeline_writeC : localC_51 | {3 4 }
	Port: mmult_Pipeline_writeC : localC_52 | {3 4 }
	Port: mmult_Pipeline_writeC : localC_53 | {3 4 }
	Port: mmult_Pipeline_writeC : localC_54 | {3 4 }
	Port: mmult_Pipeline_writeC : localC_55 | {3 4 }
	Port: mmult_Pipeline_writeC : localC_56 | {3 4 }
	Port: mmult_Pipeline_writeC : localC_57 | {3 4 }
	Port: mmult_Pipeline_writeC : localC_58 | {3 4 }
	Port: mmult_Pipeline_writeC : localC_59 | {3 4 }
	Port: mmult_Pipeline_writeC : localC_60 | {3 4 }
	Port: mmult_Pipeline_writeC : localC_61 | {3 4 }
	Port: mmult_Pipeline_writeC : localC_62 | {3 4 }
	Port: mmult_Pipeline_writeC : localC_63 | {3 4 }
  - Chain level:
	State 1
		store_ln0 : 1
		store_ln208 : 1
		store_ln208 : 1
	State 2
		loc_2_cast : 1
		icmp_ln208 : 2
		add_ln208 : 1
		br_ln208 : 3
		icmp_ln210 : 1
		add_ln211 : 1
		i_1 : 2
		trunc_ln210 : 3
		lshr_ln4 : 3
		store_ln208 : 2
		store_ln208 : 3
	State 3
		trunc_ln208 : 1
		lshr_ln5 : 1
		add_ln214 : 2
		zext_ln214 : 3
		localC_addr : 4
		localC_1_addr : 4
		localC_2_addr : 4
		localC_3_addr : 4
		localC_4_addr : 4
		localC_5_addr : 4
		localC_6_addr : 4
		localC_7_addr : 4
		localC_8_addr : 4
		localC_9_addr : 4
		localC_10_addr : 4
		localC_11_addr : 4
		localC_12_addr : 4
		localC_13_addr : 4
		localC_14_addr : 4
		localC_15_addr : 4
		localC_16_addr : 4
		localC_17_addr : 4
		localC_18_addr : 4
		localC_19_addr : 4
		localC_20_addr : 4
		localC_21_addr : 4
		localC_22_addr : 4
		localC_23_addr : 4
		localC_24_addr : 4
		localC_25_addr : 4
		localC_26_addr : 4
		localC_27_addr : 4
		localC_28_addr : 4
		localC_29_addr : 4
		localC_30_addr : 4
		localC_31_addr : 4
		localC_32_addr : 4
		localC_33_addr : 4
		localC_34_addr : 4
		localC_35_addr : 4
		localC_36_addr : 4
		localC_37_addr : 4
		localC_38_addr : 4
		localC_39_addr : 4
		localC_40_addr : 4
		localC_41_addr : 4
		localC_42_addr : 4
		localC_43_addr : 4
		localC_44_addr : 4
		localC_45_addr : 4
		localC_46_addr : 4
		localC_47_addr : 4
		localC_48_addr : 4
		localC_49_addr : 4
		localC_50_addr : 4
		localC_51_addr : 4
		localC_52_addr : 4
		localC_53_addr : 4
		localC_54_addr : 4
		localC_55_addr : 4
		localC_56_addr : 4
		localC_57_addr : 4
		localC_58_addr : 4
		localC_59_addr : 4
		localC_60_addr : 4
		localC_61_addr : 4
		localC_62_addr : 4
		localC_63_addr : 4
		localC_load : 5
		localC_1_load : 5
		localC_2_load : 5
		localC_3_load : 5
		localC_4_load : 5
		localC_5_load : 5
		localC_6_load : 5
		localC_7_load : 5
		localC_8_load : 5
		localC_9_load : 5
		localC_10_load : 5
		localC_11_load : 5
		localC_12_load : 5
		localC_13_load : 5
		localC_14_load : 5
		localC_15_load : 5
		localC_16_load : 5
		localC_17_load : 5
		localC_18_load : 5
		localC_19_load : 5
		localC_20_load : 5
		localC_21_load : 5
		localC_22_load : 5
		localC_23_load : 5
		localC_24_load : 5
		localC_25_load : 5
		localC_26_load : 5
		localC_27_load : 5
		localC_28_load : 5
		localC_29_load : 5
		localC_30_load : 5
		localC_31_load : 5
		localC_32_load : 5
		localC_33_load : 5
		localC_34_load : 5
		localC_35_load : 5
		localC_36_load : 5
		localC_37_load : 5
		localC_38_load : 5
		localC_39_load : 5
		localC_40_load : 5
		localC_41_load : 5
		localC_42_load : 5
		localC_43_load : 5
		localC_44_load : 5
		localC_45_load : 5
		localC_46_load : 5
		localC_47_load : 5
		localC_48_load : 5
		localC_49_load : 5
		localC_50_load : 5
		localC_51_load : 5
		localC_52_load : 5
		localC_53_load : 5
		localC_54_load : 5
		localC_55_load : 5
		localC_56_load : 5
		localC_57_load : 5
		localC_58_load : 5
		localC_59_load : 5
		localC_60_load : 5
		localC_61_load : 5
		localC_62_load : 5
		localC_63_load : 5
		j_2 : 1
		store_ln208 : 2
	State 4
		tmp : 1
		tmp_s : 1
		tmp_15 : 1
		tmp_16 : 1
		tmp_17 : 1
		tmp_18 : 1
		tmp_19 : 1
		tmp_20 : 1
		tmp_21 : 2
	State 5


============================================================
+ Verbose Summary: Datapath Resource usage 
============================================================

* Functional unit list:
|----------|-----------------------------|---------|---------|
| Operation|       Functional Unit       |    FF   |   LUT   |
|----------|-----------------------------|---------|---------|
|          |         tmp_fu_1287         |    0    |    43   |
|          |        tmp_s_fu_1326        |    0    |    43   |
|          |        tmp_15_fu_1365       |    0    |    43   |
|          |        tmp_16_fu_1404       |    0    |    43   |
| sparsemux|        tmp_17_fu_1443       |    0    |    43   |
|          |        tmp_18_fu_1482       |    0    |    43   |
|          |        tmp_19_fu_1521       |    0    |    43   |
|          |        tmp_20_fu_1560       |    0    |    43   |
|          |        tmp_21_fu_1599       |    0    |    43   |
|----------|-----------------------------|---------|---------|
|          |      add_ln208_fu_1115      |    0    |    38   |
|    add   |      add_ln211_fu_1137      |    0    |    39   |
|          |      add_ln214_fu_1202      |    0    |    12   |
|          |         j_2_fu_1276         |    0    |    39   |
|----------|-----------------------------|---------|---------|
|   icmp   |      icmp_ln208_fu_1110     |    0    |    39   |
|          |      icmp_ln210_fu_1132     |    0    |    39   |
|----------|-----------------------------|---------|---------|
|  select  |         i_1_fu_1143         |    0    |    32   |
|          |         j_1_fu_1182         |    0    |    32   |
|----------|-----------------------------|---------|---------|
|          |    b_col_read_read_fu_226   |    0    |    0    |
|   read   | sext_ln208_read_read_fu_232 |    0    |    0    |
|          |    mul65_read_read_fu_238   |    0    |    0    |
|----------|-----------------------------|---------|---------|
|   write  |   write_ln214_write_fu_244  |    0    |    0    |
|----------|-----------------------------|---------|---------|
|   sext   |   sext_ln208_cast_fu_1084   |    0    |    0    |
|----------|-----------------------------|---------|---------|
|   zext   |      loc_2_cast_fu_1106     |    0    |    0    |
|          |      zext_ln214_fu_1208     |    0    |    0    |
|----------|-----------------------------|---------|---------|
|   trunc  |     trunc_ln210_fu_1151     |    0    |    0    |
|          |     trunc_ln208_fu_1188     |    0    |    0    |
|----------|-----------------------------|---------|---------|
|partselect|       lshr_ln4_fu_1155      |    0    |    0    |
|          |       lshr_ln5_fu_1192      |    0    |    0    |
|----------|-----------------------------|---------|---------|
|bitconcatenate|        tmp_22_fu_1175       |    0    |    0    |
|----------|-----------------------------|---------|---------|
|   Total  |                             |    0    |   657   |
|----------|-----------------------------|---------|---------|

Memories:
N/A

* Register list:
+------------------------+--------+
|                        |   FF   |
+------------------------+--------+
|   b_col_read_reg_1659  |   32   |
|   gmem2_addr_reg_1683  |   16   |
|       i_reg_1638       |   32   |
|   icmp_ln208_reg_1674  |    1   |
|   icmp_ln210_reg_1688  |    1   |
|     j_load_reg_1678    |   32   |
|       j_reg_1645       |   32   |
|     loc_2_reg_1652     |   31   |
| localC_10_addr_reg_1765|    4   |
| localC_11_addr_reg_1770|    4   |
| localC_12_addr_reg_1775|    4   |
| localC_13_addr_reg_1780|    4   |
| localC_14_addr_reg_1785|    4   |
| localC_15_addr_reg_1790|    4   |
| localC_16_addr_reg_1795|    4   |
| localC_17_addr_reg_1800|    4   |
| localC_18_addr_reg_1805|    4   |
| localC_19_addr_reg_1810|    4   |
| localC_1_addr_reg_1720 |    4   |
| localC_20_addr_reg_1815|    4   |
| localC_21_addr_reg_1820|    4   |
| localC_22_addr_reg_1825|    4   |
| localC_23_addr_reg_1830|    4   |
| localC_24_addr_reg_1835|    4   |
| localC_25_addr_reg_1840|    4   |
| localC_26_addr_reg_1845|    4   |
| localC_27_addr_reg_1850|    4   |
| localC_28_addr_reg_1855|    4   |
| localC_29_addr_reg_1860|    4   |
| localC_2_addr_reg_1725 |    4   |
| localC_30_addr_reg_1865|    4   |
| localC_31_addr_reg_1870|    4   |
| localC_32_addr_reg_1875|    4   |
| localC_33_addr_reg_1880|    4   |
| localC_34_addr_reg_1885|    4   |
| localC_35_addr_reg_1890|    4   |
| localC_36_addr_reg_1895|    4   |
| localC_37_addr_reg_1900|    4   |
| localC_38_addr_reg_1905|    4   |
| localC_39_addr_reg_1910|    4   |
| localC_3_addr_reg_1730 |    4   |
| localC_40_addr_reg_1915|    4   |
| localC_41_addr_reg_1920|    4   |
| localC_42_addr_reg_1925|    4   |
| localC_43_addr_reg_1930|    4   |
| localC_44_addr_reg_1935|    4   |
| localC_45_addr_reg_1940|    4   |
| localC_46_addr_reg_1945|    4   |
| localC_47_addr_reg_1950|    4   |
| localC_48_addr_reg_1955|    4   |
| localC_49_addr_reg_1960|    4   |
| localC_4_addr_reg_1735 |    4   |
| localC_50_addr_reg_1965|    4   |
| localC_51_addr_reg_1970|    4   |
| localC_52_addr_reg_1975|    4   |
| localC_53_addr_reg_1980|    4   |
| localC_54_addr_reg_1985|    4   |
| localC_55_addr_reg_1990|    4   |
| localC_56_addr_reg_1995|    4   |
| localC_57_addr_reg_2000|    4   |
| localC_58_addr_reg_2005|    4   |
| localC_59_addr_reg_2010|    4   |
| localC_5_addr_reg_1740 |    4   |
| localC_60_addr_reg_2015|    4   |
| localC_61_addr_reg_2020|    4   |
| localC_62_addr_reg_2025|    4   |
| localC_63_addr_reg_2030|    4   |
| localC_6_addr_reg_1745 |    4   |
| localC_7_addr_reg_1750 |    4   |
| localC_8_addr_reg_1755 |    4   |
| localC_9_addr_reg_1760 |    4   |
|  localC_addr_reg_1715  |    4   |
|    lshr_ln4_reg_1698   |    2   |
|   mul65_read_reg_1664  |   32   |
|sext_ln208_cast_reg_1669|   64   |
|     tmp_21_reg_2035    |   16   |
|  trunc_ln208_reg_1703  |    3   |
|  trunc_ln210_reg_1693  |    3   |
+------------------------+--------+
|          Total         |   553  |
+------------------------+--------+

* Multiplexer (MUX) list: 
|--------------------|------|------|------|--------||---------||---------|
|        Comp        |  Pin | Size |  BW  | S x BW ||  Delay  ||   LUT   |
|--------------------|------|------|------|--------||---------||---------|
|  grp_access_fu_700 |  p0  |   2  |   4  |    8   ||    9    |
|  grp_access_fu_706 |  p0  |   2  |   4  |    8   ||    9    |
|  grp_access_fu_712 |  p0  |   2  |   4  |    8   ||    9    |
|  grp_access_fu_718 |  p0  |   2  |   4  |    8   ||    9    |
|  grp_access_fu_724 |  p0  |   2  |   4  |    8   ||    9    |
|  grp_access_fu_730 |  p0  |   2  |   4  |    8   ||    9    |
|  grp_access_fu_736 |  p0  |   2  |   4  |    8   ||    9    |
|  grp_access_fu_742 |  p0  |   2  |   4  |    8   ||    9    |
|  grp_access_fu_748 |  p0  |   2  |   4  |    8   ||    9    |
|  grp_access_fu_754 |  p0  |   2  |   4  |    8   ||    9    |
|  grp_access_fu_760 |  p0  |   2  |   4  |    8   ||    9    |
|  grp_access_fu_766 |  p0  |   2  |   4  |    8   ||    9    |
|  grp_access_fu_772 |  p0  |   2  |   4  |    8   ||    9    |
|  grp_access_fu_778 |  p0  |   2  |   4  |    8   ||    9    |
|  grp_access_fu_784 |  p0  |   2  |   4  |    8   ||    9    |
|  grp_access_fu_790 |  p0  |   2  |   4  |    8   ||    9    |
|  grp_access_fu_796 |  p0  |   2  |   4  |    8   ||    9    |
|  grp_access_fu_802 |  p0  |   2  |   4  |    8   ||    9    |
|  grp_access_fu_808 |  p0  |   2  |   4  |    8   ||    9    |
|  grp_access_fu_814 |  p0  |   2  |   4  |    8   ||    9    |
|  grp_access_fu_820 |  p0  |   2  |   4  |    8   ||    9    |
|  grp_access_fu_826 |  p0  |   2  |   4  |    8   ||    9    |
|  grp_access_fu_832 |  p0  |   2  |   4  |    8   ||    9    |
|  grp_access_fu_838 |  p0  |   2  |   4  |    8   ||    9    |
|  grp_access_fu_844 |  p0  |   2  |   4  |    8   ||    9    |
|  grp_access_fu_850 |  p0  |   2  |   4  |    8   ||    9    |
|  grp_access_fu_856 |  p0  |   2  |   4  |    8   ||    9    |
|  grp_access_fu_862 |  p0  |   2  |   4  |    8   ||    9    |
|  grp_access_fu_868 |  p0  |   2  |   4  |    8   ||    9    |
|  grp_access_fu_874 |  p0  |   2  |   4  |    8   ||    9    |
|  grp_access_fu_880 |  p0  |   2  |   4  |    8   ||    9    |
|  grp_access_fu_886 |  p0  |   2  |   4  |    8   ||    9    |
|  grp_access_fu_892 |  p0  |   2  |   4  |    8   ||    9    |
|  grp_access_fu_898 |  p0  |   2  |   4  |    8   ||    9    |
|  grp_access_fu_904 |  p0  |   2  |   4  |    8   ||    9    |
|  grp_access_fu_910 |  p0  |   2  |   4  |    8   ||    9    |
|  grp_access_fu_916 |  p0  |   2  |   4  |    8   ||    9    |
|  grp_access_fu_922 |  p0  |   2  |   4  |    8   ||    9    |
|  grp_access_fu_928 |  p0  |   2  |   4  |    8   ||    9    |
|  grp_access_fu_934 |  p0  |   2  |   4  |    8   ||    9    |
|  grp_access_fu_940 |  p0  |   2  |   4  |    8   ||    9    |
|  grp_access_fu_946 |  p0  |   2  |   4  |    8   ||    9    |
|  grp_access_fu_952 |  p0  |   2  |   4  |    8   ||    9    |
|  grp_access_fu_958 |  p0  |   2  |   4  |    8   ||    9    |
|  grp_access_fu_964 |  p0  |   2  |   4  |    8   ||    9    |
|  grp_access_fu_970 |  p0  |   2  |   4  |    8   ||    9    |
|  grp_access_fu_976 |  p0  |   2  |   4  |    8   ||    9    |
|  grp_access_fu_982 |  p0  |   2  |   4  |    8   ||    9    |
|  grp_access_fu_988 |  p0  |   2  |   4  |    8   ||    9    |
|  grp_access_fu_994 |  p0  |   2  |   4  |    8   ||    9    |
| grp_access_fu_1000 |  p0  |   2  |   4  |    8   ||    9    |
| grp_access_fu_1006 |  p0  |   2  |   4  |    8   ||    9    |
| grp_access_fu_1012 |  p0  |   2  |   4  |    8   ||    9    |
| grp_access_fu_1018 |  p0  |   2  |   4  |    8   ||    9    |
| grp_access_fu_1024 |  p0  |   2  |   4  |    8   ||    9    |
| grp_access_fu_1030 |  p0  |   2  |   4  |    8   ||    9    |
| grp_access_fu_1036 |  p0  |   2  |   4  |    8   ||    9    |
| grp_access_fu_1042 |  p0  |   2  |   4  |    8   ||    9    |
| grp_access_fu_1048 |  p0  |   2  |   4  |    8   ||    9    |
| grp_access_fu_1054 |  p0  |   2  |   4  |    8   ||    9    |
| grp_access_fu_1060 |  p0  |   2  |   4  |    8   ||    9    |
| grp_access_fu_1066 |  p0  |   2  |   4  |    8   ||    9    |
| grp_access_fu_1072 |  p0  |   2  |   4  |    8   ||    9    |
| grp_access_fu_1078 |  p0  |   2  |   4  |    8   ||    9    |
|--------------------|------|------|------|--------||---------||---------|
|        Total       |      |      |      |   512  ||  27.328 ||   576   |
|--------------------|------|------|------|--------||---------||---------|



* Summary:
+-----------+--------+--------+--------+
|           |  Delay |   FF   |   LUT  |
+-----------+--------+--------+--------+
|  Function |    -   |    0   |   657  |
|   Memory  |    -   |    -   |    -   |
|Multiplexer|   27   |    -   |   576  |
|  Register |    -   |   553  |    -   |
+-----------+--------+--------+--------+
|   Total   |   27   |   553  |  1233  |
+-----------+--------+--------+--------+
