

================================================================
== Vitis HLS Report for 'mmult_Pipeline_VITIS_LOOP_166_3_VITIS_LOOP_167_4'
================================================================
* Date:           Fri Jun  5 01:37:46 2026

* Version:        2023.2 (Build 4023990 on Oct 11 2023)
* Project:        hls_prj
* Solution:       s1 (Vivado IP Flow Target)
* Product family: zynquplus
* Target device:  xck26-sfvc784-2LV-c


================================================================
== Performance Estimates
================================================================
+ Timing: 
    * Summary: 
    +--------+---------+----------+------------+
    |  Clock |  Target | Estimated| Uncertainty|
    +--------+---------+----------+------------+
    |ap_clk  |  3.30 ns|  2.330 ns|     0.89 ns|
    +--------+---------+----------+------------+

+ Latency: 
    * Summary: 
    +---------+---------+----------+----------+-----+-----+---------+
    |  Latency (cycles) |  Latency (absolute) |  Interval | Pipeline|
    |   min   |   max   |    min   |    max   | min | max |   Type  |
    +---------+---------+----------+----------+-----+-----+---------+
    |      130|      130|  0.429 us|  0.429 us|  130|  130|       no|
    +---------+---------+----------+----------+-----+-----+---------+

    + Detail: 
        * Instance: 
        N/A

        * Loop: 
        +-------------------------------------+---------+---------+----------+-----------+-----------+------+----------+
        |                                     |  Latency (cycles) | Iteration|  Initiation Interval  | Trip |          |
        |              Loop Name              |   min   |   max   |  Latency |  achieved |   target  | Count| Pipelined|
        +-------------------------------------+---------+---------+----------+-----------+-----------+------+----------+
        |- VITIS_LOOP_166_3_VITIS_LOOP_167_4  |      128|      128|         2|          1|          1|   128|       yes|
        +-------------------------------------+---------+---------+----------+-----------+-----------+------+----------+

============================================================
+ Verbose Summary: Synthesis Manager
============================================================
InlineROM: 1
ExposeGlobal: 0
============================================================
+ Verbose Summary: CDFG Model
============================================================
IsTopModel: 0
ResetActiveHigh: 1
IsCombinational: 0
IsDatapathOnly: 0
HasWiredReturn: 1
HasMFsm: 2
HasVarLatency: 1
IsPipeline: 0
IsRtlPipelined: 0
IsInstanceOverlapped: 0
IsDontTouch: 0
HasImplIP: 0
IsGatedGlobalClock: 0

+ Individual pipeline summary: 
  * Pipeline-0: initiation interval (II) = 1, depth = 2


============================================================
+ Verbose Summary: Schedule
============================================================
* Number of FSM states : 2
* Pipeline : 1
  Pipeline-0 : II = 1, D = 2, States = { 1 2 }
* Dataflow Pipeline: 0

* FSM state transitions: 
1 --> 2 
2 --> 

* FSM state operations: 

State 1 <SV = 0> <Delay = 2.33>
ST_1 : Operation 5 [1/1] (0.00ns)   --->   "%j_2 = alloca i32 1" [mmult.cpp:167]   --->   Operation 5 'alloca' 'j_2' <Predicate = true> <Delay = 0.00>
ST_1 : Operation 6 [1/1] (0.00ns)   --->   "%i = alloca i32 1" [mmult.cpp:166]   --->   Operation 6 'alloca' 'i' <Predicate = true> <Delay = 0.00>
ST_1 : Operation 7 [1/1] (0.00ns)   --->   "%indvar_flatten16 = alloca i32 1"   --->   Operation 7 'alloca' 'indvar_flatten16' <Predicate = true> <Delay = 0.00>
ST_1 : Operation 8 [1/1] (0.42ns)   --->   "%store_ln0 = store i8 0, i8 %indvar_flatten16"   --->   Operation 8 'store' 'store_ln0' <Predicate = true> <Delay = 0.42>
ST_1 : Operation 9 [1/1] (0.42ns)   --->   "%store_ln166 = store i6 0, i6 %i" [mmult.cpp:166]   --->   Operation 9 'store' 'store_ln166' <Predicate = true> <Delay = 0.42>
ST_1 : Operation 10 [1/1] (0.42ns)   --->   "%store_ln167 = store i6 0, i6 %j_2" [mmult.cpp:167]   --->   Operation 10 'store' 'store_ln167' <Predicate = true> <Delay = 0.42>
ST_1 : Operation 11 [1/1] (0.00ns)   --->   "%br_ln0 = br void %for.inc50"   --->   Operation 11 'br' 'br_ln0' <Predicate = true> <Delay = 0.00>
ST_1 : Operation 12 [1/1] (0.00ns)   --->   "%indvar_flatten16_load = load i8 %indvar_flatten16" [mmult.cpp:166]   --->   Operation 12 'load' 'indvar_flatten16_load' <Predicate = true> <Delay = 0.00>
ST_1 : Operation 13 [1/1] (0.76ns)   --->   "%icmp_ln166 = icmp_eq  i8 %indvar_flatten16_load, i8 128" [mmult.cpp:166]   --->   Operation 13 'icmp' 'icmp_ln166' <Predicate = true> <Delay = 0.76> <CoreInst = "Cmp">   --->   Core 9 'Cmp' <Latency = 0> <II = 1> <Delay = 0.76> <FuncUnit> <Opcode : 'icmp'> <InPorts = 2> <OutPorts = 1>
ST_1 : Operation 14 [1/1] (0.76ns)   --->   "%add_ln166_1 = add i8 %indvar_flatten16_load, i8 1" [mmult.cpp:166]   --->   Operation 14 'add' 'add_ln166_1' <Predicate = true> <Delay = 0.76> <CoreInst = "Adder">   --->   Core 1 'Adder' <Latency = 0> <II = 1> <Delay = 0.76> <FuncUnit> <Opcode : 'add' 'sub'> <InPorts = 2> <OutPorts = 1>
ST_1 : Operation 15 [1/1] (0.00ns)   --->   "%br_ln166 = br i1 %icmp_ln166, void %for.inc53, void %for.inc65.preheader.exitStub" [mmult.cpp:166]   --->   Operation 15 'br' 'br_ln166' <Predicate = true> <Delay = 0.00>
ST_1 : Operation 16 [1/1] (0.00ns)   --->   "%j_2_load = load i6 %j_2" [mmult.cpp:166]   --->   Operation 16 'load' 'j_2_load' <Predicate = (!icmp_ln166)> <Delay = 0.00>
ST_1 : Operation 17 [1/1] (0.00ns)   --->   "%i_load = load i6 %i" [mmult.cpp:166]   --->   Operation 17 'load' 'i_load' <Predicate = (!icmp_ln166)> <Delay = 0.00>
ST_1 : Operation 18 [1/1] (0.78ns)   --->   "%add_ln166 = add i6 %i_load, i6 1" [mmult.cpp:166]   --->   Operation 18 'add' 'add_ln166' <Predicate = (!icmp_ln166)> <Delay = 0.78> <CoreInst = "Adder">   --->   Core 1 'Adder' <Latency = 0> <II = 1> <Delay = 0.78> <FuncUnit> <Opcode : 'add' 'sub'> <InPorts = 2> <OutPorts = 1>
ST_1 : Operation 19 [1/1] (0.00ns)   --->   "%tmp = bitselect i1 @_ssdm_op_BitSelect.i1.i6.i32, i6 %j_2_load, i32 5" [mmult.cpp:167]   --->   Operation 19 'bitselect' 'tmp' <Predicate = (!icmp_ln166)> <Delay = 0.00>
ST_1 : Operation 20 [1/1] (0.38ns)   --->   "%select_ln166 = select i1 %tmp, i6 0, i6 %j_2_load" [mmult.cpp:166]   --->   Operation 20 'select' 'select_ln166' <Predicate = (!icmp_ln166)> <Delay = 0.38> <CoreInst = "Sel">   --->   Core 73 'Sel' <Latency = 0> <II = 1> <Delay = 0.38> <FuncUnit> <Opcode : 'select'> <InPorts = 3> <OutPorts = 1>
ST_1 : Operation 21 [1/1] (0.38ns)   --->   "%select_ln166_1 = select i1 %tmp, i6 %add_ln166, i6 %i_load" [mmult.cpp:166]   --->   Operation 21 'select' 'select_ln166_1' <Predicate = (!icmp_ln166)> <Delay = 0.38> <CoreInst = "Sel">   --->   Core 73 'Sel' <Latency = 0> <II = 1> <Delay = 0.38> <FuncUnit> <Opcode : 'select'> <InPorts = 3> <OutPorts = 1>
ST_1 : Operation 22 [1/1] (0.00ns)   --->   "%trunc_ln166 = trunc i6 %select_ln166_1" [mmult.cpp:166]   --->   Operation 22 'trunc' 'trunc_ln166' <Predicate = (!icmp_ln166)> <Delay = 0.00>
ST_1 : Operation 23 [1/1] (0.00ns)   --->   "%tmp_s = partselect i2 @_ssdm_op_PartSelect.i2.i6.i32.i32, i6 %select_ln166_1, i32 3, i32 4" [mmult.cpp:169]   --->   Operation 23 'partselect' 'tmp_s' <Predicate = (!icmp_ln166)> <Delay = 0.00>
ST_1 : Operation 24 [1/1] (0.00ns)   --->   "%lshr_ln2 = partselect i2 @_ssdm_op_PartSelect.i2.i6.i32.i32, i6 %select_ln166, i32 3, i32 4" [mmult.cpp:167]   --->   Operation 24 'partselect' 'lshr_ln2' <Predicate = (!icmp_ln166)> <Delay = 0.00>
ST_1 : Operation 25 [1/1] (0.73ns)   --->   "%switch_ln169 = switch i3 %trunc_ln166, void %arrayidx492.7.case.7, i3 0, void %arrayidx492.7.case.0, i3 1, void %arrayidx492.7.case.1, i3 2, void %arrayidx492.7.case.2, i3 3, void %arrayidx492.7.case.3, i3 4, void %arrayidx492.7.case.4, i3 5, void %arrayidx492.7.case.5, i3 6, void %arrayidx492.7.case.6" [mmult.cpp:169]   --->   Operation 25 'switch' 'switch_ln169' <Predicate = (!icmp_ln166)> <Delay = 0.73>
ST_1 : Operation 26 [1/1] (0.78ns)   --->   "%add_ln167 = add i6 %select_ln166, i6 8" [mmult.cpp:167]   --->   Operation 26 'add' 'add_ln167' <Predicate = (!icmp_ln166)> <Delay = 0.78> <CoreInst = "Adder">   --->   Core 1 'Adder' <Latency = 0> <II = 1> <Delay = 0.78> <FuncUnit> <Opcode : 'add' 'sub'> <InPorts = 2> <OutPorts = 1>
ST_1 : Operation 27 [1/1] (0.42ns)   --->   "%store_ln166 = store i8 %add_ln166_1, i8 %indvar_flatten16" [mmult.cpp:166]   --->   Operation 27 'store' 'store_ln166' <Predicate = (!icmp_ln166)> <Delay = 0.42>
ST_1 : Operation 28 [1/1] (0.42ns)   --->   "%store_ln166 = store i6 %select_ln166_1, i6 %i" [mmult.cpp:166]   --->   Operation 28 'store' 'store_ln166' <Predicate = (!icmp_ln166)> <Delay = 0.42>
ST_1 : Operation 29 [1/1] (0.42ns)   --->   "%store_ln167 = store i6 %add_ln167, i6 %j_2" [mmult.cpp:167]   --->   Operation 29 'store' 'store_ln167' <Predicate = (!icmp_ln166)> <Delay = 0.42>
ST_1 : Operation 30 [1/1] (0.00ns)   --->   "%br_ln167 = br void %for.inc50" [mmult.cpp:167]   --->   Operation 30 'br' 'br_ln167' <Predicate = (!icmp_ln166)> <Delay = 0.00>
ST_1 : Operation 172 [1/1] (0.00ns)   --->   "%ret_ln0 = ret"   --->   Operation 172 'ret' 'ret_ln0' <Predicate = (icmp_ln166)> <Delay = 0.00>

State 2 <SV = 1> <Delay = 0.67>
ST_2 : Operation 31 [1/1] (0.00ns)   --->   "%specloopname_ln0 = specloopname void @_ssdm_op_SpecLoopName, void @VITIS_LOOP_166_3_VITIS_LOOP_167_4_str"   --->   Operation 31 'specloopname' 'specloopname_ln0' <Predicate = true> <Delay = 0.00>
ST_2 : Operation 32 [1/1] (0.00ns)   --->   "%speclooptripcount_ln0 = speclooptripcount void @_ssdm_op_SpecLoopTripCount, i64 128, i64 128, i64 128"   --->   Operation 32 'speclooptripcount' 'speclooptripcount_ln0' <Predicate = true> <Delay = 0.00>
ST_2 : Operation 33 [1/1] (0.00ns)   --->   "%specpipeline_ln167 = specpipeline void @_ssdm_op_SpecPipeline, i32 4294967295, i32 0, i32 0, i32 0, void @empty_4" [mmult.cpp:167]   --->   Operation 33 'specpipeline' 'specpipeline_ln167' <Predicate = true> <Delay = 0.00>
ST_2 : Operation 34 [1/1] (0.00ns)   --->   "%tmp_1 = bitconcatenate i4 @_ssdm_op_BitConcatenate.i4.i2.i2, i2 %tmp_s, i2 %lshr_ln2" [mmult.cpp:169]   --->   Operation 34 'bitconcatenate' 'tmp_1' <Predicate = true> <Delay = 0.00>
ST_2 : Operation 35 [1/1] (0.00ns)   --->   "%zext_ln169 = zext i4 %tmp_1" [mmult.cpp:169]   --->   Operation 35 'zext' 'zext_ln169' <Predicate = true> <Delay = 0.00>
ST_2 : Operation 36 [1/1] (0.00ns)   --->   "%localC_addr = getelementptr i16 %localC, i64 0, i64 %zext_ln169" [mmult.cpp:169]   --->   Operation 36 'getelementptr' 'localC_addr' <Predicate = true> <Delay = 0.00>
ST_2 : Operation 37 [1/1] (0.00ns)   --->   "%localC_1_addr = getelementptr i16 %localC_1, i64 0, i64 %zext_ln169" [mmult.cpp:169]   --->   Operation 37 'getelementptr' 'localC_1_addr' <Predicate = true> <Delay = 0.00>
ST_2 : Operation 38 [1/1] (0.00ns)   --->   "%localC_2_addr = getelementptr i16 %localC_2, i64 0, i64 %zext_ln169" [mmult.cpp:169]   --->   Operation 38 'getelementptr' 'localC_2_addr' <Predicate = true> <Delay = 0.00>
ST_2 : Operation 39 [1/1] (0.00ns)   --->   "%localC_3_addr = getelementptr i16 %localC_3, i64 0, i64 %zext_ln169" [mmult.cpp:169]   --->   Operation 39 'getelementptr' 'localC_3_addr' <Predicate = true> <Delay = 0.00>
ST_2 : Operation 40 [1/1] (0.00ns)   --->   "%localC_4_addr = getelementptr i16 %localC_4, i64 0, i64 %zext_ln169" [mmult.cpp:169]   --->   Operation 40 'getelementptr' 'localC_4_addr' <Predicate = true> <Delay = 0.00>
ST_2 : Operation 41 [1/1] (0.00ns)   --->   "%localC_5_addr = getelementptr i16 %localC_5, i64 0, i64 %zext_ln169" [mmult.cpp:169]   --->   Operation 41 'getelementptr' 'localC_5_addr' <Predicate = true> <Delay = 0.00>
ST_2 : Operation 42 [1/1] (0.00ns)   --->   "%localC_6_addr = getelementptr i16 %localC_6, i64 0, i64 %zext_ln169" [mmult.cpp:169]   --->   Operation 42 'getelementptr' 'localC_6_addr' <Predicate = true> <Delay = 0.00>
ST_2 : Operation 43 [1/1] (0.00ns)   --->   "%localC_7_addr = getelementptr i16 %localC_7, i64 0, i64 %zext_ln169" [mmult.cpp:169]   --->   Operation 43 'getelementptr' 'localC_7_addr' <Predicate = true> <Delay = 0.00>
ST_2 : Operation 44 [1/1] (0.00ns)   --->   "%localC_8_addr = getelementptr i16 %localC_8, i64 0, i64 %zext_ln169" [mmult.cpp:169]   --->   Operation 44 'getelementptr' 'localC_8_addr' <Predicate = true> <Delay = 0.00>
ST_2 : Operation 45 [1/1] (0.00ns)   --->   "%localC_9_addr = getelementptr i16 %localC_9, i64 0, i64 %zext_ln169" [mmult.cpp:169]   --->   Operation 45 'getelementptr' 'localC_9_addr' <Predicate = true> <Delay = 0.00>
ST_2 : Operation 46 [1/1] (0.00ns)   --->   "%localC_10_addr = getelementptr i16 %localC_10, i64 0, i64 %zext_ln169" [mmult.cpp:169]   --->   Operation 46 'getelementptr' 'localC_10_addr' <Predicate = true> <Delay = 0.00>
ST_2 : Operation 47 [1/1] (0.00ns)   --->   "%localC_11_addr = getelementptr i16 %localC_11, i64 0, i64 %zext_ln169" [mmult.cpp:169]   --->   Operation 47 'getelementptr' 'localC_11_addr' <Predicate = true> <Delay = 0.00>
ST_2 : Operation 48 [1/1] (0.00ns)   --->   "%localC_12_addr = getelementptr i16 %localC_12, i64 0, i64 %zext_ln169" [mmult.cpp:169]   --->   Operation 48 'getelementptr' 'localC_12_addr' <Predicate = true> <Delay = 0.00>
ST_2 : Operation 49 [1/1] (0.00ns)   --->   "%localC_13_addr = getelementptr i16 %localC_13, i64 0, i64 %zext_ln169" [mmult.cpp:169]   --->   Operation 49 'getelementptr' 'localC_13_addr' <Predicate = true> <Delay = 0.00>
ST_2 : Operation 50 [1/1] (0.00ns)   --->   "%localC_14_addr = getelementptr i16 %localC_14, i64 0, i64 %zext_ln169" [mmult.cpp:169]   --->   Operation 50 'getelementptr' 'localC_14_addr' <Predicate = true> <Delay = 0.00>
ST_2 : Operation 51 [1/1] (0.00ns)   --->   "%localC_15_addr = getelementptr i16 %localC_15, i64 0, i64 %zext_ln169" [mmult.cpp:169]   --->   Operation 51 'getelementptr' 'localC_15_addr' <Predicate = true> <Delay = 0.00>
ST_2 : Operation 52 [1/1] (0.00ns)   --->   "%localC_16_addr = getelementptr i16 %localC_16, i64 0, i64 %zext_ln169" [mmult.cpp:169]   --->   Operation 52 'getelementptr' 'localC_16_addr' <Predicate = true> <Delay = 0.00>
ST_2 : Operation 53 [1/1] (0.00ns)   --->   "%localC_17_addr = getelementptr i16 %localC_17, i64 0, i64 %zext_ln169" [mmult.cpp:169]   --->   Operation 53 'getelementptr' 'localC_17_addr' <Predicate = true> <Delay = 0.00>
ST_2 : Operation 54 [1/1] (0.00ns)   --->   "%localC_18_addr = getelementptr i16 %localC_18, i64 0, i64 %zext_ln169" [mmult.cpp:169]   --->   Operation 54 'getelementptr' 'localC_18_addr' <Predicate = true> <Delay = 0.00>
ST_2 : Operation 55 [1/1] (0.00ns)   --->   "%localC_19_addr = getelementptr i16 %localC_19, i64 0, i64 %zext_ln169" [mmult.cpp:169]   --->   Operation 55 'getelementptr' 'localC_19_addr' <Predicate = true> <Delay = 0.00>
ST_2 : Operation 56 [1/1] (0.00ns)   --->   "%localC_20_addr = getelementptr i16 %localC_20, i64 0, i64 %zext_ln169" [mmult.cpp:169]   --->   Operation 56 'getelementptr' 'localC_20_addr' <Predicate = true> <Delay = 0.00>
ST_2 : Operation 57 [1/1] (0.00ns)   --->   "%localC_21_addr = getelementptr i16 %localC_21, i64 0, i64 %zext_ln169" [mmult.cpp:169]   --->   Operation 57 'getelementptr' 'localC_21_addr' <Predicate = true> <Delay = 0.00>
ST_2 : Operation 58 [1/1] (0.00ns)   --->   "%localC_22_addr = getelementptr i16 %localC_22, i64 0, i64 %zext_ln169" [mmult.cpp:169]   --->   Operation 58 'getelementptr' 'localC_22_addr' <Predicate = true> <Delay = 0.00>
ST_2 : Operation 59 [1/1] (0.00ns)   --->   "%localC_23_addr = getelementptr i16 %localC_23, i64 0, i64 %zext_ln169" [mmult.cpp:169]   --->   Operation 59 'getelementptr' 'localC_23_addr' <Predicate = true> <Delay = 0.00>
ST_2 : Operation 60 [1/1] (0.00ns)   --->   "%localC_24_addr = getelementptr i16 %localC_24, i64 0, i64 %zext_ln169" [mmult.cpp:169]   --->   Operation 60 'getelementptr' 'localC_24_addr' <Predicate = true> <Delay = 0.00>
ST_2 : Operation 61 [1/1] (0.00ns)   --->   "%localC_25_addr = getelementptr i16 %localC_25, i64 0, i64 %zext_ln169" [mmult.cpp:169]   --->   Operation 61 'getelementptr' 'localC_25_addr' <Predicate = true> <Delay = 0.00>
ST_2 : Operation 62 [1/1] (0.00ns)   --->   "%localC_26_addr = getelementptr i16 %localC_26, i64 0, i64 %zext_ln169" [mmult.cpp:169]   --->   Operation 62 'getelementptr' 'localC_26_addr' <Predicate = true> <Delay = 0.00>
ST_2 : Operation 63 [1/1] (0.00ns)   --->   "%localC_27_addr = getelementptr i16 %localC_27, i64 0, i64 %zext_ln169" [mmult.cpp:169]   --->   Operation 63 'getelementptr' 'localC_27_addr' <Predicate = true> <Delay = 0.00>
ST_2 : Operation 64 [1/1] (0.00ns)   --->   "%localC_28_addr = getelementptr i16 %localC_28, i64 0, i64 %zext_ln169" [mmult.cpp:169]   --->   Operation 64 'getelementptr' 'localC_28_addr' <Predicate = true> <Delay = 0.00>
ST_2 : Operation 65 [1/1] (0.00ns)   --->   "%localC_29_addr = getelementptr i16 %localC_29, i64 0, i64 %zext_ln169" [mmult.cpp:169]   --->   Operation 65 'getelementptr' 'localC_29_addr' <Predicate = true> <Delay = 0.00>
ST_2 : Operation 66 [1/1] (0.00ns)   --->   "%localC_30_addr = getelementptr i16 %localC_30, i64 0, i64 %zext_ln169" [mmult.cpp:169]   --->   Operation 66 'getelementptr' 'localC_30_addr' <Predicate = true> <Delay = 0.00>
ST_2 : Operation 67 [1/1] (0.00ns)   --->   "%localC_31_addr = getelementptr i16 %localC_31, i64 0, i64 %zext_ln169" [mmult.cpp:169]   --->   Operation 67 'getelementptr' 'localC_31_addr' <Predicate = true> <Delay = 0.00>
ST_2 : Operation 68 [1/1] (0.00ns)   --->   "%localC_32_addr = getelementptr i16 %localC_32, i64 0, i64 %zext_ln169" [mmult.cpp:169]   --->   Operation 68 'getelementptr' 'localC_32_addr' <Predicate = true> <Delay = 0.00>
ST_2 : Operation 69 [1/1] (0.00ns)   --->   "%localC_33_addr = getelementptr i16 %localC_33, i64 0, i64 %zext_ln169" [mmult.cpp:169]   --->   Operation 69 'getelementptr' 'localC_33_addr' <Predicate = true> <Delay = 0.00>
ST_2 : Operation 70 [1/1] (0.00ns)   --->   "%localC_34_addr = getelementptr i16 %localC_34, i64 0, i64 %zext_ln169" [mmult.cpp:169]   --->   Operation 70 'getelementptr' 'localC_34_addr' <Predicate = true> <Delay = 0.00>
ST_2 : Operation 71 [1/1] (0.00ns)   --->   "%localC_35_addr = getelementptr i16 %localC_35, i64 0, i64 %zext_ln169" [mmult.cpp:169]   --->   Operation 71 'getelementptr' 'localC_35_addr' <Predicate = true> <Delay = 0.00>
ST_2 : Operation 72 [1/1] (0.00ns)   --->   "%localC_36_addr = getelementptr i16 %localC_36, i64 0, i64 %zext_ln169" [mmult.cpp:169]   --->   Operation 72 'getelementptr' 'localC_36_addr' <Predicate = true> <Delay = 0.00>
ST_2 : Operation 73 [1/1] (0.00ns)   --->   "%localC_37_addr = getelementptr i16 %localC_37, i64 0, i64 %zext_ln169" [mmult.cpp:169]   --->   Operation 73 'getelementptr' 'localC_37_addr' <Predicate = true> <Delay = 0.00>
ST_2 : Operation 74 [1/1] (0.00ns)   --->   "%localC_38_addr = getelementptr i16 %localC_38, i64 0, i64 %zext_ln169" [mmult.cpp:169]   --->   Operation 74 'getelementptr' 'localC_38_addr' <Predicate = true> <Delay = 0.00>
ST_2 : Operation 75 [1/1] (0.00ns)   --->   "%localC_39_addr = getelementptr i16 %localC_39, i64 0, i64 %zext_ln169" [mmult.cpp:169]   --->   Operation 75 'getelementptr' 'localC_39_addr' <Predicate = true> <Delay = 0.00>
ST_2 : Operation 76 [1/1] (0.00ns)   --->   "%localC_40_addr = getelementptr i16 %localC_40, i64 0, i64 %zext_ln169" [mmult.cpp:169]   --->   Operation 76 'getelementptr' 'localC_40_addr' <Predicate = true> <Delay = 0.00>
ST_2 : Operation 77 [1/1] (0.00ns)   --->   "%localC_41_addr = getelementptr i16 %localC_41, i64 0, i64 %zext_ln169" [mmult.cpp:169]   --->   Operation 77 'getelementptr' 'localC_41_addr' <Predicate = true> <Delay = 0.00>
ST_2 : Operation 78 [1/1] (0.00ns)   --->   "%localC_42_addr = getelementptr i16 %localC_42, i64 0, i64 %zext_ln169" [mmult.cpp:169]   --->   Operation 78 'getelementptr' 'localC_42_addr' <Predicate = true> <Delay = 0.00>
ST_2 : Operation 79 [1/1] (0.00ns)   --->   "%localC_43_addr = getelementptr i16 %localC_43, i64 0, i64 %zext_ln169" [mmult.cpp:169]   --->   Operation 79 'getelementptr' 'localC_43_addr' <Predicate = true> <Delay = 0.00>
ST_2 : Operation 80 [1/1] (0.00ns)   --->   "%localC_44_addr = getelementptr i16 %localC_44, i64 0, i64 %zext_ln169" [mmult.cpp:169]   --->   Operation 80 'getelementptr' 'localC_44_addr' <Predicate = true> <Delay = 0.00>
ST_2 : Operation 81 [1/1] (0.00ns)   --->   "%localC_45_addr = getelementptr i16 %localC_45, i64 0, i64 %zext_ln169" [mmult.cpp:169]   --->   Operation 81 'getelementptr' 'localC_45_addr' <Predicate = true> <Delay = 0.00>
ST_2 : Operation 82 [1/1] (0.00ns)   --->   "%localC_46_addr = getelementptr i16 %localC_46, i64 0, i64 %zext_ln169" [mmult.cpp:169]   --->   Operation 82 'getelementptr' 'localC_46_addr' <Predicate = true> <Delay = 0.00>
ST_2 : Operation 83 [1/1] (0.00ns)   --->   "%localC_47_addr = getelementptr i16 %localC_47, i64 0, i64 %zext_ln169" [mmult.cpp:169]   --->   Operation 83 'getelementptr' 'localC_47_addr' <Predicate = true> <Delay = 0.00>
ST_2 : Operation 84 [1/1] (0.00ns)   --->   "%localC_48_addr = getelementptr i16 %localC_48, i64 0, i64 %zext_ln169" [mmult.cpp:169]   --->   Operation 84 'getelementptr' 'localC_48_addr' <Predicate = true> <Delay = 0.00>
ST_2 : Operation 85 [1/1] (0.00ns)   --->   "%localC_49_addr = getelementptr i16 %localC_49, i64 0, i64 %zext_ln169" [mmult.cpp:169]   --->   Operation 85 'getelementptr' 'localC_49_addr' <Predicate = true> <Delay = 0.00>
ST_2 : Operation 86 [1/1] (0.00ns)   --->   "%localC_50_addr = getelementptr i16 %localC_50, i64 0, i64 %zext_ln169" [mmult.cpp:169]   --->   Operation 86 'getelementptr' 'localC_50_addr' <Predicate = true> <Delay = 0.00>
ST_2 : Operation 87 [1/1] (0.00ns)   --->   "%localC_51_addr = getelementptr i16 %localC_51, i64 0, i64 %zext_ln169" [mmult.cpp:169]   --->   Operation 87 'getelementptr' 'localC_51_addr' <Predicate = true> <Delay = 0.00>
ST_2 : Operation 88 [1/1] (0.00ns)   --->   "%localC_52_addr = getelementptr i16 %localC_52, i64 0, i64 %zext_ln169" [mmult.cpp:169]   --->   Operation 88 'getelementptr' 'localC_52_addr' <Predicate = true> <Delay = 0.00>
ST_2 : Operation 89 [1/1] (0.00ns)   --->   "%localC_53_addr = getelementptr i16 %localC_53, i64 0, i64 %zext_ln169" [mmult.cpp:169]   --->   Operation 89 'getelementptr' 'localC_53_addr' <Predicate = true> <Delay = 0.00>
ST_2 : Operation 90 [1/1] (0.00ns)   --->   "%localC_54_addr = getelementptr i16 %localC_54, i64 0, i64 %zext_ln169" [mmult.cpp:169]   --->   Operation 90 'getelementptr' 'localC_54_addr' <Predicate = true> <Delay = 0.00>
ST_2 : Operation 91 [1/1] (0.00ns)   --->   "%localC_55_addr = getelementptr i16 %localC_55, i64 0, i64 %zext_ln169" [mmult.cpp:169]   --->   Operation 91 'getelementptr' 'localC_55_addr' <Predicate = true> <Delay = 0.00>
ST_2 : Operation 92 [1/1] (0.00ns)   --->   "%localC_56_addr = getelementptr i16 %localC_56, i64 0, i64 %zext_ln169" [mmult.cpp:169]   --->   Operation 92 'getelementptr' 'localC_56_addr' <Predicate = true> <Delay = 0.00>
ST_2 : Operation 93 [1/1] (0.00ns)   --->   "%localC_57_addr = getelementptr i16 %localC_57, i64 0, i64 %zext_ln169" [mmult.cpp:169]   --->   Operation 93 'getelementptr' 'localC_57_addr' <Predicate = true> <Delay = 0.00>
ST_2 : Operation 94 [1/1] (0.00ns)   --->   "%localC_58_addr = getelementptr i16 %localC_58, i64 0, i64 %zext_ln169" [mmult.cpp:169]   --->   Operation 94 'getelementptr' 'localC_58_addr' <Predicate = true> <Delay = 0.00>
ST_2 : Operation 95 [1/1] (0.00ns)   --->   "%localC_59_addr = getelementptr i16 %localC_59, i64 0, i64 %zext_ln169" [mmult.cpp:169]   --->   Operation 95 'getelementptr' 'localC_59_addr' <Predicate = true> <Delay = 0.00>
ST_2 : Operation 96 [1/1] (0.00ns)   --->   "%localC_60_addr = getelementptr i16 %localC_60, i64 0, i64 %zext_ln169" [mmult.cpp:169]   --->   Operation 96 'getelementptr' 'localC_60_addr' <Predicate = true> <Delay = 0.00>
ST_2 : Operation 97 [1/1] (0.00ns)   --->   "%localC_61_addr = getelementptr i16 %localC_61, i64 0, i64 %zext_ln169" [mmult.cpp:169]   --->   Operation 97 'getelementptr' 'localC_61_addr' <Predicate = true> <Delay = 0.00>
ST_2 : Operation 98 [1/1] (0.00ns)   --->   "%localC_62_addr = getelementptr i16 %localC_62, i64 0, i64 %zext_ln169" [mmult.cpp:169]   --->   Operation 98 'getelementptr' 'localC_62_addr' <Predicate = true> <Delay = 0.00>
ST_2 : Operation 99 [1/1] (0.00ns)   --->   "%localC_63_addr = getelementptr i16 %localC_63, i64 0, i64 %zext_ln169" [mmult.cpp:169]   --->   Operation 99 'getelementptr' 'localC_63_addr' <Predicate = true> <Delay = 0.00>
ST_2 : Operation 100 [1/1] (0.67ns)   --->   "%store_ln169 = store i16 0, i4 %localC_48_addr" [mmult.cpp:169]   --->   Operation 100 'store' 'store_ln169' <Predicate = (trunc_ln166 == 6)> <Delay = 0.67> <CoreInst = "RAM">   --->   Core 83 'RAM' <Latency = 1> <II = 1> <Delay = 0.67> <Storage> <Opcode : 'load' 'store'> <Ports = 2> <Width = 16> <Depth = 16> <RAM>
ST_2 : Operation 101 [1/1] (0.67ns)   --->   "%store_ln169 = store i16 0, i4 %localC_49_addr" [mmult.cpp:169]   --->   Operation 101 'store' 'store_ln169' <Predicate = (trunc_ln166 == 6)> <Delay = 0.67> <CoreInst = "RAM">   --->   Core 83 'RAM' <Latency = 1> <II = 1> <Delay = 0.67> <Storage> <Opcode : 'load' 'store'> <Ports = 2> <Width = 16> <Depth = 16> <RAM>
ST_2 : Operation 102 [1/1] (0.67ns)   --->   "%store_ln169 = store i16 0, i4 %localC_50_addr" [mmult.cpp:169]   --->   Operation 102 'store' 'store_ln169' <Predicate = (trunc_ln166 == 6)> <Delay = 0.67> <CoreInst = "RAM">   --->   Core 83 'RAM' <Latency = 1> <II = 1> <Delay = 0.67> <Storage> <Opcode : 'load' 'store'> <Ports = 2> <Width = 16> <Depth = 16> <RAM>
ST_2 : Operation 103 [1/1] (0.67ns)   --->   "%store_ln169 = store i16 0, i4 %localC_51_addr" [mmult.cpp:169]   --->   Operation 103 'store' 'store_ln169' <Predicate = (trunc_ln166 == 6)> <Delay = 0.67> <CoreInst = "RAM">   --->   Core 83 'RAM' <Latency = 1> <II = 1> <Delay = 0.67> <Storage> <Opcode : 'load' 'store'> <Ports = 2> <Width = 16> <Depth = 16> <RAM>
ST_2 : Operation 104 [1/1] (0.67ns)   --->   "%store_ln169 = store i16 0, i4 %localC_52_addr" [mmult.cpp:169]   --->   Operation 104 'store' 'store_ln169' <Predicate = (trunc_ln166 == 6)> <Delay = 0.67> <CoreInst = "RAM">   --->   Core 83 'RAM' <Latency = 1> <II = 1> <Delay = 0.67> <Storage> <Opcode : 'load' 'store'> <Ports = 2> <Width = 16> <Depth = 16> <RAM>
ST_2 : Operation 105 [1/1] (0.67ns)   --->   "%store_ln169 = store i16 0, i4 %localC_53_addr" [mmult.cpp:169]   --->   Operation 105 'store' 'store_ln169' <Predicate = (trunc_ln166 == 6)> <Delay = 0.67> <CoreInst = "RAM">   --->   Core 83 'RAM' <Latency = 1> <II = 1> <Delay = 0.67> <Storage> <Opcode : 'load' 'store'> <Ports = 2> <Width = 16> <Depth = 16> <RAM>
ST_2 : Operation 106 [1/1] (0.67ns)   --->   "%store_ln169 = store i16 0, i4 %localC_54_addr" [mmult.cpp:169]   --->   Operation 106 'store' 'store_ln169' <Predicate = (trunc_ln166 == 6)> <Delay = 0.67> <CoreInst = "RAM">   --->   Core 83 'RAM' <Latency = 1> <II = 1> <Delay = 0.67> <Storage> <Opcode : 'load' 'store'> <Ports = 2> <Width = 16> <Depth = 16> <RAM>
ST_2 : Operation 107 [1/1] (0.67ns)   --->   "%store_ln169 = store i16 0, i4 %localC_55_addr" [mmult.cpp:169]   --->   Operation 107 'store' 'store_ln169' <Predicate = (trunc_ln166 == 6)> <Delay = 0.67> <CoreInst = "RAM">   --->   Core 83 'RAM' <Latency = 1> <II = 1> <Delay = 0.67> <Storage> <Opcode : 'load' 'store'> <Ports = 2> <Width = 16> <Depth = 16> <RAM>
ST_2 : Operation 108 [1/1] (0.00ns)   --->   "%br_ln169 = br void %arrayidx492.7.exit" [mmult.cpp:169]   --->   Operation 108 'br' 'br_ln169' <Predicate = (trunc_ln166 == 6)> <Delay = 0.00>
ST_2 : Operation 109 [1/1] (0.67ns)   --->   "%store_ln169 = store i16 0, i4 %localC_40_addr" [mmult.cpp:169]   --->   Operation 109 'store' 'store_ln169' <Predicate = (trunc_ln166 == 5)> <Delay = 0.67> <CoreInst = "RAM">   --->   Core 83 'RAM' <Latency = 1> <II = 1> <Delay = 0.67> <Storage> <Opcode : 'load' 'store'> <Ports = 2> <Width = 16> <Depth = 16> <RAM>
ST_2 : Operation 110 [1/1] (0.67ns)   --->   "%store_ln169 = store i16 0, i4 %localC_41_addr" [mmult.cpp:169]   --->   Operation 110 'store' 'store_ln169' <Predicate = (trunc_ln166 == 5)> <Delay = 0.67> <CoreInst = "RAM">   --->   Core 83 'RAM' <Latency = 1> <II = 1> <Delay = 0.67> <Storage> <Opcode : 'load' 'store'> <Ports = 2> <Width = 16> <Depth = 16> <RAM>
ST_2 : Operation 111 [1/1] (0.67ns)   --->   "%store_ln169 = store i16 0, i4 %localC_42_addr" [mmult.cpp:169]   --->   Operation 111 'store' 'store_ln169' <Predicate = (trunc_ln166 == 5)> <Delay = 0.67> <CoreInst = "RAM">   --->   Core 83 'RAM' <Latency = 1> <II = 1> <Delay = 0.67> <Storage> <Opcode : 'load' 'store'> <Ports = 2> <Width = 16> <Depth = 16> <RAM>
ST_2 : Operation 112 [1/1] (0.67ns)   --->   "%store_ln169 = store i16 0, i4 %localC_43_addr" [mmult.cpp:169]   --->   Operation 112 'store' 'store_ln169' <Predicate = (trunc_ln166 == 5)> <Delay = 0.67> <CoreInst = "RAM">   --->   Core 83 'RAM' <Latency = 1> <II = 1> <Delay = 0.67> <Storage> <Opcode : 'load' 'store'> <Ports = 2> <Width = 16> <Depth = 16> <RAM>
ST_2 : Operation 113 [1/1] (0.67ns)   --->   "%store_ln169 = store i16 0, i4 %localC_44_addr" [mmult.cpp:169]   --->   Operation 113 'store' 'store_ln169' <Predicate = (trunc_ln166 == 5)> <Delay = 0.67> <CoreInst = "RAM">   --->   Core 83 'RAM' <Latency = 1> <II = 1> <Delay = 0.67> <Storage> <Opcode : 'load' 'store'> <Ports = 2> <Width = 16> <Depth = 16> <RAM>
ST_2 : Operation 114 [1/1] (0.67ns)   --->   "%store_ln169 = store i16 0, i4 %localC_45_addr" [mmult.cpp:169]   --->   Operation 114 'store' 'store_ln169' <Predicate = (trunc_ln166 == 5)> <Delay = 0.67> <CoreInst = "RAM">   --->   Core 83 'RAM' <Latency = 1> <II = 1> <Delay = 0.67> <Storage> <Opcode : 'load' 'store'> <Ports = 2> <Width = 16> <Depth = 16> <RAM>
ST_2 : Operation 115 [1/1] (0.67ns)   --->   "%store_ln169 = store i16 0, i4 %localC_46_addr" [mmult.cpp:169]   --->   Operation 115 'store' 'store_ln169' <Predicate = (trunc_ln166 == 5)> <Delay = 0.67> <CoreInst = "RAM">   --->   Core 83 'RAM' <Latency = 1> <II = 1> <Delay = 0.67> <Storage> <Opcode : 'load' 'store'> <Ports = 2> <Width = 16> <Depth = 16> <RAM>
ST_2 : Operation 116 [1/1] (0.67ns)   --->   "%store_ln169 = store i16 0, i4 %localC_47_addr" [mmult.cpp:169]   --->   Operation 116 'store' 'store_ln169' <Predicate = (trunc_ln166 == 5)> <Delay = 0.67> <CoreInst = "RAM">   --->   Core 83 'RAM' <Latency = 1> <II = 1> <Delay = 0.67> <Storage> <Opcode : 'load' 'store'> <Ports = 2> <Width = 16> <Depth = 16> <RAM>
ST_2 : Operation 117 [1/1] (0.00ns)   --->   "%br_ln169 = br void %arrayidx492.7.exit" [mmult.cpp:169]   --->   Operation 117 'br' 'br_ln169' <Predicate = (trunc_ln166 == 5)> <Delay = 0.00>
ST_2 : Operation 118 [1/1] (0.67ns)   --->   "%store_ln169 = store i16 0, i4 %localC_32_addr" [mmult.cpp:169]   --->   Operation 118 'store' 'store_ln169' <Predicate = (trunc_ln166 == 4)> <Delay = 0.67> <CoreInst = "RAM">   --->   Core 83 'RAM' <Latency = 1> <II = 1> <Delay = 0.67> <Storage> <Opcode : 'load' 'store'> <Ports = 2> <Width = 16> <Depth = 16> <RAM>
ST_2 : Operation 119 [1/1] (0.67ns)   --->   "%store_ln169 = store i16 0, i4 %localC_33_addr" [mmult.cpp:169]   --->   Operation 119 'store' 'store_ln169' <Predicate = (trunc_ln166 == 4)> <Delay = 0.67> <CoreInst = "RAM">   --->   Core 83 'RAM' <Latency = 1> <II = 1> <Delay = 0.67> <Storage> <Opcode : 'load' 'store'> <Ports = 2> <Width = 16> <Depth = 16> <RAM>
ST_2 : Operation 120 [1/1] (0.67ns)   --->   "%store_ln169 = store i16 0, i4 %localC_34_addr" [mmult.cpp:169]   --->   Operation 120 'store' 'store_ln169' <Predicate = (trunc_ln166 == 4)> <Delay = 0.67> <CoreInst = "RAM">   --->   Core 83 'RAM' <Latency = 1> <II = 1> <Delay = 0.67> <Storage> <Opcode : 'load' 'store'> <Ports = 2> <Width = 16> <Depth = 16> <RAM>
ST_2 : Operation 121 [1/1] (0.67ns)   --->   "%store_ln169 = store i16 0, i4 %localC_35_addr" [mmult.cpp:169]   --->   Operation 121 'store' 'store_ln169' <Predicate = (trunc_ln166 == 4)> <Delay = 0.67> <CoreInst = "RAM">   --->   Core 83 'RAM' <Latency = 1> <II = 1> <Delay = 0.67> <Storage> <Opcode : 'load' 'store'> <Ports = 2> <Width = 16> <Depth = 16> <RAM>
ST_2 : Operation 122 [1/1] (0.67ns)   --->   "%store_ln169 = store i16 0, i4 %localC_36_addr" [mmult.cpp:169]   --->   Operation 122 'store' 'store_ln169' <Predicate = (trunc_ln166 == 4)> <Delay = 0.67> <CoreInst = "RAM">   --->   Core 83 'RAM' <Latency = 1> <II = 1> <Delay = 0.67> <Storage> <Opcode : 'load' 'store'> <Ports = 2> <Width = 16> <Depth = 16> <RAM>
ST_2 : Operation 123 [1/1] (0.67ns)   --->   "%store_ln169 = store i16 0, i4 %localC_37_addr" [mmult.cpp:169]   --->   Operation 123 'store' 'store_ln169' <Predicate = (trunc_ln166 == 4)> <Delay = 0.67> <CoreInst = "RAM">   --->   Core 83 'RAM' <Latency = 1> <II = 1> <Delay = 0.67> <Storage> <Opcode : 'load' 'store'> <Ports = 2> <Width = 16> <Depth = 16> <RAM>
ST_2 : Operation 124 [1/1] (0.67ns)   --->   "%store_ln169 = store i16 0, i4 %localC_38_addr" [mmult.cpp:169]   --->   Operation 124 'store' 'store_ln169' <Predicate = (trunc_ln166 == 4)> <Delay = 0.67> <CoreInst = "RAM">   --->   Core 83 'RAM' <Latency = 1> <II = 1> <Delay = 0.67> <Storage> <Opcode : 'load' 'store'> <Ports = 2> <Width = 16> <Depth = 16> <RAM>
ST_2 : Operation 125 [1/1] (0.67ns)   --->   "%store_ln169 = store i16 0, i4 %localC_39_addr" [mmult.cpp:169]   --->   Operation 125 'store' 'store_ln169' <Predicate = (trunc_ln166 == 4)> <Delay = 0.67> <CoreInst = "RAM">   --->   Core 83 'RAM' <Latency = 1> <II = 1> <Delay = 0.67> <Storage> <Opcode : 'load' 'store'> <Ports = 2> <Width = 16> <Depth = 16> <RAM>
ST_2 : Operation 126 [1/1] (0.00ns)   --->   "%br_ln169 = br void %arrayidx492.7.exit" [mmult.cpp:169]   --->   Operation 126 'br' 'br_ln169' <Predicate = (trunc_ln166 == 4)> <Delay = 0.00>
ST_2 : Operation 127 [1/1] (0.67ns)   --->   "%store_ln169 = store i16 0, i4 %localC_24_addr" [mmult.cpp:169]   --->   Operation 127 'store' 'store_ln169' <Predicate = (trunc_ln166 == 3)> <Delay = 0.67> <CoreInst = "RAM">   --->   Core 83 'RAM' <Latency = 1> <II = 1> <Delay = 0.67> <Storage> <Opcode : 'load' 'store'> <Ports = 2> <Width = 16> <Depth = 16> <RAM>
ST_2 : Operation 128 [1/1] (0.67ns)   --->   "%store_ln169 = store i16 0, i4 %localC_25_addr" [mmult.cpp:169]   --->   Operation 128 'store' 'store_ln169' <Predicate = (trunc_ln166 == 3)> <Delay = 0.67> <CoreInst = "RAM">   --->   Core 83 'RAM' <Latency = 1> <II = 1> <Delay = 0.67> <Storage> <Opcode : 'load' 'store'> <Ports = 2> <Width = 16> <Depth = 16> <RAM>
ST_2 : Operation 129 [1/1] (0.67ns)   --->   "%store_ln169 = store i16 0, i4 %localC_26_addr" [mmult.cpp:169]   --->   Operation 129 'store' 'store_ln169' <Predicate = (trunc_ln166 == 3)> <Delay = 0.67> <CoreInst = "RAM">   --->   Core 83 'RAM' <Latency = 1> <II = 1> <Delay = 0.67> <Storage> <Opcode : 'load' 'store'> <Ports = 2> <Width = 16> <Depth = 16> <RAM>
ST_2 : Operation 130 [1/1] (0.67ns)   --->   "%store_ln169 = store i16 0, i4 %localC_27_addr" [mmult.cpp:169]   --->   Operation 130 'store' 'store_ln169' <Predicate = (trunc_ln166 == 3)> <Delay = 0.67> <CoreInst = "RAM">   --->   Core 83 'RAM' <Latency = 1> <II = 1> <Delay = 0.67> <Storage> <Opcode : 'load' 'store'> <Ports = 2> <Width = 16> <Depth = 16> <RAM>
ST_2 : Operation 131 [1/1] (0.67ns)   --->   "%store_ln169 = store i16 0, i4 %localC_28_addr" [mmult.cpp:169]   --->   Operation 131 'store' 'store_ln169' <Predicate = (trunc_ln166 == 3)> <Delay = 0.67> <CoreInst = "RAM">   --->   Core 83 'RAM' <Latency = 1> <II = 1> <Delay = 0.67> <Storage> <Opcode : 'load' 'store'> <Ports = 2> <Width = 16> <Depth = 16> <RAM>
ST_2 : Operation 132 [1/1] (0.67ns)   --->   "%store_ln169 = store i16 0, i4 %localC_29_addr" [mmult.cpp:169]   --->   Operation 132 'store' 'store_ln169' <Predicate = (trunc_ln166 == 3)> <Delay = 0.67> <CoreInst = "RAM">   --->   Core 83 'RAM' <Latency = 1> <II = 1> <Delay = 0.67> <Storage> <Opcode : 'load' 'store'> <Ports = 2> <Width = 16> <Depth = 16> <RAM>
ST_2 : Operation 133 [1/1] (0.67ns)   --->   "%store_ln169 = store i16 0, i4 %localC_30_addr" [mmult.cpp:169]   --->   Operation 133 'store' 'store_ln169' <Predicate = (trunc_ln166 == 3)> <Delay = 0.67> <CoreInst = "RAM">   --->   Core 83 'RAM' <Latency = 1> <II = 1> <Delay = 0.67> <Storage> <Opcode : 'load' 'store'> <Ports = 2> <Width = 16> <Depth = 16> <RAM>
ST_2 : Operation 134 [1/1] (0.67ns)   --->   "%store_ln169 = store i16 0, i4 %localC_31_addr" [mmult.cpp:169]   --->   Operation 134 'store' 'store_ln169' <Predicate = (trunc_ln166 == 3)> <Delay = 0.67> <CoreInst = "RAM">   --->   Core 83 'RAM' <Latency = 1> <II = 1> <Delay = 0.67> <Storage> <Opcode : 'load' 'store'> <Ports = 2> <Width = 16> <Depth = 16> <RAM>
ST_2 : Operation 135 [1/1] (0.00ns)   --->   "%br_ln169 = br void %arrayidx492.7.exit" [mmult.cpp:169]   --->   Operation 135 'br' 'br_ln169' <Predicate = (trunc_ln166 == 3)> <Delay = 0.00>
ST_2 : Operation 136 [1/1] (0.67ns)   --->   "%store_ln169 = store i16 0, i4 %localC_16_addr" [mmult.cpp:169]   --->   Operation 136 'store' 'store_ln169' <Predicate = (trunc_ln166 == 2)> <Delay = 0.67> <CoreInst = "RAM">   --->   Core 83 'RAM' <Latency = 1> <II = 1> <Delay = 0.67> <Storage> <Opcode : 'load' 'store'> <Ports = 2> <Width = 16> <Depth = 16> <RAM>
ST_2 : Operation 137 [1/1] (0.67ns)   --->   "%store_ln169 = store i16 0, i4 %localC_17_addr" [mmult.cpp:169]   --->   Operation 137 'store' 'store_ln169' <Predicate = (trunc_ln166 == 2)> <Delay = 0.67> <CoreInst = "RAM">   --->   Core 83 'RAM' <Latency = 1> <II = 1> <Delay = 0.67> <Storage> <Opcode : 'load' 'store'> <Ports = 2> <Width = 16> <Depth = 16> <RAM>
ST_2 : Operation 138 [1/1] (0.67ns)   --->   "%store_ln169 = store i16 0, i4 %localC_18_addr" [mmult.cpp:169]   --->   Operation 138 'store' 'store_ln169' <Predicate = (trunc_ln166 == 2)> <Delay = 0.67> <CoreInst = "RAM">   --->   Core 83 'RAM' <Latency = 1> <II = 1> <Delay = 0.67> <Storage> <Opcode : 'load' 'store'> <Ports = 2> <Width = 16> <Depth = 16> <RAM>
ST_2 : Operation 139 [1/1] (0.67ns)   --->   "%store_ln169 = store i16 0, i4 %localC_19_addr" [mmult.cpp:169]   --->   Operation 139 'store' 'store_ln169' <Predicate = (trunc_ln166 == 2)> <Delay = 0.67> <CoreInst = "RAM">   --->   Core 83 'RAM' <Latency = 1> <II = 1> <Delay = 0.67> <Storage> <Opcode : 'load' 'store'> <Ports = 2> <Width = 16> <Depth = 16> <RAM>
ST_2 : Operation 140 [1/1] (0.67ns)   --->   "%store_ln169 = store i16 0, i4 %localC_20_addr" [mmult.cpp:169]   --->   Operation 140 'store' 'store_ln169' <Predicate = (trunc_ln166 == 2)> <Delay = 0.67> <CoreInst = "RAM">   --->   Core 83 'RAM' <Latency = 1> <II = 1> <Delay = 0.67> <Storage> <Opcode : 'load' 'store'> <Ports = 2> <Width = 16> <Depth = 16> <RAM>
ST_2 : Operation 141 [1/1] (0.67ns)   --->   "%store_ln169 = store i16 0, i4 %localC_21_addr" [mmult.cpp:169]   --->   Operation 141 'store' 'store_ln169' <Predicate = (trunc_ln166 == 2)> <Delay = 0.67> <CoreInst = "RAM">   --->   Core 83 'RAM' <Latency = 1> <II = 1> <Delay = 0.67> <Storage> <Opcode : 'load' 'store'> <Ports = 2> <Width = 16> <Depth = 16> <RAM>
ST_2 : Operation 142 [1/1] (0.67ns)   --->   "%store_ln169 = store i16 0, i4 %localC_22_addr" [mmult.cpp:169]   --->   Operation 142 'store' 'store_ln169' <Predicate = (trunc_ln166 == 2)> <Delay = 0.67> <CoreInst = "RAM">   --->   Core 83 'RAM' <Latency = 1> <II = 1> <Delay = 0.67> <Storage> <Opcode : 'load' 'store'> <Ports = 2> <Width = 16> <Depth = 16> <RAM>
ST_2 : Operation 143 [1/1] (0.67ns)   --->   "%store_ln169 = store i16 0, i4 %localC_23_addr" [mmult.cpp:169]   --->   Operation 143 'store' 'store_ln169' <Predicate = (trunc_ln166 == 2)> <Delay = 0.67> <CoreInst = "RAM">   --->   Core 83 'RAM' <Latency = 1> <II = 1> <Delay = 0.67> <Storage> <Opcode : 'load' 'store'> <Ports = 2> <Width = 16> <Depth = 16> <RAM>
ST_2 : Operation 144 [1/1] (0.00ns)   --->   "%br_ln169 = br void %arrayidx492.7.exit" [mmult.cpp:169]   --->   Operation 144 'br' 'br_ln169' <Predicate = (trunc_ln166 == 2)> <Delay = 0.00>
ST_2 : Operation 145 [1/1] (0.67ns)   --->   "%store_ln169 = store i16 0, i4 %localC_8_addr" [mmult.cpp:169]   --->   Operation 145 'store' 'store_ln169' <Predicate = (trunc_ln166 == 1)> <Delay = 0.67> <CoreInst = "RAM">   --->   Core 83 'RAM' <Latency = 1> <II = 1> <Delay = 0.67> <Storage> <Opcode : 'load' 'store'> <Ports = 2> <Width = 16> <Depth = 16> <RAM>
ST_2 : Operation 146 [1/1] (0.67ns)   --->   "%store_ln169 = store i16 0, i4 %localC_9_addr" [mmult.cpp:169]   --->   Operation 146 'store' 'store_ln169' <Predicate = (trunc_ln166 == 1)> <Delay = 0.67> <CoreInst = "RAM">   --->   Core 83 'RAM' <Latency = 1> <II = 1> <Delay = 0.67> <Storage> <Opcode : 'load' 'store'> <Ports = 2> <Width = 16> <Depth = 16> <RAM>
ST_2 : Operation 147 [1/1] (0.67ns)   --->   "%store_ln169 = store i16 0, i4 %localC_10_addr" [mmult.cpp:169]   --->   Operation 147 'store' 'store_ln169' <Predicate = (trunc_ln166 == 1)> <Delay = 0.67> <CoreInst = "RAM">   --->   Core 83 'RAM' <Latency = 1> <II = 1> <Delay = 0.67> <Storage> <Opcode : 'load' 'store'> <Ports = 2> <Width = 16> <Depth = 16> <RAM>
ST_2 : Operation 148 [1/1] (0.67ns)   --->   "%store_ln169 = store i16 0, i4 %localC_11_addr" [mmult.cpp:169]   --->   Operation 148 'store' 'store_ln169' <Predicate = (trunc_ln166 == 1)> <Delay = 0.67> <CoreInst = "RAM">   --->   Core 83 'RAM' <Latency = 1> <II = 1> <Delay = 0.67> <Storage> <Opcode : 'load' 'store'> <Ports = 2> <Width = 16> <Depth = 16> <RAM>
ST_2 : Operation 149 [1/1] (0.67ns)   --->   "%store_ln169 = store i16 0, i4 %localC_12_addr" [mmult.cpp:169]   --->   Operation 149 'store' 'store_ln169' <Predicate = (trunc_ln166 == 1)> <Delay = 0.67> <CoreInst = "RAM">   --->   Core 83 'RAM' <Latency = 1> <II = 1> <Delay = 0.67> <Storage> <Opcode : 'load' 'store'> <Ports = 2> <Width = 16> <Depth = 16> <RAM>
ST_2 : Operation 150 [1/1] (0.67ns)   --->   "%store_ln169 = store i16 0, i4 %localC_13_addr" [mmult.cpp:169]   --->   Operation 150 'store' 'store_ln169' <Predicate = (trunc_ln166 == 1)> <Delay = 0.67> <CoreInst = "RAM">   --->   Core 83 'RAM' <Latency = 1> <II = 1> <Delay = 0.67> <Storage> <Opcode : 'load' 'store'> <Ports = 2> <Width = 16> <Depth = 16> <RAM>
ST_2 : Operation 151 [1/1] (0.67ns)   --->   "%store_ln169 = store i16 0, i4 %localC_14_addr" [mmult.cpp:169]   --->   Operation 151 'store' 'store_ln169' <Predicate = (trunc_ln166 == 1)> <Delay = 0.67> <CoreInst = "RAM">   --->   Core 83 'RAM' <Latency = 1> <II = 1> <Delay = 0.67> <Storage> <Opcode : 'load' 'store'> <Ports = 2> <Width = 16> <Depth = 16> <RAM>
ST_2 : Operation 152 [1/1] (0.67ns)   --->   "%store_ln169 = store i16 0, i4 %localC_15_addr" [mmult.cpp:169]   --->   Operation 152 'store' 'store_ln169' <Predicate = (trunc_ln166 == 1)> <Delay = 0.67> <CoreInst = "RAM">   --->   Core 83 'RAM' <Latency = 1> <II = 1> <Delay = 0.67> <Storage> <Opcode : 'load' 'store'> <Ports = 2> <Width = 16> <Depth = 16> <RAM>
ST_2 : Operation 153 [1/1] (0.00ns)   --->   "%br_ln169 = br void %arrayidx492.7.exit" [mmult.cpp:169]   --->   Operation 153 'br' 'br_ln169' <Predicate = (trunc_ln166 == 1)> <Delay = 0.00>
ST_2 : Operation 154 [1/1] (0.67ns)   --->   "%store_ln169 = store i16 0, i4 %localC_addr" [mmult.cpp:169]   --->   Operation 154 'store' 'store_ln169' <Predicate = (trunc_ln166 == 0)> <Delay = 0.67> <CoreInst = "RAM">   --->   Core 83 'RAM' <Latency = 1> <II = 1> <Delay = 0.67> <Storage> <Opcode : 'load' 'store'> <Ports = 2> <Width = 16> <Depth = 16> <RAM>
ST_2 : Operation 155 [1/1] (0.67ns)   --->   "%store_ln169 = store i16 0, i4 %localC_1_addr" [mmult.cpp:169]   --->   Operation 155 'store' 'store_ln169' <Predicate = (trunc_ln166 == 0)> <Delay = 0.67> <CoreInst = "RAM">   --->   Core 83 'RAM' <Latency = 1> <II = 1> <Delay = 0.67> <Storage> <Opcode : 'load' 'store'> <Ports = 2> <Width = 16> <Depth = 16> <RAM>
ST_2 : Operation 156 [1/1] (0.67ns)   --->   "%store_ln169 = store i16 0, i4 %localC_2_addr" [mmult.cpp:169]   --->   Operation 156 'store' 'store_ln169' <Predicate = (trunc_ln166 == 0)> <Delay = 0.67> <CoreInst = "RAM">   --->   Core 83 'RAM' <Latency = 1> <II = 1> <Delay = 0.67> <Storage> <Opcode : 'load' 'store'> <Ports = 2> <Width = 16> <Depth = 16> <RAM>
ST_2 : Operation 157 [1/1] (0.67ns)   --->   "%store_ln169 = store i16 0, i4 %localC_3_addr" [mmult.cpp:169]   --->   Operation 157 'store' 'store_ln169' <Predicate = (trunc_ln166 == 0)> <Delay = 0.67> <CoreInst = "RAM">   --->   Core 83 'RAM' <Latency = 1> <II = 1> <Delay = 0.67> <Storage> <Opcode : 'load' 'store'> <Ports = 2> <Width = 16> <Depth = 16> <RAM>
ST_2 : Operation 158 [1/1] (0.67ns)   --->   "%store_ln169 = store i16 0, i4 %localC_4_addr" [mmult.cpp:169]   --->   Operation 158 'store' 'store_ln169' <Predicate = (trunc_ln166 == 0)> <Delay = 0.67> <CoreInst = "RAM">   --->   Core 83 'RAM' <Latency = 1> <II = 1> <Delay = 0.67> <Storage> <Opcode : 'load' 'store'> <Ports = 2> <Width = 16> <Depth = 16> <RAM>
ST_2 : Operation 159 [1/1] (0.67ns)   --->   "%store_ln169 = store i16 0, i4 %localC_5_addr" [mmult.cpp:169]   --->   Operation 159 'store' 'store_ln169' <Predicate = (trunc_ln166 == 0)> <Delay = 0.67> <CoreInst = "RAM">   --->   Core 83 'RAM' <Latency = 1> <II = 1> <Delay = 0.67> <Storage> <Opcode : 'load' 'store'> <Ports = 2> <Width = 16> <Depth = 16> <RAM>
ST_2 : Operation 160 [1/1] (0.67ns)   --->   "%store_ln169 = store i16 0, i4 %localC_6_addr" [mmult.cpp:169]   --->   Operation 160 'store' 'store_ln169' <Predicate = (trunc_ln166 == 0)> <Delay = 0.67> <CoreInst = "RAM">   --->   Core 83 'RAM' <Latency = 1> <II = 1> <Delay = 0.67> <Storage> <Opcode : 'load' 'store'> <Ports = 2> <Width = 16> <Depth = 16> <RAM>
ST_2 : Operation 161 [1/1] (0.67ns)   --->   "%store_ln169 = store i16 0, i4 %localC_7_addr" [mmult.cpp:169]   --->   Operation 161 'store' 'store_ln169' <Predicate = (trunc_ln166 == 0)> <Delay = 0.67> <CoreInst = "RAM">   --->   Core 83 'RAM' <Latency = 1> <II = 1> <Delay = 0.67> <Storage> <Opcode : 'load' 'store'> <Ports = 2> <Width = 16> <Depth = 16> <RAM>
ST_2 : Operation 162 [1/1] (0.00ns)   --->   "%br_ln169 = br void %arrayidx492.7.exit" [mmult.cpp:169]   --->   Operation 162 'br' 'br_ln169' <Predicate = (trunc_ln166 == 0)> <Delay = 0.00>
ST_2 : Operation 163 [1/1] (0.67ns)   --->   "%store_ln169 = store i16 0, i4 %localC_56_addr" [mmult.cpp:169]   --->   Operation 163 'store' 'store_ln169' <Predicate = (trunc_ln166 == 7)> <Delay = 0.67> <CoreInst = "RAM">   --->   Core 83 'RAM' <Latency = 1> <II = 1> <Delay = 0.67> <Storage> <Opcode : 'load' 'store'> <Ports = 2> <Width = 16> <Depth = 16> <RAM>
ST_2 : Operation 164 [1/1] (0.67ns)   --->   "%store_ln169 = store i16 0, i4 %localC_57_addr" [mmult.cpp:169]   --->   Operation 164 'store' 'store_ln169' <Predicate = (trunc_ln166 == 7)> <Delay = 0.67> <CoreInst = "RAM">   --->   Core 83 'RAM' <Latency = 1> <II = 1> <Delay = 0.67> <Storage> <Opcode : 'load' 'store'> <Ports = 2> <Width = 16> <Depth = 16> <RAM>
ST_2 : Operation 165 [1/1] (0.67ns)   --->   "%store_ln169 = store i16 0, i4 %localC_58_addr" [mmult.cpp:169]   --->   Operation 165 'store' 'store_ln169' <Predicate = (trunc_ln166 == 7)> <Delay = 0.67> <CoreInst = "RAM">   --->   Core 83 'RAM' <Latency = 1> <II = 1> <Delay = 0.67> <Storage> <Opcode : 'load' 'store'> <Ports = 2> <Width = 16> <Depth = 16> <RAM>
ST_2 : Operation 166 [1/1] (0.67ns)   --->   "%store_ln169 = store i16 0, i4 %localC_59_addr" [mmult.cpp:169]   --->   Operation 166 'store' 'store_ln169' <Predicate = (trunc_ln166 == 7)> <Delay = 0.67> <CoreInst = "RAM">   --->   Core 83 'RAM' <Latency = 1> <II = 1> <Delay = 0.67> <Storage> <Opcode : 'load' 'store'> <Ports = 2> <Width = 16> <Depth = 16> <RAM>
ST_2 : Operation 167 [1/1] (0.67ns)   --->   "%store_ln169 = store i16 0, i4 %localC_60_addr" [mmult.cpp:169]   --->   Operation 167 'store' 'store_ln169' <Predicate = (trunc_ln166 == 7)> <Delay = 0.67> <CoreInst = "RAM">   --->   Core 83 'RAM' <Latency = 1> <II = 1> <Delay = 0.67> <Storage> <Opcode : 'load' 'store'> <Ports = 2> <Width = 16> <Depth = 16> <RAM>
ST_2 : Operation 168 [1/1] (0.67ns)   --->   "%store_ln169 = store i16 0, i4 %localC_61_addr" [mmult.cpp:169]   --->   Operation 168 'store' 'store_ln169' <Predicate = (trunc_ln166 == 7)> <Delay = 0.67> <CoreInst = "RAM">   --->   Core 83 'RAM' <Latency = 1> <II = 1> <Delay = 0.67> <Storage> <Opcode : 'load' 'store'> <Ports = 2> <Width = 16> <Depth = 16> <RAM>
ST_2 : Operation 169 [1/1] (0.67ns)   --->   "%store_ln169 = store i16 0, i4 %localC_62_addr" [mmult.cpp:169]   --->   Operation 169 'store' 'store_ln169' <Predicate = (trunc_ln166 == 7)> <Delay = 0.67> <CoreInst = "RAM">   --->   Core 83 'RAM' <Latency = 1> <II = 1> <Delay = 0.67> <Storage> <Opcode : 'load' 'store'> <Ports = 2> <Width = 16> <Depth = 16> <RAM>
ST_2 : Operation 170 [1/1] (0.67ns)   --->   "%store_ln169 = store i16 0, i4 %localC_63_addr" [mmult.cpp:169]   --->   Operation 170 'store' 'store_ln169' <Predicate = (trunc_ln166 == 7)> <Delay = 0.67> <CoreInst = "RAM">   --->   Core 83 'RAM' <Latency = 1> <II = 1> <Delay = 0.67> <Storage> <Opcode : 'load' 'store'> <Ports = 2> <Width = 16> <Depth = 16> <RAM>
ST_2 : Operation 171 [1/1] (0.00ns)   --->   "%br_ln169 = br void %arrayidx492.7.exit" [mmult.cpp:169]   --->   Operation 171 'br' 'br_ln169' <Predicate = (trunc_ln166 == 7)> <Delay = 0.00>


============================================================
+ Verbose Summary: Binding
============================================================
STG Binding: 
---------------- STG Properties BEGIN ----------------
- Is combinational: 0
- Is one-state seq: 0
- Is datapath-only: 0
- Is pipelined: 0
- Is top level: 0
Port [ Return ] is wired: 1; IO mode=ap_ctrl_hs:ce=0
Port [ localC]:  wired=1; compound=1; hidden=0; nouse=0; global=0; static=0; extern=0; dir=1; type=1; pingpong=0; private_global=0; MemPort=[03]; IO mode=ap_memory:ce=0
Port [ localC_1]:  wired=1; compound=1; hidden=0; nouse=0; global=0; static=0; extern=0; dir=1; type=1; pingpong=0; private_global=0; MemPort=[03]; IO mode=ap_memory:ce=0
Port [ localC_2]:  wired=1; compound=1; hidden=0; nouse=0; global=0; static=0; extern=0; dir=1; type=1; pingpong=0; private_global=0; MemPort=[03]; IO mode=ap_memory:ce=0
Port [ localC_3]:  wired=1; compound=1; hidden=0; nouse=0; global=0; static=0; extern=0; dir=1; type=1; pingpong=0; private_global=0; MemPort=[03]; IO mode=ap_memory:ce=0
Port [ localC_4]:  wired=1; compound=1; hidden=0; nouse=0; global=0; static=0; extern=0; dir=1; type=1; pingpong=0; private_global=0; MemPort=[03]; IO mode=ap_memory:ce=0
Port [ localC_5]:  wired=1; compound=1; hidden=0; nouse=0; global=0; static=0; extern=0; dir=1; type=1; pingpong=0; private_global=0; MemPort=[03]; IO mode=ap_memory:ce=0
Port [ localC_6]:  wired=1; compound=1; hidden=0; nouse=0; global=0; static=0; extern=0; dir=1; type=1; pingpong=0; private_global=0; MemPort=[03]; IO mode=ap_memory:ce=0
Port [ localC_7]:  wired=1; compound=1; hidden=0; nouse=0; global=0; static=0; extern=0; dir=1; type=1; pingpong=0; private_global=0; MemPort=[03]; IO mode=ap_memory:ce=0
Port [ localC_8]:  wired=1; compound=1; hidden=0; nouse=0; global=0; static=0; extern=0; dir=1; type=1; pingpong=0; private_global=0; MemPort=[03]; IO mode=ap_memory:ce=0
Port [ localC_9]:  wired=1; compound=1; hidden=0; nouse=0; global=0; static=0; extern=0; dir=1; type=1; pingpong=0; private_global=0; MemPort=[03]; IO mode=ap_memory:ce=0
Port [ localC_10]:  wired=1; compound=1; hidden=0; nouse=0; global=0; static=0; extern=0; dir=1; type=1; pingpong=0; private_global=0; MemPort=[03]; IO mode=ap_memory:ce=0
Port [ localC_11]:  wired=1; compound=1; hidden=0; nouse=0; global=0; static=0; extern=0; dir=1; type=1; pingpong=0; private_global=0; MemPort=[03]; IO mode=ap_memory:ce=0
Port [ localC_12]:  wired=1; compound=1; hidden=0; nouse=0; global=0; static=0; extern=0; dir=1; type=1; pingpong=0; private_global=0; MemPort=[03]; IO mode=ap_memory:ce=0
Port [ localC_13]:  wired=1; compound=1; hidden=0; nouse=0; global=0; static=0; extern=0; dir=1; type=1; pingpong=0; private_global=0; MemPort=[03]; IO mode=ap_memory:ce=0
Port [ localC_14]:  wired=1; compound=1; hidden=0; nouse=0; global=0; static=0; extern=0; dir=1; type=1; pingpong=0; private_global=0; MemPort=[03]; IO mode=ap_memory:ce=0
Port [ localC_15]:  wired=1; compound=1; hidden=0; nouse=0; global=0; static=0; extern=0; dir=1; type=1; pingpong=0; private_global=0; MemPort=[03]; IO mode=ap_memory:ce=0
Port [ localC_16]:  wired=1; compound=1; hidden=0; nouse=0; global=0; static=0; extern=0; dir=1; type=1; pingpong=0; private_global=0; MemPort=[03]; IO mode=ap_memory:ce=0
Port [ localC_17]:  wired=1; compound=1; hidden=0; nouse=0; global=0; static=0; extern=0; dir=1; type=1; pingpong=0; private_global=0; MemPort=[03]; IO mode=ap_memory:ce=0
Port [ localC_18]:  wired=1; compound=1; hidden=0; nouse=0; global=0; static=0; extern=0; dir=1; type=1; pingpong=0; private_global=0; MemPort=[03]; IO mode=ap_memory:ce=0
Port [ localC_19]:  wired=1; compound=1; hidden=0; nouse=0; global=0; static=0; extern=0; dir=1; type=1; pingpong=0; private_global=0; MemPort=[03]; IO mode=ap_memory:ce=0
Port [ localC_20]:  wired=1; compound=1; hidden=0; nouse=0; global=0; static=0; extern=0; dir=1; type=1; pingpong=0; private_global=0; MemPort=[03]; IO mode=ap_memory:ce=0
Port [ localC_21]:  wired=1; compound=1; hidden=0; nouse=0; global=0; static=0; extern=0; dir=1; type=1; pingpong=0; private_global=0; MemPort=[03]; IO mode=ap_memory:ce=0
Port [ localC_22]:  wired=1; compound=1; hidden=0; nouse=0; global=0; static=0; extern=0; dir=1; type=1; pingpong=0; private_global=0; MemPort=[03]; IO mode=ap_memory:ce=0
Port [ localC_23]:  wired=1; compound=1; hidden=0; nouse=0; global=0; static=0; extern=0; dir=1; type=1; pingpong=0; private_global=0; MemPort=[03]; IO mode=ap_memory:ce=0
Port [ localC_24]:  wired=1; compound=1; hidden=0; nouse=0; global=0; static=0; extern=0; dir=1; type=1; pingpong=0; private_global=0; MemPort=[03]; IO mode=ap_memory:ce=0
Port [ localC_25]:  wired=1; compound=1; hidden=0; nouse=0; global=0; static=0; extern=0; dir=1; type=1; pingpong=0; private_global=0; MemPort=[03]; IO mode=ap_memory:ce=0
Port [ localC_26]:  wired=1; compound=1; hidden=0; nouse=0; global=0; static=0; extern=0; dir=1; type=1; pingpong=0; private_global=0; MemPort=[03]; IO mode=ap_memory:ce=0
Port [ localC_27]:  wired=1; compound=1; hidden=0; nouse=0; global=0; static=0; extern=0; dir=1; type=1; pingpong=0; private_global=0; MemPort=[03]; IO mode=ap_memory:ce=0
Port [ localC_28]:  wired=1; compound=1; hidden=0; nouse=0; global=0; static=0; extern=0; dir=1; type=1; pingpong=0; private_global=0; MemPort=[03]; IO mode=ap_memory:ce=0
Port [ localC_29]:  wired=1; compound=1; hidden=0; nouse=0; global=0; static=0; extern=0; dir=1; type=1; pingpong=0; private_global=0; MemPort=[03]; IO mode=ap_memory:ce=0
Port [ localC_30]:  wired=1; compound=1; hidden=0; nouse=0; global=0; static=0; extern=0; dir=1; type=1; pingpong=0; private_global=0; MemPort=[03]; IO mode=ap_memory:ce=0
Port [ localC_31]:  wired=1; compound=1; hidden=0; nouse=0; global=0; static=0; extern=0; dir=1; type=1; pingpong=0; private_global=0; MemPort=[03]; IO mode=ap_memory:ce=0
Port [ localC_32]:  wired=1; compound=1; hidden=0; nouse=0; global=0; static=0; extern=0; dir=1; type=1; pingpong=0; private_global=0; MemPort=[03]; IO mode=ap_memory:ce=0
Port [ localC_33]:  wired=1; compound=1; hidden=0; nouse=0; global=0; static=0; extern=0; dir=1; type=1; pingpong=0; private_global=0; MemPort=[03]; IO mode=ap_memory:ce=0
Port [ localC_34]:  wired=1; compound=1; hidden=0; nouse=0; global=0; static=0; extern=0; dir=1; type=1; pingpong=0; private_global=0; MemPort=[03]; IO mode=ap_memory:ce=0
Port [ localC_35]:  wired=1; compound=1; hidden=0; nouse=0; global=0; static=0; extern=0; dir=1; type=1; pingpong=0; private_global=0; MemPort=[03]; IO mode=ap_memory:ce=0
Port [ localC_36]:  wired=1; compound=1; hidden=0; nouse=0; global=0; static=0; extern=0; dir=1; type=1; pingpong=0; private_global=0; MemPort=[03]; IO mode=ap_memory:ce=0
Port [ localC_37]:  wired=1; compound=1; hidden=0; nouse=0; global=0; static=0; extern=0; dir=1; type=1; pingpong=0; private_global=0; MemPort=[03]; IO mode=ap_memory:ce=0
Port [ localC_38]:  wired=1; compound=1; hidden=0; nouse=0; global=0; static=0; extern=0; dir=1; type=1; pingpong=0; private_global=0; MemPort=[03]; IO mode=ap_memory:ce=0
Port [ localC_39]:  wired=1; compound=1; hidden=0; nouse=0; global=0; static=0; extern=0; dir=1; type=1; pingpong=0; private_global=0; MemPort=[03]; IO mode=ap_memory:ce=0
Port [ localC_40]:  wired=1; compound=1; hidden=0; nouse=0; global=0; static=0; extern=0; dir=1; type=1; pingpong=0; private_global=0; MemPort=[03]; IO mode=ap_memory:ce=0
Port [ localC_41]:  wired=1; compound=1; hidden=0; nouse=0; global=0; static=0; extern=0; dir=1; type=1; pingpong=0; private_global=0; MemPort=[03]; IO mode=ap_memory:ce=0
Port [ localC_42]:  wired=1; compound=1; hidden=0; nouse=0; global=0; static=0; extern=0; dir=1; type=1; pingpong=0; private_global=0; MemPort=[03]; IO mode=ap_memory:ce=0
Port [ localC_43]:  wired=1; compound=1; hidden=0; nouse=0; global=0; static=0; extern=0; dir=1; type=1; pingpong=0; private_global=0; MemPort=[03]; IO mode=ap_memory:ce=0
Port [ localC_44]:  wired=1; compound=1; hidden=0; nouse=0; global=0; static=0; extern=0; dir=1; type=1; pingpong=0; private_global=0; MemPort=[03]; IO mode=ap_memory:ce=0
Port [ localC_45]:  wired=1; compound=1; hidden=0; nouse=0; global=0; static=0; extern=0; dir=1; type=1; pingpong=0; private_global=0; MemPort=[03]; IO mode=ap_memory:ce=0
Port [ localC_46]:  wired=1; compound=1; hidden=0; nouse=0; global=0; static=0; extern=0; dir=1; type=1; pingpong=0; private_global=0; MemPort=[03]; IO mode=ap_memory:ce=0
Port [ localC_47]:  wired=1; compound=1; hidden=0; nouse=0; global=0; static=0; extern=0; dir=1; type=1; pingpong=0; private_global=0; MemPort=[03]; IO mode=ap_memory:ce=0
Port [ localC_48]:  wired=1; compound=1; hidden=0; nouse=0; global=0; static=0; extern=0; dir=1; type=1; pingpong=0; private_global=0; MemPort=[03]; IO mode=ap_memory:ce=0
Port [ localC_49]:  wired=1; compound=1; hidden=0; nouse=0; global=0; static=0; extern=0; dir=1; type=1; pingpong=0; private_global=0; MemPort=[03]; IO mode=ap_memory:ce=0
Port [ localC_50]:  wired=1; compound=1; hidden=0; nouse=0; global=0; static=0; extern=0; dir=1; type=1; pingpong=0; private_global=0; MemPort=[03]; IO mode=ap_memory:ce=0
Port [ localC_51]:  wired=1; compound=1; hidden=0; nouse=0; global=0; static=0; extern=0; dir=1; type=1; pingpong=0; private_global=0; MemPort=[03]; IO mode=ap_memory:ce=0
Port [ localC_52]:  wired=1; compound=1; hidden=0; nouse=0; global=0; static=0; extern=0; dir=1; type=1; pingpong=0; private_global=0; MemPort=[03]; IO mode=ap_memory:ce=0
Port [ localC_53]:  wired=1; compound=1; hidden=0; nouse=0; global=0; static=0; extern=0; dir=1; type=1; pingpong=0; private_global=0; MemPort=[03]; IO mode=ap_memory:ce=0
Port [ localC_54]:  wired=1; compound=1; hidden=0; nouse=0; global=0; static=0; extern=0; dir=1; type=1; pingpong=0; private_global=0; MemPort=[03]; IO mode=ap_memory:ce=0
Port [ localC_55]:  wired=1; compound=1; hidden=0; nouse=0; global=0; static=0; extern=0; dir=1; type=1; pingpong=0; private_global=0; MemPort=[03]; IO mode=ap_memory:ce=0
Port [ localC_56]:  wired=1; compound=1; hidden=0; nouse=0; global=0; static=0; extern=0; dir=1; type=1; pingpong=0; private_global=0; MemPort=[03]; IO mode=ap_memory:ce=0
Port [ localC_57]:  wired=1; compound=1; hidden=0; nouse=0; global=0; static=0; extern=0; dir=1; type=1; pingpong=0; private_global=0; MemPort=[03]; IO mode=ap_memory:ce=0
Port [ localC_58]:  wired=1; compound=1; hidden=0; nouse=0; global=0; static=0; extern=0; dir=1; type=1; pingpong=0; private_global=0; MemPort=[03]; IO mode=ap_memory:ce=0
Port [ localC_59]:  wired=1; compound=1; hidden=0; nouse=0; global=0; static=0; extern=0; dir=1; type=1; pingpong=0; private_global=0; MemPort=[03]; IO mode=ap_memory:ce=0
Port [ localC_60]:  wired=1; compound=1; hidden=0; nouse=0; global=0; static=0; extern=0; dir=1; type=1; pingpong=0; private_global=0; MemPort=[03]; IO mode=ap_memory:ce=0
Port [ localC_61]:  wired=1; compound=1; hidden=0; nouse=0; global=0; static=0; extern=0; dir=1; type=1; pingpong=0; private_global=0; MemPort=[03]; IO mode=ap_memory:ce=0
Port [ localC_62]:  wired=1; compound=1; hidden=0; nouse=0; global=0; static=0; extern=0; dir=1; type=1; pingpong=0; private_global=0; MemPort=[03]; IO mode=ap_memory:ce=0
Port [ localC_63]:  wired=1; compound=1; hidden=0; nouse=0; global=0; static=0; extern=0; dir=1; type=1; pingpong=0; private_global=0; MemPort=[03]; IO mode=ap_memory:ce=0
---------------- STG Properties END ------------------

---------------- Datapath Model BEGIN ----------------

<LifeTime>
<method=bitvector/>
j_2                   (alloca           ) [ 010]
i                     (alloca           ) [ 010]
indvar_flatten16      (alloca           ) [ 010]
store_ln0             (store            ) [ 000]
store_ln166           (store            ) [ 000]
store_ln167           (store            ) [ 000]
br_ln0                (br               ) [ 000]
indvar_flatten16_load (load             ) [ 000]
icmp_ln166            (icmp             ) [ 010]
add_ln166_1           (add              ) [ 000]
br_ln166              (br               ) [ 000]
j_2_load              (load             ) [ 000]
i_load                (load             ) [ 000]
add_ln166             (add              ) [ 000]
tmp                   (bitselect        ) [ 000]
select_ln166          (select           ) [ 000]
select_ln166_1        (select           ) [ 000]
trunc_ln166           (trunc            ) [ 011]
tmp_s                 (partselect       ) [ 011]
lshr_ln2              (partselect       ) [ 011]
switch_ln169          (switch           ) [ 000]
add_ln167             (add              ) [ 000]
store_ln166           (store            ) [ 000]
store_ln166           (store            ) [ 000]
store_ln167           (store            ) [ 000]
br_ln167              (br               ) [ 000]
specloopname_ln0      (specloopname     ) [ 000]
speclooptripcount_ln0 (speclooptripcount) [ 000]
specpipeline_ln167    (specpipeline     ) [ 000]
tmp_1                 (bitconcatenate   ) [ 000]
zext_ln169            (zext             ) [ 000]
localC_addr           (getelementptr    ) [ 000]
localC_1_addr         (getelementptr    ) [ 000]
localC_2_addr         (getelementptr    ) [ 000]
localC_3_addr         (getelementptr    ) [ 000]
localC_4_addr         (getelementptr    ) [ 000]
localC_5_addr         (getelementptr    ) [ 000]
localC_6_addr         (getelementptr    ) [ 000]
localC_7_addr         (getelementptr    ) [ 000]
localC_8_addr         (getelementptr    ) [ 000]
localC_9_addr         (getelementptr    ) [ 000]
localC_10_addr        (getelementptr    ) [ 000]
localC_11_addr        (getelementptr    ) [ 000]
localC_12_addr        (getelementptr    ) [ 000]
localC_13_addr        (getelementptr    ) [ 000]
localC_14_addr        (getelementptr    ) [ 000]
localC_15_addr        (getelementptr    ) [ 000]
localC_16_addr        (getelementptr    ) [ 000]
localC_17_addr        (getelementptr    ) [ 000]
localC_18_addr        (getelementptr    ) [ 000]
localC_19_addr        (getelementptr    ) [ 000]
localC_20_addr        (getelementptr    ) [ 000]
localC_21_addr        (getelementptr    ) [ 000]
localC_22_addr        (getelementptr    ) [ 000]
localC_23_addr        (getelementptr    ) [ 000]
localC_24_addr        (getelementptr    ) [ 000]
localC_25_addr        (getelementptr    ) [ 000]
localC_26_addr        (getelementptr    ) [ 000]
localC_27_addr        (getelementptr    ) [ 000]
localC_28_addr        (getelementptr    ) [ 000]
localC_29_addr        (getelementptr    ) [ 000]
localC_30_addr        (getelementptr    ) [ 000]
localC_31_addr        (getelementptr    ) [ 000]
localC_32_addr        (getelementptr    ) [ 000]
localC_33_addr        (getelementptr    ) [ 000]
localC_34_addr        (getelementptr    ) [ 000]
localC_35_addr        (getelementptr    ) [ 000]
localC_36_addr        (getelementptr    ) [ 000]
localC_37_addr        (getelementptr    ) [ 000]
localC_38_addr        (getelementptr    ) [ 000]
localC_39_addr        (getelementptr    ) [ 000]
localC_40_addr        (getelementptr    ) [ 000]
localC_41_addr        (getelementptr    ) [ 000]
localC_42_addr        (getelementptr    ) [ 000]
localC_43_addr        (getelementptr    ) [ 000]
localC_44_addr        (getelementptr    ) [ 000]
localC_45_addr        (getelementptr    ) [ 000]
localC_46_addr        (getelementptr    ) [ 000]
localC_47_addr        (getelementptr    ) [ 000]
localC_48_addr        (getelementptr    ) [ 000]
localC_49_addr        (getelementptr    ) [ 000]
localC_50_addr        (getelementptr    ) [ 000]
localC_51_addr        (getelementptr    ) [ 000]
localC_52_addr        (getelementptr    ) [ 000]
localC_53_addr        (getelementptr    ) [ 000]
localC_54_addr        (getelementptr    ) [ 000]
localC_55_addr        (getelementptr    ) [ 000]
localC_56_addr        (getelementptr    ) [ 000]
localC_57_addr        (getelementptr    ) [ 000]
localC_58_addr        (getelementptr    ) [ 000]
localC_59_addr        (getelementptr    ) [ 000]
localC_60_addr        (getelementptr    ) [ 000]
localC_61_addr        (getelementptr    ) [ 000]
localC_62_addr        (getelementptr    ) [ 000]
localC_63_addr        (getelementptr    ) [ 000]
store_ln169           (store            ) [ 000]
store_ln169           (store            ) [ 000]
store_ln169           (store            ) [ 000]
store_ln169           (store            ) [ 000]
store_ln169           (store            ) [ 000]
store_ln169           (store            ) [ 000]
store_ln169           (store            ) [ 000]
store_ln169           (store            ) [ 000]
br_ln169              (br               ) [ 000]
store_ln169           (store            ) [ 000]
store_ln169           (store            ) [ 000]
store_ln169           (store            ) [ 000]
store_ln169           (store            ) [ 000]
store_ln169           (store            ) [ 000]
store_ln169           (store            ) [ 000]
store_ln169           (store            ) [ 000]
store_ln169           (store            ) [ 000]
br_ln169              (br               ) [ 000]
store_ln169           (store            ) [ 000]
store_ln169           (store            ) [ 000]
store_ln169           (store            ) [ 000]
store_ln169           (store            ) [ 000]
store_ln169           (store            ) [ 000]
store_ln169           (store            ) [ 000]
store_ln169           (store            ) [ 000]
store_ln169           (store            ) [ 000]
br_ln169              (br               ) [ 000]
store_ln169           (store            ) [ 000]
store_ln169           (store            ) [ 000]
store_ln169           (store            ) [ 000]
store_ln169           (store            ) [ 000]
store_ln169           (store            ) [ 000]
store_ln169           (store            ) [ 000]
store_ln169           (store            ) [ 000]
store_ln169           (store            ) [ 000]
br_ln169              (br               ) [ 000]
store_ln169           (store            ) [ 000]
store_ln169           (store            ) [ 000]
store_ln169           (store            ) [ 000]
store_ln169           (store            ) [ 000]
store_ln169           (store            ) [ 000]
store_ln169           (store            ) [ 000]
store_ln169           (store            ) [ 000]
store_ln169           (store            ) [ 000]
br_ln169              (br               ) [ 000]
store_ln169           (store            ) [ 000]
store_ln169           (store            ) [ 000]
store_ln169           (store            ) [ 000]
store_ln169           (store            ) [ 000]
store_ln169           (store            ) [ 000]
store_ln169           (store            ) [ 000]
store_ln169           (store            ) [ 000]
store_ln169           (store            ) [ 000]
br_ln169              (br               ) [ 000]
store_ln169           (store            ) [ 000]
store_ln169           (store            ) [ 000]
store_ln169           (store            ) [ 000]
store_ln169           (store            ) [ 000]
store_ln169           (store            ) [ 000]
store_ln169           (store            ) [ 000]
store_ln169           (store            ) [ 000]
store_ln169           (store            ) [ 000]
br_ln169              (br               ) [ 000]
store_ln169           (store            ) [ 000]
store_ln169           (store            ) [ 000]
store_ln169           (store            ) [ 000]
store_ln169           (store            ) [ 000]
store_ln169           (store            ) [ 000]
store_ln169           (store            ) [ 000]
store_ln169           (store            ) [ 000]
store_ln169           (store            ) [ 000]
br_ln169              (br               ) [ 000]
ret_ln0               (ret              ) [ 000]
</LifeTime>

<model>

<comp_list>
<comp id="0" class="1000" name="localC">
<pin_list>
<pin id="1" dir="1" index="0" bw="1" slack="0"/>
</pin_list>
<bind>
<StgValue><ssdm name="localC"/><MemPortTyVec>0 3 </MemPortTyVec>
</StgValue>
</bind>
</comp>

<comp id="2" class="1000" name="localC_1">
<pin_list>
<pin id="3" dir="1" index="0" bw="1" slack="0"/>
</pin_list>
<bind>
<StgValue><ssdm name="localC_1"/><MemPortTyVec>0 3 </MemPortTyVec>
</StgValue>
</bind>
</comp>

<comp id="4" class="1000" name="localC_2">
<pin_list>
<pin id="5" dir="1" index="0" bw="1" slack="0"/>
</pin_list>
<bind>
<StgValue><ssdm name="localC_2"/><MemPortTyVec>0 3 </MemPortTyVec>
</StgValue>
</bind>
</comp>

<comp id="6" class="1000" name="localC_3">
<pin_list>
<pin id="7" dir="1" index="0" bw="1" slack="0"/>
</pin_list>
<bind>
<StgValue><ssdm name="localC_3"/><MemPortTyVec>0 3 </MemPortTyVec>
</StgValue>
</bind>
</comp>

<comp id="8" class="1000" name="localC_4">
<pin_list>
<pin id="9" dir="1" index="0" bw="1" slack="0"/>
</pin_list>
<bind>
<StgValue><ssdm name="localC_4"/><MemPortTyVec>0 3 </MemPortTyVec>
</StgValue>
</bind>
</comp>

<comp id="10" class="1000" name="localC_5">
<pin_list>
<pin id="11" dir="1" index="0" bw="1" slack="0"/>
</pin_list>
<bind>
<StgValue><ssdm name="localC_5"/><MemPortTyVec>0 3 </MemPortTyVec>
</StgValue>
</bind>
</comp>

<comp id="12" class="1000" name="localC_6">
<pin_list>
<pin id="13" dir="1" index="0" bw="1" slack="0"/>
</pin_list>
<bind>
<StgValue><ssdm name="localC_6"/><MemPortTyVec>0 3 </MemPortTyVec>
</StgValue>
</bind>
</comp>

<comp id="14" class="1000" name="localC_7">
<pin_list>
<pin id="15" dir="1" index="0" bw="1" slack="0"/>
</pin_list>
<bind>
<StgValue><ssdm name="localC_7"/><MemPortTyVec>0 3 </MemPortTyVec>
</StgValue>
</bind>
</comp>

<comp id="16" class="1000" name="localC_8">
<pin_list>
<pin id="17" dir="1" index="0" bw="1" slack="0"/>
</pin_list>
<bind>
<StgValue><ssdm name="localC_8"/><MemPortTyVec>0 3 </MemPortTyVec>
</StgValue>
</bind>
</comp>

<comp id="18" class="1000" name="localC_9">
<pin_list>
<pin id="19" dir="1" index="0" bw="1" slack="0"/>
</pin_list>
<bind>
<StgValue><ssdm name="localC_9"/><MemPortTyVec>0 3 </MemPortTyVec>
</StgValue>
</bind>
</comp>

<comp id="20" class="1000" name="localC_10">
<pin_list>
<pin id="21" dir="1" index="0" bw="1" slack="0"/>
</pin_list>
<bind>
<StgValue><ssdm name="localC_10"/><MemPortTyVec>0 3 </MemPortTyVec>
</StgValue>
</bind>
</comp>

<comp id="22" class="1000" name="localC_11">
<pin_list>
<pin id="23" dir="1" index="0" bw="1" slack="0"/>
</pin_list>
<bind>
<StgValue><ssdm name="localC_11"/><MemPortTyVec>0 3 </MemPortTyVec>
</StgValue>
</bind>
</comp>

<comp id="24" class="1000" name="localC_12">
<pin_list>
<pin id="25" dir="1" index="0" bw="1" slack="0"/>
</pin_list>
<bind>
<StgValue><ssdm name="localC_12"/><MemPortTyVec>0 3 </MemPortTyVec>
</StgValue>
</bind>
</comp>

<comp id="26" class="1000" name="localC_13">
<pin_list>
<pin id="27" dir="1" index="0" bw="1" slack="0"/>
</pin_list>
<bind>
<StgValue><ssdm name="localC_13"/><MemPortTyVec>0 3 </MemPortTyVec>
</StgValue>
</bind>
</comp>

<comp id="28" class="1000" name="localC_14">
<pin_list>
<pin id="29" dir="1" index="0" bw="1" slack="0"/>
</pin_list>
<bind>
<StgValue><ssdm name="localC_14"/><MemPortTyVec>0 3 </MemPortTyVec>
</StgValue>
</bind>
</comp>

<comp id="30" class="1000" name="localC_15">
<pin_list>
<pin id="31" dir="1" index="0" bw="1" slack="0"/>
</pin_list>
<bind>
<StgValue><ssdm name="localC_15"/><MemPortTyVec>0 3 </MemPortTyVec>
</StgValue>
</bind>
</comp>

<comp id="32" class="1000" name="localC_16">
<pin_list>
<pin id="33" dir="1" index="0" bw="1" slack="0"/>
</pin_list>
<bind>
<StgValue><ssdm name="localC_16"/><MemPortTyVec>0 3 </MemPortTyVec>
</StgValue>
</bind>
</comp>

<comp id="34" class="1000" name="localC_17">
<pin_list>
<pin id="35" dir="1" index="0" bw="1" slack="0"/>
</pin_list>
<bind>
<StgValue><ssdm name="localC_17"/><MemPortTyVec>0 3 </MemPortTyVec>
</StgValue>
</bind>
</comp>

<comp id="36" class="1000" name="localC_18">
<pin_list>
<pin id="37" dir="1" index="0" bw="1" slack="0"/>
</pin_list>
<bind>
<StgValue><ssdm name="localC_18"/><MemPortTyVec>0 3 </MemPortTyVec>
</StgValue>
</bind>
</comp>

<comp id="38" class="1000" name="localC_19">
<pin_list>
<pin id="39" dir="1" index="0" bw="1" slack="0"/>
</pin_list>
<bind>
<StgValue><ssdm name="localC_19"/><MemPortTyVec>0 3 </MemPortTyVec>
</StgValue>
</bind>
</comp>

<comp id="40" class="1000" name="localC_20">
<pin_list>
<pin id="41" dir="1" index="0" bw="1" slack="0"/>
</pin_list>
<bind>
<StgValue><ssdm name="localC_20"/><MemPortTyVec>0 3 </MemPortTyVec>
</StgValue>
</bind>
</comp>

<comp id="42" class="1000" name="localC_21">
<pin_list>
<pin id="43" dir="1" index="0" bw="1" slack="0"/>
</pin_list>
<bind>
<StgValue><ssdm name="localC_21"/><MemPortTyVec>0 3 </MemPortTyVec>
</StgValue>
</bind>
</comp>

<comp id="44" class="1000" name="localC_22">
<pin_list>
<pin id="45" dir="1" index="0" bw="1" slack="0"/>
</pin_list>
<bind>
<StgValue><ssdm name="localC_22"/><MemPortTyVec>0 3 </MemPortTyVec>
</StgValue>
</bind>
</comp>

<comp id="46" class="1000" name="localC_23">
<pin_list>
<pin id="47" dir="1" index="0" bw="1" slack="0"/>
</pin_list>
<bind>
<StgValue><ssdm name="localC_23"/><MemPortTyVec>0 3 </MemPortTyVec>
</StgValue>
</bind>
</comp>

<comp id="48" class="1000" name="localC_24">
<pin_list>
<pin id="49" dir="1" index="0" bw="1" slack="0"/>
</pin_list>
<bind>
<StgValue><ssdm name="localC_24"/><MemPortTyVec>0 3 </MemPortTyVec>
</StgValue>
</bind>
</comp>

<comp id="50" class="1000" name="localC_25">
<pin_list>
<pin id="51" dir="1" index="0" bw="1" slack="0"/>
</pin_list>
<bind>
<StgValue><ssdm name="localC_25"/><MemPortTyVec>0 3 </MemPortTyVec>
</StgValue>
</bind>
</comp>

<comp id="52" class="1000" name="localC_26">
<pin_list>
<pin id="53" dir="1" index="0" bw="1" slack="0"/>
</pin_list>
<bind>
<StgValue><ssdm name="localC_26"/><MemPortTyVec>0 3 </MemPortTyVec>
</StgValue>
</bind>
</comp>

<comp id="54" class="1000" name="localC_27">
<pin_list>
<pin id="55" dir="1" index="0" bw="1" slack="0"/>
</pin_list>
<bind>
<StgValue><ssdm name="localC_27"/><MemPortTyVec>0 3 </MemPortTyVec>
</StgValue>
</bind>
</comp>

<comp id="56" class="1000" name="localC_28">
<pin_list>
<pin id="57" dir="1" index="0" bw="1" slack="0"/>
</pin_list>
<bind>
<StgValue><ssdm name="localC_28"/><MemPortTyVec>0 3 </MemPortTyVec>
</StgValue>
</bind>
</comp>

<comp id="58" class="1000" name="localC_29">
<pin_list>
<pin id="59" dir="1" index="0" bw="1" slack="0"/>
</pin_list>
<bind>
<StgValue><ssdm name="localC_29"/><MemPortTyVec>0 3 </MemPortTyVec>
</StgValue>
</bind>
</comp>

<comp id="60" class="1000" name="localC_30">
<pin_list>
<pin id="61" dir="1" index="0" bw="1" slack="0"/>
</pin_list>
<bind>
<StgValue><ssdm name="localC_30"/><MemPortTyVec>0 3 </MemPortTyVec>
</StgValue>
</bind>
</comp>

<comp id="62" class="1000" name="localC_31">
<pin_list>
<pin id="63" dir="1" index="0" bw="1" slack="0"/>
</pin_list>
<bind>
<StgValue><ssdm name="localC_31"/><MemPortTyVec>0 3 </MemPortTyVec>
</StgValue>
</bind>
</comp>

<comp id="64" class="1000" name="localC_32">
<pin_list>
<pin id="65" dir="1" index="0" bw="1" slack="0"/>
</pin_list>
<bind>
<StgValue><ssdm name="localC_32"/><MemPortTyVec>0 3 </MemPortTyVec>
</StgValue>
</bind>
</comp>

<comp id="66" class="1000" name="localC_33">
<pin_list>
<pin id="67" dir="1" index="0" bw="1" slack="0"/>
</pin_list>
<bind>
<StgValue><ssdm name="localC_33"/><MemPortTyVec>0 3 </MemPortTyVec>
</StgValue>
</bind>
</comp>

<comp id="68" class="1000" name="localC_34">
<pin_list>
<pin id="69" dir="1" index="0" bw="1" slack="0"/>
</pin_list>
<bind>
<StgValue><ssdm name="localC_34"/><MemPortTyVec>0 3 </MemPortTyVec>
</StgValue>
</bind>
</comp>

<comp id="70" class="1000" name="localC_35">
<pin_list>
<pin id="71" dir="1" index="0" bw="1" slack="0"/>
</pin_list>
<bind>
<StgValue><ssdm name="localC_35"/><MemPortTyVec>0 3 </MemPortTyVec>
</StgValue>
</bind>
</comp>

<comp id="72" class="1000" name="localC_36">
<pin_list>
<pin id="73" dir="1" index="0" bw="1" slack="0"/>
</pin_list>
<bind>
<StgValue><ssdm name="localC_36"/><MemPortTyVec>0 3 </MemPortTyVec>
</StgValue>
</bind>
</comp>

<comp id="74" class="1000" name="localC_37">
<pin_list>
<pin id="75" dir="1" index="0" bw="1" slack="0"/>
</pin_list>
<bind>
<StgValue><ssdm name="localC_37"/><MemPortTyVec>0 3 </MemPortTyVec>
</StgValue>
</bind>
</comp>

<comp id="76" class="1000" name="localC_38">
<pin_list>
<pin id="77" dir="1" index="0" bw="1" slack="0"/>
</pin_list>
<bind>
<StgValue><ssdm name="localC_38"/><MemPortTyVec>0 3 </MemPortTyVec>
</StgValue>
</bind>
</comp>

<comp id="78" class="1000" name="localC_39">
<pin_list>
<pin id="79" dir="1" index="0" bw="1" slack="0"/>
</pin_list>
<bind>
<StgValue><ssdm name="localC_39"/><MemPortTyVec>0 3 </MemPortTyVec>
</StgValue>
</bind>
</comp>

<comp id="80" class="1000" name="localC_40">
<pin_list>
<pin id="81" dir="1" index="0" bw="1" slack="0"/>
</pin_list>
<bind>
<StgValue><ssdm name="localC_40"/><MemPortTyVec>0 3 </MemPortTyVec>
</StgValue>
</bind>
</comp>

<comp id="82" class="1000" name="localC_41">
<pin_list>
<pin id="83" dir="1" index="0" bw="1" slack="0"/>
</pin_list>
<bind>
<StgValue><ssdm name="localC_41"/><MemPortTyVec>0 3 </MemPortTyVec>
</StgValue>
</bind>
</comp>

<comp id="84" class="1000" name="localC_42">
<pin_list>
<pin id="85" dir="1" index="0" bw="1" slack="0"/>
</pin_list>
<bind>
<StgValue><ssdm name="localC_42"/><MemPortTyVec>0 3 </MemPortTyVec>
</StgValue>
</bind>
</comp>

<comp id="86" class="1000" name="localC_43">
<pin_list>
<pin id="87" dir="1" index="0" bw="1" slack="0"/>
</pin_list>
<bind>
<StgValue><ssdm name="localC_43"/><MemPortTyVec>0 3 </MemPortTyVec>
</StgValue>
</bind>
</comp>

<comp id="88" class="1000" name="localC_44">
<pin_list>
<pin id="89" dir="1" index="0" bw="1" slack="0"/>
</pin_list>
<bind>
<StgValue><ssdm name="localC_44"/><MemPortTyVec>0 3 </MemPortTyVec>
</StgValue>
</bind>
</comp>

<comp id="90" class="1000" name="localC_45">
<pin_list>
<pin id="91" dir="1" index="0" bw="1" slack="0"/>
</pin_list>
<bind>
<StgValue><ssdm name="localC_45"/><MemPortTyVec>0 3 </MemPortTyVec>
</StgValue>
</bind>
</comp>

<comp id="92" class="1000" name="localC_46">
<pin_list>
<pin id="93" dir="1" index="0" bw="1" slack="0"/>
</pin_list>
<bind>
<StgValue><ssdm name="localC_46"/><MemPortTyVec>0 3 </MemPortTyVec>
</StgValue>
</bind>
</comp>

<comp id="94" class="1000" name="localC_47">
<pin_list>
<pin id="95" dir="1" index="0" bw="1" slack="0"/>
</pin_list>
<bind>
<StgValue><ssdm name="localC_47"/><MemPortTyVec>0 3 </MemPortTyVec>
</StgValue>
</bind>
</comp>

<comp id="96" class="1000" name="localC_48">
<pin_list>
<pin id="97" dir="1" index="0" bw="1" slack="0"/>
</pin_list>
<bind>
<StgValue><ssdm name="localC_48"/><MemPortTyVec>0 3 </MemPortTyVec>
</StgValue>
</bind>
</comp>

<comp id="98" class="1000" name="localC_49">
<pin_list>
<pin id="99" dir="1" index="0" bw="1" slack="0"/>
</pin_list>
<bind>
<StgValue><ssdm name="localC_49"/><MemPortTyVec>0 3 </MemPortTyVec>
</StgValue>
</bind>
</comp>

<comp id="100" class="1000" name="localC_50">
<pin_list>
<pin id="101" dir="1" index="0" bw="1" slack="0"/>
</pin_list>
<bind>
<StgValue><ssdm name="localC_50"/><MemPortTyVec>0 3 </MemPortTyVec>
</StgValue>
</bind>
</comp>

<comp id="102" class="1000" name="localC_51">
<pin_list>
<pin id="103" dir="1" index="0" bw="1" slack="0"/>
</pin_list>
<bind>
<StgValue><ssdm name="localC_51"/><MemPortTyVec>0 3 </MemPortTyVec>
</StgValue>
</bind>
</comp>

<comp id="104" class="1000" name="localC_52">
<pin_list>
<pin id="105" dir="1" index="0" bw="1" slack="0"/>
</pin_list>
<bind>
<StgValue><ssdm name="localC_52"/><MemPortTyVec>0 3 </MemPortTyVec>
</StgValue>
</bind>
</comp>

<comp id="106" class="1000" name="localC_53">
<pin_list>
<pin id="107" dir="1" index="0" bw="1" slack="0"/>
</pin_list>
<bind>
<StgValue><ssdm name="localC_53"/><MemPortTyVec>0 3 </MemPortTyVec>
</StgValue>
</bind>
</comp>

<comp id="108" class="1000" name="localC_54">
<pin_list>
<pin id="109" dir="1" index="0" bw="1" slack="0"/>
</pin_list>
<bind>
<StgValue><ssdm name="localC_54"/><MemPortTyVec>0 3 </MemPortTyVec>
</StgValue>
</bind>
</comp>

<comp id="110" class="1000" name="localC_55">
<pin_list>
<pin id="111" dir="1" index="0" bw="1" slack="0"/>
</pin_list>
<bind>
<StgValue><ssdm name="localC_55"/><MemPortTyVec>0 3 </MemPortTyVec>
</StgValue>
</bind>
</comp>

<comp id="112" class="1000" name="localC_56">
<pin_list>
<pin id="113" dir="1" index="0" bw="1" slack="0"/>
</pin_list>
<bind>
<StgValue><ssdm name="localC_56"/><MemPortTyVec>0 3 </MemPortTyVec>
</StgValue>
</bind>
</comp>

<comp id="114" class="1000" name="localC_57">
<pin_list>
<pin id="115" dir="1" index="0" bw="1" slack="0"/>
</pin_list>
<bind>
<StgValue><ssdm name="localC_57"/><MemPortTyVec>0 3 </MemPortTyVec>
</StgValue>
</bind>
</comp>

<comp id="116" class="1000" name="localC_58">
<pin_list>
<pin id="117" dir="1" index="0" bw="1" slack="0"/>
</pin_list>
<bind>
<StgValue><ssdm name="localC_58"/><MemPortTyVec>0 3 </MemPortTyVec>
</StgValue>
</bind>
</comp>

<comp id="118" class="1000" name="localC_59">
<pin_list>
<pin id="119" dir="1" index="0" bw="1" slack="0"/>
</pin_list>
<bind>
<StgValue><ssdm name="localC_59"/><MemPortTyVec>0 3 </MemPortTyVec>
</StgValue>
</bind>
</comp>

<comp id="120" class="1000" name="localC_60">
<pin_list>
<pin id="121" dir="1" index="0" bw="1" slack="0"/>
</pin_list>
<bind>
<StgValue><ssdm name="localC_60"/><MemPortTyVec>0 3 </MemPortTyVec>
</StgValue>
</bind>
</comp>

<comp id="122" class="1000" name="localC_61">
<pin_list>
<pin id="123" dir="1" index="0" bw="1" slack="0"/>
</pin_list>
<bind>
<StgValue><ssdm name="localC_61"/><MemPortTyVec>0 3 </MemPortTyVec>
</StgValue>
</bind>
</comp>

<comp id="124" class="1000" name="localC_62">
<pin_list>
<pin id="125" dir="1" index="0" bw="1" slack="0"/>
</pin_list>
<bind>
<StgValue><ssdm name="localC_62"/><MemPortTyVec>0 3 </MemPortTyVec>
</StgValue>
</bind>
</comp>

<comp id="126" class="1000" name="localC_63">
<pin_list>
<pin id="127" dir="1" index="0" bw="1" slack="0"/>
</pin_list>
<bind>
<StgValue><ssdm name="localC_63"/><MemPortTyVec>0 3 </MemPortTyVec>
</StgValue>
</bind>
</comp>

<comp id="128" class="1001" name="const_128">
<pin_list>
<pin id="129" dir="1" index="0" bw="1" slack="0"/>
</pin_list>
<bind>
<StgValue><ssdm name=""/></StgValue>
</bind>
</comp>

<comp id="130" class="1001" name="const_130">
<pin_list>
<pin id="131" dir="1" index="0" bw="1" slack="0"/>
</pin_list>
<bind>
<StgValue><ssdm name=""/></StgValue>
</bind>
</comp>

<comp id="132" class="1001" name="const_132">
<pin_list>
<pin id="133" dir="1" index="0" bw="1" slack="0"/>
</pin_list>
<bind>
<StgValue><ssdm name=""/></StgValue>
</bind>
</comp>

<comp id="134" class="1001" name="const_134">
<pin_list>
<pin id="135" dir="1" index="0" bw="1" slack="0"/>
</pin_list>
<bind>
<StgValue><ssdm name=""/></StgValue>
</bind>
</comp>

<comp id="136" class="1001" name="const_136">
<pin_list>
<pin id="137" dir="1" index="0" bw="1" slack="0"/>
</pin_list>
<bind>
<StgValue><ssdm name=""/></StgValue>
</bind>
</comp>

<comp id="138" class="1001" name="const_138">
<pin_list>
<pin id="139" dir="1" index="0" bw="1" slack="0"/>
</pin_list>
<bind>
<StgValue><ssdm name=""/></StgValue>
</bind>
</comp>

<comp id="140" class="1001" name="const_140">
<pin_list>
<pin id="141" dir="1" index="0" bw="1" slack="0"/>
</pin_list>
<bind>
<StgValue><ssdm name="_ssdm_op_BitSelect.i1.i6.i32"/></StgValue>
</bind>
</comp>

<comp id="142" class="1001" name="const_142">
<pin_list>
<pin id="143" dir="1" index="0" bw="1" slack="0"/>
</pin_list>
<bind>
<StgValue><ssdm name=""/></StgValue>
</bind>
</comp>

<comp id="144" class="1001" name="const_144">
<pin_list>
<pin id="145" dir="1" index="0" bw="1" slack="0"/>
</pin_list>
<bind>
<StgValue><ssdm name="_ssdm_op_PartSelect.i2.i6.i32.i32"/></StgValue>
</bind>
</comp>

<comp id="146" class="1001" name="const_146">
<pin_list>
<pin id="147" dir="1" index="0" bw="1" slack="0"/>
</pin_list>
<bind>
<StgValue><ssdm name=""/></StgValue>
</bind>
</comp>

<comp id="148" class="1001" name="const_148">
<pin_list>
<pin id="149" dir="1" index="0" bw="1" slack="0"/>
</pin_list>
<bind>
<StgValue><ssdm name=""/></StgValue>
</bind>
</comp>

<comp id="150" class="1001" name="const_150">
<pin_list>
<pin id="151" dir="1" index="0" bw="1" slack="2147483647"/>
</pin_list>
<bind>
<StgValue><ssdm name=""/></StgValue>
</bind>
</comp>

<comp id="152" class="1001" name="const_152">
<pin_list>
<pin id="153" dir="1" index="0" bw="1" slack="2147483647"/>
</pin_list>
<bind>
<StgValue><ssdm name=""/></StgValue>
</bind>
</comp>

<comp id="154" class="1001" name="const_154">
<pin_list>
<pin id="155" dir="1" index="0" bw="1" slack="2147483647"/>
</pin_list>
<bind>
<StgValue><ssdm name=""/></StgValue>
</bind>
</comp>

<comp id="156" class="1001" name="const_156">
<pin_list>
<pin id="157" dir="1" index="0" bw="1" slack="2147483647"/>
</pin_list>
<bind>
<StgValue><ssdm name=""/></StgValue>
</bind>
</comp>

<comp id="158" class="1001" name="const_158">
<pin_list>
<pin id="159" dir="1" index="0" bw="1" slack="2147483647"/>
</pin_list>
<bind>
<StgValue><ssdm name=""/></StgValue>
</bind>
</comp>

<comp id="160" class="1001" name="const_160">
<pin_list>
<pin id="161" dir="1" index="0" bw="1" slack="2147483647"/>
</pin_list>
<bind>
<StgValue><ssdm name=""/></StgValue>
</bind>
</comp>

<comp id="162" class="1001" name="const_162">
<pin_list>
<pin id="163" dir="1" index="0" bw="1" slack="2147483647"/>
</pin_list>
<bind>
<StgValue><ssdm name=""/></StgValue>
</bind>
</comp>

<comp id="164" class="1001" name="const_164">
<pin_list>
<pin id="165" dir="1" index="0" bw="1" slack="0"/>
</pin_list>
<bind>
<StgValue><ssdm name=""/></StgValue>
</bind>
</comp>

<comp id="166" class="1001" name="const_166">
<pin_list>
<pin id="167" dir="1" index="0" bw="1" slack="2147483647"/>
</pin_list>
<bind>
<StgValue><ssdm name="_ssdm_op_SpecLoopName"/></StgValue>
</bind>
</comp>

<comp id="168" class="1001" name="const_168">
<pin_list>
<pin id="169" dir="1" index="0" bw="1" slack="2147483647"/>
</pin_list>
<bind>
<StgValue><ssdm name="VITIS_LOOP_166_3_VITIS_LOOP_167_4_str"/></StgValue>
</bind>
</comp>

<comp id="170" class="1001" name="const_170">
<pin_list>
<pin id="171" dir="1" index="0" bw="1" slack="2147483647"/>
</pin_list>
<bind>
<StgValue><ssdm name="_ssdm_op_SpecLoopTripCount"/></StgValue>
</bind>
</comp>

<comp id="172" class="1001" name="const_172">
<pin_list>
<pin id="173" dir="1" index="0" bw="1" slack="2147483647"/>
</pin_list>
<bind>
<StgValue><ssdm name=""/></StgValue>
</bind>
</comp>

<comp id="174" class="1001" name="const_174">
<pin_list>
<pin id="175" dir="1" index="0" bw="1" slack="2147483647"/>
</pin_list>
<bind>
<StgValue><ssdm name="_ssdm_op_SpecPipeline"/></StgValue>
</bind>
</comp>

<comp id="176" class="1001" name="const_176">
<pin_list>
<pin id="177" dir="1" index="0" bw="1" slack="2147483647"/>
</pin_list>
<bind>
<StgValue><ssdm name=""/></StgValue>
</bind>
</comp>

<comp id="178" class="1001" name="const_178">
<pin_list>
<pin id="179" dir="1" index="0" bw="1" slack="2147483647"/>
</pin_list>
<bind>
<StgValue><ssdm name=""/></StgValue>
</bind>
</comp>

<comp id="180" class="1001" name="const_180">
<pin_list>
<pin id="181" dir="1" index="0" bw="1" slack="2147483647"/>
</pin_list>
<bind>
<StgValue><ssdm name="empty_4"/></StgValue>
</bind>
</comp>

<comp id="182" class="1001" name="const_182">
<pin_list>
<pin id="183" dir="1" index="0" bw="1" slack="0"/>
</pin_list>
<bind>
<StgValue><ssdm name="_ssdm_op_BitConcatenate.i4.i2.i2"/></StgValue>
</bind>
</comp>

<comp id="184" class="1001" name="const_184">
<pin_list>
<pin id="185" dir="1" index="0" bw="1" slack="0"/>
</pin_list>
<bind>
<StgValue><ssdm name=""/></StgValue>
</bind>
</comp>

<comp id="186" class="1001" name="const_186">
<pin_list>
<pin id="187" dir="1" index="0" bw="1" slack="0"/>
</pin_list>
<bind>
<StgValue><ssdm name=""/></StgValue>
</bind>
</comp>

<comp id="188" class="1004" name="j_2_fu_188">
<pin_list>
<pin id="189" dir="0" index="0" bw="1" slack="0"/>
<pin id="190" dir="1" index="1" bw="6" slack="0"/>
</pin_list>
<bind>
<opcode="alloca(26) " fcode="alloca"/>
<opset="j_2/1 "/>
</bind>
</comp>

<comp id="192" class="1004" name="i_fu_192">
<pin_list>
<pin id="193" dir="0" index="0" bw="1" slack="0"/>
<pin id="194" dir="1" index="1" bw="6" slack="0"/>
</pin_list>
<bind>
<opcode="alloca(26) " fcode="alloca"/>
<opset="i/1 "/>
</bind>
</comp>

<comp id="196" class="1004" name="indvar_flatten16_fu_196">
<pin_list>
<pin id="197" dir="0" index="0" bw="1" slack="0"/>
<pin id="198" dir="1" index="1" bw="8" slack="0"/>
</pin_list>
<bind>
<opcode="alloca(26) " fcode="alloca"/>
<opset="indvar_flatten16/1 "/>
</bind>
</comp>

<comp id="200" class="1004" name="localC_addr_gep_fu_200">
<pin_list>
<pin id="201" dir="0" index="0" bw="16" slack="0"/>
<pin id="202" dir="0" index="1" bw="1" slack="0"/>
<pin id="203" dir="0" index="2" bw="4" slack="0"/>
<pin id="204" dir="1" index="3" bw="4" slack="0"/>
</pin_list>
<bind>
<opcode="getelementptr(29) " fcode="getelementptr"/>
<opset="localC_addr/2 "/>
</bind>
</comp>

<comp id="207" class="1004" name="localC_1_addr_gep_fu_207">
<pin_list>
<pin id="208" dir="0" index="0" bw="16" slack="0"/>
<pin id="209" dir="0" index="1" bw="1" slack="0"/>
<pin id="210" dir="0" index="2" bw="4" slack="0"/>
<pin id="211" dir="1" index="3" bw="4" slack="0"/>
</pin_list>
<bind>
<opcode="getelementptr(29) " fcode="getelementptr"/>
<opset="localC_1_addr/2 "/>
</bind>
</comp>

<comp id="214" class="1004" name="localC_2_addr_gep_fu_214">
<pin_list>
<pin id="215" dir="0" index="0" bw="16" slack="0"/>
<pin id="216" dir="0" index="1" bw="1" slack="0"/>
<pin id="217" dir="0" index="2" bw="4" slack="0"/>
<pin id="218" dir="1" index="3" bw="4" slack="0"/>
</pin_list>
<bind>
<opcode="getelementptr(29) " fcode="getelementptr"/>
<opset="localC_2_addr/2 "/>
</bind>
</comp>

<comp id="221" class="1004" name="localC_3_addr_gep_fu_221">
<pin_list>
<pin id="222" dir="0" index="0" bw="16" slack="0"/>
<pin id="223" dir="0" index="1" bw="1" slack="0"/>
<pin id="224" dir="0" index="2" bw="4" slack="0"/>
<pin id="225" dir="1" index="3" bw="4" slack="0"/>
</pin_list>
<bind>
<opcode="getelementptr(29) " fcode="getelementptr"/>
<opset="localC_3_addr/2 "/>
</bind>
</comp>

<comp id="228" class="1004" name="localC_4_addr_gep_fu_228">
<pin_list>
<pin id="229" dir="0" index="0" bw="16" slack="0"/>
<pin id="230" dir="0" index="1" bw="1" slack="0"/>
<pin id="231" dir="0" index="2" bw="4" slack="0"/>
<pin id="232" dir="1" index="3" bw="4" slack="0"/>
</pin_list>
<bind>
<opcode="getelementptr(29) " fcode="getelementptr"/>
<opset="localC_4_addr/2 "/>
</bind>
</comp>

<comp id="235" class="1004" name="localC_5_addr_gep_fu_235">
<pin_list>
<pin id="236" dir="0" index="0" bw="16" slack="0"/>
<pin id="237" dir="0" index="1" bw="1" slack="0"/>
<pin id="238" dir="0" index="2" bw="4" slack="0"/>
<pin id="239" dir="1" index="3" bw="4" slack="0"/>
</pin_list>
<bind>
<opcode="getelementptr(29) " fcode="getelementptr"/>
<opset="localC_5_addr/2 "/>
</bind>
</comp>

<comp id="242" class="1004" name="localC_6_addr_gep_fu_242">
<pin_list>
<pin id="243" dir="0" index="0" bw="16" slack="0"/>
<pin id="244" dir="0" index="1" bw="1" slack="0"/>
<pin id="245" dir="0" index="2" bw="4" slack="0"/>
<pin id="246" dir="1" index="3" bw="4" slack="0"/>
</pin_list>
<bind>
<opcode="getelementptr(29) " fcode="getelementptr"/>
<opset="localC_6_addr/2 "/>
</bind>
</comp>

<comp id="249" class="1004" name="localC_7_addr_gep_fu_249">
<pin_list>
<pin id="250" dir="0" index="0" bw="16" slack="0"/>
<pin id="251" dir="0" index="1" bw="1" slack="0"/>
<pin id="252" dir="0" index="2" bw="4" slack="0"/>
<pin id="253" dir="1" index="3" bw="4" slack="0"/>
</pin_list>
<bind>
<opcode="getelementptr(29) " fcode="getelementptr"/>
<opset="localC_7_addr/2 "/>
</bind>
</comp>

<comp id="256" class="1004" name="localC_8_addr_gep_fu_256">
<pin_list>
<pin id="257" dir="0" index="0" bw="16" slack="0"/>
<pin id="258" dir="0" index="1" bw="1" slack="0"/>
<pin id="259" dir="0" index="2" bw="4" slack="0"/>
<pin id="260" dir="1" index="3" bw="4" slack="0"/>
</pin_list>
<bind>
<opcode="getelementptr(29) " fcode="getelementptr"/>
<opset="localC_8_addr/2 "/>
</bind>
</comp>

<comp id="263" class="1004" name="localC_9_addr_gep_fu_263">
<pin_list>
<pin id="264" dir="0" index="0" bw="16" slack="0"/>
<pin id="265" dir="0" index="1" bw="1" slack="0"/>
<pin id="266" dir="0" index="2" bw="4" slack="0"/>
<pin id="267" dir="1" index="3" bw="4" slack="0"/>
</pin_list>
<bind>
<opcode="getelementptr(29) " fcode="getelementptr"/>
<opset="localC_9_addr/2 "/>
</bind>
</comp>

<comp id="270" class="1004" name="localC_10_addr_gep_fu_270">
<pin_list>
<pin id="271" dir="0" index="0" bw="16" slack="0"/>
<pin id="272" dir="0" index="1" bw="1" slack="0"/>
<pin id="273" dir="0" index="2" bw="4" slack="0"/>
<pin id="274" dir="1" index="3" bw="4" slack="0"/>
</pin_list>
<bind>
<opcode="getelementptr(29) " fcode="getelementptr"/>
<opset="localC_10_addr/2 "/>
</bind>
</comp>

<comp id="277" class="1004" name="localC_11_addr_gep_fu_277">
<pin_list>
<pin id="278" dir="0" index="0" bw="16" slack="0"/>
<pin id="279" dir="0" index="1" bw="1" slack="0"/>
<pin id="280" dir="0" index="2" bw="4" slack="0"/>
<pin id="281" dir="1" index="3" bw="4" slack="0"/>
</pin_list>
<bind>
<opcode="getelementptr(29) " fcode="getelementptr"/>
<opset="localC_11_addr/2 "/>
</bind>
</comp>

<comp id="284" class="1004" name="localC_12_addr_gep_fu_284">
<pin_list>
<pin id="285" dir="0" index="0" bw="16" slack="0"/>
<pin id="286" dir="0" index="1" bw="1" slack="0"/>
<pin id="287" dir="0" index="2" bw="4" slack="0"/>
<pin id="288" dir="1" index="3" bw="4" slack="0"/>
</pin_list>
<bind>
<opcode="getelementptr(29) " fcode="getelementptr"/>
<opset="localC_12_addr/2 "/>
</bind>
</comp>

<comp id="291" class="1004" name="localC_13_addr_gep_fu_291">
<pin_list>
<pin id="292" dir="0" index="0" bw="16" slack="0"/>
<pin id="293" dir="0" index="1" bw="1" slack="0"/>
<pin id="294" dir="0" index="2" bw="4" slack="0"/>
<pin id="295" dir="1" index="3" bw="4" slack="0"/>
</pin_list>
<bind>
<opcode="getelementptr(29) " fcode="getelementptr"/>
<opset="localC_13_addr/2 "/>
</bind>
</comp>

<comp id="298" class="1004" name="localC_14_addr_gep_fu_298">
<pin_list>
<pin id="299" dir="0" index="0" bw="16" slack="0"/>
<pin id="300" dir="0" index="1" bw="1" slack="0"/>
<pin id="301" dir="0" index="2" bw="4" slack="0"/>
<pin id="302" dir="1" index="3" bw="4" slack="0"/>
</pin_list>
<bind>
<opcode="getelementptr(29) " fcode="getelementptr"/>
<opset="localC_14_addr/2 "/>
</bind>
</comp>

<comp id="305" class="1004" name="localC_15_addr_gep_fu_305">
<pin_list>
<pin id="306" dir="0" index="0" bw="16" slack="0"/>
<pin id="307" dir="0" index="1" bw="1" slack="0"/>
<pin id="308" dir="0" index="2" bw="4" slack="0"/>
<pin id="309" dir="1" index="3" bw="4" slack="0"/>
</pin_list>
<bind>
<opcode="getelementptr(29) " fcode="getelementptr"/>
<opset="localC_15_addr/2 "/>
</bind>
</comp>

<comp id="312" class="1004" name="localC_16_addr_gep_fu_312">
<pin_list>
<pin id="313" dir="0" index="0" bw="16" slack="0"/>
<pin id="314" dir="0" index="1" bw="1" slack="0"/>
<pin id="315" dir="0" index="2" bw="4" slack="0"/>
<pin id="316" dir="1" index="3" bw="4" slack="0"/>
</pin_list>
<bind>
<opcode="getelementptr(29) " fcode="getelementptr"/>
<opset="localC_16_addr/2 "/>
</bind>
</comp>

<comp id="319" class="1004" name="localC_17_addr_gep_fu_319">
<pin_list>
<pin id="320" dir="0" index="0" bw="16" slack="0"/>
<pin id="321" dir="0" index="1" bw="1" slack="0"/>
<pin id="322" dir="0" index="2" bw="4" slack="0"/>
<pin id="323" dir="1" index="3" bw="4" slack="0"/>
</pin_list>
<bind>
<opcode="getelementptr(29) " fcode="getelementptr"/>
<opset="localC_17_addr/2 "/>
</bind>
</comp>

<comp id="326" class="1004" name="localC_18_addr_gep_fu_326">
<pin_list>
<pin id="327" dir="0" index="0" bw="16" slack="0"/>
<pin id="328" dir="0" index="1" bw="1" slack="0"/>
<pin id="329" dir="0" index="2" bw="4" slack="0"/>
<pin id="330" dir="1" index="3" bw="4" slack="0"/>
</pin_list>
<bind>
<opcode="getelementptr(29) " fcode="getelementptr"/>
<opset="localC_18_addr/2 "/>
</bind>
</comp>

<comp id="333" class="1004" name="localC_19_addr_gep_fu_333">
<pin_list>
<pin id="334" dir="0" index="0" bw="16" slack="0"/>
<pin id="335" dir="0" index="1" bw="1" slack="0"/>
<pin id="336" dir="0" index="2" bw="4" slack="0"/>
<pin id="337" dir="1" index="3" bw="4" slack="0"/>
</pin_list>
<bind>
<opcode="getelementptr(29) " fcode="getelementptr"/>
<opset="localC_19_addr/2 "/>
</bind>
</comp>

<comp id="340" class="1004" name="localC_20_addr_gep_fu_340">
<pin_list>
<pin id="341" dir="0" index="0" bw="16" slack="0"/>
<pin id="342" dir="0" index="1" bw="1" slack="0"/>
<pin id="343" dir="0" index="2" bw="4" slack="0"/>
<pin id="344" dir="1" index="3" bw="4" slack="0"/>
</pin_list>
<bind>
<opcode="getelementptr(29) " fcode="getelementptr"/>
<opset="localC_20_addr/2 "/>
</bind>
</comp>

<comp id="347" class="1004" name="localC_21_addr_gep_fu_347">
<pin_list>
<pin id="348" dir="0" index="0" bw="16" slack="0"/>
<pin id="349" dir="0" index="1" bw="1" slack="0"/>
<pin id="350" dir="0" index="2" bw="4" slack="0"/>
<pin id="351" dir="1" index="3" bw="4" slack="0"/>
</pin_list>
<bind>
<opcode="getelementptr(29) " fcode="getelementptr"/>
<opset="localC_21_addr/2 "/>
</bind>
</comp>

<comp id="354" class="1004" name="localC_22_addr_gep_fu_354">
<pin_list>
<pin id="355" dir="0" index="0" bw="16" slack="0"/>
<pin id="356" dir="0" index="1" bw="1" slack="0"/>
<pin id="357" dir="0" index="2" bw="4" slack="0"/>
<pin id="358" dir="1" index="3" bw="4" slack="0"/>
</pin_list>
<bind>
<opcode="getelementptr(29) " fcode="getelementptr"/>
<opset="localC_22_addr/2 "/>
</bind>
</comp>

<comp id="361" class="1004" name="localC_23_addr_gep_fu_361">
<pin_list>
<pin id="362" dir="0" index="0" bw="16" slack="0"/>
<pin id="363" dir="0" index="1" bw="1" slack="0"/>
<pin id="364" dir="0" index="2" bw="4" slack="0"/>
<pin id="365" dir="1" index="3" bw="4" slack="0"/>
</pin_list>
<bind>
<opcode="getelementptr(29) " fcode="getelementptr"/>
<opset="localC_23_addr/2 "/>
</bind>
</comp>

<comp id="368" class="1004" name="localC_24_addr_gep_fu_368">
<pin_list>
<pin id="369" dir="0" index="0" bw="16" slack="0"/>
<pin id="370" dir="0" index="1" bw="1" slack="0"/>
<pin id="371" dir="0" index="2" bw="4" slack="0"/>
<pin id="372" dir="1" index="3" bw="4" slack="0"/>
</pin_list>
<bind>
<opcode="getelementptr(29) " fcode="getelementptr"/>
<opset="localC_24_addr/2 "/>
</bind>
</comp>

<comp id="375" class="1004" name="localC_25_addr_gep_fu_375">
<pin_list>
<pin id="376" dir="0" index="0" bw="16" slack="0"/>
<pin id="377" dir="0" index="1" bw="1" slack="0"/>
<pin id="378" dir="0" index="2" bw="4" slack="0"/>
<pin id="379" dir="1" index="3" bw="4" slack="0"/>
</pin_list>
<bind>
<opcode="getelementptr(29) " fcode="getelementptr"/>
<opset="localC_25_addr/2 "/>
</bind>
</comp>

<comp id="382" class="1004" name="localC_26_addr_gep_fu_382">
<pin_list>
<pin id="383" dir="0" index="0" bw="16" slack="0"/>
<pin id="384" dir="0" index="1" bw="1" slack="0"/>
<pin id="385" dir="0" index="2" bw="4" slack="0"/>
<pin id="386" dir="1" index="3" bw="4" slack="0"/>
</pin_list>
<bind>
<opcode="getelementptr(29) " fcode="getelementptr"/>
<opset="localC_26_addr/2 "/>
</bind>
</comp>

<comp id="389" class="1004" name="localC_27_addr_gep_fu_389">
<pin_list>
<pin id="390" dir="0" index="0" bw="16" slack="0"/>
<pin id="391" dir="0" index="1" bw="1" slack="0"/>
<pin id="392" dir="0" index="2" bw="4" slack="0"/>
<pin id="393" dir="1" index="3" bw="4" slack="0"/>
</pin_list>
<bind>
<opcode="getelementptr(29) " fcode="getelementptr"/>
<opset="localC_27_addr/2 "/>
</bind>
</comp>

<comp id="396" class="1004" name="localC_28_addr_gep_fu_396">
<pin_list>
<pin id="397" dir="0" index="0" bw="16" slack="0"/>
<pin id="398" dir="0" index="1" bw="1" slack="0"/>
<pin id="399" dir="0" index="2" bw="4" slack="0"/>
<pin id="400" dir="1" index="3" bw="4" slack="0"/>
</pin_list>
<bind>
<opcode="getelementptr(29) " fcode="getelementptr"/>
<opset="localC_28_addr/2 "/>
</bind>
</comp>

<comp id="403" class="1004" name="localC_29_addr_gep_fu_403">
<pin_list>
<pin id="404" dir="0" index="0" bw="16" slack="0"/>
<pin id="405" dir="0" index="1" bw="1" slack="0"/>
<pin id="406" dir="0" index="2" bw="4" slack="0"/>
<pin id="407" dir="1" index="3" bw="4" slack="0"/>
</pin_list>
<bind>
<opcode="getelementptr(29) " fcode="getelementptr"/>
<opset="localC_29_addr/2 "/>
</bind>
</comp>

<comp id="410" class="1004" name="localC_30_addr_gep_fu_410">
<pin_list>
<pin id="411" dir="0" index="0" bw="16" slack="0"/>
<pin id="412" dir="0" index="1" bw="1" slack="0"/>
<pin id="413" dir="0" index="2" bw="4" slack="0"/>
<pin id="414" dir="1" index="3" bw="4" slack="0"/>
</pin_list>
<bind>
<opcode="getelementptr(29) " fcode="getelementptr"/>
<opset="localC_30_addr/2 "/>
</bind>
</comp>

<comp id="417" class="1004" name="localC_31_addr_gep_fu_417">
<pin_list>
<pin id="418" dir="0" index="0" bw="16" slack="0"/>
<pin id="419" dir="0" index="1" bw="1" slack="0"/>
<pin id="420" dir="0" index="2" bw="4" slack="0"/>
<pin id="421" dir="1" index="3" bw="4" slack="0"/>
</pin_list>
<bind>
<opcode="getelementptr(29) " fcode="getelementptr"/>
<opset="localC_31_addr/2 "/>
</bind>
</comp>

<comp id="424" class="1004" name="localC_32_addr_gep_fu_424">
<pin_list>
<pin id="425" dir="0" index="0" bw="16" slack="0"/>
<pin id="426" dir="0" index="1" bw="1" slack="0"/>
<pin id="427" dir="0" index="2" bw="4" slack="0"/>
<pin id="428" dir="1" index="3" bw="4" slack="0"/>
</pin_list>
<bind>
<opcode="getelementptr(29) " fcode="getelementptr"/>
<opset="localC_32_addr/2 "/>
</bind>
</comp>

<comp id="431" class="1004" name="localC_33_addr_gep_fu_431">
<pin_list>
<pin id="432" dir="0" index="0" bw="16" slack="0"/>
<pin id="433" dir="0" index="1" bw="1" slack="0"/>
<pin id="434" dir="0" index="2" bw="4" slack="0"/>
<pin id="435" dir="1" index="3" bw="4" slack="0"/>
</pin_list>
<bind>
<opcode="getelementptr(29) " fcode="getelementptr"/>
<opset="localC_33_addr/2 "/>
</bind>
</comp>

<comp id="438" class="1004" name="localC_34_addr_gep_fu_438">
<pin_list>
<pin id="439" dir="0" index="0" bw="16" slack="0"/>
<pin id="440" dir="0" index="1" bw="1" slack="0"/>
<pin id="441" dir="0" index="2" bw="4" slack="0"/>
<pin id="442" dir="1" index="3" bw="4" slack="0"/>
</pin_list>
<bind>
<opcode="getelementptr(29) " fcode="getelementptr"/>
<opset="localC_34_addr/2 "/>
</bind>
</comp>

<comp id="445" class="1004" name="localC_35_addr_gep_fu_445">
<pin_list>
<pin id="446" dir="0" index="0" bw="16" slack="0"/>
<pin id="447" dir="0" index="1" bw="1" slack="0"/>
<pin id="448" dir="0" index="2" bw="4" slack="0"/>
<pin id="449" dir="1" index="3" bw="4" slack="0"/>
</pin_list>
<bind>
<opcode="getelementptr(29) " fcode="getelementptr"/>
<opset="localC_35_addr/2 "/>
</bind>
</comp>

<comp id="452" class="1004" name="localC_36_addr_gep_fu_452">
<pin_list>
<pin id="453" dir="0" index="0" bw="16" slack="0"/>
<pin id="454" dir="0" index="1" bw="1" slack="0"/>
<pin id="455" dir="0" index="2" bw="4" slack="0"/>
<pin id="456" dir="1" index="3" bw="4" slack="0"/>
</pin_list>
<bind>
<opcode="getelementptr(29) " fcode="getelementptr"/>
<opset="localC_36_addr/2 "/>
</bind>
</comp>

<comp id="459" class="1004" name="localC_37_addr_gep_fu_459">
<pin_list>
<pin id="460" dir="0" index="0" bw="16" slack="0"/>
<pin id="461" dir="0" index="1" bw="1" slack="0"/>
<pin id="462" dir="0" index="2" bw="4" slack="0"/>
<pin id="463" dir="1" index="3" bw="4" slack="0"/>
</pin_list>
<bind>
<opcode="getelementptr(29) " fcode="getelementptr"/>
<opset="localC_37_addr/2 "/>
</bind>
</comp>

<comp id="466" class="1004" name="localC_38_addr_gep_fu_466">
<pin_list>
<pin id="467" dir="0" index="0" bw="16" slack="0"/>
<pin id="468" dir="0" index="1" bw="1" slack="0"/>
<pin id="469" dir="0" index="2" bw="4" slack="0"/>
<pin id="470" dir="1" index="3" bw="4" slack="0"/>
</pin_list>
<bind>
<opcode="getelementptr(29) " fcode="getelementptr"/>
<opset="localC_38_addr/2 "/>
</bind>
</comp>

<comp id="473" class="1004" name="localC_39_addr_gep_fu_473">
<pin_list>
<pin id="474" dir="0" index="0" bw="16" slack="0"/>
<pin id="475" dir="0" index="1" bw="1" slack="0"/>
<pin id="476" dir="0" index="2" bw="4" slack="0"/>
<pin id="477" dir="1" index="3" bw="4" slack="0"/>
</pin_list>
<bind>
<opcode="getelementptr(29) " fcode="getelementptr"/>
<opset="localC_39_addr/2 "/>
</bind>
</comp>

<comp id="480" class="1004" name="localC_40_addr_gep_fu_480">
<pin_list>
<pin id="481" dir="0" index="0" bw="16" slack="0"/>
<pin id="482" dir="0" index="1" bw="1" slack="0"/>
<pin id="483" dir="0" index="2" bw="4" slack="0"/>
<pin id="484" dir="1" index="3" bw="4" slack="0"/>
</pin_list>
<bind>
<opcode="getelementptr(29) " fcode="getelementptr"/>
<opset="localC_40_addr/2 "/>
</bind>
</comp>

<comp id="487" class="1004" name="localC_41_addr_gep_fu_487">
<pin_list>
<pin id="488" dir="0" index="0" bw="16" slack="0"/>
<pin id="489" dir="0" index="1" bw="1" slack="0"/>
<pin id="490" dir="0" index="2" bw="4" slack="0"/>
<pin id="491" dir="1" index="3" bw="4" slack="0"/>
</pin_list>
<bind>
<opcode="getelementptr(29) " fcode="getelementptr"/>
<opset="localC_41_addr/2 "/>
</bind>
</comp>

<comp id="494" class="1004" name="localC_42_addr_gep_fu_494">
<pin_list>
<pin id="495" dir="0" index="0" bw="16" slack="0"/>
<pin id="496" dir="0" index="1" bw="1" slack="0"/>
<pin id="497" dir="0" index="2" bw="4" slack="0"/>
<pin id="498" dir="1" index="3" bw="4" slack="0"/>
</pin_list>
<bind>
<opcode="getelementptr(29) " fcode="getelementptr"/>
<opset="localC_42_addr/2 "/>
</bind>
</comp>

<comp id="501" class="1004" name="localC_43_addr_gep_fu_501">
<pin_list>
<pin id="502" dir="0" index="0" bw="16" slack="0"/>
<pin id="503" dir="0" index="1" bw="1" slack="0"/>
<pin id="504" dir="0" index="2" bw="4" slack="0"/>
<pin id="505" dir="1" index="3" bw="4" slack="0"/>
</pin_list>
<bind>
<opcode="getelementptr(29) " fcode="getelementptr"/>
<opset="localC_43_addr/2 "/>
</bind>
</comp>

<comp id="508" class="1004" name="localC_44_addr_gep_fu_508">
<pin_list>
<pin id="509" dir="0" index="0" bw="16" slack="0"/>
<pin id="510" dir="0" index="1" bw="1" slack="0"/>
<pin id="511" dir="0" index="2" bw="4" slack="0"/>
<pin id="512" dir="1" index="3" bw="4" slack="0"/>
</pin_list>
<bind>
<opcode="getelementptr(29) " fcode="getelementptr"/>
<opset="localC_44_addr/2 "/>
</bind>
</comp>

<comp id="515" class="1004" name="localC_45_addr_gep_fu_515">
<pin_list>
<pin id="516" dir="0" index="0" bw="16" slack="0"/>
<pin id="517" dir="0" index="1" bw="1" slack="0"/>
<pin id="518" dir="0" index="2" bw="4" slack="0"/>
<pin id="519" dir="1" index="3" bw="4" slack="0"/>
</pin_list>
<bind>
<opcode="getelementptr(29) " fcode="getelementptr"/>
<opset="localC_45_addr/2 "/>
</bind>
</comp>

<comp id="522" class="1004" name="localC_46_addr_gep_fu_522">
<pin_list>
<pin id="523" dir="0" index="0" bw="16" slack="0"/>
<pin id="524" dir="0" index="1" bw="1" slack="0"/>
<pin id="525" dir="0" index="2" bw="4" slack="0"/>
<pin id="526" dir="1" index="3" bw="4" slack="0"/>
</pin_list>
<bind>
<opcode="getelementptr(29) " fcode="getelementptr"/>
<opset="localC_46_addr/2 "/>
</bind>
</comp>

<comp id="529" class="1004" name="localC_47_addr_gep_fu_529">
<pin_list>
<pin id="530" dir="0" index="0" bw="16" slack="0"/>
<pin id="531" dir="0" index="1" bw="1" slack="0"/>
<pin id="532" dir="0" index="2" bw="4" slack="0"/>
<pin id="533" dir="1" index="3" bw="4" slack="0"/>
</pin_list>
<bind>
<opcode="getelementptr(29) " fcode="getelementptr"/>
<opset="localC_47_addr/2 "/>
</bind>
</comp>

<comp id="536" class="1004" name="localC_48_addr_gep_fu_536">
<pin_list>
<pin id="537" dir="0" index="0" bw="16" slack="0"/>
<pin id="538" dir="0" index="1" bw="1" slack="0"/>
<pin id="539" dir="0" index="2" bw="4" slack="0"/>
<pin id="540" dir="1" index="3" bw="4" slack="0"/>
</pin_list>
<bind>
<opcode="getelementptr(29) " fcode="getelementptr"/>
<opset="localC_48_addr/2 "/>
</bind>
</comp>

<comp id="543" class="1004" name="localC_49_addr_gep_fu_543">
<pin_list>
<pin id="544" dir="0" index="0" bw="16" slack="0"/>
<pin id="545" dir="0" index="1" bw="1" slack="0"/>
<pin id="546" dir="0" index="2" bw="4" slack="0"/>
<pin id="547" dir="1" index="3" bw="4" slack="0"/>
</pin_list>
<bind>
<opcode="getelementptr(29) " fcode="getelementptr"/>
<opset="localC_49_addr/2 "/>
</bind>
</comp>

<comp id="550" class="1004" name="localC_50_addr_gep_fu_550">
<pin_list>
<pin id="551" dir="0" index="0" bw="16" slack="0"/>
<pin id="552" dir="0" index="1" bw="1" slack="0"/>
<pin id="553" dir="0" index="2" bw="4" slack="0"/>
<pin id="554" dir="1" index="3" bw="4" slack="0"/>
</pin_list>
<bind>
<opcode="getelementptr(29) " fcode="getelementptr"/>
<opset="localC_50_addr/2 "/>
</bind>
</comp>

<comp id="557" class="1004" name="localC_51_addr_gep_fu_557">
<pin_list>
<pin id="558" dir="0" index="0" bw="16" slack="0"/>
<pin id="559" dir="0" index="1" bw="1" slack="0"/>
<pin id="560" dir="0" index="2" bw="4" slack="0"/>
<pin id="561" dir="1" index="3" bw="4" slack="0"/>
</pin_list>
<bind>
<opcode="getelementptr(29) " fcode="getelementptr"/>
<opset="localC_51_addr/2 "/>
</bind>
</comp>

<comp id="564" class="1004" name="localC_52_addr_gep_fu_564">
<pin_list>
<pin id="565" dir="0" index="0" bw="16" slack="0"/>
<pin id="566" dir="0" index="1" bw="1" slack="0"/>
<pin id="567" dir="0" index="2" bw="4" slack="0"/>
<pin id="568" dir="1" index="3" bw="4" slack="0"/>
</pin_list>
<bind>
<opcode="getelementptr(29) " fcode="getelementptr"/>
<opset="localC_52_addr/2 "/>
</bind>
</comp>

<comp id="571" class="1004" name="localC_53_addr_gep_fu_571">
<pin_list>
<pin id="572" dir="0" index="0" bw="16" slack="0"/>
<pin id="573" dir="0" index="1" bw="1" slack="0"/>
<pin id="574" dir="0" index="2" bw="4" slack="0"/>
<pin id="575" dir="1" index="3" bw="4" slack="0"/>
</pin_list>
<bind>
<opcode="getelementptr(29) " fcode="getelementptr"/>
<opset="localC_53_addr/2 "/>
</bind>
</comp>

<comp id="578" class="1004" name="localC_54_addr_gep_fu_578">
<pin_list>
<pin id="579" dir="0" index="0" bw="16" slack="0"/>
<pin id="580" dir="0" index="1" bw="1" slack="0"/>
<pin id="581" dir="0" index="2" bw="4" slack="0"/>
<pin id="582" dir="1" index="3" bw="4" slack="0"/>
</pin_list>
<bind>
<opcode="getelementptr(29) " fcode="getelementptr"/>
<opset="localC_54_addr/2 "/>
</bind>
</comp>

<comp id="585" class="1004" name="localC_55_addr_gep_fu_585">
<pin_list>
<pin id="586" dir="0" index="0" bw="16" slack="0"/>
<pin id="587" dir="0" index="1" bw="1" slack="0"/>
<pin id="588" dir="0" index="2" bw="4" slack="0"/>
<pin id="589" dir="1" index="3" bw="4" slack="0"/>
</pin_list>
<bind>
<opcode="getelementptr(29) " fcode="getelementptr"/>
<opset="localC_55_addr/2 "/>
</bind>
</comp>

<comp id="592" class="1004" name="localC_56_addr_gep_fu_592">
<pin_list>
<pin id="593" dir="0" index="0" bw="16" slack="0"/>
<pin id="594" dir="0" index="1" bw="1" slack="0"/>
<pin id="595" dir="0" index="2" bw="4" slack="0"/>
<pin id="596" dir="1" index="3" bw="4" slack="0"/>
</pin_list>
<bind>
<opcode="getelementptr(29) " fcode="getelementptr"/>
<opset="localC_56_addr/2 "/>
</bind>
</comp>

<comp id="599" class="1004" name="localC_57_addr_gep_fu_599">
<pin_list>
<pin id="600" dir="0" index="0" bw="16" slack="0"/>
<pin id="601" dir="0" index="1" bw="1" slack="0"/>
<pin id="602" dir="0" index="2" bw="4" slack="0"/>
<pin id="603" dir="1" index="3" bw="4" slack="0"/>
</pin_list>
<bind>
<opcode="getelementptr(29) " fcode="getelementptr"/>
<opset="localC_57_addr/2 "/>
</bind>
</comp>

<comp id="606" class="1004" name="localC_58_addr_gep_fu_606">
<pin_list>
<pin id="607" dir="0" index="0" bw="16" slack="0"/>
<pin id="608" dir="0" index="1" bw="1" slack="0"/>
<pin id="609" dir="0" index="2" bw="4" slack="0"/>
<pin id="610" dir="1" index="3" bw="4" slack="0"/>
</pin_list>
<bind>
<opcode="getelementptr(29) " fcode="getelementptr"/>
<opset="localC_58_addr/2 "/>
</bind>
</comp>

<comp id="613" class="1004" name="localC_59_addr_gep_fu_613">
<pin_list>
<pin id="614" dir="0" index="0" bw="16" slack="0"/>
<pin id="615" dir="0" index="1" bw="1" slack="0"/>
<pin id="616" dir="0" index="2" bw="4" slack="0"/>
<pin id="617" dir="1" index="3" bw="4" slack="0"/>
</pin_list>
<bind>
<opcode="getelementptr(29) " fcode="getelementptr"/>
<opset="localC_59_addr/2 "/>
</bind>
</comp>

<comp id="620" class="1004" name="localC_60_addr_gep_fu_620">
<pin_list>
<pin id="621" dir="0" index="0" bw="16" slack="0"/>
<pin id="622" dir="0" index="1" bw="1" slack="0"/>
<pin id="623" dir="0" index="2" bw="4" slack="0"/>
<pin id="624" dir="1" index="3" bw="4" slack="0"/>
</pin_list>
<bind>
<opcode="getelementptr(29) " fcode="getelementptr"/>
<opset="localC_60_addr/2 "/>
</bind>
</comp>

<comp id="627" class="1004" name="localC_61_addr_gep_fu_627">
<pin_list>
<pin id="628" dir="0" index="0" bw="16" slack="0"/>
<pin id="629" dir="0" index="1" bw="1" slack="0"/>
<pin id="630" dir="0" index="2" bw="4" slack="0"/>
<pin id="631" dir="1" index="3" bw="4" slack="0"/>
</pin_list>
<bind>
<opcode="getelementptr(29) " fcode="getelementptr"/>
<opset="localC_61_addr/2 "/>
</bind>
</comp>

<comp id="634" class="1004" name="localC_62_addr_gep_fu_634">
<pin_list>
<pin id="635" dir="0" index="0" bw="16" slack="0"/>
<pin id="636" dir="0" index="1" bw="1" slack="0"/>
<pin id="637" dir="0" index="2" bw="4" slack="0"/>
<pin id="638" dir="1" index="3" bw="4" slack="0"/>
</pin_list>
<bind>
<opcode="getelementptr(29) " fcode="getelementptr"/>
<opset="localC_62_addr/2 "/>
</bind>
</comp>

<comp id="641" class="1004" name="localC_63_addr_gep_fu_641">
<pin_list>
<pin id="642" dir="0" index="0" bw="16" slack="0"/>
<pin id="643" dir="0" index="1" bw="1" slack="0"/>
<pin id="644" dir="0" index="2" bw="4" slack="0"/>
<pin id="645" dir="1" index="3" bw="4" slack="0"/>
</pin_list>
<bind>
<opcode="getelementptr(29) " fcode="getelementptr"/>
<opset="localC_63_addr/2 "/>
</bind>
</comp>

<comp id="648" class="1004" name="store_ln169_access_fu_648">
<pin_list>
<pin id="649" dir="0" index="0" bw="4" slack="0"/>
<pin id="650" dir="0" index="1" bw="16" slack="0"/>
<pin id="651" dir="0" index="2" bw="0" slack="2147483647"/>
<pin id="652" dir="1" index="3" bw="16" slack="2147483647"/>
</pin_list>
<bind>
<opcode="store(28) " fcode="store"/>
<opset="store_ln169/2 "/>
</bind>
</comp>

<comp id="655" class="1004" name="store_ln169_access_fu_655">
<pin_list>
<pin id="656" dir="0" index="0" bw="4" slack="0"/>
<pin id="657" dir="0" index="1" bw="16" slack="0"/>
<pin id="658" dir="0" index="2" bw="0" slack="2147483647"/>
<pin id="659" dir="1" index="3" bw="16" slack="2147483647"/>
</pin_list>
<bind>
<opcode="store(28) " fcode="store"/>
<opset="store_ln169/2 "/>
</bind>
</comp>

<comp id="662" class="1004" name="store_ln169_access_fu_662">
<pin_list>
<pin id="663" dir="0" index="0" bw="4" slack="0"/>
<pin id="664" dir="0" index="1" bw="16" slack="0"/>
<pin id="665" dir="0" index="2" bw="0" slack="2147483647"/>
<pin id="666" dir="1" index="3" bw="16" slack="2147483647"/>
</pin_list>
<bind>
<opcode="store(28) " fcode="store"/>
<opset="store_ln169/2 "/>
</bind>
</comp>

<comp id="669" class="1004" name="store_ln169_access_fu_669">
<pin_list>
<pin id="670" dir="0" index="0" bw="4" slack="0"/>
<pin id="671" dir="0" index="1" bw="16" slack="0"/>
<pin id="672" dir="0" index="2" bw="0" slack="2147483647"/>
<pin id="673" dir="1" index="3" bw="16" slack="2147483647"/>
</pin_list>
<bind>
<opcode="store(28) " fcode="store"/>
<opset="store_ln169/2 "/>
</bind>
</comp>

<comp id="676" class="1004" name="store_ln169_access_fu_676">
<pin_list>
<pin id="677" dir="0" index="0" bw="4" slack="0"/>
<pin id="678" dir="0" index="1" bw="16" slack="0"/>
<pin id="679" dir="0" index="2" bw="0" slack="2147483647"/>
<pin id="680" dir="1" index="3" bw="16" slack="2147483647"/>
</pin_list>
<bind>
<opcode="store(28) " fcode="store"/>
<opset="store_ln169/2 "/>
</bind>
</comp>

<comp id="683" class="1004" name="store_ln169_access_fu_683">
<pin_list>
<pin id="684" dir="0" index="0" bw="4" slack="0"/>
<pin id="685" dir="0" index="1" bw="16" slack="0"/>
<pin id="686" dir="0" index="2" bw="0" slack="2147483647"/>
<pin id="687" dir="1" index="3" bw="16" slack="2147483647"/>
</pin_list>
<bind>
<opcode="store(28) " fcode="store"/>
<opset="store_ln169/2 "/>
</bind>
</comp>

<comp id="690" class="1004" name="store_ln169_access_fu_690">
<pin_list>
<pin id="691" dir="0" index="0" bw="4" slack="0"/>
<pin id="692" dir="0" index="1" bw="16" slack="0"/>
<pin id="693" dir="0" index="2" bw="0" slack="2147483647"/>
<pin id="694" dir="1" index="3" bw="16" slack="2147483647"/>
</pin_list>
<bind>
<opcode="store(28) " fcode="store"/>
<opset="store_ln169/2 "/>
</bind>
</comp>

<comp id="697" class="1004" name="store_ln169_access_fu_697">
<pin_list>
<pin id="698" dir="0" index="0" bw="4" slack="0"/>
<pin id="699" dir="0" index="1" bw="16" slack="0"/>
<pin id="700" dir="0" index="2" bw="0" slack="2147483647"/>
<pin id="701" dir="1" index="3" bw="16" slack="2147483647"/>
</pin_list>
<bind>
<opcode="store(28) " fcode="store"/>
<opset="store_ln169/2 "/>
</bind>
</comp>

<comp id="704" class="1004" name="store_ln169_access_fu_704">
<pin_list>
<pin id="705" dir="0" index="0" bw="4" slack="0"/>
<pin id="706" dir="0" index="1" bw="16" slack="0"/>
<pin id="707" dir="0" index="2" bw="0" slack="2147483647"/>
<pin id="708" dir="1" index="3" bw="16" slack="2147483647"/>
</pin_list>
<bind>
<opcode="store(28) " fcode="store"/>
<opset="store_ln169/2 "/>
</bind>
</comp>

<comp id="711" class="1004" name="store_ln169_access_fu_711">
<pin_list>
<pin id="712" dir="0" index="0" bw="4" slack="0"/>
<pin id="713" dir="0" index="1" bw="16" slack="0"/>
<pin id="714" dir="0" index="2" bw="0" slack="2147483647"/>
<pin id="715" dir="1" index="3" bw="16" slack="2147483647"/>
</pin_list>
<bind>
<opcode="store(28) " fcode="store"/>
<opset="store_ln169/2 "/>
</bind>
</comp>

<comp id="718" class="1004" name="store_ln169_access_fu_718">
<pin_list>
<pin id="719" dir="0" index="0" bw="4" slack="0"/>
<pin id="720" dir="0" index="1" bw="16" slack="0"/>
<pin id="721" dir="0" index="2" bw="0" slack="2147483647"/>
<pin id="722" dir="1" index="3" bw="16" slack="2147483647"/>
</pin_list>
<bind>
<opcode="store(28) " fcode="store"/>
<opset="store_ln169/2 "/>
</bind>
</comp>

<comp id="725" class="1004" name="store_ln169_access_fu_725">
<pin_list>
<pin id="726" dir="0" index="0" bw="4" slack="0"/>
<pin id="727" dir="0" index="1" bw="16" slack="0"/>
<pin id="728" dir="0" index="2" bw="0" slack="2147483647"/>
<pin id="729" dir="1" index="3" bw="16" slack="2147483647"/>
</pin_list>
<bind>
<opcode="store(28) " fcode="store"/>
<opset="store_ln169/2 "/>
</bind>
</comp>

<comp id="732" class="1004" name="store_ln169_access_fu_732">
<pin_list>
<pin id="733" dir="0" index="0" bw="4" slack="0"/>
<pin id="734" dir="0" index="1" bw="16" slack="0"/>
<pin id="735" dir="0" index="2" bw="0" slack="2147483647"/>
<pin id="736" dir="1" index="3" bw="16" slack="2147483647"/>
</pin_list>
<bind>
<opcode="store(28) " fcode="store"/>
<opset="store_ln169/2 "/>
</bind>
</comp>

<comp id="739" class="1004" name="store_ln169_access_fu_739">
<pin_list>
<pin id="740" dir="0" index="0" bw="4" slack="0"/>
<pin id="741" dir="0" index="1" bw="16" slack="0"/>
<pin id="742" dir="0" index="2" bw="0" slack="2147483647"/>
<pin id="743" dir="1" index="3" bw="16" slack="2147483647"/>
</pin_list>
<bind>
<opcode="store(28) " fcode="store"/>
<opset="store_ln169/2 "/>
</bind>
</comp>

<comp id="746" class="1004" name="store_ln169_access_fu_746">
<pin_list>
<pin id="747" dir="0" index="0" bw="4" slack="0"/>
<pin id="748" dir="0" index="1" bw="16" slack="0"/>
<pin id="749" dir="0" index="2" bw="0" slack="2147483647"/>
<pin id="750" dir="1" index="3" bw="16" slack="2147483647"/>
</pin_list>
<bind>
<opcode="store(28) " fcode="store"/>
<opset="store_ln169/2 "/>
</bind>
</comp>

<comp id="753" class="1004" name="store_ln169_access_fu_753">
<pin_list>
<pin id="754" dir="0" index="0" bw="4" slack="0"/>
<pin id="755" dir="0" index="1" bw="16" slack="0"/>
<pin id="756" dir="0" index="2" bw="0" slack="2147483647"/>
<pin id="757" dir="1" index="3" bw="16" slack="2147483647"/>
</pin_list>
<bind>
<opcode="store(28) " fcode="store"/>
<opset="store_ln169/2 "/>
</bind>
</comp>

<comp id="760" class="1004" name="store_ln169_access_fu_760">
<pin_list>
<pin id="761" dir="0" index="0" bw="4" slack="0"/>
<pin id="762" dir="0" index="1" bw="16" slack="0"/>
<pin id="763" dir="0" index="2" bw="0" slack="2147483647"/>
<pin id="764" dir="1" index="3" bw="16" slack="2147483647"/>
</pin_list>
<bind>
<opcode="store(28) " fcode="store"/>
<opset="store_ln169/2 "/>
</bind>
</comp>

<comp id="767" class="1004" name="store_ln169_access_fu_767">
<pin_list>
<pin id="768" dir="0" index="0" bw="4" slack="0"/>
<pin id="769" dir="0" index="1" bw="16" slack="0"/>
<pin id="770" dir="0" index="2" bw="0" slack="2147483647"/>
<pin id="771" dir="1" index="3" bw="16" slack="2147483647"/>
</pin_list>
<bind>
<opcode="store(28) " fcode="store"/>
<opset="store_ln169/2 "/>
</bind>
</comp>

<comp id="774" class="1004" name="store_ln169_access_fu_774">
<pin_list>
<pin id="775" dir="0" index="0" bw="4" slack="0"/>
<pin id="776" dir="0" index="1" bw="16" slack="0"/>
<pin id="777" dir="0" index="2" bw="0" slack="2147483647"/>
<pin id="778" dir="1" index="3" bw="16" slack="2147483647"/>
</pin_list>
<bind>
<opcode="store(28) " fcode="store"/>
<opset="store_ln169/2 "/>
</bind>
</comp>

<comp id="781" class="1004" name="store_ln169_access_fu_781">
<pin_list>
<pin id="782" dir="0" index="0" bw="4" slack="0"/>
<pin id="783" dir="0" index="1" bw="16" slack="0"/>
<pin id="784" dir="0" index="2" bw="0" slack="2147483647"/>
<pin id="785" dir="1" index="3" bw="16" slack="2147483647"/>
</pin_list>
<bind>
<opcode="store(28) " fcode="store"/>
<opset="store_ln169/2 "/>
</bind>
</comp>

<comp id="788" class="1004" name="store_ln169_access_fu_788">
<pin_list>
<pin id="789" dir="0" index="0" bw="4" slack="0"/>
<pin id="790" dir="0" index="1" bw="16" slack="0"/>
<pin id="791" dir="0" index="2" bw="0" slack="2147483647"/>
<pin id="792" dir="1" index="3" bw="16" slack="2147483647"/>
</pin_list>
<bind>
<opcode="store(28) " fcode="store"/>
<opset="store_ln169/2 "/>
</bind>
</comp>

<comp id="795" class="1004" name="store_ln169_access_fu_795">
<pin_list>
<pin id="796" dir="0" index="0" bw="4" slack="0"/>
<pin id="797" dir="0" index="1" bw="16" slack="0"/>
<pin id="798" dir="0" index="2" bw="0" slack="2147483647"/>
<pin id="799" dir="1" index="3" bw="16" slack="2147483647"/>
</pin_list>
<bind>
<opcode="store(28) " fcode="store"/>
<opset="store_ln169/2 "/>
</bind>
</comp>

<comp id="802" class="1004" name="store_ln169_access_fu_802">
<pin_list>
<pin id="803" dir="0" index="0" bw="4" slack="0"/>
<pin id="804" dir="0" index="1" bw="16" slack="0"/>
<pin id="805" dir="0" index="2" bw="0" slack="2147483647"/>
<pin id="806" dir="1" index="3" bw="16" slack="2147483647"/>
</pin_list>
<bind>
<opcode="store(28) " fcode="store"/>
<opset="store_ln169/2 "/>
</bind>
</comp>

<comp id="809" class="1004" name="store_ln169_access_fu_809">
<pin_list>
<pin id="810" dir="0" index="0" bw="4" slack="0"/>
<pin id="811" dir="0" index="1" bw="16" slack="0"/>
<pin id="812" dir="0" index="2" bw="0" slack="2147483647"/>
<pin id="813" dir="1" index="3" bw="16" slack="2147483647"/>
</pin_list>
<bind>
<opcode="store(28) " fcode="store"/>
<opset="store_ln169/2 "/>
</bind>
</comp>

<comp id="816" class="1004" name="store_ln169_access_fu_816">
<pin_list>
<pin id="817" dir="0" index="0" bw="4" slack="0"/>
<pin id="818" dir="0" index="1" bw="16" slack="0"/>
<pin id="819" dir="0" index="2" bw="0" slack="2147483647"/>
<pin id="820" dir="1" index="3" bw="16" slack="2147483647"/>
</pin_list>
<bind>
<opcode="store(28) " fcode="store"/>
<opset="store_ln169/2 "/>
</bind>
</comp>

<comp id="823" class="1004" name="store_ln169_access_fu_823">
<pin_list>
<pin id="824" dir="0" index="0" bw="4" slack="0"/>
<pin id="825" dir="0" index="1" bw="16" slack="0"/>
<pin id="826" dir="0" index="2" bw="0" slack="2147483647"/>
<pin id="827" dir="1" index="3" bw="16" slack="2147483647"/>
</pin_list>
<bind>
<opcode="store(28) " fcode="store"/>
<opset="store_ln169/2 "/>
</bind>
</comp>

<comp id="830" class="1004" name="store_ln169_access_fu_830">
<pin_list>
<pin id="831" dir="0" index="0" bw="4" slack="0"/>
<pin id="832" dir="0" index="1" bw="16" slack="0"/>
<pin id="833" dir="0" index="2" bw="0" slack="2147483647"/>
<pin id="834" dir="1" index="3" bw="16" slack="2147483647"/>
</pin_list>
<bind>
<opcode="store(28) " fcode="store"/>
<opset="store_ln169/2 "/>
</bind>
</comp>

<comp id="837" class="1004" name="store_ln169_access_fu_837">
<pin_list>
<pin id="838" dir="0" index="0" bw="4" slack="0"/>
<pin id="839" dir="0" index="1" bw="16" slack="0"/>
<pin id="840" dir="0" index="2" bw="0" slack="2147483647"/>
<pin id="841" dir="1" index="3" bw="16" slack="2147483647"/>
</pin_list>
<bind>
<opcode="store(28) " fcode="store"/>
<opset="store_ln169/2 "/>
</bind>
</comp>

<comp id="844" class="1004" name="store_ln169_access_fu_844">
<pin_list>
<pin id="845" dir="0" index="0" bw="4" slack="0"/>
<pin id="846" dir="0" index="1" bw="16" slack="0"/>
<pin id="847" dir="0" index="2" bw="0" slack="2147483647"/>
<pin id="848" dir="1" index="3" bw="16" slack="2147483647"/>
</pin_list>
<bind>
<opcode="store(28) " fcode="store"/>
<opset="store_ln169/2 "/>
</bind>
</comp>

<comp id="851" class="1004" name="store_ln169_access_fu_851">
<pin_list>
<pin id="852" dir="0" index="0" bw="4" slack="0"/>
<pin id="853" dir="0" index="1" bw="16" slack="0"/>
<pin id="854" dir="0" index="2" bw="0" slack="2147483647"/>
<pin id="855" dir="1" index="3" bw="16" slack="2147483647"/>
</pin_list>
<bind>
<opcode="store(28) " fcode="store"/>
<opset="store_ln169/2 "/>
</bind>
</comp>

<comp id="858" class="1004" name="store_ln169_access_fu_858">
<pin_list>
<pin id="859" dir="0" index="0" bw="4" slack="0"/>
<pin id="860" dir="0" index="1" bw="16" slack="0"/>
<pin id="861" dir="0" index="2" bw="0" slack="2147483647"/>
<pin id="862" dir="1" index="3" bw="16" slack="2147483647"/>
</pin_list>
<bind>
<opcode="store(28) " fcode="store"/>
<opset="store_ln169/2 "/>
</bind>
</comp>

<comp id="865" class="1004" name="store_ln169_access_fu_865">
<pin_list>
<pin id="866" dir="0" index="0" bw="4" slack="0"/>
<pin id="867" dir="0" index="1" bw="16" slack="0"/>
<pin id="868" dir="0" index="2" bw="0" slack="2147483647"/>
<pin id="869" dir="1" index="3" bw="16" slack="2147483647"/>
</pin_list>
<bind>
<opcode="store(28) " fcode="store"/>
<opset="store_ln169/2 "/>
</bind>
</comp>

<comp id="872" class="1004" name="store_ln169_access_fu_872">
<pin_list>
<pin id="873" dir="0" index="0" bw="4" slack="0"/>
<pin id="874" dir="0" index="1" bw="16" slack="0"/>
<pin id="875" dir="0" index="2" bw="0" slack="2147483647"/>
<pin id="876" dir="1" index="3" bw="16" slack="2147483647"/>
</pin_list>
<bind>
<opcode="store(28) " fcode="store"/>
<opset="store_ln169/2 "/>
</bind>
</comp>

<comp id="879" class="1004" name="store_ln169_access_fu_879">
<pin_list>
<pin id="880" dir="0" index="0" bw="4" slack="0"/>
<pin id="881" dir="0" index="1" bw="16" slack="0"/>
<pin id="882" dir="0" index="2" bw="0" slack="2147483647"/>
<pin id="883" dir="1" index="3" bw="16" slack="2147483647"/>
</pin_list>
<bind>
<opcode="store(28) " fcode="store"/>
<opset="store_ln169/2 "/>
</bind>
</comp>

<comp id="886" class="1004" name="store_ln169_access_fu_886">
<pin_list>
<pin id="887" dir="0" index="0" bw="4" slack="0"/>
<pin id="888" dir="0" index="1" bw="16" slack="0"/>
<pin id="889" dir="0" index="2" bw="0" slack="2147483647"/>
<pin id="890" dir="1" index="3" bw="16" slack="2147483647"/>
</pin_list>
<bind>
<opcode="store(28) " fcode="store"/>
<opset="store_ln169/2 "/>
</bind>
</comp>

<comp id="893" class="1004" name="store_ln169_access_fu_893">
<pin_list>
<pin id="894" dir="0" index="0" bw="4" slack="0"/>
<pin id="895" dir="0" index="1" bw="16" slack="0"/>
<pin id="896" dir="0" index="2" bw="0" slack="2147483647"/>
<pin id="897" dir="1" index="3" bw="16" slack="2147483647"/>
</pin_list>
<bind>
<opcode="store(28) " fcode="store"/>
<opset="store_ln169/2 "/>
</bind>
</comp>

<comp id="900" class="1004" name="store_ln169_access_fu_900">
<pin_list>
<pin id="901" dir="0" index="0" bw="4" slack="0"/>
<pin id="902" dir="0" index="1" bw="16" slack="0"/>
<pin id="903" dir="0" index="2" bw="0" slack="2147483647"/>
<pin id="904" dir="1" index="3" bw="16" slack="2147483647"/>
</pin_list>
<bind>
<opcode="store(28) " fcode="store"/>
<opset="store_ln169/2 "/>
</bind>
</comp>

<comp id="907" class="1004" name="store_ln169_access_fu_907">
<pin_list>
<pin id="908" dir="0" index="0" bw="4" slack="0"/>
<pin id="909" dir="0" index="1" bw="16" slack="0"/>
<pin id="910" dir="0" index="2" bw="0" slack="2147483647"/>
<pin id="911" dir="1" index="3" bw="16" slack="2147483647"/>
</pin_list>
<bind>
<opcode="store(28) " fcode="store"/>
<opset="store_ln169/2 "/>
</bind>
</comp>

<comp id="914" class="1004" name="store_ln169_access_fu_914">
<pin_list>
<pin id="915" dir="0" index="0" bw="4" slack="0"/>
<pin id="916" dir="0" index="1" bw="16" slack="0"/>
<pin id="917" dir="0" index="2" bw="0" slack="2147483647"/>
<pin id="918" dir="1" index="3" bw="16" slack="2147483647"/>
</pin_list>
<bind>
<opcode="store(28) " fcode="store"/>
<opset="store_ln169/2 "/>
</bind>
</comp>

<comp id="921" class="1004" name="store_ln169_access_fu_921">
<pin_list>
<pin id="922" dir="0" index="0" bw="4" slack="0"/>
<pin id="923" dir="0" index="1" bw="16" slack="0"/>
<pin id="924" dir="0" index="2" bw="0" slack="2147483647"/>
<pin id="925" dir="1" index="3" bw="16" slack="2147483647"/>
</pin_list>
<bind>
<opcode="store(28) " fcode="store"/>
<opset="store_ln169/2 "/>
</bind>
</comp>

<comp id="928" class="1004" name="store_ln169_access_fu_928">
<pin_list>
<pin id="929" dir="0" index="0" bw="4" slack="0"/>
<pin id="930" dir="0" index="1" bw="16" slack="0"/>
<pin id="931" dir="0" index="2" bw="0" slack="2147483647"/>
<pin id="932" dir="1" index="3" bw="16" slack="2147483647"/>
</pin_list>
<bind>
<opcode="store(28) " fcode="store"/>
<opset="store_ln169/2 "/>
</bind>
</comp>

<comp id="935" class="1004" name="store_ln169_access_fu_935">
<pin_list>
<pin id="936" dir="0" index="0" bw="4" slack="0"/>
<pin id="937" dir="0" index="1" bw="16" slack="0"/>
<pin id="938" dir="0" index="2" bw="0" slack="2147483647"/>
<pin id="939" dir="1" index="3" bw="16" slack="2147483647"/>
</pin_list>
<bind>
<opcode="store(28) " fcode="store"/>
<opset="store_ln169/2 "/>
</bind>
</comp>

<comp id="942" class="1004" name="store_ln169_access_fu_942">
<pin_list>
<pin id="943" dir="0" index="0" bw="4" slack="0"/>
<pin id="944" dir="0" index="1" bw="16" slack="0"/>
<pin id="945" dir="0" index="2" bw="0" slack="2147483647"/>
<pin id="946" dir="1" index="3" bw="16" slack="2147483647"/>
</pin_list>
<bind>
<opcode="store(28) " fcode="store"/>
<opset="store_ln169/2 "/>
</bind>
</comp>

<comp id="949" class="1004" name="store_ln169_access_fu_949">
<pin_list>
<pin id="950" dir="0" index="0" bw="4" slack="0"/>
<pin id="951" dir="0" index="1" bw="16" slack="0"/>
<pin id="952" dir="0" index="2" bw="0" slack="2147483647"/>
<pin id="953" dir="1" index="3" bw="16" slack="2147483647"/>
</pin_list>
<bind>
<opcode="store(28) " fcode="store"/>
<opset="store_ln169/2 "/>
</bind>
</comp>

<comp id="956" class="1004" name="store_ln169_access_fu_956">
<pin_list>
<pin id="957" dir="0" index="0" bw="4" slack="0"/>
<pin id="958" dir="0" index="1" bw="16" slack="0"/>
<pin id="959" dir="0" index="2" bw="0" slack="2147483647"/>
<pin id="960" dir="1" index="3" bw="16" slack="2147483647"/>
</pin_list>
<bind>
<opcode="store(28) " fcode="store"/>
<opset="store_ln169/2 "/>
</bind>
</comp>

<comp id="963" class="1004" name="store_ln169_access_fu_963">
<pin_list>
<pin id="964" dir="0" index="0" bw="4" slack="0"/>
<pin id="965" dir="0" index="1" bw="16" slack="0"/>
<pin id="966" dir="0" index="2" bw="0" slack="2147483647"/>
<pin id="967" dir="1" index="3" bw="16" slack="2147483647"/>
</pin_list>
<bind>
<opcode="store(28) " fcode="store"/>
<opset="store_ln169/2 "/>
</bind>
</comp>

<comp id="970" class="1004" name="store_ln169_access_fu_970">
<pin_list>
<pin id="971" dir="0" index="0" bw="4" slack="0"/>
<pin id="972" dir="0" index="1" bw="16" slack="0"/>
<pin id="973" dir="0" index="2" bw="0" slack="2147483647"/>
<pin id="974" dir="1" index="3" bw="16" slack="2147483647"/>
</pin_list>
<bind>
<opcode="store(28) " fcode="store"/>
<opset="store_ln169/2 "/>
</bind>
</comp>

<comp id="977" class="1004" name="store_ln169_access_fu_977">
<pin_list>
<pin id="978" dir="0" index="0" bw="4" slack="0"/>
<pin id="979" dir="0" index="1" bw="16" slack="0"/>
<pin id="980" dir="0" index="2" bw="0" slack="2147483647"/>
<pin id="981" dir="1" index="3" bw="16" slack="2147483647"/>
</pin_list>
<bind>
<opcode="store(28) " fcode="store"/>
<opset="store_ln169/2 "/>
</bind>
</comp>

<comp id="984" class="1004" name="store_ln169_access_fu_984">
<pin_list>
<pin id="985" dir="0" index="0" bw="4" slack="0"/>
<pin id="986" dir="0" index="1" bw="16" slack="0"/>
<pin id="987" dir="0" index="2" bw="0" slack="2147483647"/>
<pin id="988" dir="1" index="3" bw="16" slack="2147483647"/>
</pin_list>
<bind>
<opcode="store(28) " fcode="store"/>
<opset="store_ln169/2 "/>
</bind>
</comp>

<comp id="991" class="1004" name="store_ln169_access_fu_991">
<pin_list>
<pin id="992" dir="0" index="0" bw="4" slack="0"/>
<pin id="993" dir="0" index="1" bw="16" slack="0"/>
<pin id="994" dir="0" index="2" bw="0" slack="2147483647"/>
<pin id="995" dir="1" index="3" bw="16" slack="2147483647"/>
</pin_list>
<bind>
<opcode="store(28) " fcode="store"/>
<opset="store_ln169/2 "/>
</bind>
</comp>

<comp id="998" class="1004" name="store_ln169_access_fu_998">
<pin_list>
<pin id="999" dir="0" index="0" bw="4" slack="0"/>
<pin id="1000" dir="0" index="1" bw="16" slack="0"/>
<pin id="1001" dir="0" index="2" bw="0" slack="2147483647"/>
<pin id="1002" dir="1" index="3" bw="16" slack="2147483647"/>
</pin_list>
<bind>
<opcode="store(28) " fcode="store"/>
<opset="store_ln169/2 "/>
</bind>
</comp>

<comp id="1005" class="1004" name="store_ln169_access_fu_1005">
<pin_list>
<pin id="1006" dir="0" index="0" bw="4" slack="0"/>
<pin id="1007" dir="0" index="1" bw="16" slack="0"/>
<pin id="1008" dir="0" index="2" bw="0" slack="2147483647"/>
<pin id="1009" dir="1" index="3" bw="16" slack="2147483647"/>
</pin_list>
<bind>
<opcode="store(28) " fcode="store"/>
<opset="store_ln169/2 "/>
</bind>
</comp>

<comp id="1012" class="1004" name="store_ln169_access_fu_1012">
<pin_list>
<pin id="1013" dir="0" index="0" bw="4" slack="0"/>
<pin id="1014" dir="0" index="1" bw="16" slack="0"/>
<pin id="1015" dir="0" index="2" bw="0" slack="2147483647"/>
<pin id="1016" dir="1" index="3" bw="16" slack="2147483647"/>
</pin_list>
<bind>
<opcode="store(28) " fcode="store"/>
<opset="store_ln169/2 "/>
</bind>
</comp>

<comp id="1019" class="1004" name="store_ln169_access_fu_1019">
<pin_list>
<pin id="1020" dir="0" index="0" bw="4" slack="0"/>
<pin id="1021" dir="0" index="1" bw="16" slack="0"/>
<pin id="1022" dir="0" index="2" bw="0" slack="2147483647"/>
<pin id="1023" dir="1" index="3" bw="16" slack="2147483647"/>
</pin_list>
<bind>
<opcode="store(28) " fcode="store"/>
<opset="store_ln169/2 "/>
</bind>
</comp>

<comp id="1026" class="1004" name="store_ln169_access_fu_1026">
<pin_list>
<pin id="1027" dir="0" index="0" bw="4" slack="0"/>
<pin id="1028" dir="0" index="1" bw="16" slack="0"/>
<pin id="1029" dir="0" index="2" bw="0" slack="2147483647"/>
<pin id="1030" dir="1" index="3" bw="16" slack="2147483647"/>
</pin_list>
<bind>
<opcode="store(28) " fcode="store"/>
<opset="store_ln169/2 "/>
</bind>
</comp>

<comp id="1033" class="1004" name="store_ln169_access_fu_1033">
<pin_list>
<pin id="1034" dir="0" index="0" bw="4" slack="0"/>
<pin id="1035" dir="0" index="1" bw="16" slack="0"/>
<pin id="1036" dir="0" index="2" bw="0" slack="2147483647"/>
<pin id="1037" dir="1" index="3" bw="16" slack="2147483647"/>
</pin_list>
<bind>
<opcode="store(28) " fcode="store"/>
<opset="store_ln169/2 "/>
</bind>
</comp>

<comp id="1040" class="1004" name="store_ln169_access_fu_1040">
<pin_list>
<pin id="1041" dir="0" index="0" bw="4" slack="0"/>
<pin id="1042" dir="0" index="1" bw="16" slack="0"/>
<pin id="1043" dir="0" index="2" bw="0" slack="2147483647"/>
<pin id="1044" dir="1" index="3" bw="16" slack="2147483647"/>
</pin_list>
<bind>
<opcode="store(28) " fcode="store"/>
<opset="store_ln169/2 "/>
</bind>
</comp>

<comp id="1047" class="1004" name="store_ln169_access_fu_1047">
<pin_list>
<pin id="1048" dir="0" index="0" bw="4" slack="0"/>
<pin id="1049" dir="0" index="1" bw="16" slack="0"/>
<pin id="1050" dir="0" index="2" bw="0" slack="2147483647"/>
<pin id="1051" dir="1" index="3" bw="16" slack="2147483647"/>
</pin_list>
<bind>
<opcode="store(28) " fcode="store"/>
<opset="store_ln169/2 "/>
</bind>
</comp>

<comp id="1054" class="1004" name="store_ln169_access_fu_1054">
<pin_list>
<pin id="1055" dir="0" index="0" bw="4" slack="0"/>
<pin id="1056" dir="0" index="1" bw="16" slack="0"/>
<pin id="1057" dir="0" index="2" bw="0" slack="2147483647"/>
<pin id="1058" dir="1" index="3" bw="16" slack="2147483647"/>
</pin_list>
<bind>
<opcode="store(28) " fcode="store"/>
<opset="store_ln169/2 "/>
</bind>
</comp>

<comp id="1061" class="1004" name="store_ln169_access_fu_1061">
<pin_list>
<pin id="1062" dir="0" index="0" bw="4" slack="0"/>
<pin id="1063" dir="0" index="1" bw="16" slack="0"/>
<pin id="1064" dir="0" index="2" bw="0" slack="2147483647"/>
<pin id="1065" dir="1" index="3" bw="16" slack="2147483647"/>
</pin_list>
<bind>
<opcode="store(28) " fcode="store"/>
<opset="store_ln169/2 "/>
</bind>
</comp>

<comp id="1068" class="1004" name="store_ln169_access_fu_1068">
<pin_list>
<pin id="1069" dir="0" index="0" bw="4" slack="0"/>
<pin id="1070" dir="0" index="1" bw="16" slack="0"/>
<pin id="1071" dir="0" index="2" bw="0" slack="2147483647"/>
<pin id="1072" dir="1" index="3" bw="16" slack="2147483647"/>
</pin_list>
<bind>
<opcode="store(28) " fcode="store"/>
<opset="store_ln169/2 "/>
</bind>
</comp>

<comp id="1075" class="1004" name="store_ln169_access_fu_1075">
<pin_list>
<pin id="1076" dir="0" index="0" bw="4" slack="0"/>
<pin id="1077" dir="0" index="1" bw="16" slack="0"/>
<pin id="1078" dir="0" index="2" bw="0" slack="2147483647"/>
<pin id="1079" dir="1" index="3" bw="16" slack="2147483647"/>
</pin_list>
<bind>
<opcode="store(28) " fcode="store"/>
<opset="store_ln169/2 "/>
</bind>
</comp>

<comp id="1082" class="1004" name="store_ln169_access_fu_1082">
<pin_list>
<pin id="1083" dir="0" index="0" bw="4" slack="0"/>
<pin id="1084" dir="0" index="1" bw="16" slack="0"/>
<pin id="1085" dir="0" index="2" bw="0" slack="2147483647"/>
<pin id="1086" dir="1" index="3" bw="16" slack="2147483647"/>
</pin_list>
<bind>
<opcode="store(28) " fcode="store"/>
<opset="store_ln169/2 "/>
</bind>
</comp>

<comp id="1089" class="1004" name="store_ln169_access_fu_1089">
<pin_list>
<pin id="1090" dir="0" index="0" bw="4" slack="0"/>
<pin id="1091" dir="0" index="1" bw="16" slack="0"/>
<pin id="1092" dir="0" index="2" bw="0" slack="2147483647"/>
<pin id="1093" dir="1" index="3" bw="16" slack="2147483647"/>
</pin_list>
<bind>
<opcode="store(28) " fcode="store"/>
<opset="store_ln169/2 "/>
</bind>
</comp>

<comp id="1096" class="1004" name="store_ln0_store_fu_1096">
<pin_list>
<pin id="1097" dir="0" index="0" bw="1" slack="0"/>
<pin id="1098" dir="0" index="1" bw="8" slack="0"/>
<pin id="1099" dir="1" index="2" bw="0" slack="2147483647"/>
</pin_list>
<bind>
<opcode="store(28) " fcode="store"/>
<opset="store_ln0/1 "/>
</bind>
</comp>

<comp id="1101" class="1004" name="store_ln166_store_fu_1101">
<pin_list>
<pin id="1102" dir="0" index="0" bw="1" slack="0"/>
<pin id="1103" dir="0" index="1" bw="6" slack="0"/>
<pin id="1104" dir="1" index="2" bw="0" slack="2147483647"/>
</pin_list>
<bind>
<opcode="store(28) " fcode="store"/>
<opset="store_ln166/1 "/>
</bind>
</comp>

<comp id="1106" class="1004" name="store_ln167_store_fu_1106">
<pin_list>
<pin id="1107" dir="0" index="0" bw="1" slack="0"/>
<pin id="1108" dir="0" index="1" bw="6" slack="0"/>
<pin id="1109" dir="1" index="2" bw="0" slack="2147483647"/>
</pin_list>
<bind>
<opcode="store(28) " fcode="store"/>
<opset="store_ln167/1 "/>
</bind>
</comp>

<comp id="1111" class="1004" name="indvar_flatten16_load_load_fu_1111">
<pin_list>
<pin id="1112" dir="0" index="0" bw="8" slack="0"/>
<pin id="1113" dir="1" index="1" bw="8" slack="0"/>
</pin_list>
<bind>
<opcode="load(27) " fcode="load"/>
<opset="indvar_flatten16_load/1 "/>
</bind>
</comp>

<comp id="1114" class="1004" name="icmp_ln166_fu_1114">
<pin_list>
<pin id="1115" dir="0" index="0" bw="8" slack="0"/>
<pin id="1116" dir="0" index="1" bw="8" slack="0"/>
<pin id="1117" dir="1" index="2" bw="1" slack="2147483647"/>
</pin_list>
<bind>
<opcode="icmp(45) " fcode="icmp"/>
<opset="icmp_ln166/1 "/>
</bind>
</comp>

<comp id="1120" class="1004" name="add_ln166_1_fu_1120">
<pin_list>
<pin id="1121" dir="0" index="0" bw="8" slack="0"/>
<pin id="1122" dir="0" index="1" bw="1" slack="0"/>
<pin id="1123" dir="1" index="2" bw="8" slack="0"/>
</pin_list>
<bind>
<opcode="add(8) " fcode="add"/>
<opset="add_ln166_1/1 "/>
</bind>
</comp>

<comp id="1126" class="1004" name="j_2_load_load_fu_1126">
<pin_list>
<pin id="1127" dir="0" index="0" bw="6" slack="0"/>
<pin id="1128" dir="1" index="1" bw="6" slack="0"/>
</pin_list>
<bind>
<opcode="load(27) " fcode="load"/>
<opset="j_2_load/1 "/>
</bind>
</comp>

<comp id="1129" class="1004" name="i_load_load_fu_1129">
<pin_list>
<pin id="1130" dir="0" index="0" bw="6" slack="0"/>
<pin id="1131" dir="1" index="1" bw="6" slack="0"/>
</pin_list>
<bind>
<opcode="load(27) " fcode="load"/>
<opset="i_load/1 "/>
</bind>
</comp>

<comp id="1132" class="1004" name="add_ln166_fu_1132">
<pin_list>
<pin id="1133" dir="0" index="0" bw="6" slack="0"/>
<pin id="1134" dir="0" index="1" bw="1" slack="0"/>
<pin id="1135" dir="1" index="2" bw="6" slack="0"/>
</pin_list>
<bind>
<opcode="add(8) " fcode="add"/>
<opset="add_ln166/1 "/>
</bind>
</comp>

<comp id="1138" class="1004" name="tmp_fu_1138">
<pin_list>
<pin id="1139" dir="0" index="0" bw="1" slack="0"/>
<pin id="1140" dir="0" index="1" bw="6" slack="0"/>
<pin id="1141" dir="0" index="2" bw="4" slack="0"/>
<pin id="1142" dir="1" index="3" bw="1" slack="0"/>
</pin_list>
<bind>
<opcode="bitselect(1000) " fcode="bitselect"/>
<opset="tmp/1 "/>
</bind>
</comp>

<comp id="1146" class="1004" name="select_ln166_fu_1146">
<pin_list>
<pin id="1147" dir="0" index="0" bw="1" slack="0"/>
<pin id="1148" dir="0" index="1" bw="1" slack="0"/>
<pin id="1149" dir="0" index="2" bw="6" slack="0"/>
<pin id="1150" dir="1" index="3" bw="6" slack="0"/>
</pin_list>
<bind>
<opcode="select(49) " fcode="select"/>
<opset="select_ln166/1 "/>
</bind>
</comp>

<comp id="1154" class="1004" name="select_ln166_1_fu_1154">
<pin_list>
<pin id="1155" dir="0" index="0" bw="1" slack="0"/>
<pin id="1156" dir="0" index="1" bw="6" slack="0"/>
<pin id="1157" dir="0" index="2" bw="6" slack="0"/>
<pin id="1158" dir="1" index="3" bw="6" slack="0"/>
</pin_list>
<bind>
<opcode="select(49) " fcode="select"/>
<opset="select_ln166_1/1 "/>
</bind>
</comp>

<comp id="1162" class="1004" name="trunc_ln166_fu_1162">
<pin_list>
<pin id="1163" dir="0" index="0" bw="6" slack="0"/>
<pin id="1164" dir="1" index="1" bw="3" slack="1"/>
</pin_list>
<bind>
<opcode="trunc(33) " fcode="trunc"/>
<opset="trunc_ln166/1 "/>
</bind>
</comp>

<comp id="1166" class="1004" name="tmp_s_fu_1166">
<pin_list>
<pin id="1167" dir="0" index="0" bw="2" slack="0"/>
<pin id="1168" dir="0" index="1" bw="6" slack="0"/>
<pin id="1169" dir="0" index="2" bw="3" slack="0"/>
<pin id="1170" dir="0" index="3" bw="4" slack="0"/>
<pin id="1171" dir="1" index="4" bw="2" slack="1"/>
</pin_list>
<bind>
<opcode="partselect(1002) " fcode="partselect"/>
<opset="tmp_s/1 "/>
</bind>
</comp>

<comp id="1176" class="1004" name="lshr_ln2_fu_1176">
<pin_list>
<pin id="1177" dir="0" index="0" bw="2" slack="0"/>
<pin id="1178" dir="0" index="1" bw="6" slack="0"/>
<pin id="1179" dir="0" index="2" bw="3" slack="0"/>
<pin id="1180" dir="0" index="3" bw="4" slack="0"/>
<pin id="1181" dir="1" index="4" bw="2" slack="1"/>
</pin_list>
<bind>
<opcode="partselect(1002) " fcode="partselect"/>
<opset="lshr_ln2/1 "/>
</bind>
</comp>

<comp id="1186" class="1004" name="add_ln167_fu_1186">
<pin_list>
<pin id="1187" dir="0" index="0" bw="6" slack="0"/>
<pin id="1188" dir="0" index="1" bw="5" slack="0"/>
<pin id="1189" dir="1" index="2" bw="6" slack="0"/>
</pin_list>
<bind>
<opcode="add(8) " fcode="add"/>
<opset="add_ln167/1 "/>
</bind>
</comp>

<comp id="1192" class="1004" name="store_ln166_store_fu_1192">
<pin_list>
<pin id="1193" dir="0" index="0" bw="8" slack="0"/>
<pin id="1194" dir="0" index="1" bw="8" slack="0"/>
<pin id="1195" dir="1" index="2" bw="0" slack="2147483647"/>
</pin_list>
<bind>
<opcode="store(28) " fcode="store"/>
<opset="store_ln166/1 "/>
</bind>
</comp>

<comp id="1197" class="1004" name="store_ln166_store_fu_1197">
<pin_list>
<pin id="1198" dir="0" index="0" bw="6" slack="0"/>
<pin id="1199" dir="0" index="1" bw="6" slack="0"/>
<pin id="1200" dir="1" index="2" bw="0" slack="2147483647"/>
</pin_list>
<bind>
<opcode="store(28) " fcode="store"/>
<opset="store_ln166/1 "/>
</bind>
</comp>

<comp id="1202" class="1004" name="store_ln167_store_fu_1202">
<pin_list>
<pin id="1203" dir="0" index="0" bw="6" slack="0"/>
<pin id="1204" dir="0" index="1" bw="6" slack="0"/>
<pin id="1205" dir="1" index="2" bw="0" slack="2147483647"/>
</pin_list>
<bind>
<opcode="store(28) " fcode="store"/>
<opset="store_ln167/1 "/>
</bind>
</comp>

<comp id="1207" class="1004" name="tmp_1_fu_1207">
<pin_list>
<pin id="1208" dir="0" index="0" bw="4" slack="0"/>
<pin id="1209" dir="0" index="1" bw="2" slack="1"/>
<pin id="1210" dir="0" index="2" bw="2" slack="1"/>
<pin id="1211" dir="1" index="3" bw="4" slack="0"/>
</pin_list>
<bind>
<opcode="bitconcatenate(1004) " fcode="bitconcatenate"/>
<opset="tmp_1/2 "/>
</bind>
</comp>

<comp id="1213" class="1004" name="zext_ln169_fu_1213">
<pin_list>
<pin id="1214" dir="0" index="0" bw="4" slack="0"/>
<pin id="1215" dir="1" index="1" bw="64" slack="0"/>
</pin_list>
<bind>
<opcode="zext(34) " fcode="zext"/>
<opset="zext_ln169/2 "/>
</bind>
</comp>

<comp id="1281" class="1005" name="j_2_reg_1281">
<pin_list>
<pin id="1282" dir="0" index="0" bw="6" slack="0"/>
<pin id="1283" dir="1" index="1" bw="6" slack="0"/>
</pin_list>
<bind>
<opset="j_2 "/>
</bind>
</comp>

<comp id="1288" class="1005" name="i_reg_1288">
<pin_list>
<pin id="1289" dir="0" index="0" bw="6" slack="0"/>
<pin id="1290" dir="1" index="1" bw="6" slack="0"/>
</pin_list>
<bind>
<opset="i "/>
</bind>
</comp>

<comp id="1295" class="1005" name="indvar_flatten16_reg_1295">
<pin_list>
<pin id="1296" dir="0" index="0" bw="8" slack="0"/>
<pin id="1297" dir="1" index="1" bw="8" slack="0"/>
</pin_list>
<bind>
<opset="indvar_flatten16 "/>
</bind>
</comp>

<comp id="1305" class="1005" name="trunc_ln166_reg_1305">
<pin_list>
<pin id="1306" dir="0" index="0" bw="3" slack="1"/>
<pin id="1307" dir="1" index="1" bw="3" slack="2147483647"/>
</pin_list>
<bind>
<opset="trunc_ln166 "/>
</bind>
</comp>

<comp id="1309" class="1005" name="tmp_s_reg_1309">
<pin_list>
<pin id="1310" dir="0" index="0" bw="2" slack="1"/>
<pin id="1311" dir="1" index="1" bw="2" slack="1"/>
</pin_list>
<bind>
<opset="tmp_s "/>
</bind>
</comp>

<comp id="1314" class="1005" name="lshr_ln2_reg_1314">
<pin_list>
<pin id="1315" dir="0" index="0" bw="2" slack="1"/>
<pin id="1316" dir="1" index="1" bw="2" slack="1"/>
</pin_list>
<bind>
<opset="lshr_ln2 "/>
</bind>
</comp>

</comp_list>

<net_list>
<net id="191"><net_src comp="128" pin="0"/><net_sink comp="188" pin=0"/></net>

<net id="195"><net_src comp="128" pin="0"/><net_sink comp="192" pin=0"/></net>

<net id="199"><net_src comp="128" pin="0"/><net_sink comp="196" pin=0"/></net>

<net id="205"><net_src comp="0" pin="0"/><net_sink comp="200" pin=0"/></net>

<net id="206"><net_src comp="184" pin="0"/><net_sink comp="200" pin=1"/></net>

<net id="212"><net_src comp="2" pin="0"/><net_sink comp="207" pin=0"/></net>

<net id="213"><net_src comp="184" pin="0"/><net_sink comp="207" pin=1"/></net>

<net id="219"><net_src comp="4" pin="0"/><net_sink comp="214" pin=0"/></net>

<net id="220"><net_src comp="184" pin="0"/><net_sink comp="214" pin=1"/></net>

<net id="226"><net_src comp="6" pin="0"/><net_sink comp="221" pin=0"/></net>

<net id="227"><net_src comp="184" pin="0"/><net_sink comp="221" pin=1"/></net>

<net id="233"><net_src comp="8" pin="0"/><net_sink comp="228" pin=0"/></net>

<net id="234"><net_src comp="184" pin="0"/><net_sink comp="228" pin=1"/></net>

<net id="240"><net_src comp="10" pin="0"/><net_sink comp="235" pin=0"/></net>

<net id="241"><net_src comp="184" pin="0"/><net_sink comp="235" pin=1"/></net>

<net id="247"><net_src comp="12" pin="0"/><net_sink comp="242" pin=0"/></net>

<net id="248"><net_src comp="184" pin="0"/><net_sink comp="242" pin=1"/></net>

<net id="254"><net_src comp="14" pin="0"/><net_sink comp="249" pin=0"/></net>

<net id="255"><net_src comp="184" pin="0"/><net_sink comp="249" pin=1"/></net>

<net id="261"><net_src comp="16" pin="0"/><net_sink comp="256" pin=0"/></net>

<net id="262"><net_src comp="184" pin="0"/><net_sink comp="256" pin=1"/></net>

<net id="268"><net_src comp="18" pin="0"/><net_sink comp="263" pin=0"/></net>

<net id="269"><net_src comp="184" pin="0"/><net_sink comp="263" pin=1"/></net>

<net id="275"><net_src comp="20" pin="0"/><net_sink comp="270" pin=0"/></net>

<net id="276"><net_src comp="184" pin="0"/><net_sink comp="270" pin=1"/></net>

<net id="282"><net_src comp="22" pin="0"/><net_sink comp="277" pin=0"/></net>

<net id="283"><net_src comp="184" pin="0"/><net_sink comp="277" pin=1"/></net>

<net id="289"><net_src comp="24" pin="0"/><net_sink comp="284" pin=0"/></net>

<net id="290"><net_src comp="184" pin="0"/><net_sink comp="284" pin=1"/></net>

<net id="296"><net_src comp="26" pin="0"/><net_sink comp="291" pin=0"/></net>

<net id="297"><net_src comp="184" pin="0"/><net_sink comp="291" pin=1"/></net>

<net id="303"><net_src comp="28" pin="0"/><net_sink comp="298" pin=0"/></net>

<net id="304"><net_src comp="184" pin="0"/><net_sink comp="298" pin=1"/></net>

<net id="310"><net_src comp="30" pin="0"/><net_sink comp="305" pin=0"/></net>

<net id="311"><net_src comp="184" pin="0"/><net_sink comp="305" pin=1"/></net>

<net id="317"><net_src comp="32" pin="0"/><net_sink comp="312" pin=0"/></net>

<net id="318"><net_src comp="184" pin="0"/><net_sink comp="312" pin=1"/></net>

<net id="324"><net_src comp="34" pin="0"/><net_sink comp="319" pin=0"/></net>

<net id="325"><net_src comp="184" pin="0"/><net_sink comp="319" pin=1"/></net>

<net id="331"><net_src comp="36" pin="0"/><net_sink comp="326" pin=0"/></net>

<net id="332"><net_src comp="184" pin="0"/><net_sink comp="326" pin=1"/></net>

<net id="338"><net_src comp="38" pin="0"/><net_sink comp="333" pin=0"/></net>

<net id="339"><net_src comp="184" pin="0"/><net_sink comp="333" pin=1"/></net>

<net id="345"><net_src comp="40" pin="0"/><net_sink comp="340" pin=0"/></net>

<net id="346"><net_src comp="184" pin="0"/><net_sink comp="340" pin=1"/></net>

<net id="352"><net_src comp="42" pin="0"/><net_sink comp="347" pin=0"/></net>

<net id="353"><net_src comp="184" pin="0"/><net_sink comp="347" pin=1"/></net>

<net id="359"><net_src comp="44" pin="0"/><net_sink comp="354" pin=0"/></net>

<net id="360"><net_src comp="184" pin="0"/><net_sink comp="354" pin=1"/></net>

<net id="366"><net_src comp="46" pin="0"/><net_sink comp="361" pin=0"/></net>

<net id="367"><net_src comp="184" pin="0"/><net_sink comp="361" pin=1"/></net>

<net id="373"><net_src comp="48" pin="0"/><net_sink comp="368" pin=0"/></net>

<net id="374"><net_src comp="184" pin="0"/><net_sink comp="368" pin=1"/></net>

<net id="380"><net_src comp="50" pin="0"/><net_sink comp="375" pin=0"/></net>

<net id="381"><net_src comp="184" pin="0"/><net_sink comp="375" pin=1"/></net>

<net id="387"><net_src comp="52" pin="0"/><net_sink comp="382" pin=0"/></net>

<net id="388"><net_src comp="184" pin="0"/><net_sink comp="382" pin=1"/></net>

<net id="394"><net_src comp="54" pin="0"/><net_sink comp="389" pin=0"/></net>

<net id="395"><net_src comp="184" pin="0"/><net_sink comp="389" pin=1"/></net>

<net id="401"><net_src comp="56" pin="0"/><net_sink comp="396" pin=0"/></net>

<net id="402"><net_src comp="184" pin="0"/><net_sink comp="396" pin=1"/></net>

<net id="408"><net_src comp="58" pin="0"/><net_sink comp="403" pin=0"/></net>

<net id="409"><net_src comp="184" pin="0"/><net_sink comp="403" pin=1"/></net>

<net id="415"><net_src comp="60" pin="0"/><net_sink comp="410" pin=0"/></net>

<net id="416"><net_src comp="184" pin="0"/><net_sink comp="410" pin=1"/></net>

<net id="422"><net_src comp="62" pin="0"/><net_sink comp="417" pin=0"/></net>

<net id="423"><net_src comp="184" pin="0"/><net_sink comp="417" pin=1"/></net>

<net id="429"><net_src comp="64" pin="0"/><net_sink comp="424" pin=0"/></net>

<net id="430"><net_src comp="184" pin="0"/><net_sink comp="424" pin=1"/></net>

<net id="436"><net_src comp="66" pin="0"/><net_sink comp="431" pin=0"/></net>

<net id="437"><net_src comp="184" pin="0"/><net_sink comp="431" pin=1"/></net>

<net id="443"><net_src comp="68" pin="0"/><net_sink comp="438" pin=0"/></net>

<net id="444"><net_src comp="184" pin="0"/><net_sink comp="438" pin=1"/></net>

<net id="450"><net_src comp="70" pin="0"/><net_sink comp="445" pin=0"/></net>

<net id="451"><net_src comp="184" pin="0"/><net_sink comp="445" pin=1"/></net>

<net id="457"><net_src comp="72" pin="0"/><net_sink comp="452" pin=0"/></net>

<net id="458"><net_src comp="184" pin="0"/><net_sink comp="452" pin=1"/></net>

<net id="464"><net_src comp="74" pin="0"/><net_sink comp="459" pin=0"/></net>

<net id="465"><net_src comp="184" pin="0"/><net_sink comp="459" pin=1"/></net>

<net id="471"><net_src comp="76" pin="0"/><net_sink comp="466" pin=0"/></net>

<net id="472"><net_src comp="184" pin="0"/><net_sink comp="466" pin=1"/></net>

<net id="478"><net_src comp="78" pin="0"/><net_sink comp="473" pin=0"/></net>

<net id="479"><net_src comp="184" pin="0"/><net_sink comp="473" pin=1"/></net>

<net id="485"><net_src comp="80" pin="0"/><net_sink comp="480" pin=0"/></net>

<net id="486"><net_src comp="184" pin="0"/><net_sink comp="480" pin=1"/></net>

<net id="492"><net_src comp="82" pin="0"/><net_sink comp="487" pin=0"/></net>

<net id="493"><net_src comp="184" pin="0"/><net_sink comp="487" pin=1"/></net>

<net id="499"><net_src comp="84" pin="0"/><net_sink comp="494" pin=0"/></net>

<net id="500"><net_src comp="184" pin="0"/><net_sink comp="494" pin=1"/></net>

<net id="506"><net_src comp="86" pin="0"/><net_sink comp="501" pin=0"/></net>

<net id="507"><net_src comp="184" pin="0"/><net_sink comp="501" pin=1"/></net>

<net id="513"><net_src comp="88" pin="0"/><net_sink comp="508" pin=0"/></net>

<net id="514"><net_src comp="184" pin="0"/><net_sink comp="508" pin=1"/></net>

<net id="520"><net_src comp="90" pin="0"/><net_sink comp="515" pin=0"/></net>

<net id="521"><net_src comp="184" pin="0"/><net_sink comp="515" pin=1"/></net>

<net id="527"><net_src comp="92" pin="0"/><net_sink comp="522" pin=0"/></net>

<net id="528"><net_src comp="184" pin="0"/><net_sink comp="522" pin=1"/></net>

<net id="534"><net_src comp="94" pin="0"/><net_sink comp="529" pin=0"/></net>

<net id="535"><net_src comp="184" pin="0"/><net_sink comp="529" pin=1"/></net>

<net id="541"><net_src comp="96" pin="0"/><net_sink comp="536" pin=0"/></net>

<net id="542"><net_src comp="184" pin="0"/><net_sink comp="536" pin=1"/></net>

<net id="548"><net_src comp="98" pin="0"/><net_sink comp="543" pin=0"/></net>

<net id="549"><net_src comp="184" pin="0"/><net_sink comp="543" pin=1"/></net>

<net id="555"><net_src comp="100" pin="0"/><net_sink comp="550" pin=0"/></net>

<net id="556"><net_src comp="184" pin="0"/><net_sink comp="550" pin=1"/></net>

<net id="562"><net_src comp="102" pin="0"/><net_sink comp="557" pin=0"/></net>

<net id="563"><net_src comp="184" pin="0"/><net_sink comp="557" pin=1"/></net>

<net id="569"><net_src comp="104" pin="0"/><net_sink comp="564" pin=0"/></net>

<net id="570"><net_src comp="184" pin="0"/><net_sink comp="564" pin=1"/></net>

<net id="576"><net_src comp="106" pin="0"/><net_sink comp="571" pin=0"/></net>

<net id="577"><net_src comp="184" pin="0"/><net_sink comp="571" pin=1"/></net>

<net id="583"><net_src comp="108" pin="0"/><net_sink comp="578" pin=0"/></net>

<net id="584"><net_src comp="184" pin="0"/><net_sink comp="578" pin=1"/></net>

<net id="590"><net_src comp="110" pin="0"/><net_sink comp="585" pin=0"/></net>

<net id="591"><net_src comp="184" pin="0"/><net_sink comp="585" pin=1"/></net>

<net id="597"><net_src comp="112" pin="0"/><net_sink comp="592" pin=0"/></net>

<net id="598"><net_src comp="184" pin="0"/><net_sink comp="592" pin=1"/></net>

<net id="604"><net_src comp="114" pin="0"/><net_sink comp="599" pin=0"/></net>

<net id="605"><net_src comp="184" pin="0"/><net_sink comp="599" pin=1"/></net>

<net id="611"><net_src comp="116" pin="0"/><net_sink comp="606" pin=0"/></net>

<net id="612"><net_src comp="184" pin="0"/><net_sink comp="606" pin=1"/></net>

<net id="618"><net_src comp="118" pin="0"/><net_sink comp="613" pin=0"/></net>

<net id="619"><net_src comp="184" pin="0"/><net_sink comp="613" pin=1"/></net>

<net id="625"><net_src comp="120" pin="0"/><net_sink comp="620" pin=0"/></net>

<net id="626"><net_src comp="184" pin="0"/><net_sink comp="620" pin=1"/></net>

<net id="632"><net_src comp="122" pin="0"/><net_sink comp="627" pin=0"/></net>

<net id="633"><net_src comp="184" pin="0"/><net_sink comp="627" pin=1"/></net>

<net id="639"><net_src comp="124" pin="0"/><net_sink comp="634" pin=0"/></net>

<net id="640"><net_src comp="184" pin="0"/><net_sink comp="634" pin=1"/></net>

<net id="646"><net_src comp="126" pin="0"/><net_sink comp="641" pin=0"/></net>

<net id="647"><net_src comp="184" pin="0"/><net_sink comp="641" pin=1"/></net>

<net id="653"><net_src comp="186" pin="0"/><net_sink comp="648" pin=1"/></net>

<net id="654"><net_src comp="536" pin="3"/><net_sink comp="648" pin=0"/></net>

<net id="660"><net_src comp="186" pin="0"/><net_sink comp="655" pin=1"/></net>

<net id="661"><net_src comp="543" pin="3"/><net_sink comp="655" pin=0"/></net>

<net id="667"><net_src comp="186" pin="0"/><net_sink comp="662" pin=1"/></net>

<net id="668"><net_src comp="550" pin="3"/><net_sink comp="662" pin=0"/></net>

<net id="674"><net_src comp="186" pin="0"/><net_sink comp="669" pin=1"/></net>

<net id="675"><net_src comp="557" pin="3"/><net_sink comp="669" pin=0"/></net>

<net id="681"><net_src comp="186" pin="0"/><net_sink comp="676" pin=1"/></net>

<net id="682"><net_src comp="564" pin="3"/><net_sink comp="676" pin=0"/></net>

<net id="688"><net_src comp="186" pin="0"/><net_sink comp="683" pin=1"/></net>

<net id="689"><net_src comp="571" pin="3"/><net_sink comp="683" pin=0"/></net>

<net id="695"><net_src comp="186" pin="0"/><net_sink comp="690" pin=1"/></net>

<net id="696"><net_src comp="578" pin="3"/><net_sink comp="690" pin=0"/></net>

<net id="702"><net_src comp="186" pin="0"/><net_sink comp="697" pin=1"/></net>

<net id="703"><net_src comp="585" pin="3"/><net_sink comp="697" pin=0"/></net>

<net id="709"><net_src comp="186" pin="0"/><net_sink comp="704" pin=1"/></net>

<net id="710"><net_src comp="480" pin="3"/><net_sink comp="704" pin=0"/></net>

<net id="716"><net_src comp="186" pin="0"/><net_sink comp="711" pin=1"/></net>

<net id="717"><net_src comp="487" pin="3"/><net_sink comp="711" pin=0"/></net>

<net id="723"><net_src comp="186" pin="0"/><net_sink comp="718" pin=1"/></net>

<net id="724"><net_src comp="494" pin="3"/><net_sink comp="718" pin=0"/></net>

<net id="730"><net_src comp="186" pin="0"/><net_sink comp="725" pin=1"/></net>

<net id="731"><net_src comp="501" pin="3"/><net_sink comp="725" pin=0"/></net>

<net id="737"><net_src comp="186" pin="0"/><net_sink comp="732" pin=1"/></net>

<net id="738"><net_src comp="508" pin="3"/><net_sink comp="732" pin=0"/></net>

<net id="744"><net_src comp="186" pin="0"/><net_sink comp="739" pin=1"/></net>

<net id="745"><net_src comp="515" pin="3"/><net_sink comp="739" pin=0"/></net>

<net id="751"><net_src comp="186" pin="0"/><net_sink comp="746" pin=1"/></net>

<net id="752"><net_src comp="522" pin="3"/><net_sink comp="746" pin=0"/></net>

<net id="758"><net_src comp="186" pin="0"/><net_sink comp="753" pin=1"/></net>

<net id="759"><net_src comp="529" pin="3"/><net_sink comp="753" pin=0"/></net>

<net id="765"><net_src comp="186" pin="0"/><net_sink comp="760" pin=1"/></net>

<net id="766"><net_src comp="424" pin="3"/><net_sink comp="760" pin=0"/></net>

<net id="772"><net_src comp="186" pin="0"/><net_sink comp="767" pin=1"/></net>

<net id="773"><net_src comp="431" pin="3"/><net_sink comp="767" pin=0"/></net>

<net id="779"><net_src comp="186" pin="0"/><net_sink comp="774" pin=1"/></net>

<net id="780"><net_src comp="438" pin="3"/><net_sink comp="774" pin=0"/></net>

<net id="786"><net_src comp="186" pin="0"/><net_sink comp="781" pin=1"/></net>

<net id="787"><net_src comp="445" pin="3"/><net_sink comp="781" pin=0"/></net>

<net id="793"><net_src comp="186" pin="0"/><net_sink comp="788" pin=1"/></net>

<net id="794"><net_src comp="452" pin="3"/><net_sink comp="788" pin=0"/></net>

<net id="800"><net_src comp="186" pin="0"/><net_sink comp="795" pin=1"/></net>

<net id="801"><net_src comp="459" pin="3"/><net_sink comp="795" pin=0"/></net>

<net id="807"><net_src comp="186" pin="0"/><net_sink comp="802" pin=1"/></net>

<net id="808"><net_src comp="466" pin="3"/><net_sink comp="802" pin=0"/></net>

<net id="814"><net_src comp="186" pin="0"/><net_sink comp="809" pin=1"/></net>

<net id="815"><net_src comp="473" pin="3"/><net_sink comp="809" pin=0"/></net>

<net id="821"><net_src comp="186" pin="0"/><net_sink comp="816" pin=1"/></net>

<net id="822"><net_src comp="368" pin="3"/><net_sink comp="816" pin=0"/></net>

<net id="828"><net_src comp="186" pin="0"/><net_sink comp="823" pin=1"/></net>

<net id="829"><net_src comp="375" pin="3"/><net_sink comp="823" pin=0"/></net>

<net id="835"><net_src comp="186" pin="0"/><net_sink comp="830" pin=1"/></net>

<net id="836"><net_src comp="382" pin="3"/><net_sink comp="830" pin=0"/></net>

<net id="842"><net_src comp="186" pin="0"/><net_sink comp="837" pin=1"/></net>

<net id="843"><net_src comp="389" pin="3"/><net_sink comp="837" pin=0"/></net>

<net id="849"><net_src comp="186" pin="0"/><net_sink comp="844" pin=1"/></net>

<net id="850"><net_src comp="396" pin="3"/><net_sink comp="844" pin=0"/></net>

<net id="856"><net_src comp="186" pin="0"/><net_sink comp="851" pin=1"/></net>

<net id="857"><net_src comp="403" pin="3"/><net_sink comp="851" pin=0"/></net>

<net id="863"><net_src comp="186" pin="0"/><net_sink comp="858" pin=1"/></net>

<net id="864"><net_src comp="410" pin="3"/><net_sink comp="858" pin=0"/></net>

<net id="870"><net_src comp="186" pin="0"/><net_sink comp="865" pin=1"/></net>

<net id="871"><net_src comp="417" pin="3"/><net_sink comp="865" pin=0"/></net>

<net id="877"><net_src comp="186" pin="0"/><net_sink comp="872" pin=1"/></net>

<net id="878"><net_src comp="312" pin="3"/><net_sink comp="872" pin=0"/></net>

<net id="884"><net_src comp="186" pin="0"/><net_sink comp="879" pin=1"/></net>

<net id="885"><net_src comp="319" pin="3"/><net_sink comp="879" pin=0"/></net>

<net id="891"><net_src comp="186" pin="0"/><net_sink comp="886" pin=1"/></net>

<net id="892"><net_src comp="326" pin="3"/><net_sink comp="886" pin=0"/></net>

<net id="898"><net_src comp="186" pin="0"/><net_sink comp="893" pin=1"/></net>

<net id="899"><net_src comp="333" pin="3"/><net_sink comp="893" pin=0"/></net>

<net id="905"><net_src comp="186" pin="0"/><net_sink comp="900" pin=1"/></net>

<net id="906"><net_src comp="340" pin="3"/><net_sink comp="900" pin=0"/></net>

<net id="912"><net_src comp="186" pin="0"/><net_sink comp="907" pin=1"/></net>

<net id="913"><net_src comp="347" pin="3"/><net_sink comp="907" pin=0"/></net>

<net id="919"><net_src comp="186" pin="0"/><net_sink comp="914" pin=1"/></net>

<net id="920"><net_src comp="354" pin="3"/><net_sink comp="914" pin=0"/></net>

<net id="926"><net_src comp="186" pin="0"/><net_sink comp="921" pin=1"/></net>

<net id="927"><net_src comp="361" pin="3"/><net_sink comp="921" pin=0"/></net>

<net id="933"><net_src comp="186" pin="0"/><net_sink comp="928" pin=1"/></net>

<net id="934"><net_src comp="256" pin="3"/><net_sink comp="928" pin=0"/></net>

<net id="940"><net_src comp="186" pin="0"/><net_sink comp="935" pin=1"/></net>

<net id="941"><net_src comp="263" pin="3"/><net_sink comp="935" pin=0"/></net>

<net id="947"><net_src comp="186" pin="0"/><net_sink comp="942" pin=1"/></net>

<net id="948"><net_src comp="270" pin="3"/><net_sink comp="942" pin=0"/></net>

<net id="954"><net_src comp="186" pin="0"/><net_sink comp="949" pin=1"/></net>

<net id="955"><net_src comp="277" pin="3"/><net_sink comp="949" pin=0"/></net>

<net id="961"><net_src comp="186" pin="0"/><net_sink comp="956" pin=1"/></net>

<net id="962"><net_src comp="284" pin="3"/><net_sink comp="956" pin=0"/></net>

<net id="968"><net_src comp="186" pin="0"/><net_sink comp="963" pin=1"/></net>

<net id="969"><net_src comp="291" pin="3"/><net_sink comp="963" pin=0"/></net>

<net id="975"><net_src comp="186" pin="0"/><net_sink comp="970" pin=1"/></net>

<net id="976"><net_src comp="298" pin="3"/><net_sink comp="970" pin=0"/></net>

<net id="982"><net_src comp="186" pin="0"/><net_sink comp="977" pin=1"/></net>

<net id="983"><net_src comp="305" pin="3"/><net_sink comp="977" pin=0"/></net>

<net id="989"><net_src comp="186" pin="0"/><net_sink comp="984" pin=1"/></net>

<net id="990"><net_src comp="200" pin="3"/><net_sink comp="984" pin=0"/></net>

<net id="996"><net_src comp="186" pin="0"/><net_sink comp="991" pin=1"/></net>

<net id="997"><net_src comp="207" pin="3"/><net_sink comp="991" pin=0"/></net>

<net id="1003"><net_src comp="186" pin="0"/><net_sink comp="998" pin=1"/></net>

<net id="1004"><net_src comp="214" pin="3"/><net_sink comp="998" pin=0"/></net>

<net id="1010"><net_src comp="186" pin="0"/><net_sink comp="1005" pin=1"/></net>

<net id="1011"><net_src comp="221" pin="3"/><net_sink comp="1005" pin=0"/></net>

<net id="1017"><net_src comp="186" pin="0"/><net_sink comp="1012" pin=1"/></net>

<net id="1018"><net_src comp="228" pin="3"/><net_sink comp="1012" pin=0"/></net>

<net id="1024"><net_src comp="186" pin="0"/><net_sink comp="1019" pin=1"/></net>

<net id="1025"><net_src comp="235" pin="3"/><net_sink comp="1019" pin=0"/></net>

<net id="1031"><net_src comp="186" pin="0"/><net_sink comp="1026" pin=1"/></net>

<net id="1032"><net_src comp="242" pin="3"/><net_sink comp="1026" pin=0"/></net>

<net id="1038"><net_src comp="186" pin="0"/><net_sink comp="1033" pin=1"/></net>

<net id="1039"><net_src comp="249" pin="3"/><net_sink comp="1033" pin=0"/></net>

<net id="1045"><net_src comp="186" pin="0"/><net_sink comp="1040" pin=1"/></net>

<net id="1046"><net_src comp="592" pin="3"/><net_sink comp="1040" pin=0"/></net>

<net id="1052"><net_src comp="186" pin="0"/><net_sink comp="1047" pin=1"/></net>

<net id="1053"><net_src comp="599" pin="3"/><net_sink comp="1047" pin=0"/></net>

<net id="1059"><net_src comp="186" pin="0"/><net_sink comp="1054" pin=1"/></net>

<net id="1060"><net_src comp="606" pin="3"/><net_sink comp="1054" pin=0"/></net>

<net id="1066"><net_src comp="186" pin="0"/><net_sink comp="1061" pin=1"/></net>

<net id="1067"><net_src comp="613" pin="3"/><net_sink comp="1061" pin=0"/></net>

<net id="1073"><net_src comp="186" pin="0"/><net_sink comp="1068" pin=1"/></net>

<net id="1074"><net_src comp="620" pin="3"/><net_sink comp="1068" pin=0"/></net>

<net id="1080"><net_src comp="186" pin="0"/><net_sink comp="1075" pin=1"/></net>

<net id="1081"><net_src comp="627" pin="3"/><net_sink comp="1075" pin=0"/></net>

<net id="1087"><net_src comp="186" pin="0"/><net_sink comp="1082" pin=1"/></net>

<net id="1088"><net_src comp="634" pin="3"/><net_sink comp="1082" pin=0"/></net>

<net id="1094"><net_src comp="186" pin="0"/><net_sink comp="1089" pin=1"/></net>

<net id="1095"><net_src comp="641" pin="3"/><net_sink comp="1089" pin=0"/></net>

<net id="1100"><net_src comp="130" pin="0"/><net_sink comp="1096" pin=0"/></net>

<net id="1105"><net_src comp="132" pin="0"/><net_sink comp="1101" pin=0"/></net>

<net id="1110"><net_src comp="132" pin="0"/><net_sink comp="1106" pin=0"/></net>

<net id="1118"><net_src comp="1111" pin="1"/><net_sink comp="1114" pin=0"/></net>

<net id="1119"><net_src comp="134" pin="0"/><net_sink comp="1114" pin=1"/></net>

<net id="1124"><net_src comp="1111" pin="1"/><net_sink comp="1120" pin=0"/></net>

<net id="1125"><net_src comp="136" pin="0"/><net_sink comp="1120" pin=1"/></net>

<net id="1136"><net_src comp="1129" pin="1"/><net_sink comp="1132" pin=0"/></net>

<net id="1137"><net_src comp="138" pin="0"/><net_sink comp="1132" pin=1"/></net>

<net id="1143"><net_src comp="140" pin="0"/><net_sink comp="1138" pin=0"/></net>

<net id="1144"><net_src comp="1126" pin="1"/><net_sink comp="1138" pin=1"/></net>

<net id="1145"><net_src comp="142" pin="0"/><net_sink comp="1138" pin=2"/></net>

<net id="1151"><net_src comp="1138" pin="3"/><net_sink comp="1146" pin=0"/></net>

<net id="1152"><net_src comp="132" pin="0"/><net_sink comp="1146" pin=1"/></net>

<net id="1153"><net_src comp="1126" pin="1"/><net_sink comp="1146" pin=2"/></net>

<net id="1159"><net_src comp="1138" pin="3"/><net_sink comp="1154" pin=0"/></net>

<net id="1160"><net_src comp="1132" pin="2"/><net_sink comp="1154" pin=1"/></net>

<net id="1161"><net_src comp="1129" pin="1"/><net_sink comp="1154" pin=2"/></net>

<net id="1165"><net_src comp="1154" pin="3"/><net_sink comp="1162" pin=0"/></net>

<net id="1172"><net_src comp="144" pin="0"/><net_sink comp="1166" pin=0"/></net>

<net id="1173"><net_src comp="1154" pin="3"/><net_sink comp="1166" pin=1"/></net>

<net id="1174"><net_src comp="146" pin="0"/><net_sink comp="1166" pin=2"/></net>

<net id="1175"><net_src comp="148" pin="0"/><net_sink comp="1166" pin=3"/></net>

<net id="1182"><net_src comp="144" pin="0"/><net_sink comp="1176" pin=0"/></net>

<net id="1183"><net_src comp="1146" pin="3"/><net_sink comp="1176" pin=1"/></net>

<net id="1184"><net_src comp="146" pin="0"/><net_sink comp="1176" pin=2"/></net>

<net id="1185"><net_src comp="148" pin="0"/><net_sink comp="1176" pin=3"/></net>

<net id="1190"><net_src comp="1146" pin="3"/><net_sink comp="1186" pin=0"/></net>

<net id="1191"><net_src comp="164" pin="0"/><net_sink comp="1186" pin=1"/></net>

<net id="1196"><net_src comp="1120" pin="2"/><net_sink comp="1192" pin=0"/></net>

<net id="1201"><net_src comp="1154" pin="3"/><net_sink comp="1197" pin=0"/></net>

<net id="1206"><net_src comp="1186" pin="2"/><net_sink comp="1202" pin=0"/></net>

<net id="1212"><net_src comp="182" pin="0"/><net_sink comp="1207" pin=0"/></net>

<net id="1216"><net_src comp="1207" pin="3"/><net_sink comp="1213" pin=0"/></net>

<net id="1217"><net_src comp="1213" pin="1"/><net_sink comp="200" pin=2"/></net>

<net id="1218"><net_src comp="1213" pin="1"/><net_sink comp="207" pin=2"/></net>

<net id="1219"><net_src comp="1213" pin="1"/><net_sink comp="214" pin=2"/></net>

<net id="1220"><net_src comp="1213" pin="1"/><net_sink comp="221" pin=2"/></net>

<net id="1221"><net_src comp="1213" pin="1"/><net_sink comp="228" pin=2"/></net>

<net id="1222"><net_src comp="1213" pin="1"/><net_sink comp="235" pin=2"/></net>

<net id="1223"><net_src comp="1213" pin="1"/><net_sink comp="242" pin=2"/></net>

<net id="1224"><net_src comp="1213" pin="1"/><net_sink comp="249" pin=2"/></net>

<net id="1225"><net_src comp="1213" pin="1"/><net_sink comp="256" pin=2"/></net>

<net id="1226"><net_src comp="1213" pin="1"/><net_sink comp="263" pin=2"/></net>

<net id="1227"><net_src comp="1213" pin="1"/><net_sink comp="270" pin=2"/></net>

<net id="1228"><net_src comp="1213" pin="1"/><net_sink comp="277" pin=2"/></net>

<net id="1229"><net_src comp="1213" pin="1"/><net_sink comp="284" pin=2"/></net>

<net id="1230"><net_src comp="1213" pin="1"/><net_sink comp="291" pin=2"/></net>

<net id="1231"><net_src comp="1213" pin="1"/><net_sink comp="298" pin=2"/></net>

<net id="1232"><net_src comp="1213" pin="1"/><net_sink comp="305" pin=2"/></net>

<net id="1233"><net_src comp="1213" pin="1"/><net_sink comp="312" pin=2"/></net>

<net id="1234"><net_src comp="1213" pin="1"/><net_sink comp="319" pin=2"/></net>

<net id="1235"><net_src comp="1213" pin="1"/><net_sink comp="326" pin=2"/></net>

<net id="1236"><net_src comp="1213" pin="1"/><net_sink comp="333" pin=2"/></net>

<net id="1237"><net_src comp="1213" pin="1"/><net_sink comp="340" pin=2"/></net>

<net id="1238"><net_src comp="1213" pin="1"/><net_sink comp="347" pin=2"/></net>

<net id="1239"><net_src comp="1213" pin="1"/><net_sink comp="354" pin=2"/></net>

<net id="1240"><net_src comp="1213" pin="1"/><net_sink comp="361" pin=2"/></net>

<net id="1241"><net_src comp="1213" pin="1"/><net_sink comp="368" pin=2"/></net>

<net id="1242"><net_src comp="1213" pin="1"/><net_sink comp="375" pin=2"/></net>

<net id="1243"><net_src comp="1213" pin="1"/><net_sink comp="382" pin=2"/></net>

<net id="1244"><net_src comp="1213" pin="1"/><net_sink comp="389" pin=2"/></net>

<net id="1245"><net_src comp="1213" pin="1"/><net_sink comp="396" pin=2"/></net>

<net id="1246"><net_src comp="1213" pin="1"/><net_sink comp="403" pin=2"/></net>

<net id="1247"><net_src comp="1213" pin="1"/><net_sink comp="410" pin=2"/></net>

<net id="1248"><net_src comp="1213" pin="1"/><net_sink comp="417" pin=2"/></net>

<net id="1249"><net_src comp="1213" pin="1"/><net_sink comp="424" pin=2"/></net>

<net id="1250"><net_src comp="1213" pin="1"/><net_sink comp="431" pin=2"/></net>

<net id="1251"><net_src comp="1213" pin="1"/><net_sink comp="438" pin=2"/></net>

<net id="1252"><net_src comp="1213" pin="1"/><net_sink comp="445" pin=2"/></net>

<net id="1253"><net_src comp="1213" pin="1"/><net_sink comp="452" pin=2"/></net>

<net id="1254"><net_src comp="1213" pin="1"/><net_sink comp="459" pin=2"/></net>

<net id="1255"><net_src comp="1213" pin="1"/><net_sink comp="466" pin=2"/></net>

<net id="1256"><net_src comp="1213" pin="1"/><net_sink comp="473" pin=2"/></net>

<net id="1257"><net_src comp="1213" pin="1"/><net_sink comp="480" pin=2"/></net>

<net id="1258"><net_src comp="1213" pin="1"/><net_sink comp="487" pin=2"/></net>

<net id="1259"><net_src comp="1213" pin="1"/><net_sink comp="494" pin=2"/></net>

<net id="1260"><net_src comp="1213" pin="1"/><net_sink comp="501" pin=2"/></net>

<net id="1261"><net_src comp="1213" pin="1"/><net_sink comp="508" pin=2"/></net>

<net id="1262"><net_src comp="1213" pin="1"/><net_sink comp="515" pin=2"/></net>

<net id="1263"><net_src comp="1213" pin="1"/><net_sink comp="522" pin=2"/></net>

<net id="1264"><net_src comp="1213" pin="1"/><net_sink comp="529" pin=2"/></net>

<net id="1265"><net_src comp="1213" pin="1"/><net_sink comp="536" pin=2"/></net>

<net id="1266"><net_src comp="1213" pin="1"/><net_sink comp="543" pin=2"/></net>

<net id="1267"><net_src comp="1213" pin="1"/><net_sink comp="550" pin=2"/></net>

<net id="1268"><net_src comp="1213" pin="1"/><net_sink comp="557" pin=2"/></net>

<net id="1269"><net_src comp="1213" pin="1"/><net_sink comp="564" pin=2"/></net>

<net id="1270"><net_src comp="1213" pin="1"/><net_sink comp="571" pin=2"/></net>

<net id="1271"><net_src comp="1213" pin="1"/><net_sink comp="578" pin=2"/></net>

<net id="1272"><net_src comp="1213" pin="1"/><net_sink comp="585" pin=2"/></net>

<net id="1273"><net_src comp="1213" pin="1"/><net_sink comp="592" pin=2"/></net>

<net id="1274"><net_src comp="1213" pin="1"/><net_sink comp="599" pin=2"/></net>

<net id="1275"><net_src comp="1213" pin="1"/><net_sink comp="606" pin=2"/></net>

<net id="1276"><net_src comp="1213" pin="1"/><net_sink comp="613" pin=2"/></net>

<net id="1277"><net_src comp="1213" pin="1"/><net_sink comp="620" pin=2"/></net>

<net id="1278"><net_src comp="1213" pin="1"/><net_sink comp="627" pin=2"/></net>

<net id="1279"><net_src comp="1213" pin="1"/><net_sink comp="634" pin=2"/></net>

<net id="1280"><net_src comp="1213" pin="1"/><net_sink comp="641" pin=2"/></net>

<net id="1284"><net_src comp="188" pin="1"/><net_sink comp="1281" pin=0"/></net>

<net id="1285"><net_src comp="1281" pin="1"/><net_sink comp="1106" pin=1"/></net>

<net id="1286"><net_src comp="1281" pin="1"/><net_sink comp="1126" pin=0"/></net>

<net id="1287"><net_src comp="1281" pin="1"/><net_sink comp="1202" pin=1"/></net>

<net id="1291"><net_src comp="192" pin="1"/><net_sink comp="1288" pin=0"/></net>

<net id="1292"><net_src comp="1288" pin="1"/><net_sink comp="1101" pin=1"/></net>

<net id="1293"><net_src comp="1288" pin="1"/><net_sink comp="1129" pin=0"/></net>

<net id="1294"><net_src comp="1288" pin="1"/><net_sink comp="1197" pin=1"/></net>

<net id="1298"><net_src comp="196" pin="1"/><net_sink comp="1295" pin=0"/></net>

<net id="1299"><net_src comp="1295" pin="1"/><net_sink comp="1096" pin=1"/></net>

<net id="1300"><net_src comp="1295" pin="1"/><net_sink comp="1111" pin=0"/></net>

<net id="1301"><net_src comp="1295" pin="1"/><net_sink comp="1192" pin=1"/></net>

<net id="1308"><net_src comp="1162" pin="1"/><net_sink comp="1305" pin=0"/></net>

<net id="1312"><net_src comp="1166" pin="4"/><net_sink comp="1309" pin=0"/></net>

<net id="1313"><net_src comp="1309" pin="1"/><net_sink comp="1207" pin=1"/></net>

<net id="1317"><net_src comp="1176" pin="4"/><net_sink comp="1314" pin=0"/></net>

<net id="1318"><net_src comp="1314" pin="1"/><net_sink comp="1207" pin=2"/></net>

</net_list>

</model> 
---------------- Datapath Model END ------------------

* FSMD analyzer results:
  - Output states:
	Port: localC | {2 }
	Port: localC_1 | {2 }
	Port: localC_2 | {2 }
	Port: localC_3 | {2 }
	Port: localC_4 | {2 }
	Port: localC_5 | {2 }
	Port: localC_6 | {2 }
	Port: localC_7 | {2 }
	Port: localC_8 | {2 }
	Port: localC_9 | {2 }
	Port: localC_10 | {2 }
	Port: localC_11 | {2 }
	Port: localC_12 | {2 }
	Port: localC_13 | {2 }
	Port: localC_14 | {2 }
	Port: localC_15 | {2 }
	Port: localC_16 | {2 }
	Port: localC_17 | {2 }
	Port: localC_18 | {2 }
	Port: localC_19 | {2 }
	Port: localC_20 | {2 }
	Port: localC_21 | {2 }
	Port: localC_22 | {2 }
	Port: localC_23 | {2 }
	Port: localC_24 | {2 }
	Port: localC_25 | {2 }
	Port: localC_26 | {2 }
	Port: localC_27 | {2 }
	Port: localC_28 | {2 }
	Port: localC_29 | {2 }
	Port: localC_30 | {2 }
	Port: localC_31 | {2 }
	Port: localC_32 | {2 }
	Port: localC_33 | {2 }
	Port: localC_34 | {2 }
	Port: localC_35 | {2 }
	Port: localC_36 | {2 }
	Port: localC_37 | {2 }
	Port: localC_38 | {2 }
	Port: localC_39 | {2 }
	Port: localC_40 | {2 }
	Port: localC_41 | {2 }
	Port: localC_42 | {2 }
	Port: localC_43 | {2 }
	Port: localC_44 | {2 }
	Port: localC_45 | {2 }
	Port: localC_46 | {2 }
	Port: localC_47 | {2 }
	Port: localC_48 | {2 }
	Port: localC_49 | {2 }
	Port: localC_50 | {2 }
	Port: localC_51 | {2 }
	Port: localC_52 | {2 }
	Port: localC_53 | {2 }
	Port: localC_54 | {2 }
	Port: localC_55 | {2 }
	Port: localC_56 | {2 }
	Port: localC_57 | {2 }
	Port: localC_58 | {2 }
	Port: localC_59 | {2 }
	Port: localC_60 | {2 }
	Port: localC_61 | {2 }
	Port: localC_62 | {2 }
	Port: localC_63 | {2 }
 - Input state : 
  - Chain level:
	State 1
		store_ln0 : 1
		store_ln166 : 1
		store_ln167 : 1
		indvar_flatten16_load : 1
		icmp_ln166 : 2
		add_ln166_1 : 2
		br_ln166 : 3
		j_2_load : 1
		i_load : 1
		add_ln166 : 2
		tmp : 2
		select_ln166 : 3
		select_ln166_1 : 3
		trunc_ln166 : 4
		tmp_s : 4
		lshr_ln2 : 4
		switch_ln169 : 5
		add_ln167 : 4
		store_ln166 : 3
		store_ln166 : 4
		store_ln167 : 5
	State 2
		zext_ln169 : 1
		localC_addr : 2
		localC_1_addr : 2
		localC_2_addr : 2
		localC_3_addr : 2
		localC_4_addr : 2
		localC_5_addr : 2
		localC_6_addr : 2
		localC_7_addr : 2
		localC_8_addr : 2
		localC_9_addr : 2
		localC_10_addr : 2
		localC_11_addr : 2
		localC_12_addr : 2
		localC_13_addr : 2
		localC_14_addr : 2
		localC_15_addr : 2
		localC_16_addr : 2
		localC_17_addr : 2
		localC_18_addr : 2
		localC_19_addr : 2
		localC_20_addr : 2
		localC_21_addr : 2
		localC_22_addr : 2
		localC_23_addr : 2
		localC_24_addr : 2
		localC_25_addr : 2
		localC_26_addr : 2
		localC_27_addr : 2
		localC_28_addr : 2
		localC_29_addr : 2
		localC_30_addr : 2
		localC_31_addr : 2
		localC_32_addr : 2
		localC_33_addr : 2
		localC_34_addr : 2
		localC_35_addr : 2
		localC_36_addr : 2
		localC_37_addr : 2
		localC_38_addr : 2
		localC_39_addr : 2
		localC_40_addr : 2
		localC_41_addr : 2
		localC_42_addr : 2
		localC_43_addr : 2
		localC_44_addr : 2
		localC_45_addr : 2
		localC_46_addr : 2
		localC_47_addr : 2
		localC_48_addr : 2
		localC_49_addr : 2
		localC_50_addr : 2
		localC_51_addr : 2
		localC_52_addr : 2
		localC_53_addr : 2
		localC_54_addr : 2
		localC_55_addr : 2
		localC_56_addr : 2
		localC_57_addr : 2
		localC_58_addr : 2
		localC_59_addr : 2
		localC_60_addr : 2
		localC_61_addr : 2
		localC_62_addr : 2
		localC_63_addr : 2
		store_ln169 : 3
		store_ln169 : 3
		store_ln169 : 3
		store_ln169 : 3
		store_ln169 : 3
		store_ln169 : 3
		store_ln169 : 3
		store_ln169 : 3
		store_ln169 : 3
		store_ln169 : 3
		store_ln169 : 3
		store_ln169 : 3
		store_ln169 : 3
		store_ln169 : 3
		store_ln169 : 3
		store_ln169 : 3
		store_ln169 : 3
		store_ln169 : 3
		store_ln169 : 3
		store_ln169 : 3
		store_ln169 : 3
		store_ln169 : 3
		store_ln169 : 3
		store_ln169 : 3
		store_ln169 : 3
		store_ln169 : 3
		store_ln169 : 3
		store_ln169 : 3
		store_ln169 : 3
		store_ln169 : 3
		store_ln169 : 3
		store_ln169 : 3
		store_ln169 : 3
		store_ln169 : 3
		store_ln169 : 3
		store_ln169 : 3
		store_ln169 : 3
		store_ln169 : 3
		store_ln169 : 3
		store_ln169 : 3
		store_ln169 : 3
		store_ln169 : 3
		store_ln169 : 3
		store_ln169 : 3
		store_ln169 : 3
		store_ln169 : 3
		store_ln169 : 3
		store_ln169 : 3
		store_ln169 : 3
		store_ln169 : 3
		store_ln169 : 3
		store_ln169 : 3
		store_ln169 : 3
		store_ln169 : 3
		store_ln169 : 3
		store_ln169 : 3
		store_ln169 : 3
		store_ln169 : 3
		store_ln169 : 3
		store_ln169 : 3
		store_ln169 : 3
		store_ln169 : 3
		store_ln169 : 3
		store_ln169 : 3


============================================================
+ Verbose Summary: Datapath Resource usage 
============================================================

* Functional unit list:
|----------|------------------------|---------|---------|
| Operation|     Functional Unit    |    FF   |   LUT   |
|----------|------------------------|---------|---------|
|          |   add_ln166_1_fu_1120  |    0    |    15   |
|    add   |    add_ln166_fu_1132   |    0    |    13   |
|          |    add_ln167_fu_1186   |    0    |    13   |
|----------|------------------------|---------|---------|
|   icmp   |   icmp_ln166_fu_1114   |    0    |    15   |
|----------|------------------------|---------|---------|
|  select  |  select_ln166_fu_1146  |    0    |    6    |
|          | select_ln166_1_fu_1154 |    0    |    6    |
|----------|------------------------|---------|---------|
| bitselect|       tmp_fu_1138      |    0    |    0    |
|----------|------------------------|---------|---------|
|   trunc  |   trunc_ln166_fu_1162  |    0    |    0    |
|----------|------------------------|---------|---------|
|partselect|      tmp_s_fu_1166     |    0    |    0    |
|          |    lshr_ln2_fu_1176    |    0    |    0    |
|----------|------------------------|---------|---------|
|bitconcatenate|      tmp_1_fu_1207     |    0    |    0    |
|----------|------------------------|---------|---------|
|   zext   |   zext_ln169_fu_1213   |    0    |    0    |
|----------|------------------------|---------|---------|
|   Total  |                        |    0    |    68   |
|----------|------------------------|---------|---------|

Memories:
N/A

* Register list:
+-------------------------+--------+
|                         |   FF   |
+-------------------------+--------+
|        i_reg_1288       |    6   |
|indvar_flatten16_reg_1295|    8   |
|       j_2_reg_1281      |    6   |
|    lshr_ln2_reg_1314    |    2   |
|      tmp_s_reg_1309     |    2   |
|   trunc_ln166_reg_1305  |    3   |
+-------------------------+--------+
|          Total          |   27   |
+-------------------------+--------+

* Multiplexer (MUX) list: 
|--------|------|------|------|--------|
|  Comp  |  Pin | Size |  BW  | S x BW |
|--------|------|------|------|--------|
|  Total |      |      |      |    0   |
|--------|------|------|------|--------|



* Summary:
+-----------+--------+--------+
|           |   FF   |   LUT  |
+-----------+--------+--------+
|  Function |    0   |   68   |
|   Memory  |    -   |    -   |
|Multiplexer|    -   |    -   |
|  Register |   27   |    -   |
+-----------+--------+--------+
|   Total   |   27   |   68   |
+-----------+--------+--------+
