

================================================================
== Vitis HLS Report for 'tile_process_Pipeline_init_acc_VITIS_LOOP_82_1'
================================================================
* Date:           Thu Apr 23 02:44:03 2026

* Version:        2023.2 (Build 4023990 on Oct 11 2023)
* Project:        hls_prj
* Solution:       s1 (Vivado IP Flow Target)
* Product family: zynquplus
* Target device:  xck26-sfvc784-2LV-c


================================================================
== Performance Estimates
================================================================
+ Timing: 
    * Summary: 
    +--------+---------+----------+------------+
    |  Clock |  Target | Estimated| Uncertainty|
    +--------+---------+----------+------------+
    |ap_clk  |  3.30 ns|  2.330 ns|     0.89 ns|
    +--------+---------+----------+------------+

+ Latency: 
    * Summary: 
    +---------+---------+----------+----------+-----+-----+---------+
    |  Latency (cycles) |  Latency (absolute) |  Interval | Pipeline|
    |   min   |   max   |    min   |    max   | min | max |   Type  |
    +---------+---------+----------+----------+-----+-----+---------+
    |      130|      130|  0.429 us|  0.429 us|  130|  130|       no|
    +---------+---------+----------+----------+-----+-----+---------+

    + Detail: 
        * Instance: 
        N/A

        * Loop: 
        +----------------------------+---------+---------+----------+-----------+-----------+------+----------+
        |                            |  Latency (cycles) | Iteration|  Initiation Interval  | Trip |          |
        |          Loop Name         |   min   |   max   |  Latency |  achieved |   target  | Count| Pipelined|
        +----------------------------+---------+---------+----------+-----------+-----------+------+----------+
        |- init_acc_VITIS_LOOP_82_1  |      128|      128|         2|          1|          1|   128|       yes|
        +----------------------------+---------+---------+----------+-----------+-----------+------+----------+

============================================================
+ Verbose Summary: Synthesis Manager
============================================================
InlineROM: 1
ExposeGlobal: 0
============================================================
+ Verbose Summary: CDFG Model
============================================================
IsTopModel: 0
ResetActiveHigh: 1
IsCombinational: 0
IsDatapathOnly: 0
HasWiredReturn: 1
HasMFsm: 2
HasVarLatency: 1
IsPipeline: 0
IsRtlPipelined: 0
IsInstanceOverlapped: 0
IsDontTouch: 0
HasImplIP: 0
IsGatedGlobalClock: 0

+ Individual pipeline summary: 
  * Pipeline-0: initiation interval (II) = 1, depth = 2


============================================================
+ Verbose Summary: Schedule
============================================================
* Number of FSM states : 2
* Pipeline : 1
  Pipeline-0 : II = 1, D = 2, States = { 1 2 }
* Dataflow Pipeline: 0

* FSM state transitions: 
1 --> 2 
2 --> 

* FSM state operations: 

State 1 <SV = 0> <Delay = 2.33>
ST_1 : Operation 5 [1/1] (0.00ns)   --->   "%j = alloca i32 1" [mmult.cpp:82]   --->   Operation 5 'alloca' 'j' <Predicate = true> <Delay = 0.00>
ST_1 : Operation 6 [1/1] (0.00ns)   --->   "%i = alloca i32 1" [mmult.cpp:81]   --->   Operation 6 'alloca' 'i' <Predicate = true> <Delay = 0.00>
ST_1 : Operation 7 [1/1] (0.00ns)   --->   "%indvar_flatten = alloca i32 1"   --->   Operation 7 'alloca' 'indvar_flatten' <Predicate = true> <Delay = 0.00>
ST_1 : Operation 8 [1/1] (0.42ns)   --->   "%store_ln0 = store i8 0, i8 %indvar_flatten"   --->   Operation 8 'store' 'store_ln0' <Predicate = true> <Delay = 0.42>
ST_1 : Operation 9 [1/1] (0.42ns)   --->   "%store_ln81 = store i6 0, i6 %i" [mmult.cpp:81]   --->   Operation 9 'store' 'store_ln81' <Predicate = true> <Delay = 0.42>
ST_1 : Operation 10 [1/1] (0.42ns)   --->   "%store_ln82 = store i6 0, i6 %j" [mmult.cpp:82]   --->   Operation 10 'store' 'store_ln82' <Predicate = true> <Delay = 0.42>
ST_1 : Operation 11 [1/1] (0.00ns)   --->   "%br_ln0 = br void %for.inc"   --->   Operation 11 'br' 'br_ln0' <Predicate = true> <Delay = 0.00>
ST_1 : Operation 12 [1/1] (0.00ns)   --->   "%indvar_flatten_load = load i8 %indvar_flatten" [mmult.cpp:81]   --->   Operation 12 'load' 'indvar_flatten_load' <Predicate = true> <Delay = 0.00>
ST_1 : Operation 13 [1/1] (0.76ns)   --->   "%icmp_ln81 = icmp_eq  i8 %indvar_flatten_load, i8 128" [mmult.cpp:81]   --->   Operation 13 'icmp' 'icmp_ln81' <Predicate = true> <Delay = 0.76> <CoreInst = "Cmp">   --->   Core 9 'Cmp' <Latency = 0> <II = 1> <Delay = 0.76> <FuncUnit> <Opcode : 'icmp'> <InPorts = 2> <OutPorts = 1>
ST_1 : Operation 14 [1/1] (0.76ns)   --->   "%add_ln81_1 = add i8 %indvar_flatten_load, i8 1" [mmult.cpp:81]   --->   Operation 14 'add' 'add_ln81_1' <Predicate = true> <Delay = 0.76> <CoreInst = "Adder">   --->   Core 1 'Adder' <Latency = 0> <II = 1> <Delay = 0.76> <FuncUnit> <Opcode : 'add' 'sub'> <InPorts = 2> <OutPorts = 1>
ST_1 : Operation 15 [1/1] (0.00ns)   --->   "%br_ln81 = br i1 %icmp_ln81, void %for.inc11, void %for.end13.exitStub" [mmult.cpp:81]   --->   Operation 15 'br' 'br_ln81' <Predicate = true> <Delay = 0.00>
ST_1 : Operation 16 [1/1] (0.00ns)   --->   "%j_load = load i6 %j" [mmult.cpp:81]   --->   Operation 16 'load' 'j_load' <Predicate = (!icmp_ln81)> <Delay = 0.00>
ST_1 : Operation 17 [1/1] (0.00ns)   --->   "%i_load = load i6 %i" [mmult.cpp:81]   --->   Operation 17 'load' 'i_load' <Predicate = (!icmp_ln81)> <Delay = 0.00>
ST_1 : Operation 18 [1/1] (0.78ns)   --->   "%add_ln81 = add i6 %i_load, i6 1" [mmult.cpp:81]   --->   Operation 18 'add' 'add_ln81' <Predicate = (!icmp_ln81)> <Delay = 0.78> <CoreInst = "Adder">   --->   Core 1 'Adder' <Latency = 0> <II = 1> <Delay = 0.78> <FuncUnit> <Opcode : 'add' 'sub'> <InPorts = 2> <OutPorts = 1>
ST_1 : Operation 19 [1/1] (0.00ns)   --->   "%tmp_8 = bitselect i1 @_ssdm_op_BitSelect.i1.i6.i32, i6 %j_load, i32 5" [mmult.cpp:82]   --->   Operation 19 'bitselect' 'tmp_8' <Predicate = (!icmp_ln81)> <Delay = 0.00>
ST_1 : Operation 20 [1/1] (0.38ns)   --->   "%select_ln81 = select i1 %tmp_8, i6 0, i6 %j_load" [mmult.cpp:81]   --->   Operation 20 'select' 'select_ln81' <Predicate = (!icmp_ln81)> <Delay = 0.38> <CoreInst = "Sel">   --->   Core 73 'Sel' <Latency = 0> <II = 1> <Delay = 0.38> <FuncUnit> <Opcode : 'select'> <InPorts = 3> <OutPorts = 1>
ST_1 : Operation 21 [1/1] (0.38ns)   --->   "%select_ln81_1 = select i1 %tmp_8, i6 %add_ln81, i6 %i_load" [mmult.cpp:81]   --->   Operation 21 'select' 'select_ln81_1' <Predicate = (!icmp_ln81)> <Delay = 0.38> <CoreInst = "Sel">   --->   Core 73 'Sel' <Latency = 0> <II = 1> <Delay = 0.38> <FuncUnit> <Opcode : 'select'> <InPorts = 3> <OutPorts = 1>
ST_1 : Operation 22 [1/1] (0.00ns)   --->   "%trunc_ln81 = trunc i6 %select_ln81_1" [mmult.cpp:81]   --->   Operation 22 'trunc' 'trunc_ln81' <Predicate = (!icmp_ln81)> <Delay = 0.00>
ST_1 : Operation 23 [1/1] (0.00ns)   --->   "%tmp_s = partselect i2 @_ssdm_op_PartSelect.i2.i6.i32.i32, i6 %select_ln81_1, i32 3, i32 4" [mmult.cpp:84]   --->   Operation 23 'partselect' 'tmp_s' <Predicate = (!icmp_ln81)> <Delay = 0.00>
ST_1 : Operation 24 [1/1] (0.00ns)   --->   "%lshr_ln = partselect i2 @_ssdm_op_PartSelect.i2.i6.i32.i32, i6 %select_ln81, i32 3, i32 4" [mmult.cpp:82]   --->   Operation 24 'partselect' 'lshr_ln' <Predicate = (!icmp_ln81)> <Delay = 0.00>
ST_1 : Operation 25 [1/1] (0.00ns)   --->   "%tmp_9 = bitconcatenate i4 @_ssdm_op_BitConcatenate.i4.i2.i2, i2 %tmp_s, i2 %lshr_ln" [mmult.cpp:84]   --->   Operation 25 'bitconcatenate' 'tmp_9' <Predicate = (!icmp_ln81)> <Delay = 0.00>
ST_1 : Operation 26 [1/1] (0.00ns)   --->   "%zext_ln84 = zext i4 %tmp_9" [mmult.cpp:84]   --->   Operation 26 'zext' 'zext_ln84' <Predicate = (!icmp_ln81)> <Delay = 0.00>
ST_1 : Operation 27 [1/1] (0.00ns)   --->   "%c_row_major_0_0_addr = getelementptr i16 %c_row_major_0_0, i64 0, i64 %zext_ln84" [mmult.cpp:84]   --->   Operation 27 'getelementptr' 'c_row_major_0_0_addr' <Predicate = (!icmp_ln81)> <Delay = 0.00>
ST_1 : Operation 28 [1/1] (0.00ns)   --->   "%c_row_major_0_1_addr = getelementptr i16 %c_row_major_0_1, i64 0, i64 %zext_ln84" [mmult.cpp:84]   --->   Operation 28 'getelementptr' 'c_row_major_0_1_addr' <Predicate = (!icmp_ln81)> <Delay = 0.00>
ST_1 : Operation 29 [1/1] (0.00ns)   --->   "%c_row_major_0_2_addr = getelementptr i16 %c_row_major_0_2, i64 0, i64 %zext_ln84" [mmult.cpp:84]   --->   Operation 29 'getelementptr' 'c_row_major_0_2_addr' <Predicate = (!icmp_ln81)> <Delay = 0.00>
ST_1 : Operation 30 [1/1] (0.00ns)   --->   "%c_row_major_0_3_addr = getelementptr i16 %c_row_major_0_3, i64 0, i64 %zext_ln84" [mmult.cpp:84]   --->   Operation 30 'getelementptr' 'c_row_major_0_3_addr' <Predicate = (!icmp_ln81)> <Delay = 0.00>
ST_1 : Operation 31 [1/1] (0.00ns)   --->   "%c_row_major_0_4_addr = getelementptr i16 %c_row_major_0_4, i64 0, i64 %zext_ln84" [mmult.cpp:84]   --->   Operation 31 'getelementptr' 'c_row_major_0_4_addr' <Predicate = (!icmp_ln81)> <Delay = 0.00>
ST_1 : Operation 32 [1/1] (0.00ns)   --->   "%c_row_major_0_5_addr = getelementptr i16 %c_row_major_0_5, i64 0, i64 %zext_ln84" [mmult.cpp:84]   --->   Operation 32 'getelementptr' 'c_row_major_0_5_addr' <Predicate = (!icmp_ln81)> <Delay = 0.00>
ST_1 : Operation 33 [1/1] (0.00ns)   --->   "%c_row_major_0_6_addr = getelementptr i16 %c_row_major_0_6, i64 0, i64 %zext_ln84" [mmult.cpp:84]   --->   Operation 33 'getelementptr' 'c_row_major_0_6_addr' <Predicate = (!icmp_ln81)> <Delay = 0.00>
ST_1 : Operation 34 [1/1] (0.00ns)   --->   "%c_row_major_0_7_addr = getelementptr i16 %c_row_major_0_7, i64 0, i64 %zext_ln84" [mmult.cpp:84]   --->   Operation 34 'getelementptr' 'c_row_major_0_7_addr' <Predicate = (!icmp_ln81)> <Delay = 0.00>
ST_1 : Operation 35 [1/1] (0.00ns)   --->   "%c_row_major_1_0_addr = getelementptr i16 %c_row_major_1_0, i64 0, i64 %zext_ln84" [mmult.cpp:84]   --->   Operation 35 'getelementptr' 'c_row_major_1_0_addr' <Predicate = (!icmp_ln81)> <Delay = 0.00>
ST_1 : Operation 36 [1/1] (0.00ns)   --->   "%c_row_major_1_1_addr = getelementptr i16 %c_row_major_1_1, i64 0, i64 %zext_ln84" [mmult.cpp:84]   --->   Operation 36 'getelementptr' 'c_row_major_1_1_addr' <Predicate = (!icmp_ln81)> <Delay = 0.00>
ST_1 : Operation 37 [1/1] (0.00ns)   --->   "%c_row_major_1_2_addr = getelementptr i16 %c_row_major_1_2, i64 0, i64 %zext_ln84" [mmult.cpp:84]   --->   Operation 37 'getelementptr' 'c_row_major_1_2_addr' <Predicate = (!icmp_ln81)> <Delay = 0.00>
ST_1 : Operation 38 [1/1] (0.00ns)   --->   "%c_row_major_1_3_addr = getelementptr i16 %c_row_major_1_3, i64 0, i64 %zext_ln84" [mmult.cpp:84]   --->   Operation 38 'getelementptr' 'c_row_major_1_3_addr' <Predicate = (!icmp_ln81)> <Delay = 0.00>
ST_1 : Operation 39 [1/1] (0.00ns)   --->   "%c_row_major_1_4_addr = getelementptr i16 %c_row_major_1_4, i64 0, i64 %zext_ln84" [mmult.cpp:84]   --->   Operation 39 'getelementptr' 'c_row_major_1_4_addr' <Predicate = (!icmp_ln81)> <Delay = 0.00>
ST_1 : Operation 40 [1/1] (0.00ns)   --->   "%c_row_major_1_5_addr = getelementptr i16 %c_row_major_1_5, i64 0, i64 %zext_ln84" [mmult.cpp:84]   --->   Operation 40 'getelementptr' 'c_row_major_1_5_addr' <Predicate = (!icmp_ln81)> <Delay = 0.00>
ST_1 : Operation 41 [1/1] (0.00ns)   --->   "%c_row_major_1_6_addr = getelementptr i16 %c_row_major_1_6, i64 0, i64 %zext_ln84" [mmult.cpp:84]   --->   Operation 41 'getelementptr' 'c_row_major_1_6_addr' <Predicate = (!icmp_ln81)> <Delay = 0.00>
ST_1 : Operation 42 [1/1] (0.00ns)   --->   "%c_row_major_1_7_addr = getelementptr i16 %c_row_major_1_7, i64 0, i64 %zext_ln84" [mmult.cpp:84]   --->   Operation 42 'getelementptr' 'c_row_major_1_7_addr' <Predicate = (!icmp_ln81)> <Delay = 0.00>
ST_1 : Operation 43 [1/1] (0.00ns)   --->   "%c_row_major_2_0_addr = getelementptr i16 %c_row_major_2_0, i64 0, i64 %zext_ln84" [mmult.cpp:84]   --->   Operation 43 'getelementptr' 'c_row_major_2_0_addr' <Predicate = (!icmp_ln81)> <Delay = 0.00>
ST_1 : Operation 44 [1/1] (0.00ns)   --->   "%c_row_major_2_1_addr = getelementptr i16 %c_row_major_2_1, i64 0, i64 %zext_ln84" [mmult.cpp:84]   --->   Operation 44 'getelementptr' 'c_row_major_2_1_addr' <Predicate = (!icmp_ln81)> <Delay = 0.00>
ST_1 : Operation 45 [1/1] (0.00ns)   --->   "%c_row_major_2_2_addr = getelementptr i16 %c_row_major_2_2, i64 0, i64 %zext_ln84" [mmult.cpp:84]   --->   Operation 45 'getelementptr' 'c_row_major_2_2_addr' <Predicate = (!icmp_ln81)> <Delay = 0.00>
ST_1 : Operation 46 [1/1] (0.00ns)   --->   "%c_row_major_2_3_addr = getelementptr i16 %c_row_major_2_3, i64 0, i64 %zext_ln84" [mmult.cpp:84]   --->   Operation 46 'getelementptr' 'c_row_major_2_3_addr' <Predicate = (!icmp_ln81)> <Delay = 0.00>
ST_1 : Operation 47 [1/1] (0.00ns)   --->   "%c_row_major_2_4_addr = getelementptr i16 %c_row_major_2_4, i64 0, i64 %zext_ln84" [mmult.cpp:84]   --->   Operation 47 'getelementptr' 'c_row_major_2_4_addr' <Predicate = (!icmp_ln81)> <Delay = 0.00>
ST_1 : Operation 48 [1/1] (0.00ns)   --->   "%c_row_major_2_5_addr = getelementptr i16 %c_row_major_2_5, i64 0, i64 %zext_ln84" [mmult.cpp:84]   --->   Operation 48 'getelementptr' 'c_row_major_2_5_addr' <Predicate = (!icmp_ln81)> <Delay = 0.00>
ST_1 : Operation 49 [1/1] (0.00ns)   --->   "%c_row_major_2_6_addr = getelementptr i16 %c_row_major_2_6, i64 0, i64 %zext_ln84" [mmult.cpp:84]   --->   Operation 49 'getelementptr' 'c_row_major_2_6_addr' <Predicate = (!icmp_ln81)> <Delay = 0.00>
ST_1 : Operation 50 [1/1] (0.00ns)   --->   "%c_row_major_2_7_addr = getelementptr i16 %c_row_major_2_7, i64 0, i64 %zext_ln84" [mmult.cpp:84]   --->   Operation 50 'getelementptr' 'c_row_major_2_7_addr' <Predicate = (!icmp_ln81)> <Delay = 0.00>
ST_1 : Operation 51 [1/1] (0.00ns)   --->   "%c_row_major_3_0_addr = getelementptr i16 %c_row_major_3_0, i64 0, i64 %zext_ln84" [mmult.cpp:84]   --->   Operation 51 'getelementptr' 'c_row_major_3_0_addr' <Predicate = (!icmp_ln81)> <Delay = 0.00>
ST_1 : Operation 52 [1/1] (0.00ns)   --->   "%c_row_major_3_1_addr = getelementptr i16 %c_row_major_3_1, i64 0, i64 %zext_ln84" [mmult.cpp:84]   --->   Operation 52 'getelementptr' 'c_row_major_3_1_addr' <Predicate = (!icmp_ln81)> <Delay = 0.00>
ST_1 : Operation 53 [1/1] (0.00ns)   --->   "%c_row_major_3_2_addr = getelementptr i16 %c_row_major_3_2, i64 0, i64 %zext_ln84" [mmult.cpp:84]   --->   Operation 53 'getelementptr' 'c_row_major_3_2_addr' <Predicate = (!icmp_ln81)> <Delay = 0.00>
ST_1 : Operation 54 [1/1] (0.00ns)   --->   "%c_row_major_3_3_addr = getelementptr i16 %c_row_major_3_3, i64 0, i64 %zext_ln84" [mmult.cpp:84]   --->   Operation 54 'getelementptr' 'c_row_major_3_3_addr' <Predicate = (!icmp_ln81)> <Delay = 0.00>
ST_1 : Operation 55 [1/1] (0.00ns)   --->   "%c_row_major_3_4_addr = getelementptr i16 %c_row_major_3_4, i64 0, i64 %zext_ln84" [mmult.cpp:84]   --->   Operation 55 'getelementptr' 'c_row_major_3_4_addr' <Predicate = (!icmp_ln81)> <Delay = 0.00>
ST_1 : Operation 56 [1/1] (0.00ns)   --->   "%c_row_major_3_5_addr = getelementptr i16 %c_row_major_3_5, i64 0, i64 %zext_ln84" [mmult.cpp:84]   --->   Operation 56 'getelementptr' 'c_row_major_3_5_addr' <Predicate = (!icmp_ln81)> <Delay = 0.00>
ST_1 : Operation 57 [1/1] (0.00ns)   --->   "%c_row_major_3_6_addr = getelementptr i16 %c_row_major_3_6, i64 0, i64 %zext_ln84" [mmult.cpp:84]   --->   Operation 57 'getelementptr' 'c_row_major_3_6_addr' <Predicate = (!icmp_ln81)> <Delay = 0.00>
ST_1 : Operation 58 [1/1] (0.00ns)   --->   "%c_row_major_3_7_addr = getelementptr i16 %c_row_major_3_7, i64 0, i64 %zext_ln84" [mmult.cpp:84]   --->   Operation 58 'getelementptr' 'c_row_major_3_7_addr' <Predicate = (!icmp_ln81)> <Delay = 0.00>
ST_1 : Operation 59 [1/1] (0.00ns)   --->   "%c_row_major_4_0_addr = getelementptr i16 %c_row_major_4_0, i64 0, i64 %zext_ln84" [mmult.cpp:84]   --->   Operation 59 'getelementptr' 'c_row_major_4_0_addr' <Predicate = (!icmp_ln81)> <Delay = 0.00>
ST_1 : Operation 60 [1/1] (0.00ns)   --->   "%c_row_major_4_1_addr = getelementptr i16 %c_row_major_4_1, i64 0, i64 %zext_ln84" [mmult.cpp:84]   --->   Operation 60 'getelementptr' 'c_row_major_4_1_addr' <Predicate = (!icmp_ln81)> <Delay = 0.00>
ST_1 : Operation 61 [1/1] (0.00ns)   --->   "%c_row_major_4_2_addr = getelementptr i16 %c_row_major_4_2, i64 0, i64 %zext_ln84" [mmult.cpp:84]   --->   Operation 61 'getelementptr' 'c_row_major_4_2_addr' <Predicate = (!icmp_ln81)> <Delay = 0.00>
ST_1 : Operation 62 [1/1] (0.00ns)   --->   "%c_row_major_4_3_addr = getelementptr i16 %c_row_major_4_3, i64 0, i64 %zext_ln84" [mmult.cpp:84]   --->   Operation 62 'getelementptr' 'c_row_major_4_3_addr' <Predicate = (!icmp_ln81)> <Delay = 0.00>
ST_1 : Operation 63 [1/1] (0.00ns)   --->   "%c_row_major_4_4_addr = getelementptr i16 %c_row_major_4_4, i64 0, i64 %zext_ln84" [mmult.cpp:84]   --->   Operation 63 'getelementptr' 'c_row_major_4_4_addr' <Predicate = (!icmp_ln81)> <Delay = 0.00>
ST_1 : Operation 64 [1/1] (0.00ns)   --->   "%c_row_major_4_5_addr = getelementptr i16 %c_row_major_4_5, i64 0, i64 %zext_ln84" [mmult.cpp:84]   --->   Operation 64 'getelementptr' 'c_row_major_4_5_addr' <Predicate = (!icmp_ln81)> <Delay = 0.00>
ST_1 : Operation 65 [1/1] (0.00ns)   --->   "%c_row_major_4_6_addr = getelementptr i16 %c_row_major_4_6, i64 0, i64 %zext_ln84" [mmult.cpp:84]   --->   Operation 65 'getelementptr' 'c_row_major_4_6_addr' <Predicate = (!icmp_ln81)> <Delay = 0.00>
ST_1 : Operation 66 [1/1] (0.00ns)   --->   "%c_row_major_4_7_addr = getelementptr i16 %c_row_major_4_7, i64 0, i64 %zext_ln84" [mmult.cpp:84]   --->   Operation 66 'getelementptr' 'c_row_major_4_7_addr' <Predicate = (!icmp_ln81)> <Delay = 0.00>
ST_1 : Operation 67 [1/1] (0.00ns)   --->   "%c_row_major_5_0_addr = getelementptr i16 %c_row_major_5_0, i64 0, i64 %zext_ln84" [mmult.cpp:84]   --->   Operation 67 'getelementptr' 'c_row_major_5_0_addr' <Predicate = (!icmp_ln81)> <Delay = 0.00>
ST_1 : Operation 68 [1/1] (0.00ns)   --->   "%c_row_major_5_1_addr = getelementptr i16 %c_row_major_5_1, i64 0, i64 %zext_ln84" [mmult.cpp:84]   --->   Operation 68 'getelementptr' 'c_row_major_5_1_addr' <Predicate = (!icmp_ln81)> <Delay = 0.00>
ST_1 : Operation 69 [1/1] (0.00ns)   --->   "%c_row_major_5_2_addr = getelementptr i16 %c_row_major_5_2, i64 0, i64 %zext_ln84" [mmult.cpp:84]   --->   Operation 69 'getelementptr' 'c_row_major_5_2_addr' <Predicate = (!icmp_ln81)> <Delay = 0.00>
ST_1 : Operation 70 [1/1] (0.00ns)   --->   "%c_row_major_5_3_addr = getelementptr i16 %c_row_major_5_3, i64 0, i64 %zext_ln84" [mmult.cpp:84]   --->   Operation 70 'getelementptr' 'c_row_major_5_3_addr' <Predicate = (!icmp_ln81)> <Delay = 0.00>
ST_1 : Operation 71 [1/1] (0.00ns)   --->   "%c_row_major_5_4_addr = getelementptr i16 %c_row_major_5_4, i64 0, i64 %zext_ln84" [mmult.cpp:84]   --->   Operation 71 'getelementptr' 'c_row_major_5_4_addr' <Predicate = (!icmp_ln81)> <Delay = 0.00>
ST_1 : Operation 72 [1/1] (0.00ns)   --->   "%c_row_major_5_5_addr = getelementptr i16 %c_row_major_5_5, i64 0, i64 %zext_ln84" [mmult.cpp:84]   --->   Operation 72 'getelementptr' 'c_row_major_5_5_addr' <Predicate = (!icmp_ln81)> <Delay = 0.00>
ST_1 : Operation 73 [1/1] (0.00ns)   --->   "%c_row_major_5_6_addr = getelementptr i16 %c_row_major_5_6, i64 0, i64 %zext_ln84" [mmult.cpp:84]   --->   Operation 73 'getelementptr' 'c_row_major_5_6_addr' <Predicate = (!icmp_ln81)> <Delay = 0.00>
ST_1 : Operation 74 [1/1] (0.00ns)   --->   "%c_row_major_5_7_addr = getelementptr i16 %c_row_major_5_7, i64 0, i64 %zext_ln84" [mmult.cpp:84]   --->   Operation 74 'getelementptr' 'c_row_major_5_7_addr' <Predicate = (!icmp_ln81)> <Delay = 0.00>
ST_1 : Operation 75 [1/1] (0.00ns)   --->   "%c_row_major_6_0_addr = getelementptr i16 %c_row_major_6_0, i64 0, i64 %zext_ln84" [mmult.cpp:84]   --->   Operation 75 'getelementptr' 'c_row_major_6_0_addr' <Predicate = (!icmp_ln81)> <Delay = 0.00>
ST_1 : Operation 76 [1/1] (0.00ns)   --->   "%c_row_major_6_1_addr = getelementptr i16 %c_row_major_6_1, i64 0, i64 %zext_ln84" [mmult.cpp:84]   --->   Operation 76 'getelementptr' 'c_row_major_6_1_addr' <Predicate = (!icmp_ln81)> <Delay = 0.00>
ST_1 : Operation 77 [1/1] (0.00ns)   --->   "%c_row_major_6_2_addr = getelementptr i16 %c_row_major_6_2, i64 0, i64 %zext_ln84" [mmult.cpp:84]   --->   Operation 77 'getelementptr' 'c_row_major_6_2_addr' <Predicate = (!icmp_ln81)> <Delay = 0.00>
ST_1 : Operation 78 [1/1] (0.00ns)   --->   "%c_row_major_6_3_addr = getelementptr i16 %c_row_major_6_3, i64 0, i64 %zext_ln84" [mmult.cpp:84]   --->   Operation 78 'getelementptr' 'c_row_major_6_3_addr' <Predicate = (!icmp_ln81)> <Delay = 0.00>
ST_1 : Operation 79 [1/1] (0.00ns)   --->   "%c_row_major_6_4_addr = getelementptr i16 %c_row_major_6_4, i64 0, i64 %zext_ln84" [mmult.cpp:84]   --->   Operation 79 'getelementptr' 'c_row_major_6_4_addr' <Predicate = (!icmp_ln81)> <Delay = 0.00>
ST_1 : Operation 80 [1/1] (0.00ns)   --->   "%c_row_major_6_5_addr = getelementptr i16 %c_row_major_6_5, i64 0, i64 %zext_ln84" [mmult.cpp:84]   --->   Operation 80 'getelementptr' 'c_row_major_6_5_addr' <Predicate = (!icmp_ln81)> <Delay = 0.00>
ST_1 : Operation 81 [1/1] (0.00ns)   --->   "%c_row_major_6_6_addr = getelementptr i16 %c_row_major_6_6, i64 0, i64 %zext_ln84" [mmult.cpp:84]   --->   Operation 81 'getelementptr' 'c_row_major_6_6_addr' <Predicate = (!icmp_ln81)> <Delay = 0.00>
ST_1 : Operation 82 [1/1] (0.00ns)   --->   "%c_row_major_6_7_addr = getelementptr i16 %c_row_major_6_7, i64 0, i64 %zext_ln84" [mmult.cpp:84]   --->   Operation 82 'getelementptr' 'c_row_major_6_7_addr' <Predicate = (!icmp_ln81)> <Delay = 0.00>
ST_1 : Operation 83 [1/1] (0.00ns)   --->   "%c_row_major_7_0_addr = getelementptr i16 %c_row_major_7_0, i64 0, i64 %zext_ln84" [mmult.cpp:84]   --->   Operation 83 'getelementptr' 'c_row_major_7_0_addr' <Predicate = (!icmp_ln81)> <Delay = 0.00>
ST_1 : Operation 84 [1/1] (0.00ns)   --->   "%c_row_major_7_1_addr = getelementptr i16 %c_row_major_7_1, i64 0, i64 %zext_ln84" [mmult.cpp:84]   --->   Operation 84 'getelementptr' 'c_row_major_7_1_addr' <Predicate = (!icmp_ln81)> <Delay = 0.00>
ST_1 : Operation 85 [1/1] (0.00ns)   --->   "%c_row_major_7_2_addr = getelementptr i16 %c_row_major_7_2, i64 0, i64 %zext_ln84" [mmult.cpp:84]   --->   Operation 85 'getelementptr' 'c_row_major_7_2_addr' <Predicate = (!icmp_ln81)> <Delay = 0.00>
ST_1 : Operation 86 [1/1] (0.00ns)   --->   "%c_row_major_7_3_addr = getelementptr i16 %c_row_major_7_3, i64 0, i64 %zext_ln84" [mmult.cpp:84]   --->   Operation 86 'getelementptr' 'c_row_major_7_3_addr' <Predicate = (!icmp_ln81)> <Delay = 0.00>
ST_1 : Operation 87 [1/1] (0.00ns)   --->   "%c_row_major_7_4_addr = getelementptr i16 %c_row_major_7_4, i64 0, i64 %zext_ln84" [mmult.cpp:84]   --->   Operation 87 'getelementptr' 'c_row_major_7_4_addr' <Predicate = (!icmp_ln81)> <Delay = 0.00>
ST_1 : Operation 88 [1/1] (0.00ns)   --->   "%c_row_major_7_5_addr = getelementptr i16 %c_row_major_7_5, i64 0, i64 %zext_ln84" [mmult.cpp:84]   --->   Operation 88 'getelementptr' 'c_row_major_7_5_addr' <Predicate = (!icmp_ln81)> <Delay = 0.00>
ST_1 : Operation 89 [1/1] (0.00ns)   --->   "%c_row_major_7_6_addr = getelementptr i16 %c_row_major_7_6, i64 0, i64 %zext_ln84" [mmult.cpp:84]   --->   Operation 89 'getelementptr' 'c_row_major_7_6_addr' <Predicate = (!icmp_ln81)> <Delay = 0.00>
ST_1 : Operation 90 [1/1] (0.00ns)   --->   "%c_row_major_7_7_addr = getelementptr i16 %c_row_major_7_7, i64 0, i64 %zext_ln84" [mmult.cpp:84]   --->   Operation 90 'getelementptr' 'c_row_major_7_7_addr' <Predicate = (!icmp_ln81)> <Delay = 0.00>
ST_1 : Operation 91 [2/2] (0.67ns)   --->   "%c_row_major_0_0_load = load i4 %c_row_major_0_0_addr" [mmult.cpp:84]   --->   Operation 91 'load' 'c_row_major_0_0_load' <Predicate = (!icmp_ln81)> <Delay = 0.67> <CoreInst = "RAM">   --->   Core 83 'RAM' <Latency = 1> <II = 1> <Delay = 0.67> <Storage> <Opcode : 'load' 'store'> <Ports = 2> <Width = 16> <Depth = 16> <RAM>
ST_1 : Operation 92 [2/2] (0.67ns)   --->   "%c_row_major_1_0_load = load i4 %c_row_major_1_0_addr" [mmult.cpp:84]   --->   Operation 92 'load' 'c_row_major_1_0_load' <Predicate = (!icmp_ln81)> <Delay = 0.67> <CoreInst = "RAM">   --->   Core 83 'RAM' <Latency = 1> <II = 1> <Delay = 0.67> <Storage> <Opcode : 'load' 'store'> <Ports = 2> <Width = 16> <Depth = 16> <RAM>
ST_1 : Operation 93 [2/2] (0.67ns)   --->   "%c_row_major_2_0_load = load i4 %c_row_major_2_0_addr" [mmult.cpp:84]   --->   Operation 93 'load' 'c_row_major_2_0_load' <Predicate = (!icmp_ln81)> <Delay = 0.67> <CoreInst = "RAM">   --->   Core 83 'RAM' <Latency = 1> <II = 1> <Delay = 0.67> <Storage> <Opcode : 'load' 'store'> <Ports = 2> <Width = 16> <Depth = 16> <RAM>
ST_1 : Operation 94 [2/2] (0.67ns)   --->   "%c_row_major_3_0_load = load i4 %c_row_major_3_0_addr" [mmult.cpp:84]   --->   Operation 94 'load' 'c_row_major_3_0_load' <Predicate = (!icmp_ln81)> <Delay = 0.67> <CoreInst = "RAM">   --->   Core 83 'RAM' <Latency = 1> <II = 1> <Delay = 0.67> <Storage> <Opcode : 'load' 'store'> <Ports = 2> <Width = 16> <Depth = 16> <RAM>
ST_1 : Operation 95 [2/2] (0.67ns)   --->   "%c_row_major_4_0_load = load i4 %c_row_major_4_0_addr" [mmult.cpp:84]   --->   Operation 95 'load' 'c_row_major_4_0_load' <Predicate = (!icmp_ln81)> <Delay = 0.67> <CoreInst = "RAM">   --->   Core 83 'RAM' <Latency = 1> <II = 1> <Delay = 0.67> <Storage> <Opcode : 'load' 'store'> <Ports = 2> <Width = 16> <Depth = 16> <RAM>
ST_1 : Operation 96 [2/2] (0.67ns)   --->   "%c_row_major_5_0_load = load i4 %c_row_major_5_0_addr" [mmult.cpp:84]   --->   Operation 96 'load' 'c_row_major_5_0_load' <Predicate = (!icmp_ln81)> <Delay = 0.67> <CoreInst = "RAM">   --->   Core 83 'RAM' <Latency = 1> <II = 1> <Delay = 0.67> <Storage> <Opcode : 'load' 'store'> <Ports = 2> <Width = 16> <Depth = 16> <RAM>
ST_1 : Operation 97 [2/2] (0.67ns)   --->   "%c_row_major_6_0_load = load i4 %c_row_major_6_0_addr" [mmult.cpp:84]   --->   Operation 97 'load' 'c_row_major_6_0_load' <Predicate = (!icmp_ln81)> <Delay = 0.67> <CoreInst = "RAM">   --->   Core 83 'RAM' <Latency = 1> <II = 1> <Delay = 0.67> <Storage> <Opcode : 'load' 'store'> <Ports = 2> <Width = 16> <Depth = 16> <RAM>
ST_1 : Operation 98 [2/2] (0.67ns)   --->   "%c_row_major_7_0_load = load i4 %c_row_major_7_0_addr" [mmult.cpp:84]   --->   Operation 98 'load' 'c_row_major_7_0_load' <Predicate = (!icmp_ln81)> <Delay = 0.67> <CoreInst = "RAM">   --->   Core 83 'RAM' <Latency = 1> <II = 1> <Delay = 0.67> <Storage> <Opcode : 'load' 'store'> <Ports = 2> <Width = 16> <Depth = 16> <RAM>
ST_1 : Operation 99 [2/2] (0.67ns)   --->   "%c_row_major_0_1_load = load i4 %c_row_major_0_1_addr" [mmult.cpp:84]   --->   Operation 99 'load' 'c_row_major_0_1_load' <Predicate = (!icmp_ln81)> <Delay = 0.67> <CoreInst = "RAM">   --->   Core 83 'RAM' <Latency = 1> <II = 1> <Delay = 0.67> <Storage> <Opcode : 'load' 'store'> <Ports = 2> <Width = 16> <Depth = 16> <RAM>
ST_1 : Operation 100 [2/2] (0.67ns)   --->   "%c_row_major_1_1_load = load i4 %c_row_major_1_1_addr" [mmult.cpp:84]   --->   Operation 100 'load' 'c_row_major_1_1_load' <Predicate = (!icmp_ln81)> <Delay = 0.67> <CoreInst = "RAM">   --->   Core 83 'RAM' <Latency = 1> <II = 1> <Delay = 0.67> <Storage> <Opcode : 'load' 'store'> <Ports = 2> <Width = 16> <Depth = 16> <RAM>
ST_1 : Operation 101 [2/2] (0.67ns)   --->   "%c_row_major_2_1_load = load i4 %c_row_major_2_1_addr" [mmult.cpp:84]   --->   Operation 101 'load' 'c_row_major_2_1_load' <Predicate = (!icmp_ln81)> <Delay = 0.67> <CoreInst = "RAM">   --->   Core 83 'RAM' <Latency = 1> <II = 1> <Delay = 0.67> <Storage> <Opcode : 'load' 'store'> <Ports = 2> <Width = 16> <Depth = 16> <RAM>
ST_1 : Operation 102 [2/2] (0.67ns)   --->   "%c_row_major_3_1_load = load i4 %c_row_major_3_1_addr" [mmult.cpp:84]   --->   Operation 102 'load' 'c_row_major_3_1_load' <Predicate = (!icmp_ln81)> <Delay = 0.67> <CoreInst = "RAM">   --->   Core 83 'RAM' <Latency = 1> <II = 1> <Delay = 0.67> <Storage> <Opcode : 'load' 'store'> <Ports = 2> <Width = 16> <Depth = 16> <RAM>
ST_1 : Operation 103 [2/2] (0.67ns)   --->   "%c_row_major_4_1_load = load i4 %c_row_major_4_1_addr" [mmult.cpp:84]   --->   Operation 103 'load' 'c_row_major_4_1_load' <Predicate = (!icmp_ln81)> <Delay = 0.67> <CoreInst = "RAM">   --->   Core 83 'RAM' <Latency = 1> <II = 1> <Delay = 0.67> <Storage> <Opcode : 'load' 'store'> <Ports = 2> <Width = 16> <Depth = 16> <RAM>
ST_1 : Operation 104 [2/2] (0.67ns)   --->   "%c_row_major_5_1_load = load i4 %c_row_major_5_1_addr" [mmult.cpp:84]   --->   Operation 104 'load' 'c_row_major_5_1_load' <Predicate = (!icmp_ln81)> <Delay = 0.67> <CoreInst = "RAM">   --->   Core 83 'RAM' <Latency = 1> <II = 1> <Delay = 0.67> <Storage> <Opcode : 'load' 'store'> <Ports = 2> <Width = 16> <Depth = 16> <RAM>
ST_1 : Operation 105 [2/2] (0.67ns)   --->   "%c_row_major_6_1_load = load i4 %c_row_major_6_1_addr" [mmult.cpp:84]   --->   Operation 105 'load' 'c_row_major_6_1_load' <Predicate = (!icmp_ln81)> <Delay = 0.67> <CoreInst = "RAM">   --->   Core 83 'RAM' <Latency = 1> <II = 1> <Delay = 0.67> <Storage> <Opcode : 'load' 'store'> <Ports = 2> <Width = 16> <Depth = 16> <RAM>
ST_1 : Operation 106 [2/2] (0.67ns)   --->   "%c_row_major_7_1_load = load i4 %c_row_major_7_1_addr" [mmult.cpp:84]   --->   Operation 106 'load' 'c_row_major_7_1_load' <Predicate = (!icmp_ln81)> <Delay = 0.67> <CoreInst = "RAM">   --->   Core 83 'RAM' <Latency = 1> <II = 1> <Delay = 0.67> <Storage> <Opcode : 'load' 'store'> <Ports = 2> <Width = 16> <Depth = 16> <RAM>
ST_1 : Operation 107 [2/2] (0.67ns)   --->   "%c_row_major_0_2_load = load i4 %c_row_major_0_2_addr" [mmult.cpp:84]   --->   Operation 107 'load' 'c_row_major_0_2_load' <Predicate = (!icmp_ln81)> <Delay = 0.67> <CoreInst = "RAM">   --->   Core 83 'RAM' <Latency = 1> <II = 1> <Delay = 0.67> <Storage> <Opcode : 'load' 'store'> <Ports = 2> <Width = 16> <Depth = 16> <RAM>
ST_1 : Operation 108 [2/2] (0.67ns)   --->   "%c_row_major_1_2_load = load i4 %c_row_major_1_2_addr" [mmult.cpp:84]   --->   Operation 108 'load' 'c_row_major_1_2_load' <Predicate = (!icmp_ln81)> <Delay = 0.67> <CoreInst = "RAM">   --->   Core 83 'RAM' <Latency = 1> <II = 1> <Delay = 0.67> <Storage> <Opcode : 'load' 'store'> <Ports = 2> <Width = 16> <Depth = 16> <RAM>
ST_1 : Operation 109 [2/2] (0.67ns)   --->   "%c_row_major_2_2_load = load i4 %c_row_major_2_2_addr" [mmult.cpp:84]   --->   Operation 109 'load' 'c_row_major_2_2_load' <Predicate = (!icmp_ln81)> <Delay = 0.67> <CoreInst = "RAM">   --->   Core 83 'RAM' <Latency = 1> <II = 1> <Delay = 0.67> <Storage> <Opcode : 'load' 'store'> <Ports = 2> <Width = 16> <Depth = 16> <RAM>
ST_1 : Operation 110 [2/2] (0.67ns)   --->   "%c_row_major_3_2_load = load i4 %c_row_major_3_2_addr" [mmult.cpp:84]   --->   Operation 110 'load' 'c_row_major_3_2_load' <Predicate = (!icmp_ln81)> <Delay = 0.67> <CoreInst = "RAM">   --->   Core 83 'RAM' <Latency = 1> <II = 1> <Delay = 0.67> <Storage> <Opcode : 'load' 'store'> <Ports = 2> <Width = 16> <Depth = 16> <RAM>
ST_1 : Operation 111 [2/2] (0.67ns)   --->   "%c_row_major_4_2_load = load i4 %c_row_major_4_2_addr" [mmult.cpp:84]   --->   Operation 111 'load' 'c_row_major_4_2_load' <Predicate = (!icmp_ln81)> <Delay = 0.67> <CoreInst = "RAM">   --->   Core 83 'RAM' <Latency = 1> <II = 1> <Delay = 0.67> <Storage> <Opcode : 'load' 'store'> <Ports = 2> <Width = 16> <Depth = 16> <RAM>
ST_1 : Operation 112 [2/2] (0.67ns)   --->   "%c_row_major_5_2_load = load i4 %c_row_major_5_2_addr" [mmult.cpp:84]   --->   Operation 112 'load' 'c_row_major_5_2_load' <Predicate = (!icmp_ln81)> <Delay = 0.67> <CoreInst = "RAM">   --->   Core 83 'RAM' <Latency = 1> <II = 1> <Delay = 0.67> <Storage> <Opcode : 'load' 'store'> <Ports = 2> <Width = 16> <Depth = 16> <RAM>
ST_1 : Operation 113 [2/2] (0.67ns)   --->   "%c_row_major_6_2_load = load i4 %c_row_major_6_2_addr" [mmult.cpp:84]   --->   Operation 113 'load' 'c_row_major_6_2_load' <Predicate = (!icmp_ln81)> <Delay = 0.67> <CoreInst = "RAM">   --->   Core 83 'RAM' <Latency = 1> <II = 1> <Delay = 0.67> <Storage> <Opcode : 'load' 'store'> <Ports = 2> <Width = 16> <Depth = 16> <RAM>
ST_1 : Operation 114 [2/2] (0.67ns)   --->   "%c_row_major_7_2_load = load i4 %c_row_major_7_2_addr" [mmult.cpp:84]   --->   Operation 114 'load' 'c_row_major_7_2_load' <Predicate = (!icmp_ln81)> <Delay = 0.67> <CoreInst = "RAM">   --->   Core 83 'RAM' <Latency = 1> <II = 1> <Delay = 0.67> <Storage> <Opcode : 'load' 'store'> <Ports = 2> <Width = 16> <Depth = 16> <RAM>
ST_1 : Operation 115 [2/2] (0.67ns)   --->   "%c_row_major_0_3_load = load i4 %c_row_major_0_3_addr" [mmult.cpp:84]   --->   Operation 115 'load' 'c_row_major_0_3_load' <Predicate = (!icmp_ln81)> <Delay = 0.67> <CoreInst = "RAM">   --->   Core 83 'RAM' <Latency = 1> <II = 1> <Delay = 0.67> <Storage> <Opcode : 'load' 'store'> <Ports = 2> <Width = 16> <Depth = 16> <RAM>
ST_1 : Operation 116 [2/2] (0.67ns)   --->   "%c_row_major_1_3_load = load i4 %c_row_major_1_3_addr" [mmult.cpp:84]   --->   Operation 116 'load' 'c_row_major_1_3_load' <Predicate = (!icmp_ln81)> <Delay = 0.67> <CoreInst = "RAM">   --->   Core 83 'RAM' <Latency = 1> <II = 1> <Delay = 0.67> <Storage> <Opcode : 'load' 'store'> <Ports = 2> <Width = 16> <Depth = 16> <RAM>
ST_1 : Operation 117 [2/2] (0.67ns)   --->   "%c_row_major_2_3_load = load i4 %c_row_major_2_3_addr" [mmult.cpp:84]   --->   Operation 117 'load' 'c_row_major_2_3_load' <Predicate = (!icmp_ln81)> <Delay = 0.67> <CoreInst = "RAM">   --->   Core 83 'RAM' <Latency = 1> <II = 1> <Delay = 0.67> <Storage> <Opcode : 'load' 'store'> <Ports = 2> <Width = 16> <Depth = 16> <RAM>
ST_1 : Operation 118 [2/2] (0.67ns)   --->   "%c_row_major_3_3_load = load i4 %c_row_major_3_3_addr" [mmult.cpp:84]   --->   Operation 118 'load' 'c_row_major_3_3_load' <Predicate = (!icmp_ln81)> <Delay = 0.67> <CoreInst = "RAM">   --->   Core 83 'RAM' <Latency = 1> <II = 1> <Delay = 0.67> <Storage> <Opcode : 'load' 'store'> <Ports = 2> <Width = 16> <Depth = 16> <RAM>
ST_1 : Operation 119 [2/2] (0.67ns)   --->   "%c_row_major_4_3_load = load i4 %c_row_major_4_3_addr" [mmult.cpp:84]   --->   Operation 119 'load' 'c_row_major_4_3_load' <Predicate = (!icmp_ln81)> <Delay = 0.67> <CoreInst = "RAM">   --->   Core 83 'RAM' <Latency = 1> <II = 1> <Delay = 0.67> <Storage> <Opcode : 'load' 'store'> <Ports = 2> <Width = 16> <Depth = 16> <RAM>
ST_1 : Operation 120 [2/2] (0.67ns)   --->   "%c_row_major_5_3_load = load i4 %c_row_major_5_3_addr" [mmult.cpp:84]   --->   Operation 120 'load' 'c_row_major_5_3_load' <Predicate = (!icmp_ln81)> <Delay = 0.67> <CoreInst = "RAM">   --->   Core 83 'RAM' <Latency = 1> <II = 1> <Delay = 0.67> <Storage> <Opcode : 'load' 'store'> <Ports = 2> <Width = 16> <Depth = 16> <RAM>
ST_1 : Operation 121 [2/2] (0.67ns)   --->   "%c_row_major_6_3_load = load i4 %c_row_major_6_3_addr" [mmult.cpp:84]   --->   Operation 121 'load' 'c_row_major_6_3_load' <Predicate = (!icmp_ln81)> <Delay = 0.67> <CoreInst = "RAM">   --->   Core 83 'RAM' <Latency = 1> <II = 1> <Delay = 0.67> <Storage> <Opcode : 'load' 'store'> <Ports = 2> <Width = 16> <Depth = 16> <RAM>
ST_1 : Operation 122 [2/2] (0.67ns)   --->   "%c_row_major_7_3_load = load i4 %c_row_major_7_3_addr" [mmult.cpp:84]   --->   Operation 122 'load' 'c_row_major_7_3_load' <Predicate = (!icmp_ln81)> <Delay = 0.67> <CoreInst = "RAM">   --->   Core 83 'RAM' <Latency = 1> <II = 1> <Delay = 0.67> <Storage> <Opcode : 'load' 'store'> <Ports = 2> <Width = 16> <Depth = 16> <RAM>
ST_1 : Operation 123 [2/2] (0.67ns)   --->   "%c_row_major_0_4_load = load i4 %c_row_major_0_4_addr" [mmult.cpp:84]   --->   Operation 123 'load' 'c_row_major_0_4_load' <Predicate = (!icmp_ln81)> <Delay = 0.67> <CoreInst = "RAM">   --->   Core 83 'RAM' <Latency = 1> <II = 1> <Delay = 0.67> <Storage> <Opcode : 'load' 'store'> <Ports = 2> <Width = 16> <Depth = 16> <RAM>
ST_1 : Operation 124 [2/2] (0.67ns)   --->   "%c_row_major_1_4_load = load i4 %c_row_major_1_4_addr" [mmult.cpp:84]   --->   Operation 124 'load' 'c_row_major_1_4_load' <Predicate = (!icmp_ln81)> <Delay = 0.67> <CoreInst = "RAM">   --->   Core 83 'RAM' <Latency = 1> <II = 1> <Delay = 0.67> <Storage> <Opcode : 'load' 'store'> <Ports = 2> <Width = 16> <Depth = 16> <RAM>
ST_1 : Operation 125 [2/2] (0.67ns)   --->   "%c_row_major_2_4_load = load i4 %c_row_major_2_4_addr" [mmult.cpp:84]   --->   Operation 125 'load' 'c_row_major_2_4_load' <Predicate = (!icmp_ln81)> <Delay = 0.67> <CoreInst = "RAM">   --->   Core 83 'RAM' <Latency = 1> <II = 1> <Delay = 0.67> <Storage> <Opcode : 'load' 'store'> <Ports = 2> <Width = 16> <Depth = 16> <RAM>
ST_1 : Operation 126 [2/2] (0.67ns)   --->   "%c_row_major_3_4_load = load i4 %c_row_major_3_4_addr" [mmult.cpp:84]   --->   Operation 126 'load' 'c_row_major_3_4_load' <Predicate = (!icmp_ln81)> <Delay = 0.67> <CoreInst = "RAM">   --->   Core 83 'RAM' <Latency = 1> <II = 1> <Delay = 0.67> <Storage> <Opcode : 'load' 'store'> <Ports = 2> <Width = 16> <Depth = 16> <RAM>
ST_1 : Operation 127 [2/2] (0.67ns)   --->   "%c_row_major_4_4_load = load i4 %c_row_major_4_4_addr" [mmult.cpp:84]   --->   Operation 127 'load' 'c_row_major_4_4_load' <Predicate = (!icmp_ln81)> <Delay = 0.67> <CoreInst = "RAM">   --->   Core 83 'RAM' <Latency = 1> <II = 1> <Delay = 0.67> <Storage> <Opcode : 'load' 'store'> <Ports = 2> <Width = 16> <Depth = 16> <RAM>
ST_1 : Operation 128 [2/2] (0.67ns)   --->   "%c_row_major_5_4_load = load i4 %c_row_major_5_4_addr" [mmult.cpp:84]   --->   Operation 128 'load' 'c_row_major_5_4_load' <Predicate = (!icmp_ln81)> <Delay = 0.67> <CoreInst = "RAM">   --->   Core 83 'RAM' <Latency = 1> <II = 1> <Delay = 0.67> <Storage> <Opcode : 'load' 'store'> <Ports = 2> <Width = 16> <Depth = 16> <RAM>
ST_1 : Operation 129 [2/2] (0.67ns)   --->   "%c_row_major_6_4_load = load i4 %c_row_major_6_4_addr" [mmult.cpp:84]   --->   Operation 129 'load' 'c_row_major_6_4_load' <Predicate = (!icmp_ln81)> <Delay = 0.67> <CoreInst = "RAM">   --->   Core 83 'RAM' <Latency = 1> <II = 1> <Delay = 0.67> <Storage> <Opcode : 'load' 'store'> <Ports = 2> <Width = 16> <Depth = 16> <RAM>
ST_1 : Operation 130 [2/2] (0.67ns)   --->   "%c_row_major_7_4_load = load i4 %c_row_major_7_4_addr" [mmult.cpp:84]   --->   Operation 130 'load' 'c_row_major_7_4_load' <Predicate = (!icmp_ln81)> <Delay = 0.67> <CoreInst = "RAM">   --->   Core 83 'RAM' <Latency = 1> <II = 1> <Delay = 0.67> <Storage> <Opcode : 'load' 'store'> <Ports = 2> <Width = 16> <Depth = 16> <RAM>
ST_1 : Operation 131 [2/2] (0.67ns)   --->   "%c_row_major_0_5_load = load i4 %c_row_major_0_5_addr" [mmult.cpp:84]   --->   Operation 131 'load' 'c_row_major_0_5_load' <Predicate = (!icmp_ln81)> <Delay = 0.67> <CoreInst = "RAM">   --->   Core 83 'RAM' <Latency = 1> <II = 1> <Delay = 0.67> <Storage> <Opcode : 'load' 'store'> <Ports = 2> <Width = 16> <Depth = 16> <RAM>
ST_1 : Operation 132 [2/2] (0.67ns)   --->   "%c_row_major_1_5_load = load i4 %c_row_major_1_5_addr" [mmult.cpp:84]   --->   Operation 132 'load' 'c_row_major_1_5_load' <Predicate = (!icmp_ln81)> <Delay = 0.67> <CoreInst = "RAM">   --->   Core 83 'RAM' <Latency = 1> <II = 1> <Delay = 0.67> <Storage> <Opcode : 'load' 'store'> <Ports = 2> <Width = 16> <Depth = 16> <RAM>
ST_1 : Operation 133 [2/2] (0.67ns)   --->   "%c_row_major_2_5_load = load i4 %c_row_major_2_5_addr" [mmult.cpp:84]   --->   Operation 133 'load' 'c_row_major_2_5_load' <Predicate = (!icmp_ln81)> <Delay = 0.67> <CoreInst = "RAM">   --->   Core 83 'RAM' <Latency = 1> <II = 1> <Delay = 0.67> <Storage> <Opcode : 'load' 'store'> <Ports = 2> <Width = 16> <Depth = 16> <RAM>
ST_1 : Operation 134 [2/2] (0.67ns)   --->   "%c_row_major_3_5_load = load i4 %c_row_major_3_5_addr" [mmult.cpp:84]   --->   Operation 134 'load' 'c_row_major_3_5_load' <Predicate = (!icmp_ln81)> <Delay = 0.67> <CoreInst = "RAM">   --->   Core 83 'RAM' <Latency = 1> <II = 1> <Delay = 0.67> <Storage> <Opcode : 'load' 'store'> <Ports = 2> <Width = 16> <Depth = 16> <RAM>
ST_1 : Operation 135 [2/2] (0.67ns)   --->   "%c_row_major_4_5_load = load i4 %c_row_major_4_5_addr" [mmult.cpp:84]   --->   Operation 135 'load' 'c_row_major_4_5_load' <Predicate = (!icmp_ln81)> <Delay = 0.67> <CoreInst = "RAM">   --->   Core 83 'RAM' <Latency = 1> <II = 1> <Delay = 0.67> <Storage> <Opcode : 'load' 'store'> <Ports = 2> <Width = 16> <Depth = 16> <RAM>
ST_1 : Operation 136 [2/2] (0.67ns)   --->   "%c_row_major_5_5_load = load i4 %c_row_major_5_5_addr" [mmult.cpp:84]   --->   Operation 136 'load' 'c_row_major_5_5_load' <Predicate = (!icmp_ln81)> <Delay = 0.67> <CoreInst = "RAM">   --->   Core 83 'RAM' <Latency = 1> <II = 1> <Delay = 0.67> <Storage> <Opcode : 'load' 'store'> <Ports = 2> <Width = 16> <Depth = 16> <RAM>
ST_1 : Operation 137 [2/2] (0.67ns)   --->   "%c_row_major_6_5_load = load i4 %c_row_major_6_5_addr" [mmult.cpp:84]   --->   Operation 137 'load' 'c_row_major_6_5_load' <Predicate = (!icmp_ln81)> <Delay = 0.67> <CoreInst = "RAM">   --->   Core 83 'RAM' <Latency = 1> <II = 1> <Delay = 0.67> <Storage> <Opcode : 'load' 'store'> <Ports = 2> <Width = 16> <Depth = 16> <RAM>
ST_1 : Operation 138 [2/2] (0.67ns)   --->   "%c_row_major_7_5_load = load i4 %c_row_major_7_5_addr" [mmult.cpp:84]   --->   Operation 138 'load' 'c_row_major_7_5_load' <Predicate = (!icmp_ln81)> <Delay = 0.67> <CoreInst = "RAM">   --->   Core 83 'RAM' <Latency = 1> <II = 1> <Delay = 0.67> <Storage> <Opcode : 'load' 'store'> <Ports = 2> <Width = 16> <Depth = 16> <RAM>
ST_1 : Operation 139 [2/2] (0.67ns)   --->   "%c_row_major_0_6_load = load i4 %c_row_major_0_6_addr" [mmult.cpp:84]   --->   Operation 139 'load' 'c_row_major_0_6_load' <Predicate = (!icmp_ln81)> <Delay = 0.67> <CoreInst = "RAM">   --->   Core 83 'RAM' <Latency = 1> <II = 1> <Delay = 0.67> <Storage> <Opcode : 'load' 'store'> <Ports = 2> <Width = 16> <Depth = 16> <RAM>
ST_1 : Operation 140 [2/2] (0.67ns)   --->   "%c_row_major_1_6_load = load i4 %c_row_major_1_6_addr" [mmult.cpp:84]   --->   Operation 140 'load' 'c_row_major_1_6_load' <Predicate = (!icmp_ln81)> <Delay = 0.67> <CoreInst = "RAM">   --->   Core 83 'RAM' <Latency = 1> <II = 1> <Delay = 0.67> <Storage> <Opcode : 'load' 'store'> <Ports = 2> <Width = 16> <Depth = 16> <RAM>
ST_1 : Operation 141 [2/2] (0.67ns)   --->   "%c_row_major_2_6_load = load i4 %c_row_major_2_6_addr" [mmult.cpp:84]   --->   Operation 141 'load' 'c_row_major_2_6_load' <Predicate = (!icmp_ln81)> <Delay = 0.67> <CoreInst = "RAM">   --->   Core 83 'RAM' <Latency = 1> <II = 1> <Delay = 0.67> <Storage> <Opcode : 'load' 'store'> <Ports = 2> <Width = 16> <Depth = 16> <RAM>
ST_1 : Operation 142 [2/2] (0.67ns)   --->   "%c_row_major_3_6_load = load i4 %c_row_major_3_6_addr" [mmult.cpp:84]   --->   Operation 142 'load' 'c_row_major_3_6_load' <Predicate = (!icmp_ln81)> <Delay = 0.67> <CoreInst = "RAM">   --->   Core 83 'RAM' <Latency = 1> <II = 1> <Delay = 0.67> <Storage> <Opcode : 'load' 'store'> <Ports = 2> <Width = 16> <Depth = 16> <RAM>
ST_1 : Operation 143 [2/2] (0.67ns)   --->   "%c_row_major_4_6_load = load i4 %c_row_major_4_6_addr" [mmult.cpp:84]   --->   Operation 143 'load' 'c_row_major_4_6_load' <Predicate = (!icmp_ln81)> <Delay = 0.67> <CoreInst = "RAM">   --->   Core 83 'RAM' <Latency = 1> <II = 1> <Delay = 0.67> <Storage> <Opcode : 'load' 'store'> <Ports = 2> <Width = 16> <Depth = 16> <RAM>
ST_1 : Operation 144 [2/2] (0.67ns)   --->   "%c_row_major_5_6_load = load i4 %c_row_major_5_6_addr" [mmult.cpp:84]   --->   Operation 144 'load' 'c_row_major_5_6_load' <Predicate = (!icmp_ln81)> <Delay = 0.67> <CoreInst = "RAM">   --->   Core 83 'RAM' <Latency = 1> <II = 1> <Delay = 0.67> <Storage> <Opcode : 'load' 'store'> <Ports = 2> <Width = 16> <Depth = 16> <RAM>
ST_1 : Operation 145 [2/2] (0.67ns)   --->   "%c_row_major_6_6_load = load i4 %c_row_major_6_6_addr" [mmult.cpp:84]   --->   Operation 145 'load' 'c_row_major_6_6_load' <Predicate = (!icmp_ln81)> <Delay = 0.67> <CoreInst = "RAM">   --->   Core 83 'RAM' <Latency = 1> <II = 1> <Delay = 0.67> <Storage> <Opcode : 'load' 'store'> <Ports = 2> <Width = 16> <Depth = 16> <RAM>
ST_1 : Operation 146 [2/2] (0.67ns)   --->   "%c_row_major_7_6_load = load i4 %c_row_major_7_6_addr" [mmult.cpp:84]   --->   Operation 146 'load' 'c_row_major_7_6_load' <Predicate = (!icmp_ln81)> <Delay = 0.67> <CoreInst = "RAM">   --->   Core 83 'RAM' <Latency = 1> <II = 1> <Delay = 0.67> <Storage> <Opcode : 'load' 'store'> <Ports = 2> <Width = 16> <Depth = 16> <RAM>
ST_1 : Operation 147 [2/2] (0.67ns)   --->   "%c_row_major_0_7_load = load i4 %c_row_major_0_7_addr" [mmult.cpp:84]   --->   Operation 147 'load' 'c_row_major_0_7_load' <Predicate = (!icmp_ln81)> <Delay = 0.67> <CoreInst = "RAM">   --->   Core 83 'RAM' <Latency = 1> <II = 1> <Delay = 0.67> <Storage> <Opcode : 'load' 'store'> <Ports = 2> <Width = 16> <Depth = 16> <RAM>
ST_1 : Operation 148 [2/2] (0.67ns)   --->   "%c_row_major_1_7_load = load i4 %c_row_major_1_7_addr" [mmult.cpp:84]   --->   Operation 148 'load' 'c_row_major_1_7_load' <Predicate = (!icmp_ln81)> <Delay = 0.67> <CoreInst = "RAM">   --->   Core 83 'RAM' <Latency = 1> <II = 1> <Delay = 0.67> <Storage> <Opcode : 'load' 'store'> <Ports = 2> <Width = 16> <Depth = 16> <RAM>
ST_1 : Operation 149 [2/2] (0.67ns)   --->   "%c_row_major_2_7_load = load i4 %c_row_major_2_7_addr" [mmult.cpp:84]   --->   Operation 149 'load' 'c_row_major_2_7_load' <Predicate = (!icmp_ln81)> <Delay = 0.67> <CoreInst = "RAM">   --->   Core 83 'RAM' <Latency = 1> <II = 1> <Delay = 0.67> <Storage> <Opcode : 'load' 'store'> <Ports = 2> <Width = 16> <Depth = 16> <RAM>
ST_1 : Operation 150 [2/2] (0.67ns)   --->   "%c_row_major_3_7_load = load i4 %c_row_major_3_7_addr" [mmult.cpp:84]   --->   Operation 150 'load' 'c_row_major_3_7_load' <Predicate = (!icmp_ln81)> <Delay = 0.67> <CoreInst = "RAM">   --->   Core 83 'RAM' <Latency = 1> <II = 1> <Delay = 0.67> <Storage> <Opcode : 'load' 'store'> <Ports = 2> <Width = 16> <Depth = 16> <RAM>
ST_1 : Operation 151 [2/2] (0.67ns)   --->   "%c_row_major_4_7_load = load i4 %c_row_major_4_7_addr" [mmult.cpp:84]   --->   Operation 151 'load' 'c_row_major_4_7_load' <Predicate = (!icmp_ln81)> <Delay = 0.67> <CoreInst = "RAM">   --->   Core 83 'RAM' <Latency = 1> <II = 1> <Delay = 0.67> <Storage> <Opcode : 'load' 'store'> <Ports = 2> <Width = 16> <Depth = 16> <RAM>
ST_1 : Operation 152 [2/2] (0.67ns)   --->   "%c_row_major_5_7_load = load i4 %c_row_major_5_7_addr" [mmult.cpp:84]   --->   Operation 152 'load' 'c_row_major_5_7_load' <Predicate = (!icmp_ln81)> <Delay = 0.67> <CoreInst = "RAM">   --->   Core 83 'RAM' <Latency = 1> <II = 1> <Delay = 0.67> <Storage> <Opcode : 'load' 'store'> <Ports = 2> <Width = 16> <Depth = 16> <RAM>
ST_1 : Operation 153 [2/2] (0.67ns)   --->   "%c_row_major_6_7_load = load i4 %c_row_major_6_7_addr" [mmult.cpp:84]   --->   Operation 153 'load' 'c_row_major_6_7_load' <Predicate = (!icmp_ln81)> <Delay = 0.67> <CoreInst = "RAM">   --->   Core 83 'RAM' <Latency = 1> <II = 1> <Delay = 0.67> <Storage> <Opcode : 'load' 'store'> <Ports = 2> <Width = 16> <Depth = 16> <RAM>
ST_1 : Operation 154 [2/2] (0.67ns)   --->   "%c_row_major_7_7_load = load i4 %c_row_major_7_7_addr" [mmult.cpp:84]   --->   Operation 154 'load' 'c_row_major_7_7_load' <Predicate = (!icmp_ln81)> <Delay = 0.67> <CoreInst = "RAM">   --->   Core 83 'RAM' <Latency = 1> <II = 1> <Delay = 0.67> <Storage> <Opcode : 'load' 'store'> <Ports = 2> <Width = 16> <Depth = 16> <RAM>
ST_1 : Operation 155 [1/1] (0.73ns)   --->   "%switch_ln84 = switch i3 %trunc_ln81, void %arrayidx108.7.case.7, i3 0, void %arrayidx108.7.case.0, i3 1, void %arrayidx108.7.case.1, i3 2, void %arrayidx108.7.case.2, i3 3, void %arrayidx108.7.case.3, i3 4, void %arrayidx108.7.case.4, i3 5, void %arrayidx108.7.case.5, i3 6, void %arrayidx108.7.case.6" [mmult.cpp:84]   --->   Operation 155 'switch' 'switch_ln84' <Predicate = (!icmp_ln81)> <Delay = 0.73>
ST_1 : Operation 156 [1/1] (0.78ns)   --->   "%add_ln82 = add i6 %select_ln81, i6 8" [mmult.cpp:82]   --->   Operation 156 'add' 'add_ln82' <Predicate = (!icmp_ln81)> <Delay = 0.78> <CoreInst = "Adder">   --->   Core 1 'Adder' <Latency = 0> <II = 1> <Delay = 0.78> <FuncUnit> <Opcode : 'add' 'sub'> <InPorts = 2> <OutPorts = 1>
ST_1 : Operation 157 [1/1] (0.42ns)   --->   "%store_ln81 = store i8 %add_ln81_1, i8 %indvar_flatten" [mmult.cpp:81]   --->   Operation 157 'store' 'store_ln81' <Predicate = (!icmp_ln81)> <Delay = 0.42>
ST_1 : Operation 158 [1/1] (0.42ns)   --->   "%store_ln81 = store i6 %select_ln81_1, i6 %i" [mmult.cpp:81]   --->   Operation 158 'store' 'store_ln81' <Predicate = (!icmp_ln81)> <Delay = 0.42>
ST_1 : Operation 159 [1/1] (0.42ns)   --->   "%store_ln82 = store i6 %add_ln82, i6 %j" [mmult.cpp:82]   --->   Operation 159 'store' 'store_ln82' <Predicate = (!icmp_ln81)> <Delay = 0.42>
ST_1 : Operation 160 [1/1] (0.00ns)   --->   "%br_ln82 = br void %for.inc" [mmult.cpp:82]   --->   Operation 160 'br' 'br_ln82' <Predicate = (!icmp_ln81)> <Delay = 0.00>
ST_1 : Operation 372 [1/1] (0.00ns)   --->   "%ret_ln0 = ret"   --->   Operation 372 'ret' 'ret_ln0' <Predicate = (icmp_ln81)> <Delay = 0.00>

State 2 <SV = 1> <Delay = 2.07>
ST_2 : Operation 161 [1/1] (0.00ns)   --->   "%specloopname_ln0 = specloopname void @_ssdm_op_SpecLoopName, void @init_acc_VITIS_LOOP_82_1_str"   --->   Operation 161 'specloopname' 'specloopname_ln0' <Predicate = true> <Delay = 0.00>
ST_2 : Operation 162 [1/1] (0.00ns)   --->   "%speclooptripcount_ln0 = speclooptripcount void @_ssdm_op_SpecLoopTripCount, i64 128, i64 128, i64 128"   --->   Operation 162 'speclooptripcount' 'speclooptripcount_ln0' <Predicate = true> <Delay = 0.00>
ST_2 : Operation 163 [1/1] (0.00ns)   --->   "%specpipeline_ln82 = specpipeline void @_ssdm_op_SpecPipeline, i32 4294967295, i32 0, i32 0, i32 0, void @empty_4" [mmult.cpp:82]   --->   Operation 163 'specpipeline' 'specpipeline_ln82' <Predicate = true> <Delay = 0.00>
ST_2 : Operation 164 [1/1] (0.00ns)   --->   "%acc_addr = getelementptr i16 %acc, i64 0, i64 %zext_ln84" [mmult.cpp:84]   --->   Operation 164 'getelementptr' 'acc_addr' <Predicate = true> <Delay = 0.00>
ST_2 : Operation 165 [1/1] (0.00ns)   --->   "%acc_1_addr = getelementptr i16 %acc_1, i64 0, i64 %zext_ln84" [mmult.cpp:84]   --->   Operation 165 'getelementptr' 'acc_1_addr' <Predicate = true> <Delay = 0.00>
ST_2 : Operation 166 [1/1] (0.00ns)   --->   "%acc_2_addr = getelementptr i16 %acc_2, i64 0, i64 %zext_ln84" [mmult.cpp:84]   --->   Operation 166 'getelementptr' 'acc_2_addr' <Predicate = true> <Delay = 0.00>
ST_2 : Operation 167 [1/1] (0.00ns)   --->   "%acc_3_addr = getelementptr i16 %acc_3, i64 0, i64 %zext_ln84" [mmult.cpp:84]   --->   Operation 167 'getelementptr' 'acc_3_addr' <Predicate = true> <Delay = 0.00>
ST_2 : Operation 168 [1/1] (0.00ns)   --->   "%acc_4_addr = getelementptr i16 %acc_4, i64 0, i64 %zext_ln84" [mmult.cpp:84]   --->   Operation 168 'getelementptr' 'acc_4_addr' <Predicate = true> <Delay = 0.00>
ST_2 : Operation 169 [1/1] (0.00ns)   --->   "%acc_5_addr = getelementptr i16 %acc_5, i64 0, i64 %zext_ln84" [mmult.cpp:84]   --->   Operation 169 'getelementptr' 'acc_5_addr' <Predicate = true> <Delay = 0.00>
ST_2 : Operation 170 [1/1] (0.00ns)   --->   "%acc_6_addr = getelementptr i16 %acc_6, i64 0, i64 %zext_ln84" [mmult.cpp:84]   --->   Operation 170 'getelementptr' 'acc_6_addr' <Predicate = true> <Delay = 0.00>
ST_2 : Operation 171 [1/1] (0.00ns)   --->   "%acc_7_addr = getelementptr i16 %acc_7, i64 0, i64 %zext_ln84" [mmult.cpp:84]   --->   Operation 171 'getelementptr' 'acc_7_addr' <Predicate = true> <Delay = 0.00>
ST_2 : Operation 172 [1/1] (0.00ns)   --->   "%acc_8_addr = getelementptr i16 %acc_8, i64 0, i64 %zext_ln84" [mmult.cpp:84]   --->   Operation 172 'getelementptr' 'acc_8_addr' <Predicate = true> <Delay = 0.00>
ST_2 : Operation 173 [1/1] (0.00ns)   --->   "%acc_9_addr = getelementptr i16 %acc_9, i64 0, i64 %zext_ln84" [mmult.cpp:84]   --->   Operation 173 'getelementptr' 'acc_9_addr' <Predicate = true> <Delay = 0.00>
ST_2 : Operation 174 [1/1] (0.00ns)   --->   "%acc_10_addr = getelementptr i16 %acc_10, i64 0, i64 %zext_ln84" [mmult.cpp:84]   --->   Operation 174 'getelementptr' 'acc_10_addr' <Predicate = true> <Delay = 0.00>
ST_2 : Operation 175 [1/1] (0.00ns)   --->   "%acc_11_addr = getelementptr i16 %acc_11, i64 0, i64 %zext_ln84" [mmult.cpp:84]   --->   Operation 175 'getelementptr' 'acc_11_addr' <Predicate = true> <Delay = 0.00>
ST_2 : Operation 176 [1/1] (0.00ns)   --->   "%acc_12_addr = getelementptr i16 %acc_12, i64 0, i64 %zext_ln84" [mmult.cpp:84]   --->   Operation 176 'getelementptr' 'acc_12_addr' <Predicate = true> <Delay = 0.00>
ST_2 : Operation 177 [1/1] (0.00ns)   --->   "%acc_13_addr = getelementptr i16 %acc_13, i64 0, i64 %zext_ln84" [mmult.cpp:84]   --->   Operation 177 'getelementptr' 'acc_13_addr' <Predicate = true> <Delay = 0.00>
ST_2 : Operation 178 [1/1] (0.00ns)   --->   "%acc_14_addr = getelementptr i16 %acc_14, i64 0, i64 %zext_ln84" [mmult.cpp:84]   --->   Operation 178 'getelementptr' 'acc_14_addr' <Predicate = true> <Delay = 0.00>
ST_2 : Operation 179 [1/1] (0.00ns)   --->   "%acc_15_addr = getelementptr i16 %acc_15, i64 0, i64 %zext_ln84" [mmult.cpp:84]   --->   Operation 179 'getelementptr' 'acc_15_addr' <Predicate = true> <Delay = 0.00>
ST_2 : Operation 180 [1/1] (0.00ns)   --->   "%acc_16_addr = getelementptr i16 %acc_16, i64 0, i64 %zext_ln84" [mmult.cpp:84]   --->   Operation 180 'getelementptr' 'acc_16_addr' <Predicate = true> <Delay = 0.00>
ST_2 : Operation 181 [1/1] (0.00ns)   --->   "%acc_17_addr = getelementptr i16 %acc_17, i64 0, i64 %zext_ln84" [mmult.cpp:84]   --->   Operation 181 'getelementptr' 'acc_17_addr' <Predicate = true> <Delay = 0.00>
ST_2 : Operation 182 [1/1] (0.00ns)   --->   "%acc_18_addr = getelementptr i16 %acc_18, i64 0, i64 %zext_ln84" [mmult.cpp:84]   --->   Operation 182 'getelementptr' 'acc_18_addr' <Predicate = true> <Delay = 0.00>
ST_2 : Operation 183 [1/1] (0.00ns)   --->   "%acc_19_addr = getelementptr i16 %acc_19, i64 0, i64 %zext_ln84" [mmult.cpp:84]   --->   Operation 183 'getelementptr' 'acc_19_addr' <Predicate = true> <Delay = 0.00>
ST_2 : Operation 184 [1/1] (0.00ns)   --->   "%acc_20_addr = getelementptr i16 %acc_20, i64 0, i64 %zext_ln84" [mmult.cpp:84]   --->   Operation 184 'getelementptr' 'acc_20_addr' <Predicate = true> <Delay = 0.00>
ST_2 : Operation 185 [1/1] (0.00ns)   --->   "%acc_21_addr = getelementptr i16 %acc_21, i64 0, i64 %zext_ln84" [mmult.cpp:84]   --->   Operation 185 'getelementptr' 'acc_21_addr' <Predicate = true> <Delay = 0.00>
ST_2 : Operation 186 [1/1] (0.00ns)   --->   "%acc_22_addr = getelementptr i16 %acc_22, i64 0, i64 %zext_ln84" [mmult.cpp:84]   --->   Operation 186 'getelementptr' 'acc_22_addr' <Predicate = true> <Delay = 0.00>
ST_2 : Operation 187 [1/1] (0.00ns)   --->   "%acc_23_addr = getelementptr i16 %acc_23, i64 0, i64 %zext_ln84" [mmult.cpp:84]   --->   Operation 187 'getelementptr' 'acc_23_addr' <Predicate = true> <Delay = 0.00>
ST_2 : Operation 188 [1/1] (0.00ns)   --->   "%acc_24_addr = getelementptr i16 %acc_24, i64 0, i64 %zext_ln84" [mmult.cpp:84]   --->   Operation 188 'getelementptr' 'acc_24_addr' <Predicate = true> <Delay = 0.00>
ST_2 : Operation 189 [1/1] (0.00ns)   --->   "%acc_25_addr = getelementptr i16 %acc_25, i64 0, i64 %zext_ln84" [mmult.cpp:84]   --->   Operation 189 'getelementptr' 'acc_25_addr' <Predicate = true> <Delay = 0.00>
ST_2 : Operation 190 [1/1] (0.00ns)   --->   "%acc_26_addr = getelementptr i16 %acc_26, i64 0, i64 %zext_ln84" [mmult.cpp:84]   --->   Operation 190 'getelementptr' 'acc_26_addr' <Predicate = true> <Delay = 0.00>
ST_2 : Operation 191 [1/1] (0.00ns)   --->   "%acc_27_addr = getelementptr i16 %acc_27, i64 0, i64 %zext_ln84" [mmult.cpp:84]   --->   Operation 191 'getelementptr' 'acc_27_addr' <Predicate = true> <Delay = 0.00>
ST_2 : Operation 192 [1/1] (0.00ns)   --->   "%acc_28_addr = getelementptr i16 %acc_28, i64 0, i64 %zext_ln84" [mmult.cpp:84]   --->   Operation 192 'getelementptr' 'acc_28_addr' <Predicate = true> <Delay = 0.00>
ST_2 : Operation 193 [1/1] (0.00ns)   --->   "%acc_29_addr = getelementptr i16 %acc_29, i64 0, i64 %zext_ln84" [mmult.cpp:84]   --->   Operation 193 'getelementptr' 'acc_29_addr' <Predicate = true> <Delay = 0.00>
ST_2 : Operation 194 [1/1] (0.00ns)   --->   "%acc_30_addr = getelementptr i16 %acc_30, i64 0, i64 %zext_ln84" [mmult.cpp:84]   --->   Operation 194 'getelementptr' 'acc_30_addr' <Predicate = true> <Delay = 0.00>
ST_2 : Operation 195 [1/1] (0.00ns)   --->   "%acc_31_addr = getelementptr i16 %acc_31, i64 0, i64 %zext_ln84" [mmult.cpp:84]   --->   Operation 195 'getelementptr' 'acc_31_addr' <Predicate = true> <Delay = 0.00>
ST_2 : Operation 196 [1/1] (0.00ns)   --->   "%acc_32_addr = getelementptr i16 %acc_32, i64 0, i64 %zext_ln84" [mmult.cpp:84]   --->   Operation 196 'getelementptr' 'acc_32_addr' <Predicate = true> <Delay = 0.00>
ST_2 : Operation 197 [1/1] (0.00ns)   --->   "%acc_33_addr = getelementptr i16 %acc_33, i64 0, i64 %zext_ln84" [mmult.cpp:84]   --->   Operation 197 'getelementptr' 'acc_33_addr' <Predicate = true> <Delay = 0.00>
ST_2 : Operation 198 [1/1] (0.00ns)   --->   "%acc_34_addr = getelementptr i16 %acc_34, i64 0, i64 %zext_ln84" [mmult.cpp:84]   --->   Operation 198 'getelementptr' 'acc_34_addr' <Predicate = true> <Delay = 0.00>
ST_2 : Operation 199 [1/1] (0.00ns)   --->   "%acc_35_addr = getelementptr i16 %acc_35, i64 0, i64 %zext_ln84" [mmult.cpp:84]   --->   Operation 199 'getelementptr' 'acc_35_addr' <Predicate = true> <Delay = 0.00>
ST_2 : Operation 200 [1/1] (0.00ns)   --->   "%acc_36_addr = getelementptr i16 %acc_36, i64 0, i64 %zext_ln84" [mmult.cpp:84]   --->   Operation 200 'getelementptr' 'acc_36_addr' <Predicate = true> <Delay = 0.00>
ST_2 : Operation 201 [1/1] (0.00ns)   --->   "%acc_37_addr = getelementptr i16 %acc_37, i64 0, i64 %zext_ln84" [mmult.cpp:84]   --->   Operation 201 'getelementptr' 'acc_37_addr' <Predicate = true> <Delay = 0.00>
ST_2 : Operation 202 [1/1] (0.00ns)   --->   "%acc_38_addr = getelementptr i16 %acc_38, i64 0, i64 %zext_ln84" [mmult.cpp:84]   --->   Operation 202 'getelementptr' 'acc_38_addr' <Predicate = true> <Delay = 0.00>
ST_2 : Operation 203 [1/1] (0.00ns)   --->   "%acc_39_addr = getelementptr i16 %acc_39, i64 0, i64 %zext_ln84" [mmult.cpp:84]   --->   Operation 203 'getelementptr' 'acc_39_addr' <Predicate = true> <Delay = 0.00>
ST_2 : Operation 204 [1/1] (0.00ns)   --->   "%acc_40_addr = getelementptr i16 %acc_40, i64 0, i64 %zext_ln84" [mmult.cpp:84]   --->   Operation 204 'getelementptr' 'acc_40_addr' <Predicate = true> <Delay = 0.00>
ST_2 : Operation 205 [1/1] (0.00ns)   --->   "%acc_41_addr = getelementptr i16 %acc_41, i64 0, i64 %zext_ln84" [mmult.cpp:84]   --->   Operation 205 'getelementptr' 'acc_41_addr' <Predicate = true> <Delay = 0.00>
ST_2 : Operation 206 [1/1] (0.00ns)   --->   "%acc_42_addr = getelementptr i16 %acc_42, i64 0, i64 %zext_ln84" [mmult.cpp:84]   --->   Operation 206 'getelementptr' 'acc_42_addr' <Predicate = true> <Delay = 0.00>
ST_2 : Operation 207 [1/1] (0.00ns)   --->   "%acc_43_addr = getelementptr i16 %acc_43, i64 0, i64 %zext_ln84" [mmult.cpp:84]   --->   Operation 207 'getelementptr' 'acc_43_addr' <Predicate = true> <Delay = 0.00>
ST_2 : Operation 208 [1/1] (0.00ns)   --->   "%acc_44_addr = getelementptr i16 %acc_44, i64 0, i64 %zext_ln84" [mmult.cpp:84]   --->   Operation 208 'getelementptr' 'acc_44_addr' <Predicate = true> <Delay = 0.00>
ST_2 : Operation 209 [1/1] (0.00ns)   --->   "%acc_45_addr = getelementptr i16 %acc_45, i64 0, i64 %zext_ln84" [mmult.cpp:84]   --->   Operation 209 'getelementptr' 'acc_45_addr' <Predicate = true> <Delay = 0.00>
ST_2 : Operation 210 [1/1] (0.00ns)   --->   "%acc_46_addr = getelementptr i16 %acc_46, i64 0, i64 %zext_ln84" [mmult.cpp:84]   --->   Operation 210 'getelementptr' 'acc_46_addr' <Predicate = true> <Delay = 0.00>
ST_2 : Operation 211 [1/1] (0.00ns)   --->   "%acc_47_addr = getelementptr i16 %acc_47, i64 0, i64 %zext_ln84" [mmult.cpp:84]   --->   Operation 211 'getelementptr' 'acc_47_addr' <Predicate = true> <Delay = 0.00>
ST_2 : Operation 212 [1/1] (0.00ns)   --->   "%acc_48_addr = getelementptr i16 %acc_48, i64 0, i64 %zext_ln84" [mmult.cpp:84]   --->   Operation 212 'getelementptr' 'acc_48_addr' <Predicate = true> <Delay = 0.00>
ST_2 : Operation 213 [1/1] (0.00ns)   --->   "%acc_49_addr = getelementptr i16 %acc_49, i64 0, i64 %zext_ln84" [mmult.cpp:84]   --->   Operation 213 'getelementptr' 'acc_49_addr' <Predicate = true> <Delay = 0.00>
ST_2 : Operation 214 [1/1] (0.00ns)   --->   "%acc_50_addr = getelementptr i16 %acc_50, i64 0, i64 %zext_ln84" [mmult.cpp:84]   --->   Operation 214 'getelementptr' 'acc_50_addr' <Predicate = true> <Delay = 0.00>
ST_2 : Operation 215 [1/1] (0.00ns)   --->   "%acc_51_addr = getelementptr i16 %acc_51, i64 0, i64 %zext_ln84" [mmult.cpp:84]   --->   Operation 215 'getelementptr' 'acc_51_addr' <Predicate = true> <Delay = 0.00>
ST_2 : Operation 216 [1/1] (0.00ns)   --->   "%acc_52_addr = getelementptr i16 %acc_52, i64 0, i64 %zext_ln84" [mmult.cpp:84]   --->   Operation 216 'getelementptr' 'acc_52_addr' <Predicate = true> <Delay = 0.00>
ST_2 : Operation 217 [1/1] (0.00ns)   --->   "%acc_53_addr = getelementptr i16 %acc_53, i64 0, i64 %zext_ln84" [mmult.cpp:84]   --->   Operation 217 'getelementptr' 'acc_53_addr' <Predicate = true> <Delay = 0.00>
ST_2 : Operation 218 [1/1] (0.00ns)   --->   "%acc_54_addr = getelementptr i16 %acc_54, i64 0, i64 %zext_ln84" [mmult.cpp:84]   --->   Operation 218 'getelementptr' 'acc_54_addr' <Predicate = true> <Delay = 0.00>
ST_2 : Operation 219 [1/1] (0.00ns)   --->   "%acc_55_addr = getelementptr i16 %acc_55, i64 0, i64 %zext_ln84" [mmult.cpp:84]   --->   Operation 219 'getelementptr' 'acc_55_addr' <Predicate = true> <Delay = 0.00>
ST_2 : Operation 220 [1/1] (0.00ns)   --->   "%acc_56_addr = getelementptr i16 %acc_56, i64 0, i64 %zext_ln84" [mmult.cpp:84]   --->   Operation 220 'getelementptr' 'acc_56_addr' <Predicate = true> <Delay = 0.00>
ST_2 : Operation 221 [1/1] (0.00ns)   --->   "%acc_57_addr = getelementptr i16 %acc_57, i64 0, i64 %zext_ln84" [mmult.cpp:84]   --->   Operation 221 'getelementptr' 'acc_57_addr' <Predicate = true> <Delay = 0.00>
ST_2 : Operation 222 [1/1] (0.00ns)   --->   "%acc_58_addr = getelementptr i16 %acc_58, i64 0, i64 %zext_ln84" [mmult.cpp:84]   --->   Operation 222 'getelementptr' 'acc_58_addr' <Predicate = true> <Delay = 0.00>
ST_2 : Operation 223 [1/1] (0.00ns)   --->   "%acc_59_addr = getelementptr i16 %acc_59, i64 0, i64 %zext_ln84" [mmult.cpp:84]   --->   Operation 223 'getelementptr' 'acc_59_addr' <Predicate = true> <Delay = 0.00>
ST_2 : Operation 224 [1/1] (0.00ns)   --->   "%acc_60_addr = getelementptr i16 %acc_60, i64 0, i64 %zext_ln84" [mmult.cpp:84]   --->   Operation 224 'getelementptr' 'acc_60_addr' <Predicate = true> <Delay = 0.00>
ST_2 : Operation 225 [1/1] (0.00ns)   --->   "%acc_61_addr = getelementptr i16 %acc_61, i64 0, i64 %zext_ln84" [mmult.cpp:84]   --->   Operation 225 'getelementptr' 'acc_61_addr' <Predicate = true> <Delay = 0.00>
ST_2 : Operation 226 [1/1] (0.00ns)   --->   "%acc_62_addr = getelementptr i16 %acc_62, i64 0, i64 %zext_ln84" [mmult.cpp:84]   --->   Operation 226 'getelementptr' 'acc_62_addr' <Predicate = true> <Delay = 0.00>
ST_2 : Operation 227 [1/1] (0.00ns)   --->   "%acc_63_addr = getelementptr i16 %acc_63, i64 0, i64 %zext_ln84" [mmult.cpp:84]   --->   Operation 227 'getelementptr' 'acc_63_addr' <Predicate = true> <Delay = 0.00>
ST_2 : Operation 228 [1/2] (0.67ns)   --->   "%c_row_major_0_0_load = load i4 %c_row_major_0_0_addr" [mmult.cpp:84]   --->   Operation 228 'load' 'c_row_major_0_0_load' <Predicate = true> <Delay = 0.67> <CoreInst = "RAM">   --->   Core 83 'RAM' <Latency = 1> <II = 1> <Delay = 0.67> <Storage> <Opcode : 'load' 'store'> <Ports = 2> <Width = 16> <Depth = 16> <RAM>
ST_2 : Operation 229 [1/2] (0.67ns)   --->   "%c_row_major_1_0_load = load i4 %c_row_major_1_0_addr" [mmult.cpp:84]   --->   Operation 229 'load' 'c_row_major_1_0_load' <Predicate = true> <Delay = 0.67> <CoreInst = "RAM">   --->   Core 83 'RAM' <Latency = 1> <II = 1> <Delay = 0.67> <Storage> <Opcode : 'load' 'store'> <Ports = 2> <Width = 16> <Depth = 16> <RAM>
ST_2 : Operation 230 [1/2] (0.67ns)   --->   "%c_row_major_2_0_load = load i4 %c_row_major_2_0_addr" [mmult.cpp:84]   --->   Operation 230 'load' 'c_row_major_2_0_load' <Predicate = true> <Delay = 0.67> <CoreInst = "RAM">   --->   Core 83 'RAM' <Latency = 1> <II = 1> <Delay = 0.67> <Storage> <Opcode : 'load' 'store'> <Ports = 2> <Width = 16> <Depth = 16> <RAM>
ST_2 : Operation 231 [1/2] (0.67ns)   --->   "%c_row_major_3_0_load = load i4 %c_row_major_3_0_addr" [mmult.cpp:84]   --->   Operation 231 'load' 'c_row_major_3_0_load' <Predicate = true> <Delay = 0.67> <CoreInst = "RAM">   --->   Core 83 'RAM' <Latency = 1> <II = 1> <Delay = 0.67> <Storage> <Opcode : 'load' 'store'> <Ports = 2> <Width = 16> <Depth = 16> <RAM>
ST_2 : Operation 232 [1/2] (0.67ns)   --->   "%c_row_major_4_0_load = load i4 %c_row_major_4_0_addr" [mmult.cpp:84]   --->   Operation 232 'load' 'c_row_major_4_0_load' <Predicate = true> <Delay = 0.67> <CoreInst = "RAM">   --->   Core 83 'RAM' <Latency = 1> <II = 1> <Delay = 0.67> <Storage> <Opcode : 'load' 'store'> <Ports = 2> <Width = 16> <Depth = 16> <RAM>
ST_2 : Operation 233 [1/2] (0.67ns)   --->   "%c_row_major_5_0_load = load i4 %c_row_major_5_0_addr" [mmult.cpp:84]   --->   Operation 233 'load' 'c_row_major_5_0_load' <Predicate = true> <Delay = 0.67> <CoreInst = "RAM">   --->   Core 83 'RAM' <Latency = 1> <II = 1> <Delay = 0.67> <Storage> <Opcode : 'load' 'store'> <Ports = 2> <Width = 16> <Depth = 16> <RAM>
ST_2 : Operation 234 [1/2] (0.67ns)   --->   "%c_row_major_6_0_load = load i4 %c_row_major_6_0_addr" [mmult.cpp:84]   --->   Operation 234 'load' 'c_row_major_6_0_load' <Predicate = true> <Delay = 0.67> <CoreInst = "RAM">   --->   Core 83 'RAM' <Latency = 1> <II = 1> <Delay = 0.67> <Storage> <Opcode : 'load' 'store'> <Ports = 2> <Width = 16> <Depth = 16> <RAM>
ST_2 : Operation 235 [1/2] (0.67ns)   --->   "%c_row_major_7_0_load = load i4 %c_row_major_7_0_addr" [mmult.cpp:84]   --->   Operation 235 'load' 'c_row_major_7_0_load' <Predicate = true> <Delay = 0.67> <CoreInst = "RAM">   --->   Core 83 'RAM' <Latency = 1> <II = 1> <Delay = 0.67> <Storage> <Opcode : 'load' 'store'> <Ports = 2> <Width = 16> <Depth = 16> <RAM>
ST_2 : Operation 236 [1/1] (0.72ns)   --->   "%tmp = sparsemux i16 @_ssdm_op_SparseMux.ap_auto.8i16.i16.i3, i3 0, i16 %c_row_major_0_0_load, i3 1, i16 %c_row_major_1_0_load, i3 2, i16 %c_row_major_2_0_load, i3 3, i16 %c_row_major_3_0_load, i3 4, i16 %c_row_major_4_0_load, i3 5, i16 %c_row_major_5_0_load, i3 6, i16 %c_row_major_6_0_load, i3 7, i16 %c_row_major_7_0_load, i16 0, i3 %trunc_ln81" [mmult.cpp:84]   --->   Operation 236 'sparsemux' 'tmp' <Predicate = true> <Delay = 0.72> <CoreInst = "SparseMux">   --->   Core 147 'SparseMux' <Latency = 0> <II = 1> <Delay = 0.72> <FuncUnit> <Opcode : 'sparsemux'> <InPorts = 2> <OutPorts = 1>
ST_2 : Operation 237 [1/2] (0.67ns)   --->   "%c_row_major_0_1_load = load i4 %c_row_major_0_1_addr" [mmult.cpp:84]   --->   Operation 237 'load' 'c_row_major_0_1_load' <Predicate = true> <Delay = 0.67> <CoreInst = "RAM">   --->   Core 83 'RAM' <Latency = 1> <II = 1> <Delay = 0.67> <Storage> <Opcode : 'load' 'store'> <Ports = 2> <Width = 16> <Depth = 16> <RAM>
ST_2 : Operation 238 [1/2] (0.67ns)   --->   "%c_row_major_1_1_load = load i4 %c_row_major_1_1_addr" [mmult.cpp:84]   --->   Operation 238 'load' 'c_row_major_1_1_load' <Predicate = true> <Delay = 0.67> <CoreInst = "RAM">   --->   Core 83 'RAM' <Latency = 1> <II = 1> <Delay = 0.67> <Storage> <Opcode : 'load' 'store'> <Ports = 2> <Width = 16> <Depth = 16> <RAM>
ST_2 : Operation 239 [1/2] (0.67ns)   --->   "%c_row_major_2_1_load = load i4 %c_row_major_2_1_addr" [mmult.cpp:84]   --->   Operation 239 'load' 'c_row_major_2_1_load' <Predicate = true> <Delay = 0.67> <CoreInst = "RAM">   --->   Core 83 'RAM' <Latency = 1> <II = 1> <Delay = 0.67> <Storage> <Opcode : 'load' 'store'> <Ports = 2> <Width = 16> <Depth = 16> <RAM>
ST_2 : Operation 240 [1/2] (0.67ns)   --->   "%c_row_major_3_1_load = load i4 %c_row_major_3_1_addr" [mmult.cpp:84]   --->   Operation 240 'load' 'c_row_major_3_1_load' <Predicate = true> <Delay = 0.67> <CoreInst = "RAM">   --->   Core 83 'RAM' <Latency = 1> <II = 1> <Delay = 0.67> <Storage> <Opcode : 'load' 'store'> <Ports = 2> <Width = 16> <Depth = 16> <RAM>
ST_2 : Operation 241 [1/2] (0.67ns)   --->   "%c_row_major_4_1_load = load i4 %c_row_major_4_1_addr" [mmult.cpp:84]   --->   Operation 241 'load' 'c_row_major_4_1_load' <Predicate = true> <Delay = 0.67> <CoreInst = "RAM">   --->   Core 83 'RAM' <Latency = 1> <II = 1> <Delay = 0.67> <Storage> <Opcode : 'load' 'store'> <Ports = 2> <Width = 16> <Depth = 16> <RAM>
ST_2 : Operation 242 [1/2] (0.67ns)   --->   "%c_row_major_5_1_load = load i4 %c_row_major_5_1_addr" [mmult.cpp:84]   --->   Operation 242 'load' 'c_row_major_5_1_load' <Predicate = true> <Delay = 0.67> <CoreInst = "RAM">   --->   Core 83 'RAM' <Latency = 1> <II = 1> <Delay = 0.67> <Storage> <Opcode : 'load' 'store'> <Ports = 2> <Width = 16> <Depth = 16> <RAM>
ST_2 : Operation 243 [1/2] (0.67ns)   --->   "%c_row_major_6_1_load = load i4 %c_row_major_6_1_addr" [mmult.cpp:84]   --->   Operation 243 'load' 'c_row_major_6_1_load' <Predicate = true> <Delay = 0.67> <CoreInst = "RAM">   --->   Core 83 'RAM' <Latency = 1> <II = 1> <Delay = 0.67> <Storage> <Opcode : 'load' 'store'> <Ports = 2> <Width = 16> <Depth = 16> <RAM>
ST_2 : Operation 244 [1/2] (0.67ns)   --->   "%c_row_major_7_1_load = load i4 %c_row_major_7_1_addr" [mmult.cpp:84]   --->   Operation 244 'load' 'c_row_major_7_1_load' <Predicate = true> <Delay = 0.67> <CoreInst = "RAM">   --->   Core 83 'RAM' <Latency = 1> <II = 1> <Delay = 0.67> <Storage> <Opcode : 'load' 'store'> <Ports = 2> <Width = 16> <Depth = 16> <RAM>
ST_2 : Operation 245 [1/1] (0.72ns)   --->   "%tmp_1 = sparsemux i16 @_ssdm_op_SparseMux.ap_auto.8i16.i16.i3, i3 0, i16 %c_row_major_0_1_load, i3 1, i16 %c_row_major_1_1_load, i3 2, i16 %c_row_major_2_1_load, i3 3, i16 %c_row_major_3_1_load, i3 4, i16 %c_row_major_4_1_load, i3 5, i16 %c_row_major_5_1_load, i3 6, i16 %c_row_major_6_1_load, i3 7, i16 %c_row_major_7_1_load, i16 0, i3 %trunc_ln81" [mmult.cpp:84]   --->   Operation 245 'sparsemux' 'tmp_1' <Predicate = true> <Delay = 0.72> <CoreInst = "SparseMux">   --->   Core 147 'SparseMux' <Latency = 0> <II = 1> <Delay = 0.72> <FuncUnit> <Opcode : 'sparsemux'> <InPorts = 2> <OutPorts = 1>
ST_2 : Operation 246 [1/2] (0.67ns)   --->   "%c_row_major_0_2_load = load i4 %c_row_major_0_2_addr" [mmult.cpp:84]   --->   Operation 246 'load' 'c_row_major_0_2_load' <Predicate = true> <Delay = 0.67> <CoreInst = "RAM">   --->   Core 83 'RAM' <Latency = 1> <II = 1> <Delay = 0.67> <Storage> <Opcode : 'load' 'store'> <Ports = 2> <Width = 16> <Depth = 16> <RAM>
ST_2 : Operation 247 [1/2] (0.67ns)   --->   "%c_row_major_1_2_load = load i4 %c_row_major_1_2_addr" [mmult.cpp:84]   --->   Operation 247 'load' 'c_row_major_1_2_load' <Predicate = true> <Delay = 0.67> <CoreInst = "RAM">   --->   Core 83 'RAM' <Latency = 1> <II = 1> <Delay = 0.67> <Storage> <Opcode : 'load' 'store'> <Ports = 2> <Width = 16> <Depth = 16> <RAM>
ST_2 : Operation 248 [1/2] (0.67ns)   --->   "%c_row_major_2_2_load = load i4 %c_row_major_2_2_addr" [mmult.cpp:84]   --->   Operation 248 'load' 'c_row_major_2_2_load' <Predicate = true> <Delay = 0.67> <CoreInst = "RAM">   --->   Core 83 'RAM' <Latency = 1> <II = 1> <Delay = 0.67> <Storage> <Opcode : 'load' 'store'> <Ports = 2> <Width = 16> <Depth = 16> <RAM>
ST_2 : Operation 249 [1/2] (0.67ns)   --->   "%c_row_major_3_2_load = load i4 %c_row_major_3_2_addr" [mmult.cpp:84]   --->   Operation 249 'load' 'c_row_major_3_2_load' <Predicate = true> <Delay = 0.67> <CoreInst = "RAM">   --->   Core 83 'RAM' <Latency = 1> <II = 1> <Delay = 0.67> <Storage> <Opcode : 'load' 'store'> <Ports = 2> <Width = 16> <Depth = 16> <RAM>
ST_2 : Operation 250 [1/2] (0.67ns)   --->   "%c_row_major_4_2_load = load i4 %c_row_major_4_2_addr" [mmult.cpp:84]   --->   Operation 250 'load' 'c_row_major_4_2_load' <Predicate = true> <Delay = 0.67> <CoreInst = "RAM">   --->   Core 83 'RAM' <Latency = 1> <II = 1> <Delay = 0.67> <Storage> <Opcode : 'load' 'store'> <Ports = 2> <Width = 16> <Depth = 16> <RAM>
ST_2 : Operation 251 [1/2] (0.67ns)   --->   "%c_row_major_5_2_load = load i4 %c_row_major_5_2_addr" [mmult.cpp:84]   --->   Operation 251 'load' 'c_row_major_5_2_load' <Predicate = true> <Delay = 0.67> <CoreInst = "RAM">   --->   Core 83 'RAM' <Latency = 1> <II = 1> <Delay = 0.67> <Storage> <Opcode : 'load' 'store'> <Ports = 2> <Width = 16> <Depth = 16> <RAM>
ST_2 : Operation 252 [1/2] (0.67ns)   --->   "%c_row_major_6_2_load = load i4 %c_row_major_6_2_addr" [mmult.cpp:84]   --->   Operation 252 'load' 'c_row_major_6_2_load' <Predicate = true> <Delay = 0.67> <CoreInst = "RAM">   --->   Core 83 'RAM' <Latency = 1> <II = 1> <Delay = 0.67> <Storage> <Opcode : 'load' 'store'> <Ports = 2> <Width = 16> <Depth = 16> <RAM>
ST_2 : Operation 253 [1/2] (0.67ns)   --->   "%c_row_major_7_2_load = load i4 %c_row_major_7_2_addr" [mmult.cpp:84]   --->   Operation 253 'load' 'c_row_major_7_2_load' <Predicate = true> <Delay = 0.67> <CoreInst = "RAM">   --->   Core 83 'RAM' <Latency = 1> <II = 1> <Delay = 0.67> <Storage> <Opcode : 'load' 'store'> <Ports = 2> <Width = 16> <Depth = 16> <RAM>
ST_2 : Operation 254 [1/1] (0.72ns)   --->   "%tmp_2 = sparsemux i16 @_ssdm_op_SparseMux.ap_auto.8i16.i16.i3, i3 0, i16 %c_row_major_0_2_load, i3 1, i16 %c_row_major_1_2_load, i3 2, i16 %c_row_major_2_2_load, i3 3, i16 %c_row_major_3_2_load, i3 4, i16 %c_row_major_4_2_load, i3 5, i16 %c_row_major_5_2_load, i3 6, i16 %c_row_major_6_2_load, i3 7, i16 %c_row_major_7_2_load, i16 0, i3 %trunc_ln81" [mmult.cpp:84]   --->   Operation 254 'sparsemux' 'tmp_2' <Predicate = true> <Delay = 0.72> <CoreInst = "SparseMux">   --->   Core 147 'SparseMux' <Latency = 0> <II = 1> <Delay = 0.72> <FuncUnit> <Opcode : 'sparsemux'> <InPorts = 2> <OutPorts = 1>
ST_2 : Operation 255 [1/2] (0.67ns)   --->   "%c_row_major_0_3_load = load i4 %c_row_major_0_3_addr" [mmult.cpp:84]   --->   Operation 255 'load' 'c_row_major_0_3_load' <Predicate = true> <Delay = 0.67> <CoreInst = "RAM">   --->   Core 83 'RAM' <Latency = 1> <II = 1> <Delay = 0.67> <Storage> <Opcode : 'load' 'store'> <Ports = 2> <Width = 16> <Depth = 16> <RAM>
ST_2 : Operation 256 [1/2] (0.67ns)   --->   "%c_row_major_1_3_load = load i4 %c_row_major_1_3_addr" [mmult.cpp:84]   --->   Operation 256 'load' 'c_row_major_1_3_load' <Predicate = true> <Delay = 0.67> <CoreInst = "RAM">   --->   Core 83 'RAM' <Latency = 1> <II = 1> <Delay = 0.67> <Storage> <Opcode : 'load' 'store'> <Ports = 2> <Width = 16> <Depth = 16> <RAM>
ST_2 : Operation 257 [1/2] (0.67ns)   --->   "%c_row_major_2_3_load = load i4 %c_row_major_2_3_addr" [mmult.cpp:84]   --->   Operation 257 'load' 'c_row_major_2_3_load' <Predicate = true> <Delay = 0.67> <CoreInst = "RAM">   --->   Core 83 'RAM' <Latency = 1> <II = 1> <Delay = 0.67> <Storage> <Opcode : 'load' 'store'> <Ports = 2> <Width = 16> <Depth = 16> <RAM>
ST_2 : Operation 258 [1/2] (0.67ns)   --->   "%c_row_major_3_3_load = load i4 %c_row_major_3_3_addr" [mmult.cpp:84]   --->   Operation 258 'load' 'c_row_major_3_3_load' <Predicate = true> <Delay = 0.67> <CoreInst = "RAM">   --->   Core 83 'RAM' <Latency = 1> <II = 1> <Delay = 0.67> <Storage> <Opcode : 'load' 'store'> <Ports = 2> <Width = 16> <Depth = 16> <RAM>
ST_2 : Operation 259 [1/2] (0.67ns)   --->   "%c_row_major_4_3_load = load i4 %c_row_major_4_3_addr" [mmult.cpp:84]   --->   Operation 259 'load' 'c_row_major_4_3_load' <Predicate = true> <Delay = 0.67> <CoreInst = "RAM">   --->   Core 83 'RAM' <Latency = 1> <II = 1> <Delay = 0.67> <Storage> <Opcode : 'load' 'store'> <Ports = 2> <Width = 16> <Depth = 16> <RAM>
ST_2 : Operation 260 [1/2] (0.67ns)   --->   "%c_row_major_5_3_load = load i4 %c_row_major_5_3_addr" [mmult.cpp:84]   --->   Operation 260 'load' 'c_row_major_5_3_load' <Predicate = true> <Delay = 0.67> <CoreInst = "RAM">   --->   Core 83 'RAM' <Latency = 1> <II = 1> <Delay = 0.67> <Storage> <Opcode : 'load' 'store'> <Ports = 2> <Width = 16> <Depth = 16> <RAM>
ST_2 : Operation 261 [1/2] (0.67ns)   --->   "%c_row_major_6_3_load = load i4 %c_row_major_6_3_addr" [mmult.cpp:84]   --->   Operation 261 'load' 'c_row_major_6_3_load' <Predicate = true> <Delay = 0.67> <CoreInst = "RAM">   --->   Core 83 'RAM' <Latency = 1> <II = 1> <Delay = 0.67> <Storage> <Opcode : 'load' 'store'> <Ports = 2> <Width = 16> <Depth = 16> <RAM>
ST_2 : Operation 262 [1/2] (0.67ns)   --->   "%c_row_major_7_3_load = load i4 %c_row_major_7_3_addr" [mmult.cpp:84]   --->   Operation 262 'load' 'c_row_major_7_3_load' <Predicate = true> <Delay = 0.67> <CoreInst = "RAM">   --->   Core 83 'RAM' <Latency = 1> <II = 1> <Delay = 0.67> <Storage> <Opcode : 'load' 'store'> <Ports = 2> <Width = 16> <Depth = 16> <RAM>
ST_2 : Operation 263 [1/1] (0.72ns)   --->   "%tmp_3 = sparsemux i16 @_ssdm_op_SparseMux.ap_auto.8i16.i16.i3, i3 0, i16 %c_row_major_0_3_load, i3 1, i16 %c_row_major_1_3_load, i3 2, i16 %c_row_major_2_3_load, i3 3, i16 %c_row_major_3_3_load, i3 4, i16 %c_row_major_4_3_load, i3 5, i16 %c_row_major_5_3_load, i3 6, i16 %c_row_major_6_3_load, i3 7, i16 %c_row_major_7_3_load, i16 0, i3 %trunc_ln81" [mmult.cpp:84]   --->   Operation 263 'sparsemux' 'tmp_3' <Predicate = true> <Delay = 0.72> <CoreInst = "SparseMux">   --->   Core 147 'SparseMux' <Latency = 0> <II = 1> <Delay = 0.72> <FuncUnit> <Opcode : 'sparsemux'> <InPorts = 2> <OutPorts = 1>
ST_2 : Operation 264 [1/2] (0.67ns)   --->   "%c_row_major_0_4_load = load i4 %c_row_major_0_4_addr" [mmult.cpp:84]   --->   Operation 264 'load' 'c_row_major_0_4_load' <Predicate = true> <Delay = 0.67> <CoreInst = "RAM">   --->   Core 83 'RAM' <Latency = 1> <II = 1> <Delay = 0.67> <Storage> <Opcode : 'load' 'store'> <Ports = 2> <Width = 16> <Depth = 16> <RAM>
ST_2 : Operation 265 [1/2] (0.67ns)   --->   "%c_row_major_1_4_load = load i4 %c_row_major_1_4_addr" [mmult.cpp:84]   --->   Operation 265 'load' 'c_row_major_1_4_load' <Predicate = true> <Delay = 0.67> <CoreInst = "RAM">   --->   Core 83 'RAM' <Latency = 1> <II = 1> <Delay = 0.67> <Storage> <Opcode : 'load' 'store'> <Ports = 2> <Width = 16> <Depth = 16> <RAM>
ST_2 : Operation 266 [1/2] (0.67ns)   --->   "%c_row_major_2_4_load = load i4 %c_row_major_2_4_addr" [mmult.cpp:84]   --->   Operation 266 'load' 'c_row_major_2_4_load' <Predicate = true> <Delay = 0.67> <CoreInst = "RAM">   --->   Core 83 'RAM' <Latency = 1> <II = 1> <Delay = 0.67> <Storage> <Opcode : 'load' 'store'> <Ports = 2> <Width = 16> <Depth = 16> <RAM>
ST_2 : Operation 267 [1/2] (0.67ns)   --->   "%c_row_major_3_4_load = load i4 %c_row_major_3_4_addr" [mmult.cpp:84]   --->   Operation 267 'load' 'c_row_major_3_4_load' <Predicate = true> <Delay = 0.67> <CoreInst = "RAM">   --->   Core 83 'RAM' <Latency = 1> <II = 1> <Delay = 0.67> <Storage> <Opcode : 'load' 'store'> <Ports = 2> <Width = 16> <Depth = 16> <RAM>
ST_2 : Operation 268 [1/2] (0.67ns)   --->   "%c_row_major_4_4_load = load i4 %c_row_major_4_4_addr" [mmult.cpp:84]   --->   Operation 268 'load' 'c_row_major_4_4_load' <Predicate = true> <Delay = 0.67> <CoreInst = "RAM">   --->   Core 83 'RAM' <Latency = 1> <II = 1> <Delay = 0.67> <Storage> <Opcode : 'load' 'store'> <Ports = 2> <Width = 16> <Depth = 16> <RAM>
ST_2 : Operation 269 [1/2] (0.67ns)   --->   "%c_row_major_5_4_load = load i4 %c_row_major_5_4_addr" [mmult.cpp:84]   --->   Operation 269 'load' 'c_row_major_5_4_load' <Predicate = true> <Delay = 0.67> <CoreInst = "RAM">   --->   Core 83 'RAM' <Latency = 1> <II = 1> <Delay = 0.67> <Storage> <Opcode : 'load' 'store'> <Ports = 2> <Width = 16> <Depth = 16> <RAM>
ST_2 : Operation 270 [1/2] (0.67ns)   --->   "%c_row_major_6_4_load = load i4 %c_row_major_6_4_addr" [mmult.cpp:84]   --->   Operation 270 'load' 'c_row_major_6_4_load' <Predicate = true> <Delay = 0.67> <CoreInst = "RAM">   --->   Core 83 'RAM' <Latency = 1> <II = 1> <Delay = 0.67> <Storage> <Opcode : 'load' 'store'> <Ports = 2> <Width = 16> <Depth = 16> <RAM>
ST_2 : Operation 271 [1/2] (0.67ns)   --->   "%c_row_major_7_4_load = load i4 %c_row_major_7_4_addr" [mmult.cpp:84]   --->   Operation 271 'load' 'c_row_major_7_4_load' <Predicate = true> <Delay = 0.67> <CoreInst = "RAM">   --->   Core 83 'RAM' <Latency = 1> <II = 1> <Delay = 0.67> <Storage> <Opcode : 'load' 'store'> <Ports = 2> <Width = 16> <Depth = 16> <RAM>
ST_2 : Operation 272 [1/1] (0.72ns)   --->   "%tmp_4 = sparsemux i16 @_ssdm_op_SparseMux.ap_auto.8i16.i16.i3, i3 0, i16 %c_row_major_0_4_load, i3 1, i16 %c_row_major_1_4_load, i3 2, i16 %c_row_major_2_4_load, i3 3, i16 %c_row_major_3_4_load, i3 4, i16 %c_row_major_4_4_load, i3 5, i16 %c_row_major_5_4_load, i3 6, i16 %c_row_major_6_4_load, i3 7, i16 %c_row_major_7_4_load, i16 0, i3 %trunc_ln81" [mmult.cpp:84]   --->   Operation 272 'sparsemux' 'tmp_4' <Predicate = true> <Delay = 0.72> <CoreInst = "SparseMux">   --->   Core 147 'SparseMux' <Latency = 0> <II = 1> <Delay = 0.72> <FuncUnit> <Opcode : 'sparsemux'> <InPorts = 2> <OutPorts = 1>
ST_2 : Operation 273 [1/2] (0.67ns)   --->   "%c_row_major_0_5_load = load i4 %c_row_major_0_5_addr" [mmult.cpp:84]   --->   Operation 273 'load' 'c_row_major_0_5_load' <Predicate = true> <Delay = 0.67> <CoreInst = "RAM">   --->   Core 83 'RAM' <Latency = 1> <II = 1> <Delay = 0.67> <Storage> <Opcode : 'load' 'store'> <Ports = 2> <Width = 16> <Depth = 16> <RAM>
ST_2 : Operation 274 [1/2] (0.67ns)   --->   "%c_row_major_1_5_load = load i4 %c_row_major_1_5_addr" [mmult.cpp:84]   --->   Operation 274 'load' 'c_row_major_1_5_load' <Predicate = true> <Delay = 0.67> <CoreInst = "RAM">   --->   Core 83 'RAM' <Latency = 1> <II = 1> <Delay = 0.67> <Storage> <Opcode : 'load' 'store'> <Ports = 2> <Width = 16> <Depth = 16> <RAM>
ST_2 : Operation 275 [1/2] (0.67ns)   --->   "%c_row_major_2_5_load = load i4 %c_row_major_2_5_addr" [mmult.cpp:84]   --->   Operation 275 'load' 'c_row_major_2_5_load' <Predicate = true> <Delay = 0.67> <CoreInst = "RAM">   --->   Core 83 'RAM' <Latency = 1> <II = 1> <Delay = 0.67> <Storage> <Opcode : 'load' 'store'> <Ports = 2> <Width = 16> <Depth = 16> <RAM>
ST_2 : Operation 276 [1/2] (0.67ns)   --->   "%c_row_major_3_5_load = load i4 %c_row_major_3_5_addr" [mmult.cpp:84]   --->   Operation 276 'load' 'c_row_major_3_5_load' <Predicate = true> <Delay = 0.67> <CoreInst = "RAM">   --->   Core 83 'RAM' <Latency = 1> <II = 1> <Delay = 0.67> <Storage> <Opcode : 'load' 'store'> <Ports = 2> <Width = 16> <Depth = 16> <RAM>
ST_2 : Operation 277 [1/2] (0.67ns)   --->   "%c_row_major_4_5_load = load i4 %c_row_major_4_5_addr" [mmult.cpp:84]   --->   Operation 277 'load' 'c_row_major_4_5_load' <Predicate = true> <Delay = 0.67> <CoreInst = "RAM">   --->   Core 83 'RAM' <Latency = 1> <II = 1> <Delay = 0.67> <Storage> <Opcode : 'load' 'store'> <Ports = 2> <Width = 16> <Depth = 16> <RAM>
ST_2 : Operation 278 [1/2] (0.67ns)   --->   "%c_row_major_5_5_load = load i4 %c_row_major_5_5_addr" [mmult.cpp:84]   --->   Operation 278 'load' 'c_row_major_5_5_load' <Predicate = true> <Delay = 0.67> <CoreInst = "RAM">   --->   Core 83 'RAM' <Latency = 1> <II = 1> <Delay = 0.67> <Storage> <Opcode : 'load' 'store'> <Ports = 2> <Width = 16> <Depth = 16> <RAM>
ST_2 : Operation 279 [1/2] (0.67ns)   --->   "%c_row_major_6_5_load = load i4 %c_row_major_6_5_addr" [mmult.cpp:84]   --->   Operation 279 'load' 'c_row_major_6_5_load' <Predicate = true> <Delay = 0.67> <CoreInst = "RAM">   --->   Core 83 'RAM' <Latency = 1> <II = 1> <Delay = 0.67> <Storage> <Opcode : 'load' 'store'> <Ports = 2> <Width = 16> <Depth = 16> <RAM>
ST_2 : Operation 280 [1/2] (0.67ns)   --->   "%c_row_major_7_5_load = load i4 %c_row_major_7_5_addr" [mmult.cpp:84]   --->   Operation 280 'load' 'c_row_major_7_5_load' <Predicate = true> <Delay = 0.67> <CoreInst = "RAM">   --->   Core 83 'RAM' <Latency = 1> <II = 1> <Delay = 0.67> <Storage> <Opcode : 'load' 'store'> <Ports = 2> <Width = 16> <Depth = 16> <RAM>
ST_2 : Operation 281 [1/1] (0.72ns)   --->   "%tmp_5 = sparsemux i16 @_ssdm_op_SparseMux.ap_auto.8i16.i16.i3, i3 0, i16 %c_row_major_0_5_load, i3 1, i16 %c_row_major_1_5_load, i3 2, i16 %c_row_major_2_5_load, i3 3, i16 %c_row_major_3_5_load, i3 4, i16 %c_row_major_4_5_load, i3 5, i16 %c_row_major_5_5_load, i3 6, i16 %c_row_major_6_5_load, i3 7, i16 %c_row_major_7_5_load, i16 0, i3 %trunc_ln81" [mmult.cpp:84]   --->   Operation 281 'sparsemux' 'tmp_5' <Predicate = true> <Delay = 0.72> <CoreInst = "SparseMux">   --->   Core 147 'SparseMux' <Latency = 0> <II = 1> <Delay = 0.72> <FuncUnit> <Opcode : 'sparsemux'> <InPorts = 2> <OutPorts = 1>
ST_2 : Operation 282 [1/2] (0.67ns)   --->   "%c_row_major_0_6_load = load i4 %c_row_major_0_6_addr" [mmult.cpp:84]   --->   Operation 282 'load' 'c_row_major_0_6_load' <Predicate = true> <Delay = 0.67> <CoreInst = "RAM">   --->   Core 83 'RAM' <Latency = 1> <II = 1> <Delay = 0.67> <Storage> <Opcode : 'load' 'store'> <Ports = 2> <Width = 16> <Depth = 16> <RAM>
ST_2 : Operation 283 [1/2] (0.67ns)   --->   "%c_row_major_1_6_load = load i4 %c_row_major_1_6_addr" [mmult.cpp:84]   --->   Operation 283 'load' 'c_row_major_1_6_load' <Predicate = true> <Delay = 0.67> <CoreInst = "RAM">   --->   Core 83 'RAM' <Latency = 1> <II = 1> <Delay = 0.67> <Storage> <Opcode : 'load' 'store'> <Ports = 2> <Width = 16> <Depth = 16> <RAM>
ST_2 : Operation 284 [1/2] (0.67ns)   --->   "%c_row_major_2_6_load = load i4 %c_row_major_2_6_addr" [mmult.cpp:84]   --->   Operation 284 'load' 'c_row_major_2_6_load' <Predicate = true> <Delay = 0.67> <CoreInst = "RAM">   --->   Core 83 'RAM' <Latency = 1> <II = 1> <Delay = 0.67> <Storage> <Opcode : 'load' 'store'> <Ports = 2> <Width = 16> <Depth = 16> <RAM>
ST_2 : Operation 285 [1/2] (0.67ns)   --->   "%c_row_major_3_6_load = load i4 %c_row_major_3_6_addr" [mmult.cpp:84]   --->   Operation 285 'load' 'c_row_major_3_6_load' <Predicate = true> <Delay = 0.67> <CoreInst = "RAM">   --->   Core 83 'RAM' <Latency = 1> <II = 1> <Delay = 0.67> <Storage> <Opcode : 'load' 'store'> <Ports = 2> <Width = 16> <Depth = 16> <RAM>
ST_2 : Operation 286 [1/2] (0.67ns)   --->   "%c_row_major_4_6_load = load i4 %c_row_major_4_6_addr" [mmult.cpp:84]   --->   Operation 286 'load' 'c_row_major_4_6_load' <Predicate = true> <Delay = 0.67> <CoreInst = "RAM">   --->   Core 83 'RAM' <Latency = 1> <II = 1> <Delay = 0.67> <Storage> <Opcode : 'load' 'store'> <Ports = 2> <Width = 16> <Depth = 16> <RAM>
ST_2 : Operation 287 [1/2] (0.67ns)   --->   "%c_row_major_5_6_load = load i4 %c_row_major_5_6_addr" [mmult.cpp:84]   --->   Operation 287 'load' 'c_row_major_5_6_load' <Predicate = true> <Delay = 0.67> <CoreInst = "RAM">   --->   Core 83 'RAM' <Latency = 1> <II = 1> <Delay = 0.67> <Storage> <Opcode : 'load' 'store'> <Ports = 2> <Width = 16> <Depth = 16> <RAM>
ST_2 : Operation 288 [1/2] (0.67ns)   --->   "%c_row_major_6_6_load = load i4 %c_row_major_6_6_addr" [mmult.cpp:84]   --->   Operation 288 'load' 'c_row_major_6_6_load' <Predicate = true> <Delay = 0.67> <CoreInst = "RAM">   --->   Core 83 'RAM' <Latency = 1> <II = 1> <Delay = 0.67> <Storage> <Opcode : 'load' 'store'> <Ports = 2> <Width = 16> <Depth = 16> <RAM>
ST_2 : Operation 289 [1/2] (0.67ns)   --->   "%c_row_major_7_6_load = load i4 %c_row_major_7_6_addr" [mmult.cpp:84]   --->   Operation 289 'load' 'c_row_major_7_6_load' <Predicate = true> <Delay = 0.67> <CoreInst = "RAM">   --->   Core 83 'RAM' <Latency = 1> <II = 1> <Delay = 0.67> <Storage> <Opcode : 'load' 'store'> <Ports = 2> <Width = 16> <Depth = 16> <RAM>
ST_2 : Operation 290 [1/1] (0.72ns)   --->   "%tmp_6 = sparsemux i16 @_ssdm_op_SparseMux.ap_auto.8i16.i16.i3, i3 0, i16 %c_row_major_0_6_load, i3 1, i16 %c_row_major_1_6_load, i3 2, i16 %c_row_major_2_6_load, i3 3, i16 %c_row_major_3_6_load, i3 4, i16 %c_row_major_4_6_load, i3 5, i16 %c_row_major_5_6_load, i3 6, i16 %c_row_major_6_6_load, i3 7, i16 %c_row_major_7_6_load, i16 0, i3 %trunc_ln81" [mmult.cpp:84]   --->   Operation 290 'sparsemux' 'tmp_6' <Predicate = true> <Delay = 0.72> <CoreInst = "SparseMux">   --->   Core 147 'SparseMux' <Latency = 0> <II = 1> <Delay = 0.72> <FuncUnit> <Opcode : 'sparsemux'> <InPorts = 2> <OutPorts = 1>
ST_2 : Operation 291 [1/2] (0.67ns)   --->   "%c_row_major_0_7_load = load i4 %c_row_major_0_7_addr" [mmult.cpp:84]   --->   Operation 291 'load' 'c_row_major_0_7_load' <Predicate = true> <Delay = 0.67> <CoreInst = "RAM">   --->   Core 83 'RAM' <Latency = 1> <II = 1> <Delay = 0.67> <Storage> <Opcode : 'load' 'store'> <Ports = 2> <Width = 16> <Depth = 16> <RAM>
ST_2 : Operation 292 [1/2] (0.67ns)   --->   "%c_row_major_1_7_load = load i4 %c_row_major_1_7_addr" [mmult.cpp:84]   --->   Operation 292 'load' 'c_row_major_1_7_load' <Predicate = true> <Delay = 0.67> <CoreInst = "RAM">   --->   Core 83 'RAM' <Latency = 1> <II = 1> <Delay = 0.67> <Storage> <Opcode : 'load' 'store'> <Ports = 2> <Width = 16> <Depth = 16> <RAM>
ST_2 : Operation 293 [1/2] (0.67ns)   --->   "%c_row_major_2_7_load = load i4 %c_row_major_2_7_addr" [mmult.cpp:84]   --->   Operation 293 'load' 'c_row_major_2_7_load' <Predicate = true> <Delay = 0.67> <CoreInst = "RAM">   --->   Core 83 'RAM' <Latency = 1> <II = 1> <Delay = 0.67> <Storage> <Opcode : 'load' 'store'> <Ports = 2> <Width = 16> <Depth = 16> <RAM>
ST_2 : Operation 294 [1/2] (0.67ns)   --->   "%c_row_major_3_7_load = load i4 %c_row_major_3_7_addr" [mmult.cpp:84]   --->   Operation 294 'load' 'c_row_major_3_7_load' <Predicate = true> <Delay = 0.67> <CoreInst = "RAM">   --->   Core 83 'RAM' <Latency = 1> <II = 1> <Delay = 0.67> <Storage> <Opcode : 'load' 'store'> <Ports = 2> <Width = 16> <Depth = 16> <RAM>
ST_2 : Operation 295 [1/2] (0.67ns)   --->   "%c_row_major_4_7_load = load i4 %c_row_major_4_7_addr" [mmult.cpp:84]   --->   Operation 295 'load' 'c_row_major_4_7_load' <Predicate = true> <Delay = 0.67> <CoreInst = "RAM">   --->   Core 83 'RAM' <Latency = 1> <II = 1> <Delay = 0.67> <Storage> <Opcode : 'load' 'store'> <Ports = 2> <Width = 16> <Depth = 16> <RAM>
ST_2 : Operation 296 [1/2] (0.67ns)   --->   "%c_row_major_5_7_load = load i4 %c_row_major_5_7_addr" [mmult.cpp:84]   --->   Operation 296 'load' 'c_row_major_5_7_load' <Predicate = true> <Delay = 0.67> <CoreInst = "RAM">   --->   Core 83 'RAM' <Latency = 1> <II = 1> <Delay = 0.67> <Storage> <Opcode : 'load' 'store'> <Ports = 2> <Width = 16> <Depth = 16> <RAM>
ST_2 : Operation 297 [1/2] (0.67ns)   --->   "%c_row_major_6_7_load = load i4 %c_row_major_6_7_addr" [mmult.cpp:84]   --->   Operation 297 'load' 'c_row_major_6_7_load' <Predicate = true> <Delay = 0.67> <CoreInst = "RAM">   --->   Core 83 'RAM' <Latency = 1> <II = 1> <Delay = 0.67> <Storage> <Opcode : 'load' 'store'> <Ports = 2> <Width = 16> <Depth = 16> <RAM>
ST_2 : Operation 298 [1/2] (0.67ns)   --->   "%c_row_major_7_7_load = load i4 %c_row_major_7_7_addr" [mmult.cpp:84]   --->   Operation 298 'load' 'c_row_major_7_7_load' <Predicate = true> <Delay = 0.67> <CoreInst = "RAM">   --->   Core 83 'RAM' <Latency = 1> <II = 1> <Delay = 0.67> <Storage> <Opcode : 'load' 'store'> <Ports = 2> <Width = 16> <Depth = 16> <RAM>
ST_2 : Operation 299 [1/1] (0.72ns)   --->   "%tmp_7 = sparsemux i16 @_ssdm_op_SparseMux.ap_auto.8i16.i16.i3, i3 0, i16 %c_row_major_0_7_load, i3 1, i16 %c_row_major_1_7_load, i3 2, i16 %c_row_major_2_7_load, i3 3, i16 %c_row_major_3_7_load, i3 4, i16 %c_row_major_4_7_load, i3 5, i16 %c_row_major_5_7_load, i3 6, i16 %c_row_major_6_7_load, i3 7, i16 %c_row_major_7_7_load, i16 0, i3 %trunc_ln81" [mmult.cpp:84]   --->   Operation 299 'sparsemux' 'tmp_7' <Predicate = true> <Delay = 0.72> <CoreInst = "SparseMux">   --->   Core 147 'SparseMux' <Latency = 0> <II = 1> <Delay = 0.72> <FuncUnit> <Opcode : 'sparsemux'> <InPorts = 2> <OutPorts = 1>
ST_2 : Operation 300 [1/1] (0.67ns)   --->   "%store_ln84 = store i16 %tmp, i4 %acc_48_addr" [mmult.cpp:84]   --->   Operation 300 'store' 'store_ln84' <Predicate = (trunc_ln81 == 6)> <Delay = 0.67> <CoreInst = "RAM">   --->   Core 83 'RAM' <Latency = 1> <II = 1> <Delay = 0.67> <Storage> <Opcode : 'load' 'store'> <Ports = 2> <Width = 16> <Depth = 16> <RAM>
ST_2 : Operation 301 [1/1] (0.67ns)   --->   "%store_ln84 = store i16 %tmp_1, i4 %acc_49_addr" [mmult.cpp:84]   --->   Operation 301 'store' 'store_ln84' <Predicate = (trunc_ln81 == 6)> <Delay = 0.67> <CoreInst = "RAM">   --->   Core 83 'RAM' <Latency = 1> <II = 1> <Delay = 0.67> <Storage> <Opcode : 'load' 'store'> <Ports = 2> <Width = 16> <Depth = 16> <RAM>
ST_2 : Operation 302 [1/1] (0.67ns)   --->   "%store_ln84 = store i16 %tmp_2, i4 %acc_50_addr" [mmult.cpp:84]   --->   Operation 302 'store' 'store_ln84' <Predicate = (trunc_ln81 == 6)> <Delay = 0.67> <CoreInst = "RAM">   --->   Core 83 'RAM' <Latency = 1> <II = 1> <Delay = 0.67> <Storage> <Opcode : 'load' 'store'> <Ports = 2> <Width = 16> <Depth = 16> <RAM>
ST_2 : Operation 303 [1/1] (0.67ns)   --->   "%store_ln84 = store i16 %tmp_3, i4 %acc_51_addr" [mmult.cpp:84]   --->   Operation 303 'store' 'store_ln84' <Predicate = (trunc_ln81 == 6)> <Delay = 0.67> <CoreInst = "RAM">   --->   Core 83 'RAM' <Latency = 1> <II = 1> <Delay = 0.67> <Storage> <Opcode : 'load' 'store'> <Ports = 2> <Width = 16> <Depth = 16> <RAM>
ST_2 : Operation 304 [1/1] (0.67ns)   --->   "%store_ln84 = store i16 %tmp_4, i4 %acc_52_addr" [mmult.cpp:84]   --->   Operation 304 'store' 'store_ln84' <Predicate = (trunc_ln81 == 6)> <Delay = 0.67> <CoreInst = "RAM">   --->   Core 83 'RAM' <Latency = 1> <II = 1> <Delay = 0.67> <Storage> <Opcode : 'load' 'store'> <Ports = 2> <Width = 16> <Depth = 16> <RAM>
ST_2 : Operation 305 [1/1] (0.67ns)   --->   "%store_ln84 = store i16 %tmp_5, i4 %acc_53_addr" [mmult.cpp:84]   --->   Operation 305 'store' 'store_ln84' <Predicate = (trunc_ln81 == 6)> <Delay = 0.67> <CoreInst = "RAM">   --->   Core 83 'RAM' <Latency = 1> <II = 1> <Delay = 0.67> <Storage> <Opcode : 'load' 'store'> <Ports = 2> <Width = 16> <Depth = 16> <RAM>
ST_2 : Operation 306 [1/1] (0.67ns)   --->   "%store_ln84 = store i16 %tmp_6, i4 %acc_54_addr" [mmult.cpp:84]   --->   Operation 306 'store' 'store_ln84' <Predicate = (trunc_ln81 == 6)> <Delay = 0.67> <CoreInst = "RAM">   --->   Core 83 'RAM' <Latency = 1> <II = 1> <Delay = 0.67> <Storage> <Opcode : 'load' 'store'> <Ports = 2> <Width = 16> <Depth = 16> <RAM>
ST_2 : Operation 307 [1/1] (0.67ns)   --->   "%store_ln84 = store i16 %tmp_7, i4 %acc_55_addr" [mmult.cpp:84]   --->   Operation 307 'store' 'store_ln84' <Predicate = (trunc_ln81 == 6)> <Delay = 0.67> <CoreInst = "RAM">   --->   Core 83 'RAM' <Latency = 1> <II = 1> <Delay = 0.67> <Storage> <Opcode : 'load' 'store'> <Ports = 2> <Width = 16> <Depth = 16> <RAM>
ST_2 : Operation 308 [1/1] (0.00ns)   --->   "%br_ln84 = br void %arrayidx108.7.exit" [mmult.cpp:84]   --->   Operation 308 'br' 'br_ln84' <Predicate = (trunc_ln81 == 6)> <Delay = 0.00>
ST_2 : Operation 309 [1/1] (0.67ns)   --->   "%store_ln84 = store i16 %tmp, i4 %acc_40_addr" [mmult.cpp:84]   --->   Operation 309 'store' 'store_ln84' <Predicate = (trunc_ln81 == 5)> <Delay = 0.67> <CoreInst = "RAM">   --->   Core 83 'RAM' <Latency = 1> <II = 1> <Delay = 0.67> <Storage> <Opcode : 'load' 'store'> <Ports = 2> <Width = 16> <Depth = 16> <RAM>
ST_2 : Operation 310 [1/1] (0.67ns)   --->   "%store_ln84 = store i16 %tmp_1, i4 %acc_41_addr" [mmult.cpp:84]   --->   Operation 310 'store' 'store_ln84' <Predicate = (trunc_ln81 == 5)> <Delay = 0.67> <CoreInst = "RAM">   --->   Core 83 'RAM' <Latency = 1> <II = 1> <Delay = 0.67> <Storage> <Opcode : 'load' 'store'> <Ports = 2> <Width = 16> <Depth = 16> <RAM>
ST_2 : Operation 311 [1/1] (0.67ns)   --->   "%store_ln84 = store i16 %tmp_2, i4 %acc_42_addr" [mmult.cpp:84]   --->   Operation 311 'store' 'store_ln84' <Predicate = (trunc_ln81 == 5)> <Delay = 0.67> <CoreInst = "RAM">   --->   Core 83 'RAM' <Latency = 1> <II = 1> <Delay = 0.67> <Storage> <Opcode : 'load' 'store'> <Ports = 2> <Width = 16> <Depth = 16> <RAM>
ST_2 : Operation 312 [1/1] (0.67ns)   --->   "%store_ln84 = store i16 %tmp_3, i4 %acc_43_addr" [mmult.cpp:84]   --->   Operation 312 'store' 'store_ln84' <Predicate = (trunc_ln81 == 5)> <Delay = 0.67> <CoreInst = "RAM">   --->   Core 83 'RAM' <Latency = 1> <II = 1> <Delay = 0.67> <Storage> <Opcode : 'load' 'store'> <Ports = 2> <Width = 16> <Depth = 16> <RAM>
ST_2 : Operation 313 [1/1] (0.67ns)   --->   "%store_ln84 = store i16 %tmp_4, i4 %acc_44_addr" [mmult.cpp:84]   --->   Operation 313 'store' 'store_ln84' <Predicate = (trunc_ln81 == 5)> <Delay = 0.67> <CoreInst = "RAM">   --->   Core 83 'RAM' <Latency = 1> <II = 1> <Delay = 0.67> <Storage> <Opcode : 'load' 'store'> <Ports = 2> <Width = 16> <Depth = 16> <RAM>
ST_2 : Operation 314 [1/1] (0.67ns)   --->   "%store_ln84 = store i16 %tmp_5, i4 %acc_45_addr" [mmult.cpp:84]   --->   Operation 314 'store' 'store_ln84' <Predicate = (trunc_ln81 == 5)> <Delay = 0.67> <CoreInst = "RAM">   --->   Core 83 'RAM' <Latency = 1> <II = 1> <Delay = 0.67> <Storage> <Opcode : 'load' 'store'> <Ports = 2> <Width = 16> <Depth = 16> <RAM>
ST_2 : Operation 315 [1/1] (0.67ns)   --->   "%store_ln84 = store i16 %tmp_6, i4 %acc_46_addr" [mmult.cpp:84]   --->   Operation 315 'store' 'store_ln84' <Predicate = (trunc_ln81 == 5)> <Delay = 0.67> <CoreInst = "RAM">   --->   Core 83 'RAM' <Latency = 1> <II = 1> <Delay = 0.67> <Storage> <Opcode : 'load' 'store'> <Ports = 2> <Width = 16> <Depth = 16> <RAM>
ST_2 : Operation 316 [1/1] (0.67ns)   --->   "%store_ln84 = store i16 %tmp_7, i4 %acc_47_addr" [mmult.cpp:84]   --->   Operation 316 'store' 'store_ln84' <Predicate = (trunc_ln81 == 5)> <Delay = 0.67> <CoreInst = "RAM">   --->   Core 83 'RAM' <Latency = 1> <II = 1> <Delay = 0.67> <Storage> <Opcode : 'load' 'store'> <Ports = 2> <Width = 16> <Depth = 16> <RAM>
ST_2 : Operation 317 [1/1] (0.00ns)   --->   "%br_ln84 = br void %arrayidx108.7.exit" [mmult.cpp:84]   --->   Operation 317 'br' 'br_ln84' <Predicate = (trunc_ln81 == 5)> <Delay = 0.00>
ST_2 : Operation 318 [1/1] (0.67ns)   --->   "%store_ln84 = store i16 %tmp, i4 %acc_32_addr" [mmult.cpp:84]   --->   Operation 318 'store' 'store_ln84' <Predicate = (trunc_ln81 == 4)> <Delay = 0.67> <CoreInst = "RAM">   --->   Core 83 'RAM' <Latency = 1> <II = 1> <Delay = 0.67> <Storage> <Opcode : 'load' 'store'> <Ports = 2> <Width = 16> <Depth = 16> <RAM>
ST_2 : Operation 319 [1/1] (0.67ns)   --->   "%store_ln84 = store i16 %tmp_1, i4 %acc_33_addr" [mmult.cpp:84]   --->   Operation 319 'store' 'store_ln84' <Predicate = (trunc_ln81 == 4)> <Delay = 0.67> <CoreInst = "RAM">   --->   Core 83 'RAM' <Latency = 1> <II = 1> <Delay = 0.67> <Storage> <Opcode : 'load' 'store'> <Ports = 2> <Width = 16> <Depth = 16> <RAM>
ST_2 : Operation 320 [1/1] (0.67ns)   --->   "%store_ln84 = store i16 %tmp_2, i4 %acc_34_addr" [mmult.cpp:84]   --->   Operation 320 'store' 'store_ln84' <Predicate = (trunc_ln81 == 4)> <Delay = 0.67> <CoreInst = "RAM">   --->   Core 83 'RAM' <Latency = 1> <II = 1> <Delay = 0.67> <Storage> <Opcode : 'load' 'store'> <Ports = 2> <Width = 16> <Depth = 16> <RAM>
ST_2 : Operation 321 [1/1] (0.67ns)   --->   "%store_ln84 = store i16 %tmp_3, i4 %acc_35_addr" [mmult.cpp:84]   --->   Operation 321 'store' 'store_ln84' <Predicate = (trunc_ln81 == 4)> <Delay = 0.67> <CoreInst = "RAM">   --->   Core 83 'RAM' <Latency = 1> <II = 1> <Delay = 0.67> <Storage> <Opcode : 'load' 'store'> <Ports = 2> <Width = 16> <Depth = 16> <RAM>
ST_2 : Operation 322 [1/1] (0.67ns)   --->   "%store_ln84 = store i16 %tmp_4, i4 %acc_36_addr" [mmult.cpp:84]   --->   Operation 322 'store' 'store_ln84' <Predicate = (trunc_ln81 == 4)> <Delay = 0.67> <CoreInst = "RAM">   --->   Core 83 'RAM' <Latency = 1> <II = 1> <Delay = 0.67> <Storage> <Opcode : 'load' 'store'> <Ports = 2> <Width = 16> <Depth = 16> <RAM>
ST_2 : Operation 323 [1/1] (0.67ns)   --->   "%store_ln84 = store i16 %tmp_5, i4 %acc_37_addr" [mmult.cpp:84]   --->   Operation 323 'store' 'store_ln84' <Predicate = (trunc_ln81 == 4)> <Delay = 0.67> <CoreInst = "RAM">   --->   Core 83 'RAM' <Latency = 1> <II = 1> <Delay = 0.67> <Storage> <Opcode : 'load' 'store'> <Ports = 2> <Width = 16> <Depth = 16> <RAM>
ST_2 : Operation 324 [1/1] (0.67ns)   --->   "%store_ln84 = store i16 %tmp_6, i4 %acc_38_addr" [mmult.cpp:84]   --->   Operation 324 'store' 'store_ln84' <Predicate = (trunc_ln81 == 4)> <Delay = 0.67> <CoreInst = "RAM">   --->   Core 83 'RAM' <Latency = 1> <II = 1> <Delay = 0.67> <Storage> <Opcode : 'load' 'store'> <Ports = 2> <Width = 16> <Depth = 16> <RAM>
ST_2 : Operation 325 [1/1] (0.67ns)   --->   "%store_ln84 = store i16 %tmp_7, i4 %acc_39_addr" [mmult.cpp:84]   --->   Operation 325 'store' 'store_ln84' <Predicate = (trunc_ln81 == 4)> <Delay = 0.67> <CoreInst = "RAM">   --->   Core 83 'RAM' <Latency = 1> <II = 1> <Delay = 0.67> <Storage> <Opcode : 'load' 'store'> <Ports = 2> <Width = 16> <Depth = 16> <RAM>
ST_2 : Operation 326 [1/1] (0.00ns)   --->   "%br_ln84 = br void %arrayidx108.7.exit" [mmult.cpp:84]   --->   Operation 326 'br' 'br_ln84' <Predicate = (trunc_ln81 == 4)> <Delay = 0.00>
ST_2 : Operation 327 [1/1] (0.67ns)   --->   "%store_ln84 = store i16 %tmp, i4 %acc_24_addr" [mmult.cpp:84]   --->   Operation 327 'store' 'store_ln84' <Predicate = (trunc_ln81 == 3)> <Delay = 0.67> <CoreInst = "RAM">   --->   Core 83 'RAM' <Latency = 1> <II = 1> <Delay = 0.67> <Storage> <Opcode : 'load' 'store'> <Ports = 2> <Width = 16> <Depth = 16> <RAM>
ST_2 : Operation 328 [1/1] (0.67ns)   --->   "%store_ln84 = store i16 %tmp_1, i4 %acc_25_addr" [mmult.cpp:84]   --->   Operation 328 'store' 'store_ln84' <Predicate = (trunc_ln81 == 3)> <Delay = 0.67> <CoreInst = "RAM">   --->   Core 83 'RAM' <Latency = 1> <II = 1> <Delay = 0.67> <Storage> <Opcode : 'load' 'store'> <Ports = 2> <Width = 16> <Depth = 16> <RAM>
ST_2 : Operation 329 [1/1] (0.67ns)   --->   "%store_ln84 = store i16 %tmp_2, i4 %acc_26_addr" [mmult.cpp:84]   --->   Operation 329 'store' 'store_ln84' <Predicate = (trunc_ln81 == 3)> <Delay = 0.67> <CoreInst = "RAM">   --->   Core 83 'RAM' <Latency = 1> <II = 1> <Delay = 0.67> <Storage> <Opcode : 'load' 'store'> <Ports = 2> <Width = 16> <Depth = 16> <RAM>
ST_2 : Operation 330 [1/1] (0.67ns)   --->   "%store_ln84 = store i16 %tmp_3, i4 %acc_27_addr" [mmult.cpp:84]   --->   Operation 330 'store' 'store_ln84' <Predicate = (trunc_ln81 == 3)> <Delay = 0.67> <CoreInst = "RAM">   --->   Core 83 'RAM' <Latency = 1> <II = 1> <Delay = 0.67> <Storage> <Opcode : 'load' 'store'> <Ports = 2> <Width = 16> <Depth = 16> <RAM>
ST_2 : Operation 331 [1/1] (0.67ns)   --->   "%store_ln84 = store i16 %tmp_4, i4 %acc_28_addr" [mmult.cpp:84]   --->   Operation 331 'store' 'store_ln84' <Predicate = (trunc_ln81 == 3)> <Delay = 0.67> <CoreInst = "RAM">   --->   Core 83 'RAM' <Latency = 1> <II = 1> <Delay = 0.67> <Storage> <Opcode : 'load' 'store'> <Ports = 2> <Width = 16> <Depth = 16> <RAM>
ST_2 : Operation 332 [1/1] (0.67ns)   --->   "%store_ln84 = store i16 %tmp_5, i4 %acc_29_addr" [mmult.cpp:84]   --->   Operation 332 'store' 'store_ln84' <Predicate = (trunc_ln81 == 3)> <Delay = 0.67> <CoreInst = "RAM">   --->   Core 83 'RAM' <Latency = 1> <II = 1> <Delay = 0.67> <Storage> <Opcode : 'load' 'store'> <Ports = 2> <Width = 16> <Depth = 16> <RAM>
ST_2 : Operation 333 [1/1] (0.67ns)   --->   "%store_ln84 = store i16 %tmp_6, i4 %acc_30_addr" [mmult.cpp:84]   --->   Operation 333 'store' 'store_ln84' <Predicate = (trunc_ln81 == 3)> <Delay = 0.67> <CoreInst = "RAM">   --->   Core 83 'RAM' <Latency = 1> <II = 1> <Delay = 0.67> <Storage> <Opcode : 'load' 'store'> <Ports = 2> <Width = 16> <Depth = 16> <RAM>
ST_2 : Operation 334 [1/1] (0.67ns)   --->   "%store_ln84 = store i16 %tmp_7, i4 %acc_31_addr" [mmult.cpp:84]   --->   Operation 334 'store' 'store_ln84' <Predicate = (trunc_ln81 == 3)> <Delay = 0.67> <CoreInst = "RAM">   --->   Core 83 'RAM' <Latency = 1> <II = 1> <Delay = 0.67> <Storage> <Opcode : 'load' 'store'> <Ports = 2> <Width = 16> <Depth = 16> <RAM>
ST_2 : Operation 335 [1/1] (0.00ns)   --->   "%br_ln84 = br void %arrayidx108.7.exit" [mmult.cpp:84]   --->   Operation 335 'br' 'br_ln84' <Predicate = (trunc_ln81 == 3)> <Delay = 0.00>
ST_2 : Operation 336 [1/1] (0.67ns)   --->   "%store_ln84 = store i16 %tmp, i4 %acc_16_addr" [mmult.cpp:84]   --->   Operation 336 'store' 'store_ln84' <Predicate = (trunc_ln81 == 2)> <Delay = 0.67> <CoreInst = "RAM">   --->   Core 83 'RAM' <Latency = 1> <II = 1> <Delay = 0.67> <Storage> <Opcode : 'load' 'store'> <Ports = 2> <Width = 16> <Depth = 16> <RAM>
ST_2 : Operation 337 [1/1] (0.67ns)   --->   "%store_ln84 = store i16 %tmp_1, i4 %acc_17_addr" [mmult.cpp:84]   --->   Operation 337 'store' 'store_ln84' <Predicate = (trunc_ln81 == 2)> <Delay = 0.67> <CoreInst = "RAM">   --->   Core 83 'RAM' <Latency = 1> <II = 1> <Delay = 0.67> <Storage> <Opcode : 'load' 'store'> <Ports = 2> <Width = 16> <Depth = 16> <RAM>
ST_2 : Operation 338 [1/1] (0.67ns)   --->   "%store_ln84 = store i16 %tmp_2, i4 %acc_18_addr" [mmult.cpp:84]   --->   Operation 338 'store' 'store_ln84' <Predicate = (trunc_ln81 == 2)> <Delay = 0.67> <CoreInst = "RAM">   --->   Core 83 'RAM' <Latency = 1> <II = 1> <Delay = 0.67> <Storage> <Opcode : 'load' 'store'> <Ports = 2> <Width = 16> <Depth = 16> <RAM>
ST_2 : Operation 339 [1/1] (0.67ns)   --->   "%store_ln84 = store i16 %tmp_3, i4 %acc_19_addr" [mmult.cpp:84]   --->   Operation 339 'store' 'store_ln84' <Predicate = (trunc_ln81 == 2)> <Delay = 0.67> <CoreInst = "RAM">   --->   Core 83 'RAM' <Latency = 1> <II = 1> <Delay = 0.67> <Storage> <Opcode : 'load' 'store'> <Ports = 2> <Width = 16> <Depth = 16> <RAM>
ST_2 : Operation 340 [1/1] (0.67ns)   --->   "%store_ln84 = store i16 %tmp_4, i4 %acc_20_addr" [mmult.cpp:84]   --->   Operation 340 'store' 'store_ln84' <Predicate = (trunc_ln81 == 2)> <Delay = 0.67> <CoreInst = "RAM">   --->   Core 83 'RAM' <Latency = 1> <II = 1> <Delay = 0.67> <Storage> <Opcode : 'load' 'store'> <Ports = 2> <Width = 16> <Depth = 16> <RAM>
ST_2 : Operation 341 [1/1] (0.67ns)   --->   "%store_ln84 = store i16 %tmp_5, i4 %acc_21_addr" [mmult.cpp:84]   --->   Operation 341 'store' 'store_ln84' <Predicate = (trunc_ln81 == 2)> <Delay = 0.67> <CoreInst = "RAM">   --->   Core 83 'RAM' <Latency = 1> <II = 1> <Delay = 0.67> <Storage> <Opcode : 'load' 'store'> <Ports = 2> <Width = 16> <Depth = 16> <RAM>
ST_2 : Operation 342 [1/1] (0.67ns)   --->   "%store_ln84 = store i16 %tmp_6, i4 %acc_22_addr" [mmult.cpp:84]   --->   Operation 342 'store' 'store_ln84' <Predicate = (trunc_ln81 == 2)> <Delay = 0.67> <CoreInst = "RAM">   --->   Core 83 'RAM' <Latency = 1> <II = 1> <Delay = 0.67> <Storage> <Opcode : 'load' 'store'> <Ports = 2> <Width = 16> <Depth = 16> <RAM>
ST_2 : Operation 343 [1/1] (0.67ns)   --->   "%store_ln84 = store i16 %tmp_7, i4 %acc_23_addr" [mmult.cpp:84]   --->   Operation 343 'store' 'store_ln84' <Predicate = (trunc_ln81 == 2)> <Delay = 0.67> <CoreInst = "RAM">   --->   Core 83 'RAM' <Latency = 1> <II = 1> <Delay = 0.67> <Storage> <Opcode : 'load' 'store'> <Ports = 2> <Width = 16> <Depth = 16> <RAM>
ST_2 : Operation 344 [1/1] (0.00ns)   --->   "%br_ln84 = br void %arrayidx108.7.exit" [mmult.cpp:84]   --->   Operation 344 'br' 'br_ln84' <Predicate = (trunc_ln81 == 2)> <Delay = 0.00>
ST_2 : Operation 345 [1/1] (0.67ns)   --->   "%store_ln84 = store i16 %tmp, i4 %acc_8_addr" [mmult.cpp:84]   --->   Operation 345 'store' 'store_ln84' <Predicate = (trunc_ln81 == 1)> <Delay = 0.67> <CoreInst = "RAM">   --->   Core 83 'RAM' <Latency = 1> <II = 1> <Delay = 0.67> <Storage> <Opcode : 'load' 'store'> <Ports = 2> <Width = 16> <Depth = 16> <RAM>
ST_2 : Operation 346 [1/1] (0.67ns)   --->   "%store_ln84 = store i16 %tmp_1, i4 %acc_9_addr" [mmult.cpp:84]   --->   Operation 346 'store' 'store_ln84' <Predicate = (trunc_ln81 == 1)> <Delay = 0.67> <CoreInst = "RAM">   --->   Core 83 'RAM' <Latency = 1> <II = 1> <Delay = 0.67> <Storage> <Opcode : 'load' 'store'> <Ports = 2> <Width = 16> <Depth = 16> <RAM>
ST_2 : Operation 347 [1/1] (0.67ns)   --->   "%store_ln84 = store i16 %tmp_2, i4 %acc_10_addr" [mmult.cpp:84]   --->   Operation 347 'store' 'store_ln84' <Predicate = (trunc_ln81 == 1)> <Delay = 0.67> <CoreInst = "RAM">   --->   Core 83 'RAM' <Latency = 1> <II = 1> <Delay = 0.67> <Storage> <Opcode : 'load' 'store'> <Ports = 2> <Width = 16> <Depth = 16> <RAM>
ST_2 : Operation 348 [1/1] (0.67ns)   --->   "%store_ln84 = store i16 %tmp_3, i4 %acc_11_addr" [mmult.cpp:84]   --->   Operation 348 'store' 'store_ln84' <Predicate = (trunc_ln81 == 1)> <Delay = 0.67> <CoreInst = "RAM">   --->   Core 83 'RAM' <Latency = 1> <II = 1> <Delay = 0.67> <Storage> <Opcode : 'load' 'store'> <Ports = 2> <Width = 16> <Depth = 16> <RAM>
ST_2 : Operation 349 [1/1] (0.67ns)   --->   "%store_ln84 = store i16 %tmp_4, i4 %acc_12_addr" [mmult.cpp:84]   --->   Operation 349 'store' 'store_ln84' <Predicate = (trunc_ln81 == 1)> <Delay = 0.67> <CoreInst = "RAM">   --->   Core 83 'RAM' <Latency = 1> <II = 1> <Delay = 0.67> <Storage> <Opcode : 'load' 'store'> <Ports = 2> <Width = 16> <Depth = 16> <RAM>
ST_2 : Operation 350 [1/1] (0.67ns)   --->   "%store_ln84 = store i16 %tmp_5, i4 %acc_13_addr" [mmult.cpp:84]   --->   Operation 350 'store' 'store_ln84' <Predicate = (trunc_ln81 == 1)> <Delay = 0.67> <CoreInst = "RAM">   --->   Core 83 'RAM' <Latency = 1> <II = 1> <Delay = 0.67> <Storage> <Opcode : 'load' 'store'> <Ports = 2> <Width = 16> <Depth = 16> <RAM>
ST_2 : Operation 351 [1/1] (0.67ns)   --->   "%store_ln84 = store i16 %tmp_6, i4 %acc_14_addr" [mmult.cpp:84]   --->   Operation 351 'store' 'store_ln84' <Predicate = (trunc_ln81 == 1)> <Delay = 0.67> <CoreInst = "RAM">   --->   Core 83 'RAM' <Latency = 1> <II = 1> <Delay = 0.67> <Storage> <Opcode : 'load' 'store'> <Ports = 2> <Width = 16> <Depth = 16> <RAM>
ST_2 : Operation 352 [1/1] (0.67ns)   --->   "%store_ln84 = store i16 %tmp_7, i4 %acc_15_addr" [mmult.cpp:84]   --->   Operation 352 'store' 'store_ln84' <Predicate = (trunc_ln81 == 1)> <Delay = 0.67> <CoreInst = "RAM">   --->   Core 83 'RAM' <Latency = 1> <II = 1> <Delay = 0.67> <Storage> <Opcode : 'load' 'store'> <Ports = 2> <Width = 16> <Depth = 16> <RAM>
ST_2 : Operation 353 [1/1] (0.00ns)   --->   "%br_ln84 = br void %arrayidx108.7.exit" [mmult.cpp:84]   --->   Operation 353 'br' 'br_ln84' <Predicate = (trunc_ln81 == 1)> <Delay = 0.00>
ST_2 : Operation 354 [1/1] (0.67ns)   --->   "%store_ln84 = store i16 %tmp, i4 %acc_addr" [mmult.cpp:84]   --->   Operation 354 'store' 'store_ln84' <Predicate = (trunc_ln81 == 0)> <Delay = 0.67> <CoreInst = "RAM">   --->   Core 83 'RAM' <Latency = 1> <II = 1> <Delay = 0.67> <Storage> <Opcode : 'load' 'store'> <Ports = 2> <Width = 16> <Depth = 16> <RAM>
ST_2 : Operation 355 [1/1] (0.67ns)   --->   "%store_ln84 = store i16 %tmp_1, i4 %acc_1_addr" [mmult.cpp:84]   --->   Operation 355 'store' 'store_ln84' <Predicate = (trunc_ln81 == 0)> <Delay = 0.67> <CoreInst = "RAM">   --->   Core 83 'RAM' <Latency = 1> <II = 1> <Delay = 0.67> <Storage> <Opcode : 'load' 'store'> <Ports = 2> <Width = 16> <Depth = 16> <RAM>
ST_2 : Operation 356 [1/1] (0.67ns)   --->   "%store_ln84 = store i16 %tmp_2, i4 %acc_2_addr" [mmult.cpp:84]   --->   Operation 356 'store' 'store_ln84' <Predicate = (trunc_ln81 == 0)> <Delay = 0.67> <CoreInst = "RAM">   --->   Core 83 'RAM' <Latency = 1> <II = 1> <Delay = 0.67> <Storage> <Opcode : 'load' 'store'> <Ports = 2> <Width = 16> <Depth = 16> <RAM>
ST_2 : Operation 357 [1/1] (0.67ns)   --->   "%store_ln84 = store i16 %tmp_3, i4 %acc_3_addr" [mmult.cpp:84]   --->   Operation 357 'store' 'store_ln84' <Predicate = (trunc_ln81 == 0)> <Delay = 0.67> <CoreInst = "RAM">   --->   Core 83 'RAM' <Latency = 1> <II = 1> <Delay = 0.67> <Storage> <Opcode : 'load' 'store'> <Ports = 2> <Width = 16> <Depth = 16> <RAM>
ST_2 : Operation 358 [1/1] (0.67ns)   --->   "%store_ln84 = store i16 %tmp_4, i4 %acc_4_addr" [mmult.cpp:84]   --->   Operation 358 'store' 'store_ln84' <Predicate = (trunc_ln81 == 0)> <Delay = 0.67> <CoreInst = "RAM">   --->   Core 83 'RAM' <Latency = 1> <II = 1> <Delay = 0.67> <Storage> <Opcode : 'load' 'store'> <Ports = 2> <Width = 16> <Depth = 16> <RAM>
ST_2 : Operation 359 [1/1] (0.67ns)   --->   "%store_ln84 = store i16 %tmp_5, i4 %acc_5_addr" [mmult.cpp:84]   --->   Operation 359 'store' 'store_ln84' <Predicate = (trunc_ln81 == 0)> <Delay = 0.67> <CoreInst = "RAM">   --->   Core 83 'RAM' <Latency = 1> <II = 1> <Delay = 0.67> <Storage> <Opcode : 'load' 'store'> <Ports = 2> <Width = 16> <Depth = 16> <RAM>
ST_2 : Operation 360 [1/1] (0.67ns)   --->   "%store_ln84 = store i16 %tmp_6, i4 %acc_6_addr" [mmult.cpp:84]   --->   Operation 360 'store' 'store_ln84' <Predicate = (trunc_ln81 == 0)> <Delay = 0.67> <CoreInst = "RAM">   --->   Core 83 'RAM' <Latency = 1> <II = 1> <Delay = 0.67> <Storage> <Opcode : 'load' 'store'> <Ports = 2> <Width = 16> <Depth = 16> <RAM>
ST_2 : Operation 361 [1/1] (0.67ns)   --->   "%store_ln84 = store i16 %tmp_7, i4 %acc_7_addr" [mmult.cpp:84]   --->   Operation 361 'store' 'store_ln84' <Predicate = (trunc_ln81 == 0)> <Delay = 0.67> <CoreInst = "RAM">   --->   Core 83 'RAM' <Latency = 1> <II = 1> <Delay = 0.67> <Storage> <Opcode : 'load' 'store'> <Ports = 2> <Width = 16> <Depth = 16> <RAM>
ST_2 : Operation 362 [1/1] (0.00ns)   --->   "%br_ln84 = br void %arrayidx108.7.exit" [mmult.cpp:84]   --->   Operation 362 'br' 'br_ln84' <Predicate = (trunc_ln81 == 0)> <Delay = 0.00>
ST_2 : Operation 363 [1/1] (0.67ns)   --->   "%store_ln84 = store i16 %tmp, i4 %acc_56_addr" [mmult.cpp:84]   --->   Operation 363 'store' 'store_ln84' <Predicate = (trunc_ln81 == 7)> <Delay = 0.67> <CoreInst = "RAM">   --->   Core 83 'RAM' <Latency = 1> <II = 1> <Delay = 0.67> <Storage> <Opcode : 'load' 'store'> <Ports = 2> <Width = 16> <Depth = 16> <RAM>
ST_2 : Operation 364 [1/1] (0.67ns)   --->   "%store_ln84 = store i16 %tmp_1, i4 %acc_57_addr" [mmult.cpp:84]   --->   Operation 364 'store' 'store_ln84' <Predicate = (trunc_ln81 == 7)> <Delay = 0.67> <CoreInst = "RAM">   --->   Core 83 'RAM' <Latency = 1> <II = 1> <Delay = 0.67> <Storage> <Opcode : 'load' 'store'> <Ports = 2> <Width = 16> <Depth = 16> <RAM>
ST_2 : Operation 365 [1/1] (0.67ns)   --->   "%store_ln84 = store i16 %tmp_2, i4 %acc_58_addr" [mmult.cpp:84]   --->   Operation 365 'store' 'store_ln84' <Predicate = (trunc_ln81 == 7)> <Delay = 0.67> <CoreInst = "RAM">   --->   Core 83 'RAM' <Latency = 1> <II = 1> <Delay = 0.67> <Storage> <Opcode : 'load' 'store'> <Ports = 2> <Width = 16> <Depth = 16> <RAM>
ST_2 : Operation 366 [1/1] (0.67ns)   --->   "%store_ln84 = store i16 %tmp_3, i4 %acc_59_addr" [mmult.cpp:84]   --->   Operation 366 'store' 'store_ln84' <Predicate = (trunc_ln81 == 7)> <Delay = 0.67> <CoreInst = "RAM">   --->   Core 83 'RAM' <Latency = 1> <II = 1> <Delay = 0.67> <Storage> <Opcode : 'load' 'store'> <Ports = 2> <Width = 16> <Depth = 16> <RAM>
ST_2 : Operation 367 [1/1] (0.67ns)   --->   "%store_ln84 = store i16 %tmp_4, i4 %acc_60_addr" [mmult.cpp:84]   --->   Operation 367 'store' 'store_ln84' <Predicate = (trunc_ln81 == 7)> <Delay = 0.67> <CoreInst = "RAM">   --->   Core 83 'RAM' <Latency = 1> <II = 1> <Delay = 0.67> <Storage> <Opcode : 'load' 'store'> <Ports = 2> <Width = 16> <Depth = 16> <RAM>
ST_2 : Operation 368 [1/1] (0.67ns)   --->   "%store_ln84 = store i16 %tmp_5, i4 %acc_61_addr" [mmult.cpp:84]   --->   Operation 368 'store' 'store_ln84' <Predicate = (trunc_ln81 == 7)> <Delay = 0.67> <CoreInst = "RAM">   --->   Core 83 'RAM' <Latency = 1> <II = 1> <Delay = 0.67> <Storage> <Opcode : 'load' 'store'> <Ports = 2> <Width = 16> <Depth = 16> <RAM>
ST_2 : Operation 369 [1/1] (0.67ns)   --->   "%store_ln84 = store i16 %tmp_6, i4 %acc_62_addr" [mmult.cpp:84]   --->   Operation 369 'store' 'store_ln84' <Predicate = (trunc_ln81 == 7)> <Delay = 0.67> <CoreInst = "RAM">   --->   Core 83 'RAM' <Latency = 1> <II = 1> <Delay = 0.67> <Storage> <Opcode : 'load' 'store'> <Ports = 2> <Width = 16> <Depth = 16> <RAM>
ST_2 : Operation 370 [1/1] (0.67ns)   --->   "%store_ln84 = store i16 %tmp_7, i4 %acc_63_addr" [mmult.cpp:84]   --->   Operation 370 'store' 'store_ln84' <Predicate = (trunc_ln81 == 7)> <Delay = 0.67> <CoreInst = "RAM">   --->   Core 83 'RAM' <Latency = 1> <II = 1> <Delay = 0.67> <Storage> <Opcode : 'load' 'store'> <Ports = 2> <Width = 16> <Depth = 16> <RAM>
ST_2 : Operation 371 [1/1] (0.00ns)   --->   "%br_ln84 = br void %arrayidx108.7.exit" [mmult.cpp:84]   --->   Operation 371 'br' 'br_ln84' <Predicate = (trunc_ln81 == 7)> <Delay = 0.00>


============================================================
+ Verbose Summary: Timing violations
============================================================
Target clock period: 3.300ns, clock uncertainty: 0.891ns.

 <State 1>: 2.330ns
The critical path consists of the following:
	'store' operation 0 bit ('store_ln81', mmult.cpp:81) of constant 0 on local variable 'i', mmult.cpp:81 [133]  (0.427 ns)
	'load' operation 6 bit ('i_load', mmult.cpp:81) on local variable 'i', mmult.cpp:81 [143]  (0.000 ns)
	'add' operation 6 bit ('add_ln81', mmult.cpp:81) [144]  (0.781 ns)
	'select' operation 6 bit ('select_ln81_1', mmult.cpp:81) [149]  (0.384 ns)
	blocking operation 0.738187 ns on control path)

 <State 2>: 2.075ns
The critical path consists of the following:
	'load' operation 16 bit ('c_row_major_0_0_load', mmult.cpp:84) on array 'c_row_major_0_0' [284]  (0.677 ns)
	'sparsemux' operation 16 bit ('tmp', mmult.cpp:84) [292]  (0.721 ns)
	'store' operation 0 bit ('store_ln84', mmult.cpp:84) of variable 'tmp', mmult.cpp:84 on array 'acc_48' [358]  (0.677 ns)


============================================================
+ Verbose Summary: Binding
============================================================
N/A
* FSMD analyzer results:
  - Output states:
 - Input state : 
  - Chain level:
	State 1
	State 2


============================================================
+ Verbose Summary: Datapath Resource usage 
============================================================
N/A
