

================================================================
== Vitis HLS Report for 'tile_process'
================================================================
* Date:           Sat Jun  6 17:47:14 2026

* Version:        2023.2 (Build 4023990 on Oct 11 2023)
* Project:        hls_prj
* Solution:       s1 (Vivado IP Flow Target)
* Product family: zynquplus
* Target device:  xck26-sfvc784-2LV-c


================================================================
== Performance Estimates
================================================================
+ Timing: 
    * Summary: 
    +--------+---------+----------+------------+
    |  Clock |  Target | Estimated| Uncertainty|
    +--------+---------+----------+------------+
    |ap_clk  |  3.30 ns|  2.066 ns|     0.89 ns|
    +--------+---------+----------+------------+

+ Latency: 
    * Summary: 
    +---------+---------+----------+-----------+-----+-----+---------+
    |  Latency (cycles) |  Latency (absolute)  |  Interval | Pipeline|
    |   min   |   max   |    min   |    max    | min | max |   Type  |
    +---------+---------+----------+-----------+-----+-----+---------+
    |        1|       15|  3.300 ns|  49.500 ns|    1|   15|       no|
    +---------+---------+----------+-----------+-----+-----+---------+

    + Detail: 
        * Instance: 
        +----------------------------------------------------+----------------------------------------+---------+---------+-----------+-----------+-----+-----+---------+
        |                                                    |                                        |  Latency (cycles) |   Latency (absolute)  |  Interval | Pipeline|
        |                      Instance                      |                 Module                 |   min   |   max   |    min    |    max    | min | max |   Type  |
        +----------------------------------------------------+----------------------------------------+---------+---------+-----------+-----------+-----+-----+---------+
        |grp_tile_process_Pipeline_compute_pipeline_fu_1474  |tile_process_Pipeline_compute_pipeline  |       13|       13|  42.900 ns|  42.900 ns|   13|   13|       no|
        +----------------------------------------------------+----------------------------------------+---------+---------+-----------+-----------+-----+-----+---------+

        * Loop: 
        N/A

============================================================
+ Verbose Summary: Synthesis Manager
============================================================
InlineROM: 1
ExposeGlobal: 0
============================================================
+ Verbose Summary: CDFG Model
============================================================
IsTopModel: 0
ResetActiveHigh: 1
IsCombinational: 0
IsDatapathOnly: 0
HasWiredReturn: 1
HasMFsm: 0
HasVarLatency: 1
IsPipeline: 0
IsRtlPipelined: 0
IsInstanceOverlapped: 0
IsDontTouch: 0
HasImplIP: 0
IsGatedGlobalClock: 0


============================================================
+ Verbose Summary: Schedule
============================================================
* Number of FSM states : 3
* Pipeline : 0
* Dataflow Pipeline: 0

* FSM state transitions: 
1 --> 2 3 
2 --> 3 
3 --> 

* FSM state operations: 

State 1 <SV = 0> <Delay = 1.44>
ST_1 : Operation 4 [1/1] (0.00ns)   --->   "%b_col_read = read i32 @_ssdm_op_Read.ap_auto.i32, i32 %b_col"   --->   Operation 4 'read' 'b_col_read' <Predicate = true> <Delay = 0.00>
ST_1 : Operation 5 [1/1] (0.00ns)   --->   "%a_col_read = read i32 @_ssdm_op_Read.ap_auto.i32, i32 %a_col"   --->   Operation 5 'read' 'a_col_read' <Predicate = true> <Delay = 0.00>
ST_1 : Operation 6 [1/1] (0.00ns)   --->   "%a_row_read = read i32 @_ssdm_op_Read.ap_auto.i32, i32 %a_row"   --->   Operation 6 'read' 'a_row_read' <Predicate = true> <Delay = 0.00>
ST_1 : Operation 7 [1/1] (0.00ns)   --->   "%finish_k_read = read i4 @_ssdm_op_Read.ap_auto.i4, i4 %finish_k"   --->   Operation 7 'read' 'finish_k_read' <Predicate = true> <Delay = 0.00>
ST_1 : Operation 8 [1/1] (0.00ns)   --->   "%start_k_read = read i3 @_ssdm_op_Read.ap_auto.i3, i3 %start_k"   --->   Operation 8 'read' 'start_k_read' <Predicate = true> <Delay = 0.00>
ST_1 : Operation 9 [1/1] (0.00ns)   --->   "%p_read_59 = read i16 @_ssdm_op_Read.ap_auto.i16, i16 %p_read63"   --->   Operation 9 'read' 'p_read_59' <Predicate = true> <Delay = 0.00>
ST_1 : Operation 10 [1/1] (0.00ns)   --->   "%p_read_60 = read i16 @_ssdm_op_Read.ap_auto.i16, i16 %p_read62"   --->   Operation 10 'read' 'p_read_60' <Predicate = true> <Delay = 0.00>
ST_1 : Operation 11 [1/1] (0.00ns)   --->   "%p_read_61 = read i16 @_ssdm_op_Read.ap_auto.i16, i16 %p_read61"   --->   Operation 11 'read' 'p_read_61' <Predicate = true> <Delay = 0.00>
ST_1 : Operation 12 [1/1] (0.00ns)   --->   "%p_read_62 = read i16 @_ssdm_op_Read.ap_auto.i16, i16 %p_read60"   --->   Operation 12 'read' 'p_read_62' <Predicate = true> <Delay = 0.00>
ST_1 : Operation 13 [1/1] (0.00ns)   --->   "%p_read_63 = read i16 @_ssdm_op_Read.ap_auto.i16, i16 %p_read59"   --->   Operation 13 'read' 'p_read_63' <Predicate = true> <Delay = 0.00>
ST_1 : Operation 14 [1/1] (0.00ns)   --->   "%p_read_64 = read i16 @_ssdm_op_Read.ap_auto.i16, i16 %p_read58"   --->   Operation 14 'read' 'p_read_64' <Predicate = true> <Delay = 0.00>
ST_1 : Operation 15 [1/1] (0.00ns)   --->   "%p_read_65 = read i16 @_ssdm_op_Read.ap_auto.i16, i16 %p_read57"   --->   Operation 15 'read' 'p_read_65' <Predicate = true> <Delay = 0.00>
ST_1 : Operation 16 [1/1] (0.00ns)   --->   "%p_read_66 = read i16 @_ssdm_op_Read.ap_auto.i16, i16 %p_read56"   --->   Operation 16 'read' 'p_read_66' <Predicate = true> <Delay = 0.00>
ST_1 : Operation 17 [1/1] (0.00ns)   --->   "%p_read_67 = read i16 @_ssdm_op_Read.ap_auto.i16, i16 %p_read55"   --->   Operation 17 'read' 'p_read_67' <Predicate = true> <Delay = 0.00>
ST_1 : Operation 18 [1/1] (0.00ns)   --->   "%p_read_68 = read i16 @_ssdm_op_Read.ap_auto.i16, i16 %p_read54"   --->   Operation 18 'read' 'p_read_68' <Predicate = true> <Delay = 0.00>
ST_1 : Operation 19 [1/1] (0.00ns)   --->   "%p_read_69 = read i16 @_ssdm_op_Read.ap_auto.i16, i16 %p_read53"   --->   Operation 19 'read' 'p_read_69' <Predicate = true> <Delay = 0.00>
ST_1 : Operation 20 [1/1] (0.00ns)   --->   "%p_read_70 = read i16 @_ssdm_op_Read.ap_auto.i16, i16 %p_read52"   --->   Operation 20 'read' 'p_read_70' <Predicate = true> <Delay = 0.00>
ST_1 : Operation 21 [1/1] (0.00ns)   --->   "%p_read_71 = read i16 @_ssdm_op_Read.ap_auto.i16, i16 %p_read51"   --->   Operation 21 'read' 'p_read_71' <Predicate = true> <Delay = 0.00>
ST_1 : Operation 22 [1/1] (0.00ns)   --->   "%p_read_72 = read i16 @_ssdm_op_Read.ap_auto.i16, i16 %p_read50"   --->   Operation 22 'read' 'p_read_72' <Predicate = true> <Delay = 0.00>
ST_1 : Operation 23 [1/1] (0.00ns)   --->   "%p_read_73 = read i16 @_ssdm_op_Read.ap_auto.i16, i16 %p_read49"   --->   Operation 23 'read' 'p_read_73' <Predicate = true> <Delay = 0.00>
ST_1 : Operation 24 [1/1] (0.00ns)   --->   "%p_read_74 = read i16 @_ssdm_op_Read.ap_auto.i16, i16 %p_read48"   --->   Operation 24 'read' 'p_read_74' <Predicate = true> <Delay = 0.00>
ST_1 : Operation 25 [1/1] (0.00ns)   --->   "%p_read_75 = read i16 @_ssdm_op_Read.ap_auto.i16, i16 %p_read47"   --->   Operation 25 'read' 'p_read_75' <Predicate = true> <Delay = 0.00>
ST_1 : Operation 26 [1/1] (0.00ns)   --->   "%p_read_76 = read i16 @_ssdm_op_Read.ap_auto.i16, i16 %p_read46"   --->   Operation 26 'read' 'p_read_76' <Predicate = true> <Delay = 0.00>
ST_1 : Operation 27 [1/1] (0.00ns)   --->   "%p_read_77 = read i16 @_ssdm_op_Read.ap_auto.i16, i16 %p_read45"   --->   Operation 27 'read' 'p_read_77' <Predicate = true> <Delay = 0.00>
ST_1 : Operation 28 [1/1] (0.00ns)   --->   "%p_read_78 = read i16 @_ssdm_op_Read.ap_auto.i16, i16 %p_read44"   --->   Operation 28 'read' 'p_read_78' <Predicate = true> <Delay = 0.00>
ST_1 : Operation 29 [1/1] (0.00ns)   --->   "%p_read_79 = read i16 @_ssdm_op_Read.ap_auto.i16, i16 %p_read43"   --->   Operation 29 'read' 'p_read_79' <Predicate = true> <Delay = 0.00>
ST_1 : Operation 30 [1/1] (0.00ns)   --->   "%p_read_80 = read i16 @_ssdm_op_Read.ap_auto.i16, i16 %p_read42"   --->   Operation 30 'read' 'p_read_80' <Predicate = true> <Delay = 0.00>
ST_1 : Operation 31 [1/1] (0.00ns)   --->   "%p_read_81 = read i16 @_ssdm_op_Read.ap_auto.i16, i16 %p_read41"   --->   Operation 31 'read' 'p_read_81' <Predicate = true> <Delay = 0.00>
ST_1 : Operation 32 [1/1] (0.00ns)   --->   "%p_read_82 = read i16 @_ssdm_op_Read.ap_auto.i16, i16 %p_read40"   --->   Operation 32 'read' 'p_read_82' <Predicate = true> <Delay = 0.00>
ST_1 : Operation 33 [1/1] (0.00ns)   --->   "%p_read_83 = read i16 @_ssdm_op_Read.ap_auto.i16, i16 %p_read39"   --->   Operation 33 'read' 'p_read_83' <Predicate = true> <Delay = 0.00>
ST_1 : Operation 34 [1/1] (0.00ns)   --->   "%p_read_84 = read i16 @_ssdm_op_Read.ap_auto.i16, i16 %p_read38"   --->   Operation 34 'read' 'p_read_84' <Predicate = true> <Delay = 0.00>
ST_1 : Operation 35 [1/1] (0.00ns)   --->   "%p_read_85 = read i16 @_ssdm_op_Read.ap_auto.i16, i16 %p_read37"   --->   Operation 35 'read' 'p_read_85' <Predicate = true> <Delay = 0.00>
ST_1 : Operation 36 [1/1] (0.00ns)   --->   "%p_read_86 = read i16 @_ssdm_op_Read.ap_auto.i16, i16 %p_read36"   --->   Operation 36 'read' 'p_read_86' <Predicate = true> <Delay = 0.00>
ST_1 : Operation 37 [1/1] (0.00ns)   --->   "%p_read_87 = read i16 @_ssdm_op_Read.ap_auto.i16, i16 %p_read35"   --->   Operation 37 'read' 'p_read_87' <Predicate = true> <Delay = 0.00>
ST_1 : Operation 38 [1/1] (0.00ns)   --->   "%p_read_88 = read i16 @_ssdm_op_Read.ap_auto.i16, i16 %p_read34"   --->   Operation 38 'read' 'p_read_88' <Predicate = true> <Delay = 0.00>
ST_1 : Operation 39 [1/1] (0.00ns)   --->   "%p_read_89 = read i16 @_ssdm_op_Read.ap_auto.i16, i16 %p_read33"   --->   Operation 39 'read' 'p_read_89' <Predicate = true> <Delay = 0.00>
ST_1 : Operation 40 [1/1] (0.00ns)   --->   "%p_read_90 = read i16 @_ssdm_op_Read.ap_auto.i16, i16 %p_read32"   --->   Operation 40 'read' 'p_read_90' <Predicate = true> <Delay = 0.00>
ST_1 : Operation 41 [1/1] (0.00ns)   --->   "%p_read_91 = read i16 @_ssdm_op_Read.ap_auto.i16, i16 %p_read31"   --->   Operation 41 'read' 'p_read_91' <Predicate = true> <Delay = 0.00>
ST_1 : Operation 42 [1/1] (0.00ns)   --->   "%p_read_92 = read i16 @_ssdm_op_Read.ap_auto.i16, i16 %p_read30"   --->   Operation 42 'read' 'p_read_92' <Predicate = true> <Delay = 0.00>
ST_1 : Operation 43 [1/1] (0.00ns)   --->   "%p_read_93 = read i16 @_ssdm_op_Read.ap_auto.i16, i16 %p_read29"   --->   Operation 43 'read' 'p_read_93' <Predicate = true> <Delay = 0.00>
ST_1 : Operation 44 [1/1] (0.00ns)   --->   "%p_read_94 = read i16 @_ssdm_op_Read.ap_auto.i16, i16 %p_read28"   --->   Operation 44 'read' 'p_read_94' <Predicate = true> <Delay = 0.00>
ST_1 : Operation 45 [1/1] (0.00ns)   --->   "%p_read_95 = read i16 @_ssdm_op_Read.ap_auto.i16, i16 %p_read27"   --->   Operation 45 'read' 'p_read_95' <Predicate = true> <Delay = 0.00>
ST_1 : Operation 46 [1/1] (0.00ns)   --->   "%p_read_96 = read i16 @_ssdm_op_Read.ap_auto.i16, i16 %p_read26"   --->   Operation 46 'read' 'p_read_96' <Predicate = true> <Delay = 0.00>
ST_1 : Operation 47 [1/1] (0.00ns)   --->   "%p_read_97 = read i16 @_ssdm_op_Read.ap_auto.i16, i16 %p_read25"   --->   Operation 47 'read' 'p_read_97' <Predicate = true> <Delay = 0.00>
ST_1 : Operation 48 [1/1] (0.00ns)   --->   "%p_read_98 = read i16 @_ssdm_op_Read.ap_auto.i16, i16 %p_read24"   --->   Operation 48 'read' 'p_read_98' <Predicate = true> <Delay = 0.00>
ST_1 : Operation 49 [1/1] (0.00ns)   --->   "%p_read_99 = read i16 @_ssdm_op_Read.ap_auto.i16, i16 %p_read23"   --->   Operation 49 'read' 'p_read_99' <Predicate = true> <Delay = 0.00>
ST_1 : Operation 50 [1/1] (0.00ns)   --->   "%p_read_100 = read i16 @_ssdm_op_Read.ap_auto.i16, i16 %p_read22"   --->   Operation 50 'read' 'p_read_100' <Predicate = true> <Delay = 0.00>
ST_1 : Operation 51 [1/1] (0.00ns)   --->   "%p_read_101 = read i16 @_ssdm_op_Read.ap_auto.i16, i16 %p_read21"   --->   Operation 51 'read' 'p_read_101' <Predicate = true> <Delay = 0.00>
ST_1 : Operation 52 [1/1] (0.00ns)   --->   "%p_read2084 = read i16 @_ssdm_op_Read.ap_auto.i16, i16 %p_read20"   --->   Operation 52 'read' 'p_read2084' <Predicate = true> <Delay = 0.00>
ST_1 : Operation 53 [1/1] (0.00ns)   --->   "%p_read_102 = read i16 @_ssdm_op_Read.ap_auto.i16, i16 %p_read19"   --->   Operation 53 'read' 'p_read_102' <Predicate = true> <Delay = 0.00>
ST_1 : Operation 54 [1/1] (0.00ns)   --->   "%p_read_103 = read i16 @_ssdm_op_Read.ap_auto.i16, i16 %p_read18"   --->   Operation 54 'read' 'p_read_103' <Predicate = true> <Delay = 0.00>
ST_1 : Operation 55 [1/1] (0.00ns)   --->   "%p_read_104 = read i16 @_ssdm_op_Read.ap_auto.i16, i16 %p_read17"   --->   Operation 55 'read' 'p_read_104' <Predicate = true> <Delay = 0.00>
ST_1 : Operation 56 [1/1] (0.00ns)   --->   "%p_read_105 = read i16 @_ssdm_op_Read.ap_auto.i16, i16 %p_read16"   --->   Operation 56 'read' 'p_read_105' <Predicate = true> <Delay = 0.00>
ST_1 : Operation 57 [1/1] (0.00ns)   --->   "%p_read_106 = read i16 @_ssdm_op_Read.ap_auto.i16, i16 %p_read15"   --->   Operation 57 'read' 'p_read_106' <Predicate = true> <Delay = 0.00>
ST_1 : Operation 58 [1/1] (0.00ns)   --->   "%p_read_107 = read i16 @_ssdm_op_Read.ap_auto.i16, i16 %p_read14"   --->   Operation 58 'read' 'p_read_107' <Predicate = true> <Delay = 0.00>
ST_1 : Operation 59 [1/1] (0.00ns)   --->   "%p_read_108 = read i16 @_ssdm_op_Read.ap_auto.i16, i16 %p_read13"   --->   Operation 59 'read' 'p_read_108' <Predicate = true> <Delay = 0.00>
ST_1 : Operation 60 [1/1] (0.00ns)   --->   "%p_read_109 = read i16 @_ssdm_op_Read.ap_auto.i16, i16 %p_read12"   --->   Operation 60 'read' 'p_read_109' <Predicate = true> <Delay = 0.00>
ST_1 : Operation 61 [1/1] (0.00ns)   --->   "%p_read_110 = read i16 @_ssdm_op_Read.ap_auto.i16, i16 %p_read11"   --->   Operation 61 'read' 'p_read_110' <Predicate = true> <Delay = 0.00>
ST_1 : Operation 62 [1/1] (0.00ns)   --->   "%p_read1074 = read i16 @_ssdm_op_Read.ap_auto.i16, i16 %p_read10"   --->   Operation 62 'read' 'p_read1074' <Predicate = true> <Delay = 0.00>
ST_1 : Operation 63 [1/1] (0.00ns)   --->   "%p_read973 = read i16 @_ssdm_op_Read.ap_auto.i16, i16 %p_read9"   --->   Operation 63 'read' 'p_read973' <Predicate = true> <Delay = 0.00>
ST_1 : Operation 64 [1/1] (0.00ns)   --->   "%p_read872 = read i16 @_ssdm_op_Read.ap_auto.i16, i16 %p_read8"   --->   Operation 64 'read' 'p_read872' <Predicate = true> <Delay = 0.00>
ST_1 : Operation 65 [1/1] (0.00ns)   --->   "%p_read771 = read i16 @_ssdm_op_Read.ap_auto.i16, i16 %p_read7"   --->   Operation 65 'read' 'p_read771' <Predicate = true> <Delay = 0.00>
ST_1 : Operation 66 [1/1] (0.00ns)   --->   "%p_read670 = read i16 @_ssdm_op_Read.ap_auto.i16, i16 %p_read6"   --->   Operation 66 'read' 'p_read670' <Predicate = true> <Delay = 0.00>
ST_1 : Operation 67 [1/1] (0.00ns)   --->   "%p_read569 = read i16 @_ssdm_op_Read.ap_auto.i16, i16 %p_read5"   --->   Operation 67 'read' 'p_read569' <Predicate = true> <Delay = 0.00>
ST_1 : Operation 68 [1/1] (0.00ns)   --->   "%p_read468 = read i16 @_ssdm_op_Read.ap_auto.i16, i16 %p_read4"   --->   Operation 68 'read' 'p_read468' <Predicate = true> <Delay = 0.00>
ST_1 : Operation 69 [1/1] (0.00ns)   --->   "%p_read367 = read i16 @_ssdm_op_Read.ap_auto.i16, i16 %p_read3"   --->   Operation 69 'read' 'p_read367' <Predicate = true> <Delay = 0.00>
ST_1 : Operation 70 [1/1] (0.00ns)   --->   "%p_read266 = read i16 @_ssdm_op_Read.ap_auto.i16, i16 %p_read2"   --->   Operation 70 'read' 'p_read266' <Predicate = true> <Delay = 0.00>
ST_1 : Operation 71 [1/1] (0.00ns)   --->   "%p_read165 = read i16 @_ssdm_op_Read.ap_auto.i16, i16 %p_read1"   --->   Operation 71 'read' 'p_read165' <Predicate = true> <Delay = 0.00>
ST_1 : Operation 72 [1/1] (0.00ns)   --->   "%p_read64 = read i16 @_ssdm_op_Read.ap_auto.i16, i16 %p_read"   --->   Operation 72 'read' 'p_read64' <Predicate = true> <Delay = 0.00>
ST_1 : Operation 73 [1/1] (0.00ns)   --->   "%c_row_major_0_0_0_loc = alloca i64 1"   --->   Operation 73 'alloca' 'c_row_major_0_0_0_loc' <Predicate = true> <Delay = 0.00>
ST_1 : Operation 74 [1/1] (0.00ns)   --->   "%c_row_major_0_1_0_loc = alloca i64 1"   --->   Operation 74 'alloca' 'c_row_major_0_1_0_loc' <Predicate = true> <Delay = 0.00>
ST_1 : Operation 75 [1/1] (0.00ns)   --->   "%c_row_major_0_2_0_loc = alloca i64 1"   --->   Operation 75 'alloca' 'c_row_major_0_2_0_loc' <Predicate = true> <Delay = 0.00>
ST_1 : Operation 76 [1/1] (0.00ns)   --->   "%c_row_major_0_3_0_loc = alloca i64 1"   --->   Operation 76 'alloca' 'c_row_major_0_3_0_loc' <Predicate = true> <Delay = 0.00>
ST_1 : Operation 77 [1/1] (0.00ns)   --->   "%c_row_major_0_4_0_loc = alloca i64 1"   --->   Operation 77 'alloca' 'c_row_major_0_4_0_loc' <Predicate = true> <Delay = 0.00>
ST_1 : Operation 78 [1/1] (0.00ns)   --->   "%c_row_major_0_5_0_loc = alloca i64 1"   --->   Operation 78 'alloca' 'c_row_major_0_5_0_loc' <Predicate = true> <Delay = 0.00>
ST_1 : Operation 79 [1/1] (0.00ns)   --->   "%c_row_major_0_6_0_loc = alloca i64 1"   --->   Operation 79 'alloca' 'c_row_major_0_6_0_loc' <Predicate = true> <Delay = 0.00>
ST_1 : Operation 80 [1/1] (0.00ns)   --->   "%c_row_major_0_7_0_loc = alloca i64 1"   --->   Operation 80 'alloca' 'c_row_major_0_7_0_loc' <Predicate = true> <Delay = 0.00>
ST_1 : Operation 81 [1/1] (0.00ns)   --->   "%c_row_major_1_0_0_loc = alloca i64 1"   --->   Operation 81 'alloca' 'c_row_major_1_0_0_loc' <Predicate = true> <Delay = 0.00>
ST_1 : Operation 82 [1/1] (0.00ns)   --->   "%c_row_major_1_1_0_loc = alloca i64 1"   --->   Operation 82 'alloca' 'c_row_major_1_1_0_loc' <Predicate = true> <Delay = 0.00>
ST_1 : Operation 83 [1/1] (0.00ns)   --->   "%c_row_major_1_2_0_loc = alloca i64 1"   --->   Operation 83 'alloca' 'c_row_major_1_2_0_loc' <Predicate = true> <Delay = 0.00>
ST_1 : Operation 84 [1/1] (0.00ns)   --->   "%c_row_major_1_3_0_loc = alloca i64 1"   --->   Operation 84 'alloca' 'c_row_major_1_3_0_loc' <Predicate = true> <Delay = 0.00>
ST_1 : Operation 85 [1/1] (0.00ns)   --->   "%c_row_major_1_4_0_loc = alloca i64 1"   --->   Operation 85 'alloca' 'c_row_major_1_4_0_loc' <Predicate = true> <Delay = 0.00>
ST_1 : Operation 86 [1/1] (0.00ns)   --->   "%c_row_major_1_5_0_loc = alloca i64 1"   --->   Operation 86 'alloca' 'c_row_major_1_5_0_loc' <Predicate = true> <Delay = 0.00>
ST_1 : Operation 87 [1/1] (0.00ns)   --->   "%c_row_major_1_6_0_loc = alloca i64 1"   --->   Operation 87 'alloca' 'c_row_major_1_6_0_loc' <Predicate = true> <Delay = 0.00>
ST_1 : Operation 88 [1/1] (0.00ns)   --->   "%c_row_major_1_7_0_loc = alloca i64 1"   --->   Operation 88 'alloca' 'c_row_major_1_7_0_loc' <Predicate = true> <Delay = 0.00>
ST_1 : Operation 89 [1/1] (0.00ns)   --->   "%c_row_major_2_0_0_loc = alloca i64 1"   --->   Operation 89 'alloca' 'c_row_major_2_0_0_loc' <Predicate = true> <Delay = 0.00>
ST_1 : Operation 90 [1/1] (0.00ns)   --->   "%c_row_major_2_1_0_loc = alloca i64 1"   --->   Operation 90 'alloca' 'c_row_major_2_1_0_loc' <Predicate = true> <Delay = 0.00>
ST_1 : Operation 91 [1/1] (0.00ns)   --->   "%c_row_major_2_2_0_loc = alloca i64 1"   --->   Operation 91 'alloca' 'c_row_major_2_2_0_loc' <Predicate = true> <Delay = 0.00>
ST_1 : Operation 92 [1/1] (0.00ns)   --->   "%c_row_major_2_3_0_loc = alloca i64 1"   --->   Operation 92 'alloca' 'c_row_major_2_3_0_loc' <Predicate = true> <Delay = 0.00>
ST_1 : Operation 93 [1/1] (0.00ns)   --->   "%c_row_major_2_4_0_loc = alloca i64 1"   --->   Operation 93 'alloca' 'c_row_major_2_4_0_loc' <Predicate = true> <Delay = 0.00>
ST_1 : Operation 94 [1/1] (0.00ns)   --->   "%c_row_major_2_5_0_loc = alloca i64 1"   --->   Operation 94 'alloca' 'c_row_major_2_5_0_loc' <Predicate = true> <Delay = 0.00>
ST_1 : Operation 95 [1/1] (0.00ns)   --->   "%c_row_major_2_6_0_loc = alloca i64 1"   --->   Operation 95 'alloca' 'c_row_major_2_6_0_loc' <Predicate = true> <Delay = 0.00>
ST_1 : Operation 96 [1/1] (0.00ns)   --->   "%c_row_major_2_7_0_loc = alloca i64 1"   --->   Operation 96 'alloca' 'c_row_major_2_7_0_loc' <Predicate = true> <Delay = 0.00>
ST_1 : Operation 97 [1/1] (0.00ns)   --->   "%c_row_major_3_0_0_loc = alloca i64 1"   --->   Operation 97 'alloca' 'c_row_major_3_0_0_loc' <Predicate = true> <Delay = 0.00>
ST_1 : Operation 98 [1/1] (0.00ns)   --->   "%c_row_major_3_1_0_loc = alloca i64 1"   --->   Operation 98 'alloca' 'c_row_major_3_1_0_loc' <Predicate = true> <Delay = 0.00>
ST_1 : Operation 99 [1/1] (0.00ns)   --->   "%c_row_major_3_2_0_loc = alloca i64 1"   --->   Operation 99 'alloca' 'c_row_major_3_2_0_loc' <Predicate = true> <Delay = 0.00>
ST_1 : Operation 100 [1/1] (0.00ns)   --->   "%c_row_major_3_3_0_loc = alloca i64 1"   --->   Operation 100 'alloca' 'c_row_major_3_3_0_loc' <Predicate = true> <Delay = 0.00>
ST_1 : Operation 101 [1/1] (0.00ns)   --->   "%c_row_major_3_4_0_loc = alloca i64 1"   --->   Operation 101 'alloca' 'c_row_major_3_4_0_loc' <Predicate = true> <Delay = 0.00>
ST_1 : Operation 102 [1/1] (0.00ns)   --->   "%c_row_major_3_5_0_loc = alloca i64 1"   --->   Operation 102 'alloca' 'c_row_major_3_5_0_loc' <Predicate = true> <Delay = 0.00>
ST_1 : Operation 103 [1/1] (0.00ns)   --->   "%c_row_major_3_6_0_loc = alloca i64 1"   --->   Operation 103 'alloca' 'c_row_major_3_6_0_loc' <Predicate = true> <Delay = 0.00>
ST_1 : Operation 104 [1/1] (0.00ns)   --->   "%c_row_major_3_7_0_loc = alloca i64 1"   --->   Operation 104 'alloca' 'c_row_major_3_7_0_loc' <Predicate = true> <Delay = 0.00>
ST_1 : Operation 105 [1/1] (0.00ns)   --->   "%c_row_major_4_0_0_loc = alloca i64 1"   --->   Operation 105 'alloca' 'c_row_major_4_0_0_loc' <Predicate = true> <Delay = 0.00>
ST_1 : Operation 106 [1/1] (0.00ns)   --->   "%c_row_major_4_1_0_loc = alloca i64 1"   --->   Operation 106 'alloca' 'c_row_major_4_1_0_loc' <Predicate = true> <Delay = 0.00>
ST_1 : Operation 107 [1/1] (0.00ns)   --->   "%c_row_major_4_2_0_loc = alloca i64 1"   --->   Operation 107 'alloca' 'c_row_major_4_2_0_loc' <Predicate = true> <Delay = 0.00>
ST_1 : Operation 108 [1/1] (0.00ns)   --->   "%c_row_major_4_3_0_loc = alloca i64 1"   --->   Operation 108 'alloca' 'c_row_major_4_3_0_loc' <Predicate = true> <Delay = 0.00>
ST_1 : Operation 109 [1/1] (0.00ns)   --->   "%c_row_major_4_4_0_loc = alloca i64 1"   --->   Operation 109 'alloca' 'c_row_major_4_4_0_loc' <Predicate = true> <Delay = 0.00>
ST_1 : Operation 110 [1/1] (0.00ns)   --->   "%c_row_major_4_5_0_loc = alloca i64 1"   --->   Operation 110 'alloca' 'c_row_major_4_5_0_loc' <Predicate = true> <Delay = 0.00>
ST_1 : Operation 111 [1/1] (0.00ns)   --->   "%c_row_major_4_6_0_loc = alloca i64 1"   --->   Operation 111 'alloca' 'c_row_major_4_6_0_loc' <Predicate = true> <Delay = 0.00>
ST_1 : Operation 112 [1/1] (0.00ns)   --->   "%c_row_major_4_7_0_loc = alloca i64 1"   --->   Operation 112 'alloca' 'c_row_major_4_7_0_loc' <Predicate = true> <Delay = 0.00>
ST_1 : Operation 113 [1/1] (0.00ns)   --->   "%c_row_major_5_0_0_loc = alloca i64 1"   --->   Operation 113 'alloca' 'c_row_major_5_0_0_loc' <Predicate = true> <Delay = 0.00>
ST_1 : Operation 114 [1/1] (0.00ns)   --->   "%c_row_major_5_1_0_loc = alloca i64 1"   --->   Operation 114 'alloca' 'c_row_major_5_1_0_loc' <Predicate = true> <Delay = 0.00>
ST_1 : Operation 115 [1/1] (0.00ns)   --->   "%c_row_major_5_2_0_loc = alloca i64 1"   --->   Operation 115 'alloca' 'c_row_major_5_2_0_loc' <Predicate = true> <Delay = 0.00>
ST_1 : Operation 116 [1/1] (0.00ns)   --->   "%c_row_major_5_3_0_loc = alloca i64 1"   --->   Operation 116 'alloca' 'c_row_major_5_3_0_loc' <Predicate = true> <Delay = 0.00>
ST_1 : Operation 117 [1/1] (0.00ns)   --->   "%c_row_major_5_4_0_loc = alloca i64 1"   --->   Operation 117 'alloca' 'c_row_major_5_4_0_loc' <Predicate = true> <Delay = 0.00>
ST_1 : Operation 118 [1/1] (0.00ns)   --->   "%c_row_major_5_5_0_loc = alloca i64 1"   --->   Operation 118 'alloca' 'c_row_major_5_5_0_loc' <Predicate = true> <Delay = 0.00>
ST_1 : Operation 119 [1/1] (0.00ns)   --->   "%c_row_major_5_6_0_loc = alloca i64 1"   --->   Operation 119 'alloca' 'c_row_major_5_6_0_loc' <Predicate = true> <Delay = 0.00>
ST_1 : Operation 120 [1/1] (0.00ns)   --->   "%c_row_major_5_7_0_loc = alloca i64 1"   --->   Operation 120 'alloca' 'c_row_major_5_7_0_loc' <Predicate = true> <Delay = 0.00>
ST_1 : Operation 121 [1/1] (0.00ns)   --->   "%c_row_major_6_0_0_loc = alloca i64 1"   --->   Operation 121 'alloca' 'c_row_major_6_0_0_loc' <Predicate = true> <Delay = 0.00>
ST_1 : Operation 122 [1/1] (0.00ns)   --->   "%c_row_major_6_1_0_loc = alloca i64 1"   --->   Operation 122 'alloca' 'c_row_major_6_1_0_loc' <Predicate = true> <Delay = 0.00>
ST_1 : Operation 123 [1/1] (0.00ns)   --->   "%c_row_major_6_2_0_loc = alloca i64 1"   --->   Operation 123 'alloca' 'c_row_major_6_2_0_loc' <Predicate = true> <Delay = 0.00>
ST_1 : Operation 124 [1/1] (0.00ns)   --->   "%c_row_major_6_3_0_loc = alloca i64 1"   --->   Operation 124 'alloca' 'c_row_major_6_3_0_loc' <Predicate = true> <Delay = 0.00>
ST_1 : Operation 125 [1/1] (0.00ns)   --->   "%c_row_major_6_4_0_loc = alloca i64 1"   --->   Operation 125 'alloca' 'c_row_major_6_4_0_loc' <Predicate = true> <Delay = 0.00>
ST_1 : Operation 126 [1/1] (0.00ns)   --->   "%c_row_major_6_5_0_loc = alloca i64 1"   --->   Operation 126 'alloca' 'c_row_major_6_5_0_loc' <Predicate = true> <Delay = 0.00>
ST_1 : Operation 127 [1/1] (0.00ns)   --->   "%c_row_major_6_6_0_loc = alloca i64 1"   --->   Operation 127 'alloca' 'c_row_major_6_6_0_loc' <Predicate = true> <Delay = 0.00>
ST_1 : Operation 128 [1/1] (0.00ns)   --->   "%c_row_major_6_7_0_loc = alloca i64 1"   --->   Operation 128 'alloca' 'c_row_major_6_7_0_loc' <Predicate = true> <Delay = 0.00>
ST_1 : Operation 129 [1/1] (0.00ns)   --->   "%c_row_major_7_0_0_loc = alloca i64 1"   --->   Operation 129 'alloca' 'c_row_major_7_0_0_loc' <Predicate = true> <Delay = 0.00>
ST_1 : Operation 130 [1/1] (0.00ns)   --->   "%c_row_major_7_1_0_loc = alloca i64 1"   --->   Operation 130 'alloca' 'c_row_major_7_1_0_loc' <Predicate = true> <Delay = 0.00>
ST_1 : Operation 131 [1/1] (0.00ns)   --->   "%c_row_major_7_2_0_loc = alloca i64 1"   --->   Operation 131 'alloca' 'c_row_major_7_2_0_loc' <Predicate = true> <Delay = 0.00>
ST_1 : Operation 132 [1/1] (0.00ns)   --->   "%c_row_major_7_3_0_loc = alloca i64 1"   --->   Operation 132 'alloca' 'c_row_major_7_3_0_loc' <Predicate = true> <Delay = 0.00>
ST_1 : Operation 133 [1/1] (0.00ns)   --->   "%c_row_major_7_4_0_loc = alloca i64 1"   --->   Operation 133 'alloca' 'c_row_major_7_4_0_loc' <Predicate = true> <Delay = 0.00>
ST_1 : Operation 134 [1/1] (0.00ns)   --->   "%c_row_major_7_5_0_loc = alloca i64 1"   --->   Operation 134 'alloca' 'c_row_major_7_5_0_loc' <Predicate = true> <Delay = 0.00>
ST_1 : Operation 135 [1/1] (0.00ns)   --->   "%c_row_major_7_6_0_loc = alloca i64 1"   --->   Operation 135 'alloca' 'c_row_major_7_6_0_loc' <Predicate = true> <Delay = 0.00>
ST_1 : Operation 136 [1/1] (0.00ns)   --->   "%c_row_major_7_7_0_loc = alloca i64 1"   --->   Operation 136 'alloca' 'c_row_major_7_7_0_loc' <Predicate = true> <Delay = 0.00>
ST_1 : Operation 137 [1/1] (0.00ns)   --->   "%start_k_cast16 = zext i3 %start_k_read"   --->   Operation 137 'zext' 'start_k_cast16' <Predicate = true> <Delay = 0.00>
ST_1 : Operation 138 [1/1] (0.00ns)   --->   "%specmemcore_ln0 = specmemcore void @_ssdm_op_SpecMemCore, i8 %b_row_major_0, i64 666, i64 23, i64 18446744073709551615"   --->   Operation 138 'specmemcore' 'specmemcore_ln0' <Predicate = true> <Delay = 0.00>
ST_1 : Operation 139 [1/1] (0.00ns)   --->   "%specmemcore_ln0 = specmemcore void @_ssdm_op_SpecMemCore, i8 %b_row_major_1, i64 666, i64 23, i64 18446744073709551615"   --->   Operation 139 'specmemcore' 'specmemcore_ln0' <Predicate = true> <Delay = 0.00>
ST_1 : Operation 140 [1/1] (0.00ns)   --->   "%specmemcore_ln0 = specmemcore void @_ssdm_op_SpecMemCore, i8 %b_row_major_2, i64 666, i64 23, i64 18446744073709551615"   --->   Operation 140 'specmemcore' 'specmemcore_ln0' <Predicate = true> <Delay = 0.00>
ST_1 : Operation 141 [1/1] (0.00ns)   --->   "%specmemcore_ln0 = specmemcore void @_ssdm_op_SpecMemCore, i8 %b_row_major_3, i64 666, i64 23, i64 18446744073709551615"   --->   Operation 141 'specmemcore' 'specmemcore_ln0' <Predicate = true> <Delay = 0.00>
ST_1 : Operation 142 [1/1] (0.00ns)   --->   "%specmemcore_ln0 = specmemcore void @_ssdm_op_SpecMemCore, i8 %b_row_major_4, i64 666, i64 23, i64 18446744073709551615"   --->   Operation 142 'specmemcore' 'specmemcore_ln0' <Predicate = true> <Delay = 0.00>
ST_1 : Operation 143 [1/1] (0.00ns)   --->   "%specmemcore_ln0 = specmemcore void @_ssdm_op_SpecMemCore, i8 %b_row_major_5, i64 666, i64 23, i64 18446744073709551615"   --->   Operation 143 'specmemcore' 'specmemcore_ln0' <Predicate = true> <Delay = 0.00>
ST_1 : Operation 144 [1/1] (0.00ns)   --->   "%specmemcore_ln0 = specmemcore void @_ssdm_op_SpecMemCore, i8 %b_row_major_6, i64 666, i64 23, i64 18446744073709551615"   --->   Operation 144 'specmemcore' 'specmemcore_ln0' <Predicate = true> <Delay = 0.00>
ST_1 : Operation 145 [1/1] (0.00ns)   --->   "%specmemcore_ln0 = specmemcore void @_ssdm_op_SpecMemCore, i8 %b_row_major_7, i64 666, i64 23, i64 18446744073709551615"   --->   Operation 145 'specmemcore' 'specmemcore_ln0' <Predicate = true> <Delay = 0.00>
ST_1 : Operation 146 [1/1] (0.00ns)   --->   "%specmemcore_ln0 = specmemcore void @_ssdm_op_SpecMemCore, i8 %a_row_major_0, i64 666, i64 23, i64 18446744073709551615"   --->   Operation 146 'specmemcore' 'specmemcore_ln0' <Predicate = true> <Delay = 0.00>
ST_1 : Operation 147 [1/1] (0.00ns)   --->   "%specmemcore_ln0 = specmemcore void @_ssdm_op_SpecMemCore, i8 %a_row_major_1, i64 666, i64 23, i64 18446744073709551615"   --->   Operation 147 'specmemcore' 'specmemcore_ln0' <Predicate = true> <Delay = 0.00>
ST_1 : Operation 148 [1/1] (0.00ns)   --->   "%specmemcore_ln0 = specmemcore void @_ssdm_op_SpecMemCore, i8 %a_row_major_2, i64 666, i64 23, i64 18446744073709551615"   --->   Operation 148 'specmemcore' 'specmemcore_ln0' <Predicate = true> <Delay = 0.00>
ST_1 : Operation 149 [1/1] (0.00ns)   --->   "%specmemcore_ln0 = specmemcore void @_ssdm_op_SpecMemCore, i8 %a_row_major_3, i64 666, i64 23, i64 18446744073709551615"   --->   Operation 149 'specmemcore' 'specmemcore_ln0' <Predicate = true> <Delay = 0.00>
ST_1 : Operation 150 [1/1] (0.00ns)   --->   "%specmemcore_ln0 = specmemcore void @_ssdm_op_SpecMemCore, i8 %a_row_major_4, i64 666, i64 23, i64 18446744073709551615"   --->   Operation 150 'specmemcore' 'specmemcore_ln0' <Predicate = true> <Delay = 0.00>
ST_1 : Operation 151 [1/1] (0.00ns)   --->   "%specmemcore_ln0 = specmemcore void @_ssdm_op_SpecMemCore, i8 %a_row_major_5, i64 666, i64 23, i64 18446744073709551615"   --->   Operation 151 'specmemcore' 'specmemcore_ln0' <Predicate = true> <Delay = 0.00>
ST_1 : Operation 152 [1/1] (0.00ns)   --->   "%specmemcore_ln0 = specmemcore void @_ssdm_op_SpecMemCore, i8 %a_row_major_6, i64 666, i64 23, i64 18446744073709551615"   --->   Operation 152 'specmemcore' 'specmemcore_ln0' <Predicate = true> <Delay = 0.00>
ST_1 : Operation 153 [1/1] (0.00ns)   --->   "%specmemcore_ln0 = specmemcore void @_ssdm_op_SpecMemCore, i8 %a_row_major_7, i64 666, i64 23, i64 18446744073709551615"   --->   Operation 153 'specmemcore' 'specmemcore_ln0' <Predicate = true> <Delay = 0.00>
ST_1 : Operation 154 [1/1] (0.79ns)   --->   "%icmp_ln81 = icmp_ult  i4 %start_k_cast16, i4 %finish_k_read" [mmult.cpp:81]   --->   Operation 154 'icmp' 'icmp_ln81' <Predicate = true> <Delay = 0.79> <CoreInst = "Cmp">   --->   Core 9 'Cmp' <Latency = 0> <II = 1> <Delay = 0.79> <FuncUnit> <Opcode : 'icmp'> <InPorts = 2> <OutPorts = 1>
ST_1 : Operation 155 [1/1] (0.42ns)   --->   "%br_ln81 = br i1 %icmp_ln81, void %for.end36, void %for.body.lr.ph" [mmult.cpp:81]   --->   Operation 155 'br' 'br_ln81' <Predicate = true> <Delay = 0.42>
ST_1 : Operation 156 [1/1] (1.01ns)   --->   "%cmp9_not = icmp_slt  i32 %a_row_read, i32 1"   --->   Operation 156 'icmp' 'cmp9_not' <Predicate = (icmp_ln81)> <Delay = 1.01> <CoreInst = "Cmp">   --->   Core 9 'Cmp' <Latency = 0> <II = 1> <Delay = 1.01> <FuncUnit> <Opcode : 'icmp'> <InPorts = 2> <OutPorts = 1>
ST_1 : Operation 157 [1/1] (1.01ns)   --->   "%cmp15 = icmp_sgt  i32 %b_col_read, i32 0"   --->   Operation 157 'icmp' 'cmp15' <Predicate = (icmp_ln81)> <Delay = 1.01> <CoreInst = "Cmp">   --->   Core 9 'Cmp' <Latency = 0> <II = 1> <Delay = 1.01> <FuncUnit> <Opcode : 'icmp'> <InPorts = 2> <OutPorts = 1>
ST_1 : Operation 158 [1/1] (0.00ns)   --->   "%tmp = partselect i31 @_ssdm_op_PartSelect.i31.i32.i32.i32, i32 %b_col_read, i32 1, i32 31"   --->   Operation 158 'partselect' 'tmp' <Predicate = (icmp_ln81)> <Delay = 0.00>
ST_1 : Operation 159 [1/1] (1.00ns)   --->   "%icmp = icmp_sgt  i31 %tmp, i31 0"   --->   Operation 159 'icmp' 'icmp' <Predicate = (icmp_ln81)> <Delay = 1.00> <CoreInst = "Cmp">   --->   Core 9 'Cmp' <Latency = 0> <II = 1> <Delay = 1.00> <FuncUnit> <Opcode : 'icmp'> <InPorts = 2> <OutPorts = 1>
ST_1 : Operation 160 [1/1] (1.01ns)   --->   "%cmp15_240 = icmp_sgt  i32 %b_col_read, i32 2"   --->   Operation 160 'icmp' 'cmp15_240' <Predicate = (icmp_ln81)> <Delay = 1.01> <CoreInst = "Cmp">   --->   Core 9 'Cmp' <Latency = 0> <II = 1> <Delay = 1.01> <FuncUnit> <Opcode : 'icmp'> <InPorts = 2> <OutPorts = 1>
ST_1 : Operation 161 [1/1] (0.00ns)   --->   "%tmp_1 = partselect i30 @_ssdm_op_PartSelect.i30.i32.i32.i32, i32 %b_col_read, i32 2, i32 31"   --->   Operation 161 'partselect' 'tmp_1' <Predicate = (icmp_ln81)> <Delay = 0.00>
ST_1 : Operation 162 [1/1] (0.99ns)   --->   "%icmp3 = icmp_sgt  i30 %tmp_1, i30 0"   --->   Operation 162 'icmp' 'icmp3' <Predicate = (icmp_ln81)> <Delay = 0.99> <CoreInst = "Cmp">   --->   Core 9 'Cmp' <Latency = 0> <II = 1> <Delay = 0.99> <FuncUnit> <Opcode : 'icmp'> <InPorts = 2> <OutPorts = 1>
ST_1 : Operation 163 [1/1] (1.01ns)   --->   "%cmp15_496 = icmp_sgt  i32 %b_col_read, i32 4"   --->   Operation 163 'icmp' 'cmp15_496' <Predicate = (icmp_ln81)> <Delay = 1.01> <CoreInst = "Cmp">   --->   Core 9 'Cmp' <Latency = 0> <II = 1> <Delay = 1.01> <FuncUnit> <Opcode : 'icmp'> <InPorts = 2> <OutPorts = 1>
ST_1 : Operation 164 [1/1] (1.01ns)   --->   "%cmp15_5124 = icmp_sgt  i32 %b_col_read, i32 5"   --->   Operation 164 'icmp' 'cmp15_5124' <Predicate = (icmp_ln81)> <Delay = 1.01> <CoreInst = "Cmp">   --->   Core 9 'Cmp' <Latency = 0> <II = 1> <Delay = 1.01> <FuncUnit> <Opcode : 'icmp'> <InPorts = 2> <OutPorts = 1>
ST_1 : Operation 165 [1/1] (1.01ns)   --->   "%cmp15_6152 = icmp_sgt  i32 %b_col_read, i32 6"   --->   Operation 165 'icmp' 'cmp15_6152' <Predicate = (icmp_ln81)> <Delay = 1.01> <CoreInst = "Cmp">   --->   Core 9 'Cmp' <Latency = 0> <II = 1> <Delay = 1.01> <FuncUnit> <Opcode : 'icmp'> <InPorts = 2> <OutPorts = 1>
ST_1 : Operation 166 [1/1] (0.00ns)   --->   "%tmp_2 = partselect i29 @_ssdm_op_PartSelect.i29.i32.i32.i32, i32 %b_col_read, i32 3, i32 31"   --->   Operation 166 'partselect' 'tmp_2' <Predicate = (icmp_ln81)> <Delay = 0.00>
ST_1 : Operation 167 [1/1] (0.98ns)   --->   "%icmp6 = icmp_sgt  i29 %tmp_2, i29 0"   --->   Operation 167 'icmp' 'icmp6' <Predicate = (icmp_ln81)> <Delay = 0.98> <CoreInst = "Cmp">   --->   Core 9 'Cmp' <Latency = 0> <II = 1> <Delay = 0.98> <FuncUnit> <Opcode : 'icmp'> <InPorts = 2> <OutPorts = 1>
ST_1 : Operation 168 [1/1] (0.00ns)   --->   "%tmp_3 = partselect i31 @_ssdm_op_PartSelect.i31.i32.i32.i32, i32 %a_row_read, i32 1, i32 31"   --->   Operation 168 'partselect' 'tmp_3' <Predicate = (icmp_ln81)> <Delay = 0.00>
ST_1 : Operation 169 [1/1] (1.00ns)   --->   "%icmp9 = icmp_slt  i31 %tmp_3, i31 1"   --->   Operation 169 'icmp' 'icmp9' <Predicate = (icmp_ln81)> <Delay = 1.00> <CoreInst = "Cmp">   --->   Core 9 'Cmp' <Latency = 0> <II = 1> <Delay = 1.00> <FuncUnit> <Opcode : 'icmp'> <InPorts = 2> <OutPorts = 1>
ST_1 : Operation 170 [1/1] (1.01ns)   --->   "%cmp9_2_not = icmp_slt  i32 %a_row_read, i32 3"   --->   Operation 170 'icmp' 'cmp9_2_not' <Predicate = (icmp_ln81)> <Delay = 1.01> <CoreInst = "Cmp">   --->   Core 9 'Cmp' <Latency = 0> <II = 1> <Delay = 1.01> <FuncUnit> <Opcode : 'icmp'> <InPorts = 2> <OutPorts = 1>
ST_1 : Operation 171 [1/1] (0.00ns)   --->   "%tmp_4 = partselect i30 @_ssdm_op_PartSelect.i30.i32.i32.i32, i32 %a_row_read, i32 2, i32 31"   --->   Operation 171 'partselect' 'tmp_4' <Predicate = (icmp_ln81)> <Delay = 0.00>
ST_1 : Operation 172 [1/1] (0.99ns)   --->   "%icmp12 = icmp_slt  i30 %tmp_4, i30 1"   --->   Operation 172 'icmp' 'icmp12' <Predicate = (icmp_ln81)> <Delay = 0.99> <CoreInst = "Cmp">   --->   Core 9 'Cmp' <Latency = 0> <II = 1> <Delay = 0.99> <FuncUnit> <Opcode : 'icmp'> <InPorts = 2> <OutPorts = 1>
ST_1 : Operation 173 [1/1] (1.01ns)   --->   "%cmp9_4_not = icmp_slt  i32 %a_row_read, i32 5"   --->   Operation 173 'icmp' 'cmp9_4_not' <Predicate = (icmp_ln81)> <Delay = 1.01> <CoreInst = "Cmp">   --->   Core 9 'Cmp' <Latency = 0> <II = 1> <Delay = 1.01> <FuncUnit> <Opcode : 'icmp'> <InPorts = 2> <OutPorts = 1>
ST_1 : Operation 174 [1/1] (1.01ns)   --->   "%cmp9_5_not = icmp_slt  i32 %a_row_read, i32 6"   --->   Operation 174 'icmp' 'cmp9_5_not' <Predicate = (icmp_ln81)> <Delay = 1.01> <CoreInst = "Cmp">   --->   Core 9 'Cmp' <Latency = 0> <II = 1> <Delay = 1.01> <FuncUnit> <Opcode : 'icmp'> <InPorts = 2> <OutPorts = 1>
ST_1 : Operation 175 [1/1] (1.01ns)   --->   "%cmp9_6_not = icmp_slt  i32 %a_row_read, i32 7"   --->   Operation 175 'icmp' 'cmp9_6_not' <Predicate = (icmp_ln81)> <Delay = 1.01> <CoreInst = "Cmp">   --->   Core 9 'Cmp' <Latency = 0> <II = 1> <Delay = 1.01> <FuncUnit> <Opcode : 'icmp'> <InPorts = 2> <OutPorts = 1>
ST_1 : Operation 176 [1/1] (0.00ns)   --->   "%tmp_5 = partselect i29 @_ssdm_op_PartSelect.i29.i32.i32.i32, i32 %a_row_read, i32 3, i32 31"   --->   Operation 176 'partselect' 'tmp_5' <Predicate = (icmp_ln81)> <Delay = 0.00>
ST_1 : Operation 177 [1/1] (0.98ns)   --->   "%icmp15 = icmp_slt  i29 %tmp_5, i29 1"   --->   Operation 177 'icmp' 'icmp15' <Predicate = (icmp_ln81)> <Delay = 0.98> <CoreInst = "Cmp">   --->   Core 9 'Cmp' <Latency = 0> <II = 1> <Delay = 0.98> <FuncUnit> <Opcode : 'icmp'> <InPorts = 2> <OutPorts = 1>
ST_1 : Operation 178 [2/2] (0.42ns)   --->   "%call_ln0 = call void @tile_process_Pipeline_compute_pipeline, i3 %start_k_read, i16 %p_read_59, i16 %p_read_60, i16 %p_read_61, i16 %p_read_62, i16 %p_read_63, i16 %p_read_64, i16 %p_read_65, i16 %p_read_66, i16 %p_read_67, i16 %p_read_68, i16 %p_read_69, i16 %p_read_70, i16 %p_read_71, i16 %p_read_72, i16 %p_read_73, i16 %p_read_74, i16 %p_read_75, i16 %p_read_76, i16 %p_read_77, i16 %p_read_78, i16 %p_read_79, i16 %p_read_80, i16 %p_read_81, i16 %p_read_82, i16 %p_read_83, i16 %p_read_84, i16 %p_read_85, i16 %p_read_86, i16 %p_read_87, i16 %p_read_88, i16 %p_read_89, i16 %p_read_90, i16 %p_read_91, i16 %p_read_92, i16 %p_read_93, i16 %p_read_94, i16 %p_read_95, i16 %p_read_96, i16 %p_read_97, i16 %p_read_98, i16 %p_read_99, i16 %p_read_100, i16 %p_read_101, i16 %p_read2084, i16 %p_read_102, i16 %p_read_103, i16 %p_read_104, i16 %p_read_105, i16 %p_read_106, i16 %p_read_107, i16 %p_read_108, i16 %p_read_109, i16 %p_read_110, i16 %p_read1074, i16 %p_read973, i16 %p_read872, i16 %p_read771, i16 %p_read670, i16 %p_read569, i16 %p_read468, i16 %p_read367, i16 %p_read266, i16 %p_read165, i16 %p_read64, i4 %finish_k_read, i32 %a_col_read, i8 %a_row_major_0, i8 %a_row_major_1, i8 %a_row_major_2, i8 %a_row_major_3, i8 %a_row_major_4, i8 %a_row_major_5, i8 %a_row_major_6, i8 %a_row_major_7, i1 %cmp9_not, i1 %cmp15, i8 %b_row_major_0, i1 %icmp, i8 %b_row_major_1, i1 %cmp15_240, i8 %b_row_major_2, i1 %icmp3, i8 %b_row_major_3, i1 %cmp15_496, i8 %b_row_major_4, i1 %cmp15_5124, i8 %b_row_major_5, i1 %cmp15_6152, i8 %b_row_major_6, i1 %icmp6, i8 %b_row_major_7, i1 %icmp9, i1 %cmp9_2_not, i1 %icmp12, i1 %cmp9_4_not, i1 %cmp9_5_not, i1 %cmp9_6_not, i1 %icmp15, i16 %c_row_major_7_7_0_loc, i16 %c_row_major_7_6_0_loc, i16 %c_row_major_7_5_0_loc, i16 %c_row_major_7_4_0_loc, i16 %c_row_major_7_3_0_loc, i16 %c_row_major_7_2_0_loc, i16 %c_row_major_7_1_0_loc, i16 %c_row_major_7_0_0_loc, i16 %c_row_major_6_7_0_loc, i16 %c_row_major_6_6_0_loc, i16 %c_row_major_6_5_0_loc, i16 %c_row_major_6_4_0_loc, i16 %c_row_major_6_3_0_loc, i16 %c_row_major_6_2_0_loc, i16 %c_row_major_6_1_0_loc, i16 %c_row_major_6_0_0_loc, i16 %c_row_major_5_7_0_loc, i16 %c_row_major_5_6_0_loc, i16 %c_row_major_5_5_0_loc, i16 %c_row_major_5_4_0_loc, i16 %c_row_major_5_3_0_loc, i16 %c_row_major_5_2_0_loc, i16 %c_row_major_5_1_0_loc, i16 %c_row_major_5_0_0_loc, i16 %c_row_major_4_7_0_loc, i16 %c_row_major_4_6_0_loc, i16 %c_row_major_4_5_0_loc, i16 %c_row_major_4_4_0_loc, i16 %c_row_major_4_3_0_loc, i16 %c_row_major_4_2_0_loc, i16 %c_row_major_4_1_0_loc, i16 %c_row_major_4_0_0_loc, i16 %c_row_major_3_7_0_loc, i16 %c_row_major_3_6_0_loc, i16 %c_row_major_3_5_0_loc, i16 %c_row_major_3_4_0_loc, i16 %c_row_major_3_3_0_loc, i16 %c_row_major_3_2_0_loc, i16 %c_row_major_3_1_0_loc, i16 %c_row_major_3_0_0_loc, i16 %c_row_major_2_7_0_loc, i16 %c_row_major_2_6_0_loc, i16 %c_row_major_2_5_0_loc, i16 %c_row_major_2_4_0_loc, i16 %c_row_major_2_3_0_loc, i16 %c_row_major_2_2_0_loc, i16 %c_row_major_2_1_0_loc, i16 %c_row_major_2_0_0_loc, i16 %c_row_major_1_7_0_loc, i16 %c_row_major_1_6_0_loc, i16 %c_row_major_1_5_0_loc, i16 %c_row_major_1_4_0_loc, i16 %c_row_major_1_3_0_loc, i16 %c_row_major_1_2_0_loc, i16 %c_row_major_1_1_0_loc, i16 %c_row_major_1_0_0_loc, i16 %c_row_major_0_7_0_loc, i16 %c_row_major_0_6_0_loc, i16 %c_row_major_0_5_0_loc, i16 %c_row_major_0_4_0_loc, i16 %c_row_major_0_3_0_loc, i16 %c_row_major_0_2_0_loc, i16 %c_row_major_0_1_0_loc, i16 %c_row_major_0_0_0_loc"   --->   Operation 178 'call' 'call_ln0' <Predicate = (icmp_ln81)> <Delay = 0.42> <CoreType = "Generic">   --->   Core 0 '' <Latency = 0> <II = 1> <Delay = 1.00> <Generic> <Opcode : >

State 2 <SV = 1> <Delay = 0.00>
ST_2 : Operation 179 [1/2] (0.00ns)   --->   "%call_ln0 = call void @tile_process_Pipeline_compute_pipeline, i3 %start_k_read, i16 %p_read_59, i16 %p_read_60, i16 %p_read_61, i16 %p_read_62, i16 %p_read_63, i16 %p_read_64, i16 %p_read_65, i16 %p_read_66, i16 %p_read_67, i16 %p_read_68, i16 %p_read_69, i16 %p_read_70, i16 %p_read_71, i16 %p_read_72, i16 %p_read_73, i16 %p_read_74, i16 %p_read_75, i16 %p_read_76, i16 %p_read_77, i16 %p_read_78, i16 %p_read_79, i16 %p_read_80, i16 %p_read_81, i16 %p_read_82, i16 %p_read_83, i16 %p_read_84, i16 %p_read_85, i16 %p_read_86, i16 %p_read_87, i16 %p_read_88, i16 %p_read_89, i16 %p_read_90, i16 %p_read_91, i16 %p_read_92, i16 %p_read_93, i16 %p_read_94, i16 %p_read_95, i16 %p_read_96, i16 %p_read_97, i16 %p_read_98, i16 %p_read_99, i16 %p_read_100, i16 %p_read_101, i16 %p_read2084, i16 %p_read_102, i16 %p_read_103, i16 %p_read_104, i16 %p_read_105, i16 %p_read_106, i16 %p_read_107, i16 %p_read_108, i16 %p_read_109, i16 %p_read_110, i16 %p_read1074, i16 %p_read973, i16 %p_read872, i16 %p_read771, i16 %p_read670, i16 %p_read569, i16 %p_read468, i16 %p_read367, i16 %p_read266, i16 %p_read165, i16 %p_read64, i4 %finish_k_read, i32 %a_col_read, i8 %a_row_major_0, i8 %a_row_major_1, i8 %a_row_major_2, i8 %a_row_major_3, i8 %a_row_major_4, i8 %a_row_major_5, i8 %a_row_major_6, i8 %a_row_major_7, i1 %cmp9_not, i1 %cmp15, i8 %b_row_major_0, i1 %icmp, i8 %b_row_major_1, i1 %cmp15_240, i8 %b_row_major_2, i1 %icmp3, i8 %b_row_major_3, i1 %cmp15_496, i8 %b_row_major_4, i1 %cmp15_5124, i8 %b_row_major_5, i1 %cmp15_6152, i8 %b_row_major_6, i1 %icmp6, i8 %b_row_major_7, i1 %icmp9, i1 %cmp9_2_not, i1 %icmp12, i1 %cmp9_4_not, i1 %cmp9_5_not, i1 %cmp9_6_not, i1 %icmp15, i16 %c_row_major_7_7_0_loc, i16 %c_row_major_7_6_0_loc, i16 %c_row_major_7_5_0_loc, i16 %c_row_major_7_4_0_loc, i16 %c_row_major_7_3_0_loc, i16 %c_row_major_7_2_0_loc, i16 %c_row_major_7_1_0_loc, i16 %c_row_major_7_0_0_loc, i16 %c_row_major_6_7_0_loc, i16 %c_row_major_6_6_0_loc, i16 %c_row_major_6_5_0_loc, i16 %c_row_major_6_4_0_loc, i16 %c_row_major_6_3_0_loc, i16 %c_row_major_6_2_0_loc, i16 %c_row_major_6_1_0_loc, i16 %c_row_major_6_0_0_loc, i16 %c_row_major_5_7_0_loc, i16 %c_row_major_5_6_0_loc, i16 %c_row_major_5_5_0_loc, i16 %c_row_major_5_4_0_loc, i16 %c_row_major_5_3_0_loc, i16 %c_row_major_5_2_0_loc, i16 %c_row_major_5_1_0_loc, i16 %c_row_major_5_0_0_loc, i16 %c_row_major_4_7_0_loc, i16 %c_row_major_4_6_0_loc, i16 %c_row_major_4_5_0_loc, i16 %c_row_major_4_4_0_loc, i16 %c_row_major_4_3_0_loc, i16 %c_row_major_4_2_0_loc, i16 %c_row_major_4_1_0_loc, i16 %c_row_major_4_0_0_loc, i16 %c_row_major_3_7_0_loc, i16 %c_row_major_3_6_0_loc, i16 %c_row_major_3_5_0_loc, i16 %c_row_major_3_4_0_loc, i16 %c_row_major_3_3_0_loc, i16 %c_row_major_3_2_0_loc, i16 %c_row_major_3_1_0_loc, i16 %c_row_major_3_0_0_loc, i16 %c_row_major_2_7_0_loc, i16 %c_row_major_2_6_0_loc, i16 %c_row_major_2_5_0_loc, i16 %c_row_major_2_4_0_loc, i16 %c_row_major_2_3_0_loc, i16 %c_row_major_2_2_0_loc, i16 %c_row_major_2_1_0_loc, i16 %c_row_major_2_0_0_loc, i16 %c_row_major_1_7_0_loc, i16 %c_row_major_1_6_0_loc, i16 %c_row_major_1_5_0_loc, i16 %c_row_major_1_4_0_loc, i16 %c_row_major_1_3_0_loc, i16 %c_row_major_1_2_0_loc, i16 %c_row_major_1_1_0_loc, i16 %c_row_major_1_0_0_loc, i16 %c_row_major_0_7_0_loc, i16 %c_row_major_0_6_0_loc, i16 %c_row_major_0_5_0_loc, i16 %c_row_major_0_4_0_loc, i16 %c_row_major_0_3_0_loc, i16 %c_row_major_0_2_0_loc, i16 %c_row_major_0_1_0_loc, i16 %c_row_major_0_0_0_loc"   --->   Operation 179 'call' 'call_ln0' <Predicate = true> <Delay = 0.00> <CoreType = "Generic">   --->   Core 0 '' <Latency = 0> <II = 1> <Delay = 1.00> <Generic> <Opcode : >

State 3 <SV = 2> <Delay = 0.42>
ST_3 : Operation 180 [1/1] (0.00ns)   --->   "%c_row_major_7_7_0_loc_load = load i16 %c_row_major_7_7_0_loc"   --->   Operation 180 'load' 'c_row_major_7_7_0_loc_load' <Predicate = (icmp_ln81)> <Delay = 0.00>
ST_3 : Operation 181 [1/1] (0.00ns)   --->   "%c_row_major_7_6_0_loc_load = load i16 %c_row_major_7_6_0_loc"   --->   Operation 181 'load' 'c_row_major_7_6_0_loc_load' <Predicate = (icmp_ln81)> <Delay = 0.00>
ST_3 : Operation 182 [1/1] (0.00ns)   --->   "%c_row_major_7_5_0_loc_load = load i16 %c_row_major_7_5_0_loc"   --->   Operation 182 'load' 'c_row_major_7_5_0_loc_load' <Predicate = (icmp_ln81)> <Delay = 0.00>
ST_3 : Operation 183 [1/1] (0.00ns)   --->   "%c_row_major_7_4_0_loc_load = load i16 %c_row_major_7_4_0_loc"   --->   Operation 183 'load' 'c_row_major_7_4_0_loc_load' <Predicate = (icmp_ln81)> <Delay = 0.00>
ST_3 : Operation 184 [1/1] (0.00ns)   --->   "%c_row_major_7_3_0_loc_load = load i16 %c_row_major_7_3_0_loc"   --->   Operation 184 'load' 'c_row_major_7_3_0_loc_load' <Predicate = (icmp_ln81)> <Delay = 0.00>
ST_3 : Operation 185 [1/1] (0.00ns)   --->   "%c_row_major_7_2_0_loc_load = load i16 %c_row_major_7_2_0_loc"   --->   Operation 185 'load' 'c_row_major_7_2_0_loc_load' <Predicate = (icmp_ln81)> <Delay = 0.00>
ST_3 : Operation 186 [1/1] (0.00ns)   --->   "%c_row_major_7_1_0_loc_load = load i16 %c_row_major_7_1_0_loc"   --->   Operation 186 'load' 'c_row_major_7_1_0_loc_load' <Predicate = (icmp_ln81)> <Delay = 0.00>
ST_3 : Operation 187 [1/1] (0.00ns)   --->   "%c_row_major_7_0_0_loc_load = load i16 %c_row_major_7_0_0_loc"   --->   Operation 187 'load' 'c_row_major_7_0_0_loc_load' <Predicate = (icmp_ln81)> <Delay = 0.00>
ST_3 : Operation 188 [1/1] (0.00ns)   --->   "%c_row_major_6_7_0_loc_load = load i16 %c_row_major_6_7_0_loc"   --->   Operation 188 'load' 'c_row_major_6_7_0_loc_load' <Predicate = (icmp_ln81)> <Delay = 0.00>
ST_3 : Operation 189 [1/1] (0.00ns)   --->   "%c_row_major_6_6_0_loc_load = load i16 %c_row_major_6_6_0_loc"   --->   Operation 189 'load' 'c_row_major_6_6_0_loc_load' <Predicate = (icmp_ln81)> <Delay = 0.00>
ST_3 : Operation 190 [1/1] (0.00ns)   --->   "%c_row_major_6_5_0_loc_load = load i16 %c_row_major_6_5_0_loc"   --->   Operation 190 'load' 'c_row_major_6_5_0_loc_load' <Predicate = (icmp_ln81)> <Delay = 0.00>
ST_3 : Operation 191 [1/1] (0.00ns)   --->   "%c_row_major_6_4_0_loc_load = load i16 %c_row_major_6_4_0_loc"   --->   Operation 191 'load' 'c_row_major_6_4_0_loc_load' <Predicate = (icmp_ln81)> <Delay = 0.00>
ST_3 : Operation 192 [1/1] (0.00ns)   --->   "%c_row_major_6_3_0_loc_load = load i16 %c_row_major_6_3_0_loc"   --->   Operation 192 'load' 'c_row_major_6_3_0_loc_load' <Predicate = (icmp_ln81)> <Delay = 0.00>
ST_3 : Operation 193 [1/1] (0.00ns)   --->   "%c_row_major_6_2_0_loc_load = load i16 %c_row_major_6_2_0_loc"   --->   Operation 193 'load' 'c_row_major_6_2_0_loc_load' <Predicate = (icmp_ln81)> <Delay = 0.00>
ST_3 : Operation 194 [1/1] (0.00ns)   --->   "%c_row_major_6_1_0_loc_load = load i16 %c_row_major_6_1_0_loc"   --->   Operation 194 'load' 'c_row_major_6_1_0_loc_load' <Predicate = (icmp_ln81)> <Delay = 0.00>
ST_3 : Operation 195 [1/1] (0.00ns)   --->   "%c_row_major_6_0_0_loc_load = load i16 %c_row_major_6_0_0_loc"   --->   Operation 195 'load' 'c_row_major_6_0_0_loc_load' <Predicate = (icmp_ln81)> <Delay = 0.00>
ST_3 : Operation 196 [1/1] (0.00ns)   --->   "%c_row_major_5_7_0_loc_load = load i16 %c_row_major_5_7_0_loc"   --->   Operation 196 'load' 'c_row_major_5_7_0_loc_load' <Predicate = (icmp_ln81)> <Delay = 0.00>
ST_3 : Operation 197 [1/1] (0.00ns)   --->   "%c_row_major_5_6_0_loc_load = load i16 %c_row_major_5_6_0_loc"   --->   Operation 197 'load' 'c_row_major_5_6_0_loc_load' <Predicate = (icmp_ln81)> <Delay = 0.00>
ST_3 : Operation 198 [1/1] (0.00ns)   --->   "%c_row_major_5_5_0_loc_load = load i16 %c_row_major_5_5_0_loc"   --->   Operation 198 'load' 'c_row_major_5_5_0_loc_load' <Predicate = (icmp_ln81)> <Delay = 0.00>
ST_3 : Operation 199 [1/1] (0.00ns)   --->   "%c_row_major_5_4_0_loc_load = load i16 %c_row_major_5_4_0_loc"   --->   Operation 199 'load' 'c_row_major_5_4_0_loc_load' <Predicate = (icmp_ln81)> <Delay = 0.00>
ST_3 : Operation 200 [1/1] (0.00ns)   --->   "%c_row_major_5_3_0_loc_load = load i16 %c_row_major_5_3_0_loc"   --->   Operation 200 'load' 'c_row_major_5_3_0_loc_load' <Predicate = (icmp_ln81)> <Delay = 0.00>
ST_3 : Operation 201 [1/1] (0.00ns)   --->   "%c_row_major_5_2_0_loc_load = load i16 %c_row_major_5_2_0_loc"   --->   Operation 201 'load' 'c_row_major_5_2_0_loc_load' <Predicate = (icmp_ln81)> <Delay = 0.00>
ST_3 : Operation 202 [1/1] (0.00ns)   --->   "%c_row_major_5_1_0_loc_load = load i16 %c_row_major_5_1_0_loc"   --->   Operation 202 'load' 'c_row_major_5_1_0_loc_load' <Predicate = (icmp_ln81)> <Delay = 0.00>
ST_3 : Operation 203 [1/1] (0.00ns)   --->   "%c_row_major_5_0_0_loc_load = load i16 %c_row_major_5_0_0_loc"   --->   Operation 203 'load' 'c_row_major_5_0_0_loc_load' <Predicate = (icmp_ln81)> <Delay = 0.00>
ST_3 : Operation 204 [1/1] (0.00ns)   --->   "%c_row_major_4_7_0_loc_load = load i16 %c_row_major_4_7_0_loc"   --->   Operation 204 'load' 'c_row_major_4_7_0_loc_load' <Predicate = (icmp_ln81)> <Delay = 0.00>
ST_3 : Operation 205 [1/1] (0.00ns)   --->   "%c_row_major_4_6_0_loc_load = load i16 %c_row_major_4_6_0_loc"   --->   Operation 205 'load' 'c_row_major_4_6_0_loc_load' <Predicate = (icmp_ln81)> <Delay = 0.00>
ST_3 : Operation 206 [1/1] (0.00ns)   --->   "%c_row_major_4_5_0_loc_load = load i16 %c_row_major_4_5_0_loc"   --->   Operation 206 'load' 'c_row_major_4_5_0_loc_load' <Predicate = (icmp_ln81)> <Delay = 0.00>
ST_3 : Operation 207 [1/1] (0.00ns)   --->   "%c_row_major_4_4_0_loc_load = load i16 %c_row_major_4_4_0_loc"   --->   Operation 207 'load' 'c_row_major_4_4_0_loc_load' <Predicate = (icmp_ln81)> <Delay = 0.00>
ST_3 : Operation 208 [1/1] (0.00ns)   --->   "%c_row_major_4_3_0_loc_load = load i16 %c_row_major_4_3_0_loc"   --->   Operation 208 'load' 'c_row_major_4_3_0_loc_load' <Predicate = (icmp_ln81)> <Delay = 0.00>
ST_3 : Operation 209 [1/1] (0.00ns)   --->   "%c_row_major_4_2_0_loc_load = load i16 %c_row_major_4_2_0_loc"   --->   Operation 209 'load' 'c_row_major_4_2_0_loc_load' <Predicate = (icmp_ln81)> <Delay = 0.00>
ST_3 : Operation 210 [1/1] (0.00ns)   --->   "%c_row_major_4_1_0_loc_load = load i16 %c_row_major_4_1_0_loc"   --->   Operation 210 'load' 'c_row_major_4_1_0_loc_load' <Predicate = (icmp_ln81)> <Delay = 0.00>
ST_3 : Operation 211 [1/1] (0.00ns)   --->   "%c_row_major_4_0_0_loc_load = load i16 %c_row_major_4_0_0_loc"   --->   Operation 211 'load' 'c_row_major_4_0_0_loc_load' <Predicate = (icmp_ln81)> <Delay = 0.00>
ST_3 : Operation 212 [1/1] (0.00ns)   --->   "%c_row_major_3_7_0_loc_load = load i16 %c_row_major_3_7_0_loc"   --->   Operation 212 'load' 'c_row_major_3_7_0_loc_load' <Predicate = (icmp_ln81)> <Delay = 0.00>
ST_3 : Operation 213 [1/1] (0.00ns)   --->   "%c_row_major_3_6_0_loc_load = load i16 %c_row_major_3_6_0_loc"   --->   Operation 213 'load' 'c_row_major_3_6_0_loc_load' <Predicate = (icmp_ln81)> <Delay = 0.00>
ST_3 : Operation 214 [1/1] (0.00ns)   --->   "%c_row_major_3_5_0_loc_load = load i16 %c_row_major_3_5_0_loc"   --->   Operation 214 'load' 'c_row_major_3_5_0_loc_load' <Predicate = (icmp_ln81)> <Delay = 0.00>
ST_3 : Operation 215 [1/1] (0.00ns)   --->   "%c_row_major_3_4_0_loc_load = load i16 %c_row_major_3_4_0_loc"   --->   Operation 215 'load' 'c_row_major_3_4_0_loc_load' <Predicate = (icmp_ln81)> <Delay = 0.00>
ST_3 : Operation 216 [1/1] (0.00ns)   --->   "%c_row_major_3_3_0_loc_load = load i16 %c_row_major_3_3_0_loc"   --->   Operation 216 'load' 'c_row_major_3_3_0_loc_load' <Predicate = (icmp_ln81)> <Delay = 0.00>
ST_3 : Operation 217 [1/1] (0.00ns)   --->   "%c_row_major_3_2_0_loc_load = load i16 %c_row_major_3_2_0_loc"   --->   Operation 217 'load' 'c_row_major_3_2_0_loc_load' <Predicate = (icmp_ln81)> <Delay = 0.00>
ST_3 : Operation 218 [1/1] (0.00ns)   --->   "%c_row_major_3_1_0_loc_load = load i16 %c_row_major_3_1_0_loc"   --->   Operation 218 'load' 'c_row_major_3_1_0_loc_load' <Predicate = (icmp_ln81)> <Delay = 0.00>
ST_3 : Operation 219 [1/1] (0.00ns)   --->   "%c_row_major_3_0_0_loc_load = load i16 %c_row_major_3_0_0_loc"   --->   Operation 219 'load' 'c_row_major_3_0_0_loc_load' <Predicate = (icmp_ln81)> <Delay = 0.00>
ST_3 : Operation 220 [1/1] (0.00ns)   --->   "%c_row_major_2_7_0_loc_load = load i16 %c_row_major_2_7_0_loc"   --->   Operation 220 'load' 'c_row_major_2_7_0_loc_load' <Predicate = (icmp_ln81)> <Delay = 0.00>
ST_3 : Operation 221 [1/1] (0.00ns)   --->   "%c_row_major_2_6_0_loc_load = load i16 %c_row_major_2_6_0_loc"   --->   Operation 221 'load' 'c_row_major_2_6_0_loc_load' <Predicate = (icmp_ln81)> <Delay = 0.00>
ST_3 : Operation 222 [1/1] (0.00ns)   --->   "%c_row_major_2_5_0_loc_load = load i16 %c_row_major_2_5_0_loc"   --->   Operation 222 'load' 'c_row_major_2_5_0_loc_load' <Predicate = (icmp_ln81)> <Delay = 0.00>
ST_3 : Operation 223 [1/1] (0.00ns)   --->   "%c_row_major_2_4_0_loc_load = load i16 %c_row_major_2_4_0_loc"   --->   Operation 223 'load' 'c_row_major_2_4_0_loc_load' <Predicate = (icmp_ln81)> <Delay = 0.00>
ST_3 : Operation 224 [1/1] (0.00ns)   --->   "%c_row_major_2_3_0_loc_load = load i16 %c_row_major_2_3_0_loc"   --->   Operation 224 'load' 'c_row_major_2_3_0_loc_load' <Predicate = (icmp_ln81)> <Delay = 0.00>
ST_3 : Operation 225 [1/1] (0.00ns)   --->   "%c_row_major_2_2_0_loc_load = load i16 %c_row_major_2_2_0_loc"   --->   Operation 225 'load' 'c_row_major_2_2_0_loc_load' <Predicate = (icmp_ln81)> <Delay = 0.00>
ST_3 : Operation 226 [1/1] (0.00ns)   --->   "%c_row_major_2_1_0_loc_load = load i16 %c_row_major_2_1_0_loc"   --->   Operation 226 'load' 'c_row_major_2_1_0_loc_load' <Predicate = (icmp_ln81)> <Delay = 0.00>
ST_3 : Operation 227 [1/1] (0.00ns)   --->   "%c_row_major_2_0_0_loc_load = load i16 %c_row_major_2_0_0_loc"   --->   Operation 227 'load' 'c_row_major_2_0_0_loc_load' <Predicate = (icmp_ln81)> <Delay = 0.00>
ST_3 : Operation 228 [1/1] (0.00ns)   --->   "%c_row_major_1_7_0_loc_load = load i16 %c_row_major_1_7_0_loc"   --->   Operation 228 'load' 'c_row_major_1_7_0_loc_load' <Predicate = (icmp_ln81)> <Delay = 0.00>
ST_3 : Operation 229 [1/1] (0.00ns)   --->   "%c_row_major_1_6_0_loc_load = load i16 %c_row_major_1_6_0_loc"   --->   Operation 229 'load' 'c_row_major_1_6_0_loc_load' <Predicate = (icmp_ln81)> <Delay = 0.00>
ST_3 : Operation 230 [1/1] (0.00ns)   --->   "%c_row_major_1_5_0_loc_load = load i16 %c_row_major_1_5_0_loc"   --->   Operation 230 'load' 'c_row_major_1_5_0_loc_load' <Predicate = (icmp_ln81)> <Delay = 0.00>
ST_3 : Operation 231 [1/1] (0.00ns)   --->   "%c_row_major_1_4_0_loc_load = load i16 %c_row_major_1_4_0_loc"   --->   Operation 231 'load' 'c_row_major_1_4_0_loc_load' <Predicate = (icmp_ln81)> <Delay = 0.00>
ST_3 : Operation 232 [1/1] (0.00ns)   --->   "%c_row_major_1_3_0_loc_load = load i16 %c_row_major_1_3_0_loc"   --->   Operation 232 'load' 'c_row_major_1_3_0_loc_load' <Predicate = (icmp_ln81)> <Delay = 0.00>
ST_3 : Operation 233 [1/1] (0.00ns)   --->   "%c_row_major_1_2_0_loc_load = load i16 %c_row_major_1_2_0_loc"   --->   Operation 233 'load' 'c_row_major_1_2_0_loc_load' <Predicate = (icmp_ln81)> <Delay = 0.00>
ST_3 : Operation 234 [1/1] (0.00ns)   --->   "%c_row_major_1_1_0_loc_load = load i16 %c_row_major_1_1_0_loc"   --->   Operation 234 'load' 'c_row_major_1_1_0_loc_load' <Predicate = (icmp_ln81)> <Delay = 0.00>
ST_3 : Operation 235 [1/1] (0.00ns)   --->   "%c_row_major_1_0_0_loc_load = load i16 %c_row_major_1_0_0_loc"   --->   Operation 235 'load' 'c_row_major_1_0_0_loc_load' <Predicate = (icmp_ln81)> <Delay = 0.00>
ST_3 : Operation 236 [1/1] (0.00ns)   --->   "%c_row_major_0_7_0_loc_load = load i16 %c_row_major_0_7_0_loc"   --->   Operation 236 'load' 'c_row_major_0_7_0_loc_load' <Predicate = (icmp_ln81)> <Delay = 0.00>
ST_3 : Operation 237 [1/1] (0.00ns)   --->   "%c_row_major_0_6_0_loc_load = load i16 %c_row_major_0_6_0_loc"   --->   Operation 237 'load' 'c_row_major_0_6_0_loc_load' <Predicate = (icmp_ln81)> <Delay = 0.00>
ST_3 : Operation 238 [1/1] (0.00ns)   --->   "%c_row_major_0_5_0_loc_load = load i16 %c_row_major_0_5_0_loc"   --->   Operation 238 'load' 'c_row_major_0_5_0_loc_load' <Predicate = (icmp_ln81)> <Delay = 0.00>
ST_3 : Operation 239 [1/1] (0.00ns)   --->   "%c_row_major_0_4_0_loc_load = load i16 %c_row_major_0_4_0_loc"   --->   Operation 239 'load' 'c_row_major_0_4_0_loc_load' <Predicate = (icmp_ln81)> <Delay = 0.00>
ST_3 : Operation 240 [1/1] (0.00ns)   --->   "%c_row_major_0_3_0_loc_load = load i16 %c_row_major_0_3_0_loc"   --->   Operation 240 'load' 'c_row_major_0_3_0_loc_load' <Predicate = (icmp_ln81)> <Delay = 0.00>
ST_3 : Operation 241 [1/1] (0.00ns)   --->   "%c_row_major_0_2_0_loc_load = load i16 %c_row_major_0_2_0_loc"   --->   Operation 241 'load' 'c_row_major_0_2_0_loc_load' <Predicate = (icmp_ln81)> <Delay = 0.00>
ST_3 : Operation 242 [1/1] (0.00ns)   --->   "%c_row_major_0_1_0_loc_load = load i16 %c_row_major_0_1_0_loc"   --->   Operation 242 'load' 'c_row_major_0_1_0_loc_load' <Predicate = (icmp_ln81)> <Delay = 0.00>
ST_3 : Operation 243 [1/1] (0.00ns)   --->   "%c_row_major_0_0_0_loc_load = load i16 %c_row_major_0_0_0_loc"   --->   Operation 243 'load' 'c_row_major_0_0_0_loc_load' <Predicate = (icmp_ln81)> <Delay = 0.00>
ST_3 : Operation 244 [1/1] (0.42ns)   --->   "%br_ln0 = br void %for.end36"   --->   Operation 244 'br' 'br_ln0' <Predicate = (icmp_ln81)> <Delay = 0.42>
ST_3 : Operation 245 [1/1] (0.00ns)   --->   "%phi_ln105 = phi i16 %c_row_major_1_2_0_loc_load, void %for.body.lr.ph, i16 %p_read1074, void %entry" [mmult.cpp:105]   --->   Operation 245 'phi' 'phi_ln105' <Predicate = true> <Delay = 0.00>
ST_3 : Operation 246 [1/1] (0.00ns)   --->   "%phi_ln105_1 = phi i16 %c_row_major_1_3_0_loc_load, void %for.body.lr.ph, i16 %p_read_110, void %entry" [mmult.cpp:105]   --->   Operation 246 'phi' 'phi_ln105_1' <Predicate = true> <Delay = 0.00>
ST_3 : Operation 247 [1/1] (0.00ns)   --->   "%phi_ln105_2 = phi i16 %c_row_major_1_1_0_loc_load, void %for.body.lr.ph, i16 %p_read973, void %entry" [mmult.cpp:105]   --->   Operation 247 'phi' 'phi_ln105_2' <Predicate = true> <Delay = 0.00>
ST_3 : Operation 248 [1/1] (0.00ns)   --->   "%phi_ln105_3 = phi i16 %c_row_major_1_4_0_loc_load, void %for.body.lr.ph, i16 %p_read_109, void %entry" [mmult.cpp:105]   --->   Operation 248 'phi' 'phi_ln105_3' <Predicate = true> <Delay = 0.00>
ST_3 : Operation 249 [1/1] (0.00ns)   --->   "%phi_ln105_4 = phi i16 %c_row_major_1_5_0_loc_load, void %for.body.lr.ph, i16 %p_read_108, void %entry" [mmult.cpp:105]   --->   Operation 249 'phi' 'phi_ln105_4' <Predicate = true> <Delay = 0.00>
ST_3 : Operation 250 [1/1] (0.00ns)   --->   "%phi_ln105_5 = phi i16 %c_row_major_1_0_0_loc_load, void %for.body.lr.ph, i16 %p_read872, void %entry" [mmult.cpp:105]   --->   Operation 250 'phi' 'phi_ln105_5' <Predicate = true> <Delay = 0.00>
ST_3 : Operation 251 [1/1] (0.00ns)   --->   "%phi_ln105_6 = phi i16 %c_row_major_1_6_0_loc_load, void %for.body.lr.ph, i16 %p_read_107, void %entry" [mmult.cpp:105]   --->   Operation 251 'phi' 'phi_ln105_6' <Predicate = true> <Delay = 0.00>
ST_3 : Operation 252 [1/1] (0.00ns)   --->   "%phi_ln105_7 = phi i16 %c_row_major_1_7_0_loc_load, void %for.body.lr.ph, i16 %p_read_106, void %entry" [mmult.cpp:105]   --->   Operation 252 'phi' 'phi_ln105_7' <Predicate = true> <Delay = 0.00>
ST_3 : Operation 253 [1/1] (0.00ns)   --->   "%phi_ln105_8 = phi i16 %c_row_major_0_7_0_loc_load, void %for.body.lr.ph, i16 %p_read771, void %entry" [mmult.cpp:105]   --->   Operation 253 'phi' 'phi_ln105_8' <Predicate = true> <Delay = 0.00>
ST_3 : Operation 254 [1/1] (0.00ns)   --->   "%phi_ln105_9 = phi i16 %c_row_major_2_0_0_loc_load, void %for.body.lr.ph, i16 %p_read_105, void %entry" [mmult.cpp:105]   --->   Operation 254 'phi' 'phi_ln105_9' <Predicate = true> <Delay = 0.00>
ST_3 : Operation 255 [1/1] (0.00ns)   --->   "%phi_ln105_10 = phi i16 %c_row_major_2_1_0_loc_load, void %for.body.lr.ph, i16 %p_read_104, void %entry" [mmult.cpp:105]   --->   Operation 255 'phi' 'phi_ln105_10' <Predicate = true> <Delay = 0.00>
ST_3 : Operation 256 [1/1] (0.00ns)   --->   "%phi_ln105_11 = phi i16 %c_row_major_0_6_0_loc_load, void %for.body.lr.ph, i16 %p_read670, void %entry" [mmult.cpp:105]   --->   Operation 256 'phi' 'phi_ln105_11' <Predicate = true> <Delay = 0.00>
ST_3 : Operation 257 [1/1] (0.00ns)   --->   "%phi_ln105_12 = phi i16 %c_row_major_2_2_0_loc_load, void %for.body.lr.ph, i16 %p_read_103, void %entry" [mmult.cpp:105]   --->   Operation 257 'phi' 'phi_ln105_12' <Predicate = true> <Delay = 0.00>
ST_3 : Operation 258 [1/1] (0.00ns)   --->   "%phi_ln105_13 = phi i16 %c_row_major_2_3_0_loc_load, void %for.body.lr.ph, i16 %p_read_102, void %entry" [mmult.cpp:105]   --->   Operation 258 'phi' 'phi_ln105_13' <Predicate = true> <Delay = 0.00>
ST_3 : Operation 259 [1/1] (0.00ns)   --->   "%phi_ln105_14 = phi i16 %c_row_major_0_5_0_loc_load, void %for.body.lr.ph, i16 %p_read569, void %entry" [mmult.cpp:105]   --->   Operation 259 'phi' 'phi_ln105_14' <Predicate = true> <Delay = 0.00>
ST_3 : Operation 260 [1/1] (0.00ns)   --->   "%phi_ln105_15 = phi i16 %c_row_major_2_4_0_loc_load, void %for.body.lr.ph, i16 %p_read2084, void %entry" [mmult.cpp:105]   --->   Operation 260 'phi' 'phi_ln105_15' <Predicate = true> <Delay = 0.00>
ST_3 : Operation 261 [1/1] (0.00ns)   --->   "%phi_ln105_16 = phi i16 %c_row_major_2_5_0_loc_load, void %for.body.lr.ph, i16 %p_read_101, void %entry" [mmult.cpp:105]   --->   Operation 261 'phi' 'phi_ln105_16' <Predicate = true> <Delay = 0.00>
ST_3 : Operation 262 [1/1] (0.00ns)   --->   "%phi_ln105_17 = phi i16 %c_row_major_0_4_0_loc_load, void %for.body.lr.ph, i16 %p_read468, void %entry" [mmult.cpp:105]   --->   Operation 262 'phi' 'phi_ln105_17' <Predicate = true> <Delay = 0.00>
ST_3 : Operation 263 [1/1] (0.00ns)   --->   "%phi_ln105_18 = phi i16 %c_row_major_2_6_0_loc_load, void %for.body.lr.ph, i16 %p_read_100, void %entry" [mmult.cpp:105]   --->   Operation 263 'phi' 'phi_ln105_18' <Predicate = true> <Delay = 0.00>
ST_3 : Operation 264 [1/1] (0.00ns)   --->   "%phi_ln105_19 = phi i16 %c_row_major_2_7_0_loc_load, void %for.body.lr.ph, i16 %p_read_99, void %entry" [mmult.cpp:105]   --->   Operation 264 'phi' 'phi_ln105_19' <Predicate = true> <Delay = 0.00>
ST_3 : Operation 265 [1/1] (0.00ns)   --->   "%phi_ln105_20 = phi i16 %c_row_major_0_3_0_loc_load, void %for.body.lr.ph, i16 %p_read367, void %entry" [mmult.cpp:105]   --->   Operation 265 'phi' 'phi_ln105_20' <Predicate = true> <Delay = 0.00>
ST_3 : Operation 266 [1/1] (0.00ns)   --->   "%phi_ln105_21 = phi i16 %c_row_major_3_0_0_loc_load, void %for.body.lr.ph, i16 %p_read_98, void %entry" [mmult.cpp:105]   --->   Operation 266 'phi' 'phi_ln105_21' <Predicate = true> <Delay = 0.00>
ST_3 : Operation 267 [1/1] (0.00ns)   --->   "%phi_ln105_22 = phi i16 %c_row_major_3_1_0_loc_load, void %for.body.lr.ph, i16 %p_read_97, void %entry" [mmult.cpp:105]   --->   Operation 267 'phi' 'phi_ln105_22' <Predicate = true> <Delay = 0.00>
ST_3 : Operation 268 [1/1] (0.00ns)   --->   "%phi_ln105_23 = phi i16 %c_row_major_0_2_0_loc_load, void %for.body.lr.ph, i16 %p_read266, void %entry" [mmult.cpp:105]   --->   Operation 268 'phi' 'phi_ln105_23' <Predicate = true> <Delay = 0.00>
ST_3 : Operation 269 [1/1] (0.00ns)   --->   "%phi_ln105_24 = phi i16 %c_row_major_3_2_0_loc_load, void %for.body.lr.ph, i16 %p_read_96, void %entry" [mmult.cpp:105]   --->   Operation 269 'phi' 'phi_ln105_24' <Predicate = true> <Delay = 0.00>
ST_3 : Operation 270 [1/1] (0.00ns)   --->   "%phi_ln105_25 = phi i16 %c_row_major_3_3_0_loc_load, void %for.body.lr.ph, i16 %p_read_95, void %entry" [mmult.cpp:105]   --->   Operation 270 'phi' 'phi_ln105_25' <Predicate = true> <Delay = 0.00>
ST_3 : Operation 271 [1/1] (0.00ns)   --->   "%phi_ln105_26 = phi i16 %c_row_major_0_1_0_loc_load, void %for.body.lr.ph, i16 %p_read165, void %entry" [mmult.cpp:105]   --->   Operation 271 'phi' 'phi_ln105_26' <Predicate = true> <Delay = 0.00>
ST_3 : Operation 272 [1/1] (0.00ns)   --->   "%phi_ln105_27 = phi i16 %c_row_major_3_4_0_loc_load, void %for.body.lr.ph, i16 %p_read_94, void %entry" [mmult.cpp:105]   --->   Operation 272 'phi' 'phi_ln105_27' <Predicate = true> <Delay = 0.00>
ST_3 : Operation 273 [1/1] (0.00ns)   --->   "%phi_ln105_28 = phi i16 %c_row_major_3_5_0_loc_load, void %for.body.lr.ph, i16 %p_read_93, void %entry" [mmult.cpp:105]   --->   Operation 273 'phi' 'phi_ln105_28' <Predicate = true> <Delay = 0.00>
ST_3 : Operation 274 [1/1] (0.00ns)   --->   "%phi_ln105_29 = phi i16 %c_row_major_0_0_0_loc_load, void %for.body.lr.ph, i16 %p_read64, void %entry" [mmult.cpp:105]   --->   Operation 274 'phi' 'phi_ln105_29' <Predicate = true> <Delay = 0.00>
ST_3 : Operation 275 [1/1] (0.00ns)   --->   "%phi_ln105_30 = phi i16 %c_row_major_3_6_0_loc_load, void %for.body.lr.ph, i16 %p_read_92, void %entry" [mmult.cpp:105]   --->   Operation 275 'phi' 'phi_ln105_30' <Predicate = true> <Delay = 0.00>
ST_3 : Operation 276 [1/1] (0.00ns)   --->   "%phi_ln105_31 = phi i16 %c_row_major_5_2_0_loc_load, void %for.body.lr.ph, i16 %p_read_80, void %entry" [mmult.cpp:105]   --->   Operation 276 'phi' 'phi_ln105_31' <Predicate = true> <Delay = 0.00>
ST_3 : Operation 277 [1/1] (0.00ns)   --->   "%phi_ln105_32 = phi i16 %c_row_major_5_1_0_loc_load, void %for.body.lr.ph, i16 %p_read_81, void %entry" [mmult.cpp:105]   --->   Operation 277 'phi' 'phi_ln105_32' <Predicate = true> <Delay = 0.00>
ST_3 : Operation 278 [1/1] (0.00ns)   --->   "%phi_ln105_33 = phi i16 %c_row_major_5_3_0_loc_load, void %for.body.lr.ph, i16 %p_read_79, void %entry" [mmult.cpp:105]   --->   Operation 278 'phi' 'phi_ln105_33' <Predicate = true> <Delay = 0.00>
ST_3 : Operation 279 [1/1] (0.00ns)   --->   "%phi_ln105_34 = phi i16 %c_row_major_5_4_0_loc_load, void %for.body.lr.ph, i16 %p_read_78, void %entry" [mmult.cpp:105]   --->   Operation 279 'phi' 'phi_ln105_34' <Predicate = true> <Delay = 0.00>
ST_3 : Operation 280 [1/1] (0.00ns)   --->   "%phi_ln105_35 = phi i16 %c_row_major_5_0_0_loc_load, void %for.body.lr.ph, i16 %p_read_82, void %entry" [mmult.cpp:105]   --->   Operation 280 'phi' 'phi_ln105_35' <Predicate = true> <Delay = 0.00>
ST_3 : Operation 281 [1/1] (0.00ns)   --->   "%phi_ln105_36 = phi i16 %c_row_major_5_5_0_loc_load, void %for.body.lr.ph, i16 %p_read_77, void %entry" [mmult.cpp:105]   --->   Operation 281 'phi' 'phi_ln105_36' <Predicate = true> <Delay = 0.00>
ST_3 : Operation 282 [1/1] (0.00ns)   --->   "%phi_ln105_37 = phi i16 %c_row_major_5_6_0_loc_load, void %for.body.lr.ph, i16 %p_read_76, void %entry" [mmult.cpp:105]   --->   Operation 282 'phi' 'phi_ln105_37' <Predicate = true> <Delay = 0.00>
ST_3 : Operation 283 [1/1] (0.00ns)   --->   "%phi_ln105_38 = phi i16 %c_row_major_4_7_0_loc_load, void %for.body.lr.ph, i16 %p_read_83, void %entry" [mmult.cpp:105]   --->   Operation 283 'phi' 'phi_ln105_38' <Predicate = true> <Delay = 0.00>
ST_3 : Operation 284 [1/1] (0.00ns)   --->   "%phi_ln105_39 = phi i16 %c_row_major_5_7_0_loc_load, void %for.body.lr.ph, i16 %p_read_75, void %entry" [mmult.cpp:105]   --->   Operation 284 'phi' 'phi_ln105_39' <Predicate = true> <Delay = 0.00>
ST_3 : Operation 285 [1/1] (0.00ns)   --->   "%phi_ln105_40 = phi i16 %c_row_major_6_0_0_loc_load, void %for.body.lr.ph, i16 %p_read_74, void %entry" [mmult.cpp:105]   --->   Operation 285 'phi' 'phi_ln105_40' <Predicate = true> <Delay = 0.00>
ST_3 : Operation 286 [1/1] (0.00ns)   --->   "%phi_ln105_41 = phi i16 %c_row_major_4_6_0_loc_load, void %for.body.lr.ph, i16 %p_read_84, void %entry" [mmult.cpp:105]   --->   Operation 286 'phi' 'phi_ln105_41' <Predicate = true> <Delay = 0.00>
ST_3 : Operation 287 [1/1] (0.00ns)   --->   "%phi_ln105_42 = phi i16 %c_row_major_6_1_0_loc_load, void %for.body.lr.ph, i16 %p_read_73, void %entry" [mmult.cpp:105]   --->   Operation 287 'phi' 'phi_ln105_42' <Predicate = true> <Delay = 0.00>
ST_3 : Operation 288 [1/1] (0.00ns)   --->   "%phi_ln105_43 = phi i16 %c_row_major_6_2_0_loc_load, void %for.body.lr.ph, i16 %p_read_72, void %entry" [mmult.cpp:105]   --->   Operation 288 'phi' 'phi_ln105_43' <Predicate = true> <Delay = 0.00>
ST_3 : Operation 289 [1/1] (0.00ns)   --->   "%phi_ln105_44 = phi i16 %c_row_major_4_5_0_loc_load, void %for.body.lr.ph, i16 %p_read_85, void %entry" [mmult.cpp:105]   --->   Operation 289 'phi' 'phi_ln105_44' <Predicate = true> <Delay = 0.00>
ST_3 : Operation 290 [1/1] (0.00ns)   --->   "%phi_ln105_45 = phi i16 %c_row_major_6_3_0_loc_load, void %for.body.lr.ph, i16 %p_read_71, void %entry" [mmult.cpp:105]   --->   Operation 290 'phi' 'phi_ln105_45' <Predicate = true> <Delay = 0.00>
ST_3 : Operation 291 [1/1] (0.00ns)   --->   "%phi_ln105_46 = phi i16 %c_row_major_6_4_0_loc_load, void %for.body.lr.ph, i16 %p_read_70, void %entry" [mmult.cpp:105]   --->   Operation 291 'phi' 'phi_ln105_46' <Predicate = true> <Delay = 0.00>
ST_3 : Operation 292 [1/1] (0.00ns)   --->   "%phi_ln105_47 = phi i16 %c_row_major_4_4_0_loc_load, void %for.body.lr.ph, i16 %p_read_86, void %entry" [mmult.cpp:105]   --->   Operation 292 'phi' 'phi_ln105_47' <Predicate = true> <Delay = 0.00>
ST_3 : Operation 293 [1/1] (0.00ns)   --->   "%phi_ln105_48 = phi i16 %c_row_major_6_5_0_loc_load, void %for.body.lr.ph, i16 %p_read_69, void %entry" [mmult.cpp:105]   --->   Operation 293 'phi' 'phi_ln105_48' <Predicate = true> <Delay = 0.00>
ST_3 : Operation 294 [1/1] (0.00ns)   --->   "%phi_ln105_49 = phi i16 %c_row_major_6_6_0_loc_load, void %for.body.lr.ph, i16 %p_read_68, void %entry" [mmult.cpp:105]   --->   Operation 294 'phi' 'phi_ln105_49' <Predicate = true> <Delay = 0.00>
ST_3 : Operation 295 [1/1] (0.00ns)   --->   "%phi_ln105_50 = phi i16 %c_row_major_4_3_0_loc_load, void %for.body.lr.ph, i16 %p_read_87, void %entry" [mmult.cpp:105]   --->   Operation 295 'phi' 'phi_ln105_50' <Predicate = true> <Delay = 0.00>
ST_3 : Operation 296 [1/1] (0.00ns)   --->   "%phi_ln105_51 = phi i16 %c_row_major_6_7_0_loc_load, void %for.body.lr.ph, i16 %p_read_67, void %entry" [mmult.cpp:105]   --->   Operation 296 'phi' 'phi_ln105_51' <Predicate = true> <Delay = 0.00>
ST_3 : Operation 297 [1/1] (0.00ns)   --->   "%phi_ln105_52 = phi i16 %c_row_major_7_0_0_loc_load, void %for.body.lr.ph, i16 %p_read_66, void %entry" [mmult.cpp:105]   --->   Operation 297 'phi' 'phi_ln105_52' <Predicate = true> <Delay = 0.00>
ST_3 : Operation 298 [1/1] (0.00ns)   --->   "%phi_ln105_53 = phi i16 %c_row_major_4_2_0_loc_load, void %for.body.lr.ph, i16 %p_read_88, void %entry" [mmult.cpp:105]   --->   Operation 298 'phi' 'phi_ln105_53' <Predicate = true> <Delay = 0.00>
ST_3 : Operation 299 [1/1] (0.00ns)   --->   "%phi_ln105_54 = phi i16 %c_row_major_7_1_0_loc_load, void %for.body.lr.ph, i16 %p_read_65, void %entry" [mmult.cpp:105]   --->   Operation 299 'phi' 'phi_ln105_54' <Predicate = true> <Delay = 0.00>
ST_3 : Operation 300 [1/1] (0.00ns)   --->   "%phi_ln105_55 = phi i16 %c_row_major_7_2_0_loc_load, void %for.body.lr.ph, i16 %p_read_64, void %entry" [mmult.cpp:105]   --->   Operation 300 'phi' 'phi_ln105_55' <Predicate = true> <Delay = 0.00>
ST_3 : Operation 301 [1/1] (0.00ns)   --->   "%phi_ln105_56 = phi i16 %c_row_major_4_1_0_loc_load, void %for.body.lr.ph, i16 %p_read_89, void %entry" [mmult.cpp:105]   --->   Operation 301 'phi' 'phi_ln105_56' <Predicate = true> <Delay = 0.00>
ST_3 : Operation 302 [1/1] (0.00ns)   --->   "%phi_ln105_57 = phi i16 %c_row_major_7_3_0_loc_load, void %for.body.lr.ph, i16 %p_read_63, void %entry" [mmult.cpp:105]   --->   Operation 302 'phi' 'phi_ln105_57' <Predicate = true> <Delay = 0.00>
ST_3 : Operation 303 [1/1] (0.00ns)   --->   "%phi_ln105_58 = phi i16 %c_row_major_7_4_0_loc_load, void %for.body.lr.ph, i16 %p_read_62, void %entry" [mmult.cpp:105]   --->   Operation 303 'phi' 'phi_ln105_58' <Predicate = true> <Delay = 0.00>
ST_3 : Operation 304 [1/1] (0.00ns)   --->   "%phi_ln105_59 = phi i16 %c_row_major_4_0_0_loc_load, void %for.body.lr.ph, i16 %p_read_90, void %entry" [mmult.cpp:105]   --->   Operation 304 'phi' 'phi_ln105_59' <Predicate = true> <Delay = 0.00>
ST_3 : Operation 305 [1/1] (0.00ns)   --->   "%phi_ln105_60 = phi i16 %c_row_major_7_5_0_loc_load, void %for.body.lr.ph, i16 %p_read_61, void %entry" [mmult.cpp:105]   --->   Operation 305 'phi' 'phi_ln105_60' <Predicate = true> <Delay = 0.00>
ST_3 : Operation 306 [1/1] (0.00ns)   --->   "%phi_ln105_61 = phi i16 %c_row_major_7_6_0_loc_load, void %for.body.lr.ph, i16 %p_read_60, void %entry" [mmult.cpp:105]   --->   Operation 306 'phi' 'phi_ln105_61' <Predicate = true> <Delay = 0.00>
ST_3 : Operation 307 [1/1] (0.00ns)   --->   "%phi_ln105_62 = phi i16 %c_row_major_3_7_0_loc_load, void %for.body.lr.ph, i16 %p_read_91, void %entry" [mmult.cpp:105]   --->   Operation 307 'phi' 'phi_ln105_62' <Predicate = true> <Delay = 0.00>
ST_3 : Operation 308 [1/1] (0.00ns)   --->   "%phi_ln105_63 = phi i16 %c_row_major_7_7_0_loc_load, void %for.body.lr.ph, i16 %p_read_59, void %entry" [mmult.cpp:105]   --->   Operation 308 'phi' 'phi_ln105_63' <Predicate = true> <Delay = 0.00>
ST_3 : Operation 309 [1/1] (0.00ns)   --->   "%mrv = insertvalue i1024 <undef>, i16 %phi_ln105_29" [mmult.cpp:105]   --->   Operation 309 'insertvalue' 'mrv' <Predicate = true> <Delay = 0.00>
ST_3 : Operation 310 [1/1] (0.00ns)   --->   "%mrv_1 = insertvalue i1024 %mrv, i16 %phi_ln105_26" [mmult.cpp:105]   --->   Operation 310 'insertvalue' 'mrv_1' <Predicate = true> <Delay = 0.00>
ST_3 : Operation 311 [1/1] (0.00ns)   --->   "%mrv_2 = insertvalue i1024 %mrv_1, i16 %phi_ln105_23" [mmult.cpp:105]   --->   Operation 311 'insertvalue' 'mrv_2' <Predicate = true> <Delay = 0.00>
ST_3 : Operation 312 [1/1] (0.00ns)   --->   "%mrv_3 = insertvalue i1024 %mrv_2, i16 %phi_ln105_20" [mmult.cpp:105]   --->   Operation 312 'insertvalue' 'mrv_3' <Predicate = true> <Delay = 0.00>
ST_3 : Operation 313 [1/1] (0.00ns)   --->   "%mrv_4 = insertvalue i1024 %mrv_3, i16 %phi_ln105_17" [mmult.cpp:105]   --->   Operation 313 'insertvalue' 'mrv_4' <Predicate = true> <Delay = 0.00>
ST_3 : Operation 314 [1/1] (0.00ns)   --->   "%mrv_5 = insertvalue i1024 %mrv_4, i16 %phi_ln105_14" [mmult.cpp:105]   --->   Operation 314 'insertvalue' 'mrv_5' <Predicate = true> <Delay = 0.00>
ST_3 : Operation 315 [1/1] (0.00ns)   --->   "%mrv_6 = insertvalue i1024 %mrv_5, i16 %phi_ln105_11" [mmult.cpp:105]   --->   Operation 315 'insertvalue' 'mrv_6' <Predicate = true> <Delay = 0.00>
ST_3 : Operation 316 [1/1] (0.00ns)   --->   "%mrv_7 = insertvalue i1024 %mrv_6, i16 %phi_ln105_8" [mmult.cpp:105]   --->   Operation 316 'insertvalue' 'mrv_7' <Predicate = true> <Delay = 0.00>
ST_3 : Operation 317 [1/1] (0.00ns)   --->   "%mrv_8 = insertvalue i1024 %mrv_7, i16 %phi_ln105_5" [mmult.cpp:105]   --->   Operation 317 'insertvalue' 'mrv_8' <Predicate = true> <Delay = 0.00>
ST_3 : Operation 318 [1/1] (0.00ns)   --->   "%mrv_9 = insertvalue i1024 %mrv_8, i16 %phi_ln105_2" [mmult.cpp:105]   --->   Operation 318 'insertvalue' 'mrv_9' <Predicate = true> <Delay = 0.00>
ST_3 : Operation 319 [1/1] (0.00ns)   --->   "%mrv_s = insertvalue i1024 %mrv_9, i16 %phi_ln105" [mmult.cpp:105]   --->   Operation 319 'insertvalue' 'mrv_s' <Predicate = true> <Delay = 0.00>
ST_3 : Operation 320 [1/1] (0.00ns)   --->   "%mrv_10 = insertvalue i1024 %mrv_s, i16 %phi_ln105_1" [mmult.cpp:105]   --->   Operation 320 'insertvalue' 'mrv_10' <Predicate = true> <Delay = 0.00>
ST_3 : Operation 321 [1/1] (0.00ns)   --->   "%mrv_11 = insertvalue i1024 %mrv_10, i16 %phi_ln105_3" [mmult.cpp:105]   --->   Operation 321 'insertvalue' 'mrv_11' <Predicate = true> <Delay = 0.00>
ST_3 : Operation 322 [1/1] (0.00ns)   --->   "%mrv_12 = insertvalue i1024 %mrv_11, i16 %phi_ln105_4" [mmult.cpp:105]   --->   Operation 322 'insertvalue' 'mrv_12' <Predicate = true> <Delay = 0.00>
ST_3 : Operation 323 [1/1] (0.00ns)   --->   "%mrv_13 = insertvalue i1024 %mrv_12, i16 %phi_ln105_6" [mmult.cpp:105]   --->   Operation 323 'insertvalue' 'mrv_13' <Predicate = true> <Delay = 0.00>
ST_3 : Operation 324 [1/1] (0.00ns)   --->   "%mrv_14 = insertvalue i1024 %mrv_13, i16 %phi_ln105_7" [mmult.cpp:105]   --->   Operation 324 'insertvalue' 'mrv_14' <Predicate = true> <Delay = 0.00>
ST_3 : Operation 325 [1/1] (0.00ns)   --->   "%mrv_15 = insertvalue i1024 %mrv_14, i16 %phi_ln105_9" [mmult.cpp:105]   --->   Operation 325 'insertvalue' 'mrv_15' <Predicate = true> <Delay = 0.00>
ST_3 : Operation 326 [1/1] (0.00ns)   --->   "%mrv_16 = insertvalue i1024 %mrv_15, i16 %phi_ln105_10" [mmult.cpp:105]   --->   Operation 326 'insertvalue' 'mrv_16' <Predicate = true> <Delay = 0.00>
ST_3 : Operation 327 [1/1] (0.00ns)   --->   "%mrv_17 = insertvalue i1024 %mrv_16, i16 %phi_ln105_12" [mmult.cpp:105]   --->   Operation 327 'insertvalue' 'mrv_17' <Predicate = true> <Delay = 0.00>
ST_3 : Operation 328 [1/1] (0.00ns)   --->   "%mrv_18 = insertvalue i1024 %mrv_17, i16 %phi_ln105_13" [mmult.cpp:105]   --->   Operation 328 'insertvalue' 'mrv_18' <Predicate = true> <Delay = 0.00>
ST_3 : Operation 329 [1/1] (0.00ns)   --->   "%mrv_19 = insertvalue i1024 %mrv_18, i16 %phi_ln105_15" [mmult.cpp:105]   --->   Operation 329 'insertvalue' 'mrv_19' <Predicate = true> <Delay = 0.00>
ST_3 : Operation 330 [1/1] (0.00ns)   --->   "%mrv_20 = insertvalue i1024 %mrv_19, i16 %phi_ln105_16" [mmult.cpp:105]   --->   Operation 330 'insertvalue' 'mrv_20' <Predicate = true> <Delay = 0.00>
ST_3 : Operation 331 [1/1] (0.00ns)   --->   "%mrv_21 = insertvalue i1024 %mrv_20, i16 %phi_ln105_18" [mmult.cpp:105]   --->   Operation 331 'insertvalue' 'mrv_21' <Predicate = true> <Delay = 0.00>
ST_3 : Operation 332 [1/1] (0.00ns)   --->   "%mrv_22 = insertvalue i1024 %mrv_21, i16 %phi_ln105_19" [mmult.cpp:105]   --->   Operation 332 'insertvalue' 'mrv_22' <Predicate = true> <Delay = 0.00>
ST_3 : Operation 333 [1/1] (0.00ns)   --->   "%mrv_23 = insertvalue i1024 %mrv_22, i16 %phi_ln105_21" [mmult.cpp:105]   --->   Operation 333 'insertvalue' 'mrv_23' <Predicate = true> <Delay = 0.00>
ST_3 : Operation 334 [1/1] (0.00ns)   --->   "%mrv_24 = insertvalue i1024 %mrv_23, i16 %phi_ln105_22" [mmult.cpp:105]   --->   Operation 334 'insertvalue' 'mrv_24' <Predicate = true> <Delay = 0.00>
ST_3 : Operation 335 [1/1] (0.00ns)   --->   "%mrv_25 = insertvalue i1024 %mrv_24, i16 %phi_ln105_24" [mmult.cpp:105]   --->   Operation 335 'insertvalue' 'mrv_25' <Predicate = true> <Delay = 0.00>
ST_3 : Operation 336 [1/1] (0.00ns)   --->   "%mrv_26 = insertvalue i1024 %mrv_25, i16 %phi_ln105_25" [mmult.cpp:105]   --->   Operation 336 'insertvalue' 'mrv_26' <Predicate = true> <Delay = 0.00>
ST_3 : Operation 337 [1/1] (0.00ns)   --->   "%mrv_27 = insertvalue i1024 %mrv_26, i16 %phi_ln105_27" [mmult.cpp:105]   --->   Operation 337 'insertvalue' 'mrv_27' <Predicate = true> <Delay = 0.00>
ST_3 : Operation 338 [1/1] (0.00ns)   --->   "%mrv_28 = insertvalue i1024 %mrv_27, i16 %phi_ln105_28" [mmult.cpp:105]   --->   Operation 338 'insertvalue' 'mrv_28' <Predicate = true> <Delay = 0.00>
ST_3 : Operation 339 [1/1] (0.00ns)   --->   "%mrv_29 = insertvalue i1024 %mrv_28, i16 %phi_ln105_30" [mmult.cpp:105]   --->   Operation 339 'insertvalue' 'mrv_29' <Predicate = true> <Delay = 0.00>
ST_3 : Operation 340 [1/1] (0.00ns)   --->   "%mrv_30 = insertvalue i1024 %mrv_29, i16 %phi_ln105_62" [mmult.cpp:105]   --->   Operation 340 'insertvalue' 'mrv_30' <Predicate = true> <Delay = 0.00>
ST_3 : Operation 341 [1/1] (0.00ns)   --->   "%mrv_31 = insertvalue i1024 %mrv_30, i16 %phi_ln105_59" [mmult.cpp:105]   --->   Operation 341 'insertvalue' 'mrv_31' <Predicate = true> <Delay = 0.00>
ST_3 : Operation 342 [1/1] (0.00ns)   --->   "%mrv_32 = insertvalue i1024 %mrv_31, i16 %phi_ln105_56" [mmult.cpp:105]   --->   Operation 342 'insertvalue' 'mrv_32' <Predicate = true> <Delay = 0.00>
ST_3 : Operation 343 [1/1] (0.00ns)   --->   "%mrv_33 = insertvalue i1024 %mrv_32, i16 %phi_ln105_53" [mmult.cpp:105]   --->   Operation 343 'insertvalue' 'mrv_33' <Predicate = true> <Delay = 0.00>
ST_3 : Operation 344 [1/1] (0.00ns)   --->   "%mrv_34 = insertvalue i1024 %mrv_33, i16 %phi_ln105_50" [mmult.cpp:105]   --->   Operation 344 'insertvalue' 'mrv_34' <Predicate = true> <Delay = 0.00>
ST_3 : Operation 345 [1/1] (0.00ns)   --->   "%mrv_35 = insertvalue i1024 %mrv_34, i16 %phi_ln105_47" [mmult.cpp:105]   --->   Operation 345 'insertvalue' 'mrv_35' <Predicate = true> <Delay = 0.00>
ST_3 : Operation 346 [1/1] (0.00ns)   --->   "%mrv_36 = insertvalue i1024 %mrv_35, i16 %phi_ln105_44" [mmult.cpp:105]   --->   Operation 346 'insertvalue' 'mrv_36' <Predicate = true> <Delay = 0.00>
ST_3 : Operation 347 [1/1] (0.00ns)   --->   "%mrv_37 = insertvalue i1024 %mrv_36, i16 %phi_ln105_41" [mmult.cpp:105]   --->   Operation 347 'insertvalue' 'mrv_37' <Predicate = true> <Delay = 0.00>
ST_3 : Operation 348 [1/1] (0.00ns)   --->   "%mrv_38 = insertvalue i1024 %mrv_37, i16 %phi_ln105_38" [mmult.cpp:105]   --->   Operation 348 'insertvalue' 'mrv_38' <Predicate = true> <Delay = 0.00>
ST_3 : Operation 349 [1/1] (0.00ns)   --->   "%mrv_39 = insertvalue i1024 %mrv_38, i16 %phi_ln105_35" [mmult.cpp:105]   --->   Operation 349 'insertvalue' 'mrv_39' <Predicate = true> <Delay = 0.00>
ST_3 : Operation 350 [1/1] (0.00ns)   --->   "%mrv_40 = insertvalue i1024 %mrv_39, i16 %phi_ln105_32" [mmult.cpp:105]   --->   Operation 350 'insertvalue' 'mrv_40' <Predicate = true> <Delay = 0.00>
ST_3 : Operation 351 [1/1] (0.00ns)   --->   "%mrv_41 = insertvalue i1024 %mrv_40, i16 %phi_ln105_31" [mmult.cpp:105]   --->   Operation 351 'insertvalue' 'mrv_41' <Predicate = true> <Delay = 0.00>
ST_3 : Operation 352 [1/1] (0.00ns)   --->   "%mrv_42 = insertvalue i1024 %mrv_41, i16 %phi_ln105_33" [mmult.cpp:105]   --->   Operation 352 'insertvalue' 'mrv_42' <Predicate = true> <Delay = 0.00>
ST_3 : Operation 353 [1/1] (0.00ns)   --->   "%mrv_43 = insertvalue i1024 %mrv_42, i16 %phi_ln105_34" [mmult.cpp:105]   --->   Operation 353 'insertvalue' 'mrv_43' <Predicate = true> <Delay = 0.00>
ST_3 : Operation 354 [1/1] (0.00ns)   --->   "%mrv_44 = insertvalue i1024 %mrv_43, i16 %phi_ln105_36" [mmult.cpp:105]   --->   Operation 354 'insertvalue' 'mrv_44' <Predicate = true> <Delay = 0.00>
ST_3 : Operation 355 [1/1] (0.00ns)   --->   "%mrv_45 = insertvalue i1024 %mrv_44, i16 %phi_ln105_37" [mmult.cpp:105]   --->   Operation 355 'insertvalue' 'mrv_45' <Predicate = true> <Delay = 0.00>
ST_3 : Operation 356 [1/1] (0.00ns)   --->   "%mrv_46 = insertvalue i1024 %mrv_45, i16 %phi_ln105_39" [mmult.cpp:105]   --->   Operation 356 'insertvalue' 'mrv_46' <Predicate = true> <Delay = 0.00>
ST_3 : Operation 357 [1/1] (0.00ns)   --->   "%mrv_47 = insertvalue i1024 %mrv_46, i16 %phi_ln105_40" [mmult.cpp:105]   --->   Operation 357 'insertvalue' 'mrv_47' <Predicate = true> <Delay = 0.00>
ST_3 : Operation 358 [1/1] (0.00ns)   --->   "%mrv_48 = insertvalue i1024 %mrv_47, i16 %phi_ln105_42" [mmult.cpp:105]   --->   Operation 358 'insertvalue' 'mrv_48' <Predicate = true> <Delay = 0.00>
ST_3 : Operation 359 [1/1] (0.00ns)   --->   "%mrv_49 = insertvalue i1024 %mrv_48, i16 %phi_ln105_43" [mmult.cpp:105]   --->   Operation 359 'insertvalue' 'mrv_49' <Predicate = true> <Delay = 0.00>
ST_3 : Operation 360 [1/1] (0.00ns)   --->   "%mrv_50 = insertvalue i1024 %mrv_49, i16 %phi_ln105_45" [mmult.cpp:105]   --->   Operation 360 'insertvalue' 'mrv_50' <Predicate = true> <Delay = 0.00>
ST_3 : Operation 361 [1/1] (0.00ns)   --->   "%mrv_51 = insertvalue i1024 %mrv_50, i16 %phi_ln105_46" [mmult.cpp:105]   --->   Operation 361 'insertvalue' 'mrv_51' <Predicate = true> <Delay = 0.00>
ST_3 : Operation 362 [1/1] (0.00ns)   --->   "%mrv_52 = insertvalue i1024 %mrv_51, i16 %phi_ln105_48" [mmult.cpp:105]   --->   Operation 362 'insertvalue' 'mrv_52' <Predicate = true> <Delay = 0.00>
ST_3 : Operation 363 [1/1] (0.00ns)   --->   "%mrv_53 = insertvalue i1024 %mrv_52, i16 %phi_ln105_49" [mmult.cpp:105]   --->   Operation 363 'insertvalue' 'mrv_53' <Predicate = true> <Delay = 0.00>
ST_3 : Operation 364 [1/1] (0.00ns)   --->   "%mrv_54 = insertvalue i1024 %mrv_53, i16 %phi_ln105_51" [mmult.cpp:105]   --->   Operation 364 'insertvalue' 'mrv_54' <Predicate = true> <Delay = 0.00>
ST_3 : Operation 365 [1/1] (0.00ns)   --->   "%mrv_55 = insertvalue i1024 %mrv_54, i16 %phi_ln105_52" [mmult.cpp:105]   --->   Operation 365 'insertvalue' 'mrv_55' <Predicate = true> <Delay = 0.00>
ST_3 : Operation 366 [1/1] (0.00ns)   --->   "%mrv_56 = insertvalue i1024 %mrv_55, i16 %phi_ln105_54" [mmult.cpp:105]   --->   Operation 366 'insertvalue' 'mrv_56' <Predicate = true> <Delay = 0.00>
ST_3 : Operation 367 [1/1] (0.00ns)   --->   "%mrv_57 = insertvalue i1024 %mrv_56, i16 %phi_ln105_55" [mmult.cpp:105]   --->   Operation 367 'insertvalue' 'mrv_57' <Predicate = true> <Delay = 0.00>
ST_3 : Operation 368 [1/1] (0.00ns)   --->   "%mrv_58 = insertvalue i1024 %mrv_57, i16 %phi_ln105_57" [mmult.cpp:105]   --->   Operation 368 'insertvalue' 'mrv_58' <Predicate = true> <Delay = 0.00>
ST_3 : Operation 369 [1/1] (0.00ns)   --->   "%mrv_59 = insertvalue i1024 %mrv_58, i16 %phi_ln105_58" [mmult.cpp:105]   --->   Operation 369 'insertvalue' 'mrv_59' <Predicate = true> <Delay = 0.00>
ST_3 : Operation 370 [1/1] (0.00ns)   --->   "%mrv_60 = insertvalue i1024 %mrv_59, i16 %phi_ln105_60" [mmult.cpp:105]   --->   Operation 370 'insertvalue' 'mrv_60' <Predicate = true> <Delay = 0.00>
ST_3 : Operation 371 [1/1] (0.00ns)   --->   "%mrv_61 = insertvalue i1024 %mrv_60, i16 %phi_ln105_61" [mmult.cpp:105]   --->   Operation 371 'insertvalue' 'mrv_61' <Predicate = true> <Delay = 0.00>
ST_3 : Operation 372 [1/1] (0.00ns)   --->   "%mrv_62 = insertvalue i1024 %mrv_61, i16 %phi_ln105_63" [mmult.cpp:105]   --->   Operation 372 'insertvalue' 'mrv_62' <Predicate = true> <Delay = 0.00>
ST_3 : Operation 373 [1/1] (0.00ns)   --->   "%ret_ln105 = ret i1024 %mrv_62" [mmult.cpp:105]   --->   Operation 373 'ret' 'ret_ln105' <Predicate = true> <Delay = 0.00>


============================================================
+ Verbose Summary: Binding
============================================================
STG Binding: 
---------------- STG Properties BEGIN ----------------
- Is combinational: 0
- Is one-state seq: 0
- Is datapath-only: 0
- Is pipelined: 0
- Is top level: 0
Port [ Return ] is wired: 1; IO mode=ap_ctrl_hs:ce=0
Port [ a_row_major_0]:  wired=1; compound=1; hidden=0; nouse=0; global=0; static=0; extern=0; dir=0; type=1; pingpong=0; private_global=0; MemPort=[13]; IO mode=ap_memory:ce=0
Port [ a_row_major_1]:  wired=1; compound=1; hidden=0; nouse=0; global=0; static=0; extern=0; dir=0; type=1; pingpong=0; private_global=0; MemPort=[13]; IO mode=ap_memory:ce=0
Port [ a_row_major_2]:  wired=1; compound=1; hidden=0; nouse=0; global=0; static=0; extern=0; dir=0; type=1; pingpong=0; private_global=0; MemPort=[13]; IO mode=ap_memory:ce=0
Port [ a_row_major_3]:  wired=1; compound=1; hidden=0; nouse=0; global=0; static=0; extern=0; dir=0; type=1; pingpong=0; private_global=0; MemPort=[13]; IO mode=ap_memory:ce=0
Port [ a_row_major_4]:  wired=1; compound=1; hidden=0; nouse=0; global=0; static=0; extern=0; dir=0; type=1; pingpong=0; private_global=0; MemPort=[13]; IO mode=ap_memory:ce=0
Port [ a_row_major_5]:  wired=1; compound=1; hidden=0; nouse=0; global=0; static=0; extern=0; dir=0; type=1; pingpong=0; private_global=0; MemPort=[13]; IO mode=ap_memory:ce=0
Port [ a_row_major_6]:  wired=1; compound=1; hidden=0; nouse=0; global=0; static=0; extern=0; dir=0; type=1; pingpong=0; private_global=0; MemPort=[13]; IO mode=ap_memory:ce=0
Port [ a_row_major_7]:  wired=1; compound=1; hidden=0; nouse=0; global=0; static=0; extern=0; dir=0; type=1; pingpong=0; private_global=0; MemPort=[13]; IO mode=ap_memory:ce=0
Port [ b_row_major_0]:  wired=1; compound=1; hidden=0; nouse=0; global=0; static=0; extern=0; dir=0; type=1; pingpong=0; private_global=0; MemPort=[13]; IO mode=ap_memory:ce=0
Port [ b_row_major_1]:  wired=1; compound=1; hidden=0; nouse=0; global=0; static=0; extern=0; dir=0; type=1; pingpong=0; private_global=0; MemPort=[13]; IO mode=ap_memory:ce=0
Port [ b_row_major_2]:  wired=1; compound=1; hidden=0; nouse=0; global=0; static=0; extern=0; dir=0; type=1; pingpong=0; private_global=0; MemPort=[13]; IO mode=ap_memory:ce=0
Port [ b_row_major_3]:  wired=1; compound=1; hidden=0; nouse=0; global=0; static=0; extern=0; dir=0; type=1; pingpong=0; private_global=0; MemPort=[13]; IO mode=ap_memory:ce=0
Port [ b_row_major_4]:  wired=1; compound=1; hidden=0; nouse=0; global=0; static=0; extern=0; dir=0; type=1; pingpong=0; private_global=0; MemPort=[13]; IO mode=ap_memory:ce=0
Port [ b_row_major_5]:  wired=1; compound=1; hidden=0; nouse=0; global=0; static=0; extern=0; dir=0; type=1; pingpong=0; private_global=0; MemPort=[13]; IO mode=ap_memory:ce=0
Port [ b_row_major_6]:  wired=1; compound=1; hidden=0; nouse=0; global=0; static=0; extern=0; dir=0; type=1; pingpong=0; private_global=0; MemPort=[13]; IO mode=ap_memory:ce=0
Port [ b_row_major_7]:  wired=1; compound=1; hidden=0; nouse=0; global=0; static=0; extern=0; dir=0; type=1; pingpong=0; private_global=0; MemPort=[13]; IO mode=ap_memory:ce=0
Port [ p_read]:  wired=1; compound=0; hidden=0; nouse=0; global=0; static=0; extern=0; dir=0; type=0; pingpong=0; private_global=0; IO mode=ap_none:ce=0
Port [ p_read1]:  wired=1; compound=0; hidden=0; nouse=0; global=0; static=0; extern=0; dir=0; type=0; pingpong=0; private_global=0; IO mode=ap_none:ce=0
Port [ p_read2]:  wired=1; compound=0; hidden=0; nouse=0; global=0; static=0; extern=0; dir=0; type=0; pingpong=0; private_global=0; IO mode=ap_none:ce=0
Port [ p_read3]:  wired=1; compound=0; hidden=0; nouse=0; global=0; static=0; extern=0; dir=0; type=0; pingpong=0; private_global=0; IO mode=ap_none:ce=0
Port [ p_read4]:  wired=1; compound=0; hidden=0; nouse=0; global=0; static=0; extern=0; dir=0; type=0; pingpong=0; private_global=0; IO mode=ap_none:ce=0
Port [ p_read5]:  wired=1; compound=0; hidden=0; nouse=0; global=0; static=0; extern=0; dir=0; type=0; pingpong=0; private_global=0; IO mode=ap_none:ce=0
Port [ p_read6]:  wired=1; compound=0; hidden=0; nouse=0; global=0; static=0; extern=0; dir=0; type=0; pingpong=0; private_global=0; IO mode=ap_none:ce=0
Port [ p_read7]:  wired=1; compound=0; hidden=0; nouse=0; global=0; static=0; extern=0; dir=0; type=0; pingpong=0; private_global=0; IO mode=ap_none:ce=0
Port [ p_read8]:  wired=1; compound=0; hidden=0; nouse=0; global=0; static=0; extern=0; dir=0; type=0; pingpong=0; private_global=0; IO mode=ap_none:ce=0
Port [ p_read9]:  wired=1; compound=0; hidden=0; nouse=0; global=0; static=0; extern=0; dir=0; type=0; pingpong=0; private_global=0; IO mode=ap_none:ce=0
Port [ p_read10]:  wired=1; compound=0; hidden=0; nouse=0; global=0; static=0; extern=0; dir=0; type=0; pingpong=0; private_global=0; IO mode=ap_none:ce=0
Port [ p_read11]:  wired=1; compound=0; hidden=0; nouse=0; global=0; static=0; extern=0; dir=0; type=0; pingpong=0; private_global=0; IO mode=ap_none:ce=0
Port [ p_read12]:  wired=1; compound=0; hidden=0; nouse=0; global=0; static=0; extern=0; dir=0; type=0; pingpong=0; private_global=0; IO mode=ap_none:ce=0
Port [ p_read13]:  wired=1; compound=0; hidden=0; nouse=0; global=0; static=0; extern=0; dir=0; type=0; pingpong=0; private_global=0; IO mode=ap_none:ce=0
Port [ p_read14]:  wired=1; compound=0; hidden=0; nouse=0; global=0; static=0; extern=0; dir=0; type=0; pingpong=0; private_global=0; IO mode=ap_none:ce=0
Port [ p_read15]:  wired=1; compound=0; hidden=0; nouse=0; global=0; static=0; extern=0; dir=0; type=0; pingpong=0; private_global=0; IO mode=ap_none:ce=0
Port [ p_read16]:  wired=1; compound=0; hidden=0; nouse=0; global=0; static=0; extern=0; dir=0; type=0; pingpong=0; private_global=0; IO mode=ap_none:ce=0
Port [ p_read17]:  wired=1; compound=0; hidden=0; nouse=0; global=0; static=0; extern=0; dir=0; type=0; pingpong=0; private_global=0; IO mode=ap_none:ce=0
Port [ p_read18]:  wired=1; compound=0; hidden=0; nouse=0; global=0; static=0; extern=0; dir=0; type=0; pingpong=0; private_global=0; IO mode=ap_none:ce=0
Port [ p_read19]:  wired=1; compound=0; hidden=0; nouse=0; global=0; static=0; extern=0; dir=0; type=0; pingpong=0; private_global=0; IO mode=ap_none:ce=0
Port [ p_read20]:  wired=1; compound=0; hidden=0; nouse=0; global=0; static=0; extern=0; dir=0; type=0; pingpong=0; private_global=0; IO mode=ap_none:ce=0
Port [ p_read21]:  wired=1; compound=0; hidden=0; nouse=0; global=0; static=0; extern=0; dir=0; type=0; pingpong=0; private_global=0; IO mode=ap_none:ce=0
Port [ p_read22]:  wired=1; compound=0; hidden=0; nouse=0; global=0; static=0; extern=0; dir=0; type=0; pingpong=0; private_global=0; IO mode=ap_none:ce=0
Port [ p_read23]:  wired=1; compound=0; hidden=0; nouse=0; global=0; static=0; extern=0; dir=0; type=0; pingpong=0; private_global=0; IO mode=ap_none:ce=0
Port [ p_read24]:  wired=1; compound=0; hidden=0; nouse=0; global=0; static=0; extern=0; dir=0; type=0; pingpong=0; private_global=0; IO mode=ap_none:ce=0
Port [ p_read25]:  wired=1; compound=0; hidden=0; nouse=0; global=0; static=0; extern=0; dir=0; type=0; pingpong=0; private_global=0; IO mode=ap_none:ce=0
Port [ p_read26]:  wired=1; compound=0; hidden=0; nouse=0; global=0; static=0; extern=0; dir=0; type=0; pingpong=0; private_global=0; IO mode=ap_none:ce=0
Port [ p_read27]:  wired=1; compound=0; hidden=0; nouse=0; global=0; static=0; extern=0; dir=0; type=0; pingpong=0; private_global=0; IO mode=ap_none:ce=0
Port [ p_read28]:  wired=1; compound=0; hidden=0; nouse=0; global=0; static=0; extern=0; dir=0; type=0; pingpong=0; private_global=0; IO mode=ap_none:ce=0
Port [ p_read29]:  wired=1; compound=0; hidden=0; nouse=0; global=0; static=0; extern=0; dir=0; type=0; pingpong=0; private_global=0; IO mode=ap_none:ce=0
Port [ p_read30]:  wired=1; compound=0; hidden=0; nouse=0; global=0; static=0; extern=0; dir=0; type=0; pingpong=0; private_global=0; IO mode=ap_none:ce=0
Port [ p_read31]:  wired=1; compound=0; hidden=0; nouse=0; global=0; static=0; extern=0; dir=0; type=0; pingpong=0; private_global=0; IO mode=ap_none:ce=0
Port [ p_read32]:  wired=1; compound=0; hidden=0; nouse=0; global=0; static=0; extern=0; dir=0; type=0; pingpong=0; private_global=0; IO mode=ap_none:ce=0
Port [ p_read33]:  wired=1; compound=0; hidden=0; nouse=0; global=0; static=0; extern=0; dir=0; type=0; pingpong=0; private_global=0; IO mode=ap_none:ce=0
Port [ p_read34]:  wired=1; compound=0; hidden=0; nouse=0; global=0; static=0; extern=0; dir=0; type=0; pingpong=0; private_global=0; IO mode=ap_none:ce=0
Port [ p_read35]:  wired=1; compound=0; hidden=0; nouse=0; global=0; static=0; extern=0; dir=0; type=0; pingpong=0; private_global=0; IO mode=ap_none:ce=0
Port [ p_read36]:  wired=1; compound=0; hidden=0; nouse=0; global=0; static=0; extern=0; dir=0; type=0; pingpong=0; private_global=0; IO mode=ap_none:ce=0
Port [ p_read37]:  wired=1; compound=0; hidden=0; nouse=0; global=0; static=0; extern=0; dir=0; type=0; pingpong=0; private_global=0; IO mode=ap_none:ce=0
Port [ p_read38]:  wired=1; compound=0; hidden=0; nouse=0; global=0; static=0; extern=0; dir=0; type=0; pingpong=0; private_global=0; IO mode=ap_none:ce=0
Port [ p_read39]:  wired=1; compound=0; hidden=0; nouse=0; global=0; static=0; extern=0; dir=0; type=0; pingpong=0; private_global=0; IO mode=ap_none:ce=0
Port [ p_read40]:  wired=1; compound=0; hidden=0; nouse=0; global=0; static=0; extern=0; dir=0; type=0; pingpong=0; private_global=0; IO mode=ap_none:ce=0
Port [ p_read41]:  wired=1; compound=0; hidden=0; nouse=0; global=0; static=0; extern=0; dir=0; type=0; pingpong=0; private_global=0; IO mode=ap_none:ce=0
Port [ p_read42]:  wired=1; compound=0; hidden=0; nouse=0; global=0; static=0; extern=0; dir=0; type=0; pingpong=0; private_global=0; IO mode=ap_none:ce=0
Port [ p_read43]:  wired=1; compound=0; hidden=0; nouse=0; global=0; static=0; extern=0; dir=0; type=0; pingpong=0; private_global=0; IO mode=ap_none:ce=0
Port [ p_read44]:  wired=1; compound=0; hidden=0; nouse=0; global=0; static=0; extern=0; dir=0; type=0; pingpong=0; private_global=0; IO mode=ap_none:ce=0
Port [ p_read45]:  wired=1; compound=0; hidden=0; nouse=0; global=0; static=0; extern=0; dir=0; type=0; pingpong=0; private_global=0; IO mode=ap_none:ce=0
Port [ p_read46]:  wired=1; compound=0; hidden=0; nouse=0; global=0; static=0; extern=0; dir=0; type=0; pingpong=0; private_global=0; IO mode=ap_none:ce=0
Port [ p_read47]:  wired=1; compound=0; hidden=0; nouse=0; global=0; static=0; extern=0; dir=0; type=0; pingpong=0; private_global=0; IO mode=ap_none:ce=0
Port [ p_read48]:  wired=1; compound=0; hidden=0; nouse=0; global=0; static=0; extern=0; dir=0; type=0; pingpong=0; private_global=0; IO mode=ap_none:ce=0
Port [ p_read49]:  wired=1; compound=0; hidden=0; nouse=0; global=0; static=0; extern=0; dir=0; type=0; pingpong=0; private_global=0; IO mode=ap_none:ce=0
Port [ p_read50]:  wired=1; compound=0; hidden=0; nouse=0; global=0; static=0; extern=0; dir=0; type=0; pingpong=0; private_global=0; IO mode=ap_none:ce=0
Port [ p_read51]:  wired=1; compound=0; hidden=0; nouse=0; global=0; static=0; extern=0; dir=0; type=0; pingpong=0; private_global=0; IO mode=ap_none:ce=0
Port [ p_read52]:  wired=1; compound=0; hidden=0; nouse=0; global=0; static=0; extern=0; dir=0; type=0; pingpong=0; private_global=0; IO mode=ap_none:ce=0
Port [ p_read53]:  wired=1; compound=0; hidden=0; nouse=0; global=0; static=0; extern=0; dir=0; type=0; pingpong=0; private_global=0; IO mode=ap_none:ce=0
Port [ p_read54]:  wired=1; compound=0; hidden=0; nouse=0; global=0; static=0; extern=0; dir=0; type=0; pingpong=0; private_global=0; IO mode=ap_none:ce=0
Port [ p_read55]:  wired=1; compound=0; hidden=0; nouse=0; global=0; static=0; extern=0; dir=0; type=0; pingpong=0; private_global=0; IO mode=ap_none:ce=0
Port [ p_read56]:  wired=1; compound=0; hidden=0; nouse=0; global=0; static=0; extern=0; dir=0; type=0; pingpong=0; private_global=0; IO mode=ap_none:ce=0
Port [ p_read57]:  wired=1; compound=0; hidden=0; nouse=0; global=0; static=0; extern=0; dir=0; type=0; pingpong=0; private_global=0; IO mode=ap_none:ce=0
Port [ p_read58]:  wired=1; compound=0; hidden=0; nouse=0; global=0; static=0; extern=0; dir=0; type=0; pingpong=0; private_global=0; IO mode=ap_none:ce=0
Port [ p_read59]:  wired=1; compound=0; hidden=0; nouse=0; global=0; static=0; extern=0; dir=0; type=0; pingpong=0; private_global=0; IO mode=ap_none:ce=0
Port [ p_read60]:  wired=1; compound=0; hidden=0; nouse=0; global=0; static=0; extern=0; dir=0; type=0; pingpong=0; private_global=0; IO mode=ap_none:ce=0
Port [ p_read61]:  wired=1; compound=0; hidden=0; nouse=0; global=0; static=0; extern=0; dir=0; type=0; pingpong=0; private_global=0; IO mode=ap_none:ce=0
Port [ p_read62]:  wired=1; compound=0; hidden=0; nouse=0; global=0; static=0; extern=0; dir=0; type=0; pingpong=0; private_global=0; IO mode=ap_none:ce=0
Port [ p_read63]:  wired=1; compound=0; hidden=0; nouse=0; global=0; static=0; extern=0; dir=0; type=0; pingpong=0; private_global=0; IO mode=ap_none:ce=0
Port [ start_k]:  wired=1; compound=0; hidden=0; nouse=0; global=0; static=0; extern=0; dir=0; type=0; pingpong=0; private_global=0; IO mode=ap_none:ce=0
Port [ finish_k]:  wired=1; compound=0; hidden=0; nouse=0; global=0; static=0; extern=0; dir=0; type=0; pingpong=0; private_global=0; IO mode=ap_none:ce=0
Port [ a_row]:  wired=1; compound=0; hidden=0; nouse=0; global=0; static=0; extern=0; dir=0; type=0; pingpong=0; private_global=0; IO mode=ap_none:ce=0
Port [ a_col]:  wired=1; compound=0; hidden=0; nouse=0; global=0; static=0; extern=0; dir=0; type=0; pingpong=0; private_global=0; IO mode=ap_none:ce=0
Port [ b_col]:  wired=1; compound=0; hidden=0; nouse=0; global=0; static=0; extern=0; dir=0; type=0; pingpong=0; private_global=0; IO mode=ap_none:ce=0
---------------- STG Properties END ------------------

---------------- Datapath Model BEGIN ----------------

<LifeTime>
<method=bitvector/>
b_col_read                 (read       ) [ 0000]
a_col_read                 (read       ) [ 0010]
a_row_read                 (read       ) [ 0000]
finish_k_read              (read       ) [ 0010]
start_k_read               (read       ) [ 0010]
p_read_59                  (read       ) [ 0111]
p_read_60                  (read       ) [ 0111]
p_read_61                  (read       ) [ 0111]
p_read_62                  (read       ) [ 0111]
p_read_63                  (read       ) [ 0111]
p_read_64                  (read       ) [ 0111]
p_read_65                  (read       ) [ 0111]
p_read_66                  (read       ) [ 0111]
p_read_67                  (read       ) [ 0111]
p_read_68                  (read       ) [ 0111]
p_read_69                  (read       ) [ 0111]
p_read_70                  (read       ) [ 0111]
p_read_71                  (read       ) [ 0111]
p_read_72                  (read       ) [ 0111]
p_read_73                  (read       ) [ 0111]
p_read_74                  (read       ) [ 0111]
p_read_75                  (read       ) [ 0111]
p_read_76                  (read       ) [ 0111]
p_read_77                  (read       ) [ 0111]
p_read_78                  (read       ) [ 0111]
p_read_79                  (read       ) [ 0111]
p_read_80                  (read       ) [ 0111]
p_read_81                  (read       ) [ 0111]
p_read_82                  (read       ) [ 0111]
p_read_83                  (read       ) [ 0111]
p_read_84                  (read       ) [ 0111]
p_read_85                  (read       ) [ 0111]
p_read_86                  (read       ) [ 0111]
p_read_87                  (read       ) [ 0111]
p_read_88                  (read       ) [ 0111]
p_read_89                  (read       ) [ 0111]
p_read_90                  (read       ) [ 0111]
p_read_91                  (read       ) [ 0111]
p_read_92                  (read       ) [ 0111]
p_read_93                  (read       ) [ 0111]
p_read_94                  (read       ) [ 0111]
p_read_95                  (read       ) [ 0111]
p_read_96                  (read       ) [ 0111]
p_read_97                  (read       ) [ 0111]
p_read_98                  (read       ) [ 0111]
p_read_99                  (read       ) [ 0111]
p_read_100                 (read       ) [ 0111]
p_read_101                 (read       ) [ 0111]
p_read2084                 (read       ) [ 0111]
p_read_102                 (read       ) [ 0111]
p_read_103                 (read       ) [ 0111]
p_read_104                 (read       ) [ 0111]
p_read_105                 (read       ) [ 0111]
p_read_106                 (read       ) [ 0111]
p_read_107                 (read       ) [ 0111]
p_read_108                 (read       ) [ 0111]
p_read_109                 (read       ) [ 0111]
p_read_110                 (read       ) [ 0111]
p_read1074                 (read       ) [ 0111]
p_read973                  (read       ) [ 0111]
p_read872                  (read       ) [ 0111]
p_read771                  (read       ) [ 0111]
p_read670                  (read       ) [ 0111]
p_read569                  (read       ) [ 0111]
p_read468                  (read       ) [ 0111]
p_read367                  (read       ) [ 0111]
p_read266                  (read       ) [ 0111]
p_read165                  (read       ) [ 0111]
p_read64                   (read       ) [ 0111]
c_row_major_0_0_0_loc      (alloca     ) [ 0111]
c_row_major_0_1_0_loc      (alloca     ) [ 0111]
c_row_major_0_2_0_loc      (alloca     ) [ 0111]
c_row_major_0_3_0_loc      (alloca     ) [ 0111]
c_row_major_0_4_0_loc      (alloca     ) [ 0111]
c_row_major_0_5_0_loc      (alloca     ) [ 0111]
c_row_major_0_6_0_loc      (alloca     ) [ 0111]
c_row_major_0_7_0_loc      (alloca     ) [ 0111]
c_row_major_1_0_0_loc      (alloca     ) [ 0111]
c_row_major_1_1_0_loc      (alloca     ) [ 0111]
c_row_major_1_2_0_loc      (alloca     ) [ 0111]
c_row_major_1_3_0_loc      (alloca     ) [ 0111]
c_row_major_1_4_0_loc      (alloca     ) [ 0111]
c_row_major_1_5_0_loc      (alloca     ) [ 0111]
c_row_major_1_6_0_loc      (alloca     ) [ 0111]
c_row_major_1_7_0_loc      (alloca     ) [ 0111]
c_row_major_2_0_0_loc      (alloca     ) [ 0111]
c_row_major_2_1_0_loc      (alloca     ) [ 0111]
c_row_major_2_2_0_loc      (alloca     ) [ 0111]
c_row_major_2_3_0_loc      (alloca     ) [ 0111]
c_row_major_2_4_0_loc      (alloca     ) [ 0111]
c_row_major_2_5_0_loc      (alloca     ) [ 0111]
c_row_major_2_6_0_loc      (alloca     ) [ 0111]
c_row_major_2_7_0_loc      (alloca     ) [ 0111]
c_row_major_3_0_0_loc      (alloca     ) [ 0111]
c_row_major_3_1_0_loc      (alloca     ) [ 0111]
c_row_major_3_2_0_loc      (alloca     ) [ 0111]
c_row_major_3_3_0_loc      (alloca     ) [ 0111]
c_row_major_3_4_0_loc      (alloca     ) [ 0111]
c_row_major_3_5_0_loc      (alloca     ) [ 0111]
c_row_major_3_6_0_loc      (alloca     ) [ 0111]
c_row_major_3_7_0_loc      (alloca     ) [ 0111]
c_row_major_4_0_0_loc      (alloca     ) [ 0111]
c_row_major_4_1_0_loc      (alloca     ) [ 0111]
c_row_major_4_2_0_loc      (alloca     ) [ 0111]
c_row_major_4_3_0_loc      (alloca     ) [ 0111]
c_row_major_4_4_0_loc      (alloca     ) [ 0111]
c_row_major_4_5_0_loc      (alloca     ) [ 0111]
c_row_major_4_6_0_loc      (alloca     ) [ 0111]
c_row_major_4_7_0_loc      (alloca     ) [ 0111]
c_row_major_5_0_0_loc      (alloca     ) [ 0111]
c_row_major_5_1_0_loc      (alloca     ) [ 0111]
c_row_major_5_2_0_loc      (alloca     ) [ 0111]
c_row_major_5_3_0_loc      (alloca     ) [ 0111]
c_row_major_5_4_0_loc      (alloca     ) [ 0111]
c_row_major_5_5_0_loc      (alloca     ) [ 0111]
c_row_major_5_6_0_loc      (alloca     ) [ 0111]
c_row_major_5_7_0_loc      (alloca     ) [ 0111]
c_row_major_6_0_0_loc      (alloca     ) [ 0111]
c_row_major_6_1_0_loc      (alloca     ) [ 0111]
c_row_major_6_2_0_loc      (alloca     ) [ 0111]
c_row_major_6_3_0_loc      (alloca     ) [ 0111]
c_row_major_6_4_0_loc      (alloca     ) [ 0111]
c_row_major_6_5_0_loc      (alloca     ) [ 0111]
c_row_major_6_6_0_loc      (alloca     ) [ 0111]
c_row_major_6_7_0_loc      (alloca     ) [ 0111]
c_row_major_7_0_0_loc      (alloca     ) [ 0111]
c_row_major_7_1_0_loc      (alloca     ) [ 0111]
c_row_major_7_2_0_loc      (alloca     ) [ 0111]
c_row_major_7_3_0_loc      (alloca     ) [ 0111]
c_row_major_7_4_0_loc      (alloca     ) [ 0111]
c_row_major_7_5_0_loc      (alloca     ) [ 0111]
c_row_major_7_6_0_loc      (alloca     ) [ 0111]
c_row_major_7_7_0_loc      (alloca     ) [ 0111]
start_k_cast16             (zext       ) [ 0000]
specmemcore_ln0            (specmemcore) [ 0000]
specmemcore_ln0            (specmemcore) [ 0000]
specmemcore_ln0            (specmemcore) [ 0000]
specmemcore_ln0            (specmemcore) [ 0000]
specmemcore_ln0            (specmemcore) [ 0000]
specmemcore_ln0            (specmemcore) [ 0000]
specmemcore_ln0            (specmemcore) [ 0000]
specmemcore_ln0            (specmemcore) [ 0000]
specmemcore_ln0            (specmemcore) [ 0000]
specmemcore_ln0            (specmemcore) [ 0000]
specmemcore_ln0            (specmemcore) [ 0000]
specmemcore_ln0            (specmemcore) [ 0000]
specmemcore_ln0            (specmemcore) [ 0000]
specmemcore_ln0            (specmemcore) [ 0000]
specmemcore_ln0            (specmemcore) [ 0000]
specmemcore_ln0            (specmemcore) [ 0000]
icmp_ln81                  (icmp       ) [ 0111]
br_ln81                    (br         ) [ 0111]
cmp9_not                   (icmp       ) [ 0010]
cmp15                      (icmp       ) [ 0010]
tmp                        (partselect ) [ 0000]
icmp                       (icmp       ) [ 0010]
cmp15_240                  (icmp       ) [ 0010]
tmp_1                      (partselect ) [ 0000]
icmp3                      (icmp       ) [ 0010]
cmp15_496                  (icmp       ) [ 0010]
cmp15_5124                 (icmp       ) [ 0010]
cmp15_6152                 (icmp       ) [ 0010]
tmp_2                      (partselect ) [ 0000]
icmp6                      (icmp       ) [ 0010]
tmp_3                      (partselect ) [ 0000]
icmp9                      (icmp       ) [ 0010]
cmp9_2_not                 (icmp       ) [ 0010]
tmp_4                      (partselect ) [ 0000]
icmp12                     (icmp       ) [ 0010]
cmp9_4_not                 (icmp       ) [ 0010]
cmp9_5_not                 (icmp       ) [ 0010]
cmp9_6_not                 (icmp       ) [ 0010]
tmp_5                      (partselect ) [ 0000]
icmp15                     (icmp       ) [ 0010]
call_ln0                   (call       ) [ 0000]
c_row_major_7_7_0_loc_load (load       ) [ 0000]
c_row_major_7_6_0_loc_load (load       ) [ 0000]
c_row_major_7_5_0_loc_load (load       ) [ 0000]
c_row_major_7_4_0_loc_load (load       ) [ 0000]
c_row_major_7_3_0_loc_load (load       ) [ 0000]
c_row_major_7_2_0_loc_load (load       ) [ 0000]
c_row_major_7_1_0_loc_load (load       ) [ 0000]
c_row_major_7_0_0_loc_load (load       ) [ 0000]
c_row_major_6_7_0_loc_load (load       ) [ 0000]
c_row_major_6_6_0_loc_load (load       ) [ 0000]
c_row_major_6_5_0_loc_load (load       ) [ 0000]
c_row_major_6_4_0_loc_load (load       ) [ 0000]
c_row_major_6_3_0_loc_load (load       ) [ 0000]
c_row_major_6_2_0_loc_load (load       ) [ 0000]
c_row_major_6_1_0_loc_load (load       ) [ 0000]
c_row_major_6_0_0_loc_load (load       ) [ 0000]
c_row_major_5_7_0_loc_load (load       ) [ 0000]
c_row_major_5_6_0_loc_load (load       ) [ 0000]
c_row_major_5_5_0_loc_load (load       ) [ 0000]
c_row_major_5_4_0_loc_load (load       ) [ 0000]
c_row_major_5_3_0_loc_load (load       ) [ 0000]
c_row_major_5_2_0_loc_load (load       ) [ 0000]
c_row_major_5_1_0_loc_load (load       ) [ 0000]
c_row_major_5_0_0_loc_load (load       ) [ 0000]
c_row_major_4_7_0_loc_load (load       ) [ 0000]
c_row_major_4_6_0_loc_load (load       ) [ 0000]
c_row_major_4_5_0_loc_load (load       ) [ 0000]
c_row_major_4_4_0_loc_load (load       ) [ 0000]
c_row_major_4_3_0_loc_load (load       ) [ 0000]
c_row_major_4_2_0_loc_load (load       ) [ 0000]
c_row_major_4_1_0_loc_load (load       ) [ 0000]
c_row_major_4_0_0_loc_load (load       ) [ 0000]
c_row_major_3_7_0_loc_load (load       ) [ 0000]
c_row_major_3_6_0_loc_load (load       ) [ 0000]
c_row_major_3_5_0_loc_load (load       ) [ 0000]
c_row_major_3_4_0_loc_load (load       ) [ 0000]
c_row_major_3_3_0_loc_load (load       ) [ 0000]
c_row_major_3_2_0_loc_load (load       ) [ 0000]
c_row_major_3_1_0_loc_load (load       ) [ 0000]
c_row_major_3_0_0_loc_load (load       ) [ 0000]
c_row_major_2_7_0_loc_load (load       ) [ 0000]
c_row_major_2_6_0_loc_load (load       ) [ 0000]
c_row_major_2_5_0_loc_load (load       ) [ 0000]
c_row_major_2_4_0_loc_load (load       ) [ 0000]
c_row_major_2_3_0_loc_load (load       ) [ 0000]
c_row_major_2_2_0_loc_load (load       ) [ 0000]
c_row_major_2_1_0_loc_load (load       ) [ 0000]
c_row_major_2_0_0_loc_load (load       ) [ 0000]
c_row_major_1_7_0_loc_load (load       ) [ 0000]
c_row_major_1_6_0_loc_load (load       ) [ 0000]
c_row_major_1_5_0_loc_load (load       ) [ 0000]
c_row_major_1_4_0_loc_load (load       ) [ 0000]
c_row_major_1_3_0_loc_load (load       ) [ 0000]
c_row_major_1_2_0_loc_load (load       ) [ 0000]
c_row_major_1_1_0_loc_load (load       ) [ 0000]
c_row_major_1_0_0_loc_load (load       ) [ 0000]
c_row_major_0_7_0_loc_load (load       ) [ 0000]
c_row_major_0_6_0_loc_load (load       ) [ 0000]
c_row_major_0_5_0_loc_load (load       ) [ 0000]
c_row_major_0_4_0_loc_load (load       ) [ 0000]
c_row_major_0_3_0_loc_load (load       ) [ 0000]
c_row_major_0_2_0_loc_load (load       ) [ 0000]
c_row_major_0_1_0_loc_load (load       ) [ 0000]
c_row_major_0_0_0_loc_load (load       ) [ 0000]
br_ln0                     (br         ) [ 0000]
phi_ln105                  (phi        ) [ 0001]
phi_ln105_1                (phi        ) [ 0001]
phi_ln105_2                (phi        ) [ 0001]
phi_ln105_3                (phi        ) [ 0001]
phi_ln105_4                (phi        ) [ 0001]
phi_ln105_5                (phi        ) [ 0001]
phi_ln105_6                (phi        ) [ 0001]
phi_ln105_7                (phi        ) [ 0001]
phi_ln105_8                (phi        ) [ 0001]
phi_ln105_9                (phi        ) [ 0001]
phi_ln105_10               (phi        ) [ 0001]
phi_ln105_11               (phi        ) [ 0001]
phi_ln105_12               (phi        ) [ 0001]
phi_ln105_13               (phi        ) [ 0001]
phi_ln105_14               (phi        ) [ 0001]
phi_ln105_15               (phi        ) [ 0001]
phi_ln105_16               (phi        ) [ 0001]
phi_ln105_17               (phi        ) [ 0001]
phi_ln105_18               (phi        ) [ 0001]
phi_ln105_19               (phi        ) [ 0001]
phi_ln105_20               (phi        ) [ 0001]
phi_ln105_21               (phi        ) [ 0001]
phi_ln105_22               (phi        ) [ 0001]
phi_ln105_23               (phi        ) [ 0001]
phi_ln105_24               (phi        ) [ 0001]
phi_ln105_25               (phi        ) [ 0001]
phi_ln105_26               (phi        ) [ 0001]
phi_ln105_27               (phi        ) [ 0001]
phi_ln105_28               (phi        ) [ 0001]
phi_ln105_29               (phi        ) [ 0001]
phi_ln105_30               (phi        ) [ 0001]
phi_ln105_31               (phi        ) [ 0001]
phi_ln105_32               (phi        ) [ 0001]
phi_ln105_33               (phi        ) [ 0001]
phi_ln105_34               (phi        ) [ 0001]
phi_ln105_35               (phi        ) [ 0001]
phi_ln105_36               (phi        ) [ 0001]
phi_ln105_37               (phi        ) [ 0001]
phi_ln105_38               (phi        ) [ 0001]
phi_ln105_39               (phi        ) [ 0001]
phi_ln105_40               (phi        ) [ 0001]
phi_ln105_41               (phi        ) [ 0001]
phi_ln105_42               (phi        ) [ 0001]
phi_ln105_43               (phi        ) [ 0001]
phi_ln105_44               (phi        ) [ 0001]
phi_ln105_45               (phi        ) [ 0001]
phi_ln105_46               (phi        ) [ 0001]
phi_ln105_47               (phi        ) [ 0001]
phi_ln105_48               (phi        ) [ 0001]
phi_ln105_49               (phi        ) [ 0001]
phi_ln105_50               (phi        ) [ 0001]
phi_ln105_51               (phi        ) [ 0001]
phi_ln105_52               (phi        ) [ 0001]
phi_ln105_53               (phi        ) [ 0001]
phi_ln105_54               (phi        ) [ 0001]
phi_ln105_55               (phi        ) [ 0001]
phi_ln105_56               (phi        ) [ 0001]
phi_ln105_57               (phi        ) [ 0001]
phi_ln105_58               (phi        ) [ 0001]
phi_ln105_59               (phi        ) [ 0001]
phi_ln105_60               (phi        ) [ 0001]
phi_ln105_61               (phi        ) [ 0001]
phi_ln105_62               (phi        ) [ 0001]
phi_ln105_63               (phi        ) [ 0001]
mrv                        (insertvalue) [ 0000]
mrv_1                      (insertvalue) [ 0000]
mrv_2                      (insertvalue) [ 0000]
mrv_3                      (insertvalue) [ 0000]
mrv_4                      (insertvalue) [ 0000]
mrv_5                      (insertvalue) [ 0000]
mrv_6                      (insertvalue) [ 0000]
mrv_7                      (insertvalue) [ 0000]
mrv_8                      (insertvalue) [ 0000]
mrv_9                      (insertvalue) [ 0000]
mrv_s                      (insertvalue) [ 0000]
mrv_10                     (insertvalue) [ 0000]
mrv_11                     (insertvalue) [ 0000]
mrv_12                     (insertvalue) [ 0000]
mrv_13                     (insertvalue) [ 0000]
mrv_14                     (insertvalue) [ 0000]
mrv_15                     (insertvalue) [ 0000]
mrv_16                     (insertvalue) [ 0000]
mrv_17                     (insertvalue) [ 0000]
mrv_18                     (insertvalue) [ 0000]
mrv_19                     (insertvalue) [ 0000]
mrv_20                     (insertvalue) [ 0000]
mrv_21                     (insertvalue) [ 0000]
mrv_22                     (insertvalue) [ 0000]
mrv_23                     (insertvalue) [ 0000]
mrv_24                     (insertvalue) [ 0000]
mrv_25                     (insertvalue) [ 0000]
mrv_26                     (insertvalue) [ 0000]
mrv_27                     (insertvalue) [ 0000]
mrv_28                     (insertvalue) [ 0000]
mrv_29                     (insertvalue) [ 0000]
mrv_30                     (insertvalue) [ 0000]
mrv_31                     (insertvalue) [ 0000]
mrv_32                     (insertvalue) [ 0000]
mrv_33                     (insertvalue) [ 0000]
mrv_34                     (insertvalue) [ 0000]
mrv_35                     (insertvalue) [ 0000]
mrv_36                     (insertvalue) [ 0000]
mrv_37                     (insertvalue) [ 0000]
mrv_38                     (insertvalue) [ 0000]
mrv_39                     (insertvalue) [ 0000]
mrv_40                     (insertvalue) [ 0000]
mrv_41                     (insertvalue) [ 0000]
mrv_42                     (insertvalue) [ 0000]
mrv_43                     (insertvalue) [ 0000]
mrv_44                     (insertvalue) [ 0000]
mrv_45                     (insertvalue) [ 0000]
mrv_46                     (insertvalue) [ 0000]
mrv_47                     (insertvalue) [ 0000]
mrv_48                     (insertvalue) [ 0000]
mrv_49                     (insertvalue) [ 0000]
mrv_50                     (insertvalue) [ 0000]
mrv_51                     (insertvalue) [ 0000]
mrv_52                     (insertvalue) [ 0000]
mrv_53                     (insertvalue) [ 0000]
mrv_54                     (insertvalue) [ 0000]
mrv_55                     (insertvalue) [ 0000]
mrv_56                     (insertvalue) [ 0000]
mrv_57                     (insertvalue) [ 0000]
mrv_58                     (insertvalue) [ 0000]
mrv_59                     (insertvalue) [ 0000]
mrv_60                     (insertvalue) [ 0000]
mrv_61                     (insertvalue) [ 0000]
mrv_62                     (insertvalue) [ 0000]
ret_ln105                  (ret        ) [ 0000]
</LifeTime>

<model>

<comp_list>
<comp id="0" class="1000" name="a_row_major_0">
<pin_list>
<pin id="1" dir="1" index="0" bw="1" slack="0"/>
</pin_list>
<bind>
<StgValue><ssdm name="a_row_major_0"/><MemPortTyVec>1 3 </MemPortTyVec>
</StgValue>
</bind>
</comp>

<comp id="2" class="1000" name="a_row_major_1">
<pin_list>
<pin id="3" dir="1" index="0" bw="1" slack="0"/>
</pin_list>
<bind>
<StgValue><ssdm name="a_row_major_1"/><MemPortTyVec>1 3 </MemPortTyVec>
</StgValue>
</bind>
</comp>

<comp id="4" class="1000" name="a_row_major_2">
<pin_list>
<pin id="5" dir="1" index="0" bw="1" slack="0"/>
</pin_list>
<bind>
<StgValue><ssdm name="a_row_major_2"/><MemPortTyVec>1 3 </MemPortTyVec>
</StgValue>
</bind>
</comp>

<comp id="6" class="1000" name="a_row_major_3">
<pin_list>
<pin id="7" dir="1" index="0" bw="1" slack="0"/>
</pin_list>
<bind>
<StgValue><ssdm name="a_row_major_3"/><MemPortTyVec>1 3 </MemPortTyVec>
</StgValue>
</bind>
</comp>

<comp id="8" class="1000" name="a_row_major_4">
<pin_list>
<pin id="9" dir="1" index="0" bw="1" slack="0"/>
</pin_list>
<bind>
<StgValue><ssdm name="a_row_major_4"/><MemPortTyVec>1 3 </MemPortTyVec>
</StgValue>
</bind>
</comp>

<comp id="10" class="1000" name="a_row_major_5">
<pin_list>
<pin id="11" dir="1" index="0" bw="1" slack="0"/>
</pin_list>
<bind>
<StgValue><ssdm name="a_row_major_5"/><MemPortTyVec>1 3 </MemPortTyVec>
</StgValue>
</bind>
</comp>

<comp id="12" class="1000" name="a_row_major_6">
<pin_list>
<pin id="13" dir="1" index="0" bw="1" slack="0"/>
</pin_list>
<bind>
<StgValue><ssdm name="a_row_major_6"/><MemPortTyVec>1 3 </MemPortTyVec>
</StgValue>
</bind>
</comp>

<comp id="14" class="1000" name="a_row_major_7">
<pin_list>
<pin id="15" dir="1" index="0" bw="1" slack="0"/>
</pin_list>
<bind>
<StgValue><ssdm name="a_row_major_7"/><MemPortTyVec>1 3 </MemPortTyVec>
</StgValue>
</bind>
</comp>

<comp id="16" class="1000" name="b_row_major_0">
<pin_list>
<pin id="17" dir="1" index="0" bw="1" slack="0"/>
</pin_list>
<bind>
<StgValue><ssdm name="b_row_major_0"/><MemPortTyVec>1 3 </MemPortTyVec>
</StgValue>
</bind>
</comp>

<comp id="18" class="1000" name="b_row_major_1">
<pin_list>
<pin id="19" dir="1" index="0" bw="1" slack="0"/>
</pin_list>
<bind>
<StgValue><ssdm name="b_row_major_1"/><MemPortTyVec>1 3 </MemPortTyVec>
</StgValue>
</bind>
</comp>

<comp id="20" class="1000" name="b_row_major_2">
<pin_list>
<pin id="21" dir="1" index="0" bw="1" slack="0"/>
</pin_list>
<bind>
<StgValue><ssdm name="b_row_major_2"/><MemPortTyVec>1 3 </MemPortTyVec>
</StgValue>
</bind>
</comp>

<comp id="22" class="1000" name="b_row_major_3">
<pin_list>
<pin id="23" dir="1" index="0" bw="1" slack="0"/>
</pin_list>
<bind>
<StgValue><ssdm name="b_row_major_3"/><MemPortTyVec>1 3 </MemPortTyVec>
</StgValue>
</bind>
</comp>

<comp id="24" class="1000" name="b_row_major_4">
<pin_list>
<pin id="25" dir="1" index="0" bw="1" slack="0"/>
</pin_list>
<bind>
<StgValue><ssdm name="b_row_major_4"/><MemPortTyVec>1 3 </MemPortTyVec>
</StgValue>
</bind>
</comp>

<comp id="26" class="1000" name="b_row_major_5">
<pin_list>
<pin id="27" dir="1" index="0" bw="1" slack="0"/>
</pin_list>
<bind>
<StgValue><ssdm name="b_row_major_5"/><MemPortTyVec>1 3 </MemPortTyVec>
</StgValue>
</bind>
</comp>

<comp id="28" class="1000" name="b_row_major_6">
<pin_list>
<pin id="29" dir="1" index="0" bw="1" slack="0"/>
</pin_list>
<bind>
<StgValue><ssdm name="b_row_major_6"/><MemPortTyVec>1 3 </MemPortTyVec>
</StgValue>
</bind>
</comp>

<comp id="30" class="1000" name="b_row_major_7">
<pin_list>
<pin id="31" dir="1" index="0" bw="1" slack="0"/>
</pin_list>
<bind>
<StgValue><ssdm name="b_row_major_7"/><MemPortTyVec>1 3 </MemPortTyVec>
</StgValue>
</bind>
</comp>

<comp id="32" class="1000" name="p_read">
<pin_list>
<pin id="33" dir="1" index="0" bw="1" slack="0"/>
</pin_list>
<bind>
<StgValue><ssdm name="p_read"/></StgValue>
</bind>
</comp>

<comp id="34" class="1000" name="p_read1">
<pin_list>
<pin id="35" dir="1" index="0" bw="1" slack="0"/>
</pin_list>
<bind>
<StgValue><ssdm name="p_read1"/></StgValue>
</bind>
</comp>

<comp id="36" class="1000" name="p_read2">
<pin_list>
<pin id="37" dir="1" index="0" bw="1" slack="0"/>
</pin_list>
<bind>
<StgValue><ssdm name="p_read2"/></StgValue>
</bind>
</comp>

<comp id="38" class="1000" name="p_read3">
<pin_list>
<pin id="39" dir="1" index="0" bw="1" slack="0"/>
</pin_list>
<bind>
<StgValue><ssdm name="p_read3"/></StgValue>
</bind>
</comp>

<comp id="40" class="1000" name="p_read4">
<pin_list>
<pin id="41" dir="1" index="0" bw="1" slack="0"/>
</pin_list>
<bind>
<StgValue><ssdm name="p_read4"/></StgValue>
</bind>
</comp>

<comp id="42" class="1000" name="p_read5">
<pin_list>
<pin id="43" dir="1" index="0" bw="1" slack="0"/>
</pin_list>
<bind>
<StgValue><ssdm name="p_read5"/></StgValue>
</bind>
</comp>

<comp id="44" class="1000" name="p_read6">
<pin_list>
<pin id="45" dir="1" index="0" bw="1" slack="0"/>
</pin_list>
<bind>
<StgValue><ssdm name="p_read6"/></StgValue>
</bind>
</comp>

<comp id="46" class="1000" name="p_read7">
<pin_list>
<pin id="47" dir="1" index="0" bw="1" slack="0"/>
</pin_list>
<bind>
<StgValue><ssdm name="p_read7"/></StgValue>
</bind>
</comp>

<comp id="48" class="1000" name="p_read8">
<pin_list>
<pin id="49" dir="1" index="0" bw="1" slack="0"/>
</pin_list>
<bind>
<StgValue><ssdm name="p_read8"/></StgValue>
</bind>
</comp>

<comp id="50" class="1000" name="p_read9">
<pin_list>
<pin id="51" dir="1" index="0" bw="1" slack="0"/>
</pin_list>
<bind>
<StgValue><ssdm name="p_read9"/></StgValue>
</bind>
</comp>

<comp id="52" class="1000" name="p_read10">
<pin_list>
<pin id="53" dir="1" index="0" bw="1" slack="0"/>
</pin_list>
<bind>
<StgValue><ssdm name="p_read10"/></StgValue>
</bind>
</comp>

<comp id="54" class="1000" name="p_read11">
<pin_list>
<pin id="55" dir="1" index="0" bw="1" slack="0"/>
</pin_list>
<bind>
<StgValue><ssdm name="p_read11"/></StgValue>
</bind>
</comp>

<comp id="56" class="1000" name="p_read12">
<pin_list>
<pin id="57" dir="1" index="0" bw="1" slack="0"/>
</pin_list>
<bind>
<StgValue><ssdm name="p_read12"/></StgValue>
</bind>
</comp>

<comp id="58" class="1000" name="p_read13">
<pin_list>
<pin id="59" dir="1" index="0" bw="1" slack="0"/>
</pin_list>
<bind>
<StgValue><ssdm name="p_read13"/></StgValue>
</bind>
</comp>

<comp id="60" class="1000" name="p_read14">
<pin_list>
<pin id="61" dir="1" index="0" bw="1" slack="0"/>
</pin_list>
<bind>
<StgValue><ssdm name="p_read14"/></StgValue>
</bind>
</comp>

<comp id="62" class="1000" name="p_read15">
<pin_list>
<pin id="63" dir="1" index="0" bw="1" slack="0"/>
</pin_list>
<bind>
<StgValue><ssdm name="p_read15"/></StgValue>
</bind>
</comp>

<comp id="64" class="1000" name="p_read16">
<pin_list>
<pin id="65" dir="1" index="0" bw="1" slack="0"/>
</pin_list>
<bind>
<StgValue><ssdm name="p_read16"/></StgValue>
</bind>
</comp>

<comp id="66" class="1000" name="p_read17">
<pin_list>
<pin id="67" dir="1" index="0" bw="1" slack="0"/>
</pin_list>
<bind>
<StgValue><ssdm name="p_read17"/></StgValue>
</bind>
</comp>

<comp id="68" class="1000" name="p_read18">
<pin_list>
<pin id="69" dir="1" index="0" bw="1" slack="0"/>
</pin_list>
<bind>
<StgValue><ssdm name="p_read18"/></StgValue>
</bind>
</comp>

<comp id="70" class="1000" name="p_read19">
<pin_list>
<pin id="71" dir="1" index="0" bw="1" slack="0"/>
</pin_list>
<bind>
<StgValue><ssdm name="p_read19"/></StgValue>
</bind>
</comp>

<comp id="72" class="1000" name="p_read20">
<pin_list>
<pin id="73" dir="1" index="0" bw="1" slack="0"/>
</pin_list>
<bind>
<StgValue><ssdm name="p_read20"/></StgValue>
</bind>
</comp>

<comp id="74" class="1000" name="p_read21">
<pin_list>
<pin id="75" dir="1" index="0" bw="1" slack="0"/>
</pin_list>
<bind>
<StgValue><ssdm name="p_read21"/></StgValue>
</bind>
</comp>

<comp id="76" class="1000" name="p_read22">
<pin_list>
<pin id="77" dir="1" index="0" bw="1" slack="0"/>
</pin_list>
<bind>
<StgValue><ssdm name="p_read22"/></StgValue>
</bind>
</comp>

<comp id="78" class="1000" name="p_read23">
<pin_list>
<pin id="79" dir="1" index="0" bw="1" slack="0"/>
</pin_list>
<bind>
<StgValue><ssdm name="p_read23"/></StgValue>
</bind>
</comp>

<comp id="80" class="1000" name="p_read24">
<pin_list>
<pin id="81" dir="1" index="0" bw="1" slack="0"/>
</pin_list>
<bind>
<StgValue><ssdm name="p_read24"/></StgValue>
</bind>
</comp>

<comp id="82" class="1000" name="p_read25">
<pin_list>
<pin id="83" dir="1" index="0" bw="1" slack="0"/>
</pin_list>
<bind>
<StgValue><ssdm name="p_read25"/></StgValue>
</bind>
</comp>

<comp id="84" class="1000" name="p_read26">
<pin_list>
<pin id="85" dir="1" index="0" bw="1" slack="0"/>
</pin_list>
<bind>
<StgValue><ssdm name="p_read26"/></StgValue>
</bind>
</comp>

<comp id="86" class="1000" name="p_read27">
<pin_list>
<pin id="87" dir="1" index="0" bw="1" slack="0"/>
</pin_list>
<bind>
<StgValue><ssdm name="p_read27"/></StgValue>
</bind>
</comp>

<comp id="88" class="1000" name="p_read28">
<pin_list>
<pin id="89" dir="1" index="0" bw="1" slack="0"/>
</pin_list>
<bind>
<StgValue><ssdm name="p_read28"/></StgValue>
</bind>
</comp>

<comp id="90" class="1000" name="p_read29">
<pin_list>
<pin id="91" dir="1" index="0" bw="1" slack="0"/>
</pin_list>
<bind>
<StgValue><ssdm name="p_read29"/></StgValue>
</bind>
</comp>

<comp id="92" class="1000" name="p_read30">
<pin_list>
<pin id="93" dir="1" index="0" bw="1" slack="0"/>
</pin_list>
<bind>
<StgValue><ssdm name="p_read30"/></StgValue>
</bind>
</comp>

<comp id="94" class="1000" name="p_read31">
<pin_list>
<pin id="95" dir="1" index="0" bw="1" slack="0"/>
</pin_list>
<bind>
<StgValue><ssdm name="p_read31"/></StgValue>
</bind>
</comp>

<comp id="96" class="1000" name="p_read32">
<pin_list>
<pin id="97" dir="1" index="0" bw="1" slack="0"/>
</pin_list>
<bind>
<StgValue><ssdm name="p_read32"/></StgValue>
</bind>
</comp>

<comp id="98" class="1000" name="p_read33">
<pin_list>
<pin id="99" dir="1" index="0" bw="1" slack="0"/>
</pin_list>
<bind>
<StgValue><ssdm name="p_read33"/></StgValue>
</bind>
</comp>

<comp id="100" class="1000" name="p_read34">
<pin_list>
<pin id="101" dir="1" index="0" bw="1" slack="0"/>
</pin_list>
<bind>
<StgValue><ssdm name="p_read34"/></StgValue>
</bind>
</comp>

<comp id="102" class="1000" name="p_read35">
<pin_list>
<pin id="103" dir="1" index="0" bw="1" slack="0"/>
</pin_list>
<bind>
<StgValue><ssdm name="p_read35"/></StgValue>
</bind>
</comp>

<comp id="104" class="1000" name="p_read36">
<pin_list>
<pin id="105" dir="1" index="0" bw="1" slack="0"/>
</pin_list>
<bind>
<StgValue><ssdm name="p_read36"/></StgValue>
</bind>
</comp>

<comp id="106" class="1000" name="p_read37">
<pin_list>
<pin id="107" dir="1" index="0" bw="1" slack="0"/>
</pin_list>
<bind>
<StgValue><ssdm name="p_read37"/></StgValue>
</bind>
</comp>

<comp id="108" class="1000" name="p_read38">
<pin_list>
<pin id="109" dir="1" index="0" bw="1" slack="0"/>
</pin_list>
<bind>
<StgValue><ssdm name="p_read38"/></StgValue>
</bind>
</comp>

<comp id="110" class="1000" name="p_read39">
<pin_list>
<pin id="111" dir="1" index="0" bw="1" slack="0"/>
</pin_list>
<bind>
<StgValue><ssdm name="p_read39"/></StgValue>
</bind>
</comp>

<comp id="112" class="1000" name="p_read40">
<pin_list>
<pin id="113" dir="1" index="0" bw="1" slack="0"/>
</pin_list>
<bind>
<StgValue><ssdm name="p_read40"/></StgValue>
</bind>
</comp>

<comp id="114" class="1000" name="p_read41">
<pin_list>
<pin id="115" dir="1" index="0" bw="1" slack="0"/>
</pin_list>
<bind>
<StgValue><ssdm name="p_read41"/></StgValue>
</bind>
</comp>

<comp id="116" class="1000" name="p_read42">
<pin_list>
<pin id="117" dir="1" index="0" bw="1" slack="0"/>
</pin_list>
<bind>
<StgValue><ssdm name="p_read42"/></StgValue>
</bind>
</comp>

<comp id="118" class="1000" name="p_read43">
<pin_list>
<pin id="119" dir="1" index="0" bw="1" slack="0"/>
</pin_list>
<bind>
<StgValue><ssdm name="p_read43"/></StgValue>
</bind>
</comp>

<comp id="120" class="1000" name="p_read44">
<pin_list>
<pin id="121" dir="1" index="0" bw="1" slack="0"/>
</pin_list>
<bind>
<StgValue><ssdm name="p_read44"/></StgValue>
</bind>
</comp>

<comp id="122" class="1000" name="p_read45">
<pin_list>
<pin id="123" dir="1" index="0" bw="1" slack="0"/>
</pin_list>
<bind>
<StgValue><ssdm name="p_read45"/></StgValue>
</bind>
</comp>

<comp id="124" class="1000" name="p_read46">
<pin_list>
<pin id="125" dir="1" index="0" bw="1" slack="0"/>
</pin_list>
<bind>
<StgValue><ssdm name="p_read46"/></StgValue>
</bind>
</comp>

<comp id="126" class="1000" name="p_read47">
<pin_list>
<pin id="127" dir="1" index="0" bw="1" slack="0"/>
</pin_list>
<bind>
<StgValue><ssdm name="p_read47"/></StgValue>
</bind>
</comp>

<comp id="128" class="1000" name="p_read48">
<pin_list>
<pin id="129" dir="1" index="0" bw="1" slack="0"/>
</pin_list>
<bind>
<StgValue><ssdm name="p_read48"/></StgValue>
</bind>
</comp>

<comp id="130" class="1000" name="p_read49">
<pin_list>
<pin id="131" dir="1" index="0" bw="1" slack="0"/>
</pin_list>
<bind>
<StgValue><ssdm name="p_read49"/></StgValue>
</bind>
</comp>

<comp id="132" class="1000" name="p_read50">
<pin_list>
<pin id="133" dir="1" index="0" bw="1" slack="0"/>
</pin_list>
<bind>
<StgValue><ssdm name="p_read50"/></StgValue>
</bind>
</comp>

<comp id="134" class="1000" name="p_read51">
<pin_list>
<pin id="135" dir="1" index="0" bw="1" slack="0"/>
</pin_list>
<bind>
<StgValue><ssdm name="p_read51"/></StgValue>
</bind>
</comp>

<comp id="136" class="1000" name="p_read52">
<pin_list>
<pin id="137" dir="1" index="0" bw="1" slack="0"/>
</pin_list>
<bind>
<StgValue><ssdm name="p_read52"/></StgValue>
</bind>
</comp>

<comp id="138" class="1000" name="p_read53">
<pin_list>
<pin id="139" dir="1" index="0" bw="1" slack="0"/>
</pin_list>
<bind>
<StgValue><ssdm name="p_read53"/></StgValue>
</bind>
</comp>

<comp id="140" class="1000" name="p_read54">
<pin_list>
<pin id="141" dir="1" index="0" bw="1" slack="0"/>
</pin_list>
<bind>
<StgValue><ssdm name="p_read54"/></StgValue>
</bind>
</comp>

<comp id="142" class="1000" name="p_read55">
<pin_list>
<pin id="143" dir="1" index="0" bw="1" slack="0"/>
</pin_list>
<bind>
<StgValue><ssdm name="p_read55"/></StgValue>
</bind>
</comp>

<comp id="144" class="1000" name="p_read56">
<pin_list>
<pin id="145" dir="1" index="0" bw="1" slack="0"/>
</pin_list>
<bind>
<StgValue><ssdm name="p_read56"/></StgValue>
</bind>
</comp>

<comp id="146" class="1000" name="p_read57">
<pin_list>
<pin id="147" dir="1" index="0" bw="1" slack="0"/>
</pin_list>
<bind>
<StgValue><ssdm name="p_read57"/></StgValue>
</bind>
</comp>

<comp id="148" class="1000" name="p_read58">
<pin_list>
<pin id="149" dir="1" index="0" bw="1" slack="0"/>
</pin_list>
<bind>
<StgValue><ssdm name="p_read58"/></StgValue>
</bind>
</comp>

<comp id="150" class="1000" name="p_read59">
<pin_list>
<pin id="151" dir="1" index="0" bw="1" slack="0"/>
</pin_list>
<bind>
<StgValue><ssdm name="p_read59"/></StgValue>
</bind>
</comp>

<comp id="152" class="1000" name="p_read60">
<pin_list>
<pin id="153" dir="1" index="0" bw="1" slack="0"/>
</pin_list>
<bind>
<StgValue><ssdm name="p_read60"/></StgValue>
</bind>
</comp>

<comp id="154" class="1000" name="p_read61">
<pin_list>
<pin id="155" dir="1" index="0" bw="1" slack="0"/>
</pin_list>
<bind>
<StgValue><ssdm name="p_read61"/></StgValue>
</bind>
</comp>

<comp id="156" class="1000" name="p_read62">
<pin_list>
<pin id="157" dir="1" index="0" bw="1" slack="0"/>
</pin_list>
<bind>
<StgValue><ssdm name="p_read62"/></StgValue>
</bind>
</comp>

<comp id="158" class="1000" name="p_read63">
<pin_list>
<pin id="159" dir="1" index="0" bw="1" slack="0"/>
</pin_list>
<bind>
<StgValue><ssdm name="p_read63"/></StgValue>
</bind>
</comp>

<comp id="160" class="1000" name="start_k">
<pin_list>
<pin id="161" dir="1" index="0" bw="1" slack="0"/>
</pin_list>
<bind>
<StgValue><ssdm name="start_k"/></StgValue>
</bind>
</comp>

<comp id="162" class="1000" name="finish_k">
<pin_list>
<pin id="163" dir="1" index="0" bw="1" slack="0"/>
</pin_list>
<bind>
<StgValue><ssdm name="finish_k"/></StgValue>
</bind>
</comp>

<comp id="164" class="1000" name="a_row">
<pin_list>
<pin id="165" dir="1" index="0" bw="1" slack="0"/>
</pin_list>
<bind>
<StgValue><ssdm name="a_row"/></StgValue>
</bind>
</comp>

<comp id="166" class="1000" name="a_col">
<pin_list>
<pin id="167" dir="1" index="0" bw="1" slack="0"/>
</pin_list>
<bind>
<StgValue><ssdm name="a_col"/></StgValue>
</bind>
</comp>

<comp id="168" class="1000" name="b_col">
<pin_list>
<pin id="169" dir="1" index="0" bw="1" slack="0"/>
</pin_list>
<bind>
<StgValue><ssdm name="b_col"/></StgValue>
</bind>
</comp>

<comp id="170" class="1001" name="const_170">
<pin_list>
<pin id="171" dir="1" index="0" bw="1" slack="0"/>
</pin_list>
<bind>
<StgValue><ssdm name="_ssdm_op_Read.ap_auto.i32"/></StgValue>
</bind>
</comp>

<comp id="172" class="1001" name="const_172">
<pin_list>
<pin id="173" dir="1" index="0" bw="1" slack="0"/>
</pin_list>
<bind>
<StgValue><ssdm name="_ssdm_op_Read.ap_auto.i4"/></StgValue>
</bind>
</comp>

<comp id="174" class="1001" name="const_174">
<pin_list>
<pin id="175" dir="1" index="0" bw="1" slack="0"/>
</pin_list>
<bind>
<StgValue><ssdm name="_ssdm_op_Read.ap_auto.i3"/></StgValue>
</bind>
</comp>

<comp id="176" class="1001" name="const_176">
<pin_list>
<pin id="177" dir="1" index="0" bw="1" slack="0"/>
</pin_list>
<bind>
<StgValue><ssdm name="_ssdm_op_Read.ap_auto.i16"/></StgValue>
</bind>
</comp>

<comp id="178" class="1001" name="const_178">
<pin_list>
<pin id="179" dir="1" index="0" bw="1" slack="0"/>
</pin_list>
<bind>
<StgValue><ssdm name=""/></StgValue>
</bind>
</comp>

<comp id="180" class="1001" name="const_180">
<pin_list>
<pin id="181" dir="1" index="0" bw="1" slack="2147483647"/>
</pin_list>
<bind>
<StgValue><ssdm name="_ssdm_op_SpecMemCore"/></StgValue>
</bind>
</comp>

<comp id="182" class="1001" name="const_182">
<pin_list>
<pin id="183" dir="1" index="0" bw="1" slack="2147483647"/>
</pin_list>
<bind>
<StgValue><ssdm name=""/></StgValue>
</bind>
</comp>

<comp id="184" class="1001" name="const_184">
<pin_list>
<pin id="185" dir="1" index="0" bw="1" slack="2147483647"/>
</pin_list>
<bind>
<StgValue><ssdm name=""/></StgValue>
</bind>
</comp>

<comp id="186" class="1001" name="const_186">
<pin_list>
<pin id="187" dir="1" index="0" bw="1" slack="2147483647"/>
</pin_list>
<bind>
<StgValue><ssdm name=""/></StgValue>
</bind>
</comp>

<comp id="188" class="1001" name="const_188">
<pin_list>
<pin id="189" dir="1" index="0" bw="1" slack="0"/>
</pin_list>
<bind>
<StgValue><ssdm name=""/></StgValue>
</bind>
</comp>

<comp id="190" class="1001" name="const_190">
<pin_list>
<pin id="191" dir="1" index="0" bw="1" slack="0"/>
</pin_list>
<bind>
<StgValue><ssdm name=""/></StgValue>
</bind>
</comp>

<comp id="192" class="1001" name="const_192">
<pin_list>
<pin id="193" dir="1" index="0" bw="1" slack="0"/>
</pin_list>
<bind>
<StgValue><ssdm name="_ssdm_op_PartSelect.i31.i32.i32.i32"/></StgValue>
</bind>
</comp>

<comp id="194" class="1001" name="const_194">
<pin_list>
<pin id="195" dir="1" index="0" bw="1" slack="0"/>
</pin_list>
<bind>
<StgValue><ssdm name=""/></StgValue>
</bind>
</comp>

<comp id="196" class="1001" name="const_196">
<pin_list>
<pin id="197" dir="1" index="0" bw="1" slack="0"/>
</pin_list>
<bind>
<StgValue><ssdm name=""/></StgValue>
</bind>
</comp>

<comp id="198" class="1001" name="const_198">
<pin_list>
<pin id="199" dir="1" index="0" bw="1" slack="0"/>
</pin_list>
<bind>
<StgValue><ssdm name=""/></StgValue>
</bind>
</comp>

<comp id="200" class="1001" name="const_200">
<pin_list>
<pin id="201" dir="1" index="0" bw="1" slack="0"/>
</pin_list>
<bind>
<StgValue><ssdm name="_ssdm_op_PartSelect.i30.i32.i32.i32"/></StgValue>
</bind>
</comp>

<comp id="202" class="1001" name="const_202">
<pin_list>
<pin id="203" dir="1" index="0" bw="1" slack="0"/>
</pin_list>
<bind>
<StgValue><ssdm name=""/></StgValue>
</bind>
</comp>

<comp id="204" class="1001" name="const_204">
<pin_list>
<pin id="205" dir="1" index="0" bw="1" slack="0"/>
</pin_list>
<bind>
<StgValue><ssdm name=""/></StgValue>
</bind>
</comp>

<comp id="206" class="1001" name="const_206">
<pin_list>
<pin id="207" dir="1" index="0" bw="1" slack="0"/>
</pin_list>
<bind>
<StgValue><ssdm name=""/></StgValue>
</bind>
</comp>

<comp id="208" class="1001" name="const_208">
<pin_list>
<pin id="209" dir="1" index="0" bw="1" slack="0"/>
</pin_list>
<bind>
<StgValue><ssdm name=""/></StgValue>
</bind>
</comp>

<comp id="210" class="1001" name="const_210">
<pin_list>
<pin id="211" dir="1" index="0" bw="1" slack="0"/>
</pin_list>
<bind>
<StgValue><ssdm name="_ssdm_op_PartSelect.i29.i32.i32.i32"/></StgValue>
</bind>
</comp>

<comp id="212" class="1001" name="const_212">
<pin_list>
<pin id="213" dir="1" index="0" bw="1" slack="0"/>
</pin_list>
<bind>
<StgValue><ssdm name=""/></StgValue>
</bind>
</comp>

<comp id="214" class="1001" name="const_214">
<pin_list>
<pin id="215" dir="1" index="0" bw="1" slack="0"/>
</pin_list>
<bind>
<StgValue><ssdm name=""/></StgValue>
</bind>
</comp>

<comp id="216" class="1001" name="const_216">
<pin_list>
<pin id="217" dir="1" index="0" bw="1" slack="0"/>
</pin_list>
<bind>
<StgValue><ssdm name=""/></StgValue>
</bind>
</comp>

<comp id="218" class="1001" name="const_218">
<pin_list>
<pin id="219" dir="1" index="0" bw="1" slack="0"/>
</pin_list>
<bind>
<StgValue><ssdm name=""/></StgValue>
</bind>
</comp>

<comp id="220" class="1001" name="const_220">
<pin_list>
<pin id="221" dir="1" index="0" bw="1" slack="0"/>
</pin_list>
<bind>
<StgValue><ssdm name=""/></StgValue>
</bind>
</comp>

<comp id="222" class="1001" name="const_222">
<pin_list>
<pin id="223" dir="1" index="0" bw="1" slack="0"/>
</pin_list>
<bind>
<StgValue><ssdm name=""/></StgValue>
</bind>
</comp>

<comp id="224" class="1001" name="const_224">
<pin_list>
<pin id="225" dir="1" index="0" bw="1" slack="0"/>
</pin_list>
<bind>
<StgValue><ssdm name="tile_process_Pipeline_compute_pipeline"/></StgValue>
</bind>
</comp>

<comp id="226" class="1001" name="const_226">
<pin_list>
<pin id="227" dir="1" index="0" bw="1" slack="0"/>
</pin_list>
<bind>
<StgValue><ssdm name=""/></StgValue>
</bind>
</comp>

<comp id="228" class="1004" name="c_row_major_0_0_0_loc_fu_228">
<pin_list>
<pin id="229" dir="0" index="0" bw="1" slack="0"/>
<pin id="230" dir="1" index="1" bw="16" slack="0"/>
</pin_list>
<bind>
<opcode="alloca(26) " fcode="alloca"/>
<opset="c_row_major_0_0_0_loc/1 "/>
</bind>
</comp>

<comp id="232" class="1004" name="c_row_major_0_1_0_loc_fu_232">
<pin_list>
<pin id="233" dir="0" index="0" bw="1" slack="0"/>
<pin id="234" dir="1" index="1" bw="16" slack="0"/>
</pin_list>
<bind>
<opcode="alloca(26) " fcode="alloca"/>
<opset="c_row_major_0_1_0_loc/1 "/>
</bind>
</comp>

<comp id="236" class="1004" name="c_row_major_0_2_0_loc_fu_236">
<pin_list>
<pin id="237" dir="0" index="0" bw="1" slack="0"/>
<pin id="238" dir="1" index="1" bw="16" slack="0"/>
</pin_list>
<bind>
<opcode="alloca(26) " fcode="alloca"/>
<opset="c_row_major_0_2_0_loc/1 "/>
</bind>
</comp>

<comp id="240" class="1004" name="c_row_major_0_3_0_loc_fu_240">
<pin_list>
<pin id="241" dir="0" index="0" bw="1" slack="0"/>
<pin id="242" dir="1" index="1" bw="16" slack="0"/>
</pin_list>
<bind>
<opcode="alloca(26) " fcode="alloca"/>
<opset="c_row_major_0_3_0_loc/1 "/>
</bind>
</comp>

<comp id="244" class="1004" name="c_row_major_0_4_0_loc_fu_244">
<pin_list>
<pin id="245" dir="0" index="0" bw="1" slack="0"/>
<pin id="246" dir="1" index="1" bw="16" slack="0"/>
</pin_list>
<bind>
<opcode="alloca(26) " fcode="alloca"/>
<opset="c_row_major_0_4_0_loc/1 "/>
</bind>
</comp>

<comp id="248" class="1004" name="c_row_major_0_5_0_loc_fu_248">
<pin_list>
<pin id="249" dir="0" index="0" bw="1" slack="0"/>
<pin id="250" dir="1" index="1" bw="16" slack="0"/>
</pin_list>
<bind>
<opcode="alloca(26) " fcode="alloca"/>
<opset="c_row_major_0_5_0_loc/1 "/>
</bind>
</comp>

<comp id="252" class="1004" name="c_row_major_0_6_0_loc_fu_252">
<pin_list>
<pin id="253" dir="0" index="0" bw="1" slack="0"/>
<pin id="254" dir="1" index="1" bw="16" slack="0"/>
</pin_list>
<bind>
<opcode="alloca(26) " fcode="alloca"/>
<opset="c_row_major_0_6_0_loc/1 "/>
</bind>
</comp>

<comp id="256" class="1004" name="c_row_major_0_7_0_loc_fu_256">
<pin_list>
<pin id="257" dir="0" index="0" bw="1" slack="0"/>
<pin id="258" dir="1" index="1" bw="16" slack="0"/>
</pin_list>
<bind>
<opcode="alloca(26) " fcode="alloca"/>
<opset="c_row_major_0_7_0_loc/1 "/>
</bind>
</comp>

<comp id="260" class="1004" name="c_row_major_1_0_0_loc_fu_260">
<pin_list>
<pin id="261" dir="0" index="0" bw="1" slack="0"/>
<pin id="262" dir="1" index="1" bw="16" slack="0"/>
</pin_list>
<bind>
<opcode="alloca(26) " fcode="alloca"/>
<opset="c_row_major_1_0_0_loc/1 "/>
</bind>
</comp>

<comp id="264" class="1004" name="c_row_major_1_1_0_loc_fu_264">
<pin_list>
<pin id="265" dir="0" index="0" bw="1" slack="0"/>
<pin id="266" dir="1" index="1" bw="16" slack="0"/>
</pin_list>
<bind>
<opcode="alloca(26) " fcode="alloca"/>
<opset="c_row_major_1_1_0_loc/1 "/>
</bind>
</comp>

<comp id="268" class="1004" name="c_row_major_1_2_0_loc_fu_268">
<pin_list>
<pin id="269" dir="0" index="0" bw="1" slack="0"/>
<pin id="270" dir="1" index="1" bw="16" slack="0"/>
</pin_list>
<bind>
<opcode="alloca(26) " fcode="alloca"/>
<opset="c_row_major_1_2_0_loc/1 "/>
</bind>
</comp>

<comp id="272" class="1004" name="c_row_major_1_3_0_loc_fu_272">
<pin_list>
<pin id="273" dir="0" index="0" bw="1" slack="0"/>
<pin id="274" dir="1" index="1" bw="16" slack="0"/>
</pin_list>
<bind>
<opcode="alloca(26) " fcode="alloca"/>
<opset="c_row_major_1_3_0_loc/1 "/>
</bind>
</comp>

<comp id="276" class="1004" name="c_row_major_1_4_0_loc_fu_276">
<pin_list>
<pin id="277" dir="0" index="0" bw="1" slack="0"/>
<pin id="278" dir="1" index="1" bw="16" slack="0"/>
</pin_list>
<bind>
<opcode="alloca(26) " fcode="alloca"/>
<opset="c_row_major_1_4_0_loc/1 "/>
</bind>
</comp>

<comp id="280" class="1004" name="c_row_major_1_5_0_loc_fu_280">
<pin_list>
<pin id="281" dir="0" index="0" bw="1" slack="0"/>
<pin id="282" dir="1" index="1" bw="16" slack="0"/>
</pin_list>
<bind>
<opcode="alloca(26) " fcode="alloca"/>
<opset="c_row_major_1_5_0_loc/1 "/>
</bind>
</comp>

<comp id="284" class="1004" name="c_row_major_1_6_0_loc_fu_284">
<pin_list>
<pin id="285" dir="0" index="0" bw="1" slack="0"/>
<pin id="286" dir="1" index="1" bw="16" slack="0"/>
</pin_list>
<bind>
<opcode="alloca(26) " fcode="alloca"/>
<opset="c_row_major_1_6_0_loc/1 "/>
</bind>
</comp>

<comp id="288" class="1004" name="c_row_major_1_7_0_loc_fu_288">
<pin_list>
<pin id="289" dir="0" index="0" bw="1" slack="0"/>
<pin id="290" dir="1" index="1" bw="16" slack="0"/>
</pin_list>
<bind>
<opcode="alloca(26) " fcode="alloca"/>
<opset="c_row_major_1_7_0_loc/1 "/>
</bind>
</comp>

<comp id="292" class="1004" name="c_row_major_2_0_0_loc_fu_292">
<pin_list>
<pin id="293" dir="0" index="0" bw="1" slack="0"/>
<pin id="294" dir="1" index="1" bw="16" slack="0"/>
</pin_list>
<bind>
<opcode="alloca(26) " fcode="alloca"/>
<opset="c_row_major_2_0_0_loc/1 "/>
</bind>
</comp>

<comp id="296" class="1004" name="c_row_major_2_1_0_loc_fu_296">
<pin_list>
<pin id="297" dir="0" index="0" bw="1" slack="0"/>
<pin id="298" dir="1" index="1" bw="16" slack="0"/>
</pin_list>
<bind>
<opcode="alloca(26) " fcode="alloca"/>
<opset="c_row_major_2_1_0_loc/1 "/>
</bind>
</comp>

<comp id="300" class="1004" name="c_row_major_2_2_0_loc_fu_300">
<pin_list>
<pin id="301" dir="0" index="0" bw="1" slack="0"/>
<pin id="302" dir="1" index="1" bw="16" slack="0"/>
</pin_list>
<bind>
<opcode="alloca(26) " fcode="alloca"/>
<opset="c_row_major_2_2_0_loc/1 "/>
</bind>
</comp>

<comp id="304" class="1004" name="c_row_major_2_3_0_loc_fu_304">
<pin_list>
<pin id="305" dir="0" index="0" bw="1" slack="0"/>
<pin id="306" dir="1" index="1" bw="16" slack="0"/>
</pin_list>
<bind>
<opcode="alloca(26) " fcode="alloca"/>
<opset="c_row_major_2_3_0_loc/1 "/>
</bind>
</comp>

<comp id="308" class="1004" name="c_row_major_2_4_0_loc_fu_308">
<pin_list>
<pin id="309" dir="0" index="0" bw="1" slack="0"/>
<pin id="310" dir="1" index="1" bw="16" slack="0"/>
</pin_list>
<bind>
<opcode="alloca(26) " fcode="alloca"/>
<opset="c_row_major_2_4_0_loc/1 "/>
</bind>
</comp>

<comp id="312" class="1004" name="c_row_major_2_5_0_loc_fu_312">
<pin_list>
<pin id="313" dir="0" index="0" bw="1" slack="0"/>
<pin id="314" dir="1" index="1" bw="16" slack="0"/>
</pin_list>
<bind>
<opcode="alloca(26) " fcode="alloca"/>
<opset="c_row_major_2_5_0_loc/1 "/>
</bind>
</comp>

<comp id="316" class="1004" name="c_row_major_2_6_0_loc_fu_316">
<pin_list>
<pin id="317" dir="0" index="0" bw="1" slack="0"/>
<pin id="318" dir="1" index="1" bw="16" slack="0"/>
</pin_list>
<bind>
<opcode="alloca(26) " fcode="alloca"/>
<opset="c_row_major_2_6_0_loc/1 "/>
</bind>
</comp>

<comp id="320" class="1004" name="c_row_major_2_7_0_loc_fu_320">
<pin_list>
<pin id="321" dir="0" index="0" bw="1" slack="0"/>
<pin id="322" dir="1" index="1" bw="16" slack="0"/>
</pin_list>
<bind>
<opcode="alloca(26) " fcode="alloca"/>
<opset="c_row_major_2_7_0_loc/1 "/>
</bind>
</comp>

<comp id="324" class="1004" name="c_row_major_3_0_0_loc_fu_324">
<pin_list>
<pin id="325" dir="0" index="0" bw="1" slack="0"/>
<pin id="326" dir="1" index="1" bw="16" slack="0"/>
</pin_list>
<bind>
<opcode="alloca(26) " fcode="alloca"/>
<opset="c_row_major_3_0_0_loc/1 "/>
</bind>
</comp>

<comp id="328" class="1004" name="c_row_major_3_1_0_loc_fu_328">
<pin_list>
<pin id="329" dir="0" index="0" bw="1" slack="0"/>
<pin id="330" dir="1" index="1" bw="16" slack="0"/>
</pin_list>
<bind>
<opcode="alloca(26) " fcode="alloca"/>
<opset="c_row_major_3_1_0_loc/1 "/>
</bind>
</comp>

<comp id="332" class="1004" name="c_row_major_3_2_0_loc_fu_332">
<pin_list>
<pin id="333" dir="0" index="0" bw="1" slack="0"/>
<pin id="334" dir="1" index="1" bw="16" slack="0"/>
</pin_list>
<bind>
<opcode="alloca(26) " fcode="alloca"/>
<opset="c_row_major_3_2_0_loc/1 "/>
</bind>
</comp>

<comp id="336" class="1004" name="c_row_major_3_3_0_loc_fu_336">
<pin_list>
<pin id="337" dir="0" index="0" bw="1" slack="0"/>
<pin id="338" dir="1" index="1" bw="16" slack="0"/>
</pin_list>
<bind>
<opcode="alloca(26) " fcode="alloca"/>
<opset="c_row_major_3_3_0_loc/1 "/>
</bind>
</comp>

<comp id="340" class="1004" name="c_row_major_3_4_0_loc_fu_340">
<pin_list>
<pin id="341" dir="0" index="0" bw="1" slack="0"/>
<pin id="342" dir="1" index="1" bw="16" slack="0"/>
</pin_list>
<bind>
<opcode="alloca(26) " fcode="alloca"/>
<opset="c_row_major_3_4_0_loc/1 "/>
</bind>
</comp>

<comp id="344" class="1004" name="c_row_major_3_5_0_loc_fu_344">
<pin_list>
<pin id="345" dir="0" index="0" bw="1" slack="0"/>
<pin id="346" dir="1" index="1" bw="16" slack="0"/>
</pin_list>
<bind>
<opcode="alloca(26) " fcode="alloca"/>
<opset="c_row_major_3_5_0_loc/1 "/>
</bind>
</comp>

<comp id="348" class="1004" name="c_row_major_3_6_0_loc_fu_348">
<pin_list>
<pin id="349" dir="0" index="0" bw="1" slack="0"/>
<pin id="350" dir="1" index="1" bw="16" slack="0"/>
</pin_list>
<bind>
<opcode="alloca(26) " fcode="alloca"/>
<opset="c_row_major_3_6_0_loc/1 "/>
</bind>
</comp>

<comp id="352" class="1004" name="c_row_major_3_7_0_loc_fu_352">
<pin_list>
<pin id="353" dir="0" index="0" bw="1" slack="0"/>
<pin id="354" dir="1" index="1" bw="16" slack="0"/>
</pin_list>
<bind>
<opcode="alloca(26) " fcode="alloca"/>
<opset="c_row_major_3_7_0_loc/1 "/>
</bind>
</comp>

<comp id="356" class="1004" name="c_row_major_4_0_0_loc_fu_356">
<pin_list>
<pin id="357" dir="0" index="0" bw="1" slack="0"/>
<pin id="358" dir="1" index="1" bw="16" slack="0"/>
</pin_list>
<bind>
<opcode="alloca(26) " fcode="alloca"/>
<opset="c_row_major_4_0_0_loc/1 "/>
</bind>
</comp>

<comp id="360" class="1004" name="c_row_major_4_1_0_loc_fu_360">
<pin_list>
<pin id="361" dir="0" index="0" bw="1" slack="0"/>
<pin id="362" dir="1" index="1" bw="16" slack="0"/>
</pin_list>
<bind>
<opcode="alloca(26) " fcode="alloca"/>
<opset="c_row_major_4_1_0_loc/1 "/>
</bind>
</comp>

<comp id="364" class="1004" name="c_row_major_4_2_0_loc_fu_364">
<pin_list>
<pin id="365" dir="0" index="0" bw="1" slack="0"/>
<pin id="366" dir="1" index="1" bw="16" slack="0"/>
</pin_list>
<bind>
<opcode="alloca(26) " fcode="alloca"/>
<opset="c_row_major_4_2_0_loc/1 "/>
</bind>
</comp>

<comp id="368" class="1004" name="c_row_major_4_3_0_loc_fu_368">
<pin_list>
<pin id="369" dir="0" index="0" bw="1" slack="0"/>
<pin id="370" dir="1" index="1" bw="16" slack="0"/>
</pin_list>
<bind>
<opcode="alloca(26) " fcode="alloca"/>
<opset="c_row_major_4_3_0_loc/1 "/>
</bind>
</comp>

<comp id="372" class="1004" name="c_row_major_4_4_0_loc_fu_372">
<pin_list>
<pin id="373" dir="0" index="0" bw="1" slack="0"/>
<pin id="374" dir="1" index="1" bw="16" slack="0"/>
</pin_list>
<bind>
<opcode="alloca(26) " fcode="alloca"/>
<opset="c_row_major_4_4_0_loc/1 "/>
</bind>
</comp>

<comp id="376" class="1004" name="c_row_major_4_5_0_loc_fu_376">
<pin_list>
<pin id="377" dir="0" index="0" bw="1" slack="0"/>
<pin id="378" dir="1" index="1" bw="16" slack="0"/>
</pin_list>
<bind>
<opcode="alloca(26) " fcode="alloca"/>
<opset="c_row_major_4_5_0_loc/1 "/>
</bind>
</comp>

<comp id="380" class="1004" name="c_row_major_4_6_0_loc_fu_380">
<pin_list>
<pin id="381" dir="0" index="0" bw="1" slack="0"/>
<pin id="382" dir="1" index="1" bw="16" slack="0"/>
</pin_list>
<bind>
<opcode="alloca(26) " fcode="alloca"/>
<opset="c_row_major_4_6_0_loc/1 "/>
</bind>
</comp>

<comp id="384" class="1004" name="c_row_major_4_7_0_loc_fu_384">
<pin_list>
<pin id="385" dir="0" index="0" bw="1" slack="0"/>
<pin id="386" dir="1" index="1" bw="16" slack="0"/>
</pin_list>
<bind>
<opcode="alloca(26) " fcode="alloca"/>
<opset="c_row_major_4_7_0_loc/1 "/>
</bind>
</comp>

<comp id="388" class="1004" name="c_row_major_5_0_0_loc_fu_388">
<pin_list>
<pin id="389" dir="0" index="0" bw="1" slack="0"/>
<pin id="390" dir="1" index="1" bw="16" slack="0"/>
</pin_list>
<bind>
<opcode="alloca(26) " fcode="alloca"/>
<opset="c_row_major_5_0_0_loc/1 "/>
</bind>
</comp>

<comp id="392" class="1004" name="c_row_major_5_1_0_loc_fu_392">
<pin_list>
<pin id="393" dir="0" index="0" bw="1" slack="0"/>
<pin id="394" dir="1" index="1" bw="16" slack="0"/>
</pin_list>
<bind>
<opcode="alloca(26) " fcode="alloca"/>
<opset="c_row_major_5_1_0_loc/1 "/>
</bind>
</comp>

<comp id="396" class="1004" name="c_row_major_5_2_0_loc_fu_396">
<pin_list>
<pin id="397" dir="0" index="0" bw="1" slack="0"/>
<pin id="398" dir="1" index="1" bw="16" slack="0"/>
</pin_list>
<bind>
<opcode="alloca(26) " fcode="alloca"/>
<opset="c_row_major_5_2_0_loc/1 "/>
</bind>
</comp>

<comp id="400" class="1004" name="c_row_major_5_3_0_loc_fu_400">
<pin_list>
<pin id="401" dir="0" index="0" bw="1" slack="0"/>
<pin id="402" dir="1" index="1" bw="16" slack="0"/>
</pin_list>
<bind>
<opcode="alloca(26) " fcode="alloca"/>
<opset="c_row_major_5_3_0_loc/1 "/>
</bind>
</comp>

<comp id="404" class="1004" name="c_row_major_5_4_0_loc_fu_404">
<pin_list>
<pin id="405" dir="0" index="0" bw="1" slack="0"/>
<pin id="406" dir="1" index="1" bw="16" slack="0"/>
</pin_list>
<bind>
<opcode="alloca(26) " fcode="alloca"/>
<opset="c_row_major_5_4_0_loc/1 "/>
</bind>
</comp>

<comp id="408" class="1004" name="c_row_major_5_5_0_loc_fu_408">
<pin_list>
<pin id="409" dir="0" index="0" bw="1" slack="0"/>
<pin id="410" dir="1" index="1" bw="16" slack="0"/>
</pin_list>
<bind>
<opcode="alloca(26) " fcode="alloca"/>
<opset="c_row_major_5_5_0_loc/1 "/>
</bind>
</comp>

<comp id="412" class="1004" name="c_row_major_5_6_0_loc_fu_412">
<pin_list>
<pin id="413" dir="0" index="0" bw="1" slack="0"/>
<pin id="414" dir="1" index="1" bw="16" slack="0"/>
</pin_list>
<bind>
<opcode="alloca(26) " fcode="alloca"/>
<opset="c_row_major_5_6_0_loc/1 "/>
</bind>
</comp>

<comp id="416" class="1004" name="c_row_major_5_7_0_loc_fu_416">
<pin_list>
<pin id="417" dir="0" index="0" bw="1" slack="0"/>
<pin id="418" dir="1" index="1" bw="16" slack="0"/>
</pin_list>
<bind>
<opcode="alloca(26) " fcode="alloca"/>
<opset="c_row_major_5_7_0_loc/1 "/>
</bind>
</comp>

<comp id="420" class="1004" name="c_row_major_6_0_0_loc_fu_420">
<pin_list>
<pin id="421" dir="0" index="0" bw="1" slack="0"/>
<pin id="422" dir="1" index="1" bw="16" slack="0"/>
</pin_list>
<bind>
<opcode="alloca(26) " fcode="alloca"/>
<opset="c_row_major_6_0_0_loc/1 "/>
</bind>
</comp>

<comp id="424" class="1004" name="c_row_major_6_1_0_loc_fu_424">
<pin_list>
<pin id="425" dir="0" index="0" bw="1" slack="0"/>
<pin id="426" dir="1" index="1" bw="16" slack="0"/>
</pin_list>
<bind>
<opcode="alloca(26) " fcode="alloca"/>
<opset="c_row_major_6_1_0_loc/1 "/>
</bind>
</comp>

<comp id="428" class="1004" name="c_row_major_6_2_0_loc_fu_428">
<pin_list>
<pin id="429" dir="0" index="0" bw="1" slack="0"/>
<pin id="430" dir="1" index="1" bw="16" slack="0"/>
</pin_list>
<bind>
<opcode="alloca(26) " fcode="alloca"/>
<opset="c_row_major_6_2_0_loc/1 "/>
</bind>
</comp>

<comp id="432" class="1004" name="c_row_major_6_3_0_loc_fu_432">
<pin_list>
<pin id="433" dir="0" index="0" bw="1" slack="0"/>
<pin id="434" dir="1" index="1" bw="16" slack="0"/>
</pin_list>
<bind>
<opcode="alloca(26) " fcode="alloca"/>
<opset="c_row_major_6_3_0_loc/1 "/>
</bind>
</comp>

<comp id="436" class="1004" name="c_row_major_6_4_0_loc_fu_436">
<pin_list>
<pin id="437" dir="0" index="0" bw="1" slack="0"/>
<pin id="438" dir="1" index="1" bw="16" slack="0"/>
</pin_list>
<bind>
<opcode="alloca(26) " fcode="alloca"/>
<opset="c_row_major_6_4_0_loc/1 "/>
</bind>
</comp>

<comp id="440" class="1004" name="c_row_major_6_5_0_loc_fu_440">
<pin_list>
<pin id="441" dir="0" index="0" bw="1" slack="0"/>
<pin id="442" dir="1" index="1" bw="16" slack="0"/>
</pin_list>
<bind>
<opcode="alloca(26) " fcode="alloca"/>
<opset="c_row_major_6_5_0_loc/1 "/>
</bind>
</comp>

<comp id="444" class="1004" name="c_row_major_6_6_0_loc_fu_444">
<pin_list>
<pin id="445" dir="0" index="0" bw="1" slack="0"/>
<pin id="446" dir="1" index="1" bw="16" slack="0"/>
</pin_list>
<bind>
<opcode="alloca(26) " fcode="alloca"/>
<opset="c_row_major_6_6_0_loc/1 "/>
</bind>
</comp>

<comp id="448" class="1004" name="c_row_major_6_7_0_loc_fu_448">
<pin_list>
<pin id="449" dir="0" index="0" bw="1" slack="0"/>
<pin id="450" dir="1" index="1" bw="16" slack="0"/>
</pin_list>
<bind>
<opcode="alloca(26) " fcode="alloca"/>
<opset="c_row_major_6_7_0_loc/1 "/>
</bind>
</comp>

<comp id="452" class="1004" name="c_row_major_7_0_0_loc_fu_452">
<pin_list>
<pin id="453" dir="0" index="0" bw="1" slack="0"/>
<pin id="454" dir="1" index="1" bw="16" slack="0"/>
</pin_list>
<bind>
<opcode="alloca(26) " fcode="alloca"/>
<opset="c_row_major_7_0_0_loc/1 "/>
</bind>
</comp>

<comp id="456" class="1004" name="c_row_major_7_1_0_loc_fu_456">
<pin_list>
<pin id="457" dir="0" index="0" bw="1" slack="0"/>
<pin id="458" dir="1" index="1" bw="16" slack="0"/>
</pin_list>
<bind>
<opcode="alloca(26) " fcode="alloca"/>
<opset="c_row_major_7_1_0_loc/1 "/>
</bind>
</comp>

<comp id="460" class="1004" name="c_row_major_7_2_0_loc_fu_460">
<pin_list>
<pin id="461" dir="0" index="0" bw="1" slack="0"/>
<pin id="462" dir="1" index="1" bw="16" slack="0"/>
</pin_list>
<bind>
<opcode="alloca(26) " fcode="alloca"/>
<opset="c_row_major_7_2_0_loc/1 "/>
</bind>
</comp>

<comp id="464" class="1004" name="c_row_major_7_3_0_loc_fu_464">
<pin_list>
<pin id="465" dir="0" index="0" bw="1" slack="0"/>
<pin id="466" dir="1" index="1" bw="16" slack="0"/>
</pin_list>
<bind>
<opcode="alloca(26) " fcode="alloca"/>
<opset="c_row_major_7_3_0_loc/1 "/>
</bind>
</comp>

<comp id="468" class="1004" name="c_row_major_7_4_0_loc_fu_468">
<pin_list>
<pin id="469" dir="0" index="0" bw="1" slack="0"/>
<pin id="470" dir="1" index="1" bw="16" slack="0"/>
</pin_list>
<bind>
<opcode="alloca(26) " fcode="alloca"/>
<opset="c_row_major_7_4_0_loc/1 "/>
</bind>
</comp>

<comp id="472" class="1004" name="c_row_major_7_5_0_loc_fu_472">
<pin_list>
<pin id="473" dir="0" index="0" bw="1" slack="0"/>
<pin id="474" dir="1" index="1" bw="16" slack="0"/>
</pin_list>
<bind>
<opcode="alloca(26) " fcode="alloca"/>
<opset="c_row_major_7_5_0_loc/1 "/>
</bind>
</comp>

<comp id="476" class="1004" name="c_row_major_7_6_0_loc_fu_476">
<pin_list>
<pin id="477" dir="0" index="0" bw="1" slack="0"/>
<pin id="478" dir="1" index="1" bw="16" slack="0"/>
</pin_list>
<bind>
<opcode="alloca(26) " fcode="alloca"/>
<opset="c_row_major_7_6_0_loc/1 "/>
</bind>
</comp>

<comp id="480" class="1004" name="c_row_major_7_7_0_loc_fu_480">
<pin_list>
<pin id="481" dir="0" index="0" bw="1" slack="0"/>
<pin id="482" dir="1" index="1" bw="16" slack="0"/>
</pin_list>
<bind>
<opcode="alloca(26) " fcode="alloca"/>
<opset="c_row_major_7_7_0_loc/1 "/>
</bind>
</comp>

<comp id="484" class="1004" name="b_col_read_read_fu_484">
<pin_list>
<pin id="485" dir="0" index="0" bw="32" slack="0"/>
<pin id="486" dir="0" index="1" bw="32" slack="0"/>
<pin id="487" dir="1" index="2" bw="32" slack="0"/>
</pin_list>
<bind>
<opcode="read(1150) " fcode="read"/>
<opset="b_col_read/1 "/>
</bind>
</comp>

<comp id="490" class="1004" name="a_col_read_read_fu_490">
<pin_list>
<pin id="491" dir="0" index="0" bw="32" slack="0"/>
<pin id="492" dir="0" index="1" bw="32" slack="0"/>
<pin id="493" dir="1" index="2" bw="32" slack="0"/>
</pin_list>
<bind>
<opcode="read(1150) " fcode="read"/>
<opset="a_col_read/1 "/>
</bind>
</comp>

<comp id="496" class="1004" name="a_row_read_read_fu_496">
<pin_list>
<pin id="497" dir="0" index="0" bw="32" slack="0"/>
<pin id="498" dir="0" index="1" bw="32" slack="0"/>
<pin id="499" dir="1" index="2" bw="32" slack="0"/>
</pin_list>
<bind>
<opcode="read(1150) " fcode="read"/>
<opset="a_row_read/1 "/>
</bind>
</comp>

<comp id="502" class="1004" name="finish_k_read_read_fu_502">
<pin_list>
<pin id="503" dir="0" index="0" bw="4" slack="0"/>
<pin id="504" dir="0" index="1" bw="4" slack="0"/>
<pin id="505" dir="1" index="2" bw="4" slack="0"/>
</pin_list>
<bind>
<opcode="read(1150) " fcode="read"/>
<opset="finish_k_read/1 "/>
</bind>
</comp>

<comp id="508" class="1004" name="start_k_read_read_fu_508">
<pin_list>
<pin id="509" dir="0" index="0" bw="3" slack="0"/>
<pin id="510" dir="0" index="1" bw="3" slack="0"/>
<pin id="511" dir="1" index="2" bw="3" slack="0"/>
</pin_list>
<bind>
<opcode="read(1150) " fcode="read"/>
<opset="start_k_read/1 "/>
</bind>
</comp>

<comp id="514" class="1004" name="p_read_59_read_fu_514">
<pin_list>
<pin id="515" dir="0" index="0" bw="16" slack="0"/>
<pin id="516" dir="0" index="1" bw="16" slack="0"/>
<pin id="517" dir="1" index="2" bw="16" slack="0"/>
</pin_list>
<bind>
<opcode="read(1150) " fcode="read"/>
<opset="p_read_59/1 "/>
</bind>
</comp>

<comp id="520" class="1004" name="p_read_60_read_fu_520">
<pin_list>
<pin id="521" dir="0" index="0" bw="16" slack="0"/>
<pin id="522" dir="0" index="1" bw="16" slack="0"/>
<pin id="523" dir="1" index="2" bw="16" slack="0"/>
</pin_list>
<bind>
<opcode="read(1150) " fcode="read"/>
<opset="p_read_60/1 "/>
</bind>
</comp>

<comp id="526" class="1004" name="p_read_61_read_fu_526">
<pin_list>
<pin id="527" dir="0" index="0" bw="16" slack="0"/>
<pin id="528" dir="0" index="1" bw="16" slack="0"/>
<pin id="529" dir="1" index="2" bw="16" slack="0"/>
</pin_list>
<bind>
<opcode="read(1150) " fcode="read"/>
<opset="p_read_61/1 "/>
</bind>
</comp>

<comp id="532" class="1004" name="p_read_62_read_fu_532">
<pin_list>
<pin id="533" dir="0" index="0" bw="16" slack="0"/>
<pin id="534" dir="0" index="1" bw="16" slack="0"/>
<pin id="535" dir="1" index="2" bw="16" slack="0"/>
</pin_list>
<bind>
<opcode="read(1150) " fcode="read"/>
<opset="p_read_62/1 "/>
</bind>
</comp>

<comp id="538" class="1004" name="p_read_63_read_fu_538">
<pin_list>
<pin id="539" dir="0" index="0" bw="16" slack="0"/>
<pin id="540" dir="0" index="1" bw="16" slack="0"/>
<pin id="541" dir="1" index="2" bw="16" slack="0"/>
</pin_list>
<bind>
<opcode="read(1150) " fcode="read"/>
<opset="p_read_63/1 "/>
</bind>
</comp>

<comp id="544" class="1004" name="p_read_64_read_fu_544">
<pin_list>
<pin id="545" dir="0" index="0" bw="16" slack="0"/>
<pin id="546" dir="0" index="1" bw="16" slack="0"/>
<pin id="547" dir="1" index="2" bw="16" slack="0"/>
</pin_list>
<bind>
<opcode="read(1150) " fcode="read"/>
<opset="p_read_64/1 "/>
</bind>
</comp>

<comp id="550" class="1004" name="p_read_65_read_fu_550">
<pin_list>
<pin id="551" dir="0" index="0" bw="16" slack="0"/>
<pin id="552" dir="0" index="1" bw="16" slack="0"/>
<pin id="553" dir="1" index="2" bw="16" slack="0"/>
</pin_list>
<bind>
<opcode="read(1150) " fcode="read"/>
<opset="p_read_65/1 "/>
</bind>
</comp>

<comp id="556" class="1004" name="p_read_66_read_fu_556">
<pin_list>
<pin id="557" dir="0" index="0" bw="16" slack="0"/>
<pin id="558" dir="0" index="1" bw="16" slack="0"/>
<pin id="559" dir="1" index="2" bw="16" slack="0"/>
</pin_list>
<bind>
<opcode="read(1150) " fcode="read"/>
<opset="p_read_66/1 "/>
</bind>
</comp>

<comp id="562" class="1004" name="p_read_67_read_fu_562">
<pin_list>
<pin id="563" dir="0" index="0" bw="16" slack="0"/>
<pin id="564" dir="0" index="1" bw="16" slack="0"/>
<pin id="565" dir="1" index="2" bw="16" slack="0"/>
</pin_list>
<bind>
<opcode="read(1150) " fcode="read"/>
<opset="p_read_67/1 "/>
</bind>
</comp>

<comp id="568" class="1004" name="p_read_68_read_fu_568">
<pin_list>
<pin id="569" dir="0" index="0" bw="16" slack="0"/>
<pin id="570" dir="0" index="1" bw="16" slack="0"/>
<pin id="571" dir="1" index="2" bw="16" slack="0"/>
</pin_list>
<bind>
<opcode="read(1150) " fcode="read"/>
<opset="p_read_68/1 "/>
</bind>
</comp>

<comp id="574" class="1004" name="p_read_69_read_fu_574">
<pin_list>
<pin id="575" dir="0" index="0" bw="16" slack="0"/>
<pin id="576" dir="0" index="1" bw="16" slack="0"/>
<pin id="577" dir="1" index="2" bw="16" slack="0"/>
</pin_list>
<bind>
<opcode="read(1150) " fcode="read"/>
<opset="p_read_69/1 "/>
</bind>
</comp>

<comp id="580" class="1004" name="p_read_70_read_fu_580">
<pin_list>
<pin id="581" dir="0" index="0" bw="16" slack="0"/>
<pin id="582" dir="0" index="1" bw="16" slack="0"/>
<pin id="583" dir="1" index="2" bw="16" slack="0"/>
</pin_list>
<bind>
<opcode="read(1150) " fcode="read"/>
<opset="p_read_70/1 "/>
</bind>
</comp>

<comp id="586" class="1004" name="p_read_71_read_fu_586">
<pin_list>
<pin id="587" dir="0" index="0" bw="16" slack="0"/>
<pin id="588" dir="0" index="1" bw="16" slack="0"/>
<pin id="589" dir="1" index="2" bw="16" slack="0"/>
</pin_list>
<bind>
<opcode="read(1150) " fcode="read"/>
<opset="p_read_71/1 "/>
</bind>
</comp>

<comp id="592" class="1004" name="p_read_72_read_fu_592">
<pin_list>
<pin id="593" dir="0" index="0" bw="16" slack="0"/>
<pin id="594" dir="0" index="1" bw="16" slack="0"/>
<pin id="595" dir="1" index="2" bw="16" slack="0"/>
</pin_list>
<bind>
<opcode="read(1150) " fcode="read"/>
<opset="p_read_72/1 "/>
</bind>
</comp>

<comp id="598" class="1004" name="p_read_73_read_fu_598">
<pin_list>
<pin id="599" dir="0" index="0" bw="16" slack="0"/>
<pin id="600" dir="0" index="1" bw="16" slack="0"/>
<pin id="601" dir="1" index="2" bw="16" slack="0"/>
</pin_list>
<bind>
<opcode="read(1150) " fcode="read"/>
<opset="p_read_73/1 "/>
</bind>
</comp>

<comp id="604" class="1004" name="p_read_74_read_fu_604">
<pin_list>
<pin id="605" dir="0" index="0" bw="16" slack="0"/>
<pin id="606" dir="0" index="1" bw="16" slack="0"/>
<pin id="607" dir="1" index="2" bw="16" slack="0"/>
</pin_list>
<bind>
<opcode="read(1150) " fcode="read"/>
<opset="p_read_74/1 "/>
</bind>
</comp>

<comp id="610" class="1004" name="p_read_75_read_fu_610">
<pin_list>
<pin id="611" dir="0" index="0" bw="16" slack="0"/>
<pin id="612" dir="0" index="1" bw="16" slack="0"/>
<pin id="613" dir="1" index="2" bw="16" slack="0"/>
</pin_list>
<bind>
<opcode="read(1150) " fcode="read"/>
<opset="p_read_75/1 "/>
</bind>
</comp>

<comp id="616" class="1004" name="p_read_76_read_fu_616">
<pin_list>
<pin id="617" dir="0" index="0" bw="16" slack="0"/>
<pin id="618" dir="0" index="1" bw="16" slack="0"/>
<pin id="619" dir="1" index="2" bw="16" slack="0"/>
</pin_list>
<bind>
<opcode="read(1150) " fcode="read"/>
<opset="p_read_76/1 "/>
</bind>
</comp>

<comp id="622" class="1004" name="p_read_77_read_fu_622">
<pin_list>
<pin id="623" dir="0" index="0" bw="16" slack="0"/>
<pin id="624" dir="0" index="1" bw="16" slack="0"/>
<pin id="625" dir="1" index="2" bw="16" slack="0"/>
</pin_list>
<bind>
<opcode="read(1150) " fcode="read"/>
<opset="p_read_77/1 "/>
</bind>
</comp>

<comp id="628" class="1004" name="p_read_78_read_fu_628">
<pin_list>
<pin id="629" dir="0" index="0" bw="16" slack="0"/>
<pin id="630" dir="0" index="1" bw="16" slack="0"/>
<pin id="631" dir="1" index="2" bw="16" slack="0"/>
</pin_list>
<bind>
<opcode="read(1150) " fcode="read"/>
<opset="p_read_78/1 "/>
</bind>
</comp>

<comp id="634" class="1004" name="p_read_79_read_fu_634">
<pin_list>
<pin id="635" dir="0" index="0" bw="16" slack="0"/>
<pin id="636" dir="0" index="1" bw="16" slack="0"/>
<pin id="637" dir="1" index="2" bw="16" slack="0"/>
</pin_list>
<bind>
<opcode="read(1150) " fcode="read"/>
<opset="p_read_79/1 "/>
</bind>
</comp>

<comp id="640" class="1004" name="p_read_80_read_fu_640">
<pin_list>
<pin id="641" dir="0" index="0" bw="16" slack="0"/>
<pin id="642" dir="0" index="1" bw="16" slack="0"/>
<pin id="643" dir="1" index="2" bw="16" slack="0"/>
</pin_list>
<bind>
<opcode="read(1150) " fcode="read"/>
<opset="p_read_80/1 "/>
</bind>
</comp>

<comp id="646" class="1004" name="p_read_81_read_fu_646">
<pin_list>
<pin id="647" dir="0" index="0" bw="16" slack="0"/>
<pin id="648" dir="0" index="1" bw="16" slack="0"/>
<pin id="649" dir="1" index="2" bw="16" slack="0"/>
</pin_list>
<bind>
<opcode="read(1150) " fcode="read"/>
<opset="p_read_81/1 "/>
</bind>
</comp>

<comp id="652" class="1004" name="p_read_82_read_fu_652">
<pin_list>
<pin id="653" dir="0" index="0" bw="16" slack="0"/>
<pin id="654" dir="0" index="1" bw="16" slack="0"/>
<pin id="655" dir="1" index="2" bw="16" slack="0"/>
</pin_list>
<bind>
<opcode="read(1150) " fcode="read"/>
<opset="p_read_82/1 "/>
</bind>
</comp>

<comp id="658" class="1004" name="p_read_83_read_fu_658">
<pin_list>
<pin id="659" dir="0" index="0" bw="16" slack="0"/>
<pin id="660" dir="0" index="1" bw="16" slack="0"/>
<pin id="661" dir="1" index="2" bw="16" slack="0"/>
</pin_list>
<bind>
<opcode="read(1150) " fcode="read"/>
<opset="p_read_83/1 "/>
</bind>
</comp>

<comp id="664" class="1004" name="p_read_84_read_fu_664">
<pin_list>
<pin id="665" dir="0" index="0" bw="16" slack="0"/>
<pin id="666" dir="0" index="1" bw="16" slack="0"/>
<pin id="667" dir="1" index="2" bw="16" slack="0"/>
</pin_list>
<bind>
<opcode="read(1150) " fcode="read"/>
<opset="p_read_84/1 "/>
</bind>
</comp>

<comp id="670" class="1004" name="p_read_85_read_fu_670">
<pin_list>
<pin id="671" dir="0" index="0" bw="16" slack="0"/>
<pin id="672" dir="0" index="1" bw="16" slack="0"/>
<pin id="673" dir="1" index="2" bw="16" slack="0"/>
</pin_list>
<bind>
<opcode="read(1150) " fcode="read"/>
<opset="p_read_85/1 "/>
</bind>
</comp>

<comp id="676" class="1004" name="p_read_86_read_fu_676">
<pin_list>
<pin id="677" dir="0" index="0" bw="16" slack="0"/>
<pin id="678" dir="0" index="1" bw="16" slack="0"/>
<pin id="679" dir="1" index="2" bw="16" slack="0"/>
</pin_list>
<bind>
<opcode="read(1150) " fcode="read"/>
<opset="p_read_86/1 "/>
</bind>
</comp>

<comp id="682" class="1004" name="p_read_87_read_fu_682">
<pin_list>
<pin id="683" dir="0" index="0" bw="16" slack="0"/>
<pin id="684" dir="0" index="1" bw="16" slack="0"/>
<pin id="685" dir="1" index="2" bw="16" slack="0"/>
</pin_list>
<bind>
<opcode="read(1150) " fcode="read"/>
<opset="p_read_87/1 "/>
</bind>
</comp>

<comp id="688" class="1004" name="p_read_88_read_fu_688">
<pin_list>
<pin id="689" dir="0" index="0" bw="16" slack="0"/>
<pin id="690" dir="0" index="1" bw="16" slack="0"/>
<pin id="691" dir="1" index="2" bw="16" slack="0"/>
</pin_list>
<bind>
<opcode="read(1150) " fcode="read"/>
<opset="p_read_88/1 "/>
</bind>
</comp>

<comp id="694" class="1004" name="p_read_89_read_fu_694">
<pin_list>
<pin id="695" dir="0" index="0" bw="16" slack="0"/>
<pin id="696" dir="0" index="1" bw="16" slack="0"/>
<pin id="697" dir="1" index="2" bw="16" slack="0"/>
</pin_list>
<bind>
<opcode="read(1150) " fcode="read"/>
<opset="p_read_89/1 "/>
</bind>
</comp>

<comp id="700" class="1004" name="p_read_90_read_fu_700">
<pin_list>
<pin id="701" dir="0" index="0" bw="16" slack="0"/>
<pin id="702" dir="0" index="1" bw="16" slack="0"/>
<pin id="703" dir="1" index="2" bw="16" slack="0"/>
</pin_list>
<bind>
<opcode="read(1150) " fcode="read"/>
<opset="p_read_90/1 "/>
</bind>
</comp>

<comp id="706" class="1004" name="p_read_91_read_fu_706">
<pin_list>
<pin id="707" dir="0" index="0" bw="16" slack="0"/>
<pin id="708" dir="0" index="1" bw="16" slack="0"/>
<pin id="709" dir="1" index="2" bw="16" slack="0"/>
</pin_list>
<bind>
<opcode="read(1150) " fcode="read"/>
<opset="p_read_91/1 "/>
</bind>
</comp>

<comp id="712" class="1004" name="p_read_92_read_fu_712">
<pin_list>
<pin id="713" dir="0" index="0" bw="16" slack="0"/>
<pin id="714" dir="0" index="1" bw="16" slack="0"/>
<pin id="715" dir="1" index="2" bw="16" slack="0"/>
</pin_list>
<bind>
<opcode="read(1150) " fcode="read"/>
<opset="p_read_92/1 "/>
</bind>
</comp>

<comp id="718" class="1004" name="p_read_93_read_fu_718">
<pin_list>
<pin id="719" dir="0" index="0" bw="16" slack="0"/>
<pin id="720" dir="0" index="1" bw="16" slack="0"/>
<pin id="721" dir="1" index="2" bw="16" slack="0"/>
</pin_list>
<bind>
<opcode="read(1150) " fcode="read"/>
<opset="p_read_93/1 "/>
</bind>
</comp>

<comp id="724" class="1004" name="p_read_94_read_fu_724">
<pin_list>
<pin id="725" dir="0" index="0" bw="16" slack="0"/>
<pin id="726" dir="0" index="1" bw="16" slack="0"/>
<pin id="727" dir="1" index="2" bw="16" slack="0"/>
</pin_list>
<bind>
<opcode="read(1150) " fcode="read"/>
<opset="p_read_94/1 "/>
</bind>
</comp>

<comp id="730" class="1004" name="p_read_95_read_fu_730">
<pin_list>
<pin id="731" dir="0" index="0" bw="16" slack="0"/>
<pin id="732" dir="0" index="1" bw="16" slack="0"/>
<pin id="733" dir="1" index="2" bw="16" slack="0"/>
</pin_list>
<bind>
<opcode="read(1150) " fcode="read"/>
<opset="p_read_95/1 "/>
</bind>
</comp>

<comp id="736" class="1004" name="p_read_96_read_fu_736">
<pin_list>
<pin id="737" dir="0" index="0" bw="16" slack="0"/>
<pin id="738" dir="0" index="1" bw="16" slack="0"/>
<pin id="739" dir="1" index="2" bw="16" slack="0"/>
</pin_list>
<bind>
<opcode="read(1150) " fcode="read"/>
<opset="p_read_96/1 "/>
</bind>
</comp>

<comp id="742" class="1004" name="p_read_97_read_fu_742">
<pin_list>
<pin id="743" dir="0" index="0" bw="16" slack="0"/>
<pin id="744" dir="0" index="1" bw="16" slack="0"/>
<pin id="745" dir="1" index="2" bw="16" slack="0"/>
</pin_list>
<bind>
<opcode="read(1150) " fcode="read"/>
<opset="p_read_97/1 "/>
</bind>
</comp>

<comp id="748" class="1004" name="p_read_98_read_fu_748">
<pin_list>
<pin id="749" dir="0" index="0" bw="16" slack="0"/>
<pin id="750" dir="0" index="1" bw="16" slack="0"/>
<pin id="751" dir="1" index="2" bw="16" slack="0"/>
</pin_list>
<bind>
<opcode="read(1150) " fcode="read"/>
<opset="p_read_98/1 "/>
</bind>
</comp>

<comp id="754" class="1004" name="p_read_99_read_fu_754">
<pin_list>
<pin id="755" dir="0" index="0" bw="16" slack="0"/>
<pin id="756" dir="0" index="1" bw="16" slack="0"/>
<pin id="757" dir="1" index="2" bw="16" slack="0"/>
</pin_list>
<bind>
<opcode="read(1150) " fcode="read"/>
<opset="p_read_99/1 "/>
</bind>
</comp>

<comp id="760" class="1004" name="p_read_100_read_fu_760">
<pin_list>
<pin id="761" dir="0" index="0" bw="16" slack="0"/>
<pin id="762" dir="0" index="1" bw="16" slack="0"/>
<pin id="763" dir="1" index="2" bw="16" slack="0"/>
</pin_list>
<bind>
<opcode="read(1150) " fcode="read"/>
<opset="p_read_100/1 "/>
</bind>
</comp>

<comp id="766" class="1004" name="p_read_101_read_fu_766">
<pin_list>
<pin id="767" dir="0" index="0" bw="16" slack="0"/>
<pin id="768" dir="0" index="1" bw="16" slack="0"/>
<pin id="769" dir="1" index="2" bw="16" slack="0"/>
</pin_list>
<bind>
<opcode="read(1150) " fcode="read"/>
<opset="p_read_101/1 "/>
</bind>
</comp>

<comp id="772" class="1004" name="p_read2084_read_fu_772">
<pin_list>
<pin id="773" dir="0" index="0" bw="16" slack="0"/>
<pin id="774" dir="0" index="1" bw="16" slack="0"/>
<pin id="775" dir="1" index="2" bw="16" slack="0"/>
</pin_list>
<bind>
<opcode="read(1150) " fcode="read"/>
<opset="p_read2084/1 "/>
</bind>
</comp>

<comp id="778" class="1004" name="p_read_102_read_fu_778">
<pin_list>
<pin id="779" dir="0" index="0" bw="16" slack="0"/>
<pin id="780" dir="0" index="1" bw="16" slack="0"/>
<pin id="781" dir="1" index="2" bw="16" slack="0"/>
</pin_list>
<bind>
<opcode="read(1150) " fcode="read"/>
<opset="p_read_102/1 "/>
</bind>
</comp>

<comp id="784" class="1004" name="p_read_103_read_fu_784">
<pin_list>
<pin id="785" dir="0" index="0" bw="16" slack="0"/>
<pin id="786" dir="0" index="1" bw="16" slack="0"/>
<pin id="787" dir="1" index="2" bw="16" slack="0"/>
</pin_list>
<bind>
<opcode="read(1150) " fcode="read"/>
<opset="p_read_103/1 "/>
</bind>
</comp>

<comp id="790" class="1004" name="p_read_104_read_fu_790">
<pin_list>
<pin id="791" dir="0" index="0" bw="16" slack="0"/>
<pin id="792" dir="0" index="1" bw="16" slack="0"/>
<pin id="793" dir="1" index="2" bw="16" slack="0"/>
</pin_list>
<bind>
<opcode="read(1150) " fcode="read"/>
<opset="p_read_104/1 "/>
</bind>
</comp>

<comp id="796" class="1004" name="p_read_105_read_fu_796">
<pin_list>
<pin id="797" dir="0" index="0" bw="16" slack="0"/>
<pin id="798" dir="0" index="1" bw="16" slack="0"/>
<pin id="799" dir="1" index="2" bw="16" slack="0"/>
</pin_list>
<bind>
<opcode="read(1150) " fcode="read"/>
<opset="p_read_105/1 "/>
</bind>
</comp>

<comp id="802" class="1004" name="p_read_106_read_fu_802">
<pin_list>
<pin id="803" dir="0" index="0" bw="16" slack="0"/>
<pin id="804" dir="0" index="1" bw="16" slack="0"/>
<pin id="805" dir="1" index="2" bw="16" slack="0"/>
</pin_list>
<bind>
<opcode="read(1150) " fcode="read"/>
<opset="p_read_106/1 "/>
</bind>
</comp>

<comp id="808" class="1004" name="p_read_107_read_fu_808">
<pin_list>
<pin id="809" dir="0" index="0" bw="16" slack="0"/>
<pin id="810" dir="0" index="1" bw="16" slack="0"/>
<pin id="811" dir="1" index="2" bw="16" slack="0"/>
</pin_list>
<bind>
<opcode="read(1150) " fcode="read"/>
<opset="p_read_107/1 "/>
</bind>
</comp>

<comp id="814" class="1004" name="p_read_108_read_fu_814">
<pin_list>
<pin id="815" dir="0" index="0" bw="16" slack="0"/>
<pin id="816" dir="0" index="1" bw="16" slack="0"/>
<pin id="817" dir="1" index="2" bw="16" slack="0"/>
</pin_list>
<bind>
<opcode="read(1150) " fcode="read"/>
<opset="p_read_108/1 "/>
</bind>
</comp>

<comp id="820" class="1004" name="p_read_109_read_fu_820">
<pin_list>
<pin id="821" dir="0" index="0" bw="16" slack="0"/>
<pin id="822" dir="0" index="1" bw="16" slack="0"/>
<pin id="823" dir="1" index="2" bw="16" slack="0"/>
</pin_list>
<bind>
<opcode="read(1150) " fcode="read"/>
<opset="p_read_109/1 "/>
</bind>
</comp>

<comp id="826" class="1004" name="p_read_110_read_fu_826">
<pin_list>
<pin id="827" dir="0" index="0" bw="16" slack="0"/>
<pin id="828" dir="0" index="1" bw="16" slack="0"/>
<pin id="829" dir="1" index="2" bw="16" slack="0"/>
</pin_list>
<bind>
<opcode="read(1150) " fcode="read"/>
<opset="p_read_110/1 "/>
</bind>
</comp>

<comp id="832" class="1004" name="p_read1074_read_fu_832">
<pin_list>
<pin id="833" dir="0" index="0" bw="16" slack="0"/>
<pin id="834" dir="0" index="1" bw="16" slack="0"/>
<pin id="835" dir="1" index="2" bw="16" slack="0"/>
</pin_list>
<bind>
<opcode="read(1150) " fcode="read"/>
<opset="p_read1074/1 "/>
</bind>
</comp>

<comp id="838" class="1004" name="p_read973_read_fu_838">
<pin_list>
<pin id="839" dir="0" index="0" bw="16" slack="0"/>
<pin id="840" dir="0" index="1" bw="16" slack="0"/>
<pin id="841" dir="1" index="2" bw="16" slack="0"/>
</pin_list>
<bind>
<opcode="read(1150) " fcode="read"/>
<opset="p_read973/1 "/>
</bind>
</comp>

<comp id="844" class="1004" name="p_read872_read_fu_844">
<pin_list>
<pin id="845" dir="0" index="0" bw="16" slack="0"/>
<pin id="846" dir="0" index="1" bw="16" slack="0"/>
<pin id="847" dir="1" index="2" bw="16" slack="0"/>
</pin_list>
<bind>
<opcode="read(1150) " fcode="read"/>
<opset="p_read872/1 "/>
</bind>
</comp>

<comp id="850" class="1004" name="p_read771_read_fu_850">
<pin_list>
<pin id="851" dir="0" index="0" bw="16" slack="0"/>
<pin id="852" dir="0" index="1" bw="16" slack="0"/>
<pin id="853" dir="1" index="2" bw="16" slack="0"/>
</pin_list>
<bind>
<opcode="read(1150) " fcode="read"/>
<opset="p_read771/1 "/>
</bind>
</comp>

<comp id="856" class="1004" name="p_read670_read_fu_856">
<pin_list>
<pin id="857" dir="0" index="0" bw="16" slack="0"/>
<pin id="858" dir="0" index="1" bw="16" slack="0"/>
<pin id="859" dir="1" index="2" bw="16" slack="0"/>
</pin_list>
<bind>
<opcode="read(1150) " fcode="read"/>
<opset="p_read670/1 "/>
</bind>
</comp>

<comp id="862" class="1004" name="p_read569_read_fu_862">
<pin_list>
<pin id="863" dir="0" index="0" bw="16" slack="0"/>
<pin id="864" dir="0" index="1" bw="16" slack="0"/>
<pin id="865" dir="1" index="2" bw="16" slack="0"/>
</pin_list>
<bind>
<opcode="read(1150) " fcode="read"/>
<opset="p_read569/1 "/>
</bind>
</comp>

<comp id="868" class="1004" name="p_read468_read_fu_868">
<pin_list>
<pin id="869" dir="0" index="0" bw="16" slack="0"/>
<pin id="870" dir="0" index="1" bw="16" slack="0"/>
<pin id="871" dir="1" index="2" bw="16" slack="0"/>
</pin_list>
<bind>
<opcode="read(1150) " fcode="read"/>
<opset="p_read468/1 "/>
</bind>
</comp>

<comp id="874" class="1004" name="p_read367_read_fu_874">
<pin_list>
<pin id="875" dir="0" index="0" bw="16" slack="0"/>
<pin id="876" dir="0" index="1" bw="16" slack="0"/>
<pin id="877" dir="1" index="2" bw="16" slack="0"/>
</pin_list>
<bind>
<opcode="read(1150) " fcode="read"/>
<opset="p_read367/1 "/>
</bind>
</comp>

<comp id="880" class="1004" name="p_read266_read_fu_880">
<pin_list>
<pin id="881" dir="0" index="0" bw="16" slack="0"/>
<pin id="882" dir="0" index="1" bw="16" slack="0"/>
<pin id="883" dir="1" index="2" bw="16" slack="0"/>
</pin_list>
<bind>
<opcode="read(1150) " fcode="read"/>
<opset="p_read266/1 "/>
</bind>
</comp>

<comp id="886" class="1004" name="p_read165_read_fu_886">
<pin_list>
<pin id="887" dir="0" index="0" bw="16" slack="0"/>
<pin id="888" dir="0" index="1" bw="16" slack="0"/>
<pin id="889" dir="1" index="2" bw="16" slack="0"/>
</pin_list>
<bind>
<opcode="read(1150) " fcode="read"/>
<opset="p_read165/1 "/>
</bind>
</comp>

<comp id="892" class="1004" name="p_read64_read_fu_892">
<pin_list>
<pin id="893" dir="0" index="0" bw="16" slack="0"/>
<pin id="894" dir="0" index="1" bw="16" slack="0"/>
<pin id="895" dir="1" index="2" bw="16" slack="0"/>
</pin_list>
<bind>
<opcode="read(1150) " fcode="read"/>
<opset="p_read64/1 "/>
</bind>
</comp>

<comp id="898" class="1005" name="phi_ln105_reg_898">
<pin_list>
<pin id="899" dir="0" index="0" bw="16" slack="2147483647"/>
<pin id="900" dir="1" index="1" bw="16" slack="2147483647"/>
</pin_list>
<bind>
<opset="phi_ln105 (phireg) "/>
</bind>
</comp>

<comp id="901" class="1004" name="phi_ln105_phi_fu_901">
<pin_list>
<pin id="902" dir="0" index="0" bw="16" slack="0"/>
<pin id="903" dir="0" index="1" bw="0" slack="2147483647"/>
<pin id="904" dir="0" index="2" bw="16" slack="2"/>
<pin id="905" dir="0" index="3" bw="0" slack="2147483647"/>
<pin id="906" dir="1" index="4" bw="16" slack="0"/>
</pin_list>
<bind>
<opcode="phi(47) " fcode="phi"/>
<opset="phi_ln105/3 "/>
</bind>
</comp>

<comp id="907" class="1005" name="phi_ln105_1_reg_907">
<pin_list>
<pin id="908" dir="0" index="0" bw="16" slack="2147483647"/>
<pin id="909" dir="1" index="1" bw="16" slack="2147483647"/>
</pin_list>
<bind>
<opset="phi_ln105_1 (phireg) "/>
</bind>
</comp>

<comp id="910" class="1004" name="phi_ln105_1_phi_fu_910">
<pin_list>
<pin id="911" dir="0" index="0" bw="16" slack="0"/>
<pin id="912" dir="0" index="1" bw="0" slack="2147483647"/>
<pin id="913" dir="0" index="2" bw="16" slack="2"/>
<pin id="914" dir="0" index="3" bw="0" slack="2147483647"/>
<pin id="915" dir="1" index="4" bw="16" slack="0"/>
</pin_list>
<bind>
<opcode="phi(47) " fcode="phi"/>
<opset="phi_ln105_1/3 "/>
</bind>
</comp>

<comp id="916" class="1005" name="phi_ln105_2_reg_916">
<pin_list>
<pin id="917" dir="0" index="0" bw="16" slack="2147483647"/>
<pin id="918" dir="1" index="1" bw="16" slack="2147483647"/>
</pin_list>
<bind>
<opset="phi_ln105_2 (phireg) "/>
</bind>
</comp>

<comp id="919" class="1004" name="phi_ln105_2_phi_fu_919">
<pin_list>
<pin id="920" dir="0" index="0" bw="16" slack="0"/>
<pin id="921" dir="0" index="1" bw="0" slack="2147483647"/>
<pin id="922" dir="0" index="2" bw="16" slack="2"/>
<pin id="923" dir="0" index="3" bw="0" slack="2147483647"/>
<pin id="924" dir="1" index="4" bw="16" slack="0"/>
</pin_list>
<bind>
<opcode="phi(47) " fcode="phi"/>
<opset="phi_ln105_2/3 "/>
</bind>
</comp>

<comp id="925" class="1005" name="phi_ln105_3_reg_925">
<pin_list>
<pin id="926" dir="0" index="0" bw="16" slack="2147483647"/>
<pin id="927" dir="1" index="1" bw="16" slack="2147483647"/>
</pin_list>
<bind>
<opset="phi_ln105_3 (phireg) "/>
</bind>
</comp>

<comp id="928" class="1004" name="phi_ln105_3_phi_fu_928">
<pin_list>
<pin id="929" dir="0" index="0" bw="16" slack="0"/>
<pin id="930" dir="0" index="1" bw="0" slack="2147483647"/>
<pin id="931" dir="0" index="2" bw="16" slack="2"/>
<pin id="932" dir="0" index="3" bw="0" slack="2147483647"/>
<pin id="933" dir="1" index="4" bw="16" slack="0"/>
</pin_list>
<bind>
<opcode="phi(47) " fcode="phi"/>
<opset="phi_ln105_3/3 "/>
</bind>
</comp>

<comp id="934" class="1005" name="phi_ln105_4_reg_934">
<pin_list>
<pin id="935" dir="0" index="0" bw="16" slack="2147483647"/>
<pin id="936" dir="1" index="1" bw="16" slack="2147483647"/>
</pin_list>
<bind>
<opset="phi_ln105_4 (phireg) "/>
</bind>
</comp>

<comp id="937" class="1004" name="phi_ln105_4_phi_fu_937">
<pin_list>
<pin id="938" dir="0" index="0" bw="16" slack="0"/>
<pin id="939" dir="0" index="1" bw="0" slack="2147483647"/>
<pin id="940" dir="0" index="2" bw="16" slack="2"/>
<pin id="941" dir="0" index="3" bw="0" slack="2147483647"/>
<pin id="942" dir="1" index="4" bw="16" slack="0"/>
</pin_list>
<bind>
<opcode="phi(47) " fcode="phi"/>
<opset="phi_ln105_4/3 "/>
</bind>
</comp>

<comp id="943" class="1005" name="phi_ln105_5_reg_943">
<pin_list>
<pin id="944" dir="0" index="0" bw="16" slack="2147483647"/>
<pin id="945" dir="1" index="1" bw="16" slack="2147483647"/>
</pin_list>
<bind>
<opset="phi_ln105_5 (phireg) "/>
</bind>
</comp>

<comp id="946" class="1004" name="phi_ln105_5_phi_fu_946">
<pin_list>
<pin id="947" dir="0" index="0" bw="16" slack="0"/>
<pin id="948" dir="0" index="1" bw="0" slack="2147483647"/>
<pin id="949" dir="0" index="2" bw="16" slack="2"/>
<pin id="950" dir="0" index="3" bw="0" slack="2147483647"/>
<pin id="951" dir="1" index="4" bw="16" slack="0"/>
</pin_list>
<bind>
<opcode="phi(47) " fcode="phi"/>
<opset="phi_ln105_5/3 "/>
</bind>
</comp>

<comp id="952" class="1005" name="phi_ln105_6_reg_952">
<pin_list>
<pin id="953" dir="0" index="0" bw="16" slack="2147483647"/>
<pin id="954" dir="1" index="1" bw="16" slack="2147483647"/>
</pin_list>
<bind>
<opset="phi_ln105_6 (phireg) "/>
</bind>
</comp>

<comp id="955" class="1004" name="phi_ln105_6_phi_fu_955">
<pin_list>
<pin id="956" dir="0" index="0" bw="16" slack="0"/>
<pin id="957" dir="0" index="1" bw="0" slack="2147483647"/>
<pin id="958" dir="0" index="2" bw="16" slack="2"/>
<pin id="959" dir="0" index="3" bw="0" slack="2147483647"/>
<pin id="960" dir="1" index="4" bw="16" slack="0"/>
</pin_list>
<bind>
<opcode="phi(47) " fcode="phi"/>
<opset="phi_ln105_6/3 "/>
</bind>
</comp>

<comp id="961" class="1005" name="phi_ln105_7_reg_961">
<pin_list>
<pin id="962" dir="0" index="0" bw="16" slack="2147483647"/>
<pin id="963" dir="1" index="1" bw="16" slack="2147483647"/>
</pin_list>
<bind>
<opset="phi_ln105_7 (phireg) "/>
</bind>
</comp>

<comp id="964" class="1004" name="phi_ln105_7_phi_fu_964">
<pin_list>
<pin id="965" dir="0" index="0" bw="16" slack="0"/>
<pin id="966" dir="0" index="1" bw="0" slack="2147483647"/>
<pin id="967" dir="0" index="2" bw="16" slack="2"/>
<pin id="968" dir="0" index="3" bw="0" slack="2147483647"/>
<pin id="969" dir="1" index="4" bw="16" slack="0"/>
</pin_list>
<bind>
<opcode="phi(47) " fcode="phi"/>
<opset="phi_ln105_7/3 "/>
</bind>
</comp>

<comp id="970" class="1005" name="phi_ln105_8_reg_970">
<pin_list>
<pin id="971" dir="0" index="0" bw="16" slack="2147483647"/>
<pin id="972" dir="1" index="1" bw="16" slack="2147483647"/>
</pin_list>
<bind>
<opset="phi_ln105_8 (phireg) "/>
</bind>
</comp>

<comp id="973" class="1004" name="phi_ln105_8_phi_fu_973">
<pin_list>
<pin id="974" dir="0" index="0" bw="16" slack="0"/>
<pin id="975" dir="0" index="1" bw="0" slack="2147483647"/>
<pin id="976" dir="0" index="2" bw="16" slack="2"/>
<pin id="977" dir="0" index="3" bw="0" slack="2147483647"/>
<pin id="978" dir="1" index="4" bw="16" slack="0"/>
</pin_list>
<bind>
<opcode="phi(47) " fcode="phi"/>
<opset="phi_ln105_8/3 "/>
</bind>
</comp>

<comp id="979" class="1005" name="phi_ln105_9_reg_979">
<pin_list>
<pin id="980" dir="0" index="0" bw="16" slack="2147483647"/>
<pin id="981" dir="1" index="1" bw="16" slack="2147483647"/>
</pin_list>
<bind>
<opset="phi_ln105_9 (phireg) "/>
</bind>
</comp>

<comp id="982" class="1004" name="phi_ln105_9_phi_fu_982">
<pin_list>
<pin id="983" dir="0" index="0" bw="16" slack="0"/>
<pin id="984" dir="0" index="1" bw="0" slack="2147483647"/>
<pin id="985" dir="0" index="2" bw="16" slack="2"/>
<pin id="986" dir="0" index="3" bw="0" slack="2147483647"/>
<pin id="987" dir="1" index="4" bw="16" slack="0"/>
</pin_list>
<bind>
<opcode="phi(47) " fcode="phi"/>
<opset="phi_ln105_9/3 "/>
</bind>
</comp>

<comp id="988" class="1005" name="phi_ln105_10_reg_988">
<pin_list>
<pin id="989" dir="0" index="0" bw="16" slack="2147483647"/>
<pin id="990" dir="1" index="1" bw="16" slack="2147483647"/>
</pin_list>
<bind>
<opset="phi_ln105_10 (phireg) "/>
</bind>
</comp>

<comp id="991" class="1004" name="phi_ln105_10_phi_fu_991">
<pin_list>
<pin id="992" dir="0" index="0" bw="16" slack="0"/>
<pin id="993" dir="0" index="1" bw="0" slack="2147483647"/>
<pin id="994" dir="0" index="2" bw="16" slack="2"/>
<pin id="995" dir="0" index="3" bw="0" slack="2147483647"/>
<pin id="996" dir="1" index="4" bw="16" slack="0"/>
</pin_list>
<bind>
<opcode="phi(47) " fcode="phi"/>
<opset="phi_ln105_10/3 "/>
</bind>
</comp>

<comp id="997" class="1005" name="phi_ln105_11_reg_997">
<pin_list>
<pin id="998" dir="0" index="0" bw="16" slack="2147483647"/>
<pin id="999" dir="1" index="1" bw="16" slack="2147483647"/>
</pin_list>
<bind>
<opset="phi_ln105_11 (phireg) "/>
</bind>
</comp>

<comp id="1000" class="1004" name="phi_ln105_11_phi_fu_1000">
<pin_list>
<pin id="1001" dir="0" index="0" bw="16" slack="0"/>
<pin id="1002" dir="0" index="1" bw="0" slack="2147483647"/>
<pin id="1003" dir="0" index="2" bw="16" slack="2"/>
<pin id="1004" dir="0" index="3" bw="0" slack="2147483647"/>
<pin id="1005" dir="1" index="4" bw="16" slack="0"/>
</pin_list>
<bind>
<opcode="phi(47) " fcode="phi"/>
<opset="phi_ln105_11/3 "/>
</bind>
</comp>

<comp id="1006" class="1005" name="phi_ln105_12_reg_1006">
<pin_list>
<pin id="1007" dir="0" index="0" bw="16" slack="2147483647"/>
<pin id="1008" dir="1" index="1" bw="16" slack="2147483647"/>
</pin_list>
<bind>
<opset="phi_ln105_12 (phireg) "/>
</bind>
</comp>

<comp id="1009" class="1004" name="phi_ln105_12_phi_fu_1009">
<pin_list>
<pin id="1010" dir="0" index="0" bw="16" slack="0"/>
<pin id="1011" dir="0" index="1" bw="0" slack="2147483647"/>
<pin id="1012" dir="0" index="2" bw="16" slack="2"/>
<pin id="1013" dir="0" index="3" bw="0" slack="2147483647"/>
<pin id="1014" dir="1" index="4" bw="16" slack="0"/>
</pin_list>
<bind>
<opcode="phi(47) " fcode="phi"/>
<opset="phi_ln105_12/3 "/>
</bind>
</comp>

<comp id="1015" class="1005" name="phi_ln105_13_reg_1015">
<pin_list>
<pin id="1016" dir="0" index="0" bw="16" slack="2147483647"/>
<pin id="1017" dir="1" index="1" bw="16" slack="2147483647"/>
</pin_list>
<bind>
<opset="phi_ln105_13 (phireg) "/>
</bind>
</comp>

<comp id="1018" class="1004" name="phi_ln105_13_phi_fu_1018">
<pin_list>
<pin id="1019" dir="0" index="0" bw="16" slack="0"/>
<pin id="1020" dir="0" index="1" bw="0" slack="2147483647"/>
<pin id="1021" dir="0" index="2" bw="16" slack="2"/>
<pin id="1022" dir="0" index="3" bw="0" slack="2147483647"/>
<pin id="1023" dir="1" index="4" bw="16" slack="0"/>
</pin_list>
<bind>
<opcode="phi(47) " fcode="phi"/>
<opset="phi_ln105_13/3 "/>
</bind>
</comp>

<comp id="1024" class="1005" name="phi_ln105_14_reg_1024">
<pin_list>
<pin id="1025" dir="0" index="0" bw="16" slack="2147483647"/>
<pin id="1026" dir="1" index="1" bw="16" slack="2147483647"/>
</pin_list>
<bind>
<opset="phi_ln105_14 (phireg) "/>
</bind>
</comp>

<comp id="1027" class="1004" name="phi_ln105_14_phi_fu_1027">
<pin_list>
<pin id="1028" dir="0" index="0" bw="16" slack="0"/>
<pin id="1029" dir="0" index="1" bw="0" slack="2147483647"/>
<pin id="1030" dir="0" index="2" bw="16" slack="2"/>
<pin id="1031" dir="0" index="3" bw="0" slack="2147483647"/>
<pin id="1032" dir="1" index="4" bw="16" slack="0"/>
</pin_list>
<bind>
<opcode="phi(47) " fcode="phi"/>
<opset="phi_ln105_14/3 "/>
</bind>
</comp>

<comp id="1033" class="1005" name="phi_ln105_15_reg_1033">
<pin_list>
<pin id="1034" dir="0" index="0" bw="16" slack="2147483647"/>
<pin id="1035" dir="1" index="1" bw="16" slack="2147483647"/>
</pin_list>
<bind>
<opset="phi_ln105_15 (phireg) "/>
</bind>
</comp>

<comp id="1036" class="1004" name="phi_ln105_15_phi_fu_1036">
<pin_list>
<pin id="1037" dir="0" index="0" bw="16" slack="0"/>
<pin id="1038" dir="0" index="1" bw="0" slack="2147483647"/>
<pin id="1039" dir="0" index="2" bw="16" slack="2"/>
<pin id="1040" dir="0" index="3" bw="0" slack="2147483647"/>
<pin id="1041" dir="1" index="4" bw="16" slack="0"/>
</pin_list>
<bind>
<opcode="phi(47) " fcode="phi"/>
<opset="phi_ln105_15/3 "/>
</bind>
</comp>

<comp id="1042" class="1005" name="phi_ln105_16_reg_1042">
<pin_list>
<pin id="1043" dir="0" index="0" bw="16" slack="2147483647"/>
<pin id="1044" dir="1" index="1" bw="16" slack="2147483647"/>
</pin_list>
<bind>
<opset="phi_ln105_16 (phireg) "/>
</bind>
</comp>

<comp id="1045" class="1004" name="phi_ln105_16_phi_fu_1045">
<pin_list>
<pin id="1046" dir="0" index="0" bw="16" slack="0"/>
<pin id="1047" dir="0" index="1" bw="0" slack="2147483647"/>
<pin id="1048" dir="0" index="2" bw="16" slack="2"/>
<pin id="1049" dir="0" index="3" bw="0" slack="2147483647"/>
<pin id="1050" dir="1" index="4" bw="16" slack="0"/>
</pin_list>
<bind>
<opcode="phi(47) " fcode="phi"/>
<opset="phi_ln105_16/3 "/>
</bind>
</comp>

<comp id="1051" class="1005" name="phi_ln105_17_reg_1051">
<pin_list>
<pin id="1052" dir="0" index="0" bw="16" slack="2147483647"/>
<pin id="1053" dir="1" index="1" bw="16" slack="2147483647"/>
</pin_list>
<bind>
<opset="phi_ln105_17 (phireg) "/>
</bind>
</comp>

<comp id="1054" class="1004" name="phi_ln105_17_phi_fu_1054">
<pin_list>
<pin id="1055" dir="0" index="0" bw="16" slack="0"/>
<pin id="1056" dir="0" index="1" bw="0" slack="2147483647"/>
<pin id="1057" dir="0" index="2" bw="16" slack="2"/>
<pin id="1058" dir="0" index="3" bw="0" slack="2147483647"/>
<pin id="1059" dir="1" index="4" bw="16" slack="0"/>
</pin_list>
<bind>
<opcode="phi(47) " fcode="phi"/>
<opset="phi_ln105_17/3 "/>
</bind>
</comp>

<comp id="1060" class="1005" name="phi_ln105_18_reg_1060">
<pin_list>
<pin id="1061" dir="0" index="0" bw="16" slack="2147483647"/>
<pin id="1062" dir="1" index="1" bw="16" slack="2147483647"/>
</pin_list>
<bind>
<opset="phi_ln105_18 (phireg) "/>
</bind>
</comp>

<comp id="1063" class="1004" name="phi_ln105_18_phi_fu_1063">
<pin_list>
<pin id="1064" dir="0" index="0" bw="16" slack="0"/>
<pin id="1065" dir="0" index="1" bw="0" slack="2147483647"/>
<pin id="1066" dir="0" index="2" bw="16" slack="2"/>
<pin id="1067" dir="0" index="3" bw="0" slack="2147483647"/>
<pin id="1068" dir="1" index="4" bw="16" slack="0"/>
</pin_list>
<bind>
<opcode="phi(47) " fcode="phi"/>
<opset="phi_ln105_18/3 "/>
</bind>
</comp>

<comp id="1069" class="1005" name="phi_ln105_19_reg_1069">
<pin_list>
<pin id="1070" dir="0" index="0" bw="16" slack="2147483647"/>
<pin id="1071" dir="1" index="1" bw="16" slack="2147483647"/>
</pin_list>
<bind>
<opset="phi_ln105_19 (phireg) "/>
</bind>
</comp>

<comp id="1072" class="1004" name="phi_ln105_19_phi_fu_1072">
<pin_list>
<pin id="1073" dir="0" index="0" bw="16" slack="0"/>
<pin id="1074" dir="0" index="1" bw="0" slack="2147483647"/>
<pin id="1075" dir="0" index="2" bw="16" slack="2"/>
<pin id="1076" dir="0" index="3" bw="0" slack="2147483647"/>
<pin id="1077" dir="1" index="4" bw="16" slack="0"/>
</pin_list>
<bind>
<opcode="phi(47) " fcode="phi"/>
<opset="phi_ln105_19/3 "/>
</bind>
</comp>

<comp id="1078" class="1005" name="phi_ln105_20_reg_1078">
<pin_list>
<pin id="1079" dir="0" index="0" bw="16" slack="2147483647"/>
<pin id="1080" dir="1" index="1" bw="16" slack="2147483647"/>
</pin_list>
<bind>
<opset="phi_ln105_20 (phireg) "/>
</bind>
</comp>

<comp id="1081" class="1004" name="phi_ln105_20_phi_fu_1081">
<pin_list>
<pin id="1082" dir="0" index="0" bw="16" slack="0"/>
<pin id="1083" dir="0" index="1" bw="0" slack="2147483647"/>
<pin id="1084" dir="0" index="2" bw="16" slack="2"/>
<pin id="1085" dir="0" index="3" bw="0" slack="2147483647"/>
<pin id="1086" dir="1" index="4" bw="16" slack="0"/>
</pin_list>
<bind>
<opcode="phi(47) " fcode="phi"/>
<opset="phi_ln105_20/3 "/>
</bind>
</comp>

<comp id="1087" class="1005" name="phi_ln105_21_reg_1087">
<pin_list>
<pin id="1088" dir="0" index="0" bw="16" slack="2147483647"/>
<pin id="1089" dir="1" index="1" bw="16" slack="2147483647"/>
</pin_list>
<bind>
<opset="phi_ln105_21 (phireg) "/>
</bind>
</comp>

<comp id="1090" class="1004" name="phi_ln105_21_phi_fu_1090">
<pin_list>
<pin id="1091" dir="0" index="0" bw="16" slack="0"/>
<pin id="1092" dir="0" index="1" bw="0" slack="2147483647"/>
<pin id="1093" dir="0" index="2" bw="16" slack="2"/>
<pin id="1094" dir="0" index="3" bw="0" slack="2147483647"/>
<pin id="1095" dir="1" index="4" bw="16" slack="0"/>
</pin_list>
<bind>
<opcode="phi(47) " fcode="phi"/>
<opset="phi_ln105_21/3 "/>
</bind>
</comp>

<comp id="1096" class="1005" name="phi_ln105_22_reg_1096">
<pin_list>
<pin id="1097" dir="0" index="0" bw="16" slack="2147483647"/>
<pin id="1098" dir="1" index="1" bw="16" slack="2147483647"/>
</pin_list>
<bind>
<opset="phi_ln105_22 (phireg) "/>
</bind>
</comp>

<comp id="1099" class="1004" name="phi_ln105_22_phi_fu_1099">
<pin_list>
<pin id="1100" dir="0" index="0" bw="16" slack="0"/>
<pin id="1101" dir="0" index="1" bw="0" slack="2147483647"/>
<pin id="1102" dir="0" index="2" bw="16" slack="2"/>
<pin id="1103" dir="0" index="3" bw="0" slack="2147483647"/>
<pin id="1104" dir="1" index="4" bw="16" slack="0"/>
</pin_list>
<bind>
<opcode="phi(47) " fcode="phi"/>
<opset="phi_ln105_22/3 "/>
</bind>
</comp>

<comp id="1105" class="1005" name="phi_ln105_23_reg_1105">
<pin_list>
<pin id="1106" dir="0" index="0" bw="16" slack="2147483647"/>
<pin id="1107" dir="1" index="1" bw="16" slack="2147483647"/>
</pin_list>
<bind>
<opset="phi_ln105_23 (phireg) "/>
</bind>
</comp>

<comp id="1108" class="1004" name="phi_ln105_23_phi_fu_1108">
<pin_list>
<pin id="1109" dir="0" index="0" bw="16" slack="0"/>
<pin id="1110" dir="0" index="1" bw="0" slack="2147483647"/>
<pin id="1111" dir="0" index="2" bw="16" slack="2"/>
<pin id="1112" dir="0" index="3" bw="0" slack="2147483647"/>
<pin id="1113" dir="1" index="4" bw="16" slack="0"/>
</pin_list>
<bind>
<opcode="phi(47) " fcode="phi"/>
<opset="phi_ln105_23/3 "/>
</bind>
</comp>

<comp id="1114" class="1005" name="phi_ln105_24_reg_1114">
<pin_list>
<pin id="1115" dir="0" index="0" bw="16" slack="2147483647"/>
<pin id="1116" dir="1" index="1" bw="16" slack="2147483647"/>
</pin_list>
<bind>
<opset="phi_ln105_24 (phireg) "/>
</bind>
</comp>

<comp id="1117" class="1004" name="phi_ln105_24_phi_fu_1117">
<pin_list>
<pin id="1118" dir="0" index="0" bw="16" slack="0"/>
<pin id="1119" dir="0" index="1" bw="0" slack="2147483647"/>
<pin id="1120" dir="0" index="2" bw="16" slack="2"/>
<pin id="1121" dir="0" index="3" bw="0" slack="2147483647"/>
<pin id="1122" dir="1" index="4" bw="16" slack="0"/>
</pin_list>
<bind>
<opcode="phi(47) " fcode="phi"/>
<opset="phi_ln105_24/3 "/>
</bind>
</comp>

<comp id="1123" class="1005" name="phi_ln105_25_reg_1123">
<pin_list>
<pin id="1124" dir="0" index="0" bw="16" slack="2147483647"/>
<pin id="1125" dir="1" index="1" bw="16" slack="2147483647"/>
</pin_list>
<bind>
<opset="phi_ln105_25 (phireg) "/>
</bind>
</comp>

<comp id="1126" class="1004" name="phi_ln105_25_phi_fu_1126">
<pin_list>
<pin id="1127" dir="0" index="0" bw="16" slack="0"/>
<pin id="1128" dir="0" index="1" bw="0" slack="2147483647"/>
<pin id="1129" dir="0" index="2" bw="16" slack="2"/>
<pin id="1130" dir="0" index="3" bw="0" slack="2147483647"/>
<pin id="1131" dir="1" index="4" bw="16" slack="0"/>
</pin_list>
<bind>
<opcode="phi(47) " fcode="phi"/>
<opset="phi_ln105_25/3 "/>
</bind>
</comp>

<comp id="1132" class="1005" name="phi_ln105_26_reg_1132">
<pin_list>
<pin id="1133" dir="0" index="0" bw="16" slack="2147483647"/>
<pin id="1134" dir="1" index="1" bw="16" slack="2147483647"/>
</pin_list>
<bind>
<opset="phi_ln105_26 (phireg) "/>
</bind>
</comp>

<comp id="1135" class="1004" name="phi_ln105_26_phi_fu_1135">
<pin_list>
<pin id="1136" dir="0" index="0" bw="16" slack="0"/>
<pin id="1137" dir="0" index="1" bw="0" slack="2147483647"/>
<pin id="1138" dir="0" index="2" bw="16" slack="2"/>
<pin id="1139" dir="0" index="3" bw="0" slack="2147483647"/>
<pin id="1140" dir="1" index="4" bw="16" slack="0"/>
</pin_list>
<bind>
<opcode="phi(47) " fcode="phi"/>
<opset="phi_ln105_26/3 "/>
</bind>
</comp>

<comp id="1141" class="1005" name="phi_ln105_27_reg_1141">
<pin_list>
<pin id="1142" dir="0" index="0" bw="16" slack="2147483647"/>
<pin id="1143" dir="1" index="1" bw="16" slack="2147483647"/>
</pin_list>
<bind>
<opset="phi_ln105_27 (phireg) "/>
</bind>
</comp>

<comp id="1144" class="1004" name="phi_ln105_27_phi_fu_1144">
<pin_list>
<pin id="1145" dir="0" index="0" bw="16" slack="0"/>
<pin id="1146" dir="0" index="1" bw="0" slack="2147483647"/>
<pin id="1147" dir="0" index="2" bw="16" slack="2"/>
<pin id="1148" dir="0" index="3" bw="0" slack="2147483647"/>
<pin id="1149" dir="1" index="4" bw="16" slack="0"/>
</pin_list>
<bind>
<opcode="phi(47) " fcode="phi"/>
<opset="phi_ln105_27/3 "/>
</bind>
</comp>

<comp id="1150" class="1005" name="phi_ln105_28_reg_1150">
<pin_list>
<pin id="1151" dir="0" index="0" bw="16" slack="2147483647"/>
<pin id="1152" dir="1" index="1" bw="16" slack="2147483647"/>
</pin_list>
<bind>
<opset="phi_ln105_28 (phireg) "/>
</bind>
</comp>

<comp id="1153" class="1004" name="phi_ln105_28_phi_fu_1153">
<pin_list>
<pin id="1154" dir="0" index="0" bw="16" slack="0"/>
<pin id="1155" dir="0" index="1" bw="0" slack="2147483647"/>
<pin id="1156" dir="0" index="2" bw="16" slack="2"/>
<pin id="1157" dir="0" index="3" bw="0" slack="2147483647"/>
<pin id="1158" dir="1" index="4" bw="16" slack="0"/>
</pin_list>
<bind>
<opcode="phi(47) " fcode="phi"/>
<opset="phi_ln105_28/3 "/>
</bind>
</comp>

<comp id="1159" class="1005" name="phi_ln105_29_reg_1159">
<pin_list>
<pin id="1160" dir="0" index="0" bw="16" slack="2147483647"/>
<pin id="1161" dir="1" index="1" bw="16" slack="2147483647"/>
</pin_list>
<bind>
<opset="phi_ln105_29 (phireg) "/>
</bind>
</comp>

<comp id="1162" class="1004" name="phi_ln105_29_phi_fu_1162">
<pin_list>
<pin id="1163" dir="0" index="0" bw="16" slack="0"/>
<pin id="1164" dir="0" index="1" bw="0" slack="2147483647"/>
<pin id="1165" dir="0" index="2" bw="16" slack="2"/>
<pin id="1166" dir="0" index="3" bw="0" slack="2147483647"/>
<pin id="1167" dir="1" index="4" bw="16" slack="0"/>
</pin_list>
<bind>
<opcode="phi(47) " fcode="phi"/>
<opset="phi_ln105_29/3 "/>
</bind>
</comp>

<comp id="1168" class="1005" name="phi_ln105_30_reg_1168">
<pin_list>
<pin id="1169" dir="0" index="0" bw="16" slack="2147483647"/>
<pin id="1170" dir="1" index="1" bw="16" slack="2147483647"/>
</pin_list>
<bind>
<opset="phi_ln105_30 (phireg) "/>
</bind>
</comp>

<comp id="1171" class="1004" name="phi_ln105_30_phi_fu_1171">
<pin_list>
<pin id="1172" dir="0" index="0" bw="16" slack="0"/>
<pin id="1173" dir="0" index="1" bw="0" slack="2147483647"/>
<pin id="1174" dir="0" index="2" bw="16" slack="2"/>
<pin id="1175" dir="0" index="3" bw="0" slack="2147483647"/>
<pin id="1176" dir="1" index="4" bw="16" slack="0"/>
</pin_list>
<bind>
<opcode="phi(47) " fcode="phi"/>
<opset="phi_ln105_30/3 "/>
</bind>
</comp>

<comp id="1177" class="1005" name="phi_ln105_31_reg_1177">
<pin_list>
<pin id="1178" dir="0" index="0" bw="16" slack="2147483647"/>
<pin id="1179" dir="1" index="1" bw="16" slack="2147483647"/>
</pin_list>
<bind>
<opset="phi_ln105_31 (phireg) "/>
</bind>
</comp>

<comp id="1180" class="1004" name="phi_ln105_31_phi_fu_1180">
<pin_list>
<pin id="1181" dir="0" index="0" bw="16" slack="0"/>
<pin id="1182" dir="0" index="1" bw="0" slack="2147483647"/>
<pin id="1183" dir="0" index="2" bw="16" slack="2"/>
<pin id="1184" dir="0" index="3" bw="0" slack="2147483647"/>
<pin id="1185" dir="1" index="4" bw="16" slack="0"/>
</pin_list>
<bind>
<opcode="phi(47) " fcode="phi"/>
<opset="phi_ln105_31/3 "/>
</bind>
</comp>

<comp id="1186" class="1005" name="phi_ln105_32_reg_1186">
<pin_list>
<pin id="1187" dir="0" index="0" bw="16" slack="2147483647"/>
<pin id="1188" dir="1" index="1" bw="16" slack="2147483647"/>
</pin_list>
<bind>
<opset="phi_ln105_32 (phireg) "/>
</bind>
</comp>

<comp id="1189" class="1004" name="phi_ln105_32_phi_fu_1189">
<pin_list>
<pin id="1190" dir="0" index="0" bw="16" slack="0"/>
<pin id="1191" dir="0" index="1" bw="0" slack="2147483647"/>
<pin id="1192" dir="0" index="2" bw="16" slack="2"/>
<pin id="1193" dir="0" index="3" bw="0" slack="2147483647"/>
<pin id="1194" dir="1" index="4" bw="16" slack="0"/>
</pin_list>
<bind>
<opcode="phi(47) " fcode="phi"/>
<opset="phi_ln105_32/3 "/>
</bind>
</comp>

<comp id="1195" class="1005" name="phi_ln105_33_reg_1195">
<pin_list>
<pin id="1196" dir="0" index="0" bw="16" slack="2147483647"/>
<pin id="1197" dir="1" index="1" bw="16" slack="2147483647"/>
</pin_list>
<bind>
<opset="phi_ln105_33 (phireg) "/>
</bind>
</comp>

<comp id="1198" class="1004" name="phi_ln105_33_phi_fu_1198">
<pin_list>
<pin id="1199" dir="0" index="0" bw="16" slack="0"/>
<pin id="1200" dir="0" index="1" bw="0" slack="2147483647"/>
<pin id="1201" dir="0" index="2" bw="16" slack="2"/>
<pin id="1202" dir="0" index="3" bw="0" slack="2147483647"/>
<pin id="1203" dir="1" index="4" bw="16" slack="0"/>
</pin_list>
<bind>
<opcode="phi(47) " fcode="phi"/>
<opset="phi_ln105_33/3 "/>
</bind>
</comp>

<comp id="1204" class="1005" name="phi_ln105_34_reg_1204">
<pin_list>
<pin id="1205" dir="0" index="0" bw="16" slack="2147483647"/>
<pin id="1206" dir="1" index="1" bw="16" slack="2147483647"/>
</pin_list>
<bind>
<opset="phi_ln105_34 (phireg) "/>
</bind>
</comp>

<comp id="1207" class="1004" name="phi_ln105_34_phi_fu_1207">
<pin_list>
<pin id="1208" dir="0" index="0" bw="16" slack="0"/>
<pin id="1209" dir="0" index="1" bw="0" slack="2147483647"/>
<pin id="1210" dir="0" index="2" bw="16" slack="2"/>
<pin id="1211" dir="0" index="3" bw="0" slack="2147483647"/>
<pin id="1212" dir="1" index="4" bw="16" slack="0"/>
</pin_list>
<bind>
<opcode="phi(47) " fcode="phi"/>
<opset="phi_ln105_34/3 "/>
</bind>
</comp>

<comp id="1213" class="1005" name="phi_ln105_35_reg_1213">
<pin_list>
<pin id="1214" dir="0" index="0" bw="16" slack="2147483647"/>
<pin id="1215" dir="1" index="1" bw="16" slack="2147483647"/>
</pin_list>
<bind>
<opset="phi_ln105_35 (phireg) "/>
</bind>
</comp>

<comp id="1216" class="1004" name="phi_ln105_35_phi_fu_1216">
<pin_list>
<pin id="1217" dir="0" index="0" bw="16" slack="0"/>
<pin id="1218" dir="0" index="1" bw="0" slack="2147483647"/>
<pin id="1219" dir="0" index="2" bw="16" slack="2"/>
<pin id="1220" dir="0" index="3" bw="0" slack="2147483647"/>
<pin id="1221" dir="1" index="4" bw="16" slack="0"/>
</pin_list>
<bind>
<opcode="phi(47) " fcode="phi"/>
<opset="phi_ln105_35/3 "/>
</bind>
</comp>

<comp id="1222" class="1005" name="phi_ln105_36_reg_1222">
<pin_list>
<pin id="1223" dir="0" index="0" bw="16" slack="2147483647"/>
<pin id="1224" dir="1" index="1" bw="16" slack="2147483647"/>
</pin_list>
<bind>
<opset="phi_ln105_36 (phireg) "/>
</bind>
</comp>

<comp id="1225" class="1004" name="phi_ln105_36_phi_fu_1225">
<pin_list>
<pin id="1226" dir="0" index="0" bw="16" slack="0"/>
<pin id="1227" dir="0" index="1" bw="0" slack="2147483647"/>
<pin id="1228" dir="0" index="2" bw="16" slack="2"/>
<pin id="1229" dir="0" index="3" bw="0" slack="2147483647"/>
<pin id="1230" dir="1" index="4" bw="16" slack="0"/>
</pin_list>
<bind>
<opcode="phi(47) " fcode="phi"/>
<opset="phi_ln105_36/3 "/>
</bind>
</comp>

<comp id="1231" class="1005" name="phi_ln105_37_reg_1231">
<pin_list>
<pin id="1232" dir="0" index="0" bw="16" slack="2147483647"/>
<pin id="1233" dir="1" index="1" bw="16" slack="2147483647"/>
</pin_list>
<bind>
<opset="phi_ln105_37 (phireg) "/>
</bind>
</comp>

<comp id="1234" class="1004" name="phi_ln105_37_phi_fu_1234">
<pin_list>
<pin id="1235" dir="0" index="0" bw="16" slack="0"/>
<pin id="1236" dir="0" index="1" bw="0" slack="2147483647"/>
<pin id="1237" dir="0" index="2" bw="16" slack="2"/>
<pin id="1238" dir="0" index="3" bw="0" slack="2147483647"/>
<pin id="1239" dir="1" index="4" bw="16" slack="0"/>
</pin_list>
<bind>
<opcode="phi(47) " fcode="phi"/>
<opset="phi_ln105_37/3 "/>
</bind>
</comp>

<comp id="1240" class="1005" name="phi_ln105_38_reg_1240">
<pin_list>
<pin id="1241" dir="0" index="0" bw="16" slack="2147483647"/>
<pin id="1242" dir="1" index="1" bw="16" slack="2147483647"/>
</pin_list>
<bind>
<opset="phi_ln105_38 (phireg) "/>
</bind>
</comp>

<comp id="1243" class="1004" name="phi_ln105_38_phi_fu_1243">
<pin_list>
<pin id="1244" dir="0" index="0" bw="16" slack="0"/>
<pin id="1245" dir="0" index="1" bw="0" slack="2147483647"/>
<pin id="1246" dir="0" index="2" bw="16" slack="2"/>
<pin id="1247" dir="0" index="3" bw="0" slack="2147483647"/>
<pin id="1248" dir="1" index="4" bw="16" slack="0"/>
</pin_list>
<bind>
<opcode="phi(47) " fcode="phi"/>
<opset="phi_ln105_38/3 "/>
</bind>
</comp>

<comp id="1249" class="1005" name="phi_ln105_39_reg_1249">
<pin_list>
<pin id="1250" dir="0" index="0" bw="16" slack="2147483647"/>
<pin id="1251" dir="1" index="1" bw="16" slack="2147483647"/>
</pin_list>
<bind>
<opset="phi_ln105_39 (phireg) "/>
</bind>
</comp>

<comp id="1252" class="1004" name="phi_ln105_39_phi_fu_1252">
<pin_list>
<pin id="1253" dir="0" index="0" bw="16" slack="0"/>
<pin id="1254" dir="0" index="1" bw="0" slack="2147483647"/>
<pin id="1255" dir="0" index="2" bw="16" slack="2"/>
<pin id="1256" dir="0" index="3" bw="0" slack="2147483647"/>
<pin id="1257" dir="1" index="4" bw="16" slack="0"/>
</pin_list>
<bind>
<opcode="phi(47) " fcode="phi"/>
<opset="phi_ln105_39/3 "/>
</bind>
</comp>

<comp id="1258" class="1005" name="phi_ln105_40_reg_1258">
<pin_list>
<pin id="1259" dir="0" index="0" bw="16" slack="2147483647"/>
<pin id="1260" dir="1" index="1" bw="16" slack="2147483647"/>
</pin_list>
<bind>
<opset="phi_ln105_40 (phireg) "/>
</bind>
</comp>

<comp id="1261" class="1004" name="phi_ln105_40_phi_fu_1261">
<pin_list>
<pin id="1262" dir="0" index="0" bw="16" slack="0"/>
<pin id="1263" dir="0" index="1" bw="0" slack="2147483647"/>
<pin id="1264" dir="0" index="2" bw="16" slack="2"/>
<pin id="1265" dir="0" index="3" bw="0" slack="2147483647"/>
<pin id="1266" dir="1" index="4" bw="16" slack="0"/>
</pin_list>
<bind>
<opcode="phi(47) " fcode="phi"/>
<opset="phi_ln105_40/3 "/>
</bind>
</comp>

<comp id="1267" class="1005" name="phi_ln105_41_reg_1267">
<pin_list>
<pin id="1268" dir="0" index="0" bw="16" slack="2147483647"/>
<pin id="1269" dir="1" index="1" bw="16" slack="2147483647"/>
</pin_list>
<bind>
<opset="phi_ln105_41 (phireg) "/>
</bind>
</comp>

<comp id="1270" class="1004" name="phi_ln105_41_phi_fu_1270">
<pin_list>
<pin id="1271" dir="0" index="0" bw="16" slack="0"/>
<pin id="1272" dir="0" index="1" bw="0" slack="2147483647"/>
<pin id="1273" dir="0" index="2" bw="16" slack="2"/>
<pin id="1274" dir="0" index="3" bw="0" slack="2147483647"/>
<pin id="1275" dir="1" index="4" bw="16" slack="0"/>
</pin_list>
<bind>
<opcode="phi(47) " fcode="phi"/>
<opset="phi_ln105_41/3 "/>
</bind>
</comp>

<comp id="1276" class="1005" name="phi_ln105_42_reg_1276">
<pin_list>
<pin id="1277" dir="0" index="0" bw="16" slack="2147483647"/>
<pin id="1278" dir="1" index="1" bw="16" slack="2147483647"/>
</pin_list>
<bind>
<opset="phi_ln105_42 (phireg) "/>
</bind>
</comp>

<comp id="1279" class="1004" name="phi_ln105_42_phi_fu_1279">
<pin_list>
<pin id="1280" dir="0" index="0" bw="16" slack="0"/>
<pin id="1281" dir="0" index="1" bw="0" slack="2147483647"/>
<pin id="1282" dir="0" index="2" bw="16" slack="2"/>
<pin id="1283" dir="0" index="3" bw="0" slack="2147483647"/>
<pin id="1284" dir="1" index="4" bw="16" slack="0"/>
</pin_list>
<bind>
<opcode="phi(47) " fcode="phi"/>
<opset="phi_ln105_42/3 "/>
</bind>
</comp>

<comp id="1285" class="1005" name="phi_ln105_43_reg_1285">
<pin_list>
<pin id="1286" dir="0" index="0" bw="16" slack="2147483647"/>
<pin id="1287" dir="1" index="1" bw="16" slack="2147483647"/>
</pin_list>
<bind>
<opset="phi_ln105_43 (phireg) "/>
</bind>
</comp>

<comp id="1288" class="1004" name="phi_ln105_43_phi_fu_1288">
<pin_list>
<pin id="1289" dir="0" index="0" bw="16" slack="0"/>
<pin id="1290" dir="0" index="1" bw="0" slack="2147483647"/>
<pin id="1291" dir="0" index="2" bw="16" slack="2"/>
<pin id="1292" dir="0" index="3" bw="0" slack="2147483647"/>
<pin id="1293" dir="1" index="4" bw="16" slack="0"/>
</pin_list>
<bind>
<opcode="phi(47) " fcode="phi"/>
<opset="phi_ln105_43/3 "/>
</bind>
</comp>

<comp id="1294" class="1005" name="phi_ln105_44_reg_1294">
<pin_list>
<pin id="1295" dir="0" index="0" bw="16" slack="2147483647"/>
<pin id="1296" dir="1" index="1" bw="16" slack="2147483647"/>
</pin_list>
<bind>
<opset="phi_ln105_44 (phireg) "/>
</bind>
</comp>

<comp id="1297" class="1004" name="phi_ln105_44_phi_fu_1297">
<pin_list>
<pin id="1298" dir="0" index="0" bw="16" slack="0"/>
<pin id="1299" dir="0" index="1" bw="0" slack="2147483647"/>
<pin id="1300" dir="0" index="2" bw="16" slack="2"/>
<pin id="1301" dir="0" index="3" bw="0" slack="2147483647"/>
<pin id="1302" dir="1" index="4" bw="16" slack="0"/>
</pin_list>
<bind>
<opcode="phi(47) " fcode="phi"/>
<opset="phi_ln105_44/3 "/>
</bind>
</comp>

<comp id="1303" class="1005" name="phi_ln105_45_reg_1303">
<pin_list>
<pin id="1304" dir="0" index="0" bw="16" slack="2147483647"/>
<pin id="1305" dir="1" index="1" bw="16" slack="2147483647"/>
</pin_list>
<bind>
<opset="phi_ln105_45 (phireg) "/>
</bind>
</comp>

<comp id="1306" class="1004" name="phi_ln105_45_phi_fu_1306">
<pin_list>
<pin id="1307" dir="0" index="0" bw="16" slack="0"/>
<pin id="1308" dir="0" index="1" bw="0" slack="2147483647"/>
<pin id="1309" dir="0" index="2" bw="16" slack="2"/>
<pin id="1310" dir="0" index="3" bw="0" slack="2147483647"/>
<pin id="1311" dir="1" index="4" bw="16" slack="0"/>
</pin_list>
<bind>
<opcode="phi(47) " fcode="phi"/>
<opset="phi_ln105_45/3 "/>
</bind>
</comp>

<comp id="1312" class="1005" name="phi_ln105_46_reg_1312">
<pin_list>
<pin id="1313" dir="0" index="0" bw="16" slack="2147483647"/>
<pin id="1314" dir="1" index="1" bw="16" slack="2147483647"/>
</pin_list>
<bind>
<opset="phi_ln105_46 (phireg) "/>
</bind>
</comp>

<comp id="1315" class="1004" name="phi_ln105_46_phi_fu_1315">
<pin_list>
<pin id="1316" dir="0" index="0" bw="16" slack="0"/>
<pin id="1317" dir="0" index="1" bw="0" slack="2147483647"/>
<pin id="1318" dir="0" index="2" bw="16" slack="2"/>
<pin id="1319" dir="0" index="3" bw="0" slack="2147483647"/>
<pin id="1320" dir="1" index="4" bw="16" slack="0"/>
</pin_list>
<bind>
<opcode="phi(47) " fcode="phi"/>
<opset="phi_ln105_46/3 "/>
</bind>
</comp>

<comp id="1321" class="1005" name="phi_ln105_47_reg_1321">
<pin_list>
<pin id="1322" dir="0" index="0" bw="16" slack="2147483647"/>
<pin id="1323" dir="1" index="1" bw="16" slack="2147483647"/>
</pin_list>
<bind>
<opset="phi_ln105_47 (phireg) "/>
</bind>
</comp>

<comp id="1324" class="1004" name="phi_ln105_47_phi_fu_1324">
<pin_list>
<pin id="1325" dir="0" index="0" bw="16" slack="0"/>
<pin id="1326" dir="0" index="1" bw="0" slack="2147483647"/>
<pin id="1327" dir="0" index="2" bw="16" slack="2"/>
<pin id="1328" dir="0" index="3" bw="0" slack="2147483647"/>
<pin id="1329" dir="1" index="4" bw="16" slack="0"/>
</pin_list>
<bind>
<opcode="phi(47) " fcode="phi"/>
<opset="phi_ln105_47/3 "/>
</bind>
</comp>

<comp id="1330" class="1005" name="phi_ln105_48_reg_1330">
<pin_list>
<pin id="1331" dir="0" index="0" bw="16" slack="2147483647"/>
<pin id="1332" dir="1" index="1" bw="16" slack="2147483647"/>
</pin_list>
<bind>
<opset="phi_ln105_48 (phireg) "/>
</bind>
</comp>

<comp id="1333" class="1004" name="phi_ln105_48_phi_fu_1333">
<pin_list>
<pin id="1334" dir="0" index="0" bw="16" slack="0"/>
<pin id="1335" dir="0" index="1" bw="0" slack="2147483647"/>
<pin id="1336" dir="0" index="2" bw="16" slack="2"/>
<pin id="1337" dir="0" index="3" bw="0" slack="2147483647"/>
<pin id="1338" dir="1" index="4" bw="16" slack="0"/>
</pin_list>
<bind>
<opcode="phi(47) " fcode="phi"/>
<opset="phi_ln105_48/3 "/>
</bind>
</comp>

<comp id="1339" class="1005" name="phi_ln105_49_reg_1339">
<pin_list>
<pin id="1340" dir="0" index="0" bw="16" slack="2147483647"/>
<pin id="1341" dir="1" index="1" bw="16" slack="2147483647"/>
</pin_list>
<bind>
<opset="phi_ln105_49 (phireg) "/>
</bind>
</comp>

<comp id="1342" class="1004" name="phi_ln105_49_phi_fu_1342">
<pin_list>
<pin id="1343" dir="0" index="0" bw="16" slack="0"/>
<pin id="1344" dir="0" index="1" bw="0" slack="2147483647"/>
<pin id="1345" dir="0" index="2" bw="16" slack="2"/>
<pin id="1346" dir="0" index="3" bw="0" slack="2147483647"/>
<pin id="1347" dir="1" index="4" bw="16" slack="0"/>
</pin_list>
<bind>
<opcode="phi(47) " fcode="phi"/>
<opset="phi_ln105_49/3 "/>
</bind>
</comp>

<comp id="1348" class="1005" name="phi_ln105_50_reg_1348">
<pin_list>
<pin id="1349" dir="0" index="0" bw="16" slack="2147483647"/>
<pin id="1350" dir="1" index="1" bw="16" slack="2147483647"/>
</pin_list>
<bind>
<opset="phi_ln105_50 (phireg) "/>
</bind>
</comp>

<comp id="1351" class="1004" name="phi_ln105_50_phi_fu_1351">
<pin_list>
<pin id="1352" dir="0" index="0" bw="16" slack="0"/>
<pin id="1353" dir="0" index="1" bw="0" slack="2147483647"/>
<pin id="1354" dir="0" index="2" bw="16" slack="2"/>
<pin id="1355" dir="0" index="3" bw="0" slack="2147483647"/>
<pin id="1356" dir="1" index="4" bw="16" slack="0"/>
</pin_list>
<bind>
<opcode="phi(47) " fcode="phi"/>
<opset="phi_ln105_50/3 "/>
</bind>
</comp>

<comp id="1357" class="1005" name="phi_ln105_51_reg_1357">
<pin_list>
<pin id="1358" dir="0" index="0" bw="16" slack="2147483647"/>
<pin id="1359" dir="1" index="1" bw="16" slack="2147483647"/>
</pin_list>
<bind>
<opset="phi_ln105_51 (phireg) "/>
</bind>
</comp>

<comp id="1360" class="1004" name="phi_ln105_51_phi_fu_1360">
<pin_list>
<pin id="1361" dir="0" index="0" bw="16" slack="0"/>
<pin id="1362" dir="0" index="1" bw="0" slack="2147483647"/>
<pin id="1363" dir="0" index="2" bw="16" slack="2"/>
<pin id="1364" dir="0" index="3" bw="0" slack="2147483647"/>
<pin id="1365" dir="1" index="4" bw="16" slack="0"/>
</pin_list>
<bind>
<opcode="phi(47) " fcode="phi"/>
<opset="phi_ln105_51/3 "/>
</bind>
</comp>

<comp id="1366" class="1005" name="phi_ln105_52_reg_1366">
<pin_list>
<pin id="1367" dir="0" index="0" bw="16" slack="2147483647"/>
<pin id="1368" dir="1" index="1" bw="16" slack="2147483647"/>
</pin_list>
<bind>
<opset="phi_ln105_52 (phireg) "/>
</bind>
</comp>

<comp id="1369" class="1004" name="phi_ln105_52_phi_fu_1369">
<pin_list>
<pin id="1370" dir="0" index="0" bw="16" slack="0"/>
<pin id="1371" dir="0" index="1" bw="0" slack="2147483647"/>
<pin id="1372" dir="0" index="2" bw="16" slack="2"/>
<pin id="1373" dir="0" index="3" bw="0" slack="2147483647"/>
<pin id="1374" dir="1" index="4" bw="16" slack="0"/>
</pin_list>
<bind>
<opcode="phi(47) " fcode="phi"/>
<opset="phi_ln105_52/3 "/>
</bind>
</comp>

<comp id="1375" class="1005" name="phi_ln105_53_reg_1375">
<pin_list>
<pin id="1376" dir="0" index="0" bw="16" slack="2147483647"/>
<pin id="1377" dir="1" index="1" bw="16" slack="2147483647"/>
</pin_list>
<bind>
<opset="phi_ln105_53 (phireg) "/>
</bind>
</comp>

<comp id="1378" class="1004" name="phi_ln105_53_phi_fu_1378">
<pin_list>
<pin id="1379" dir="0" index="0" bw="16" slack="0"/>
<pin id="1380" dir="0" index="1" bw="0" slack="2147483647"/>
<pin id="1381" dir="0" index="2" bw="16" slack="2"/>
<pin id="1382" dir="0" index="3" bw="0" slack="2147483647"/>
<pin id="1383" dir="1" index="4" bw="16" slack="0"/>
</pin_list>
<bind>
<opcode="phi(47) " fcode="phi"/>
<opset="phi_ln105_53/3 "/>
</bind>
</comp>

<comp id="1384" class="1005" name="phi_ln105_54_reg_1384">
<pin_list>
<pin id="1385" dir="0" index="0" bw="16" slack="2147483647"/>
<pin id="1386" dir="1" index="1" bw="16" slack="2147483647"/>
</pin_list>
<bind>
<opset="phi_ln105_54 (phireg) "/>
</bind>
</comp>

<comp id="1387" class="1004" name="phi_ln105_54_phi_fu_1387">
<pin_list>
<pin id="1388" dir="0" index="0" bw="16" slack="0"/>
<pin id="1389" dir="0" index="1" bw="0" slack="2147483647"/>
<pin id="1390" dir="0" index="2" bw="16" slack="2"/>
<pin id="1391" dir="0" index="3" bw="0" slack="2147483647"/>
<pin id="1392" dir="1" index="4" bw="16" slack="0"/>
</pin_list>
<bind>
<opcode="phi(47) " fcode="phi"/>
<opset="phi_ln105_54/3 "/>
</bind>
</comp>

<comp id="1393" class="1005" name="phi_ln105_55_reg_1393">
<pin_list>
<pin id="1394" dir="0" index="0" bw="16" slack="2147483647"/>
<pin id="1395" dir="1" index="1" bw="16" slack="2147483647"/>
</pin_list>
<bind>
<opset="phi_ln105_55 (phireg) "/>
</bind>
</comp>

<comp id="1396" class="1004" name="phi_ln105_55_phi_fu_1396">
<pin_list>
<pin id="1397" dir="0" index="0" bw="16" slack="0"/>
<pin id="1398" dir="0" index="1" bw="0" slack="2147483647"/>
<pin id="1399" dir="0" index="2" bw="16" slack="2"/>
<pin id="1400" dir="0" index="3" bw="0" slack="2147483647"/>
<pin id="1401" dir="1" index="4" bw="16" slack="0"/>
</pin_list>
<bind>
<opcode="phi(47) " fcode="phi"/>
<opset="phi_ln105_55/3 "/>
</bind>
</comp>

<comp id="1402" class="1005" name="phi_ln105_56_reg_1402">
<pin_list>
<pin id="1403" dir="0" index="0" bw="16" slack="2147483647"/>
<pin id="1404" dir="1" index="1" bw="16" slack="2147483647"/>
</pin_list>
<bind>
<opset="phi_ln105_56 (phireg) "/>
</bind>
</comp>

<comp id="1405" class="1004" name="phi_ln105_56_phi_fu_1405">
<pin_list>
<pin id="1406" dir="0" index="0" bw="16" slack="0"/>
<pin id="1407" dir="0" index="1" bw="0" slack="2147483647"/>
<pin id="1408" dir="0" index="2" bw="16" slack="2"/>
<pin id="1409" dir="0" index="3" bw="0" slack="2147483647"/>
<pin id="1410" dir="1" index="4" bw="16" slack="0"/>
</pin_list>
<bind>
<opcode="phi(47) " fcode="phi"/>
<opset="phi_ln105_56/3 "/>
</bind>
</comp>

<comp id="1411" class="1005" name="phi_ln105_57_reg_1411">
<pin_list>
<pin id="1412" dir="0" index="0" bw="16" slack="2147483647"/>
<pin id="1413" dir="1" index="1" bw="16" slack="2147483647"/>
</pin_list>
<bind>
<opset="phi_ln105_57 (phireg) "/>
</bind>
</comp>

<comp id="1414" class="1004" name="phi_ln105_57_phi_fu_1414">
<pin_list>
<pin id="1415" dir="0" index="0" bw="16" slack="0"/>
<pin id="1416" dir="0" index="1" bw="0" slack="2147483647"/>
<pin id="1417" dir="0" index="2" bw="16" slack="2"/>
<pin id="1418" dir="0" index="3" bw="0" slack="2147483647"/>
<pin id="1419" dir="1" index="4" bw="16" slack="0"/>
</pin_list>
<bind>
<opcode="phi(47) " fcode="phi"/>
<opset="phi_ln105_57/3 "/>
</bind>
</comp>

<comp id="1420" class="1005" name="phi_ln105_58_reg_1420">
<pin_list>
<pin id="1421" dir="0" index="0" bw="16" slack="2147483647"/>
<pin id="1422" dir="1" index="1" bw="16" slack="2147483647"/>
</pin_list>
<bind>
<opset="phi_ln105_58 (phireg) "/>
</bind>
</comp>

<comp id="1423" class="1004" name="phi_ln105_58_phi_fu_1423">
<pin_list>
<pin id="1424" dir="0" index="0" bw="16" slack="0"/>
<pin id="1425" dir="0" index="1" bw="0" slack="2147483647"/>
<pin id="1426" dir="0" index="2" bw="16" slack="2"/>
<pin id="1427" dir="0" index="3" bw="0" slack="2147483647"/>
<pin id="1428" dir="1" index="4" bw="16" slack="0"/>
</pin_list>
<bind>
<opcode="phi(47) " fcode="phi"/>
<opset="phi_ln105_58/3 "/>
</bind>
</comp>

<comp id="1429" class="1005" name="phi_ln105_59_reg_1429">
<pin_list>
<pin id="1430" dir="0" index="0" bw="16" slack="2147483647"/>
<pin id="1431" dir="1" index="1" bw="16" slack="2147483647"/>
</pin_list>
<bind>
<opset="phi_ln105_59 (phireg) "/>
</bind>
</comp>

<comp id="1432" class="1004" name="phi_ln105_59_phi_fu_1432">
<pin_list>
<pin id="1433" dir="0" index="0" bw="16" slack="0"/>
<pin id="1434" dir="0" index="1" bw="0" slack="2147483647"/>
<pin id="1435" dir="0" index="2" bw="16" slack="2"/>
<pin id="1436" dir="0" index="3" bw="0" slack="2147483647"/>
<pin id="1437" dir="1" index="4" bw="16" slack="0"/>
</pin_list>
<bind>
<opcode="phi(47) " fcode="phi"/>
<opset="phi_ln105_59/3 "/>
</bind>
</comp>

<comp id="1438" class="1005" name="phi_ln105_60_reg_1438">
<pin_list>
<pin id="1439" dir="0" index="0" bw="16" slack="2147483647"/>
<pin id="1440" dir="1" index="1" bw="16" slack="2147483647"/>
</pin_list>
<bind>
<opset="phi_ln105_60 (phireg) "/>
</bind>
</comp>

<comp id="1441" class="1004" name="phi_ln105_60_phi_fu_1441">
<pin_list>
<pin id="1442" dir="0" index="0" bw="16" slack="0"/>
<pin id="1443" dir="0" index="1" bw="0" slack="2147483647"/>
<pin id="1444" dir="0" index="2" bw="16" slack="2"/>
<pin id="1445" dir="0" index="3" bw="0" slack="2147483647"/>
<pin id="1446" dir="1" index="4" bw="16" slack="0"/>
</pin_list>
<bind>
<opcode="phi(47) " fcode="phi"/>
<opset="phi_ln105_60/3 "/>
</bind>
</comp>

<comp id="1447" class="1005" name="phi_ln105_61_reg_1447">
<pin_list>
<pin id="1448" dir="0" index="0" bw="16" slack="2147483647"/>
<pin id="1449" dir="1" index="1" bw="16" slack="2147483647"/>
</pin_list>
<bind>
<opset="phi_ln105_61 (phireg) "/>
</bind>
</comp>

<comp id="1450" class="1004" name="phi_ln105_61_phi_fu_1450">
<pin_list>
<pin id="1451" dir="0" index="0" bw="16" slack="0"/>
<pin id="1452" dir="0" index="1" bw="0" slack="2147483647"/>
<pin id="1453" dir="0" index="2" bw="16" slack="2"/>
<pin id="1454" dir="0" index="3" bw="0" slack="2147483647"/>
<pin id="1455" dir="1" index="4" bw="16" slack="0"/>
</pin_list>
<bind>
<opcode="phi(47) " fcode="phi"/>
<opset="phi_ln105_61/3 "/>
</bind>
</comp>

<comp id="1456" class="1005" name="phi_ln105_62_reg_1456">
<pin_list>
<pin id="1457" dir="0" index="0" bw="16" slack="2147483647"/>
<pin id="1458" dir="1" index="1" bw="16" slack="2147483647"/>
</pin_list>
<bind>
<opset="phi_ln105_62 (phireg) "/>
</bind>
</comp>

<comp id="1459" class="1004" name="phi_ln105_62_phi_fu_1459">
<pin_list>
<pin id="1460" dir="0" index="0" bw="16" slack="0"/>
<pin id="1461" dir="0" index="1" bw="0" slack="2147483647"/>
<pin id="1462" dir="0" index="2" bw="16" slack="2"/>
<pin id="1463" dir="0" index="3" bw="0" slack="2147483647"/>
<pin id="1464" dir="1" index="4" bw="16" slack="0"/>
</pin_list>
<bind>
<opcode="phi(47) " fcode="phi"/>
<opset="phi_ln105_62/3 "/>
</bind>
</comp>

<comp id="1465" class="1005" name="phi_ln105_63_reg_1465">
<pin_list>
<pin id="1466" dir="0" index="0" bw="16" slack="2147483647"/>
<pin id="1467" dir="1" index="1" bw="16" slack="2147483647"/>
</pin_list>
<bind>
<opset="phi_ln105_63 (phireg) "/>
</bind>
</comp>

<comp id="1468" class="1004" name="phi_ln105_63_phi_fu_1468">
<pin_list>
<pin id="1469" dir="0" index="0" bw="16" slack="0"/>
<pin id="1470" dir="0" index="1" bw="0" slack="2147483647"/>
<pin id="1471" dir="0" index="2" bw="16" slack="2"/>
<pin id="1472" dir="0" index="3" bw="0" slack="2147483647"/>
<pin id="1473" dir="1" index="4" bw="16" slack="0"/>
</pin_list>
<bind>
<opcode="phi(47) " fcode="phi"/>
<opset="phi_ln105_63/3 "/>
</bind>
</comp>

<comp id="1474" class="1004" name="grp_tile_process_Pipeline_compute_pipeline_fu_1474">
<pin_list>
<pin id="1475" dir="0" index="0" bw="0" slack="0"/>
<pin id="1476" dir="0" index="1" bw="3" slack="0"/>
<pin id="1477" dir="0" index="2" bw="16" slack="0"/>
<pin id="1478" dir="0" index="3" bw="16" slack="0"/>
<pin id="1479" dir="0" index="4" bw="16" slack="0"/>
<pin id="1480" dir="0" index="5" bw="16" slack="0"/>
<pin id="1481" dir="0" index="6" bw="16" slack="0"/>
<pin id="1482" dir="0" index="7" bw="16" slack="0"/>
<pin id="1483" dir="0" index="8" bw="16" slack="0"/>
<pin id="1484" dir="0" index="9" bw="16" slack="0"/>
<pin id="1485" dir="0" index="10" bw="16" slack="0"/>
<pin id="1486" dir="0" index="11" bw="16" slack="0"/>
<pin id="1487" dir="0" index="12" bw="16" slack="0"/>
<pin id="1488" dir="0" index="13" bw="16" slack="0"/>
<pin id="1489" dir="0" index="14" bw="16" slack="0"/>
<pin id="1490" dir="0" index="15" bw="16" slack="0"/>
<pin id="1491" dir="0" index="16" bw="16" slack="0"/>
<pin id="1492" dir="0" index="17" bw="16" slack="0"/>
<pin id="1493" dir="0" index="18" bw="16" slack="0"/>
<pin id="1494" dir="0" index="19" bw="16" slack="0"/>
<pin id="1495" dir="0" index="20" bw="16" slack="0"/>
<pin id="1496" dir="0" index="21" bw="16" slack="0"/>
<pin id="1497" dir="0" index="22" bw="16" slack="0"/>
<pin id="1498" dir="0" index="23" bw="16" slack="0"/>
<pin id="1499" dir="0" index="24" bw="16" slack="0"/>
<pin id="1500" dir="0" index="25" bw="16" slack="0"/>
<pin id="1501" dir="0" index="26" bw="16" slack="0"/>
<pin id="1502" dir="0" index="27" bw="16" slack="0"/>
<pin id="1503" dir="0" index="28" bw="16" slack="0"/>
<pin id="1504" dir="0" index="29" bw="16" slack="0"/>
<pin id="1505" dir="0" index="30" bw="16" slack="0"/>
<pin id="1506" dir="0" index="31" bw="16" slack="0"/>
<pin id="1507" dir="0" index="32" bw="16" slack="0"/>
<pin id="1508" dir="0" index="33" bw="16" slack="0"/>
<pin id="1509" dir="0" index="34" bw="16" slack="0"/>
<pin id="1510" dir="0" index="35" bw="16" slack="0"/>
<pin id="1511" dir="0" index="36" bw="16" slack="0"/>
<pin id="1512" dir="0" index="37" bw="16" slack="0"/>
<pin id="1513" dir="0" index="38" bw="16" slack="0"/>
<pin id="1514" dir="0" index="39" bw="16" slack="0"/>
<pin id="1515" dir="0" index="40" bw="16" slack="0"/>
<pin id="1516" dir="0" index="41" bw="16" slack="0"/>
<pin id="1517" dir="0" index="42" bw="16" slack="0"/>
<pin id="1518" dir="0" index="43" bw="16" slack="0"/>
<pin id="1519" dir="0" index="44" bw="16" slack="0"/>
<pin id="1520" dir="0" index="45" bw="16" slack="0"/>
<pin id="1521" dir="0" index="46" bw="16" slack="0"/>
<pin id="1522" dir="0" index="47" bw="16" slack="0"/>
<pin id="1523" dir="0" index="48" bw="16" slack="0"/>
<pin id="1524" dir="0" index="49" bw="16" slack="0"/>
<pin id="1525" dir="0" index="50" bw="16" slack="0"/>
<pin id="1526" dir="0" index="51" bw="16" slack="0"/>
<pin id="1527" dir="0" index="52" bw="16" slack="0"/>
<pin id="1528" dir="0" index="53" bw="16" slack="0"/>
<pin id="1529" dir="0" index="54" bw="16" slack="0"/>
<pin id="1530" dir="0" index="55" bw="16" slack="0"/>
<pin id="1531" dir="0" index="56" bw="16" slack="0"/>
<pin id="1532" dir="0" index="57" bw="16" slack="0"/>
<pin id="1533" dir="0" index="58" bw="16" slack="0"/>
<pin id="1534" dir="0" index="59" bw="16" slack="0"/>
<pin id="1535" dir="0" index="60" bw="16" slack="0"/>
<pin id="1536" dir="0" index="61" bw="16" slack="0"/>
<pin id="1537" dir="0" index="62" bw="16" slack="0"/>
<pin id="1538" dir="0" index="63" bw="16" slack="0"/>
<pin id="1539" dir="0" index="64" bw="16" slack="0"/>
<pin id="1540" dir="0" index="65" bw="16" slack="0"/>
<pin id="1541" dir="0" index="66" bw="4" slack="0"/>
<pin id="1542" dir="0" index="67" bw="32" slack="0"/>
<pin id="1543" dir="0" index="68" bw="8" slack="0"/>
<pin id="1544" dir="0" index="69" bw="8" slack="0"/>
<pin id="1545" dir="0" index="70" bw="8" slack="0"/>
<pin id="1546" dir="0" index="71" bw="8" slack="0"/>
<pin id="1547" dir="0" index="72" bw="8" slack="0"/>
<pin id="1548" dir="0" index="73" bw="8" slack="0"/>
<pin id="1549" dir="0" index="74" bw="8" slack="0"/>
<pin id="1550" dir="0" index="75" bw="8" slack="0"/>
<pin id="1551" dir="0" index="76" bw="1" slack="0"/>
<pin id="1552" dir="0" index="77" bw="1" slack="0"/>
<pin id="1553" dir="0" index="78" bw="8" slack="0"/>
<pin id="1554" dir="0" index="79" bw="1" slack="0"/>
<pin id="1555" dir="0" index="80" bw="8" slack="0"/>
<pin id="1556" dir="0" index="81" bw="1" slack="0"/>
<pin id="1557" dir="0" index="82" bw="8" slack="0"/>
<pin id="1558" dir="0" index="83" bw="1" slack="0"/>
<pin id="1559" dir="0" index="84" bw="8" slack="0"/>
<pin id="1560" dir="0" index="85" bw="1" slack="0"/>
<pin id="1561" dir="0" index="86" bw="8" slack="0"/>
<pin id="1562" dir="0" index="87" bw="1" slack="0"/>
<pin id="1563" dir="0" index="88" bw="8" slack="0"/>
<pin id="1564" dir="0" index="89" bw="1" slack="0"/>
<pin id="1565" dir="0" index="90" bw="8" slack="0"/>
<pin id="1566" dir="0" index="91" bw="1" slack="0"/>
<pin id="1567" dir="0" index="92" bw="8" slack="0"/>
<pin id="1568" dir="0" index="93" bw="1" slack="0"/>
<pin id="1569" dir="0" index="94" bw="1" slack="0"/>
<pin id="1570" dir="0" index="95" bw="1" slack="0"/>
<pin id="1571" dir="0" index="96" bw="1" slack="0"/>
<pin id="1572" dir="0" index="97" bw="1" slack="0"/>
<pin id="1573" dir="0" index="98" bw="1" slack="0"/>
<pin id="1574" dir="0" index="99" bw="1" slack="0"/>
<pin id="1575" dir="0" index="100" bw="16" slack="0"/>
<pin id="1576" dir="0" index="101" bw="16" slack="0"/>
<pin id="1577" dir="0" index="102" bw="16" slack="0"/>
<pin id="1578" dir="0" index="103" bw="16" slack="0"/>
<pin id="1579" dir="0" index="104" bw="16" slack="0"/>
<pin id="1580" dir="0" index="105" bw="16" slack="0"/>
<pin id="1581" dir="0" index="106" bw="16" slack="0"/>
<pin id="1582" dir="0" index="107" bw="16" slack="0"/>
<pin id="1583" dir="0" index="108" bw="16" slack="0"/>
<pin id="1584" dir="0" index="109" bw="16" slack="0"/>
<pin id="1585" dir="0" index="110" bw="16" slack="0"/>
<pin id="1586" dir="0" index="111" bw="16" slack="0"/>
<pin id="1587" dir="0" index="112" bw="16" slack="0"/>
<pin id="1588" dir="0" index="113" bw="16" slack="0"/>
<pin id="1589" dir="0" index="114" bw="16" slack="0"/>
<pin id="1590" dir="0" index="115" bw="16" slack="0"/>
<pin id="1591" dir="0" index="116" bw="16" slack="0"/>
<pin id="1592" dir="0" index="117" bw="16" slack="0"/>
<pin id="1593" dir="0" index="118" bw="16" slack="0"/>
<pin id="1594" dir="0" index="119" bw="16" slack="0"/>
<pin id="1595" dir="0" index="120" bw="16" slack="0"/>
<pin id="1596" dir="0" index="121" bw="16" slack="0"/>
<pin id="1597" dir="0" index="122" bw="16" slack="0"/>
<pin id="1598" dir="0" index="123" bw="16" slack="0"/>
<pin id="1599" dir="0" index="124" bw="16" slack="0"/>
<pin id="1600" dir="0" index="125" bw="16" slack="0"/>
<pin id="1601" dir="0" index="126" bw="16" slack="0"/>
<pin id="1602" dir="0" index="127" bw="16" slack="0"/>
<pin id="1603" dir="0" index="128" bw="16" slack="0"/>
<pin id="1604" dir="0" index="129" bw="16" slack="0"/>
<pin id="1605" dir="0" index="130" bw="16" slack="0"/>
<pin id="1606" dir="0" index="131" bw="16" slack="0"/>
<pin id="1607" dir="0" index="132" bw="16" slack="0"/>
<pin id="1608" dir="0" index="133" bw="16" slack="0"/>
<pin id="1609" dir="0" index="134" bw="16" slack="0"/>
<pin id="1610" dir="0" index="135" bw="16" slack="0"/>
<pin id="1611" dir="0" index="136" bw="16" slack="0"/>
<pin id="1612" dir="0" index="137" bw="16" slack="0"/>
<pin id="1613" dir="0" index="138" bw="16" slack="0"/>
<pin id="1614" dir="0" index="139" bw="16" slack="0"/>
<pin id="1615" dir="0" index="140" bw="16" slack="0"/>
<pin id="1616" dir="0" index="141" bw="16" slack="0"/>
<pin id="1617" dir="0" index="142" bw="16" slack="0"/>
<pin id="1618" dir="0" index="143" bw="16" slack="0"/>
<pin id="1619" dir="0" index="144" bw="16" slack="0"/>
<pin id="1620" dir="0" index="145" bw="16" slack="0"/>
<pin id="1621" dir="0" index="146" bw="16" slack="0"/>
<pin id="1622" dir="0" index="147" bw="16" slack="0"/>
<pin id="1623" dir="0" index="148" bw="16" slack="0"/>
<pin id="1624" dir="0" index="149" bw="16" slack="0"/>
<pin id="1625" dir="0" index="150" bw="16" slack="0"/>
<pin id="1626" dir="0" index="151" bw="16" slack="0"/>
<pin id="1627" dir="0" index="152" bw="16" slack="0"/>
<pin id="1628" dir="0" index="153" bw="16" slack="0"/>
<pin id="1629" dir="0" index="154" bw="16" slack="0"/>
<pin id="1630" dir="0" index="155" bw="16" slack="0"/>
<pin id="1631" dir="0" index="156" bw="16" slack="0"/>
<pin id="1632" dir="0" index="157" bw="16" slack="0"/>
<pin id="1633" dir="0" index="158" bw="16" slack="0"/>
<pin id="1634" dir="0" index="159" bw="16" slack="0"/>
<pin id="1635" dir="0" index="160" bw="16" slack="0"/>
<pin id="1636" dir="0" index="161" bw="16" slack="0"/>
<pin id="1637" dir="0" index="162" bw="16" slack="0"/>
<pin id="1638" dir="0" index="163" bw="16" slack="0"/>
<pin id="1639" dir="1" index="164" bw="0" slack="2147483647"/>
</pin_list>
<bind>
<opcode="call(48) " fcode="call"/>
<opset="call_ln0/1 "/>
</bind>
</comp>

<comp id="1724" class="1004" name="start_k_cast16_fu_1724">
<pin_list>
<pin id="1725" dir="0" index="0" bw="3" slack="0"/>
<pin id="1726" dir="1" index="1" bw="4" slack="0"/>
</pin_list>
<bind>
<opcode="zext(34) " fcode="zext"/>
<opset="start_k_cast16/1 "/>
</bind>
</comp>

<comp id="1728" class="1004" name="icmp_ln81_fu_1728">
<pin_list>
<pin id="1729" dir="0" index="0" bw="3" slack="0"/>
<pin id="1730" dir="0" index="1" bw="4" slack="0"/>
<pin id="1731" dir="1" index="2" bw="1" slack="2"/>
</pin_list>
<bind>
<opcode="icmp(45) " fcode="icmp"/>
<opset="icmp_ln81/1 "/>
</bind>
</comp>

<comp id="1734" class="1004" name="cmp9_not_fu_1734">
<pin_list>
<pin id="1735" dir="0" index="0" bw="32" slack="0"/>
<pin id="1736" dir="0" index="1" bw="1" slack="0"/>
<pin id="1737" dir="1" index="2" bw="1" slack="0"/>
</pin_list>
<bind>
<opcode="icmp(45) " fcode="icmp"/>
<opset="cmp9_not/1 "/>
</bind>
</comp>

<comp id="1741" class="1004" name="cmp15_fu_1741">
<pin_list>
<pin id="1742" dir="0" index="0" bw="32" slack="0"/>
<pin id="1743" dir="0" index="1" bw="1" slack="0"/>
<pin id="1744" dir="1" index="2" bw="1" slack="0"/>
</pin_list>
<bind>
<opcode="icmp(45) " fcode="icmp"/>
<opset="cmp15/1 "/>
</bind>
</comp>

<comp id="1748" class="1004" name="tmp_fu_1748">
<pin_list>
<pin id="1749" dir="0" index="0" bw="31" slack="0"/>
<pin id="1750" dir="0" index="1" bw="32" slack="0"/>
<pin id="1751" dir="0" index="2" bw="1" slack="0"/>
<pin id="1752" dir="0" index="3" bw="6" slack="0"/>
<pin id="1753" dir="1" index="4" bw="31" slack="0"/>
</pin_list>
<bind>
<opcode="partselect(1002) " fcode="partselect"/>
<opset="tmp/1 "/>
</bind>
</comp>

<comp id="1758" class="1004" name="icmp_fu_1758">
<pin_list>
<pin id="1759" dir="0" index="0" bw="31" slack="0"/>
<pin id="1760" dir="0" index="1" bw="1" slack="0"/>
<pin id="1761" dir="1" index="2" bw="1" slack="0"/>
</pin_list>
<bind>
<opcode="icmp(45) " fcode="icmp"/>
<opset="icmp/1 "/>
</bind>
</comp>

<comp id="1765" class="1004" name="cmp15_240_fu_1765">
<pin_list>
<pin id="1766" dir="0" index="0" bw="32" slack="0"/>
<pin id="1767" dir="0" index="1" bw="3" slack="0"/>
<pin id="1768" dir="1" index="2" bw="1" slack="0"/>
</pin_list>
<bind>
<opcode="icmp(45) " fcode="icmp"/>
<opset="cmp15_240/1 "/>
</bind>
</comp>

<comp id="1772" class="1004" name="tmp_1_fu_1772">
<pin_list>
<pin id="1773" dir="0" index="0" bw="30" slack="0"/>
<pin id="1774" dir="0" index="1" bw="32" slack="0"/>
<pin id="1775" dir="0" index="2" bw="3" slack="0"/>
<pin id="1776" dir="0" index="3" bw="6" slack="0"/>
<pin id="1777" dir="1" index="4" bw="30" slack="0"/>
</pin_list>
<bind>
<opcode="partselect(1002) " fcode="partselect"/>
<opset="tmp_1/1 "/>
</bind>
</comp>

<comp id="1782" class="1004" name="icmp3_fu_1782">
<pin_list>
<pin id="1783" dir="0" index="0" bw="30" slack="0"/>
<pin id="1784" dir="0" index="1" bw="1" slack="0"/>
<pin id="1785" dir="1" index="2" bw="1" slack="0"/>
</pin_list>
<bind>
<opcode="icmp(45) " fcode="icmp"/>
<opset="icmp3/1 "/>
</bind>
</comp>

<comp id="1789" class="1004" name="cmp15_496_fu_1789">
<pin_list>
<pin id="1790" dir="0" index="0" bw="32" slack="0"/>
<pin id="1791" dir="0" index="1" bw="4" slack="0"/>
<pin id="1792" dir="1" index="2" bw="1" slack="0"/>
</pin_list>
<bind>
<opcode="icmp(45) " fcode="icmp"/>
<opset="cmp15_496/1 "/>
</bind>
</comp>

<comp id="1796" class="1004" name="cmp15_5124_fu_1796">
<pin_list>
<pin id="1797" dir="0" index="0" bw="32" slack="0"/>
<pin id="1798" dir="0" index="1" bw="4" slack="0"/>
<pin id="1799" dir="1" index="2" bw="1" slack="0"/>
</pin_list>
<bind>
<opcode="icmp(45) " fcode="icmp"/>
<opset="cmp15_5124/1 "/>
</bind>
</comp>

<comp id="1803" class="1004" name="cmp15_6152_fu_1803">
<pin_list>
<pin id="1804" dir="0" index="0" bw="32" slack="0"/>
<pin id="1805" dir="0" index="1" bw="4" slack="0"/>
<pin id="1806" dir="1" index="2" bw="1" slack="0"/>
</pin_list>
<bind>
<opcode="icmp(45) " fcode="icmp"/>
<opset="cmp15_6152/1 "/>
</bind>
</comp>

<comp id="1810" class="1004" name="tmp_2_fu_1810">
<pin_list>
<pin id="1811" dir="0" index="0" bw="29" slack="0"/>
<pin id="1812" dir="0" index="1" bw="32" slack="0"/>
<pin id="1813" dir="0" index="2" bw="3" slack="0"/>
<pin id="1814" dir="0" index="3" bw="6" slack="0"/>
<pin id="1815" dir="1" index="4" bw="29" slack="0"/>
</pin_list>
<bind>
<opcode="partselect(1002) " fcode="partselect"/>
<opset="tmp_2/1 "/>
</bind>
</comp>

<comp id="1820" class="1004" name="icmp6_fu_1820">
<pin_list>
<pin id="1821" dir="0" index="0" bw="29" slack="0"/>
<pin id="1822" dir="0" index="1" bw="1" slack="0"/>
<pin id="1823" dir="1" index="2" bw="1" slack="0"/>
</pin_list>
<bind>
<opcode="icmp(45) " fcode="icmp"/>
<opset="icmp6/1 "/>
</bind>
</comp>

<comp id="1827" class="1004" name="tmp_3_fu_1827">
<pin_list>
<pin id="1828" dir="0" index="0" bw="31" slack="0"/>
<pin id="1829" dir="0" index="1" bw="32" slack="0"/>
<pin id="1830" dir="0" index="2" bw="1" slack="0"/>
<pin id="1831" dir="0" index="3" bw="6" slack="0"/>
<pin id="1832" dir="1" index="4" bw="31" slack="0"/>
</pin_list>
<bind>
<opcode="partselect(1002) " fcode="partselect"/>
<opset="tmp_3/1 "/>
</bind>
</comp>

<comp id="1837" class="1004" name="icmp9_fu_1837">
<pin_list>
<pin id="1838" dir="0" index="0" bw="31" slack="0"/>
<pin id="1839" dir="0" index="1" bw="1" slack="0"/>
<pin id="1840" dir="1" index="2" bw="1" slack="0"/>
</pin_list>
<bind>
<opcode="icmp(45) " fcode="icmp"/>
<opset="icmp9/1 "/>
</bind>
</comp>

<comp id="1844" class="1004" name="cmp9_2_not_fu_1844">
<pin_list>
<pin id="1845" dir="0" index="0" bw="32" slack="0"/>
<pin id="1846" dir="0" index="1" bw="3" slack="0"/>
<pin id="1847" dir="1" index="2" bw="1" slack="0"/>
</pin_list>
<bind>
<opcode="icmp(45) " fcode="icmp"/>
<opset="cmp9_2_not/1 "/>
</bind>
</comp>

<comp id="1851" class="1004" name="tmp_4_fu_1851">
<pin_list>
<pin id="1852" dir="0" index="0" bw="30" slack="0"/>
<pin id="1853" dir="0" index="1" bw="32" slack="0"/>
<pin id="1854" dir="0" index="2" bw="3" slack="0"/>
<pin id="1855" dir="0" index="3" bw="6" slack="0"/>
<pin id="1856" dir="1" index="4" bw="30" slack="0"/>
</pin_list>
<bind>
<opcode="partselect(1002) " fcode="partselect"/>
<opset="tmp_4/1 "/>
</bind>
</comp>

<comp id="1861" class="1004" name="icmp12_fu_1861">
<pin_list>
<pin id="1862" dir="0" index="0" bw="30" slack="0"/>
<pin id="1863" dir="0" index="1" bw="1" slack="0"/>
<pin id="1864" dir="1" index="2" bw="1" slack="0"/>
</pin_list>
<bind>
<opcode="icmp(45) " fcode="icmp"/>
<opset="icmp12/1 "/>
</bind>
</comp>

<comp id="1868" class="1004" name="cmp9_4_not_fu_1868">
<pin_list>
<pin id="1869" dir="0" index="0" bw="32" slack="0"/>
<pin id="1870" dir="0" index="1" bw="4" slack="0"/>
<pin id="1871" dir="1" index="2" bw="1" slack="0"/>
</pin_list>
<bind>
<opcode="icmp(45) " fcode="icmp"/>
<opset="cmp9_4_not/1 "/>
</bind>
</comp>

<comp id="1875" class="1004" name="cmp9_5_not_fu_1875">
<pin_list>
<pin id="1876" dir="0" index="0" bw="32" slack="0"/>
<pin id="1877" dir="0" index="1" bw="4" slack="0"/>
<pin id="1878" dir="1" index="2" bw="1" slack="0"/>
</pin_list>
<bind>
<opcode="icmp(45) " fcode="icmp"/>
<opset="cmp9_5_not/1 "/>
</bind>
</comp>

<comp id="1882" class="1004" name="cmp9_6_not_fu_1882">
<pin_list>
<pin id="1883" dir="0" index="0" bw="32" slack="0"/>
<pin id="1884" dir="0" index="1" bw="4" slack="0"/>
<pin id="1885" dir="1" index="2" bw="1" slack="0"/>
</pin_list>
<bind>
<opcode="icmp(45) " fcode="icmp"/>
<opset="cmp9_6_not/1 "/>
</bind>
</comp>

<comp id="1889" class="1004" name="tmp_5_fu_1889">
<pin_list>
<pin id="1890" dir="0" index="0" bw="29" slack="0"/>
<pin id="1891" dir="0" index="1" bw="32" slack="0"/>
<pin id="1892" dir="0" index="2" bw="3" slack="0"/>
<pin id="1893" dir="0" index="3" bw="6" slack="0"/>
<pin id="1894" dir="1" index="4" bw="29" slack="0"/>
</pin_list>
<bind>
<opcode="partselect(1002) " fcode="partselect"/>
<opset="tmp_5/1 "/>
</bind>
</comp>

<comp id="1899" class="1004" name="icmp15_fu_1899">
<pin_list>
<pin id="1900" dir="0" index="0" bw="29" slack="0"/>
<pin id="1901" dir="0" index="1" bw="1" slack="0"/>
<pin id="1902" dir="1" index="2" bw="1" slack="0"/>
</pin_list>
<bind>
<opcode="icmp(45) " fcode="icmp"/>
<opset="icmp15/1 "/>
</bind>
</comp>

<comp id="1906" class="1004" name="c_row_major_7_7_0_loc_load_load_fu_1906">
<pin_list>
<pin id="1907" dir="0" index="0" bw="16" slack="2"/>
<pin id="1908" dir="1" index="1" bw="16" slack="0"/>
</pin_list>
<bind>
<opcode="load(27) " fcode="load"/>
<opset="c_row_major_7_7_0_loc_load/3 "/>
</bind>
</comp>

<comp id="1910" class="1004" name="c_row_major_7_6_0_loc_load_load_fu_1910">
<pin_list>
<pin id="1911" dir="0" index="0" bw="16" slack="2"/>
<pin id="1912" dir="1" index="1" bw="16" slack="0"/>
</pin_list>
<bind>
<opcode="load(27) " fcode="load"/>
<opset="c_row_major_7_6_0_loc_load/3 "/>
</bind>
</comp>

<comp id="1914" class="1004" name="c_row_major_7_5_0_loc_load_load_fu_1914">
<pin_list>
<pin id="1915" dir="0" index="0" bw="16" slack="2"/>
<pin id="1916" dir="1" index="1" bw="16" slack="0"/>
</pin_list>
<bind>
<opcode="load(27) " fcode="load"/>
<opset="c_row_major_7_5_0_loc_load/3 "/>
</bind>
</comp>

<comp id="1918" class="1004" name="c_row_major_7_4_0_loc_load_load_fu_1918">
<pin_list>
<pin id="1919" dir="0" index="0" bw="16" slack="2"/>
<pin id="1920" dir="1" index="1" bw="16" slack="0"/>
</pin_list>
<bind>
<opcode="load(27) " fcode="load"/>
<opset="c_row_major_7_4_0_loc_load/3 "/>
</bind>
</comp>

<comp id="1922" class="1004" name="c_row_major_7_3_0_loc_load_load_fu_1922">
<pin_list>
<pin id="1923" dir="0" index="0" bw="16" slack="2"/>
<pin id="1924" dir="1" index="1" bw="16" slack="0"/>
</pin_list>
<bind>
<opcode="load(27) " fcode="load"/>
<opset="c_row_major_7_3_0_loc_load/3 "/>
</bind>
</comp>

<comp id="1926" class="1004" name="c_row_major_7_2_0_loc_load_load_fu_1926">
<pin_list>
<pin id="1927" dir="0" index="0" bw="16" slack="2"/>
<pin id="1928" dir="1" index="1" bw="16" slack="0"/>
</pin_list>
<bind>
<opcode="load(27) " fcode="load"/>
<opset="c_row_major_7_2_0_loc_load/3 "/>
</bind>
</comp>

<comp id="1930" class="1004" name="c_row_major_7_1_0_loc_load_load_fu_1930">
<pin_list>
<pin id="1931" dir="0" index="0" bw="16" slack="2"/>
<pin id="1932" dir="1" index="1" bw="16" slack="0"/>
</pin_list>
<bind>
<opcode="load(27) " fcode="load"/>
<opset="c_row_major_7_1_0_loc_load/3 "/>
</bind>
</comp>

<comp id="1934" class="1004" name="c_row_major_7_0_0_loc_load_load_fu_1934">
<pin_list>
<pin id="1935" dir="0" index="0" bw="16" slack="2"/>
<pin id="1936" dir="1" index="1" bw="16" slack="0"/>
</pin_list>
<bind>
<opcode="load(27) " fcode="load"/>
<opset="c_row_major_7_0_0_loc_load/3 "/>
</bind>
</comp>

<comp id="1938" class="1004" name="c_row_major_6_7_0_loc_load_load_fu_1938">
<pin_list>
<pin id="1939" dir="0" index="0" bw="16" slack="2"/>
<pin id="1940" dir="1" index="1" bw="16" slack="0"/>
</pin_list>
<bind>
<opcode="load(27) " fcode="load"/>
<opset="c_row_major_6_7_0_loc_load/3 "/>
</bind>
</comp>

<comp id="1942" class="1004" name="c_row_major_6_6_0_loc_load_load_fu_1942">
<pin_list>
<pin id="1943" dir="0" index="0" bw="16" slack="2"/>
<pin id="1944" dir="1" index="1" bw="16" slack="0"/>
</pin_list>
<bind>
<opcode="load(27) " fcode="load"/>
<opset="c_row_major_6_6_0_loc_load/3 "/>
</bind>
</comp>

<comp id="1946" class="1004" name="c_row_major_6_5_0_loc_load_load_fu_1946">
<pin_list>
<pin id="1947" dir="0" index="0" bw="16" slack="2"/>
<pin id="1948" dir="1" index="1" bw="16" slack="0"/>
</pin_list>
<bind>
<opcode="load(27) " fcode="load"/>
<opset="c_row_major_6_5_0_loc_load/3 "/>
</bind>
</comp>

<comp id="1950" class="1004" name="c_row_major_6_4_0_loc_load_load_fu_1950">
<pin_list>
<pin id="1951" dir="0" index="0" bw="16" slack="2"/>
<pin id="1952" dir="1" index="1" bw="16" slack="0"/>
</pin_list>
<bind>
<opcode="load(27) " fcode="load"/>
<opset="c_row_major_6_4_0_loc_load/3 "/>
</bind>
</comp>

<comp id="1954" class="1004" name="c_row_major_6_3_0_loc_load_load_fu_1954">
<pin_list>
<pin id="1955" dir="0" index="0" bw="16" slack="2"/>
<pin id="1956" dir="1" index="1" bw="16" slack="0"/>
</pin_list>
<bind>
<opcode="load(27) " fcode="load"/>
<opset="c_row_major_6_3_0_loc_load/3 "/>
</bind>
</comp>

<comp id="1958" class="1004" name="c_row_major_6_2_0_loc_load_load_fu_1958">
<pin_list>
<pin id="1959" dir="0" index="0" bw="16" slack="2"/>
<pin id="1960" dir="1" index="1" bw="16" slack="0"/>
</pin_list>
<bind>
<opcode="load(27) " fcode="load"/>
<opset="c_row_major_6_2_0_loc_load/3 "/>
</bind>
</comp>

<comp id="1962" class="1004" name="c_row_major_6_1_0_loc_load_load_fu_1962">
<pin_list>
<pin id="1963" dir="0" index="0" bw="16" slack="2"/>
<pin id="1964" dir="1" index="1" bw="16" slack="0"/>
</pin_list>
<bind>
<opcode="load(27) " fcode="load"/>
<opset="c_row_major_6_1_0_loc_load/3 "/>
</bind>
</comp>

<comp id="1966" class="1004" name="c_row_major_6_0_0_loc_load_load_fu_1966">
<pin_list>
<pin id="1967" dir="0" index="0" bw="16" slack="2"/>
<pin id="1968" dir="1" index="1" bw="16" slack="0"/>
</pin_list>
<bind>
<opcode="load(27) " fcode="load"/>
<opset="c_row_major_6_0_0_loc_load/3 "/>
</bind>
</comp>

<comp id="1970" class="1004" name="c_row_major_5_7_0_loc_load_load_fu_1970">
<pin_list>
<pin id="1971" dir="0" index="0" bw="16" slack="2"/>
<pin id="1972" dir="1" index="1" bw="16" slack="0"/>
</pin_list>
<bind>
<opcode="load(27) " fcode="load"/>
<opset="c_row_major_5_7_0_loc_load/3 "/>
</bind>
</comp>

<comp id="1974" class="1004" name="c_row_major_5_6_0_loc_load_load_fu_1974">
<pin_list>
<pin id="1975" dir="0" index="0" bw="16" slack="2"/>
<pin id="1976" dir="1" index="1" bw="16" slack="0"/>
</pin_list>
<bind>
<opcode="load(27) " fcode="load"/>
<opset="c_row_major_5_6_0_loc_load/3 "/>
</bind>
</comp>

<comp id="1978" class="1004" name="c_row_major_5_5_0_loc_load_load_fu_1978">
<pin_list>
<pin id="1979" dir="0" index="0" bw="16" slack="2"/>
<pin id="1980" dir="1" index="1" bw="16" slack="0"/>
</pin_list>
<bind>
<opcode="load(27) " fcode="load"/>
<opset="c_row_major_5_5_0_loc_load/3 "/>
</bind>
</comp>

<comp id="1982" class="1004" name="c_row_major_5_4_0_loc_load_load_fu_1982">
<pin_list>
<pin id="1983" dir="0" index="0" bw="16" slack="2"/>
<pin id="1984" dir="1" index="1" bw="16" slack="0"/>
</pin_list>
<bind>
<opcode="load(27) " fcode="load"/>
<opset="c_row_major_5_4_0_loc_load/3 "/>
</bind>
</comp>

<comp id="1986" class="1004" name="c_row_major_5_3_0_loc_load_load_fu_1986">
<pin_list>
<pin id="1987" dir="0" index="0" bw="16" slack="2"/>
<pin id="1988" dir="1" index="1" bw="16" slack="0"/>
</pin_list>
<bind>
<opcode="load(27) " fcode="load"/>
<opset="c_row_major_5_3_0_loc_load/3 "/>
</bind>
</comp>

<comp id="1990" class="1004" name="c_row_major_5_2_0_loc_load_load_fu_1990">
<pin_list>
<pin id="1991" dir="0" index="0" bw="16" slack="2"/>
<pin id="1992" dir="1" index="1" bw="16" slack="0"/>
</pin_list>
<bind>
<opcode="load(27) " fcode="load"/>
<opset="c_row_major_5_2_0_loc_load/3 "/>
</bind>
</comp>

<comp id="1994" class="1004" name="c_row_major_5_1_0_loc_load_load_fu_1994">
<pin_list>
<pin id="1995" dir="0" index="0" bw="16" slack="2"/>
<pin id="1996" dir="1" index="1" bw="16" slack="0"/>
</pin_list>
<bind>
<opcode="load(27) " fcode="load"/>
<opset="c_row_major_5_1_0_loc_load/3 "/>
</bind>
</comp>

<comp id="1998" class="1004" name="c_row_major_5_0_0_loc_load_load_fu_1998">
<pin_list>
<pin id="1999" dir="0" index="0" bw="16" slack="2"/>
<pin id="2000" dir="1" index="1" bw="16" slack="0"/>
</pin_list>
<bind>
<opcode="load(27) " fcode="load"/>
<opset="c_row_major_5_0_0_loc_load/3 "/>
</bind>
</comp>

<comp id="2002" class="1004" name="c_row_major_4_7_0_loc_load_load_fu_2002">
<pin_list>
<pin id="2003" dir="0" index="0" bw="16" slack="2"/>
<pin id="2004" dir="1" index="1" bw="16" slack="0"/>
</pin_list>
<bind>
<opcode="load(27) " fcode="load"/>
<opset="c_row_major_4_7_0_loc_load/3 "/>
</bind>
</comp>

<comp id="2006" class="1004" name="c_row_major_4_6_0_loc_load_load_fu_2006">
<pin_list>
<pin id="2007" dir="0" index="0" bw="16" slack="2"/>
<pin id="2008" dir="1" index="1" bw="16" slack="0"/>
</pin_list>
<bind>
<opcode="load(27) " fcode="load"/>
<opset="c_row_major_4_6_0_loc_load/3 "/>
</bind>
</comp>

<comp id="2010" class="1004" name="c_row_major_4_5_0_loc_load_load_fu_2010">
<pin_list>
<pin id="2011" dir="0" index="0" bw="16" slack="2"/>
<pin id="2012" dir="1" index="1" bw="16" slack="0"/>
</pin_list>
<bind>
<opcode="load(27) " fcode="load"/>
<opset="c_row_major_4_5_0_loc_load/3 "/>
</bind>
</comp>

<comp id="2014" class="1004" name="c_row_major_4_4_0_loc_load_load_fu_2014">
<pin_list>
<pin id="2015" dir="0" index="0" bw="16" slack="2"/>
<pin id="2016" dir="1" index="1" bw="16" slack="0"/>
</pin_list>
<bind>
<opcode="load(27) " fcode="load"/>
<opset="c_row_major_4_4_0_loc_load/3 "/>
</bind>
</comp>

<comp id="2018" class="1004" name="c_row_major_4_3_0_loc_load_load_fu_2018">
<pin_list>
<pin id="2019" dir="0" index="0" bw="16" slack="2"/>
<pin id="2020" dir="1" index="1" bw="16" slack="0"/>
</pin_list>
<bind>
<opcode="load(27) " fcode="load"/>
<opset="c_row_major_4_3_0_loc_load/3 "/>
</bind>
</comp>

<comp id="2022" class="1004" name="c_row_major_4_2_0_loc_load_load_fu_2022">
<pin_list>
<pin id="2023" dir="0" index="0" bw="16" slack="2"/>
<pin id="2024" dir="1" index="1" bw="16" slack="0"/>
</pin_list>
<bind>
<opcode="load(27) " fcode="load"/>
<opset="c_row_major_4_2_0_loc_load/3 "/>
</bind>
</comp>

<comp id="2026" class="1004" name="c_row_major_4_1_0_loc_load_load_fu_2026">
<pin_list>
<pin id="2027" dir="0" index="0" bw="16" slack="2"/>
<pin id="2028" dir="1" index="1" bw="16" slack="0"/>
</pin_list>
<bind>
<opcode="load(27) " fcode="load"/>
<opset="c_row_major_4_1_0_loc_load/3 "/>
</bind>
</comp>

<comp id="2030" class="1004" name="c_row_major_4_0_0_loc_load_load_fu_2030">
<pin_list>
<pin id="2031" dir="0" index="0" bw="16" slack="2"/>
<pin id="2032" dir="1" index="1" bw="16" slack="0"/>
</pin_list>
<bind>
<opcode="load(27) " fcode="load"/>
<opset="c_row_major_4_0_0_loc_load/3 "/>
</bind>
</comp>

<comp id="2034" class="1004" name="c_row_major_3_7_0_loc_load_load_fu_2034">
<pin_list>
<pin id="2035" dir="0" index="0" bw="16" slack="2"/>
<pin id="2036" dir="1" index="1" bw="16" slack="0"/>
</pin_list>
<bind>
<opcode="load(27) " fcode="load"/>
<opset="c_row_major_3_7_0_loc_load/3 "/>
</bind>
</comp>

<comp id="2038" class="1004" name="c_row_major_3_6_0_loc_load_load_fu_2038">
<pin_list>
<pin id="2039" dir="0" index="0" bw="16" slack="2"/>
<pin id="2040" dir="1" index="1" bw="16" slack="0"/>
</pin_list>
<bind>
<opcode="load(27) " fcode="load"/>
<opset="c_row_major_3_6_0_loc_load/3 "/>
</bind>
</comp>

<comp id="2042" class="1004" name="c_row_major_3_5_0_loc_load_load_fu_2042">
<pin_list>
<pin id="2043" dir="0" index="0" bw="16" slack="2"/>
<pin id="2044" dir="1" index="1" bw="16" slack="0"/>
</pin_list>
<bind>
<opcode="load(27) " fcode="load"/>
<opset="c_row_major_3_5_0_loc_load/3 "/>
</bind>
</comp>

<comp id="2046" class="1004" name="c_row_major_3_4_0_loc_load_load_fu_2046">
<pin_list>
<pin id="2047" dir="0" index="0" bw="16" slack="2"/>
<pin id="2048" dir="1" index="1" bw="16" slack="0"/>
</pin_list>
<bind>
<opcode="load(27) " fcode="load"/>
<opset="c_row_major_3_4_0_loc_load/3 "/>
</bind>
</comp>

<comp id="2050" class="1004" name="c_row_major_3_3_0_loc_load_load_fu_2050">
<pin_list>
<pin id="2051" dir="0" index="0" bw="16" slack="2"/>
<pin id="2052" dir="1" index="1" bw="16" slack="0"/>
</pin_list>
<bind>
<opcode="load(27) " fcode="load"/>
<opset="c_row_major_3_3_0_loc_load/3 "/>
</bind>
</comp>

<comp id="2054" class="1004" name="c_row_major_3_2_0_loc_load_load_fu_2054">
<pin_list>
<pin id="2055" dir="0" index="0" bw="16" slack="2"/>
<pin id="2056" dir="1" index="1" bw="16" slack="0"/>
</pin_list>
<bind>
<opcode="load(27) " fcode="load"/>
<opset="c_row_major_3_2_0_loc_load/3 "/>
</bind>
</comp>

<comp id="2058" class="1004" name="c_row_major_3_1_0_loc_load_load_fu_2058">
<pin_list>
<pin id="2059" dir="0" index="0" bw="16" slack="2"/>
<pin id="2060" dir="1" index="1" bw="16" slack="0"/>
</pin_list>
<bind>
<opcode="load(27) " fcode="load"/>
<opset="c_row_major_3_1_0_loc_load/3 "/>
</bind>
</comp>

<comp id="2062" class="1004" name="c_row_major_3_0_0_loc_load_load_fu_2062">
<pin_list>
<pin id="2063" dir="0" index="0" bw="16" slack="2"/>
<pin id="2064" dir="1" index="1" bw="16" slack="0"/>
</pin_list>
<bind>
<opcode="load(27) " fcode="load"/>
<opset="c_row_major_3_0_0_loc_load/3 "/>
</bind>
</comp>

<comp id="2066" class="1004" name="c_row_major_2_7_0_loc_load_load_fu_2066">
<pin_list>
<pin id="2067" dir="0" index="0" bw="16" slack="2"/>
<pin id="2068" dir="1" index="1" bw="16" slack="0"/>
</pin_list>
<bind>
<opcode="load(27) " fcode="load"/>
<opset="c_row_major_2_7_0_loc_load/3 "/>
</bind>
</comp>

<comp id="2070" class="1004" name="c_row_major_2_6_0_loc_load_load_fu_2070">
<pin_list>
<pin id="2071" dir="0" index="0" bw="16" slack="2"/>
<pin id="2072" dir="1" index="1" bw="16" slack="0"/>
</pin_list>
<bind>
<opcode="load(27) " fcode="load"/>
<opset="c_row_major_2_6_0_loc_load/3 "/>
</bind>
</comp>

<comp id="2074" class="1004" name="c_row_major_2_5_0_loc_load_load_fu_2074">
<pin_list>
<pin id="2075" dir="0" index="0" bw="16" slack="2"/>
<pin id="2076" dir="1" index="1" bw="16" slack="0"/>
</pin_list>
<bind>
<opcode="load(27) " fcode="load"/>
<opset="c_row_major_2_5_0_loc_load/3 "/>
</bind>
</comp>

<comp id="2078" class="1004" name="c_row_major_2_4_0_loc_load_load_fu_2078">
<pin_list>
<pin id="2079" dir="0" index="0" bw="16" slack="2"/>
<pin id="2080" dir="1" index="1" bw="16" slack="0"/>
</pin_list>
<bind>
<opcode="load(27) " fcode="load"/>
<opset="c_row_major_2_4_0_loc_load/3 "/>
</bind>
</comp>

<comp id="2082" class="1004" name="c_row_major_2_3_0_loc_load_load_fu_2082">
<pin_list>
<pin id="2083" dir="0" index="0" bw="16" slack="2"/>
<pin id="2084" dir="1" index="1" bw="16" slack="0"/>
</pin_list>
<bind>
<opcode="load(27) " fcode="load"/>
<opset="c_row_major_2_3_0_loc_load/3 "/>
</bind>
</comp>

<comp id="2086" class="1004" name="c_row_major_2_2_0_loc_load_load_fu_2086">
<pin_list>
<pin id="2087" dir="0" index="0" bw="16" slack="2"/>
<pin id="2088" dir="1" index="1" bw="16" slack="0"/>
</pin_list>
<bind>
<opcode="load(27) " fcode="load"/>
<opset="c_row_major_2_2_0_loc_load/3 "/>
</bind>
</comp>

<comp id="2090" class="1004" name="c_row_major_2_1_0_loc_load_load_fu_2090">
<pin_list>
<pin id="2091" dir="0" index="0" bw="16" slack="2"/>
<pin id="2092" dir="1" index="1" bw="16" slack="0"/>
</pin_list>
<bind>
<opcode="load(27) " fcode="load"/>
<opset="c_row_major_2_1_0_loc_load/3 "/>
</bind>
</comp>

<comp id="2094" class="1004" name="c_row_major_2_0_0_loc_load_load_fu_2094">
<pin_list>
<pin id="2095" dir="0" index="0" bw="16" slack="2"/>
<pin id="2096" dir="1" index="1" bw="16" slack="0"/>
</pin_list>
<bind>
<opcode="load(27) " fcode="load"/>
<opset="c_row_major_2_0_0_loc_load/3 "/>
</bind>
</comp>

<comp id="2098" class="1004" name="c_row_major_1_7_0_loc_load_load_fu_2098">
<pin_list>
<pin id="2099" dir="0" index="0" bw="16" slack="2"/>
<pin id="2100" dir="1" index="1" bw="16" slack="0"/>
</pin_list>
<bind>
<opcode="load(27) " fcode="load"/>
<opset="c_row_major_1_7_0_loc_load/3 "/>
</bind>
</comp>

<comp id="2102" class="1004" name="c_row_major_1_6_0_loc_load_load_fu_2102">
<pin_list>
<pin id="2103" dir="0" index="0" bw="16" slack="2"/>
<pin id="2104" dir="1" index="1" bw="16" slack="0"/>
</pin_list>
<bind>
<opcode="load(27) " fcode="load"/>
<opset="c_row_major_1_6_0_loc_load/3 "/>
</bind>
</comp>

<comp id="2106" class="1004" name="c_row_major_1_5_0_loc_load_load_fu_2106">
<pin_list>
<pin id="2107" dir="0" index="0" bw="16" slack="2"/>
<pin id="2108" dir="1" index="1" bw="16" slack="0"/>
</pin_list>
<bind>
<opcode="load(27) " fcode="load"/>
<opset="c_row_major_1_5_0_loc_load/3 "/>
</bind>
</comp>

<comp id="2110" class="1004" name="c_row_major_1_4_0_loc_load_load_fu_2110">
<pin_list>
<pin id="2111" dir="0" index="0" bw="16" slack="2"/>
<pin id="2112" dir="1" index="1" bw="16" slack="0"/>
</pin_list>
<bind>
<opcode="load(27) " fcode="load"/>
<opset="c_row_major_1_4_0_loc_load/3 "/>
</bind>
</comp>

<comp id="2114" class="1004" name="c_row_major_1_3_0_loc_load_load_fu_2114">
<pin_list>
<pin id="2115" dir="0" index="0" bw="16" slack="2"/>
<pin id="2116" dir="1" index="1" bw="16" slack="0"/>
</pin_list>
<bind>
<opcode="load(27) " fcode="load"/>
<opset="c_row_major_1_3_0_loc_load/3 "/>
</bind>
</comp>

<comp id="2118" class="1004" name="c_row_major_1_2_0_loc_load_load_fu_2118">
<pin_list>
<pin id="2119" dir="0" index="0" bw="16" slack="2"/>
<pin id="2120" dir="1" index="1" bw="16" slack="0"/>
</pin_list>
<bind>
<opcode="load(27) " fcode="load"/>
<opset="c_row_major_1_2_0_loc_load/3 "/>
</bind>
</comp>

<comp id="2122" class="1004" name="c_row_major_1_1_0_loc_load_load_fu_2122">
<pin_list>
<pin id="2123" dir="0" index="0" bw="16" slack="2"/>
<pin id="2124" dir="1" index="1" bw="16" slack="0"/>
</pin_list>
<bind>
<opcode="load(27) " fcode="load"/>
<opset="c_row_major_1_1_0_loc_load/3 "/>
</bind>
</comp>

<comp id="2126" class="1004" name="c_row_major_1_0_0_loc_load_load_fu_2126">
<pin_list>
<pin id="2127" dir="0" index="0" bw="16" slack="2"/>
<pin id="2128" dir="1" index="1" bw="16" slack="0"/>
</pin_list>
<bind>
<opcode="load(27) " fcode="load"/>
<opset="c_row_major_1_0_0_loc_load/3 "/>
</bind>
</comp>

<comp id="2130" class="1004" name="c_row_major_0_7_0_loc_load_load_fu_2130">
<pin_list>
<pin id="2131" dir="0" index="0" bw="16" slack="2"/>
<pin id="2132" dir="1" index="1" bw="16" slack="0"/>
</pin_list>
<bind>
<opcode="load(27) " fcode="load"/>
<opset="c_row_major_0_7_0_loc_load/3 "/>
</bind>
</comp>

<comp id="2134" class="1004" name="c_row_major_0_6_0_loc_load_load_fu_2134">
<pin_list>
<pin id="2135" dir="0" index="0" bw="16" slack="2"/>
<pin id="2136" dir="1" index="1" bw="16" slack="0"/>
</pin_list>
<bind>
<opcode="load(27) " fcode="load"/>
<opset="c_row_major_0_6_0_loc_load/3 "/>
</bind>
</comp>

<comp id="2138" class="1004" name="c_row_major_0_5_0_loc_load_load_fu_2138">
<pin_list>
<pin id="2139" dir="0" index="0" bw="16" slack="2"/>
<pin id="2140" dir="1" index="1" bw="16" slack="0"/>
</pin_list>
<bind>
<opcode="load(27) " fcode="load"/>
<opset="c_row_major_0_5_0_loc_load/3 "/>
</bind>
</comp>

<comp id="2142" class="1004" name="c_row_major_0_4_0_loc_load_load_fu_2142">
<pin_list>
<pin id="2143" dir="0" index="0" bw="16" slack="2"/>
<pin id="2144" dir="1" index="1" bw="16" slack="0"/>
</pin_list>
<bind>
<opcode="load(27) " fcode="load"/>
<opset="c_row_major_0_4_0_loc_load/3 "/>
</bind>
</comp>

<comp id="2146" class="1004" name="c_row_major_0_3_0_loc_load_load_fu_2146">
<pin_list>
<pin id="2147" dir="0" index="0" bw="16" slack="2"/>
<pin id="2148" dir="1" index="1" bw="16" slack="0"/>
</pin_list>
<bind>
<opcode="load(27) " fcode="load"/>
<opset="c_row_major_0_3_0_loc_load/3 "/>
</bind>
</comp>

<comp id="2150" class="1004" name="c_row_major_0_2_0_loc_load_load_fu_2150">
<pin_list>
<pin id="2151" dir="0" index="0" bw="16" slack="2"/>
<pin id="2152" dir="1" index="1" bw="16" slack="0"/>
</pin_list>
<bind>
<opcode="load(27) " fcode="load"/>
<opset="c_row_major_0_2_0_loc_load/3 "/>
</bind>
</comp>

<comp id="2154" class="1004" name="c_row_major_0_1_0_loc_load_load_fu_2154">
<pin_list>
<pin id="2155" dir="0" index="0" bw="16" slack="2"/>
<pin id="2156" dir="1" index="1" bw="16" slack="0"/>
</pin_list>
<bind>
<opcode="load(27) " fcode="load"/>
<opset="c_row_major_0_1_0_loc_load/3 "/>
</bind>
</comp>

<comp id="2158" class="1004" name="c_row_major_0_0_0_loc_load_load_fu_2158">
<pin_list>
<pin id="2159" dir="0" index="0" bw="16" slack="2"/>
<pin id="2160" dir="1" index="1" bw="16" slack="0"/>
</pin_list>
<bind>
<opcode="load(27) " fcode="load"/>
<opset="c_row_major_0_0_0_loc_load/3 "/>
</bind>
</comp>

<comp id="2162" class="1004" name="mrv_fu_2162">
<pin_list>
<pin id="2163" dir="0" index="0" bw="1024" slack="0"/>
<pin id="2164" dir="0" index="1" bw="16" slack="0"/>
<pin id="2165" dir="1" index="2" bw="1024" slack="0"/>
</pin_list>
<bind>
<opcode="insertvalue(57) " fcode="insertvalue"/>
<opset="mrv/3 "/>
</bind>
</comp>

<comp id="2168" class="1004" name="mrv_1_fu_2168">
<pin_list>
<pin id="2169" dir="0" index="0" bw="1024" slack="0"/>
<pin id="2170" dir="0" index="1" bw="16" slack="0"/>
<pin id="2171" dir="1" index="2" bw="1024" slack="0"/>
</pin_list>
<bind>
<opcode="insertvalue(57) " fcode="insertvalue"/>
<opset="mrv_1/3 "/>
</bind>
</comp>

<comp id="2174" class="1004" name="mrv_2_fu_2174">
<pin_list>
<pin id="2175" dir="0" index="0" bw="1024" slack="0"/>
<pin id="2176" dir="0" index="1" bw="16" slack="0"/>
<pin id="2177" dir="1" index="2" bw="1024" slack="0"/>
</pin_list>
<bind>
<opcode="insertvalue(57) " fcode="insertvalue"/>
<opset="mrv_2/3 "/>
</bind>
</comp>

<comp id="2180" class="1004" name="mrv_3_fu_2180">
<pin_list>
<pin id="2181" dir="0" index="0" bw="1024" slack="0"/>
<pin id="2182" dir="0" index="1" bw="16" slack="0"/>
<pin id="2183" dir="1" index="2" bw="1024" slack="0"/>
</pin_list>
<bind>
<opcode="insertvalue(57) " fcode="insertvalue"/>
<opset="mrv_3/3 "/>
</bind>
</comp>

<comp id="2186" class="1004" name="mrv_4_fu_2186">
<pin_list>
<pin id="2187" dir="0" index="0" bw="1024" slack="0"/>
<pin id="2188" dir="0" index="1" bw="16" slack="0"/>
<pin id="2189" dir="1" index="2" bw="1024" slack="0"/>
</pin_list>
<bind>
<opcode="insertvalue(57) " fcode="insertvalue"/>
<opset="mrv_4/3 "/>
</bind>
</comp>

<comp id="2192" class="1004" name="mrv_5_fu_2192">
<pin_list>
<pin id="2193" dir="0" index="0" bw="1024" slack="0"/>
<pin id="2194" dir="0" index="1" bw="16" slack="0"/>
<pin id="2195" dir="1" index="2" bw="1024" slack="0"/>
</pin_list>
<bind>
<opcode="insertvalue(57) " fcode="insertvalue"/>
<opset="mrv_5/3 "/>
</bind>
</comp>

<comp id="2198" class="1004" name="mrv_6_fu_2198">
<pin_list>
<pin id="2199" dir="0" index="0" bw="1024" slack="0"/>
<pin id="2200" dir="0" index="1" bw="16" slack="0"/>
<pin id="2201" dir="1" index="2" bw="1024" slack="0"/>
</pin_list>
<bind>
<opcode="insertvalue(57) " fcode="insertvalue"/>
<opset="mrv_6/3 "/>
</bind>
</comp>

<comp id="2204" class="1004" name="mrv_7_fu_2204">
<pin_list>
<pin id="2205" dir="0" index="0" bw="1024" slack="0"/>
<pin id="2206" dir="0" index="1" bw="16" slack="0"/>
<pin id="2207" dir="1" index="2" bw="1024" slack="0"/>
</pin_list>
<bind>
<opcode="insertvalue(57) " fcode="insertvalue"/>
<opset="mrv_7/3 "/>
</bind>
</comp>

<comp id="2210" class="1004" name="mrv_8_fu_2210">
<pin_list>
<pin id="2211" dir="0" index="0" bw="1024" slack="0"/>
<pin id="2212" dir="0" index="1" bw="16" slack="0"/>
<pin id="2213" dir="1" index="2" bw="1024" slack="0"/>
</pin_list>
<bind>
<opcode="insertvalue(57) " fcode="insertvalue"/>
<opset="mrv_8/3 "/>
</bind>
</comp>

<comp id="2216" class="1004" name="mrv_9_fu_2216">
<pin_list>
<pin id="2217" dir="0" index="0" bw="1024" slack="0"/>
<pin id="2218" dir="0" index="1" bw="16" slack="0"/>
<pin id="2219" dir="1" index="2" bw="1024" slack="0"/>
</pin_list>
<bind>
<opcode="insertvalue(57) " fcode="insertvalue"/>
<opset="mrv_9/3 "/>
</bind>
</comp>

<comp id="2222" class="1004" name="mrv_s_fu_2222">
<pin_list>
<pin id="2223" dir="0" index="0" bw="1024" slack="0"/>
<pin id="2224" dir="0" index="1" bw="16" slack="0"/>
<pin id="2225" dir="1" index="2" bw="1024" slack="0"/>
</pin_list>
<bind>
<opcode="insertvalue(57) " fcode="insertvalue"/>
<opset="mrv_s/3 "/>
</bind>
</comp>

<comp id="2228" class="1004" name="mrv_10_fu_2228">
<pin_list>
<pin id="2229" dir="0" index="0" bw="1024" slack="0"/>
<pin id="2230" dir="0" index="1" bw="16" slack="0"/>
<pin id="2231" dir="1" index="2" bw="1024" slack="0"/>
</pin_list>
<bind>
<opcode="insertvalue(57) " fcode="insertvalue"/>
<opset="mrv_10/3 "/>
</bind>
</comp>

<comp id="2234" class="1004" name="mrv_11_fu_2234">
<pin_list>
<pin id="2235" dir="0" index="0" bw="1024" slack="0"/>
<pin id="2236" dir="0" index="1" bw="16" slack="0"/>
<pin id="2237" dir="1" index="2" bw="1024" slack="0"/>
</pin_list>
<bind>
<opcode="insertvalue(57) " fcode="insertvalue"/>
<opset="mrv_11/3 "/>
</bind>
</comp>

<comp id="2240" class="1004" name="mrv_12_fu_2240">
<pin_list>
<pin id="2241" dir="0" index="0" bw="1024" slack="0"/>
<pin id="2242" dir="0" index="1" bw="16" slack="0"/>
<pin id="2243" dir="1" index="2" bw="1024" slack="0"/>
</pin_list>
<bind>
<opcode="insertvalue(57) " fcode="insertvalue"/>
<opset="mrv_12/3 "/>
</bind>
</comp>

<comp id="2246" class="1004" name="mrv_13_fu_2246">
<pin_list>
<pin id="2247" dir="0" index="0" bw="1024" slack="0"/>
<pin id="2248" dir="0" index="1" bw="16" slack="0"/>
<pin id="2249" dir="1" index="2" bw="1024" slack="0"/>
</pin_list>
<bind>
<opcode="insertvalue(57) " fcode="insertvalue"/>
<opset="mrv_13/3 "/>
</bind>
</comp>

<comp id="2252" class="1004" name="mrv_14_fu_2252">
<pin_list>
<pin id="2253" dir="0" index="0" bw="1024" slack="0"/>
<pin id="2254" dir="0" index="1" bw="16" slack="0"/>
<pin id="2255" dir="1" index="2" bw="1024" slack="0"/>
</pin_list>
<bind>
<opcode="insertvalue(57) " fcode="insertvalue"/>
<opset="mrv_14/3 "/>
</bind>
</comp>

<comp id="2258" class="1004" name="mrv_15_fu_2258">
<pin_list>
<pin id="2259" dir="0" index="0" bw="1024" slack="0"/>
<pin id="2260" dir="0" index="1" bw="16" slack="0"/>
<pin id="2261" dir="1" index="2" bw="1024" slack="0"/>
</pin_list>
<bind>
<opcode="insertvalue(57) " fcode="insertvalue"/>
<opset="mrv_15/3 "/>
</bind>
</comp>

<comp id="2264" class="1004" name="mrv_16_fu_2264">
<pin_list>
<pin id="2265" dir="0" index="0" bw="1024" slack="0"/>
<pin id="2266" dir="0" index="1" bw="16" slack="0"/>
<pin id="2267" dir="1" index="2" bw="1024" slack="0"/>
</pin_list>
<bind>
<opcode="insertvalue(57) " fcode="insertvalue"/>
<opset="mrv_16/3 "/>
</bind>
</comp>

<comp id="2270" class="1004" name="mrv_17_fu_2270">
<pin_list>
<pin id="2271" dir="0" index="0" bw="1024" slack="0"/>
<pin id="2272" dir="0" index="1" bw="16" slack="0"/>
<pin id="2273" dir="1" index="2" bw="1024" slack="0"/>
</pin_list>
<bind>
<opcode="insertvalue(57) " fcode="insertvalue"/>
<opset="mrv_17/3 "/>
</bind>
</comp>

<comp id="2276" class="1004" name="mrv_18_fu_2276">
<pin_list>
<pin id="2277" dir="0" index="0" bw="1024" slack="0"/>
<pin id="2278" dir="0" index="1" bw="16" slack="0"/>
<pin id="2279" dir="1" index="2" bw="1024" slack="0"/>
</pin_list>
<bind>
<opcode="insertvalue(57) " fcode="insertvalue"/>
<opset="mrv_18/3 "/>
</bind>
</comp>

<comp id="2282" class="1004" name="mrv_19_fu_2282">
<pin_list>
<pin id="2283" dir="0" index="0" bw="1024" slack="0"/>
<pin id="2284" dir="0" index="1" bw="16" slack="0"/>
<pin id="2285" dir="1" index="2" bw="1024" slack="0"/>
</pin_list>
<bind>
<opcode="insertvalue(57) " fcode="insertvalue"/>
<opset="mrv_19/3 "/>
</bind>
</comp>

<comp id="2288" class="1004" name="mrv_20_fu_2288">
<pin_list>
<pin id="2289" dir="0" index="0" bw="1024" slack="0"/>
<pin id="2290" dir="0" index="1" bw="16" slack="0"/>
<pin id="2291" dir="1" index="2" bw="1024" slack="0"/>
</pin_list>
<bind>
<opcode="insertvalue(57) " fcode="insertvalue"/>
<opset="mrv_20/3 "/>
</bind>
</comp>

<comp id="2294" class="1004" name="mrv_21_fu_2294">
<pin_list>
<pin id="2295" dir="0" index="0" bw="1024" slack="0"/>
<pin id="2296" dir="0" index="1" bw="16" slack="0"/>
<pin id="2297" dir="1" index="2" bw="1024" slack="0"/>
</pin_list>
<bind>
<opcode="insertvalue(57) " fcode="insertvalue"/>
<opset="mrv_21/3 "/>
</bind>
</comp>

<comp id="2300" class="1004" name="mrv_22_fu_2300">
<pin_list>
<pin id="2301" dir="0" index="0" bw="1024" slack="0"/>
<pin id="2302" dir="0" index="1" bw="16" slack="0"/>
<pin id="2303" dir="1" index="2" bw="1024" slack="0"/>
</pin_list>
<bind>
<opcode="insertvalue(57) " fcode="insertvalue"/>
<opset="mrv_22/3 "/>
</bind>
</comp>

<comp id="2306" class="1004" name="mrv_23_fu_2306">
<pin_list>
<pin id="2307" dir="0" index="0" bw="1024" slack="0"/>
<pin id="2308" dir="0" index="1" bw="16" slack="0"/>
<pin id="2309" dir="1" index="2" bw="1024" slack="0"/>
</pin_list>
<bind>
<opcode="insertvalue(57) " fcode="insertvalue"/>
<opset="mrv_23/3 "/>
</bind>
</comp>

<comp id="2312" class="1004" name="mrv_24_fu_2312">
<pin_list>
<pin id="2313" dir="0" index="0" bw="1024" slack="0"/>
<pin id="2314" dir="0" index="1" bw="16" slack="0"/>
<pin id="2315" dir="1" index="2" bw="1024" slack="0"/>
</pin_list>
<bind>
<opcode="insertvalue(57) " fcode="insertvalue"/>
<opset="mrv_24/3 "/>
</bind>
</comp>

<comp id="2318" class="1004" name="mrv_25_fu_2318">
<pin_list>
<pin id="2319" dir="0" index="0" bw="1024" slack="0"/>
<pin id="2320" dir="0" index="1" bw="16" slack="0"/>
<pin id="2321" dir="1" index="2" bw="1024" slack="0"/>
</pin_list>
<bind>
<opcode="insertvalue(57) " fcode="insertvalue"/>
<opset="mrv_25/3 "/>
</bind>
</comp>

<comp id="2324" class="1004" name="mrv_26_fu_2324">
<pin_list>
<pin id="2325" dir="0" index="0" bw="1024" slack="0"/>
<pin id="2326" dir="0" index="1" bw="16" slack="0"/>
<pin id="2327" dir="1" index="2" bw="1024" slack="0"/>
</pin_list>
<bind>
<opcode="insertvalue(57) " fcode="insertvalue"/>
<opset="mrv_26/3 "/>
</bind>
</comp>

<comp id="2330" class="1004" name="mrv_27_fu_2330">
<pin_list>
<pin id="2331" dir="0" index="0" bw="1024" slack="0"/>
<pin id="2332" dir="0" index="1" bw="16" slack="0"/>
<pin id="2333" dir="1" index="2" bw="1024" slack="0"/>
</pin_list>
<bind>
<opcode="insertvalue(57) " fcode="insertvalue"/>
<opset="mrv_27/3 "/>
</bind>
</comp>

<comp id="2336" class="1004" name="mrv_28_fu_2336">
<pin_list>
<pin id="2337" dir="0" index="0" bw="1024" slack="0"/>
<pin id="2338" dir="0" index="1" bw="16" slack="0"/>
<pin id="2339" dir="1" index="2" bw="1024" slack="0"/>
</pin_list>
<bind>
<opcode="insertvalue(57) " fcode="insertvalue"/>
<opset="mrv_28/3 "/>
</bind>
</comp>

<comp id="2342" class="1004" name="mrv_29_fu_2342">
<pin_list>
<pin id="2343" dir="0" index="0" bw="1024" slack="0"/>
<pin id="2344" dir="0" index="1" bw="16" slack="0"/>
<pin id="2345" dir="1" index="2" bw="1024" slack="0"/>
</pin_list>
<bind>
<opcode="insertvalue(57) " fcode="insertvalue"/>
<opset="mrv_29/3 "/>
</bind>
</comp>

<comp id="2348" class="1004" name="mrv_30_fu_2348">
<pin_list>
<pin id="2349" dir="0" index="0" bw="1024" slack="0"/>
<pin id="2350" dir="0" index="1" bw="16" slack="0"/>
<pin id="2351" dir="1" index="2" bw="1024" slack="0"/>
</pin_list>
<bind>
<opcode="insertvalue(57) " fcode="insertvalue"/>
<opset="mrv_30/3 "/>
</bind>
</comp>

<comp id="2354" class="1004" name="mrv_31_fu_2354">
<pin_list>
<pin id="2355" dir="0" index="0" bw="1024" slack="0"/>
<pin id="2356" dir="0" index="1" bw="16" slack="0"/>
<pin id="2357" dir="1" index="2" bw="1024" slack="0"/>
</pin_list>
<bind>
<opcode="insertvalue(57) " fcode="insertvalue"/>
<opset="mrv_31/3 "/>
</bind>
</comp>

<comp id="2360" class="1004" name="mrv_32_fu_2360">
<pin_list>
<pin id="2361" dir="0" index="0" bw="1024" slack="0"/>
<pin id="2362" dir="0" index="1" bw="16" slack="0"/>
<pin id="2363" dir="1" index="2" bw="1024" slack="0"/>
</pin_list>
<bind>
<opcode="insertvalue(57) " fcode="insertvalue"/>
<opset="mrv_32/3 "/>
</bind>
</comp>

<comp id="2366" class="1004" name="mrv_33_fu_2366">
<pin_list>
<pin id="2367" dir="0" index="0" bw="1024" slack="0"/>
<pin id="2368" dir="0" index="1" bw="16" slack="0"/>
<pin id="2369" dir="1" index="2" bw="1024" slack="0"/>
</pin_list>
<bind>
<opcode="insertvalue(57) " fcode="insertvalue"/>
<opset="mrv_33/3 "/>
</bind>
</comp>

<comp id="2372" class="1004" name="mrv_34_fu_2372">
<pin_list>
<pin id="2373" dir="0" index="0" bw="1024" slack="0"/>
<pin id="2374" dir="0" index="1" bw="16" slack="0"/>
<pin id="2375" dir="1" index="2" bw="1024" slack="0"/>
</pin_list>
<bind>
<opcode="insertvalue(57) " fcode="insertvalue"/>
<opset="mrv_34/3 "/>
</bind>
</comp>

<comp id="2378" class="1004" name="mrv_35_fu_2378">
<pin_list>
<pin id="2379" dir="0" index="0" bw="1024" slack="0"/>
<pin id="2380" dir="0" index="1" bw="16" slack="0"/>
<pin id="2381" dir="1" index="2" bw="1024" slack="0"/>
</pin_list>
<bind>
<opcode="insertvalue(57) " fcode="insertvalue"/>
<opset="mrv_35/3 "/>
</bind>
</comp>

<comp id="2384" class="1004" name="mrv_36_fu_2384">
<pin_list>
<pin id="2385" dir="0" index="0" bw="1024" slack="0"/>
<pin id="2386" dir="0" index="1" bw="16" slack="0"/>
<pin id="2387" dir="1" index="2" bw="1024" slack="0"/>
</pin_list>
<bind>
<opcode="insertvalue(57) " fcode="insertvalue"/>
<opset="mrv_36/3 "/>
</bind>
</comp>

<comp id="2390" class="1004" name="mrv_37_fu_2390">
<pin_list>
<pin id="2391" dir="0" index="0" bw="1024" slack="0"/>
<pin id="2392" dir="0" index="1" bw="16" slack="0"/>
<pin id="2393" dir="1" index="2" bw="1024" slack="0"/>
</pin_list>
<bind>
<opcode="insertvalue(57) " fcode="insertvalue"/>
<opset="mrv_37/3 "/>
</bind>
</comp>

<comp id="2396" class="1004" name="mrv_38_fu_2396">
<pin_list>
<pin id="2397" dir="0" index="0" bw="1024" slack="0"/>
<pin id="2398" dir="0" index="1" bw="16" slack="0"/>
<pin id="2399" dir="1" index="2" bw="1024" slack="0"/>
</pin_list>
<bind>
<opcode="insertvalue(57) " fcode="insertvalue"/>
<opset="mrv_38/3 "/>
</bind>
</comp>

<comp id="2402" class="1004" name="mrv_39_fu_2402">
<pin_list>
<pin id="2403" dir="0" index="0" bw="1024" slack="0"/>
<pin id="2404" dir="0" index="1" bw="16" slack="0"/>
<pin id="2405" dir="1" index="2" bw="1024" slack="0"/>
</pin_list>
<bind>
<opcode="insertvalue(57) " fcode="insertvalue"/>
<opset="mrv_39/3 "/>
</bind>
</comp>

<comp id="2408" class="1004" name="mrv_40_fu_2408">
<pin_list>
<pin id="2409" dir="0" index="0" bw="1024" slack="0"/>
<pin id="2410" dir="0" index="1" bw="16" slack="0"/>
<pin id="2411" dir="1" index="2" bw="1024" slack="0"/>
</pin_list>
<bind>
<opcode="insertvalue(57) " fcode="insertvalue"/>
<opset="mrv_40/3 "/>
</bind>
</comp>

<comp id="2414" class="1004" name="mrv_41_fu_2414">
<pin_list>
<pin id="2415" dir="0" index="0" bw="1024" slack="0"/>
<pin id="2416" dir="0" index="1" bw="16" slack="0"/>
<pin id="2417" dir="1" index="2" bw="1024" slack="0"/>
</pin_list>
<bind>
<opcode="insertvalue(57) " fcode="insertvalue"/>
<opset="mrv_41/3 "/>
</bind>
</comp>

<comp id="2420" class="1004" name="mrv_42_fu_2420">
<pin_list>
<pin id="2421" dir="0" index="0" bw="1024" slack="0"/>
<pin id="2422" dir="0" index="1" bw="16" slack="0"/>
<pin id="2423" dir="1" index="2" bw="1024" slack="0"/>
</pin_list>
<bind>
<opcode="insertvalue(57) " fcode="insertvalue"/>
<opset="mrv_42/3 "/>
</bind>
</comp>

<comp id="2426" class="1004" name="mrv_43_fu_2426">
<pin_list>
<pin id="2427" dir="0" index="0" bw="1024" slack="0"/>
<pin id="2428" dir="0" index="1" bw="16" slack="0"/>
<pin id="2429" dir="1" index="2" bw="1024" slack="0"/>
</pin_list>
<bind>
<opcode="insertvalue(57) " fcode="insertvalue"/>
<opset="mrv_43/3 "/>
</bind>
</comp>

<comp id="2432" class="1004" name="mrv_44_fu_2432">
<pin_list>
<pin id="2433" dir="0" index="0" bw="1024" slack="0"/>
<pin id="2434" dir="0" index="1" bw="16" slack="0"/>
<pin id="2435" dir="1" index="2" bw="1024" slack="0"/>
</pin_list>
<bind>
<opcode="insertvalue(57) " fcode="insertvalue"/>
<opset="mrv_44/3 "/>
</bind>
</comp>

<comp id="2438" class="1004" name="mrv_45_fu_2438">
<pin_list>
<pin id="2439" dir="0" index="0" bw="1024" slack="0"/>
<pin id="2440" dir="0" index="1" bw="16" slack="0"/>
<pin id="2441" dir="1" index="2" bw="1024" slack="0"/>
</pin_list>
<bind>
<opcode="insertvalue(57) " fcode="insertvalue"/>
<opset="mrv_45/3 "/>
</bind>
</comp>

<comp id="2444" class="1004" name="mrv_46_fu_2444">
<pin_list>
<pin id="2445" dir="0" index="0" bw="1024" slack="0"/>
<pin id="2446" dir="0" index="1" bw="16" slack="0"/>
<pin id="2447" dir="1" index="2" bw="1024" slack="0"/>
</pin_list>
<bind>
<opcode="insertvalue(57) " fcode="insertvalue"/>
<opset="mrv_46/3 "/>
</bind>
</comp>

<comp id="2450" class="1004" name="mrv_47_fu_2450">
<pin_list>
<pin id="2451" dir="0" index="0" bw="1024" slack="0"/>
<pin id="2452" dir="0" index="1" bw="16" slack="0"/>
<pin id="2453" dir="1" index="2" bw="1024" slack="0"/>
</pin_list>
<bind>
<opcode="insertvalue(57) " fcode="insertvalue"/>
<opset="mrv_47/3 "/>
</bind>
</comp>

<comp id="2456" class="1004" name="mrv_48_fu_2456">
<pin_list>
<pin id="2457" dir="0" index="0" bw="1024" slack="0"/>
<pin id="2458" dir="0" index="1" bw="16" slack="0"/>
<pin id="2459" dir="1" index="2" bw="1024" slack="0"/>
</pin_list>
<bind>
<opcode="insertvalue(57) " fcode="insertvalue"/>
<opset="mrv_48/3 "/>
</bind>
</comp>

<comp id="2462" class="1004" name="mrv_49_fu_2462">
<pin_list>
<pin id="2463" dir="0" index="0" bw="1024" slack="0"/>
<pin id="2464" dir="0" index="1" bw="16" slack="0"/>
<pin id="2465" dir="1" index="2" bw="1024" slack="0"/>
</pin_list>
<bind>
<opcode="insertvalue(57) " fcode="insertvalue"/>
<opset="mrv_49/3 "/>
</bind>
</comp>

<comp id="2468" class="1004" name="mrv_50_fu_2468">
<pin_list>
<pin id="2469" dir="0" index="0" bw="1024" slack="0"/>
<pin id="2470" dir="0" index="1" bw="16" slack="0"/>
<pin id="2471" dir="1" index="2" bw="1024" slack="0"/>
</pin_list>
<bind>
<opcode="insertvalue(57) " fcode="insertvalue"/>
<opset="mrv_50/3 "/>
</bind>
</comp>

<comp id="2474" class="1004" name="mrv_51_fu_2474">
<pin_list>
<pin id="2475" dir="0" index="0" bw="1024" slack="0"/>
<pin id="2476" dir="0" index="1" bw="16" slack="0"/>
<pin id="2477" dir="1" index="2" bw="1024" slack="0"/>
</pin_list>
<bind>
<opcode="insertvalue(57) " fcode="insertvalue"/>
<opset="mrv_51/3 "/>
</bind>
</comp>

<comp id="2480" class="1004" name="mrv_52_fu_2480">
<pin_list>
<pin id="2481" dir="0" index="0" bw="1024" slack="0"/>
<pin id="2482" dir="0" index="1" bw="16" slack="0"/>
<pin id="2483" dir="1" index="2" bw="1024" slack="0"/>
</pin_list>
<bind>
<opcode="insertvalue(57) " fcode="insertvalue"/>
<opset="mrv_52/3 "/>
</bind>
</comp>

<comp id="2486" class="1004" name="mrv_53_fu_2486">
<pin_list>
<pin id="2487" dir="0" index="0" bw="1024" slack="0"/>
<pin id="2488" dir="0" index="1" bw="16" slack="0"/>
<pin id="2489" dir="1" index="2" bw="1024" slack="0"/>
</pin_list>
<bind>
<opcode="insertvalue(57) " fcode="insertvalue"/>
<opset="mrv_53/3 "/>
</bind>
</comp>

<comp id="2492" class="1004" name="mrv_54_fu_2492">
<pin_list>
<pin id="2493" dir="0" index="0" bw="1024" slack="0"/>
<pin id="2494" dir="0" index="1" bw="16" slack="0"/>
<pin id="2495" dir="1" index="2" bw="1024" slack="0"/>
</pin_list>
<bind>
<opcode="insertvalue(57) " fcode="insertvalue"/>
<opset="mrv_54/3 "/>
</bind>
</comp>

<comp id="2498" class="1004" name="mrv_55_fu_2498">
<pin_list>
<pin id="2499" dir="0" index="0" bw="1024" slack="0"/>
<pin id="2500" dir="0" index="1" bw="16" slack="0"/>
<pin id="2501" dir="1" index="2" bw="1024" slack="0"/>
</pin_list>
<bind>
<opcode="insertvalue(57) " fcode="insertvalue"/>
<opset="mrv_55/3 "/>
</bind>
</comp>

<comp id="2504" class="1004" name="mrv_56_fu_2504">
<pin_list>
<pin id="2505" dir="0" index="0" bw="1024" slack="0"/>
<pin id="2506" dir="0" index="1" bw="16" slack="0"/>
<pin id="2507" dir="1" index="2" bw="1024" slack="0"/>
</pin_list>
<bind>
<opcode="insertvalue(57) " fcode="insertvalue"/>
<opset="mrv_56/3 "/>
</bind>
</comp>

<comp id="2510" class="1004" name="mrv_57_fu_2510">
<pin_list>
<pin id="2511" dir="0" index="0" bw="1024" slack="0"/>
<pin id="2512" dir="0" index="1" bw="16" slack="0"/>
<pin id="2513" dir="1" index="2" bw="1024" slack="0"/>
</pin_list>
<bind>
<opcode="insertvalue(57) " fcode="insertvalue"/>
<opset="mrv_57/3 "/>
</bind>
</comp>

<comp id="2516" class="1004" name="mrv_58_fu_2516">
<pin_list>
<pin id="2517" dir="0" index="0" bw="1024" slack="0"/>
<pin id="2518" dir="0" index="1" bw="16" slack="0"/>
<pin id="2519" dir="1" index="2" bw="1024" slack="0"/>
</pin_list>
<bind>
<opcode="insertvalue(57) " fcode="insertvalue"/>
<opset="mrv_58/3 "/>
</bind>
</comp>

<comp id="2522" class="1004" name="mrv_59_fu_2522">
<pin_list>
<pin id="2523" dir="0" index="0" bw="1024" slack="0"/>
<pin id="2524" dir="0" index="1" bw="16" slack="0"/>
<pin id="2525" dir="1" index="2" bw="1024" slack="0"/>
</pin_list>
<bind>
<opcode="insertvalue(57) " fcode="insertvalue"/>
<opset="mrv_59/3 "/>
</bind>
</comp>

<comp id="2528" class="1004" name="mrv_60_fu_2528">
<pin_list>
<pin id="2529" dir="0" index="0" bw="1024" slack="0"/>
<pin id="2530" dir="0" index="1" bw="16" slack="0"/>
<pin id="2531" dir="1" index="2" bw="1024" slack="0"/>
</pin_list>
<bind>
<opcode="insertvalue(57) " fcode="insertvalue"/>
<opset="mrv_60/3 "/>
</bind>
</comp>

<comp id="2534" class="1004" name="mrv_61_fu_2534">
<pin_list>
<pin id="2535" dir="0" index="0" bw="1024" slack="0"/>
<pin id="2536" dir="0" index="1" bw="16" slack="0"/>
<pin id="2537" dir="1" index="2" bw="1024" slack="0"/>
</pin_list>
<bind>
<opcode="insertvalue(57) " fcode="insertvalue"/>
<opset="mrv_61/3 "/>
</bind>
</comp>

<comp id="2540" class="1004" name="mrv_62_fu_2540">
<pin_list>
<pin id="2541" dir="0" index="0" bw="1024" slack="0"/>
<pin id="2542" dir="0" index="1" bw="16" slack="0"/>
<pin id="2543" dir="1" index="2" bw="1024" slack="2147483647"/>
</pin_list>
<bind>
<opcode="insertvalue(57) " fcode="insertvalue"/>
<opset="mrv_62/3 "/>
</bind>
</comp>

<comp id="2546" class="1005" name="a_col_read_reg_2546">
<pin_list>
<pin id="2547" dir="0" index="0" bw="32" slack="1"/>
<pin id="2548" dir="1" index="1" bw="32" slack="1"/>
</pin_list>
<bind>
<opset="a_col_read "/>
</bind>
</comp>

<comp id="2551" class="1005" name="finish_k_read_reg_2551">
<pin_list>
<pin id="2552" dir="0" index="0" bw="4" slack="1"/>
<pin id="2553" dir="1" index="1" bw="4" slack="1"/>
</pin_list>
<bind>
<opset="finish_k_read "/>
</bind>
</comp>

<comp id="2556" class="1005" name="start_k_read_reg_2556">
<pin_list>
<pin id="2557" dir="0" index="0" bw="3" slack="1"/>
<pin id="2558" dir="1" index="1" bw="3" slack="1"/>
</pin_list>
<bind>
<opset="start_k_read "/>
</bind>
</comp>

<comp id="2561" class="1005" name="p_read_59_reg_2561">
<pin_list>
<pin id="2562" dir="0" index="0" bw="16" slack="1"/>
<pin id="2563" dir="1" index="1" bw="16" slack="1"/>
</pin_list>
<bind>
<opset="p_read_59 "/>
</bind>
</comp>

<comp id="2567" class="1005" name="p_read_60_reg_2567">
<pin_list>
<pin id="2568" dir="0" index="0" bw="16" slack="1"/>
<pin id="2569" dir="1" index="1" bw="16" slack="1"/>
</pin_list>
<bind>
<opset="p_read_60 "/>
</bind>
</comp>

<comp id="2573" class="1005" name="p_read_61_reg_2573">
<pin_list>
<pin id="2574" dir="0" index="0" bw="16" slack="1"/>
<pin id="2575" dir="1" index="1" bw="16" slack="1"/>
</pin_list>
<bind>
<opset="p_read_61 "/>
</bind>
</comp>

<comp id="2579" class="1005" name="p_read_62_reg_2579">
<pin_list>
<pin id="2580" dir="0" index="0" bw="16" slack="1"/>
<pin id="2581" dir="1" index="1" bw="16" slack="1"/>
</pin_list>
<bind>
<opset="p_read_62 "/>
</bind>
</comp>

<comp id="2585" class="1005" name="p_read_63_reg_2585">
<pin_list>
<pin id="2586" dir="0" index="0" bw="16" slack="1"/>
<pin id="2587" dir="1" index="1" bw="16" slack="1"/>
</pin_list>
<bind>
<opset="p_read_63 "/>
</bind>
</comp>

<comp id="2591" class="1005" name="p_read_64_reg_2591">
<pin_list>
<pin id="2592" dir="0" index="0" bw="16" slack="1"/>
<pin id="2593" dir="1" index="1" bw="16" slack="1"/>
</pin_list>
<bind>
<opset="p_read_64 "/>
</bind>
</comp>

<comp id="2597" class="1005" name="p_read_65_reg_2597">
<pin_list>
<pin id="2598" dir="0" index="0" bw="16" slack="1"/>
<pin id="2599" dir="1" index="1" bw="16" slack="1"/>
</pin_list>
<bind>
<opset="p_read_65 "/>
</bind>
</comp>

<comp id="2603" class="1005" name="p_read_66_reg_2603">
<pin_list>
<pin id="2604" dir="0" index="0" bw="16" slack="1"/>
<pin id="2605" dir="1" index="1" bw="16" slack="1"/>
</pin_list>
<bind>
<opset="p_read_66 "/>
</bind>
</comp>

<comp id="2609" class="1005" name="p_read_67_reg_2609">
<pin_list>
<pin id="2610" dir="0" index="0" bw="16" slack="1"/>
<pin id="2611" dir="1" index="1" bw="16" slack="1"/>
</pin_list>
<bind>
<opset="p_read_67 "/>
</bind>
</comp>

<comp id="2615" class="1005" name="p_read_68_reg_2615">
<pin_list>
<pin id="2616" dir="0" index="0" bw="16" slack="1"/>
<pin id="2617" dir="1" index="1" bw="16" slack="1"/>
</pin_list>
<bind>
<opset="p_read_68 "/>
</bind>
</comp>

<comp id="2621" class="1005" name="p_read_69_reg_2621">
<pin_list>
<pin id="2622" dir="0" index="0" bw="16" slack="1"/>
<pin id="2623" dir="1" index="1" bw="16" slack="1"/>
</pin_list>
<bind>
<opset="p_read_69 "/>
</bind>
</comp>

<comp id="2627" class="1005" name="p_read_70_reg_2627">
<pin_list>
<pin id="2628" dir="0" index="0" bw="16" slack="1"/>
<pin id="2629" dir="1" index="1" bw="16" slack="1"/>
</pin_list>
<bind>
<opset="p_read_70 "/>
</bind>
</comp>

<comp id="2633" class="1005" name="p_read_71_reg_2633">
<pin_list>
<pin id="2634" dir="0" index="0" bw="16" slack="1"/>
<pin id="2635" dir="1" index="1" bw="16" slack="1"/>
</pin_list>
<bind>
<opset="p_read_71 "/>
</bind>
</comp>

<comp id="2639" class="1005" name="p_read_72_reg_2639">
<pin_list>
<pin id="2640" dir="0" index="0" bw="16" slack="1"/>
<pin id="2641" dir="1" index="1" bw="16" slack="1"/>
</pin_list>
<bind>
<opset="p_read_72 "/>
</bind>
</comp>

<comp id="2645" class="1005" name="p_read_73_reg_2645">
<pin_list>
<pin id="2646" dir="0" index="0" bw="16" slack="1"/>
<pin id="2647" dir="1" index="1" bw="16" slack="1"/>
</pin_list>
<bind>
<opset="p_read_73 "/>
</bind>
</comp>

<comp id="2651" class="1005" name="p_read_74_reg_2651">
<pin_list>
<pin id="2652" dir="0" index="0" bw="16" slack="1"/>
<pin id="2653" dir="1" index="1" bw="16" slack="1"/>
</pin_list>
<bind>
<opset="p_read_74 "/>
</bind>
</comp>

<comp id="2657" class="1005" name="p_read_75_reg_2657">
<pin_list>
<pin id="2658" dir="0" index="0" bw="16" slack="1"/>
<pin id="2659" dir="1" index="1" bw="16" slack="1"/>
</pin_list>
<bind>
<opset="p_read_75 "/>
</bind>
</comp>

<comp id="2663" class="1005" name="p_read_76_reg_2663">
<pin_list>
<pin id="2664" dir="0" index="0" bw="16" slack="1"/>
<pin id="2665" dir="1" index="1" bw="16" slack="1"/>
</pin_list>
<bind>
<opset="p_read_76 "/>
</bind>
</comp>

<comp id="2669" class="1005" name="p_read_77_reg_2669">
<pin_list>
<pin id="2670" dir="0" index="0" bw="16" slack="1"/>
<pin id="2671" dir="1" index="1" bw="16" slack="1"/>
</pin_list>
<bind>
<opset="p_read_77 "/>
</bind>
</comp>

<comp id="2675" class="1005" name="p_read_78_reg_2675">
<pin_list>
<pin id="2676" dir="0" index="0" bw="16" slack="1"/>
<pin id="2677" dir="1" index="1" bw="16" slack="1"/>
</pin_list>
<bind>
<opset="p_read_78 "/>
</bind>
</comp>

<comp id="2681" class="1005" name="p_read_79_reg_2681">
<pin_list>
<pin id="2682" dir="0" index="0" bw="16" slack="1"/>
<pin id="2683" dir="1" index="1" bw="16" slack="1"/>
</pin_list>
<bind>
<opset="p_read_79 "/>
</bind>
</comp>

<comp id="2687" class="1005" name="p_read_80_reg_2687">
<pin_list>
<pin id="2688" dir="0" index="0" bw="16" slack="1"/>
<pin id="2689" dir="1" index="1" bw="16" slack="1"/>
</pin_list>
<bind>
<opset="p_read_80 "/>
</bind>
</comp>

<comp id="2693" class="1005" name="p_read_81_reg_2693">
<pin_list>
<pin id="2694" dir="0" index="0" bw="16" slack="1"/>
<pin id="2695" dir="1" index="1" bw="16" slack="1"/>
</pin_list>
<bind>
<opset="p_read_81 "/>
</bind>
</comp>

<comp id="2699" class="1005" name="p_read_82_reg_2699">
<pin_list>
<pin id="2700" dir="0" index="0" bw="16" slack="1"/>
<pin id="2701" dir="1" index="1" bw="16" slack="1"/>
</pin_list>
<bind>
<opset="p_read_82 "/>
</bind>
</comp>

<comp id="2705" class="1005" name="p_read_83_reg_2705">
<pin_list>
<pin id="2706" dir="0" index="0" bw="16" slack="1"/>
<pin id="2707" dir="1" index="1" bw="16" slack="1"/>
</pin_list>
<bind>
<opset="p_read_83 "/>
</bind>
</comp>

<comp id="2711" class="1005" name="p_read_84_reg_2711">
<pin_list>
<pin id="2712" dir="0" index="0" bw="16" slack="1"/>
<pin id="2713" dir="1" index="1" bw="16" slack="1"/>
</pin_list>
<bind>
<opset="p_read_84 "/>
</bind>
</comp>

<comp id="2717" class="1005" name="p_read_85_reg_2717">
<pin_list>
<pin id="2718" dir="0" index="0" bw="16" slack="1"/>
<pin id="2719" dir="1" index="1" bw="16" slack="1"/>
</pin_list>
<bind>
<opset="p_read_85 "/>
</bind>
</comp>

<comp id="2723" class="1005" name="p_read_86_reg_2723">
<pin_list>
<pin id="2724" dir="0" index="0" bw="16" slack="1"/>
<pin id="2725" dir="1" index="1" bw="16" slack="1"/>
</pin_list>
<bind>
<opset="p_read_86 "/>
</bind>
</comp>

<comp id="2729" class="1005" name="p_read_87_reg_2729">
<pin_list>
<pin id="2730" dir="0" index="0" bw="16" slack="1"/>
<pin id="2731" dir="1" index="1" bw="16" slack="1"/>
</pin_list>
<bind>
<opset="p_read_87 "/>
</bind>
</comp>

<comp id="2735" class="1005" name="p_read_88_reg_2735">
<pin_list>
<pin id="2736" dir="0" index="0" bw="16" slack="1"/>
<pin id="2737" dir="1" index="1" bw="16" slack="1"/>
</pin_list>
<bind>
<opset="p_read_88 "/>
</bind>
</comp>

<comp id="2741" class="1005" name="p_read_89_reg_2741">
<pin_list>
<pin id="2742" dir="0" index="0" bw="16" slack="1"/>
<pin id="2743" dir="1" index="1" bw="16" slack="1"/>
</pin_list>
<bind>
<opset="p_read_89 "/>
</bind>
</comp>

<comp id="2747" class="1005" name="p_read_90_reg_2747">
<pin_list>
<pin id="2748" dir="0" index="0" bw="16" slack="1"/>
<pin id="2749" dir="1" index="1" bw="16" slack="1"/>
</pin_list>
<bind>
<opset="p_read_90 "/>
</bind>
</comp>

<comp id="2753" class="1005" name="p_read_91_reg_2753">
<pin_list>
<pin id="2754" dir="0" index="0" bw="16" slack="1"/>
<pin id="2755" dir="1" index="1" bw="16" slack="1"/>
</pin_list>
<bind>
<opset="p_read_91 "/>
</bind>
</comp>

<comp id="2759" class="1005" name="p_read_92_reg_2759">
<pin_list>
<pin id="2760" dir="0" index="0" bw="16" slack="1"/>
<pin id="2761" dir="1" index="1" bw="16" slack="1"/>
</pin_list>
<bind>
<opset="p_read_92 "/>
</bind>
</comp>

<comp id="2765" class="1005" name="p_read_93_reg_2765">
<pin_list>
<pin id="2766" dir="0" index="0" bw="16" slack="1"/>
<pin id="2767" dir="1" index="1" bw="16" slack="1"/>
</pin_list>
<bind>
<opset="p_read_93 "/>
</bind>
</comp>

<comp id="2771" class="1005" name="p_read_94_reg_2771">
<pin_list>
<pin id="2772" dir="0" index="0" bw="16" slack="1"/>
<pin id="2773" dir="1" index="1" bw="16" slack="1"/>
</pin_list>
<bind>
<opset="p_read_94 "/>
</bind>
</comp>

<comp id="2777" class="1005" name="p_read_95_reg_2777">
<pin_list>
<pin id="2778" dir="0" index="0" bw="16" slack="1"/>
<pin id="2779" dir="1" index="1" bw="16" slack="1"/>
</pin_list>
<bind>
<opset="p_read_95 "/>
</bind>
</comp>

<comp id="2783" class="1005" name="p_read_96_reg_2783">
<pin_list>
<pin id="2784" dir="0" index="0" bw="16" slack="1"/>
<pin id="2785" dir="1" index="1" bw="16" slack="1"/>
</pin_list>
<bind>
<opset="p_read_96 "/>
</bind>
</comp>

<comp id="2789" class="1005" name="p_read_97_reg_2789">
<pin_list>
<pin id="2790" dir="0" index="0" bw="16" slack="1"/>
<pin id="2791" dir="1" index="1" bw="16" slack="1"/>
</pin_list>
<bind>
<opset="p_read_97 "/>
</bind>
</comp>

<comp id="2795" class="1005" name="p_read_98_reg_2795">
<pin_list>
<pin id="2796" dir="0" index="0" bw="16" slack="1"/>
<pin id="2797" dir="1" index="1" bw="16" slack="1"/>
</pin_list>
<bind>
<opset="p_read_98 "/>
</bind>
</comp>

<comp id="2801" class="1005" name="p_read_99_reg_2801">
<pin_list>
<pin id="2802" dir="0" index="0" bw="16" slack="1"/>
<pin id="2803" dir="1" index="1" bw="16" slack="1"/>
</pin_list>
<bind>
<opset="p_read_99 "/>
</bind>
</comp>

<comp id="2807" class="1005" name="p_read_100_reg_2807">
<pin_list>
<pin id="2808" dir="0" index="0" bw="16" slack="1"/>
<pin id="2809" dir="1" index="1" bw="16" slack="1"/>
</pin_list>
<bind>
<opset="p_read_100 "/>
</bind>
</comp>

<comp id="2813" class="1005" name="p_read_101_reg_2813">
<pin_list>
<pin id="2814" dir="0" index="0" bw="16" slack="1"/>
<pin id="2815" dir="1" index="1" bw="16" slack="1"/>
</pin_list>
<bind>
<opset="p_read_101 "/>
</bind>
</comp>

<comp id="2819" class="1005" name="p_read2084_reg_2819">
<pin_list>
<pin id="2820" dir="0" index="0" bw="16" slack="1"/>
<pin id="2821" dir="1" index="1" bw="16" slack="1"/>
</pin_list>
<bind>
<opset="p_read2084 "/>
</bind>
</comp>

<comp id="2825" class="1005" name="p_read_102_reg_2825">
<pin_list>
<pin id="2826" dir="0" index="0" bw="16" slack="1"/>
<pin id="2827" dir="1" index="1" bw="16" slack="1"/>
</pin_list>
<bind>
<opset="p_read_102 "/>
</bind>
</comp>

<comp id="2831" class="1005" name="p_read_103_reg_2831">
<pin_list>
<pin id="2832" dir="0" index="0" bw="16" slack="1"/>
<pin id="2833" dir="1" index="1" bw="16" slack="1"/>
</pin_list>
<bind>
<opset="p_read_103 "/>
</bind>
</comp>

<comp id="2837" class="1005" name="p_read_104_reg_2837">
<pin_list>
<pin id="2838" dir="0" index="0" bw="16" slack="1"/>
<pin id="2839" dir="1" index="1" bw="16" slack="1"/>
</pin_list>
<bind>
<opset="p_read_104 "/>
</bind>
</comp>

<comp id="2843" class="1005" name="p_read_105_reg_2843">
<pin_list>
<pin id="2844" dir="0" index="0" bw="16" slack="1"/>
<pin id="2845" dir="1" index="1" bw="16" slack="1"/>
</pin_list>
<bind>
<opset="p_read_105 "/>
</bind>
</comp>

<comp id="2849" class="1005" name="p_read_106_reg_2849">
<pin_list>
<pin id="2850" dir="0" index="0" bw="16" slack="1"/>
<pin id="2851" dir="1" index="1" bw="16" slack="1"/>
</pin_list>
<bind>
<opset="p_read_106 "/>
</bind>
</comp>

<comp id="2855" class="1005" name="p_read_107_reg_2855">
<pin_list>
<pin id="2856" dir="0" index="0" bw="16" slack="1"/>
<pin id="2857" dir="1" index="1" bw="16" slack="1"/>
</pin_list>
<bind>
<opset="p_read_107 "/>
</bind>
</comp>

<comp id="2861" class="1005" name="p_read_108_reg_2861">
<pin_list>
<pin id="2862" dir="0" index="0" bw="16" slack="1"/>
<pin id="2863" dir="1" index="1" bw="16" slack="1"/>
</pin_list>
<bind>
<opset="p_read_108 "/>
</bind>
</comp>

<comp id="2867" class="1005" name="p_read_109_reg_2867">
<pin_list>
<pin id="2868" dir="0" index="0" bw="16" slack="1"/>
<pin id="2869" dir="1" index="1" bw="16" slack="1"/>
</pin_list>
<bind>
<opset="p_read_109 "/>
</bind>
</comp>

<comp id="2873" class="1005" name="p_read_110_reg_2873">
<pin_list>
<pin id="2874" dir="0" index="0" bw="16" slack="1"/>
<pin id="2875" dir="1" index="1" bw="16" slack="1"/>
</pin_list>
<bind>
<opset="p_read_110 "/>
</bind>
</comp>

<comp id="2879" class="1005" name="p_read1074_reg_2879">
<pin_list>
<pin id="2880" dir="0" index="0" bw="16" slack="1"/>
<pin id="2881" dir="1" index="1" bw="16" slack="1"/>
</pin_list>
<bind>
<opset="p_read1074 "/>
</bind>
</comp>

<comp id="2885" class="1005" name="p_read973_reg_2885">
<pin_list>
<pin id="2886" dir="0" index="0" bw="16" slack="1"/>
<pin id="2887" dir="1" index="1" bw="16" slack="1"/>
</pin_list>
<bind>
<opset="p_read973 "/>
</bind>
</comp>

<comp id="2891" class="1005" name="p_read872_reg_2891">
<pin_list>
<pin id="2892" dir="0" index="0" bw="16" slack="1"/>
<pin id="2893" dir="1" index="1" bw="16" slack="1"/>
</pin_list>
<bind>
<opset="p_read872 "/>
</bind>
</comp>

<comp id="2897" class="1005" name="p_read771_reg_2897">
<pin_list>
<pin id="2898" dir="0" index="0" bw="16" slack="1"/>
<pin id="2899" dir="1" index="1" bw="16" slack="1"/>
</pin_list>
<bind>
<opset="p_read771 "/>
</bind>
</comp>

<comp id="2903" class="1005" name="p_read670_reg_2903">
<pin_list>
<pin id="2904" dir="0" index="0" bw="16" slack="1"/>
<pin id="2905" dir="1" index="1" bw="16" slack="1"/>
</pin_list>
<bind>
<opset="p_read670 "/>
</bind>
</comp>

<comp id="2909" class="1005" name="p_read569_reg_2909">
<pin_list>
<pin id="2910" dir="0" index="0" bw="16" slack="1"/>
<pin id="2911" dir="1" index="1" bw="16" slack="1"/>
</pin_list>
<bind>
<opset="p_read569 "/>
</bind>
</comp>

<comp id="2915" class="1005" name="p_read468_reg_2915">
<pin_list>
<pin id="2916" dir="0" index="0" bw="16" slack="1"/>
<pin id="2917" dir="1" index="1" bw="16" slack="1"/>
</pin_list>
<bind>
<opset="p_read468 "/>
</bind>
</comp>

<comp id="2921" class="1005" name="p_read367_reg_2921">
<pin_list>
<pin id="2922" dir="0" index="0" bw="16" slack="1"/>
<pin id="2923" dir="1" index="1" bw="16" slack="1"/>
</pin_list>
<bind>
<opset="p_read367 "/>
</bind>
</comp>

<comp id="2927" class="1005" name="p_read266_reg_2927">
<pin_list>
<pin id="2928" dir="0" index="0" bw="16" slack="1"/>
<pin id="2929" dir="1" index="1" bw="16" slack="1"/>
</pin_list>
<bind>
<opset="p_read266 "/>
</bind>
</comp>

<comp id="2933" class="1005" name="p_read165_reg_2933">
<pin_list>
<pin id="2934" dir="0" index="0" bw="16" slack="1"/>
<pin id="2935" dir="1" index="1" bw="16" slack="1"/>
</pin_list>
<bind>
<opset="p_read165 "/>
</bind>
</comp>

<comp id="2939" class="1005" name="p_read64_reg_2939">
<pin_list>
<pin id="2940" dir="0" index="0" bw="16" slack="1"/>
<pin id="2941" dir="1" index="1" bw="16" slack="1"/>
</pin_list>
<bind>
<opset="p_read64 "/>
</bind>
</comp>

<comp id="2945" class="1005" name="c_row_major_0_0_0_loc_reg_2945">
<pin_list>
<pin id="2946" dir="0" index="0" bw="16" slack="0"/>
<pin id="2947" dir="1" index="1" bw="16" slack="0"/>
</pin_list>
<bind>
<opset="c_row_major_0_0_0_loc "/>
</bind>
</comp>

<comp id="2951" class="1005" name="c_row_major_0_1_0_loc_reg_2951">
<pin_list>
<pin id="2952" dir="0" index="0" bw="16" slack="0"/>
<pin id="2953" dir="1" index="1" bw="16" slack="0"/>
</pin_list>
<bind>
<opset="c_row_major_0_1_0_loc "/>
</bind>
</comp>

<comp id="2957" class="1005" name="c_row_major_0_2_0_loc_reg_2957">
<pin_list>
<pin id="2958" dir="0" index="0" bw="16" slack="0"/>
<pin id="2959" dir="1" index="1" bw="16" slack="0"/>
</pin_list>
<bind>
<opset="c_row_major_0_2_0_loc "/>
</bind>
</comp>

<comp id="2963" class="1005" name="c_row_major_0_3_0_loc_reg_2963">
<pin_list>
<pin id="2964" dir="0" index="0" bw="16" slack="0"/>
<pin id="2965" dir="1" index="1" bw="16" slack="0"/>
</pin_list>
<bind>
<opset="c_row_major_0_3_0_loc "/>
</bind>
</comp>

<comp id="2969" class="1005" name="c_row_major_0_4_0_loc_reg_2969">
<pin_list>
<pin id="2970" dir="0" index="0" bw="16" slack="0"/>
<pin id="2971" dir="1" index="1" bw="16" slack="0"/>
</pin_list>
<bind>
<opset="c_row_major_0_4_0_loc "/>
</bind>
</comp>

<comp id="2975" class="1005" name="c_row_major_0_5_0_loc_reg_2975">
<pin_list>
<pin id="2976" dir="0" index="0" bw="16" slack="0"/>
<pin id="2977" dir="1" index="1" bw="16" slack="0"/>
</pin_list>
<bind>
<opset="c_row_major_0_5_0_loc "/>
</bind>
</comp>

<comp id="2981" class="1005" name="c_row_major_0_6_0_loc_reg_2981">
<pin_list>
<pin id="2982" dir="0" index="0" bw="16" slack="0"/>
<pin id="2983" dir="1" index="1" bw="16" slack="0"/>
</pin_list>
<bind>
<opset="c_row_major_0_6_0_loc "/>
</bind>
</comp>

<comp id="2987" class="1005" name="c_row_major_0_7_0_loc_reg_2987">
<pin_list>
<pin id="2988" dir="0" index="0" bw="16" slack="0"/>
<pin id="2989" dir="1" index="1" bw="16" slack="0"/>
</pin_list>
<bind>
<opset="c_row_major_0_7_0_loc "/>
</bind>
</comp>

<comp id="2993" class="1005" name="c_row_major_1_0_0_loc_reg_2993">
<pin_list>
<pin id="2994" dir="0" index="0" bw="16" slack="0"/>
<pin id="2995" dir="1" index="1" bw="16" slack="0"/>
</pin_list>
<bind>
<opset="c_row_major_1_0_0_loc "/>
</bind>
</comp>

<comp id="2999" class="1005" name="c_row_major_1_1_0_loc_reg_2999">
<pin_list>
<pin id="3000" dir="0" index="0" bw="16" slack="0"/>
<pin id="3001" dir="1" index="1" bw="16" slack="0"/>
</pin_list>
<bind>
<opset="c_row_major_1_1_0_loc "/>
</bind>
</comp>

<comp id="3005" class="1005" name="c_row_major_1_2_0_loc_reg_3005">
<pin_list>
<pin id="3006" dir="0" index="0" bw="16" slack="0"/>
<pin id="3007" dir="1" index="1" bw="16" slack="0"/>
</pin_list>
<bind>
<opset="c_row_major_1_2_0_loc "/>
</bind>
</comp>

<comp id="3011" class="1005" name="c_row_major_1_3_0_loc_reg_3011">
<pin_list>
<pin id="3012" dir="0" index="0" bw="16" slack="0"/>
<pin id="3013" dir="1" index="1" bw="16" slack="0"/>
</pin_list>
<bind>
<opset="c_row_major_1_3_0_loc "/>
</bind>
</comp>

<comp id="3017" class="1005" name="c_row_major_1_4_0_loc_reg_3017">
<pin_list>
<pin id="3018" dir="0" index="0" bw="16" slack="0"/>
<pin id="3019" dir="1" index="1" bw="16" slack="0"/>
</pin_list>
<bind>
<opset="c_row_major_1_4_0_loc "/>
</bind>
</comp>

<comp id="3023" class="1005" name="c_row_major_1_5_0_loc_reg_3023">
<pin_list>
<pin id="3024" dir="0" index="0" bw="16" slack="0"/>
<pin id="3025" dir="1" index="1" bw="16" slack="0"/>
</pin_list>
<bind>
<opset="c_row_major_1_5_0_loc "/>
</bind>
</comp>

<comp id="3029" class="1005" name="c_row_major_1_6_0_loc_reg_3029">
<pin_list>
<pin id="3030" dir="0" index="0" bw="16" slack="0"/>
<pin id="3031" dir="1" index="1" bw="16" slack="0"/>
</pin_list>
<bind>
<opset="c_row_major_1_6_0_loc "/>
</bind>
</comp>

<comp id="3035" class="1005" name="c_row_major_1_7_0_loc_reg_3035">
<pin_list>
<pin id="3036" dir="0" index="0" bw="16" slack="0"/>
<pin id="3037" dir="1" index="1" bw="16" slack="0"/>
</pin_list>
<bind>
<opset="c_row_major_1_7_0_loc "/>
</bind>
</comp>

<comp id="3041" class="1005" name="c_row_major_2_0_0_loc_reg_3041">
<pin_list>
<pin id="3042" dir="0" index="0" bw="16" slack="0"/>
<pin id="3043" dir="1" index="1" bw="16" slack="0"/>
</pin_list>
<bind>
<opset="c_row_major_2_0_0_loc "/>
</bind>
</comp>

<comp id="3047" class="1005" name="c_row_major_2_1_0_loc_reg_3047">
<pin_list>
<pin id="3048" dir="0" index="0" bw="16" slack="0"/>
<pin id="3049" dir="1" index="1" bw="16" slack="0"/>
</pin_list>
<bind>
<opset="c_row_major_2_1_0_loc "/>
</bind>
</comp>

<comp id="3053" class="1005" name="c_row_major_2_2_0_loc_reg_3053">
<pin_list>
<pin id="3054" dir="0" index="0" bw="16" slack="0"/>
<pin id="3055" dir="1" index="1" bw="16" slack="0"/>
</pin_list>
<bind>
<opset="c_row_major_2_2_0_loc "/>
</bind>
</comp>

<comp id="3059" class="1005" name="c_row_major_2_3_0_loc_reg_3059">
<pin_list>
<pin id="3060" dir="0" index="0" bw="16" slack="0"/>
<pin id="3061" dir="1" index="1" bw="16" slack="0"/>
</pin_list>
<bind>
<opset="c_row_major_2_3_0_loc "/>
</bind>
</comp>

<comp id="3065" class="1005" name="c_row_major_2_4_0_loc_reg_3065">
<pin_list>
<pin id="3066" dir="0" index="0" bw="16" slack="0"/>
<pin id="3067" dir="1" index="1" bw="16" slack="0"/>
</pin_list>
<bind>
<opset="c_row_major_2_4_0_loc "/>
</bind>
</comp>

<comp id="3071" class="1005" name="c_row_major_2_5_0_loc_reg_3071">
<pin_list>
<pin id="3072" dir="0" index="0" bw="16" slack="0"/>
<pin id="3073" dir="1" index="1" bw="16" slack="0"/>
</pin_list>
<bind>
<opset="c_row_major_2_5_0_loc "/>
</bind>
</comp>

<comp id="3077" class="1005" name="c_row_major_2_6_0_loc_reg_3077">
<pin_list>
<pin id="3078" dir="0" index="0" bw="16" slack="0"/>
<pin id="3079" dir="1" index="1" bw="16" slack="0"/>
</pin_list>
<bind>
<opset="c_row_major_2_6_0_loc "/>
</bind>
</comp>

<comp id="3083" class="1005" name="c_row_major_2_7_0_loc_reg_3083">
<pin_list>
<pin id="3084" dir="0" index="0" bw="16" slack="0"/>
<pin id="3085" dir="1" index="1" bw="16" slack="0"/>
</pin_list>
<bind>
<opset="c_row_major_2_7_0_loc "/>
</bind>
</comp>

<comp id="3089" class="1005" name="c_row_major_3_0_0_loc_reg_3089">
<pin_list>
<pin id="3090" dir="0" index="0" bw="16" slack="0"/>
<pin id="3091" dir="1" index="1" bw="16" slack="0"/>
</pin_list>
<bind>
<opset="c_row_major_3_0_0_loc "/>
</bind>
</comp>

<comp id="3095" class="1005" name="c_row_major_3_1_0_loc_reg_3095">
<pin_list>
<pin id="3096" dir="0" index="0" bw="16" slack="0"/>
<pin id="3097" dir="1" index="1" bw="16" slack="0"/>
</pin_list>
<bind>
<opset="c_row_major_3_1_0_loc "/>
</bind>
</comp>

<comp id="3101" class="1005" name="c_row_major_3_2_0_loc_reg_3101">
<pin_list>
<pin id="3102" dir="0" index="0" bw="16" slack="0"/>
<pin id="3103" dir="1" index="1" bw="16" slack="0"/>
</pin_list>
<bind>
<opset="c_row_major_3_2_0_loc "/>
</bind>
</comp>

<comp id="3107" class="1005" name="c_row_major_3_3_0_loc_reg_3107">
<pin_list>
<pin id="3108" dir="0" index="0" bw="16" slack="0"/>
<pin id="3109" dir="1" index="1" bw="16" slack="0"/>
</pin_list>
<bind>
<opset="c_row_major_3_3_0_loc "/>
</bind>
</comp>

<comp id="3113" class="1005" name="c_row_major_3_4_0_loc_reg_3113">
<pin_list>
<pin id="3114" dir="0" index="0" bw="16" slack="0"/>
<pin id="3115" dir="1" index="1" bw="16" slack="0"/>
</pin_list>
<bind>
<opset="c_row_major_3_4_0_loc "/>
</bind>
</comp>

<comp id="3119" class="1005" name="c_row_major_3_5_0_loc_reg_3119">
<pin_list>
<pin id="3120" dir="0" index="0" bw="16" slack="0"/>
<pin id="3121" dir="1" index="1" bw="16" slack="0"/>
</pin_list>
<bind>
<opset="c_row_major_3_5_0_loc "/>
</bind>
</comp>

<comp id="3125" class="1005" name="c_row_major_3_6_0_loc_reg_3125">
<pin_list>
<pin id="3126" dir="0" index="0" bw="16" slack="0"/>
<pin id="3127" dir="1" index="1" bw="16" slack="0"/>
</pin_list>
<bind>
<opset="c_row_major_3_6_0_loc "/>
</bind>
</comp>

<comp id="3131" class="1005" name="c_row_major_3_7_0_loc_reg_3131">
<pin_list>
<pin id="3132" dir="0" index="0" bw="16" slack="0"/>
<pin id="3133" dir="1" index="1" bw="16" slack="0"/>
</pin_list>
<bind>
<opset="c_row_major_3_7_0_loc "/>
</bind>
</comp>

<comp id="3137" class="1005" name="c_row_major_4_0_0_loc_reg_3137">
<pin_list>
<pin id="3138" dir="0" index="0" bw="16" slack="0"/>
<pin id="3139" dir="1" index="1" bw="16" slack="0"/>
</pin_list>
<bind>
<opset="c_row_major_4_0_0_loc "/>
</bind>
</comp>

<comp id="3143" class="1005" name="c_row_major_4_1_0_loc_reg_3143">
<pin_list>
<pin id="3144" dir="0" index="0" bw="16" slack="0"/>
<pin id="3145" dir="1" index="1" bw="16" slack="0"/>
</pin_list>
<bind>
<opset="c_row_major_4_1_0_loc "/>
</bind>
</comp>

<comp id="3149" class="1005" name="c_row_major_4_2_0_loc_reg_3149">
<pin_list>
<pin id="3150" dir="0" index="0" bw="16" slack="0"/>
<pin id="3151" dir="1" index="1" bw="16" slack="0"/>
</pin_list>
<bind>
<opset="c_row_major_4_2_0_loc "/>
</bind>
</comp>

<comp id="3155" class="1005" name="c_row_major_4_3_0_loc_reg_3155">
<pin_list>
<pin id="3156" dir="0" index="0" bw="16" slack="0"/>
<pin id="3157" dir="1" index="1" bw="16" slack="0"/>
</pin_list>
<bind>
<opset="c_row_major_4_3_0_loc "/>
</bind>
</comp>

<comp id="3161" class="1005" name="c_row_major_4_4_0_loc_reg_3161">
<pin_list>
<pin id="3162" dir="0" index="0" bw="16" slack="0"/>
<pin id="3163" dir="1" index="1" bw="16" slack="0"/>
</pin_list>
<bind>
<opset="c_row_major_4_4_0_loc "/>
</bind>
</comp>

<comp id="3167" class="1005" name="c_row_major_4_5_0_loc_reg_3167">
<pin_list>
<pin id="3168" dir="0" index="0" bw="16" slack="0"/>
<pin id="3169" dir="1" index="1" bw="16" slack="0"/>
</pin_list>
<bind>
<opset="c_row_major_4_5_0_loc "/>
</bind>
</comp>

<comp id="3173" class="1005" name="c_row_major_4_6_0_loc_reg_3173">
<pin_list>
<pin id="3174" dir="0" index="0" bw="16" slack="0"/>
<pin id="3175" dir="1" index="1" bw="16" slack="0"/>
</pin_list>
<bind>
<opset="c_row_major_4_6_0_loc "/>
</bind>
</comp>

<comp id="3179" class="1005" name="c_row_major_4_7_0_loc_reg_3179">
<pin_list>
<pin id="3180" dir="0" index="0" bw="16" slack="0"/>
<pin id="3181" dir="1" index="1" bw="16" slack="0"/>
</pin_list>
<bind>
<opset="c_row_major_4_7_0_loc "/>
</bind>
</comp>

<comp id="3185" class="1005" name="c_row_major_5_0_0_loc_reg_3185">
<pin_list>
<pin id="3186" dir="0" index="0" bw="16" slack="0"/>
<pin id="3187" dir="1" index="1" bw="16" slack="0"/>
</pin_list>
<bind>
<opset="c_row_major_5_0_0_loc "/>
</bind>
</comp>

<comp id="3191" class="1005" name="c_row_major_5_1_0_loc_reg_3191">
<pin_list>
<pin id="3192" dir="0" index="0" bw="16" slack="0"/>
<pin id="3193" dir="1" index="1" bw="16" slack="0"/>
</pin_list>
<bind>
<opset="c_row_major_5_1_0_loc "/>
</bind>
</comp>

<comp id="3197" class="1005" name="c_row_major_5_2_0_loc_reg_3197">
<pin_list>
<pin id="3198" dir="0" index="0" bw="16" slack="0"/>
<pin id="3199" dir="1" index="1" bw="16" slack="0"/>
</pin_list>
<bind>
<opset="c_row_major_5_2_0_loc "/>
</bind>
</comp>

<comp id="3203" class="1005" name="c_row_major_5_3_0_loc_reg_3203">
<pin_list>
<pin id="3204" dir="0" index="0" bw="16" slack="0"/>
<pin id="3205" dir="1" index="1" bw="16" slack="0"/>
</pin_list>
<bind>
<opset="c_row_major_5_3_0_loc "/>
</bind>
</comp>

<comp id="3209" class="1005" name="c_row_major_5_4_0_loc_reg_3209">
<pin_list>
<pin id="3210" dir="0" index="0" bw="16" slack="0"/>
<pin id="3211" dir="1" index="1" bw="16" slack="0"/>
</pin_list>
<bind>
<opset="c_row_major_5_4_0_loc "/>
</bind>
</comp>

<comp id="3215" class="1005" name="c_row_major_5_5_0_loc_reg_3215">
<pin_list>
<pin id="3216" dir="0" index="0" bw="16" slack="0"/>
<pin id="3217" dir="1" index="1" bw="16" slack="0"/>
</pin_list>
<bind>
<opset="c_row_major_5_5_0_loc "/>
</bind>
</comp>

<comp id="3221" class="1005" name="c_row_major_5_6_0_loc_reg_3221">
<pin_list>
<pin id="3222" dir="0" index="0" bw="16" slack="0"/>
<pin id="3223" dir="1" index="1" bw="16" slack="0"/>
</pin_list>
<bind>
<opset="c_row_major_5_6_0_loc "/>
</bind>
</comp>

<comp id="3227" class="1005" name="c_row_major_5_7_0_loc_reg_3227">
<pin_list>
<pin id="3228" dir="0" index="0" bw="16" slack="0"/>
<pin id="3229" dir="1" index="1" bw="16" slack="0"/>
</pin_list>
<bind>
<opset="c_row_major_5_7_0_loc "/>
</bind>
</comp>

<comp id="3233" class="1005" name="c_row_major_6_0_0_loc_reg_3233">
<pin_list>
<pin id="3234" dir="0" index="0" bw="16" slack="0"/>
<pin id="3235" dir="1" index="1" bw="16" slack="0"/>
</pin_list>
<bind>
<opset="c_row_major_6_0_0_loc "/>
</bind>
</comp>

<comp id="3239" class="1005" name="c_row_major_6_1_0_loc_reg_3239">
<pin_list>
<pin id="3240" dir="0" index="0" bw="16" slack="0"/>
<pin id="3241" dir="1" index="1" bw="16" slack="0"/>
</pin_list>
<bind>
<opset="c_row_major_6_1_0_loc "/>
</bind>
</comp>

<comp id="3245" class="1005" name="c_row_major_6_2_0_loc_reg_3245">
<pin_list>
<pin id="3246" dir="0" index="0" bw="16" slack="0"/>
<pin id="3247" dir="1" index="1" bw="16" slack="0"/>
</pin_list>
<bind>
<opset="c_row_major_6_2_0_loc "/>
</bind>
</comp>

<comp id="3251" class="1005" name="c_row_major_6_3_0_loc_reg_3251">
<pin_list>
<pin id="3252" dir="0" index="0" bw="16" slack="0"/>
<pin id="3253" dir="1" index="1" bw="16" slack="0"/>
</pin_list>
<bind>
<opset="c_row_major_6_3_0_loc "/>
</bind>
</comp>

<comp id="3257" class="1005" name="c_row_major_6_4_0_loc_reg_3257">
<pin_list>
<pin id="3258" dir="0" index="0" bw="16" slack="0"/>
<pin id="3259" dir="1" index="1" bw="16" slack="0"/>
</pin_list>
<bind>
<opset="c_row_major_6_4_0_loc "/>
</bind>
</comp>

<comp id="3263" class="1005" name="c_row_major_6_5_0_loc_reg_3263">
<pin_list>
<pin id="3264" dir="0" index="0" bw="16" slack="0"/>
<pin id="3265" dir="1" index="1" bw="16" slack="0"/>
</pin_list>
<bind>
<opset="c_row_major_6_5_0_loc "/>
</bind>
</comp>

<comp id="3269" class="1005" name="c_row_major_6_6_0_loc_reg_3269">
<pin_list>
<pin id="3270" dir="0" index="0" bw="16" slack="0"/>
<pin id="3271" dir="1" index="1" bw="16" slack="0"/>
</pin_list>
<bind>
<opset="c_row_major_6_6_0_loc "/>
</bind>
</comp>

<comp id="3275" class="1005" name="c_row_major_6_7_0_loc_reg_3275">
<pin_list>
<pin id="3276" dir="0" index="0" bw="16" slack="0"/>
<pin id="3277" dir="1" index="1" bw="16" slack="0"/>
</pin_list>
<bind>
<opset="c_row_major_6_7_0_loc "/>
</bind>
</comp>

<comp id="3281" class="1005" name="c_row_major_7_0_0_loc_reg_3281">
<pin_list>
<pin id="3282" dir="0" index="0" bw="16" slack="0"/>
<pin id="3283" dir="1" index="1" bw="16" slack="0"/>
</pin_list>
<bind>
<opset="c_row_major_7_0_0_loc "/>
</bind>
</comp>

<comp id="3287" class="1005" name="c_row_major_7_1_0_loc_reg_3287">
<pin_list>
<pin id="3288" dir="0" index="0" bw="16" slack="0"/>
<pin id="3289" dir="1" index="1" bw="16" slack="0"/>
</pin_list>
<bind>
<opset="c_row_major_7_1_0_loc "/>
</bind>
</comp>

<comp id="3293" class="1005" name="c_row_major_7_2_0_loc_reg_3293">
<pin_list>
<pin id="3294" dir="0" index="0" bw="16" slack="0"/>
<pin id="3295" dir="1" index="1" bw="16" slack="0"/>
</pin_list>
<bind>
<opset="c_row_major_7_2_0_loc "/>
</bind>
</comp>

<comp id="3299" class="1005" name="c_row_major_7_3_0_loc_reg_3299">
<pin_list>
<pin id="3300" dir="0" index="0" bw="16" slack="0"/>
<pin id="3301" dir="1" index="1" bw="16" slack="0"/>
</pin_list>
<bind>
<opset="c_row_major_7_3_0_loc "/>
</bind>
</comp>

<comp id="3305" class="1005" name="c_row_major_7_4_0_loc_reg_3305">
<pin_list>
<pin id="3306" dir="0" index="0" bw="16" slack="0"/>
<pin id="3307" dir="1" index="1" bw="16" slack="0"/>
</pin_list>
<bind>
<opset="c_row_major_7_4_0_loc "/>
</bind>
</comp>

<comp id="3311" class="1005" name="c_row_major_7_5_0_loc_reg_3311">
<pin_list>
<pin id="3312" dir="0" index="0" bw="16" slack="0"/>
<pin id="3313" dir="1" index="1" bw="16" slack="0"/>
</pin_list>
<bind>
<opset="c_row_major_7_5_0_loc "/>
</bind>
</comp>

<comp id="3317" class="1005" name="c_row_major_7_6_0_loc_reg_3317">
<pin_list>
<pin id="3318" dir="0" index="0" bw="16" slack="0"/>
<pin id="3319" dir="1" index="1" bw="16" slack="0"/>
</pin_list>
<bind>
<opset="c_row_major_7_6_0_loc "/>
</bind>
</comp>

<comp id="3323" class="1005" name="c_row_major_7_7_0_loc_reg_3323">
<pin_list>
<pin id="3324" dir="0" index="0" bw="16" slack="0"/>
<pin id="3325" dir="1" index="1" bw="16" slack="0"/>
</pin_list>
<bind>
<opset="c_row_major_7_7_0_loc "/>
</bind>
</comp>

<comp id="3329" class="1005" name="icmp_ln81_reg_3329">
<pin_list>
<pin id="3330" dir="0" index="0" bw="1" slack="2"/>
<pin id="3331" dir="1" index="1" bw="1" slack="2147483647"/>
</pin_list>
<bind>
<opset="icmp_ln81 "/>
</bind>
</comp>

<comp id="3333" class="1005" name="cmp9_not_reg_3333">
<pin_list>
<pin id="3334" dir="0" index="0" bw="1" slack="1"/>
<pin id="3335" dir="1" index="1" bw="1" slack="1"/>
</pin_list>
<bind>
<opset="cmp9_not "/>
</bind>
</comp>

<comp id="3338" class="1005" name="cmp15_reg_3338">
<pin_list>
<pin id="3339" dir="0" index="0" bw="1" slack="1"/>
<pin id="3340" dir="1" index="1" bw="1" slack="1"/>
</pin_list>
<bind>
<opset="cmp15 "/>
</bind>
</comp>

<comp id="3343" class="1005" name="icmp_reg_3343">
<pin_list>
<pin id="3344" dir="0" index="0" bw="1" slack="1"/>
<pin id="3345" dir="1" index="1" bw="1" slack="1"/>
</pin_list>
<bind>
<opset="icmp "/>
</bind>
</comp>

<comp id="3348" class="1005" name="cmp15_240_reg_3348">
<pin_list>
<pin id="3349" dir="0" index="0" bw="1" slack="1"/>
<pin id="3350" dir="1" index="1" bw="1" slack="1"/>
</pin_list>
<bind>
<opset="cmp15_240 "/>
</bind>
</comp>

<comp id="3353" class="1005" name="icmp3_reg_3353">
<pin_list>
<pin id="3354" dir="0" index="0" bw="1" slack="1"/>
<pin id="3355" dir="1" index="1" bw="1" slack="1"/>
</pin_list>
<bind>
<opset="icmp3 "/>
</bind>
</comp>

<comp id="3358" class="1005" name="cmp15_496_reg_3358">
<pin_list>
<pin id="3359" dir="0" index="0" bw="1" slack="1"/>
<pin id="3360" dir="1" index="1" bw="1" slack="1"/>
</pin_list>
<bind>
<opset="cmp15_496 "/>
</bind>
</comp>

<comp id="3363" class="1005" name="cmp15_5124_reg_3363">
<pin_list>
<pin id="3364" dir="0" index="0" bw="1" slack="1"/>
<pin id="3365" dir="1" index="1" bw="1" slack="1"/>
</pin_list>
<bind>
<opset="cmp15_5124 "/>
</bind>
</comp>

<comp id="3368" class="1005" name="cmp15_6152_reg_3368">
<pin_list>
<pin id="3369" dir="0" index="0" bw="1" slack="1"/>
<pin id="3370" dir="1" index="1" bw="1" slack="1"/>
</pin_list>
<bind>
<opset="cmp15_6152 "/>
</bind>
</comp>

<comp id="3373" class="1005" name="icmp6_reg_3373">
<pin_list>
<pin id="3374" dir="0" index="0" bw="1" slack="1"/>
<pin id="3375" dir="1" index="1" bw="1" slack="1"/>
</pin_list>
<bind>
<opset="icmp6 "/>
</bind>
</comp>

<comp id="3378" class="1005" name="icmp9_reg_3378">
<pin_list>
<pin id="3379" dir="0" index="0" bw="1" slack="1"/>
<pin id="3380" dir="1" index="1" bw="1" slack="1"/>
</pin_list>
<bind>
<opset="icmp9 "/>
</bind>
</comp>

<comp id="3383" class="1005" name="cmp9_2_not_reg_3383">
<pin_list>
<pin id="3384" dir="0" index="0" bw="1" slack="1"/>
<pin id="3385" dir="1" index="1" bw="1" slack="1"/>
</pin_list>
<bind>
<opset="cmp9_2_not "/>
</bind>
</comp>

<comp id="3388" class="1005" name="icmp12_reg_3388">
<pin_list>
<pin id="3389" dir="0" index="0" bw="1" slack="1"/>
<pin id="3390" dir="1" index="1" bw="1" slack="1"/>
</pin_list>
<bind>
<opset="icmp12 "/>
</bind>
</comp>

<comp id="3393" class="1005" name="cmp9_4_not_reg_3393">
<pin_list>
<pin id="3394" dir="0" index="0" bw="1" slack="1"/>
<pin id="3395" dir="1" index="1" bw="1" slack="1"/>
</pin_list>
<bind>
<opset="cmp9_4_not "/>
</bind>
</comp>

<comp id="3398" class="1005" name="cmp9_5_not_reg_3398">
<pin_list>
<pin id="3399" dir="0" index="0" bw="1" slack="1"/>
<pin id="3400" dir="1" index="1" bw="1" slack="1"/>
</pin_list>
<bind>
<opset="cmp9_5_not "/>
</bind>
</comp>

<comp id="3403" class="1005" name="cmp9_6_not_reg_3403">
<pin_list>
<pin id="3404" dir="0" index="0" bw="1" slack="1"/>
<pin id="3405" dir="1" index="1" bw="1" slack="1"/>
</pin_list>
<bind>
<opset="cmp9_6_not "/>
</bind>
</comp>

<comp id="3408" class="1005" name="icmp15_reg_3408">
<pin_list>
<pin id="3409" dir="0" index="0" bw="1" slack="1"/>
<pin id="3410" dir="1" index="1" bw="1" slack="1"/>
</pin_list>
<bind>
<opset="icmp15 "/>
</bind>
</comp>

</comp_list>

<net_list>
<net id="231"><net_src comp="178" pin="0"/><net_sink comp="228" pin=0"/></net>

<net id="235"><net_src comp="178" pin="0"/><net_sink comp="232" pin=0"/></net>

<net id="239"><net_src comp="178" pin="0"/><net_sink comp="236" pin=0"/></net>

<net id="243"><net_src comp="178" pin="0"/><net_sink comp="240" pin=0"/></net>

<net id="247"><net_src comp="178" pin="0"/><net_sink comp="244" pin=0"/></net>

<net id="251"><net_src comp="178" pin="0"/><net_sink comp="248" pin=0"/></net>

<net id="255"><net_src comp="178" pin="0"/><net_sink comp="252" pin=0"/></net>

<net id="259"><net_src comp="178" pin="0"/><net_sink comp="256" pin=0"/></net>

<net id="263"><net_src comp="178" pin="0"/><net_sink comp="260" pin=0"/></net>

<net id="267"><net_src comp="178" pin="0"/><net_sink comp="264" pin=0"/></net>

<net id="271"><net_src comp="178" pin="0"/><net_sink comp="268" pin=0"/></net>

<net id="275"><net_src comp="178" pin="0"/><net_sink comp="272" pin=0"/></net>

<net id="279"><net_src comp="178" pin="0"/><net_sink comp="276" pin=0"/></net>

<net id="283"><net_src comp="178" pin="0"/><net_sink comp="280" pin=0"/></net>

<net id="287"><net_src comp="178" pin="0"/><net_sink comp="284" pin=0"/></net>

<net id="291"><net_src comp="178" pin="0"/><net_sink comp="288" pin=0"/></net>

<net id="295"><net_src comp="178" pin="0"/><net_sink comp="292" pin=0"/></net>

<net id="299"><net_src comp="178" pin="0"/><net_sink comp="296" pin=0"/></net>

<net id="303"><net_src comp="178" pin="0"/><net_sink comp="300" pin=0"/></net>

<net id="307"><net_src comp="178" pin="0"/><net_sink comp="304" pin=0"/></net>

<net id="311"><net_src comp="178" pin="0"/><net_sink comp="308" pin=0"/></net>

<net id="315"><net_src comp="178" pin="0"/><net_sink comp="312" pin=0"/></net>

<net id="319"><net_src comp="178" pin="0"/><net_sink comp="316" pin=0"/></net>

<net id="323"><net_src comp="178" pin="0"/><net_sink comp="320" pin=0"/></net>

<net id="327"><net_src comp="178" pin="0"/><net_sink comp="324" pin=0"/></net>

<net id="331"><net_src comp="178" pin="0"/><net_sink comp="328" pin=0"/></net>

<net id="335"><net_src comp="178" pin="0"/><net_sink comp="332" pin=0"/></net>

<net id="339"><net_src comp="178" pin="0"/><net_sink comp="336" pin=0"/></net>

<net id="343"><net_src comp="178" pin="0"/><net_sink comp="340" pin=0"/></net>

<net id="347"><net_src comp="178" pin="0"/><net_sink comp="344" pin=0"/></net>

<net id="351"><net_src comp="178" pin="0"/><net_sink comp="348" pin=0"/></net>

<net id="355"><net_src comp="178" pin="0"/><net_sink comp="352" pin=0"/></net>

<net id="359"><net_src comp="178" pin="0"/><net_sink comp="356" pin=0"/></net>

<net id="363"><net_src comp="178" pin="0"/><net_sink comp="360" pin=0"/></net>

<net id="367"><net_src comp="178" pin="0"/><net_sink comp="364" pin=0"/></net>

<net id="371"><net_src comp="178" pin="0"/><net_sink comp="368" pin=0"/></net>

<net id="375"><net_src comp="178" pin="0"/><net_sink comp="372" pin=0"/></net>

<net id="379"><net_src comp="178" pin="0"/><net_sink comp="376" pin=0"/></net>

<net id="383"><net_src comp="178" pin="0"/><net_sink comp="380" pin=0"/></net>

<net id="387"><net_src comp="178" pin="0"/><net_sink comp="384" pin=0"/></net>

<net id="391"><net_src comp="178" pin="0"/><net_sink comp="388" pin=0"/></net>

<net id="395"><net_src comp="178" pin="0"/><net_sink comp="392" pin=0"/></net>

<net id="399"><net_src comp="178" pin="0"/><net_sink comp="396" pin=0"/></net>

<net id="403"><net_src comp="178" pin="0"/><net_sink comp="400" pin=0"/></net>

<net id="407"><net_src comp="178" pin="0"/><net_sink comp="404" pin=0"/></net>

<net id="411"><net_src comp="178" pin="0"/><net_sink comp="408" pin=0"/></net>

<net id="415"><net_src comp="178" pin="0"/><net_sink comp="412" pin=0"/></net>

<net id="419"><net_src comp="178" pin="0"/><net_sink comp="416" pin=0"/></net>

<net id="423"><net_src comp="178" pin="0"/><net_sink comp="420" pin=0"/></net>

<net id="427"><net_src comp="178" pin="0"/><net_sink comp="424" pin=0"/></net>

<net id="431"><net_src comp="178" pin="0"/><net_sink comp="428" pin=0"/></net>

<net id="435"><net_src comp="178" pin="0"/><net_sink comp="432" pin=0"/></net>

<net id="439"><net_src comp="178" pin="0"/><net_sink comp="436" pin=0"/></net>

<net id="443"><net_src comp="178" pin="0"/><net_sink comp="440" pin=0"/></net>

<net id="447"><net_src comp="178" pin="0"/><net_sink comp="444" pin=0"/></net>

<net id="451"><net_src comp="178" pin="0"/><net_sink comp="448" pin=0"/></net>

<net id="455"><net_src comp="178" pin="0"/><net_sink comp="452" pin=0"/></net>

<net id="459"><net_src comp="178" pin="0"/><net_sink comp="456" pin=0"/></net>

<net id="463"><net_src comp="178" pin="0"/><net_sink comp="460" pin=0"/></net>

<net id="467"><net_src comp="178" pin="0"/><net_sink comp="464" pin=0"/></net>

<net id="471"><net_src comp="178" pin="0"/><net_sink comp="468" pin=0"/></net>

<net id="475"><net_src comp="178" pin="0"/><net_sink comp="472" pin=0"/></net>

<net id="479"><net_src comp="178" pin="0"/><net_sink comp="476" pin=0"/></net>

<net id="483"><net_src comp="178" pin="0"/><net_sink comp="480" pin=0"/></net>

<net id="488"><net_src comp="170" pin="0"/><net_sink comp="484" pin=0"/></net>

<net id="489"><net_src comp="168" pin="0"/><net_sink comp="484" pin=1"/></net>

<net id="494"><net_src comp="170" pin="0"/><net_sink comp="490" pin=0"/></net>

<net id="495"><net_src comp="166" pin="0"/><net_sink comp="490" pin=1"/></net>

<net id="500"><net_src comp="170" pin="0"/><net_sink comp="496" pin=0"/></net>

<net id="501"><net_src comp="164" pin="0"/><net_sink comp="496" pin=1"/></net>

<net id="506"><net_src comp="172" pin="0"/><net_sink comp="502" pin=0"/></net>

<net id="507"><net_src comp="162" pin="0"/><net_sink comp="502" pin=1"/></net>

<net id="512"><net_src comp="174" pin="0"/><net_sink comp="508" pin=0"/></net>

<net id="513"><net_src comp="160" pin="0"/><net_sink comp="508" pin=1"/></net>

<net id="518"><net_src comp="176" pin="0"/><net_sink comp="514" pin=0"/></net>

<net id="519"><net_src comp="158" pin="0"/><net_sink comp="514" pin=1"/></net>

<net id="524"><net_src comp="176" pin="0"/><net_sink comp="520" pin=0"/></net>

<net id="525"><net_src comp="156" pin="0"/><net_sink comp="520" pin=1"/></net>

<net id="530"><net_src comp="176" pin="0"/><net_sink comp="526" pin=0"/></net>

<net id="531"><net_src comp="154" pin="0"/><net_sink comp="526" pin=1"/></net>

<net id="536"><net_src comp="176" pin="0"/><net_sink comp="532" pin=0"/></net>

<net id="537"><net_src comp="152" pin="0"/><net_sink comp="532" pin=1"/></net>

<net id="542"><net_src comp="176" pin="0"/><net_sink comp="538" pin=0"/></net>

<net id="543"><net_src comp="150" pin="0"/><net_sink comp="538" pin=1"/></net>

<net id="548"><net_src comp="176" pin="0"/><net_sink comp="544" pin=0"/></net>

<net id="549"><net_src comp="148" pin="0"/><net_sink comp="544" pin=1"/></net>

<net id="554"><net_src comp="176" pin="0"/><net_sink comp="550" pin=0"/></net>

<net id="555"><net_src comp="146" pin="0"/><net_sink comp="550" pin=1"/></net>

<net id="560"><net_src comp="176" pin="0"/><net_sink comp="556" pin=0"/></net>

<net id="561"><net_src comp="144" pin="0"/><net_sink comp="556" pin=1"/></net>

<net id="566"><net_src comp="176" pin="0"/><net_sink comp="562" pin=0"/></net>

<net id="567"><net_src comp="142" pin="0"/><net_sink comp="562" pin=1"/></net>

<net id="572"><net_src comp="176" pin="0"/><net_sink comp="568" pin=0"/></net>

<net id="573"><net_src comp="140" pin="0"/><net_sink comp="568" pin=1"/></net>

<net id="578"><net_src comp="176" pin="0"/><net_sink comp="574" pin=0"/></net>

<net id="579"><net_src comp="138" pin="0"/><net_sink comp="574" pin=1"/></net>

<net id="584"><net_src comp="176" pin="0"/><net_sink comp="580" pin=0"/></net>

<net id="585"><net_src comp="136" pin="0"/><net_sink comp="580" pin=1"/></net>

<net id="590"><net_src comp="176" pin="0"/><net_sink comp="586" pin=0"/></net>

<net id="591"><net_src comp="134" pin="0"/><net_sink comp="586" pin=1"/></net>

<net id="596"><net_src comp="176" pin="0"/><net_sink comp="592" pin=0"/></net>

<net id="597"><net_src comp="132" pin="0"/><net_sink comp="592" pin=1"/></net>

<net id="602"><net_src comp="176" pin="0"/><net_sink comp="598" pin=0"/></net>

<net id="603"><net_src comp="130" pin="0"/><net_sink comp="598" pin=1"/></net>

<net id="608"><net_src comp="176" pin="0"/><net_sink comp="604" pin=0"/></net>

<net id="609"><net_src comp="128" pin="0"/><net_sink comp="604" pin=1"/></net>

<net id="614"><net_src comp="176" pin="0"/><net_sink comp="610" pin=0"/></net>

<net id="615"><net_src comp="126" pin="0"/><net_sink comp="610" pin=1"/></net>

<net id="620"><net_src comp="176" pin="0"/><net_sink comp="616" pin=0"/></net>

<net id="621"><net_src comp="124" pin="0"/><net_sink comp="616" pin=1"/></net>

<net id="626"><net_src comp="176" pin="0"/><net_sink comp="622" pin=0"/></net>

<net id="627"><net_src comp="122" pin="0"/><net_sink comp="622" pin=1"/></net>

<net id="632"><net_src comp="176" pin="0"/><net_sink comp="628" pin=0"/></net>

<net id="633"><net_src comp="120" pin="0"/><net_sink comp="628" pin=1"/></net>

<net id="638"><net_src comp="176" pin="0"/><net_sink comp="634" pin=0"/></net>

<net id="639"><net_src comp="118" pin="0"/><net_sink comp="634" pin=1"/></net>

<net id="644"><net_src comp="176" pin="0"/><net_sink comp="640" pin=0"/></net>

<net id="645"><net_src comp="116" pin="0"/><net_sink comp="640" pin=1"/></net>

<net id="650"><net_src comp="176" pin="0"/><net_sink comp="646" pin=0"/></net>

<net id="651"><net_src comp="114" pin="0"/><net_sink comp="646" pin=1"/></net>

<net id="656"><net_src comp="176" pin="0"/><net_sink comp="652" pin=0"/></net>

<net id="657"><net_src comp="112" pin="0"/><net_sink comp="652" pin=1"/></net>

<net id="662"><net_src comp="176" pin="0"/><net_sink comp="658" pin=0"/></net>

<net id="663"><net_src comp="110" pin="0"/><net_sink comp="658" pin=1"/></net>

<net id="668"><net_src comp="176" pin="0"/><net_sink comp="664" pin=0"/></net>

<net id="669"><net_src comp="108" pin="0"/><net_sink comp="664" pin=1"/></net>

<net id="674"><net_src comp="176" pin="0"/><net_sink comp="670" pin=0"/></net>

<net id="675"><net_src comp="106" pin="0"/><net_sink comp="670" pin=1"/></net>

<net id="680"><net_src comp="176" pin="0"/><net_sink comp="676" pin=0"/></net>

<net id="681"><net_src comp="104" pin="0"/><net_sink comp="676" pin=1"/></net>

<net id="686"><net_src comp="176" pin="0"/><net_sink comp="682" pin=0"/></net>

<net id="687"><net_src comp="102" pin="0"/><net_sink comp="682" pin=1"/></net>

<net id="692"><net_src comp="176" pin="0"/><net_sink comp="688" pin=0"/></net>

<net id="693"><net_src comp="100" pin="0"/><net_sink comp="688" pin=1"/></net>

<net id="698"><net_src comp="176" pin="0"/><net_sink comp="694" pin=0"/></net>

<net id="699"><net_src comp="98" pin="0"/><net_sink comp="694" pin=1"/></net>

<net id="704"><net_src comp="176" pin="0"/><net_sink comp="700" pin=0"/></net>

<net id="705"><net_src comp="96" pin="0"/><net_sink comp="700" pin=1"/></net>

<net id="710"><net_src comp="176" pin="0"/><net_sink comp="706" pin=0"/></net>

<net id="711"><net_src comp="94" pin="0"/><net_sink comp="706" pin=1"/></net>

<net id="716"><net_src comp="176" pin="0"/><net_sink comp="712" pin=0"/></net>

<net id="717"><net_src comp="92" pin="0"/><net_sink comp="712" pin=1"/></net>

<net id="722"><net_src comp="176" pin="0"/><net_sink comp="718" pin=0"/></net>

<net id="723"><net_src comp="90" pin="0"/><net_sink comp="718" pin=1"/></net>

<net id="728"><net_src comp="176" pin="0"/><net_sink comp="724" pin=0"/></net>

<net id="729"><net_src comp="88" pin="0"/><net_sink comp="724" pin=1"/></net>

<net id="734"><net_src comp="176" pin="0"/><net_sink comp="730" pin=0"/></net>

<net id="735"><net_src comp="86" pin="0"/><net_sink comp="730" pin=1"/></net>

<net id="740"><net_src comp="176" pin="0"/><net_sink comp="736" pin=0"/></net>

<net id="741"><net_src comp="84" pin="0"/><net_sink comp="736" pin=1"/></net>

<net id="746"><net_src comp="176" pin="0"/><net_sink comp="742" pin=0"/></net>

<net id="747"><net_src comp="82" pin="0"/><net_sink comp="742" pin=1"/></net>

<net id="752"><net_src comp="176" pin="0"/><net_sink comp="748" pin=0"/></net>

<net id="753"><net_src comp="80" pin="0"/><net_sink comp="748" pin=1"/></net>

<net id="758"><net_src comp="176" pin="0"/><net_sink comp="754" pin=0"/></net>

<net id="759"><net_src comp="78" pin="0"/><net_sink comp="754" pin=1"/></net>

<net id="764"><net_src comp="176" pin="0"/><net_sink comp="760" pin=0"/></net>

<net id="765"><net_src comp="76" pin="0"/><net_sink comp="760" pin=1"/></net>

<net id="770"><net_src comp="176" pin="0"/><net_sink comp="766" pin=0"/></net>

<net id="771"><net_src comp="74" pin="0"/><net_sink comp="766" pin=1"/></net>

<net id="776"><net_src comp="176" pin="0"/><net_sink comp="772" pin=0"/></net>

<net id="777"><net_src comp="72" pin="0"/><net_sink comp="772" pin=1"/></net>

<net id="782"><net_src comp="176" pin="0"/><net_sink comp="778" pin=0"/></net>

<net id="783"><net_src comp="70" pin="0"/><net_sink comp="778" pin=1"/></net>

<net id="788"><net_src comp="176" pin="0"/><net_sink comp="784" pin=0"/></net>

<net id="789"><net_src comp="68" pin="0"/><net_sink comp="784" pin=1"/></net>

<net id="794"><net_src comp="176" pin="0"/><net_sink comp="790" pin=0"/></net>

<net id="795"><net_src comp="66" pin="0"/><net_sink comp="790" pin=1"/></net>

<net id="800"><net_src comp="176" pin="0"/><net_sink comp="796" pin=0"/></net>

<net id="801"><net_src comp="64" pin="0"/><net_sink comp="796" pin=1"/></net>

<net id="806"><net_src comp="176" pin="0"/><net_sink comp="802" pin=0"/></net>

<net id="807"><net_src comp="62" pin="0"/><net_sink comp="802" pin=1"/></net>

<net id="812"><net_src comp="176" pin="0"/><net_sink comp="808" pin=0"/></net>

<net id="813"><net_src comp="60" pin="0"/><net_sink comp="808" pin=1"/></net>

<net id="818"><net_src comp="176" pin="0"/><net_sink comp="814" pin=0"/></net>

<net id="819"><net_src comp="58" pin="0"/><net_sink comp="814" pin=1"/></net>

<net id="824"><net_src comp="176" pin="0"/><net_sink comp="820" pin=0"/></net>

<net id="825"><net_src comp="56" pin="0"/><net_sink comp="820" pin=1"/></net>

<net id="830"><net_src comp="176" pin="0"/><net_sink comp="826" pin=0"/></net>

<net id="831"><net_src comp="54" pin="0"/><net_sink comp="826" pin=1"/></net>

<net id="836"><net_src comp="176" pin="0"/><net_sink comp="832" pin=0"/></net>

<net id="837"><net_src comp="52" pin="0"/><net_sink comp="832" pin=1"/></net>

<net id="842"><net_src comp="176" pin="0"/><net_sink comp="838" pin=0"/></net>

<net id="843"><net_src comp="50" pin="0"/><net_sink comp="838" pin=1"/></net>

<net id="848"><net_src comp="176" pin="0"/><net_sink comp="844" pin=0"/></net>

<net id="849"><net_src comp="48" pin="0"/><net_sink comp="844" pin=1"/></net>

<net id="854"><net_src comp="176" pin="0"/><net_sink comp="850" pin=0"/></net>

<net id="855"><net_src comp="46" pin="0"/><net_sink comp="850" pin=1"/></net>

<net id="860"><net_src comp="176" pin="0"/><net_sink comp="856" pin=0"/></net>

<net id="861"><net_src comp="44" pin="0"/><net_sink comp="856" pin=1"/></net>

<net id="866"><net_src comp="176" pin="0"/><net_sink comp="862" pin=0"/></net>

<net id="867"><net_src comp="42" pin="0"/><net_sink comp="862" pin=1"/></net>

<net id="872"><net_src comp="176" pin="0"/><net_sink comp="868" pin=0"/></net>

<net id="873"><net_src comp="40" pin="0"/><net_sink comp="868" pin=1"/></net>

<net id="878"><net_src comp="176" pin="0"/><net_sink comp="874" pin=0"/></net>

<net id="879"><net_src comp="38" pin="0"/><net_sink comp="874" pin=1"/></net>

<net id="884"><net_src comp="176" pin="0"/><net_sink comp="880" pin=0"/></net>

<net id="885"><net_src comp="36" pin="0"/><net_sink comp="880" pin=1"/></net>

<net id="890"><net_src comp="176" pin="0"/><net_sink comp="886" pin=0"/></net>

<net id="891"><net_src comp="34" pin="0"/><net_sink comp="886" pin=1"/></net>

<net id="896"><net_src comp="176" pin="0"/><net_sink comp="892" pin=0"/></net>

<net id="897"><net_src comp="32" pin="0"/><net_sink comp="892" pin=1"/></net>

<net id="1640"><net_src comp="224" pin="0"/><net_sink comp="1474" pin=0"/></net>

<net id="1641"><net_src comp="508" pin="2"/><net_sink comp="1474" pin=1"/></net>

<net id="1642"><net_src comp="514" pin="2"/><net_sink comp="1474" pin=2"/></net>

<net id="1643"><net_src comp="520" pin="2"/><net_sink comp="1474" pin=3"/></net>

<net id="1644"><net_src comp="526" pin="2"/><net_sink comp="1474" pin=4"/></net>

<net id="1645"><net_src comp="532" pin="2"/><net_sink comp="1474" pin=5"/></net>

<net id="1646"><net_src comp="538" pin="2"/><net_sink comp="1474" pin=6"/></net>

<net id="1647"><net_src comp="544" pin="2"/><net_sink comp="1474" pin=7"/></net>

<net id="1648"><net_src comp="550" pin="2"/><net_sink comp="1474" pin=8"/></net>

<net id="1649"><net_src comp="556" pin="2"/><net_sink comp="1474" pin=9"/></net>

<net id="1650"><net_src comp="562" pin="2"/><net_sink comp="1474" pin=10"/></net>

<net id="1651"><net_src comp="568" pin="2"/><net_sink comp="1474" pin=11"/></net>

<net id="1652"><net_src comp="574" pin="2"/><net_sink comp="1474" pin=12"/></net>

<net id="1653"><net_src comp="580" pin="2"/><net_sink comp="1474" pin=13"/></net>

<net id="1654"><net_src comp="586" pin="2"/><net_sink comp="1474" pin=14"/></net>

<net id="1655"><net_src comp="592" pin="2"/><net_sink comp="1474" pin=15"/></net>

<net id="1656"><net_src comp="598" pin="2"/><net_sink comp="1474" pin=16"/></net>

<net id="1657"><net_src comp="604" pin="2"/><net_sink comp="1474" pin=17"/></net>

<net id="1658"><net_src comp="610" pin="2"/><net_sink comp="1474" pin=18"/></net>

<net id="1659"><net_src comp="616" pin="2"/><net_sink comp="1474" pin=19"/></net>

<net id="1660"><net_src comp="622" pin="2"/><net_sink comp="1474" pin=20"/></net>

<net id="1661"><net_src comp="628" pin="2"/><net_sink comp="1474" pin=21"/></net>

<net id="1662"><net_src comp="634" pin="2"/><net_sink comp="1474" pin=22"/></net>

<net id="1663"><net_src comp="640" pin="2"/><net_sink comp="1474" pin=23"/></net>

<net id="1664"><net_src comp="646" pin="2"/><net_sink comp="1474" pin=24"/></net>

<net id="1665"><net_src comp="652" pin="2"/><net_sink comp="1474" pin=25"/></net>

<net id="1666"><net_src comp="658" pin="2"/><net_sink comp="1474" pin=26"/></net>

<net id="1667"><net_src comp="664" pin="2"/><net_sink comp="1474" pin=27"/></net>

<net id="1668"><net_src comp="670" pin="2"/><net_sink comp="1474" pin=28"/></net>

<net id="1669"><net_src comp="676" pin="2"/><net_sink comp="1474" pin=29"/></net>

<net id="1670"><net_src comp="682" pin="2"/><net_sink comp="1474" pin=30"/></net>

<net id="1671"><net_src comp="688" pin="2"/><net_sink comp="1474" pin=31"/></net>

<net id="1672"><net_src comp="694" pin="2"/><net_sink comp="1474" pin=32"/></net>

<net id="1673"><net_src comp="700" pin="2"/><net_sink comp="1474" pin=33"/></net>

<net id="1674"><net_src comp="706" pin="2"/><net_sink comp="1474" pin=34"/></net>

<net id="1675"><net_src comp="712" pin="2"/><net_sink comp="1474" pin=35"/></net>

<net id="1676"><net_src comp="718" pin="2"/><net_sink comp="1474" pin=36"/></net>

<net id="1677"><net_src comp="724" pin="2"/><net_sink comp="1474" pin=37"/></net>

<net id="1678"><net_src comp="730" pin="2"/><net_sink comp="1474" pin=38"/></net>

<net id="1679"><net_src comp="736" pin="2"/><net_sink comp="1474" pin=39"/></net>

<net id="1680"><net_src comp="742" pin="2"/><net_sink comp="1474" pin=40"/></net>

<net id="1681"><net_src comp="748" pin="2"/><net_sink comp="1474" pin=41"/></net>

<net id="1682"><net_src comp="754" pin="2"/><net_sink comp="1474" pin=42"/></net>

<net id="1683"><net_src comp="760" pin="2"/><net_sink comp="1474" pin=43"/></net>

<net id="1684"><net_src comp="766" pin="2"/><net_sink comp="1474" pin=44"/></net>

<net id="1685"><net_src comp="772" pin="2"/><net_sink comp="1474" pin=45"/></net>

<net id="1686"><net_src comp="778" pin="2"/><net_sink comp="1474" pin=46"/></net>

<net id="1687"><net_src comp="784" pin="2"/><net_sink comp="1474" pin=47"/></net>

<net id="1688"><net_src comp="790" pin="2"/><net_sink comp="1474" pin=48"/></net>

<net id="1689"><net_src comp="796" pin="2"/><net_sink comp="1474" pin=49"/></net>

<net id="1690"><net_src comp="802" pin="2"/><net_sink comp="1474" pin=50"/></net>

<net id="1691"><net_src comp="808" pin="2"/><net_sink comp="1474" pin=51"/></net>

<net id="1692"><net_src comp="814" pin="2"/><net_sink comp="1474" pin=52"/></net>

<net id="1693"><net_src comp="820" pin="2"/><net_sink comp="1474" pin=53"/></net>

<net id="1694"><net_src comp="826" pin="2"/><net_sink comp="1474" pin=54"/></net>

<net id="1695"><net_src comp="832" pin="2"/><net_sink comp="1474" pin=55"/></net>

<net id="1696"><net_src comp="838" pin="2"/><net_sink comp="1474" pin=56"/></net>

<net id="1697"><net_src comp="844" pin="2"/><net_sink comp="1474" pin=57"/></net>

<net id="1698"><net_src comp="850" pin="2"/><net_sink comp="1474" pin=58"/></net>

<net id="1699"><net_src comp="856" pin="2"/><net_sink comp="1474" pin=59"/></net>

<net id="1700"><net_src comp="862" pin="2"/><net_sink comp="1474" pin=60"/></net>

<net id="1701"><net_src comp="868" pin="2"/><net_sink comp="1474" pin=61"/></net>

<net id="1702"><net_src comp="874" pin="2"/><net_sink comp="1474" pin=62"/></net>

<net id="1703"><net_src comp="880" pin="2"/><net_sink comp="1474" pin=63"/></net>

<net id="1704"><net_src comp="886" pin="2"/><net_sink comp="1474" pin=64"/></net>

<net id="1705"><net_src comp="892" pin="2"/><net_sink comp="1474" pin=65"/></net>

<net id="1706"><net_src comp="502" pin="2"/><net_sink comp="1474" pin=66"/></net>

<net id="1707"><net_src comp="490" pin="2"/><net_sink comp="1474" pin=67"/></net>

<net id="1708"><net_src comp="0" pin="0"/><net_sink comp="1474" pin=68"/></net>

<net id="1709"><net_src comp="2" pin="0"/><net_sink comp="1474" pin=69"/></net>

<net id="1710"><net_src comp="4" pin="0"/><net_sink comp="1474" pin=70"/></net>

<net id="1711"><net_src comp="6" pin="0"/><net_sink comp="1474" pin=71"/></net>

<net id="1712"><net_src comp="8" pin="0"/><net_sink comp="1474" pin=72"/></net>

<net id="1713"><net_src comp="10" pin="0"/><net_sink comp="1474" pin=73"/></net>

<net id="1714"><net_src comp="12" pin="0"/><net_sink comp="1474" pin=74"/></net>

<net id="1715"><net_src comp="14" pin="0"/><net_sink comp="1474" pin=75"/></net>

<net id="1716"><net_src comp="16" pin="0"/><net_sink comp="1474" pin=78"/></net>

<net id="1717"><net_src comp="18" pin="0"/><net_sink comp="1474" pin=80"/></net>

<net id="1718"><net_src comp="20" pin="0"/><net_sink comp="1474" pin=82"/></net>

<net id="1719"><net_src comp="22" pin="0"/><net_sink comp="1474" pin=84"/></net>

<net id="1720"><net_src comp="24" pin="0"/><net_sink comp="1474" pin=86"/></net>

<net id="1721"><net_src comp="26" pin="0"/><net_sink comp="1474" pin=88"/></net>

<net id="1722"><net_src comp="28" pin="0"/><net_sink comp="1474" pin=90"/></net>

<net id="1723"><net_src comp="30" pin="0"/><net_sink comp="1474" pin=92"/></net>

<net id="1727"><net_src comp="508" pin="2"/><net_sink comp="1724" pin=0"/></net>

<net id="1732"><net_src comp="1724" pin="1"/><net_sink comp="1728" pin=0"/></net>

<net id="1733"><net_src comp="502" pin="2"/><net_sink comp="1728" pin=1"/></net>

<net id="1738"><net_src comp="496" pin="2"/><net_sink comp="1734" pin=0"/></net>

<net id="1739"><net_src comp="188" pin="0"/><net_sink comp="1734" pin=1"/></net>

<net id="1740"><net_src comp="1734" pin="2"/><net_sink comp="1474" pin=76"/></net>

<net id="1745"><net_src comp="484" pin="2"/><net_sink comp="1741" pin=0"/></net>

<net id="1746"><net_src comp="190" pin="0"/><net_sink comp="1741" pin=1"/></net>

<net id="1747"><net_src comp="1741" pin="2"/><net_sink comp="1474" pin=77"/></net>

<net id="1754"><net_src comp="192" pin="0"/><net_sink comp="1748" pin=0"/></net>

<net id="1755"><net_src comp="484" pin="2"/><net_sink comp="1748" pin=1"/></net>

<net id="1756"><net_src comp="188" pin="0"/><net_sink comp="1748" pin=2"/></net>

<net id="1757"><net_src comp="194" pin="0"/><net_sink comp="1748" pin=3"/></net>

<net id="1762"><net_src comp="1748" pin="4"/><net_sink comp="1758" pin=0"/></net>

<net id="1763"><net_src comp="196" pin="0"/><net_sink comp="1758" pin=1"/></net>

<net id="1764"><net_src comp="1758" pin="2"/><net_sink comp="1474" pin=79"/></net>

<net id="1769"><net_src comp="484" pin="2"/><net_sink comp="1765" pin=0"/></net>

<net id="1770"><net_src comp="198" pin="0"/><net_sink comp="1765" pin=1"/></net>

<net id="1771"><net_src comp="1765" pin="2"/><net_sink comp="1474" pin=81"/></net>

<net id="1778"><net_src comp="200" pin="0"/><net_sink comp="1772" pin=0"/></net>

<net id="1779"><net_src comp="484" pin="2"/><net_sink comp="1772" pin=1"/></net>

<net id="1780"><net_src comp="198" pin="0"/><net_sink comp="1772" pin=2"/></net>

<net id="1781"><net_src comp="194" pin="0"/><net_sink comp="1772" pin=3"/></net>

<net id="1786"><net_src comp="1772" pin="4"/><net_sink comp="1782" pin=0"/></net>

<net id="1787"><net_src comp="202" pin="0"/><net_sink comp="1782" pin=1"/></net>

<net id="1788"><net_src comp="1782" pin="2"/><net_sink comp="1474" pin=83"/></net>

<net id="1793"><net_src comp="484" pin="2"/><net_sink comp="1789" pin=0"/></net>

<net id="1794"><net_src comp="204" pin="0"/><net_sink comp="1789" pin=1"/></net>

<net id="1795"><net_src comp="1789" pin="2"/><net_sink comp="1474" pin=85"/></net>

<net id="1800"><net_src comp="484" pin="2"/><net_sink comp="1796" pin=0"/></net>

<net id="1801"><net_src comp="206" pin="0"/><net_sink comp="1796" pin=1"/></net>

<net id="1802"><net_src comp="1796" pin="2"/><net_sink comp="1474" pin=87"/></net>

<net id="1807"><net_src comp="484" pin="2"/><net_sink comp="1803" pin=0"/></net>

<net id="1808"><net_src comp="208" pin="0"/><net_sink comp="1803" pin=1"/></net>

<net id="1809"><net_src comp="1803" pin="2"/><net_sink comp="1474" pin=89"/></net>

<net id="1816"><net_src comp="210" pin="0"/><net_sink comp="1810" pin=0"/></net>

<net id="1817"><net_src comp="484" pin="2"/><net_sink comp="1810" pin=1"/></net>

<net id="1818"><net_src comp="212" pin="0"/><net_sink comp="1810" pin=2"/></net>

<net id="1819"><net_src comp="194" pin="0"/><net_sink comp="1810" pin=3"/></net>

<net id="1824"><net_src comp="1810" pin="4"/><net_sink comp="1820" pin=0"/></net>

<net id="1825"><net_src comp="214" pin="0"/><net_sink comp="1820" pin=1"/></net>

<net id="1826"><net_src comp="1820" pin="2"/><net_sink comp="1474" pin=91"/></net>

<net id="1833"><net_src comp="192" pin="0"/><net_sink comp="1827" pin=0"/></net>

<net id="1834"><net_src comp="496" pin="2"/><net_sink comp="1827" pin=1"/></net>

<net id="1835"><net_src comp="188" pin="0"/><net_sink comp="1827" pin=2"/></net>

<net id="1836"><net_src comp="194" pin="0"/><net_sink comp="1827" pin=3"/></net>

<net id="1841"><net_src comp="1827" pin="4"/><net_sink comp="1837" pin=0"/></net>

<net id="1842"><net_src comp="216" pin="0"/><net_sink comp="1837" pin=1"/></net>

<net id="1843"><net_src comp="1837" pin="2"/><net_sink comp="1474" pin=93"/></net>

<net id="1848"><net_src comp="496" pin="2"/><net_sink comp="1844" pin=0"/></net>

<net id="1849"><net_src comp="212" pin="0"/><net_sink comp="1844" pin=1"/></net>

<net id="1850"><net_src comp="1844" pin="2"/><net_sink comp="1474" pin=94"/></net>

<net id="1857"><net_src comp="200" pin="0"/><net_sink comp="1851" pin=0"/></net>

<net id="1858"><net_src comp="496" pin="2"/><net_sink comp="1851" pin=1"/></net>

<net id="1859"><net_src comp="198" pin="0"/><net_sink comp="1851" pin=2"/></net>

<net id="1860"><net_src comp="194" pin="0"/><net_sink comp="1851" pin=3"/></net>

<net id="1865"><net_src comp="1851" pin="4"/><net_sink comp="1861" pin=0"/></net>

<net id="1866"><net_src comp="218" pin="0"/><net_sink comp="1861" pin=1"/></net>

<net id="1867"><net_src comp="1861" pin="2"/><net_sink comp="1474" pin=95"/></net>

<net id="1872"><net_src comp="496" pin="2"/><net_sink comp="1868" pin=0"/></net>

<net id="1873"><net_src comp="206" pin="0"/><net_sink comp="1868" pin=1"/></net>

<net id="1874"><net_src comp="1868" pin="2"/><net_sink comp="1474" pin=96"/></net>

<net id="1879"><net_src comp="496" pin="2"/><net_sink comp="1875" pin=0"/></net>

<net id="1880"><net_src comp="208" pin="0"/><net_sink comp="1875" pin=1"/></net>

<net id="1881"><net_src comp="1875" pin="2"/><net_sink comp="1474" pin=97"/></net>

<net id="1886"><net_src comp="496" pin="2"/><net_sink comp="1882" pin=0"/></net>

<net id="1887"><net_src comp="220" pin="0"/><net_sink comp="1882" pin=1"/></net>

<net id="1888"><net_src comp="1882" pin="2"/><net_sink comp="1474" pin=98"/></net>

<net id="1895"><net_src comp="210" pin="0"/><net_sink comp="1889" pin=0"/></net>

<net id="1896"><net_src comp="496" pin="2"/><net_sink comp="1889" pin=1"/></net>

<net id="1897"><net_src comp="212" pin="0"/><net_sink comp="1889" pin=2"/></net>

<net id="1898"><net_src comp="194" pin="0"/><net_sink comp="1889" pin=3"/></net>

<net id="1903"><net_src comp="1889" pin="4"/><net_sink comp="1899" pin=0"/></net>

<net id="1904"><net_src comp="222" pin="0"/><net_sink comp="1899" pin=1"/></net>

<net id="1905"><net_src comp="1899" pin="2"/><net_sink comp="1474" pin=99"/></net>

<net id="1909"><net_src comp="1906" pin="1"/><net_sink comp="1468" pin=0"/></net>

<net id="1913"><net_src comp="1910" pin="1"/><net_sink comp="1450" pin=0"/></net>

<net id="1917"><net_src comp="1914" pin="1"/><net_sink comp="1441" pin=0"/></net>

<net id="1921"><net_src comp="1918" pin="1"/><net_sink comp="1423" pin=0"/></net>

<net id="1925"><net_src comp="1922" pin="1"/><net_sink comp="1414" pin=0"/></net>

<net id="1929"><net_src comp="1926" pin="1"/><net_sink comp="1396" pin=0"/></net>

<net id="1933"><net_src comp="1930" pin="1"/><net_sink comp="1387" pin=0"/></net>

<net id="1937"><net_src comp="1934" pin="1"/><net_sink comp="1369" pin=0"/></net>

<net id="1941"><net_src comp="1938" pin="1"/><net_sink comp="1360" pin=0"/></net>

<net id="1945"><net_src comp="1942" pin="1"/><net_sink comp="1342" pin=0"/></net>

<net id="1949"><net_src comp="1946" pin="1"/><net_sink comp="1333" pin=0"/></net>

<net id="1953"><net_src comp="1950" pin="1"/><net_sink comp="1315" pin=0"/></net>

<net id="1957"><net_src comp="1954" pin="1"/><net_sink comp="1306" pin=0"/></net>

<net id="1961"><net_src comp="1958" pin="1"/><net_sink comp="1288" pin=0"/></net>

<net id="1965"><net_src comp="1962" pin="1"/><net_sink comp="1279" pin=0"/></net>

<net id="1969"><net_src comp="1966" pin="1"/><net_sink comp="1261" pin=0"/></net>

<net id="1973"><net_src comp="1970" pin="1"/><net_sink comp="1252" pin=0"/></net>

<net id="1977"><net_src comp="1974" pin="1"/><net_sink comp="1234" pin=0"/></net>

<net id="1981"><net_src comp="1978" pin="1"/><net_sink comp="1225" pin=0"/></net>

<net id="1985"><net_src comp="1982" pin="1"/><net_sink comp="1207" pin=0"/></net>

<net id="1989"><net_src comp="1986" pin="1"/><net_sink comp="1198" pin=0"/></net>

<net id="1993"><net_src comp="1990" pin="1"/><net_sink comp="1180" pin=0"/></net>

<net id="1997"><net_src comp="1994" pin="1"/><net_sink comp="1189" pin=0"/></net>

<net id="2001"><net_src comp="1998" pin="1"/><net_sink comp="1216" pin=0"/></net>

<net id="2005"><net_src comp="2002" pin="1"/><net_sink comp="1243" pin=0"/></net>

<net id="2009"><net_src comp="2006" pin="1"/><net_sink comp="1270" pin=0"/></net>

<net id="2013"><net_src comp="2010" pin="1"/><net_sink comp="1297" pin=0"/></net>

<net id="2017"><net_src comp="2014" pin="1"/><net_sink comp="1324" pin=0"/></net>

<net id="2021"><net_src comp="2018" pin="1"/><net_sink comp="1351" pin=0"/></net>

<net id="2025"><net_src comp="2022" pin="1"/><net_sink comp="1378" pin=0"/></net>

<net id="2029"><net_src comp="2026" pin="1"/><net_sink comp="1405" pin=0"/></net>

<net id="2033"><net_src comp="2030" pin="1"/><net_sink comp="1432" pin=0"/></net>

<net id="2037"><net_src comp="2034" pin="1"/><net_sink comp="1459" pin=0"/></net>

<net id="2041"><net_src comp="2038" pin="1"/><net_sink comp="1171" pin=0"/></net>

<net id="2045"><net_src comp="2042" pin="1"/><net_sink comp="1153" pin=0"/></net>

<net id="2049"><net_src comp="2046" pin="1"/><net_sink comp="1144" pin=0"/></net>

<net id="2053"><net_src comp="2050" pin="1"/><net_sink comp="1126" pin=0"/></net>

<net id="2057"><net_src comp="2054" pin="1"/><net_sink comp="1117" pin=0"/></net>

<net id="2061"><net_src comp="2058" pin="1"/><net_sink comp="1099" pin=0"/></net>

<net id="2065"><net_src comp="2062" pin="1"/><net_sink comp="1090" pin=0"/></net>

<net id="2069"><net_src comp="2066" pin="1"/><net_sink comp="1072" pin=0"/></net>

<net id="2073"><net_src comp="2070" pin="1"/><net_sink comp="1063" pin=0"/></net>

<net id="2077"><net_src comp="2074" pin="1"/><net_sink comp="1045" pin=0"/></net>

<net id="2081"><net_src comp="2078" pin="1"/><net_sink comp="1036" pin=0"/></net>

<net id="2085"><net_src comp="2082" pin="1"/><net_sink comp="1018" pin=0"/></net>

<net id="2089"><net_src comp="2086" pin="1"/><net_sink comp="1009" pin=0"/></net>

<net id="2093"><net_src comp="2090" pin="1"/><net_sink comp="991" pin=0"/></net>

<net id="2097"><net_src comp="2094" pin="1"/><net_sink comp="982" pin=0"/></net>

<net id="2101"><net_src comp="2098" pin="1"/><net_sink comp="964" pin=0"/></net>

<net id="2105"><net_src comp="2102" pin="1"/><net_sink comp="955" pin=0"/></net>

<net id="2109"><net_src comp="2106" pin="1"/><net_sink comp="937" pin=0"/></net>

<net id="2113"><net_src comp="2110" pin="1"/><net_sink comp="928" pin=0"/></net>

<net id="2117"><net_src comp="2114" pin="1"/><net_sink comp="910" pin=0"/></net>

<net id="2121"><net_src comp="2118" pin="1"/><net_sink comp="901" pin=0"/></net>

<net id="2125"><net_src comp="2122" pin="1"/><net_sink comp="919" pin=0"/></net>

<net id="2129"><net_src comp="2126" pin="1"/><net_sink comp="946" pin=0"/></net>

<net id="2133"><net_src comp="2130" pin="1"/><net_sink comp="973" pin=0"/></net>

<net id="2137"><net_src comp="2134" pin="1"/><net_sink comp="1000" pin=0"/></net>

<net id="2141"><net_src comp="2138" pin="1"/><net_sink comp="1027" pin=0"/></net>

<net id="2145"><net_src comp="2142" pin="1"/><net_sink comp="1054" pin=0"/></net>

<net id="2149"><net_src comp="2146" pin="1"/><net_sink comp="1081" pin=0"/></net>

<net id="2153"><net_src comp="2150" pin="1"/><net_sink comp="1108" pin=0"/></net>

<net id="2157"><net_src comp="2154" pin="1"/><net_sink comp="1135" pin=0"/></net>

<net id="2161"><net_src comp="2158" pin="1"/><net_sink comp="1162" pin=0"/></net>

<net id="2166"><net_src comp="226" pin="0"/><net_sink comp="2162" pin=0"/></net>

<net id="2167"><net_src comp="1162" pin="4"/><net_sink comp="2162" pin=1"/></net>

<net id="2172"><net_src comp="2162" pin="2"/><net_sink comp="2168" pin=0"/></net>

<net id="2173"><net_src comp="1135" pin="4"/><net_sink comp="2168" pin=1"/></net>

<net id="2178"><net_src comp="2168" pin="2"/><net_sink comp="2174" pin=0"/></net>

<net id="2179"><net_src comp="1108" pin="4"/><net_sink comp="2174" pin=1"/></net>

<net id="2184"><net_src comp="2174" pin="2"/><net_sink comp="2180" pin=0"/></net>

<net id="2185"><net_src comp="1081" pin="4"/><net_sink comp="2180" pin=1"/></net>

<net id="2190"><net_src comp="2180" pin="2"/><net_sink comp="2186" pin=0"/></net>

<net id="2191"><net_src comp="1054" pin="4"/><net_sink comp="2186" pin=1"/></net>

<net id="2196"><net_src comp="2186" pin="2"/><net_sink comp="2192" pin=0"/></net>

<net id="2197"><net_src comp="1027" pin="4"/><net_sink comp="2192" pin=1"/></net>

<net id="2202"><net_src comp="2192" pin="2"/><net_sink comp="2198" pin=0"/></net>

<net id="2203"><net_src comp="1000" pin="4"/><net_sink comp="2198" pin=1"/></net>

<net id="2208"><net_src comp="2198" pin="2"/><net_sink comp="2204" pin=0"/></net>

<net id="2209"><net_src comp="973" pin="4"/><net_sink comp="2204" pin=1"/></net>

<net id="2214"><net_src comp="2204" pin="2"/><net_sink comp="2210" pin=0"/></net>

<net id="2215"><net_src comp="946" pin="4"/><net_sink comp="2210" pin=1"/></net>

<net id="2220"><net_src comp="2210" pin="2"/><net_sink comp="2216" pin=0"/></net>

<net id="2221"><net_src comp="919" pin="4"/><net_sink comp="2216" pin=1"/></net>

<net id="2226"><net_src comp="2216" pin="2"/><net_sink comp="2222" pin=0"/></net>

<net id="2227"><net_src comp="901" pin="4"/><net_sink comp="2222" pin=1"/></net>

<net id="2232"><net_src comp="2222" pin="2"/><net_sink comp="2228" pin=0"/></net>

<net id="2233"><net_src comp="910" pin="4"/><net_sink comp="2228" pin=1"/></net>

<net id="2238"><net_src comp="2228" pin="2"/><net_sink comp="2234" pin=0"/></net>

<net id="2239"><net_src comp="928" pin="4"/><net_sink comp="2234" pin=1"/></net>

<net id="2244"><net_src comp="2234" pin="2"/><net_sink comp="2240" pin=0"/></net>

<net id="2245"><net_src comp="937" pin="4"/><net_sink comp="2240" pin=1"/></net>

<net id="2250"><net_src comp="2240" pin="2"/><net_sink comp="2246" pin=0"/></net>

<net id="2251"><net_src comp="955" pin="4"/><net_sink comp="2246" pin=1"/></net>

<net id="2256"><net_src comp="2246" pin="2"/><net_sink comp="2252" pin=0"/></net>

<net id="2257"><net_src comp="964" pin="4"/><net_sink comp="2252" pin=1"/></net>

<net id="2262"><net_src comp="2252" pin="2"/><net_sink comp="2258" pin=0"/></net>

<net id="2263"><net_src comp="982" pin="4"/><net_sink comp="2258" pin=1"/></net>

<net id="2268"><net_src comp="2258" pin="2"/><net_sink comp="2264" pin=0"/></net>

<net id="2269"><net_src comp="991" pin="4"/><net_sink comp="2264" pin=1"/></net>

<net id="2274"><net_src comp="2264" pin="2"/><net_sink comp="2270" pin=0"/></net>

<net id="2275"><net_src comp="1009" pin="4"/><net_sink comp="2270" pin=1"/></net>

<net id="2280"><net_src comp="2270" pin="2"/><net_sink comp="2276" pin=0"/></net>

<net id="2281"><net_src comp="1018" pin="4"/><net_sink comp="2276" pin=1"/></net>

<net id="2286"><net_src comp="2276" pin="2"/><net_sink comp="2282" pin=0"/></net>

<net id="2287"><net_src comp="1036" pin="4"/><net_sink comp="2282" pin=1"/></net>

<net id="2292"><net_src comp="2282" pin="2"/><net_sink comp="2288" pin=0"/></net>

<net id="2293"><net_src comp="1045" pin="4"/><net_sink comp="2288" pin=1"/></net>

<net id="2298"><net_src comp="2288" pin="2"/><net_sink comp="2294" pin=0"/></net>

<net id="2299"><net_src comp="1063" pin="4"/><net_sink comp="2294" pin=1"/></net>

<net id="2304"><net_src comp="2294" pin="2"/><net_sink comp="2300" pin=0"/></net>

<net id="2305"><net_src comp="1072" pin="4"/><net_sink comp="2300" pin=1"/></net>

<net id="2310"><net_src comp="2300" pin="2"/><net_sink comp="2306" pin=0"/></net>

<net id="2311"><net_src comp="1090" pin="4"/><net_sink comp="2306" pin=1"/></net>

<net id="2316"><net_src comp="2306" pin="2"/><net_sink comp="2312" pin=0"/></net>

<net id="2317"><net_src comp="1099" pin="4"/><net_sink comp="2312" pin=1"/></net>

<net id="2322"><net_src comp="2312" pin="2"/><net_sink comp="2318" pin=0"/></net>

<net id="2323"><net_src comp="1117" pin="4"/><net_sink comp="2318" pin=1"/></net>

<net id="2328"><net_src comp="2318" pin="2"/><net_sink comp="2324" pin=0"/></net>

<net id="2329"><net_src comp="1126" pin="4"/><net_sink comp="2324" pin=1"/></net>

<net id="2334"><net_src comp="2324" pin="2"/><net_sink comp="2330" pin=0"/></net>

<net id="2335"><net_src comp="1144" pin="4"/><net_sink comp="2330" pin=1"/></net>

<net id="2340"><net_src comp="2330" pin="2"/><net_sink comp="2336" pin=0"/></net>

<net id="2341"><net_src comp="1153" pin="4"/><net_sink comp="2336" pin=1"/></net>

<net id="2346"><net_src comp="2336" pin="2"/><net_sink comp="2342" pin=0"/></net>

<net id="2347"><net_src comp="1171" pin="4"/><net_sink comp="2342" pin=1"/></net>

<net id="2352"><net_src comp="2342" pin="2"/><net_sink comp="2348" pin=0"/></net>

<net id="2353"><net_src comp="1459" pin="4"/><net_sink comp="2348" pin=1"/></net>

<net id="2358"><net_src comp="2348" pin="2"/><net_sink comp="2354" pin=0"/></net>

<net id="2359"><net_src comp="1432" pin="4"/><net_sink comp="2354" pin=1"/></net>

<net id="2364"><net_src comp="2354" pin="2"/><net_sink comp="2360" pin=0"/></net>

<net id="2365"><net_src comp="1405" pin="4"/><net_sink comp="2360" pin=1"/></net>

<net id="2370"><net_src comp="2360" pin="2"/><net_sink comp="2366" pin=0"/></net>

<net id="2371"><net_src comp="1378" pin="4"/><net_sink comp="2366" pin=1"/></net>

<net id="2376"><net_src comp="2366" pin="2"/><net_sink comp="2372" pin=0"/></net>

<net id="2377"><net_src comp="1351" pin="4"/><net_sink comp="2372" pin=1"/></net>

<net id="2382"><net_src comp="2372" pin="2"/><net_sink comp="2378" pin=0"/></net>

<net id="2383"><net_src comp="1324" pin="4"/><net_sink comp="2378" pin=1"/></net>

<net id="2388"><net_src comp="2378" pin="2"/><net_sink comp="2384" pin=0"/></net>

<net id="2389"><net_src comp="1297" pin="4"/><net_sink comp="2384" pin=1"/></net>

<net id="2394"><net_src comp="2384" pin="2"/><net_sink comp="2390" pin=0"/></net>

<net id="2395"><net_src comp="1270" pin="4"/><net_sink comp="2390" pin=1"/></net>

<net id="2400"><net_src comp="2390" pin="2"/><net_sink comp="2396" pin=0"/></net>

<net id="2401"><net_src comp="1243" pin="4"/><net_sink comp="2396" pin=1"/></net>

<net id="2406"><net_src comp="2396" pin="2"/><net_sink comp="2402" pin=0"/></net>

<net id="2407"><net_src comp="1216" pin="4"/><net_sink comp="2402" pin=1"/></net>

<net id="2412"><net_src comp="2402" pin="2"/><net_sink comp="2408" pin=0"/></net>

<net id="2413"><net_src comp="1189" pin="4"/><net_sink comp="2408" pin=1"/></net>

<net id="2418"><net_src comp="2408" pin="2"/><net_sink comp="2414" pin=0"/></net>

<net id="2419"><net_src comp="1180" pin="4"/><net_sink comp="2414" pin=1"/></net>

<net id="2424"><net_src comp="2414" pin="2"/><net_sink comp="2420" pin=0"/></net>

<net id="2425"><net_src comp="1198" pin="4"/><net_sink comp="2420" pin=1"/></net>

<net id="2430"><net_src comp="2420" pin="2"/><net_sink comp="2426" pin=0"/></net>

<net id="2431"><net_src comp="1207" pin="4"/><net_sink comp="2426" pin=1"/></net>

<net id="2436"><net_src comp="2426" pin="2"/><net_sink comp="2432" pin=0"/></net>

<net id="2437"><net_src comp="1225" pin="4"/><net_sink comp="2432" pin=1"/></net>

<net id="2442"><net_src comp="2432" pin="2"/><net_sink comp="2438" pin=0"/></net>

<net id="2443"><net_src comp="1234" pin="4"/><net_sink comp="2438" pin=1"/></net>

<net id="2448"><net_src comp="2438" pin="2"/><net_sink comp="2444" pin=0"/></net>

<net id="2449"><net_src comp="1252" pin="4"/><net_sink comp="2444" pin=1"/></net>

<net id="2454"><net_src comp="2444" pin="2"/><net_sink comp="2450" pin=0"/></net>

<net id="2455"><net_src comp="1261" pin="4"/><net_sink comp="2450" pin=1"/></net>

<net id="2460"><net_src comp="2450" pin="2"/><net_sink comp="2456" pin=0"/></net>

<net id="2461"><net_src comp="1279" pin="4"/><net_sink comp="2456" pin=1"/></net>

<net id="2466"><net_src comp="2456" pin="2"/><net_sink comp="2462" pin=0"/></net>

<net id="2467"><net_src comp="1288" pin="4"/><net_sink comp="2462" pin=1"/></net>

<net id="2472"><net_src comp="2462" pin="2"/><net_sink comp="2468" pin=0"/></net>

<net id="2473"><net_src comp="1306" pin="4"/><net_sink comp="2468" pin=1"/></net>

<net id="2478"><net_src comp="2468" pin="2"/><net_sink comp="2474" pin=0"/></net>

<net id="2479"><net_src comp="1315" pin="4"/><net_sink comp="2474" pin=1"/></net>

<net id="2484"><net_src comp="2474" pin="2"/><net_sink comp="2480" pin=0"/></net>

<net id="2485"><net_src comp="1333" pin="4"/><net_sink comp="2480" pin=1"/></net>

<net id="2490"><net_src comp="2480" pin="2"/><net_sink comp="2486" pin=0"/></net>

<net id="2491"><net_src comp="1342" pin="4"/><net_sink comp="2486" pin=1"/></net>

<net id="2496"><net_src comp="2486" pin="2"/><net_sink comp="2492" pin=0"/></net>

<net id="2497"><net_src comp="1360" pin="4"/><net_sink comp="2492" pin=1"/></net>

<net id="2502"><net_src comp="2492" pin="2"/><net_sink comp="2498" pin=0"/></net>

<net id="2503"><net_src comp="1369" pin="4"/><net_sink comp="2498" pin=1"/></net>

<net id="2508"><net_src comp="2498" pin="2"/><net_sink comp="2504" pin=0"/></net>

<net id="2509"><net_src comp="1387" pin="4"/><net_sink comp="2504" pin=1"/></net>

<net id="2514"><net_src comp="2504" pin="2"/><net_sink comp="2510" pin=0"/></net>

<net id="2515"><net_src comp="1396" pin="4"/><net_sink comp="2510" pin=1"/></net>

<net id="2520"><net_src comp="2510" pin="2"/><net_sink comp="2516" pin=0"/></net>

<net id="2521"><net_src comp="1414" pin="4"/><net_sink comp="2516" pin=1"/></net>

<net id="2526"><net_src comp="2516" pin="2"/><net_sink comp="2522" pin=0"/></net>

<net id="2527"><net_src comp="1423" pin="4"/><net_sink comp="2522" pin=1"/></net>

<net id="2532"><net_src comp="2522" pin="2"/><net_sink comp="2528" pin=0"/></net>

<net id="2533"><net_src comp="1441" pin="4"/><net_sink comp="2528" pin=1"/></net>

<net id="2538"><net_src comp="2528" pin="2"/><net_sink comp="2534" pin=0"/></net>

<net id="2539"><net_src comp="1450" pin="4"/><net_sink comp="2534" pin=1"/></net>

<net id="2544"><net_src comp="2534" pin="2"/><net_sink comp="2540" pin=0"/></net>

<net id="2545"><net_src comp="1468" pin="4"/><net_sink comp="2540" pin=1"/></net>

<net id="2549"><net_src comp="490" pin="2"/><net_sink comp="2546" pin=0"/></net>

<net id="2550"><net_src comp="2546" pin="1"/><net_sink comp="1474" pin=67"/></net>

<net id="2554"><net_src comp="502" pin="2"/><net_sink comp="2551" pin=0"/></net>

<net id="2555"><net_src comp="2551" pin="1"/><net_sink comp="1474" pin=66"/></net>

<net id="2559"><net_src comp="508" pin="2"/><net_sink comp="2556" pin=0"/></net>

<net id="2560"><net_src comp="2556" pin="1"/><net_sink comp="1474" pin=1"/></net>

<net id="2564"><net_src comp="514" pin="2"/><net_sink comp="2561" pin=0"/></net>

<net id="2565"><net_src comp="2561" pin="1"/><net_sink comp="1474" pin=2"/></net>

<net id="2566"><net_src comp="2561" pin="1"/><net_sink comp="1468" pin=2"/></net>

<net id="2570"><net_src comp="520" pin="2"/><net_sink comp="2567" pin=0"/></net>

<net id="2571"><net_src comp="2567" pin="1"/><net_sink comp="1474" pin=3"/></net>

<net id="2572"><net_src comp="2567" pin="1"/><net_sink comp="1450" pin=2"/></net>

<net id="2576"><net_src comp="526" pin="2"/><net_sink comp="2573" pin=0"/></net>

<net id="2577"><net_src comp="2573" pin="1"/><net_sink comp="1474" pin=4"/></net>

<net id="2578"><net_src comp="2573" pin="1"/><net_sink comp="1441" pin=2"/></net>

<net id="2582"><net_src comp="532" pin="2"/><net_sink comp="2579" pin=0"/></net>

<net id="2583"><net_src comp="2579" pin="1"/><net_sink comp="1474" pin=5"/></net>

<net id="2584"><net_src comp="2579" pin="1"/><net_sink comp="1423" pin=2"/></net>

<net id="2588"><net_src comp="538" pin="2"/><net_sink comp="2585" pin=0"/></net>

<net id="2589"><net_src comp="2585" pin="1"/><net_sink comp="1474" pin=6"/></net>

<net id="2590"><net_src comp="2585" pin="1"/><net_sink comp="1414" pin=2"/></net>

<net id="2594"><net_src comp="544" pin="2"/><net_sink comp="2591" pin=0"/></net>

<net id="2595"><net_src comp="2591" pin="1"/><net_sink comp="1474" pin=7"/></net>

<net id="2596"><net_src comp="2591" pin="1"/><net_sink comp="1396" pin=2"/></net>

<net id="2600"><net_src comp="550" pin="2"/><net_sink comp="2597" pin=0"/></net>

<net id="2601"><net_src comp="2597" pin="1"/><net_sink comp="1474" pin=8"/></net>

<net id="2602"><net_src comp="2597" pin="1"/><net_sink comp="1387" pin=2"/></net>

<net id="2606"><net_src comp="556" pin="2"/><net_sink comp="2603" pin=0"/></net>

<net id="2607"><net_src comp="2603" pin="1"/><net_sink comp="1474" pin=9"/></net>

<net id="2608"><net_src comp="2603" pin="1"/><net_sink comp="1369" pin=2"/></net>

<net id="2612"><net_src comp="562" pin="2"/><net_sink comp="2609" pin=0"/></net>

<net id="2613"><net_src comp="2609" pin="1"/><net_sink comp="1474" pin=10"/></net>

<net id="2614"><net_src comp="2609" pin="1"/><net_sink comp="1360" pin=2"/></net>

<net id="2618"><net_src comp="568" pin="2"/><net_sink comp="2615" pin=0"/></net>

<net id="2619"><net_src comp="2615" pin="1"/><net_sink comp="1474" pin=11"/></net>

<net id="2620"><net_src comp="2615" pin="1"/><net_sink comp="1342" pin=2"/></net>

<net id="2624"><net_src comp="574" pin="2"/><net_sink comp="2621" pin=0"/></net>

<net id="2625"><net_src comp="2621" pin="1"/><net_sink comp="1474" pin=12"/></net>

<net id="2626"><net_src comp="2621" pin="1"/><net_sink comp="1333" pin=2"/></net>

<net id="2630"><net_src comp="580" pin="2"/><net_sink comp="2627" pin=0"/></net>

<net id="2631"><net_src comp="2627" pin="1"/><net_sink comp="1474" pin=13"/></net>

<net id="2632"><net_src comp="2627" pin="1"/><net_sink comp="1315" pin=2"/></net>

<net id="2636"><net_src comp="586" pin="2"/><net_sink comp="2633" pin=0"/></net>

<net id="2637"><net_src comp="2633" pin="1"/><net_sink comp="1474" pin=14"/></net>

<net id="2638"><net_src comp="2633" pin="1"/><net_sink comp="1306" pin=2"/></net>

<net id="2642"><net_src comp="592" pin="2"/><net_sink comp="2639" pin=0"/></net>

<net id="2643"><net_src comp="2639" pin="1"/><net_sink comp="1474" pin=15"/></net>

<net id="2644"><net_src comp="2639" pin="1"/><net_sink comp="1288" pin=2"/></net>

<net id="2648"><net_src comp="598" pin="2"/><net_sink comp="2645" pin=0"/></net>

<net id="2649"><net_src comp="2645" pin="1"/><net_sink comp="1474" pin=16"/></net>

<net id="2650"><net_src comp="2645" pin="1"/><net_sink comp="1279" pin=2"/></net>

<net id="2654"><net_src comp="604" pin="2"/><net_sink comp="2651" pin=0"/></net>

<net id="2655"><net_src comp="2651" pin="1"/><net_sink comp="1474" pin=17"/></net>

<net id="2656"><net_src comp="2651" pin="1"/><net_sink comp="1261" pin=2"/></net>

<net id="2660"><net_src comp="610" pin="2"/><net_sink comp="2657" pin=0"/></net>

<net id="2661"><net_src comp="2657" pin="1"/><net_sink comp="1474" pin=18"/></net>

<net id="2662"><net_src comp="2657" pin="1"/><net_sink comp="1252" pin=2"/></net>

<net id="2666"><net_src comp="616" pin="2"/><net_sink comp="2663" pin=0"/></net>

<net id="2667"><net_src comp="2663" pin="1"/><net_sink comp="1474" pin=19"/></net>

<net id="2668"><net_src comp="2663" pin="1"/><net_sink comp="1234" pin=2"/></net>

<net id="2672"><net_src comp="622" pin="2"/><net_sink comp="2669" pin=0"/></net>

<net id="2673"><net_src comp="2669" pin="1"/><net_sink comp="1474" pin=20"/></net>

<net id="2674"><net_src comp="2669" pin="1"/><net_sink comp="1225" pin=2"/></net>

<net id="2678"><net_src comp="628" pin="2"/><net_sink comp="2675" pin=0"/></net>

<net id="2679"><net_src comp="2675" pin="1"/><net_sink comp="1474" pin=21"/></net>

<net id="2680"><net_src comp="2675" pin="1"/><net_sink comp="1207" pin=2"/></net>

<net id="2684"><net_src comp="634" pin="2"/><net_sink comp="2681" pin=0"/></net>

<net id="2685"><net_src comp="2681" pin="1"/><net_sink comp="1474" pin=22"/></net>

<net id="2686"><net_src comp="2681" pin="1"/><net_sink comp="1198" pin=2"/></net>

<net id="2690"><net_src comp="640" pin="2"/><net_sink comp="2687" pin=0"/></net>

<net id="2691"><net_src comp="2687" pin="1"/><net_sink comp="1474" pin=23"/></net>

<net id="2692"><net_src comp="2687" pin="1"/><net_sink comp="1180" pin=2"/></net>

<net id="2696"><net_src comp="646" pin="2"/><net_sink comp="2693" pin=0"/></net>

<net id="2697"><net_src comp="2693" pin="1"/><net_sink comp="1474" pin=24"/></net>

<net id="2698"><net_src comp="2693" pin="1"/><net_sink comp="1189" pin=2"/></net>

<net id="2702"><net_src comp="652" pin="2"/><net_sink comp="2699" pin=0"/></net>

<net id="2703"><net_src comp="2699" pin="1"/><net_sink comp="1474" pin=25"/></net>

<net id="2704"><net_src comp="2699" pin="1"/><net_sink comp="1216" pin=2"/></net>

<net id="2708"><net_src comp="658" pin="2"/><net_sink comp="2705" pin=0"/></net>

<net id="2709"><net_src comp="2705" pin="1"/><net_sink comp="1474" pin=26"/></net>

<net id="2710"><net_src comp="2705" pin="1"/><net_sink comp="1243" pin=2"/></net>

<net id="2714"><net_src comp="664" pin="2"/><net_sink comp="2711" pin=0"/></net>

<net id="2715"><net_src comp="2711" pin="1"/><net_sink comp="1474" pin=27"/></net>

<net id="2716"><net_src comp="2711" pin="1"/><net_sink comp="1270" pin=2"/></net>

<net id="2720"><net_src comp="670" pin="2"/><net_sink comp="2717" pin=0"/></net>

<net id="2721"><net_src comp="2717" pin="1"/><net_sink comp="1474" pin=28"/></net>

<net id="2722"><net_src comp="2717" pin="1"/><net_sink comp="1297" pin=2"/></net>

<net id="2726"><net_src comp="676" pin="2"/><net_sink comp="2723" pin=0"/></net>

<net id="2727"><net_src comp="2723" pin="1"/><net_sink comp="1474" pin=29"/></net>

<net id="2728"><net_src comp="2723" pin="1"/><net_sink comp="1324" pin=2"/></net>

<net id="2732"><net_src comp="682" pin="2"/><net_sink comp="2729" pin=0"/></net>

<net id="2733"><net_src comp="2729" pin="1"/><net_sink comp="1474" pin=30"/></net>

<net id="2734"><net_src comp="2729" pin="1"/><net_sink comp="1351" pin=2"/></net>

<net id="2738"><net_src comp="688" pin="2"/><net_sink comp="2735" pin=0"/></net>

<net id="2739"><net_src comp="2735" pin="1"/><net_sink comp="1474" pin=31"/></net>

<net id="2740"><net_src comp="2735" pin="1"/><net_sink comp="1378" pin=2"/></net>

<net id="2744"><net_src comp="694" pin="2"/><net_sink comp="2741" pin=0"/></net>

<net id="2745"><net_src comp="2741" pin="1"/><net_sink comp="1474" pin=32"/></net>

<net id="2746"><net_src comp="2741" pin="1"/><net_sink comp="1405" pin=2"/></net>

<net id="2750"><net_src comp="700" pin="2"/><net_sink comp="2747" pin=0"/></net>

<net id="2751"><net_src comp="2747" pin="1"/><net_sink comp="1474" pin=33"/></net>

<net id="2752"><net_src comp="2747" pin="1"/><net_sink comp="1432" pin=2"/></net>

<net id="2756"><net_src comp="706" pin="2"/><net_sink comp="2753" pin=0"/></net>

<net id="2757"><net_src comp="2753" pin="1"/><net_sink comp="1474" pin=34"/></net>

<net id="2758"><net_src comp="2753" pin="1"/><net_sink comp="1459" pin=2"/></net>

<net id="2762"><net_src comp="712" pin="2"/><net_sink comp="2759" pin=0"/></net>

<net id="2763"><net_src comp="2759" pin="1"/><net_sink comp="1474" pin=35"/></net>

<net id="2764"><net_src comp="2759" pin="1"/><net_sink comp="1171" pin=2"/></net>

<net id="2768"><net_src comp="718" pin="2"/><net_sink comp="2765" pin=0"/></net>

<net id="2769"><net_src comp="2765" pin="1"/><net_sink comp="1474" pin=36"/></net>

<net id="2770"><net_src comp="2765" pin="1"/><net_sink comp="1153" pin=2"/></net>

<net id="2774"><net_src comp="724" pin="2"/><net_sink comp="2771" pin=0"/></net>

<net id="2775"><net_src comp="2771" pin="1"/><net_sink comp="1474" pin=37"/></net>

<net id="2776"><net_src comp="2771" pin="1"/><net_sink comp="1144" pin=2"/></net>

<net id="2780"><net_src comp="730" pin="2"/><net_sink comp="2777" pin=0"/></net>

<net id="2781"><net_src comp="2777" pin="1"/><net_sink comp="1474" pin=38"/></net>

<net id="2782"><net_src comp="2777" pin="1"/><net_sink comp="1126" pin=2"/></net>

<net id="2786"><net_src comp="736" pin="2"/><net_sink comp="2783" pin=0"/></net>

<net id="2787"><net_src comp="2783" pin="1"/><net_sink comp="1474" pin=39"/></net>

<net id="2788"><net_src comp="2783" pin="1"/><net_sink comp="1117" pin=2"/></net>

<net id="2792"><net_src comp="742" pin="2"/><net_sink comp="2789" pin=0"/></net>

<net id="2793"><net_src comp="2789" pin="1"/><net_sink comp="1474" pin=40"/></net>

<net id="2794"><net_src comp="2789" pin="1"/><net_sink comp="1099" pin=2"/></net>

<net id="2798"><net_src comp="748" pin="2"/><net_sink comp="2795" pin=0"/></net>

<net id="2799"><net_src comp="2795" pin="1"/><net_sink comp="1474" pin=41"/></net>

<net id="2800"><net_src comp="2795" pin="1"/><net_sink comp="1090" pin=2"/></net>

<net id="2804"><net_src comp="754" pin="2"/><net_sink comp="2801" pin=0"/></net>

<net id="2805"><net_src comp="2801" pin="1"/><net_sink comp="1474" pin=42"/></net>

<net id="2806"><net_src comp="2801" pin="1"/><net_sink comp="1072" pin=2"/></net>

<net id="2810"><net_src comp="760" pin="2"/><net_sink comp="2807" pin=0"/></net>

<net id="2811"><net_src comp="2807" pin="1"/><net_sink comp="1474" pin=43"/></net>

<net id="2812"><net_src comp="2807" pin="1"/><net_sink comp="1063" pin=2"/></net>

<net id="2816"><net_src comp="766" pin="2"/><net_sink comp="2813" pin=0"/></net>

<net id="2817"><net_src comp="2813" pin="1"/><net_sink comp="1474" pin=44"/></net>

<net id="2818"><net_src comp="2813" pin="1"/><net_sink comp="1045" pin=2"/></net>

<net id="2822"><net_src comp="772" pin="2"/><net_sink comp="2819" pin=0"/></net>

<net id="2823"><net_src comp="2819" pin="1"/><net_sink comp="1474" pin=45"/></net>

<net id="2824"><net_src comp="2819" pin="1"/><net_sink comp="1036" pin=2"/></net>

<net id="2828"><net_src comp="778" pin="2"/><net_sink comp="2825" pin=0"/></net>

<net id="2829"><net_src comp="2825" pin="1"/><net_sink comp="1474" pin=46"/></net>

<net id="2830"><net_src comp="2825" pin="1"/><net_sink comp="1018" pin=2"/></net>

<net id="2834"><net_src comp="784" pin="2"/><net_sink comp="2831" pin=0"/></net>

<net id="2835"><net_src comp="2831" pin="1"/><net_sink comp="1474" pin=47"/></net>

<net id="2836"><net_src comp="2831" pin="1"/><net_sink comp="1009" pin=2"/></net>

<net id="2840"><net_src comp="790" pin="2"/><net_sink comp="2837" pin=0"/></net>

<net id="2841"><net_src comp="2837" pin="1"/><net_sink comp="1474" pin=48"/></net>

<net id="2842"><net_src comp="2837" pin="1"/><net_sink comp="991" pin=2"/></net>

<net id="2846"><net_src comp="796" pin="2"/><net_sink comp="2843" pin=0"/></net>

<net id="2847"><net_src comp="2843" pin="1"/><net_sink comp="1474" pin=49"/></net>

<net id="2848"><net_src comp="2843" pin="1"/><net_sink comp="982" pin=2"/></net>

<net id="2852"><net_src comp="802" pin="2"/><net_sink comp="2849" pin=0"/></net>

<net id="2853"><net_src comp="2849" pin="1"/><net_sink comp="1474" pin=50"/></net>

<net id="2854"><net_src comp="2849" pin="1"/><net_sink comp="964" pin=2"/></net>

<net id="2858"><net_src comp="808" pin="2"/><net_sink comp="2855" pin=0"/></net>

<net id="2859"><net_src comp="2855" pin="1"/><net_sink comp="1474" pin=51"/></net>

<net id="2860"><net_src comp="2855" pin="1"/><net_sink comp="955" pin=2"/></net>

<net id="2864"><net_src comp="814" pin="2"/><net_sink comp="2861" pin=0"/></net>

<net id="2865"><net_src comp="2861" pin="1"/><net_sink comp="1474" pin=52"/></net>

<net id="2866"><net_src comp="2861" pin="1"/><net_sink comp="937" pin=2"/></net>

<net id="2870"><net_src comp="820" pin="2"/><net_sink comp="2867" pin=0"/></net>

<net id="2871"><net_src comp="2867" pin="1"/><net_sink comp="1474" pin=53"/></net>

<net id="2872"><net_src comp="2867" pin="1"/><net_sink comp="928" pin=2"/></net>

<net id="2876"><net_src comp="826" pin="2"/><net_sink comp="2873" pin=0"/></net>

<net id="2877"><net_src comp="2873" pin="1"/><net_sink comp="1474" pin=54"/></net>

<net id="2878"><net_src comp="2873" pin="1"/><net_sink comp="910" pin=2"/></net>

<net id="2882"><net_src comp="832" pin="2"/><net_sink comp="2879" pin=0"/></net>

<net id="2883"><net_src comp="2879" pin="1"/><net_sink comp="1474" pin=55"/></net>

<net id="2884"><net_src comp="2879" pin="1"/><net_sink comp="901" pin=2"/></net>

<net id="2888"><net_src comp="838" pin="2"/><net_sink comp="2885" pin=0"/></net>

<net id="2889"><net_src comp="2885" pin="1"/><net_sink comp="1474" pin=56"/></net>

<net id="2890"><net_src comp="2885" pin="1"/><net_sink comp="919" pin=2"/></net>

<net id="2894"><net_src comp="844" pin="2"/><net_sink comp="2891" pin=0"/></net>

<net id="2895"><net_src comp="2891" pin="1"/><net_sink comp="1474" pin=57"/></net>

<net id="2896"><net_src comp="2891" pin="1"/><net_sink comp="946" pin=2"/></net>

<net id="2900"><net_src comp="850" pin="2"/><net_sink comp="2897" pin=0"/></net>

<net id="2901"><net_src comp="2897" pin="1"/><net_sink comp="1474" pin=58"/></net>

<net id="2902"><net_src comp="2897" pin="1"/><net_sink comp="973" pin=2"/></net>

<net id="2906"><net_src comp="856" pin="2"/><net_sink comp="2903" pin=0"/></net>

<net id="2907"><net_src comp="2903" pin="1"/><net_sink comp="1474" pin=59"/></net>

<net id="2908"><net_src comp="2903" pin="1"/><net_sink comp="1000" pin=2"/></net>

<net id="2912"><net_src comp="862" pin="2"/><net_sink comp="2909" pin=0"/></net>

<net id="2913"><net_src comp="2909" pin="1"/><net_sink comp="1474" pin=60"/></net>

<net id="2914"><net_src comp="2909" pin="1"/><net_sink comp="1027" pin=2"/></net>

<net id="2918"><net_src comp="868" pin="2"/><net_sink comp="2915" pin=0"/></net>

<net id="2919"><net_src comp="2915" pin="1"/><net_sink comp="1474" pin=61"/></net>

<net id="2920"><net_src comp="2915" pin="1"/><net_sink comp="1054" pin=2"/></net>

<net id="2924"><net_src comp="874" pin="2"/><net_sink comp="2921" pin=0"/></net>

<net id="2925"><net_src comp="2921" pin="1"/><net_sink comp="1474" pin=62"/></net>

<net id="2926"><net_src comp="2921" pin="1"/><net_sink comp="1081" pin=2"/></net>

<net id="2930"><net_src comp="880" pin="2"/><net_sink comp="2927" pin=0"/></net>

<net id="2931"><net_src comp="2927" pin="1"/><net_sink comp="1474" pin=63"/></net>

<net id="2932"><net_src comp="2927" pin="1"/><net_sink comp="1108" pin=2"/></net>

<net id="2936"><net_src comp="886" pin="2"/><net_sink comp="2933" pin=0"/></net>

<net id="2937"><net_src comp="2933" pin="1"/><net_sink comp="1474" pin=64"/></net>

<net id="2938"><net_src comp="2933" pin="1"/><net_sink comp="1135" pin=2"/></net>

<net id="2942"><net_src comp="892" pin="2"/><net_sink comp="2939" pin=0"/></net>

<net id="2943"><net_src comp="2939" pin="1"/><net_sink comp="1474" pin=65"/></net>

<net id="2944"><net_src comp="2939" pin="1"/><net_sink comp="1162" pin=2"/></net>

<net id="2948"><net_src comp="228" pin="1"/><net_sink comp="2945" pin=0"/></net>

<net id="2949"><net_src comp="2945" pin="1"/><net_sink comp="1474" pin=163"/></net>

<net id="2950"><net_src comp="2945" pin="1"/><net_sink comp="2158" pin=0"/></net>

<net id="2954"><net_src comp="232" pin="1"/><net_sink comp="2951" pin=0"/></net>

<net id="2955"><net_src comp="2951" pin="1"/><net_sink comp="1474" pin=162"/></net>

<net id="2956"><net_src comp="2951" pin="1"/><net_sink comp="2154" pin=0"/></net>

<net id="2960"><net_src comp="236" pin="1"/><net_sink comp="2957" pin=0"/></net>

<net id="2961"><net_src comp="2957" pin="1"/><net_sink comp="1474" pin=161"/></net>

<net id="2962"><net_src comp="2957" pin="1"/><net_sink comp="2150" pin=0"/></net>

<net id="2966"><net_src comp="240" pin="1"/><net_sink comp="2963" pin=0"/></net>

<net id="2967"><net_src comp="2963" pin="1"/><net_sink comp="1474" pin=160"/></net>

<net id="2968"><net_src comp="2963" pin="1"/><net_sink comp="2146" pin=0"/></net>

<net id="2972"><net_src comp="244" pin="1"/><net_sink comp="2969" pin=0"/></net>

<net id="2973"><net_src comp="2969" pin="1"/><net_sink comp="1474" pin=159"/></net>

<net id="2974"><net_src comp="2969" pin="1"/><net_sink comp="2142" pin=0"/></net>

<net id="2978"><net_src comp="248" pin="1"/><net_sink comp="2975" pin=0"/></net>

<net id="2979"><net_src comp="2975" pin="1"/><net_sink comp="1474" pin=158"/></net>

<net id="2980"><net_src comp="2975" pin="1"/><net_sink comp="2138" pin=0"/></net>

<net id="2984"><net_src comp="252" pin="1"/><net_sink comp="2981" pin=0"/></net>

<net id="2985"><net_src comp="2981" pin="1"/><net_sink comp="1474" pin=157"/></net>

<net id="2986"><net_src comp="2981" pin="1"/><net_sink comp="2134" pin=0"/></net>

<net id="2990"><net_src comp="256" pin="1"/><net_sink comp="2987" pin=0"/></net>

<net id="2991"><net_src comp="2987" pin="1"/><net_sink comp="1474" pin=156"/></net>

<net id="2992"><net_src comp="2987" pin="1"/><net_sink comp="2130" pin=0"/></net>

<net id="2996"><net_src comp="260" pin="1"/><net_sink comp="2993" pin=0"/></net>

<net id="2997"><net_src comp="2993" pin="1"/><net_sink comp="1474" pin=155"/></net>

<net id="2998"><net_src comp="2993" pin="1"/><net_sink comp="2126" pin=0"/></net>

<net id="3002"><net_src comp="264" pin="1"/><net_sink comp="2999" pin=0"/></net>

<net id="3003"><net_src comp="2999" pin="1"/><net_sink comp="1474" pin=154"/></net>

<net id="3004"><net_src comp="2999" pin="1"/><net_sink comp="2122" pin=0"/></net>

<net id="3008"><net_src comp="268" pin="1"/><net_sink comp="3005" pin=0"/></net>

<net id="3009"><net_src comp="3005" pin="1"/><net_sink comp="1474" pin=153"/></net>

<net id="3010"><net_src comp="3005" pin="1"/><net_sink comp="2118" pin=0"/></net>

<net id="3014"><net_src comp="272" pin="1"/><net_sink comp="3011" pin=0"/></net>

<net id="3015"><net_src comp="3011" pin="1"/><net_sink comp="1474" pin=152"/></net>

<net id="3016"><net_src comp="3011" pin="1"/><net_sink comp="2114" pin=0"/></net>

<net id="3020"><net_src comp="276" pin="1"/><net_sink comp="3017" pin=0"/></net>

<net id="3021"><net_src comp="3017" pin="1"/><net_sink comp="1474" pin=151"/></net>

<net id="3022"><net_src comp="3017" pin="1"/><net_sink comp="2110" pin=0"/></net>

<net id="3026"><net_src comp="280" pin="1"/><net_sink comp="3023" pin=0"/></net>

<net id="3027"><net_src comp="3023" pin="1"/><net_sink comp="1474" pin=150"/></net>

<net id="3028"><net_src comp="3023" pin="1"/><net_sink comp="2106" pin=0"/></net>

<net id="3032"><net_src comp="284" pin="1"/><net_sink comp="3029" pin=0"/></net>

<net id="3033"><net_src comp="3029" pin="1"/><net_sink comp="1474" pin=149"/></net>

<net id="3034"><net_src comp="3029" pin="1"/><net_sink comp="2102" pin=0"/></net>

<net id="3038"><net_src comp="288" pin="1"/><net_sink comp="3035" pin=0"/></net>

<net id="3039"><net_src comp="3035" pin="1"/><net_sink comp="1474" pin=148"/></net>

<net id="3040"><net_src comp="3035" pin="1"/><net_sink comp="2098" pin=0"/></net>

<net id="3044"><net_src comp="292" pin="1"/><net_sink comp="3041" pin=0"/></net>

<net id="3045"><net_src comp="3041" pin="1"/><net_sink comp="1474" pin=147"/></net>

<net id="3046"><net_src comp="3041" pin="1"/><net_sink comp="2094" pin=0"/></net>

<net id="3050"><net_src comp="296" pin="1"/><net_sink comp="3047" pin=0"/></net>

<net id="3051"><net_src comp="3047" pin="1"/><net_sink comp="1474" pin=146"/></net>

<net id="3052"><net_src comp="3047" pin="1"/><net_sink comp="2090" pin=0"/></net>

<net id="3056"><net_src comp="300" pin="1"/><net_sink comp="3053" pin=0"/></net>

<net id="3057"><net_src comp="3053" pin="1"/><net_sink comp="1474" pin=145"/></net>

<net id="3058"><net_src comp="3053" pin="1"/><net_sink comp="2086" pin=0"/></net>

<net id="3062"><net_src comp="304" pin="1"/><net_sink comp="3059" pin=0"/></net>

<net id="3063"><net_src comp="3059" pin="1"/><net_sink comp="1474" pin=144"/></net>

<net id="3064"><net_src comp="3059" pin="1"/><net_sink comp="2082" pin=0"/></net>

<net id="3068"><net_src comp="308" pin="1"/><net_sink comp="3065" pin=0"/></net>

<net id="3069"><net_src comp="3065" pin="1"/><net_sink comp="1474" pin=143"/></net>

<net id="3070"><net_src comp="3065" pin="1"/><net_sink comp="2078" pin=0"/></net>

<net id="3074"><net_src comp="312" pin="1"/><net_sink comp="3071" pin=0"/></net>

<net id="3075"><net_src comp="3071" pin="1"/><net_sink comp="1474" pin=142"/></net>

<net id="3076"><net_src comp="3071" pin="1"/><net_sink comp="2074" pin=0"/></net>

<net id="3080"><net_src comp="316" pin="1"/><net_sink comp="3077" pin=0"/></net>

<net id="3081"><net_src comp="3077" pin="1"/><net_sink comp="1474" pin=141"/></net>

<net id="3082"><net_src comp="3077" pin="1"/><net_sink comp="2070" pin=0"/></net>

<net id="3086"><net_src comp="320" pin="1"/><net_sink comp="3083" pin=0"/></net>

<net id="3087"><net_src comp="3083" pin="1"/><net_sink comp="1474" pin=140"/></net>

<net id="3088"><net_src comp="3083" pin="1"/><net_sink comp="2066" pin=0"/></net>

<net id="3092"><net_src comp="324" pin="1"/><net_sink comp="3089" pin=0"/></net>

<net id="3093"><net_src comp="3089" pin="1"/><net_sink comp="1474" pin=139"/></net>

<net id="3094"><net_src comp="3089" pin="1"/><net_sink comp="2062" pin=0"/></net>

<net id="3098"><net_src comp="328" pin="1"/><net_sink comp="3095" pin=0"/></net>

<net id="3099"><net_src comp="3095" pin="1"/><net_sink comp="1474" pin=138"/></net>

<net id="3100"><net_src comp="3095" pin="1"/><net_sink comp="2058" pin=0"/></net>

<net id="3104"><net_src comp="332" pin="1"/><net_sink comp="3101" pin=0"/></net>

<net id="3105"><net_src comp="3101" pin="1"/><net_sink comp="1474" pin=137"/></net>

<net id="3106"><net_src comp="3101" pin="1"/><net_sink comp="2054" pin=0"/></net>

<net id="3110"><net_src comp="336" pin="1"/><net_sink comp="3107" pin=0"/></net>

<net id="3111"><net_src comp="3107" pin="1"/><net_sink comp="1474" pin=136"/></net>

<net id="3112"><net_src comp="3107" pin="1"/><net_sink comp="2050" pin=0"/></net>

<net id="3116"><net_src comp="340" pin="1"/><net_sink comp="3113" pin=0"/></net>

<net id="3117"><net_src comp="3113" pin="1"/><net_sink comp="1474" pin=135"/></net>

<net id="3118"><net_src comp="3113" pin="1"/><net_sink comp="2046" pin=0"/></net>

<net id="3122"><net_src comp="344" pin="1"/><net_sink comp="3119" pin=0"/></net>

<net id="3123"><net_src comp="3119" pin="1"/><net_sink comp="1474" pin=134"/></net>

<net id="3124"><net_src comp="3119" pin="1"/><net_sink comp="2042" pin=0"/></net>

<net id="3128"><net_src comp="348" pin="1"/><net_sink comp="3125" pin=0"/></net>

<net id="3129"><net_src comp="3125" pin="1"/><net_sink comp="1474" pin=133"/></net>

<net id="3130"><net_src comp="3125" pin="1"/><net_sink comp="2038" pin=0"/></net>

<net id="3134"><net_src comp="352" pin="1"/><net_sink comp="3131" pin=0"/></net>

<net id="3135"><net_src comp="3131" pin="1"/><net_sink comp="1474" pin=132"/></net>

<net id="3136"><net_src comp="3131" pin="1"/><net_sink comp="2034" pin=0"/></net>

<net id="3140"><net_src comp="356" pin="1"/><net_sink comp="3137" pin=0"/></net>

<net id="3141"><net_src comp="3137" pin="1"/><net_sink comp="1474" pin=131"/></net>

<net id="3142"><net_src comp="3137" pin="1"/><net_sink comp="2030" pin=0"/></net>

<net id="3146"><net_src comp="360" pin="1"/><net_sink comp="3143" pin=0"/></net>

<net id="3147"><net_src comp="3143" pin="1"/><net_sink comp="1474" pin=130"/></net>

<net id="3148"><net_src comp="3143" pin="1"/><net_sink comp="2026" pin=0"/></net>

<net id="3152"><net_src comp="364" pin="1"/><net_sink comp="3149" pin=0"/></net>

<net id="3153"><net_src comp="3149" pin="1"/><net_sink comp="1474" pin=129"/></net>

<net id="3154"><net_src comp="3149" pin="1"/><net_sink comp="2022" pin=0"/></net>

<net id="3158"><net_src comp="368" pin="1"/><net_sink comp="3155" pin=0"/></net>

<net id="3159"><net_src comp="3155" pin="1"/><net_sink comp="1474" pin=128"/></net>

<net id="3160"><net_src comp="3155" pin="1"/><net_sink comp="2018" pin=0"/></net>

<net id="3164"><net_src comp="372" pin="1"/><net_sink comp="3161" pin=0"/></net>

<net id="3165"><net_src comp="3161" pin="1"/><net_sink comp="1474" pin=127"/></net>

<net id="3166"><net_src comp="3161" pin="1"/><net_sink comp="2014" pin=0"/></net>

<net id="3170"><net_src comp="376" pin="1"/><net_sink comp="3167" pin=0"/></net>

<net id="3171"><net_src comp="3167" pin="1"/><net_sink comp="1474" pin=126"/></net>

<net id="3172"><net_src comp="3167" pin="1"/><net_sink comp="2010" pin=0"/></net>

<net id="3176"><net_src comp="380" pin="1"/><net_sink comp="3173" pin=0"/></net>

<net id="3177"><net_src comp="3173" pin="1"/><net_sink comp="1474" pin=125"/></net>

<net id="3178"><net_src comp="3173" pin="1"/><net_sink comp="2006" pin=0"/></net>

<net id="3182"><net_src comp="384" pin="1"/><net_sink comp="3179" pin=0"/></net>

<net id="3183"><net_src comp="3179" pin="1"/><net_sink comp="1474" pin=124"/></net>

<net id="3184"><net_src comp="3179" pin="1"/><net_sink comp="2002" pin=0"/></net>

<net id="3188"><net_src comp="388" pin="1"/><net_sink comp="3185" pin=0"/></net>

<net id="3189"><net_src comp="3185" pin="1"/><net_sink comp="1474" pin=123"/></net>

<net id="3190"><net_src comp="3185" pin="1"/><net_sink comp="1998" pin=0"/></net>

<net id="3194"><net_src comp="392" pin="1"/><net_sink comp="3191" pin=0"/></net>

<net id="3195"><net_src comp="3191" pin="1"/><net_sink comp="1474" pin=122"/></net>

<net id="3196"><net_src comp="3191" pin="1"/><net_sink comp="1994" pin=0"/></net>

<net id="3200"><net_src comp="396" pin="1"/><net_sink comp="3197" pin=0"/></net>

<net id="3201"><net_src comp="3197" pin="1"/><net_sink comp="1474" pin=121"/></net>

<net id="3202"><net_src comp="3197" pin="1"/><net_sink comp="1990" pin=0"/></net>

<net id="3206"><net_src comp="400" pin="1"/><net_sink comp="3203" pin=0"/></net>

<net id="3207"><net_src comp="3203" pin="1"/><net_sink comp="1474" pin=120"/></net>

<net id="3208"><net_src comp="3203" pin="1"/><net_sink comp="1986" pin=0"/></net>

<net id="3212"><net_src comp="404" pin="1"/><net_sink comp="3209" pin=0"/></net>

<net id="3213"><net_src comp="3209" pin="1"/><net_sink comp="1474" pin=119"/></net>

<net id="3214"><net_src comp="3209" pin="1"/><net_sink comp="1982" pin=0"/></net>

<net id="3218"><net_src comp="408" pin="1"/><net_sink comp="3215" pin=0"/></net>

<net id="3219"><net_src comp="3215" pin="1"/><net_sink comp="1474" pin=118"/></net>

<net id="3220"><net_src comp="3215" pin="1"/><net_sink comp="1978" pin=0"/></net>

<net id="3224"><net_src comp="412" pin="1"/><net_sink comp="3221" pin=0"/></net>

<net id="3225"><net_src comp="3221" pin="1"/><net_sink comp="1474" pin=117"/></net>

<net id="3226"><net_src comp="3221" pin="1"/><net_sink comp="1974" pin=0"/></net>

<net id="3230"><net_src comp="416" pin="1"/><net_sink comp="3227" pin=0"/></net>

<net id="3231"><net_src comp="3227" pin="1"/><net_sink comp="1474" pin=116"/></net>

<net id="3232"><net_src comp="3227" pin="1"/><net_sink comp="1970" pin=0"/></net>

<net id="3236"><net_src comp="420" pin="1"/><net_sink comp="3233" pin=0"/></net>

<net id="3237"><net_src comp="3233" pin="1"/><net_sink comp="1474" pin=115"/></net>

<net id="3238"><net_src comp="3233" pin="1"/><net_sink comp="1966" pin=0"/></net>

<net id="3242"><net_src comp="424" pin="1"/><net_sink comp="3239" pin=0"/></net>

<net id="3243"><net_src comp="3239" pin="1"/><net_sink comp="1474" pin=114"/></net>

<net id="3244"><net_src comp="3239" pin="1"/><net_sink comp="1962" pin=0"/></net>

<net id="3248"><net_src comp="428" pin="1"/><net_sink comp="3245" pin=0"/></net>

<net id="3249"><net_src comp="3245" pin="1"/><net_sink comp="1474" pin=113"/></net>

<net id="3250"><net_src comp="3245" pin="1"/><net_sink comp="1958" pin=0"/></net>

<net id="3254"><net_src comp="432" pin="1"/><net_sink comp="3251" pin=0"/></net>

<net id="3255"><net_src comp="3251" pin="1"/><net_sink comp="1474" pin=112"/></net>

<net id="3256"><net_src comp="3251" pin="1"/><net_sink comp="1954" pin=0"/></net>

<net id="3260"><net_src comp="436" pin="1"/><net_sink comp="3257" pin=0"/></net>

<net id="3261"><net_src comp="3257" pin="1"/><net_sink comp="1474" pin=111"/></net>

<net id="3262"><net_src comp="3257" pin="1"/><net_sink comp="1950" pin=0"/></net>

<net id="3266"><net_src comp="440" pin="1"/><net_sink comp="3263" pin=0"/></net>

<net id="3267"><net_src comp="3263" pin="1"/><net_sink comp="1474" pin=110"/></net>

<net id="3268"><net_src comp="3263" pin="1"/><net_sink comp="1946" pin=0"/></net>

<net id="3272"><net_src comp="444" pin="1"/><net_sink comp="3269" pin=0"/></net>

<net id="3273"><net_src comp="3269" pin="1"/><net_sink comp="1474" pin=109"/></net>

<net id="3274"><net_src comp="3269" pin="1"/><net_sink comp="1942" pin=0"/></net>

<net id="3278"><net_src comp="448" pin="1"/><net_sink comp="3275" pin=0"/></net>

<net id="3279"><net_src comp="3275" pin="1"/><net_sink comp="1474" pin=108"/></net>

<net id="3280"><net_src comp="3275" pin="1"/><net_sink comp="1938" pin=0"/></net>

<net id="3284"><net_src comp="452" pin="1"/><net_sink comp="3281" pin=0"/></net>

<net id="3285"><net_src comp="3281" pin="1"/><net_sink comp="1474" pin=107"/></net>

<net id="3286"><net_src comp="3281" pin="1"/><net_sink comp="1934" pin=0"/></net>

<net id="3290"><net_src comp="456" pin="1"/><net_sink comp="3287" pin=0"/></net>

<net id="3291"><net_src comp="3287" pin="1"/><net_sink comp="1474" pin=106"/></net>

<net id="3292"><net_src comp="3287" pin="1"/><net_sink comp="1930" pin=0"/></net>

<net id="3296"><net_src comp="460" pin="1"/><net_sink comp="3293" pin=0"/></net>

<net id="3297"><net_src comp="3293" pin="1"/><net_sink comp="1474" pin=105"/></net>

<net id="3298"><net_src comp="3293" pin="1"/><net_sink comp="1926" pin=0"/></net>

<net id="3302"><net_src comp="464" pin="1"/><net_sink comp="3299" pin=0"/></net>

<net id="3303"><net_src comp="3299" pin="1"/><net_sink comp="1474" pin=104"/></net>

<net id="3304"><net_src comp="3299" pin="1"/><net_sink comp="1922" pin=0"/></net>

<net id="3308"><net_src comp="468" pin="1"/><net_sink comp="3305" pin=0"/></net>

<net id="3309"><net_src comp="3305" pin="1"/><net_sink comp="1474" pin=103"/></net>

<net id="3310"><net_src comp="3305" pin="1"/><net_sink comp="1918" pin=0"/></net>

<net id="3314"><net_src comp="472" pin="1"/><net_sink comp="3311" pin=0"/></net>

<net id="3315"><net_src comp="3311" pin="1"/><net_sink comp="1474" pin=102"/></net>

<net id="3316"><net_src comp="3311" pin="1"/><net_sink comp="1914" pin=0"/></net>

<net id="3320"><net_src comp="476" pin="1"/><net_sink comp="3317" pin=0"/></net>

<net id="3321"><net_src comp="3317" pin="1"/><net_sink comp="1474" pin=101"/></net>

<net id="3322"><net_src comp="3317" pin="1"/><net_sink comp="1910" pin=0"/></net>

<net id="3326"><net_src comp="480" pin="1"/><net_sink comp="3323" pin=0"/></net>

<net id="3327"><net_src comp="3323" pin="1"/><net_sink comp="1474" pin=100"/></net>

<net id="3328"><net_src comp="3323" pin="1"/><net_sink comp="1906" pin=0"/></net>

<net id="3332"><net_src comp="1728" pin="2"/><net_sink comp="3329" pin=0"/></net>

<net id="3336"><net_src comp="1734" pin="2"/><net_sink comp="3333" pin=0"/></net>

<net id="3337"><net_src comp="3333" pin="1"/><net_sink comp="1474" pin=76"/></net>

<net id="3341"><net_src comp="1741" pin="2"/><net_sink comp="3338" pin=0"/></net>

<net id="3342"><net_src comp="3338" pin="1"/><net_sink comp="1474" pin=77"/></net>

<net id="3346"><net_src comp="1758" pin="2"/><net_sink comp="3343" pin=0"/></net>

<net id="3347"><net_src comp="3343" pin="1"/><net_sink comp="1474" pin=79"/></net>

<net id="3351"><net_src comp="1765" pin="2"/><net_sink comp="3348" pin=0"/></net>

<net id="3352"><net_src comp="3348" pin="1"/><net_sink comp="1474" pin=81"/></net>

<net id="3356"><net_src comp="1782" pin="2"/><net_sink comp="3353" pin=0"/></net>

<net id="3357"><net_src comp="3353" pin="1"/><net_sink comp="1474" pin=83"/></net>

<net id="3361"><net_src comp="1789" pin="2"/><net_sink comp="3358" pin=0"/></net>

<net id="3362"><net_src comp="3358" pin="1"/><net_sink comp="1474" pin=85"/></net>

<net id="3366"><net_src comp="1796" pin="2"/><net_sink comp="3363" pin=0"/></net>

<net id="3367"><net_src comp="3363" pin="1"/><net_sink comp="1474" pin=87"/></net>

<net id="3371"><net_src comp="1803" pin="2"/><net_sink comp="3368" pin=0"/></net>

<net id="3372"><net_src comp="3368" pin="1"/><net_sink comp="1474" pin=89"/></net>

<net id="3376"><net_src comp="1820" pin="2"/><net_sink comp="3373" pin=0"/></net>

<net id="3377"><net_src comp="3373" pin="1"/><net_sink comp="1474" pin=91"/></net>

<net id="3381"><net_src comp="1837" pin="2"/><net_sink comp="3378" pin=0"/></net>

<net id="3382"><net_src comp="3378" pin="1"/><net_sink comp="1474" pin=93"/></net>

<net id="3386"><net_src comp="1844" pin="2"/><net_sink comp="3383" pin=0"/></net>

<net id="3387"><net_src comp="3383" pin="1"/><net_sink comp="1474" pin=94"/></net>

<net id="3391"><net_src comp="1861" pin="2"/><net_sink comp="3388" pin=0"/></net>

<net id="3392"><net_src comp="3388" pin="1"/><net_sink comp="1474" pin=95"/></net>

<net id="3396"><net_src comp="1868" pin="2"/><net_sink comp="3393" pin=0"/></net>

<net id="3397"><net_src comp="3393" pin="1"/><net_sink comp="1474" pin=96"/></net>

<net id="3401"><net_src comp="1875" pin="2"/><net_sink comp="3398" pin=0"/></net>

<net id="3402"><net_src comp="3398" pin="1"/><net_sink comp="1474" pin=97"/></net>

<net id="3406"><net_src comp="1882" pin="2"/><net_sink comp="3403" pin=0"/></net>

<net id="3407"><net_src comp="3403" pin="1"/><net_sink comp="1474" pin=98"/></net>

<net id="3411"><net_src comp="1899" pin="2"/><net_sink comp="3408" pin=0"/></net>

<net id="3412"><net_src comp="3408" pin="1"/><net_sink comp="1474" pin=99"/></net>

</net_list>

</model> 
---------------- Datapath Model END ------------------

* FSMD analyzer results:
  - Output states:
 - Input state : 
	Port: tile_process : a_row_major_0 | {1 2 }
	Port: tile_process : a_row_major_1 | {1 2 }
	Port: tile_process : a_row_major_2 | {1 2 }
	Port: tile_process : a_row_major_3 | {1 2 }
	Port: tile_process : a_row_major_4 | {1 2 }
	Port: tile_process : a_row_major_5 | {1 2 }
	Port: tile_process : a_row_major_6 | {1 2 }
	Port: tile_process : a_row_major_7 | {1 2 }
	Port: tile_process : b_row_major_0 | {1 2 }
	Port: tile_process : b_row_major_1 | {1 2 }
	Port: tile_process : b_row_major_2 | {1 2 }
	Port: tile_process : b_row_major_3 | {1 2 }
	Port: tile_process : b_row_major_4 | {1 2 }
	Port: tile_process : b_row_major_5 | {1 2 }
	Port: tile_process : b_row_major_6 | {1 2 }
	Port: tile_process : b_row_major_7 | {1 2 }
	Port: tile_process : p_read | {1 }
	Port: tile_process : p_read1 | {1 }
	Port: tile_process : p_read2 | {1 }
	Port: tile_process : p_read3 | {1 }
	Port: tile_process : p_read4 | {1 }
	Port: tile_process : p_read5 | {1 }
	Port: tile_process : p_read6 | {1 }
	Port: tile_process : p_read7 | {1 }
	Port: tile_process : p_read8 | {1 }
	Port: tile_process : p_read9 | {1 }
	Port: tile_process : p_read10 | {1 }
	Port: tile_process : p_read11 | {1 }
	Port: tile_process : p_read12 | {1 }
	Port: tile_process : p_read13 | {1 }
	Port: tile_process : p_read14 | {1 }
	Port: tile_process : p_read15 | {1 }
	Port: tile_process : p_read16 | {1 }
	Port: tile_process : p_read17 | {1 }
	Port: tile_process : p_read18 | {1 }
	Port: tile_process : p_read19 | {1 }
	Port: tile_process : p_read20 | {1 }
	Port: tile_process : p_read21 | {1 }
	Port: tile_process : p_read22 | {1 }
	Port: tile_process : p_read23 | {1 }
	Port: tile_process : p_read24 | {1 }
	Port: tile_process : p_read25 | {1 }
	Port: tile_process : p_read26 | {1 }
	Port: tile_process : p_read27 | {1 }
	Port: tile_process : p_read28 | {1 }
	Port: tile_process : p_read29 | {1 }
	Port: tile_process : p_read30 | {1 }
	Port: tile_process : p_read31 | {1 }
	Port: tile_process : p_read32 | {1 }
	Port: tile_process : p_read33 | {1 }
	Port: tile_process : p_read34 | {1 }
	Port: tile_process : p_read35 | {1 }
	Port: tile_process : p_read36 | {1 }
	Port: tile_process : p_read37 | {1 }
	Port: tile_process : p_read38 | {1 }
	Port: tile_process : p_read39 | {1 }
	Port: tile_process : p_read40 | {1 }
	Port: tile_process : p_read41 | {1 }
	Port: tile_process : p_read42 | {1 }
	Port: tile_process : p_read43 | {1 }
	Port: tile_process : p_read44 | {1 }
	Port: tile_process : p_read45 | {1 }
	Port: tile_process : p_read46 | {1 }
	Port: tile_process : p_read47 | {1 }
	Port: tile_process : p_read48 | {1 }
	Port: tile_process : p_read49 | {1 }
	Port: tile_process : p_read50 | {1 }
	Port: tile_process : p_read51 | {1 }
	Port: tile_process : p_read52 | {1 }
	Port: tile_process : p_read53 | {1 }
	Port: tile_process : p_read54 | {1 }
	Port: tile_process : p_read55 | {1 }
	Port: tile_process : p_read56 | {1 }
	Port: tile_process : p_read57 | {1 }
	Port: tile_process : p_read58 | {1 }
	Port: tile_process : p_read59 | {1 }
	Port: tile_process : p_read60 | {1 }
	Port: tile_process : p_read61 | {1 }
	Port: tile_process : p_read62 | {1 }
	Port: tile_process : p_read63 | {1 }
	Port: tile_process : start_k | {1 }
	Port: tile_process : finish_k | {1 }
	Port: tile_process : a_row | {1 }
	Port: tile_process : a_col | {1 }
	Port: tile_process : b_col | {1 }
  - Chain level:
	State 1
		icmp_ln81 : 1
		br_ln81 : 2
		icmp : 1
		icmp3 : 1
		icmp6 : 1
		icmp9 : 1
		icmp12 : 1
		icmp15 : 1
		call_ln0 : 2
	State 2
	State 3
		phi_ln105 : 1
		phi_ln105_1 : 1
		phi_ln105_2 : 1
		phi_ln105_3 : 1
		phi_ln105_4 : 1
		phi_ln105_5 : 1
		phi_ln105_6 : 1
		phi_ln105_7 : 1
		phi_ln105_8 : 1
		phi_ln105_9 : 1
		phi_ln105_10 : 1
		phi_ln105_11 : 1
		phi_ln105_12 : 1
		phi_ln105_13 : 1
		phi_ln105_14 : 1
		phi_ln105_15 : 1
		phi_ln105_16 : 1
		phi_ln105_17 : 1
		phi_ln105_18 : 1
		phi_ln105_19 : 1
		phi_ln105_20 : 1
		phi_ln105_21 : 1
		phi_ln105_22 : 1
		phi_ln105_23 : 1
		phi_ln105_24 : 1
		phi_ln105_25 : 1
		phi_ln105_26 : 1
		phi_ln105_27 : 1
		phi_ln105_28 : 1
		phi_ln105_29 : 1
		phi_ln105_30 : 1
		phi_ln105_31 : 1
		phi_ln105_32 : 1
		phi_ln105_33 : 1
		phi_ln105_34 : 1
		phi_ln105_35 : 1
		phi_ln105_36 : 1
		phi_ln105_37 : 1
		phi_ln105_38 : 1
		phi_ln105_39 : 1
		phi_ln105_40 : 1
		phi_ln105_41 : 1
		phi_ln105_42 : 1
		phi_ln105_43 : 1
		phi_ln105_44 : 1
		phi_ln105_45 : 1
		phi_ln105_46 : 1
		phi_ln105_47 : 1
		phi_ln105_48 : 1
		phi_ln105_49 : 1
		phi_ln105_50 : 1
		phi_ln105_51 : 1
		phi_ln105_52 : 1
		phi_ln105_53 : 1
		phi_ln105_54 : 1
		phi_ln105_55 : 1
		phi_ln105_56 : 1
		phi_ln105_57 : 1
		phi_ln105_58 : 1
		phi_ln105_59 : 1
		phi_ln105_60 : 1
		phi_ln105_61 : 1
		phi_ln105_62 : 1
		phi_ln105_63 : 1
		mrv : 2
		mrv_1 : 3
		mrv_2 : 4
		mrv_3 : 5
		mrv_4 : 6
		mrv_5 : 7
		mrv_6 : 8
		mrv_7 : 9
		mrv_8 : 10
		mrv_9 : 11
		mrv_s : 12
		mrv_10 : 13
		mrv_11 : 14
		mrv_12 : 15
		mrv_13 : 16
		mrv_14 : 17
		mrv_15 : 18
		mrv_16 : 19
		mrv_17 : 20
		mrv_18 : 21
		mrv_19 : 22
		mrv_20 : 23
		mrv_21 : 24
		mrv_22 : 25
		mrv_23 : 26
		mrv_24 : 27
		mrv_25 : 28
		mrv_26 : 29
		mrv_27 : 30
		mrv_28 : 31
		mrv_29 : 32
		mrv_30 : 33
		mrv_31 : 34
		mrv_32 : 35
		mrv_33 : 36
		mrv_34 : 37
		mrv_35 : 38
		mrv_36 : 39
		mrv_37 : 40
		mrv_38 : 41
		mrv_39 : 42
		mrv_40 : 43
		mrv_41 : 44
		mrv_42 : 45
		mrv_43 : 46
		mrv_44 : 47
		mrv_45 : 48
		mrv_46 : 49
		mrv_47 : 50
		mrv_48 : 51
		mrv_49 : 52
		mrv_50 : 53
		mrv_51 : 54
		mrv_52 : 55
		mrv_53 : 56
		mrv_54 : 57
		mrv_55 : 58
		mrv_56 : 59
		mrv_57 : 60
		mrv_58 : 61
		mrv_59 : 62
		mrv_60 : 63
		mrv_61 : 64
		mrv_62 : 65
		ret_ln105 : 66


============================================================
+ Verbose Summary: Datapath Resource usage 
============================================================

* Functional unit list:
|----------|----------------------------------------------------|---------|---------|---------|---------|
| Operation|                   Functional Unit                  |   DSP   |  Delay  |    FF   |   LUT   |
|----------|----------------------------------------------------|---------|---------|---------|---------|
|   call   | grp_tile_process_Pipeline_compute_pipeline_fu_1474 |    64   |  64.624 |   2563  |   2062  |
|----------|----------------------------------------------------|---------|---------|---------|---------|
|          |                  icmp_ln81_fu_1728                 |    0    |    0    |    0    |    12   |
|          |                  cmp9_not_fu_1734                  |    0    |    0    |    0    |    39   |
|          |                    cmp15_fu_1741                   |    0    |    0    |    0    |    39   |
|          |                    icmp_fu_1758                    |    0    |    0    |    0    |    38   |
|          |                  cmp15_240_fu_1765                 |    0    |    0    |    0    |    39   |
|          |                    icmp3_fu_1782                   |    0    |    0    |    0    |    37   |
|          |                  cmp15_496_fu_1789                 |    0    |    0    |    0    |    39   |
|          |                 cmp15_5124_fu_1796                 |    0    |    0    |    0    |    39   |
|   icmp   |                 cmp15_6152_fu_1803                 |    0    |    0    |    0    |    39   |
|          |                    icmp6_fu_1820                   |    0    |    0    |    0    |    36   |
|          |                    icmp9_fu_1837                   |    0    |    0    |    0    |    38   |
|          |                 cmp9_2_not_fu_1844                 |    0    |    0    |    0    |    39   |
|          |                   icmp12_fu_1861                   |    0    |    0    |    0    |    37   |
|          |                 cmp9_4_not_fu_1868                 |    0    |    0    |    0    |    39   |
|          |                 cmp9_5_not_fu_1875                 |    0    |    0    |    0    |    39   |
|          |                 cmp9_6_not_fu_1882                 |    0    |    0    |    0    |    39   |
|          |                   icmp15_fu_1899                   |    0    |    0    |    0    |    36   |
|----------|----------------------------------------------------|---------|---------|---------|---------|
|          |               b_col_read_read_fu_484               |    0    |    0    |    0    |    0    |
|          |               a_col_read_read_fu_490               |    0    |    0    |    0    |    0    |
|          |               a_row_read_read_fu_496               |    0    |    0    |    0    |    0    |
|          |              finish_k_read_read_fu_502             |    0    |    0    |    0    |    0    |
|          |              start_k_read_read_fu_508              |    0    |    0    |    0    |    0    |
|          |                p_read_59_read_fu_514               |    0    |    0    |    0    |    0    |
|          |                p_read_60_read_fu_520               |    0    |    0    |    0    |    0    |
|          |                p_read_61_read_fu_526               |    0    |    0    |    0    |    0    |
|          |                p_read_62_read_fu_532               |    0    |    0    |    0    |    0    |
|          |                p_read_63_read_fu_538               |    0    |    0    |    0    |    0    |
|          |                p_read_64_read_fu_544               |    0    |    0    |    0    |    0    |
|          |                p_read_65_read_fu_550               |    0    |    0    |    0    |    0    |
|          |                p_read_66_read_fu_556               |    0    |    0    |    0    |    0    |
|          |                p_read_67_read_fu_562               |    0    |    0    |    0    |    0    |
|          |                p_read_68_read_fu_568               |    0    |    0    |    0    |    0    |
|          |                p_read_69_read_fu_574               |    0    |    0    |    0    |    0    |
|          |                p_read_70_read_fu_580               |    0    |    0    |    0    |    0    |
|          |                p_read_71_read_fu_586               |    0    |    0    |    0    |    0    |
|          |                p_read_72_read_fu_592               |    0    |    0    |    0    |    0    |
|          |                p_read_73_read_fu_598               |    0    |    0    |    0    |    0    |
|          |                p_read_74_read_fu_604               |    0    |    0    |    0    |    0    |
|          |                p_read_75_read_fu_610               |    0    |    0    |    0    |    0    |
|          |                p_read_76_read_fu_616               |    0    |    0    |    0    |    0    |
|          |                p_read_77_read_fu_622               |    0    |    0    |    0    |    0    |
|          |                p_read_78_read_fu_628               |    0    |    0    |    0    |    0    |
|          |                p_read_79_read_fu_634               |    0    |    0    |    0    |    0    |
|          |                p_read_80_read_fu_640               |    0    |    0    |    0    |    0    |
|          |                p_read_81_read_fu_646               |    0    |    0    |    0    |    0    |
|          |                p_read_82_read_fu_652               |    0    |    0    |    0    |    0    |
|          |                p_read_83_read_fu_658               |    0    |    0    |    0    |    0    |
|          |                p_read_84_read_fu_664               |    0    |    0    |    0    |    0    |
|          |                p_read_85_read_fu_670               |    0    |    0    |    0    |    0    |
|          |                p_read_86_read_fu_676               |    0    |    0    |    0    |    0    |
|          |                p_read_87_read_fu_682               |    0    |    0    |    0    |    0    |
|   read   |                p_read_88_read_fu_688               |    0    |    0    |    0    |    0    |
|          |                p_read_89_read_fu_694               |    0    |    0    |    0    |    0    |
|          |                p_read_90_read_fu_700               |    0    |    0    |    0    |    0    |
|          |                p_read_91_read_fu_706               |    0    |    0    |    0    |    0    |
|          |                p_read_92_read_fu_712               |    0    |    0    |    0    |    0    |
|          |                p_read_93_read_fu_718               |    0    |    0    |    0    |    0    |
|          |                p_read_94_read_fu_724               |    0    |    0    |    0    |    0    |
|          |                p_read_95_read_fu_730               |    0    |    0    |    0    |    0    |
|          |                p_read_96_read_fu_736               |    0    |    0    |    0    |    0    |
|          |                p_read_97_read_fu_742               |    0    |    0    |    0    |    0    |
|          |                p_read_98_read_fu_748               |    0    |    0    |    0    |    0    |
|          |                p_read_99_read_fu_754               |    0    |    0    |    0    |    0    |
|          |               p_read_100_read_fu_760               |    0    |    0    |    0    |    0    |
|          |               p_read_101_read_fu_766               |    0    |    0    |    0    |    0    |
|          |               p_read2084_read_fu_772               |    0    |    0    |    0    |    0    |
|          |               p_read_102_read_fu_778               |    0    |    0    |    0    |    0    |
|          |               p_read_103_read_fu_784               |    0    |    0    |    0    |    0    |
|          |               p_read_104_read_fu_790               |    0    |    0    |    0    |    0    |
|          |               p_read_105_read_fu_796               |    0    |    0    |    0    |    0    |
|          |               p_read_106_read_fu_802               |    0    |    0    |    0    |    0    |
|          |               p_read_107_read_fu_808               |    0    |    0    |    0    |    0    |
|          |               p_read_108_read_fu_814               |    0    |    0    |    0    |    0    |
|          |               p_read_109_read_fu_820               |    0    |    0    |    0    |    0    |
|          |               p_read_110_read_fu_826               |    0    |    0    |    0    |    0    |
|          |               p_read1074_read_fu_832               |    0    |    0    |    0    |    0    |
|          |                p_read973_read_fu_838               |    0    |    0    |    0    |    0    |
|          |                p_read872_read_fu_844               |    0    |    0    |    0    |    0    |
|          |                p_read771_read_fu_850               |    0    |    0    |    0    |    0    |
|          |                p_read670_read_fu_856               |    0    |    0    |    0    |    0    |
|          |                p_read569_read_fu_862               |    0    |    0    |    0    |    0    |
|          |                p_read468_read_fu_868               |    0    |    0    |    0    |    0    |
|          |                p_read367_read_fu_874               |    0    |    0    |    0    |    0    |
|          |                p_read266_read_fu_880               |    0    |    0    |    0    |    0    |
|          |                p_read165_read_fu_886               |    0    |    0    |    0    |    0    |
|          |                p_read64_read_fu_892                |    0    |    0    |    0    |    0    |
|----------|----------------------------------------------------|---------|---------|---------|---------|
|   zext   |               start_k_cast16_fu_1724               |    0    |    0    |    0    |    0    |
|----------|----------------------------------------------------|---------|---------|---------|---------|
|          |                     tmp_fu_1748                    |    0    |    0    |    0    |    0    |
|          |                    tmp_1_fu_1772                   |    0    |    0    |    0    |    0    |
|partselect|                    tmp_2_fu_1810                   |    0    |    0    |    0    |    0    |
|          |                    tmp_3_fu_1827                   |    0    |    0    |    0    |    0    |
|          |                    tmp_4_fu_1851                   |    0    |    0    |    0    |    0    |
|          |                    tmp_5_fu_1889                   |    0    |    0    |    0    |    0    |
|----------|----------------------------------------------------|---------|---------|---------|---------|
|          |                     mrv_fu_2162                    |    0    |    0    |    0    |    0    |
|          |                    mrv_1_fu_2168                   |    0    |    0    |    0    |    0    |
|          |                    mrv_2_fu_2174                   |    0    |    0    |    0    |    0    |
|          |                    mrv_3_fu_2180                   |    0    |    0    |    0    |    0    |
|          |                    mrv_4_fu_2186                   |    0    |    0    |    0    |    0    |
|          |                    mrv_5_fu_2192                   |    0    |    0    |    0    |    0    |
|          |                    mrv_6_fu_2198                   |    0    |    0    |    0    |    0    |
|          |                    mrv_7_fu_2204                   |    0    |    0    |    0    |    0    |
|          |                    mrv_8_fu_2210                   |    0    |    0    |    0    |    0    |
|          |                    mrv_9_fu_2216                   |    0    |    0    |    0    |    0    |
|          |                    mrv_s_fu_2222                   |    0    |    0    |    0    |    0    |
|          |                   mrv_10_fu_2228                   |    0    |    0    |    0    |    0    |
|          |                   mrv_11_fu_2234                   |    0    |    0    |    0    |    0    |
|          |                   mrv_12_fu_2240                   |    0    |    0    |    0    |    0    |
|          |                   mrv_13_fu_2246                   |    0    |    0    |    0    |    0    |
|          |                   mrv_14_fu_2252                   |    0    |    0    |    0    |    0    |
|          |                   mrv_15_fu_2258                   |    0    |    0    |    0    |    0    |
|          |                   mrv_16_fu_2264                   |    0    |    0    |    0    |    0    |
|          |                   mrv_17_fu_2270                   |    0    |    0    |    0    |    0    |
|          |                   mrv_18_fu_2276                   |    0    |    0    |    0    |    0    |
|          |                   mrv_19_fu_2282                   |    0    |    0    |    0    |    0    |
|          |                   mrv_20_fu_2288                   |    0    |    0    |    0    |    0    |
|          |                   mrv_21_fu_2294                   |    0    |    0    |    0    |    0    |
|          |                   mrv_22_fu_2300                   |    0    |    0    |    0    |    0    |
|          |                   mrv_23_fu_2306                   |    0    |    0    |    0    |    0    |
|          |                   mrv_24_fu_2312                   |    0    |    0    |    0    |    0    |
|          |                   mrv_25_fu_2318                   |    0    |    0    |    0    |    0    |
|          |                   mrv_26_fu_2324                   |    0    |    0    |    0    |    0    |
|          |                   mrv_27_fu_2330                   |    0    |    0    |    0    |    0    |
|          |                   mrv_28_fu_2336                   |    0    |    0    |    0    |    0    |
|          |                   mrv_29_fu_2342                   |    0    |    0    |    0    |    0    |
|insertvalue|                   mrv_30_fu_2348                   |    0    |    0    |    0    |    0    |
|          |                   mrv_31_fu_2354                   |    0    |    0    |    0    |    0    |
|          |                   mrv_32_fu_2360                   |    0    |    0    |    0    |    0    |
|          |                   mrv_33_fu_2366                   |    0    |    0    |    0    |    0    |
|          |                   mrv_34_fu_2372                   |    0    |    0    |    0    |    0    |
|          |                   mrv_35_fu_2378                   |    0    |    0    |    0    |    0    |
|          |                   mrv_36_fu_2384                   |    0    |    0    |    0    |    0    |
|          |                   mrv_37_fu_2390                   |    0    |    0    |    0    |    0    |
|          |                   mrv_38_fu_2396                   |    0    |    0    |    0    |    0    |
|          |                   mrv_39_fu_2402                   |    0    |    0    |    0    |    0    |
|          |                   mrv_40_fu_2408                   |    0    |    0    |    0    |    0    |
|          |                   mrv_41_fu_2414                   |    0    |    0    |    0    |    0    |
|          |                   mrv_42_fu_2420                   |    0    |    0    |    0    |    0    |
|          |                   mrv_43_fu_2426                   |    0    |    0    |    0    |    0    |
|          |                   mrv_44_fu_2432                   |    0    |    0    |    0    |    0    |
|          |                   mrv_45_fu_2438                   |    0    |    0    |    0    |    0    |
|          |                   mrv_46_fu_2444                   |    0    |    0    |    0    |    0    |
|          |                   mrv_47_fu_2450                   |    0    |    0    |    0    |    0    |
|          |                   mrv_48_fu_2456                   |    0    |    0    |    0    |    0    |
|          |                   mrv_49_fu_2462                   |    0    |    0    |    0    |    0    |
|          |                   mrv_50_fu_2468                   |    0    |    0    |    0    |    0    |
|          |                   mrv_51_fu_2474                   |    0    |    0    |    0    |    0    |
|          |                   mrv_52_fu_2480                   |    0    |    0    |    0    |    0    |
|          |                   mrv_53_fu_2486                   |    0    |    0    |    0    |    0    |
|          |                   mrv_54_fu_2492                   |    0    |    0    |    0    |    0    |
|          |                   mrv_55_fu_2498                   |    0    |    0    |    0    |    0    |
|          |                   mrv_56_fu_2504                   |    0    |    0    |    0    |    0    |
|          |                   mrv_57_fu_2510                   |    0    |    0    |    0    |    0    |
|          |                   mrv_58_fu_2516                   |    0    |    0    |    0    |    0    |
|          |                   mrv_59_fu_2522                   |    0    |    0    |    0    |    0    |
|          |                   mrv_60_fu_2528                   |    0    |    0    |    0    |    0    |
|          |                   mrv_61_fu_2534                   |    0    |    0    |    0    |    0    |
|          |                   mrv_62_fu_2540                   |    0    |    0    |    0    |    0    |
|----------|----------------------------------------------------|---------|---------|---------|---------|
|   Total  |                                                    |    64   |  64.624 |   2563  |   2686  |
|----------|----------------------------------------------------|---------|---------|---------|---------|

Memories:
N/A

* Register list:
+------------------------------+--------+
|                              |   FF   |
+------------------------------+--------+
|      a_col_read_reg_2546     |   32   |
|c_row_major_0_0_0_loc_reg_2945|   16   |
|c_row_major_0_1_0_loc_reg_2951|   16   |
|c_row_major_0_2_0_loc_reg_2957|   16   |
|c_row_major_0_3_0_loc_reg_2963|   16   |
|c_row_major_0_4_0_loc_reg_2969|   16   |
|c_row_major_0_5_0_loc_reg_2975|   16   |
|c_row_major_0_6_0_loc_reg_2981|   16   |
|c_row_major_0_7_0_loc_reg_2987|   16   |
|c_row_major_1_0_0_loc_reg_2993|   16   |
|c_row_major_1_1_0_loc_reg_2999|   16   |
|c_row_major_1_2_0_loc_reg_3005|   16   |
|c_row_major_1_3_0_loc_reg_3011|   16   |
|c_row_major_1_4_0_loc_reg_3017|   16   |
|c_row_major_1_5_0_loc_reg_3023|   16   |
|c_row_major_1_6_0_loc_reg_3029|   16   |
|c_row_major_1_7_0_loc_reg_3035|   16   |
|c_row_major_2_0_0_loc_reg_3041|   16   |
|c_row_major_2_1_0_loc_reg_3047|   16   |
|c_row_major_2_2_0_loc_reg_3053|   16   |
|c_row_major_2_3_0_loc_reg_3059|   16   |
|c_row_major_2_4_0_loc_reg_3065|   16   |
|c_row_major_2_5_0_loc_reg_3071|   16   |
|c_row_major_2_6_0_loc_reg_3077|   16   |
|c_row_major_2_7_0_loc_reg_3083|   16   |
|c_row_major_3_0_0_loc_reg_3089|   16   |
|c_row_major_3_1_0_loc_reg_3095|   16   |
|c_row_major_3_2_0_loc_reg_3101|   16   |
|c_row_major_3_3_0_loc_reg_3107|   16   |
|c_row_major_3_4_0_loc_reg_3113|   16   |
|c_row_major_3_5_0_loc_reg_3119|   16   |
|c_row_major_3_6_0_loc_reg_3125|   16   |
|c_row_major_3_7_0_loc_reg_3131|   16   |
|c_row_major_4_0_0_loc_reg_3137|   16   |
|c_row_major_4_1_0_loc_reg_3143|   16   |
|c_row_major_4_2_0_loc_reg_3149|   16   |
|c_row_major_4_3_0_loc_reg_3155|   16   |
|c_row_major_4_4_0_loc_reg_3161|   16   |
|c_row_major_4_5_0_loc_reg_3167|   16   |
|c_row_major_4_6_0_loc_reg_3173|   16   |
|c_row_major_4_7_0_loc_reg_3179|   16   |
|c_row_major_5_0_0_loc_reg_3185|   16   |
|c_row_major_5_1_0_loc_reg_3191|   16   |
|c_row_major_5_2_0_loc_reg_3197|   16   |
|c_row_major_5_3_0_loc_reg_3203|   16   |
|c_row_major_5_4_0_loc_reg_3209|   16   |
|c_row_major_5_5_0_loc_reg_3215|   16   |
|c_row_major_5_6_0_loc_reg_3221|   16   |
|c_row_major_5_7_0_loc_reg_3227|   16   |
|c_row_major_6_0_0_loc_reg_3233|   16   |
|c_row_major_6_1_0_loc_reg_3239|   16   |
|c_row_major_6_2_0_loc_reg_3245|   16   |
|c_row_major_6_3_0_loc_reg_3251|   16   |
|c_row_major_6_4_0_loc_reg_3257|   16   |
|c_row_major_6_5_0_loc_reg_3263|   16   |
|c_row_major_6_6_0_loc_reg_3269|   16   |
|c_row_major_6_7_0_loc_reg_3275|   16   |
|c_row_major_7_0_0_loc_reg_3281|   16   |
|c_row_major_7_1_0_loc_reg_3287|   16   |
|c_row_major_7_2_0_loc_reg_3293|   16   |
|c_row_major_7_3_0_loc_reg_3299|   16   |
|c_row_major_7_4_0_loc_reg_3305|   16   |
|c_row_major_7_5_0_loc_reg_3311|   16   |
|c_row_major_7_6_0_loc_reg_3317|   16   |
|c_row_major_7_7_0_loc_reg_3323|   16   |
|      cmp15_240_reg_3348      |    1   |
|      cmp15_496_reg_3358      |    1   |
|      cmp15_5124_reg_3363     |    1   |
|      cmp15_6152_reg_3368     |    1   |
|        cmp15_reg_3338        |    1   |
|      cmp9_2_not_reg_3383     |    1   |
|      cmp9_4_not_reg_3393     |    1   |
|      cmp9_5_not_reg_3398     |    1   |
|      cmp9_6_not_reg_3403     |    1   |
|       cmp9_not_reg_3333      |    1   |
|    finish_k_read_reg_2551    |    4   |
|        icmp12_reg_3388       |    1   |
|        icmp15_reg_3408       |    1   |
|        icmp3_reg_3353        |    1   |
|        icmp6_reg_3373        |    1   |
|        icmp9_reg_3378        |    1   |
|      icmp_ln81_reg_3329      |    1   |
|         icmp_reg_3343        |    1   |
|      p_read1074_reg_2879     |   16   |
|      p_read165_reg_2933      |   16   |
|      p_read2084_reg_2819     |   16   |
|      p_read266_reg_2927      |   16   |
|      p_read367_reg_2921      |   16   |
|      p_read468_reg_2915      |   16   |
|      p_read569_reg_2909      |   16   |
|       p_read64_reg_2939      |   16   |
|      p_read670_reg_2903      |   16   |
|      p_read771_reg_2897      |   16   |
|      p_read872_reg_2891      |   16   |
|      p_read973_reg_2885      |   16   |
|      p_read_100_reg_2807     |   16   |
|      p_read_101_reg_2813     |   16   |
|      p_read_102_reg_2825     |   16   |
|      p_read_103_reg_2831     |   16   |
|      p_read_104_reg_2837     |   16   |
|      p_read_105_reg_2843     |   16   |
|      p_read_106_reg_2849     |   16   |
|      p_read_107_reg_2855     |   16   |
|      p_read_108_reg_2861     |   16   |
|      p_read_109_reg_2867     |   16   |
|      p_read_110_reg_2873     |   16   |
|      p_read_59_reg_2561      |   16   |
|      p_read_60_reg_2567      |   16   |
|      p_read_61_reg_2573      |   16   |
|      p_read_62_reg_2579      |   16   |
|      p_read_63_reg_2585      |   16   |
|      p_read_64_reg_2591      |   16   |
|      p_read_65_reg_2597      |   16   |
|      p_read_66_reg_2603      |   16   |
|      p_read_67_reg_2609      |   16   |
|      p_read_68_reg_2615      |   16   |
|      p_read_69_reg_2621      |   16   |
|      p_read_70_reg_2627      |   16   |
|      p_read_71_reg_2633      |   16   |
|      p_read_72_reg_2639      |   16   |
|      p_read_73_reg_2645      |   16   |
|      p_read_74_reg_2651      |   16   |
|      p_read_75_reg_2657      |   16   |
|      p_read_76_reg_2663      |   16   |
|      p_read_77_reg_2669      |   16   |
|      p_read_78_reg_2675      |   16   |
|      p_read_79_reg_2681      |   16   |
|      p_read_80_reg_2687      |   16   |
|      p_read_81_reg_2693      |   16   |
|      p_read_82_reg_2699      |   16   |
|      p_read_83_reg_2705      |   16   |
|      p_read_84_reg_2711      |   16   |
|      p_read_85_reg_2717      |   16   |
|      p_read_86_reg_2723      |   16   |
|      p_read_87_reg_2729      |   16   |
|      p_read_88_reg_2735      |   16   |
|      p_read_89_reg_2741      |   16   |
|      p_read_90_reg_2747      |   16   |
|      p_read_91_reg_2753      |   16   |
|      p_read_92_reg_2759      |   16   |
|      p_read_93_reg_2765      |   16   |
|      p_read_94_reg_2771      |   16   |
|      p_read_95_reg_2777      |   16   |
|      p_read_96_reg_2783      |   16   |
|      p_read_97_reg_2789      |   16   |
|      p_read_98_reg_2795      |   16   |
|      p_read_99_reg_2801      |   16   |
|     phi_ln105_10_reg_988     |   16   |
|     phi_ln105_11_reg_997     |   16   |
|     phi_ln105_12_reg_1006    |   16   |
|     phi_ln105_13_reg_1015    |   16   |
|     phi_ln105_14_reg_1024    |   16   |
|     phi_ln105_15_reg_1033    |   16   |
|     phi_ln105_16_reg_1042    |   16   |
|     phi_ln105_17_reg_1051    |   16   |
|     phi_ln105_18_reg_1060    |   16   |
|     phi_ln105_19_reg_1069    |   16   |
|      phi_ln105_1_reg_907     |   16   |
|     phi_ln105_20_reg_1078    |   16   |
|     phi_ln105_21_reg_1087    |   16   |
|     phi_ln105_22_reg_1096    |   16   |
|     phi_ln105_23_reg_1105    |   16   |
|     phi_ln105_24_reg_1114    |   16   |
|     phi_ln105_25_reg_1123    |   16   |
|     phi_ln105_26_reg_1132    |   16   |
|     phi_ln105_27_reg_1141    |   16   |
|     phi_ln105_28_reg_1150    |   16   |
|     phi_ln105_29_reg_1159    |   16   |
|      phi_ln105_2_reg_916     |   16   |
|     phi_ln105_30_reg_1168    |   16   |
|     phi_ln105_31_reg_1177    |   16   |
|     phi_ln105_32_reg_1186    |   16   |
|     phi_ln105_33_reg_1195    |   16   |
|     phi_ln105_34_reg_1204    |   16   |
|     phi_ln105_35_reg_1213    |   16   |
|     phi_ln105_36_reg_1222    |   16   |
|     phi_ln105_37_reg_1231    |   16   |
|     phi_ln105_38_reg_1240    |   16   |
|     phi_ln105_39_reg_1249    |   16   |
|      phi_ln105_3_reg_925     |   16   |
|     phi_ln105_40_reg_1258    |   16   |
|     phi_ln105_41_reg_1267    |   16   |
|     phi_ln105_42_reg_1276    |   16   |
|     phi_ln105_43_reg_1285    |   16   |
|     phi_ln105_44_reg_1294    |   16   |
|     phi_ln105_45_reg_1303    |   16   |
|     phi_ln105_46_reg_1312    |   16   |
|     phi_ln105_47_reg_1321    |   16   |
|     phi_ln105_48_reg_1330    |   16   |
|     phi_ln105_49_reg_1339    |   16   |
|      phi_ln105_4_reg_934     |   16   |
|     phi_ln105_50_reg_1348    |   16   |
|     phi_ln105_51_reg_1357    |   16   |
|     phi_ln105_52_reg_1366    |   16   |
|     phi_ln105_53_reg_1375    |   16   |
|     phi_ln105_54_reg_1384    |   16   |
|     phi_ln105_55_reg_1393    |   16   |
|     phi_ln105_56_reg_1402    |   16   |
|     phi_ln105_57_reg_1411    |   16   |
|     phi_ln105_58_reg_1420    |   16   |
|     phi_ln105_59_reg_1429    |   16   |
|      phi_ln105_5_reg_943     |   16   |
|     phi_ln105_60_reg_1438    |   16   |
|     phi_ln105_61_reg_1447    |   16   |
|     phi_ln105_62_reg_1456    |   16   |
|     phi_ln105_63_reg_1465    |   16   |
|      phi_ln105_6_reg_952     |   16   |
|      phi_ln105_7_reg_961     |   16   |
|      phi_ln105_8_reg_970     |   16   |
|      phi_ln105_9_reg_979     |   16   |
|       phi_ln105_reg_898      |   16   |
|     start_k_read_reg_2556    |    3   |
+------------------------------+--------+
|             Total            |  3128  |
+------------------------------+--------+

* Multiplexer (MUX) list: 
|----------------------------------------------------|------|------|------|--------||---------||---------|
|                        Comp                        |  Pin | Size |  BW  | S x BW ||  Delay  ||   LUT   |
|----------------------------------------------------|------|------|------|--------||---------||---------|
| grp_tile_process_Pipeline_compute_pipeline_fu_1474 |  p1  |   2  |   3  |    6   ||    9    |
| grp_tile_process_Pipeline_compute_pipeline_fu_1474 |  p2  |   2  |  16  |   32   ||    9    |
| grp_tile_process_Pipeline_compute_pipeline_fu_1474 |  p3  |   2  |  16  |   32   ||    9    |
| grp_tile_process_Pipeline_compute_pipeline_fu_1474 |  p4  |   2  |  16  |   32   ||    9    |
| grp_tile_process_Pipeline_compute_pipeline_fu_1474 |  p5  |   2  |  16  |   32   ||    9    |
| grp_tile_process_Pipeline_compute_pipeline_fu_1474 |  p6  |   2  |  16  |   32   ||    9    |
| grp_tile_process_Pipeline_compute_pipeline_fu_1474 |  p7  |   2  |  16  |   32   ||    9    |
| grp_tile_process_Pipeline_compute_pipeline_fu_1474 |  p8  |   2  |  16  |   32   ||    9    |
| grp_tile_process_Pipeline_compute_pipeline_fu_1474 |  p9  |   2  |  16  |   32   ||    9    |
| grp_tile_process_Pipeline_compute_pipeline_fu_1474 |  p10 |   2  |  16  |   32   ||    9    |
| grp_tile_process_Pipeline_compute_pipeline_fu_1474 |  p11 |   2  |  16  |   32   ||    9    |
| grp_tile_process_Pipeline_compute_pipeline_fu_1474 |  p12 |   2  |  16  |   32   ||    9    |
| grp_tile_process_Pipeline_compute_pipeline_fu_1474 |  p13 |   2  |  16  |   32   ||    9    |
| grp_tile_process_Pipeline_compute_pipeline_fu_1474 |  p14 |   2  |  16  |   32   ||    9    |
| grp_tile_process_Pipeline_compute_pipeline_fu_1474 |  p15 |   2  |  16  |   32   ||    9    |
| grp_tile_process_Pipeline_compute_pipeline_fu_1474 |  p16 |   2  |  16  |   32   ||    9    |
| grp_tile_process_Pipeline_compute_pipeline_fu_1474 |  p17 |   2  |  16  |   32   ||    9    |
| grp_tile_process_Pipeline_compute_pipeline_fu_1474 |  p18 |   2  |  16  |   32   ||    9    |
| grp_tile_process_Pipeline_compute_pipeline_fu_1474 |  p19 |   2  |  16  |   32   ||    9    |
| grp_tile_process_Pipeline_compute_pipeline_fu_1474 |  p20 |   2  |  16  |   32   ||    9    |
| grp_tile_process_Pipeline_compute_pipeline_fu_1474 |  p21 |   2  |  16  |   32   ||    9    |
| grp_tile_process_Pipeline_compute_pipeline_fu_1474 |  p22 |   2  |  16  |   32   ||    9    |
| grp_tile_process_Pipeline_compute_pipeline_fu_1474 |  p23 |   2  |  16  |   32   ||    9    |
| grp_tile_process_Pipeline_compute_pipeline_fu_1474 |  p24 |   2  |  16  |   32   ||    9    |
| grp_tile_process_Pipeline_compute_pipeline_fu_1474 |  p25 |   2  |  16  |   32   ||    9    |
| grp_tile_process_Pipeline_compute_pipeline_fu_1474 |  p26 |   2  |  16  |   32   ||    9    |
| grp_tile_process_Pipeline_compute_pipeline_fu_1474 |  p27 |   2  |  16  |   32   ||    9    |
| grp_tile_process_Pipeline_compute_pipeline_fu_1474 |  p28 |   2  |  16  |   32   ||    9    |
| grp_tile_process_Pipeline_compute_pipeline_fu_1474 |  p29 |   2  |  16  |   32   ||    9    |
| grp_tile_process_Pipeline_compute_pipeline_fu_1474 |  p30 |   2  |  16  |   32   ||    9    |
| grp_tile_process_Pipeline_compute_pipeline_fu_1474 |  p31 |   2  |  16  |   32   ||    9    |
| grp_tile_process_Pipeline_compute_pipeline_fu_1474 |  p32 |   2  |  16  |   32   ||    9    |
| grp_tile_process_Pipeline_compute_pipeline_fu_1474 |  p33 |   2  |  16  |   32   ||    9    |
| grp_tile_process_Pipeline_compute_pipeline_fu_1474 |  p34 |   2  |  16  |   32   ||    9    |
| grp_tile_process_Pipeline_compute_pipeline_fu_1474 |  p35 |   2  |  16  |   32   ||    9    |
| grp_tile_process_Pipeline_compute_pipeline_fu_1474 |  p36 |   2  |  16  |   32   ||    9    |
| grp_tile_process_Pipeline_compute_pipeline_fu_1474 |  p37 |   2  |  16  |   32   ||    9    |
| grp_tile_process_Pipeline_compute_pipeline_fu_1474 |  p38 |   2  |  16  |   32   ||    9    |
| grp_tile_process_Pipeline_compute_pipeline_fu_1474 |  p39 |   2  |  16  |   32   ||    9    |
| grp_tile_process_Pipeline_compute_pipeline_fu_1474 |  p40 |   2  |  16  |   32   ||    9    |
| grp_tile_process_Pipeline_compute_pipeline_fu_1474 |  p41 |   2  |  16  |   32   ||    9    |
| grp_tile_process_Pipeline_compute_pipeline_fu_1474 |  p42 |   2  |  16  |   32   ||    9    |
| grp_tile_process_Pipeline_compute_pipeline_fu_1474 |  p43 |   2  |  16  |   32   ||    9    |
| grp_tile_process_Pipeline_compute_pipeline_fu_1474 |  p44 |   2  |  16  |   32   ||    9    |
| grp_tile_process_Pipeline_compute_pipeline_fu_1474 |  p45 |   2  |  16  |   32   ||    9    |
| grp_tile_process_Pipeline_compute_pipeline_fu_1474 |  p46 |   2  |  16  |   32   ||    9    |
| grp_tile_process_Pipeline_compute_pipeline_fu_1474 |  p47 |   2  |  16  |   32   ||    9    |
| grp_tile_process_Pipeline_compute_pipeline_fu_1474 |  p48 |   2  |  16  |   32   ||    9    |
| grp_tile_process_Pipeline_compute_pipeline_fu_1474 |  p49 |   2  |  16  |   32   ||    9    |
| grp_tile_process_Pipeline_compute_pipeline_fu_1474 |  p50 |   2  |  16  |   32   ||    9    |
| grp_tile_process_Pipeline_compute_pipeline_fu_1474 |  p51 |   2  |  16  |   32   ||    9    |
| grp_tile_process_Pipeline_compute_pipeline_fu_1474 |  p52 |   2  |  16  |   32   ||    9    |
| grp_tile_process_Pipeline_compute_pipeline_fu_1474 |  p53 |   2  |  16  |   32   ||    9    |
| grp_tile_process_Pipeline_compute_pipeline_fu_1474 |  p54 |   2  |  16  |   32   ||    9    |
| grp_tile_process_Pipeline_compute_pipeline_fu_1474 |  p55 |   2  |  16  |   32   ||    9    |
| grp_tile_process_Pipeline_compute_pipeline_fu_1474 |  p56 |   2  |  16  |   32   ||    9    |
| grp_tile_process_Pipeline_compute_pipeline_fu_1474 |  p57 |   2  |  16  |   32   ||    9    |
| grp_tile_process_Pipeline_compute_pipeline_fu_1474 |  p58 |   2  |  16  |   32   ||    9    |
| grp_tile_process_Pipeline_compute_pipeline_fu_1474 |  p59 |   2  |  16  |   32   ||    9    |
| grp_tile_process_Pipeline_compute_pipeline_fu_1474 |  p60 |   2  |  16  |   32   ||    9    |
| grp_tile_process_Pipeline_compute_pipeline_fu_1474 |  p61 |   2  |  16  |   32   ||    9    |
| grp_tile_process_Pipeline_compute_pipeline_fu_1474 |  p62 |   2  |  16  |   32   ||    9    |
| grp_tile_process_Pipeline_compute_pipeline_fu_1474 |  p63 |   2  |  16  |   32   ||    9    |
| grp_tile_process_Pipeline_compute_pipeline_fu_1474 |  p64 |   2  |  16  |   32   ||    9    |
| grp_tile_process_Pipeline_compute_pipeline_fu_1474 |  p65 |   2  |  16  |   32   ||    9    |
| grp_tile_process_Pipeline_compute_pipeline_fu_1474 |  p66 |   2  |   4  |    8   ||    9    |
| grp_tile_process_Pipeline_compute_pipeline_fu_1474 |  p67 |   2  |  32  |   64   ||    9    |
| grp_tile_process_Pipeline_compute_pipeline_fu_1474 |  p76 |   2  |   1  |    2   ||    9    |
| grp_tile_process_Pipeline_compute_pipeline_fu_1474 |  p77 |   2  |   1  |    2   ||    9    |
| grp_tile_process_Pipeline_compute_pipeline_fu_1474 |  p79 |   2  |   1  |    2   ||    9    |
| grp_tile_process_Pipeline_compute_pipeline_fu_1474 |  p81 |   2  |   1  |    2   ||    9    |
| grp_tile_process_Pipeline_compute_pipeline_fu_1474 |  p83 |   2  |   1  |    2   ||    9    |
| grp_tile_process_Pipeline_compute_pipeline_fu_1474 |  p85 |   2  |   1  |    2   ||    9    |
| grp_tile_process_Pipeline_compute_pipeline_fu_1474 |  p87 |   2  |   1  |    2   ||    9    |
| grp_tile_process_Pipeline_compute_pipeline_fu_1474 |  p89 |   2  |   1  |    2   ||    9    |
| grp_tile_process_Pipeline_compute_pipeline_fu_1474 |  p91 |   2  |   1  |    2   ||    9    |
| grp_tile_process_Pipeline_compute_pipeline_fu_1474 |  p93 |   2  |   1  |    2   ||    9    |
| grp_tile_process_Pipeline_compute_pipeline_fu_1474 |  p94 |   2  |   1  |    2   ||    9    |
| grp_tile_process_Pipeline_compute_pipeline_fu_1474 |  p95 |   2  |   1  |    2   ||    9    |
| grp_tile_process_Pipeline_compute_pipeline_fu_1474 |  p96 |   2  |   1  |    2   ||    9    |
| grp_tile_process_Pipeline_compute_pipeline_fu_1474 |  p97 |   2  |   1  |    2   ||    9    |
| grp_tile_process_Pipeline_compute_pipeline_fu_1474 |  p98 |   2  |   1  |    2   ||    9    |
| grp_tile_process_Pipeline_compute_pipeline_fu_1474 |  p99 |   2  |   1  |    2   ||    9    |
|----------------------------------------------------|------|------|------|--------||---------||---------|
|                        Total                       |      |      |      |  2158  ||  35.441 ||   747   |
|----------------------------------------------------|------|------|------|--------||---------||---------|



* Summary:
+-----------+--------+--------+--------+--------+
|           |   DSP  |  Delay |   FF   |   LUT  |
+-----------+--------+--------+--------+--------+
|  Function |   64   |   64   |  2563  |  2686  |
|   Memory  |    -   |    -   |    -   |    -   |
|Multiplexer|    -   |   35   |    -   |   747  |
|  Register |    -   |    -   |  3128  |    -   |
+-----------+--------+--------+--------+--------+
|   Total   |   64   |   100  |  5691  |  3433  |
+-----------+--------+--------+--------+--------+
