

================================================================
== Vitis HLS Report for 'tile_process_Pipeline_compute_pipeline'
================================================================
* Date:           Sat Jun  6 17:47:14 2026

* Version:        2023.2 (Build 4023990 on Oct 11 2023)
* Project:        hls_prj
* Solution:       s1 (Vivado IP Flow Target)
* Product family: zynquplus
* Target device:  xck26-sfvc784-2LV-c


================================================================
== Performance Estimates
================================================================
+ Timing: 
    * Summary: 
    +--------+---------+----------+------------+
    |  Clock |  Target | Estimated| Uncertainty|
    +--------+---------+----------+------------+
    |ap_clk  |  3.30 ns|  2.066 ns|     0.89 ns|
    +--------+---------+----------+------------+

+ Latency: 
    * Summary: 
    +---------+---------+-----------+-----------+-----+-----+---------+
    |  Latency (cycles) |   Latency (absolute)  |  Interval | Pipeline|
    |   min   |   max   |    min    |    max    | min | max |   Type  |
    +---------+---------+-----------+-----------+-----+-----+---------+
    |       13|       13|  42.900 ns|  42.900 ns|   13|   13|       no|
    +---------+---------+-----------+-----------+-----+-----+---------+

    + Detail: 
        * Instance: 
        N/A

        * Loop: 
        +--------------------+---------+---------+----------+-----------+-----------+------+----------+
        |                    |  Latency (cycles) | Iteration|  Initiation Interval  | Trip |          |
        |      Loop Name     |   min   |   max   |  Latency |  achieved |   target  | Count| Pipelined|
        +--------------------+---------+---------+----------+-----------+-----------+------+----------+
        |- compute_pipeline  |       11|       11|         5|          1|          1|     8|       yes|
        +--------------------+---------+---------+----------+-----------+-----------+------+----------+

============================================================
+ Verbose Summary: Synthesis Manager
============================================================
InlineROM: 1
ExposeGlobal: 0
============================================================
+ Verbose Summary: CDFG Model
============================================================
IsTopModel: 0
ResetActiveHigh: 1
IsCombinational: 0
IsDatapathOnly: 0
HasWiredReturn: 1
HasMFsm: 2
HasVarLatency: 1
IsPipeline: 0
IsRtlPipelined: 0
IsInstanceOverlapped: 0
IsDontTouch: 0
HasImplIP: 0
IsGatedGlobalClock: 0

+ Individual pipeline summary: 
  * Pipeline-0: initiation interval (II) = 1, depth = 6


============================================================
+ Verbose Summary: Schedule
============================================================
* Number of FSM states : 6
* Pipeline : 1
  Pipeline-0 : II = 1, D = 6, States = { 1 2 3 4 5 6 }
* Dataflow Pipeline: 0

* FSM state transitions: 
1 --> 2 
2 --> 3 
3 --> 4 
4 --> 5 
5 --> 6 
6 --> 

* FSM state operations: 

State 1 <SV = 0> <Delay = 0.42>
ST_1 : Operation 8 [1/1] (0.00ns)   --->   "%c_row_major_0_0_0 = alloca i32 1"   --->   Operation 8 'alloca' 'c_row_major_0_0_0' <Predicate = true> <Delay = 0.00>
ST_1 : Operation 9 [1/1] (0.00ns)   --->   "%c_row_major_0_1_0 = alloca i32 1"   --->   Operation 9 'alloca' 'c_row_major_0_1_0' <Predicate = true> <Delay = 0.00>
ST_1 : Operation 10 [1/1] (0.00ns)   --->   "%c_row_major_0_2_0 = alloca i32 1"   --->   Operation 10 'alloca' 'c_row_major_0_2_0' <Predicate = true> <Delay = 0.00>
ST_1 : Operation 11 [1/1] (0.00ns)   --->   "%c_row_major_0_3_0 = alloca i32 1"   --->   Operation 11 'alloca' 'c_row_major_0_3_0' <Predicate = true> <Delay = 0.00>
ST_1 : Operation 12 [1/1] (0.00ns)   --->   "%c_row_major_0_4_0 = alloca i32 1"   --->   Operation 12 'alloca' 'c_row_major_0_4_0' <Predicate = true> <Delay = 0.00>
ST_1 : Operation 13 [1/1] (0.00ns)   --->   "%c_row_major_0_5_0 = alloca i32 1"   --->   Operation 13 'alloca' 'c_row_major_0_5_0' <Predicate = true> <Delay = 0.00>
ST_1 : Operation 14 [1/1] (0.00ns)   --->   "%c_row_major_0_6_0 = alloca i32 1"   --->   Operation 14 'alloca' 'c_row_major_0_6_0' <Predicate = true> <Delay = 0.00>
ST_1 : Operation 15 [1/1] (0.00ns)   --->   "%c_row_major_0_7_0 = alloca i32 1"   --->   Operation 15 'alloca' 'c_row_major_0_7_0' <Predicate = true> <Delay = 0.00>
ST_1 : Operation 16 [1/1] (0.00ns)   --->   "%c_row_major_1_0_0 = alloca i32 1"   --->   Operation 16 'alloca' 'c_row_major_1_0_0' <Predicate = true> <Delay = 0.00>
ST_1 : Operation 17 [1/1] (0.00ns)   --->   "%c_row_major_1_1_0 = alloca i32 1"   --->   Operation 17 'alloca' 'c_row_major_1_1_0' <Predicate = true> <Delay = 0.00>
ST_1 : Operation 18 [1/1] (0.00ns)   --->   "%c_row_major_1_2_0 = alloca i32 1"   --->   Operation 18 'alloca' 'c_row_major_1_2_0' <Predicate = true> <Delay = 0.00>
ST_1 : Operation 19 [1/1] (0.00ns)   --->   "%c_row_major_1_3_0 = alloca i32 1"   --->   Operation 19 'alloca' 'c_row_major_1_3_0' <Predicate = true> <Delay = 0.00>
ST_1 : Operation 20 [1/1] (0.00ns)   --->   "%c_row_major_1_4_0 = alloca i32 1"   --->   Operation 20 'alloca' 'c_row_major_1_4_0' <Predicate = true> <Delay = 0.00>
ST_1 : Operation 21 [1/1] (0.00ns)   --->   "%c_row_major_1_5_0 = alloca i32 1"   --->   Operation 21 'alloca' 'c_row_major_1_5_0' <Predicate = true> <Delay = 0.00>
ST_1 : Operation 22 [1/1] (0.00ns)   --->   "%c_row_major_1_6_0 = alloca i32 1"   --->   Operation 22 'alloca' 'c_row_major_1_6_0' <Predicate = true> <Delay = 0.00>
ST_1 : Operation 23 [1/1] (0.00ns)   --->   "%c_row_major_1_7_0 = alloca i32 1"   --->   Operation 23 'alloca' 'c_row_major_1_7_0' <Predicate = true> <Delay = 0.00>
ST_1 : Operation 24 [1/1] (0.00ns)   --->   "%c_row_major_2_0_0 = alloca i32 1"   --->   Operation 24 'alloca' 'c_row_major_2_0_0' <Predicate = true> <Delay = 0.00>
ST_1 : Operation 25 [1/1] (0.00ns)   --->   "%c_row_major_2_1_0 = alloca i32 1"   --->   Operation 25 'alloca' 'c_row_major_2_1_0' <Predicate = true> <Delay = 0.00>
ST_1 : Operation 26 [1/1] (0.00ns)   --->   "%c_row_major_2_2_0 = alloca i32 1"   --->   Operation 26 'alloca' 'c_row_major_2_2_0' <Predicate = true> <Delay = 0.00>
ST_1 : Operation 27 [1/1] (0.00ns)   --->   "%c_row_major_2_3_0 = alloca i32 1"   --->   Operation 27 'alloca' 'c_row_major_2_3_0' <Predicate = true> <Delay = 0.00>
ST_1 : Operation 28 [1/1] (0.00ns)   --->   "%c_row_major_2_4_0 = alloca i32 1"   --->   Operation 28 'alloca' 'c_row_major_2_4_0' <Predicate = true> <Delay = 0.00>
ST_1 : Operation 29 [1/1] (0.00ns)   --->   "%c_row_major_2_5_0 = alloca i32 1"   --->   Operation 29 'alloca' 'c_row_major_2_5_0' <Predicate = true> <Delay = 0.00>
ST_1 : Operation 30 [1/1] (0.00ns)   --->   "%c_row_major_2_6_0 = alloca i32 1"   --->   Operation 30 'alloca' 'c_row_major_2_6_0' <Predicate = true> <Delay = 0.00>
ST_1 : Operation 31 [1/1] (0.00ns)   --->   "%c_row_major_2_7_0 = alloca i32 1"   --->   Operation 31 'alloca' 'c_row_major_2_7_0' <Predicate = true> <Delay = 0.00>
ST_1 : Operation 32 [1/1] (0.00ns)   --->   "%c_row_major_3_0_0 = alloca i32 1"   --->   Operation 32 'alloca' 'c_row_major_3_0_0' <Predicate = true> <Delay = 0.00>
ST_1 : Operation 33 [1/1] (0.00ns)   --->   "%c_row_major_3_1_0 = alloca i32 1"   --->   Operation 33 'alloca' 'c_row_major_3_1_0' <Predicate = true> <Delay = 0.00>
ST_1 : Operation 34 [1/1] (0.00ns)   --->   "%c_row_major_3_2_0 = alloca i32 1"   --->   Operation 34 'alloca' 'c_row_major_3_2_0' <Predicate = true> <Delay = 0.00>
ST_1 : Operation 35 [1/1] (0.00ns)   --->   "%c_row_major_3_3_0 = alloca i32 1"   --->   Operation 35 'alloca' 'c_row_major_3_3_0' <Predicate = true> <Delay = 0.00>
ST_1 : Operation 36 [1/1] (0.00ns)   --->   "%c_row_major_3_4_0 = alloca i32 1"   --->   Operation 36 'alloca' 'c_row_major_3_4_0' <Predicate = true> <Delay = 0.00>
ST_1 : Operation 37 [1/1] (0.00ns)   --->   "%c_row_major_3_5_0 = alloca i32 1"   --->   Operation 37 'alloca' 'c_row_major_3_5_0' <Predicate = true> <Delay = 0.00>
ST_1 : Operation 38 [1/1] (0.00ns)   --->   "%c_row_major_3_6_0 = alloca i32 1"   --->   Operation 38 'alloca' 'c_row_major_3_6_0' <Predicate = true> <Delay = 0.00>
ST_1 : Operation 39 [1/1] (0.00ns)   --->   "%c_row_major_3_7_0 = alloca i32 1"   --->   Operation 39 'alloca' 'c_row_major_3_7_0' <Predicate = true> <Delay = 0.00>
ST_1 : Operation 40 [1/1] (0.00ns)   --->   "%c_row_major_4_0_0 = alloca i32 1"   --->   Operation 40 'alloca' 'c_row_major_4_0_0' <Predicate = true> <Delay = 0.00>
ST_1 : Operation 41 [1/1] (0.00ns)   --->   "%c_row_major_4_1_0 = alloca i32 1"   --->   Operation 41 'alloca' 'c_row_major_4_1_0' <Predicate = true> <Delay = 0.00>
ST_1 : Operation 42 [1/1] (0.00ns)   --->   "%c_row_major_4_2_0 = alloca i32 1"   --->   Operation 42 'alloca' 'c_row_major_4_2_0' <Predicate = true> <Delay = 0.00>
ST_1 : Operation 43 [1/1] (0.00ns)   --->   "%c_row_major_4_3_0 = alloca i32 1"   --->   Operation 43 'alloca' 'c_row_major_4_3_0' <Predicate = true> <Delay = 0.00>
ST_1 : Operation 44 [1/1] (0.00ns)   --->   "%c_row_major_4_4_0 = alloca i32 1"   --->   Operation 44 'alloca' 'c_row_major_4_4_0' <Predicate = true> <Delay = 0.00>
ST_1 : Operation 45 [1/1] (0.00ns)   --->   "%c_row_major_4_5_0 = alloca i32 1"   --->   Operation 45 'alloca' 'c_row_major_4_5_0' <Predicate = true> <Delay = 0.00>
ST_1 : Operation 46 [1/1] (0.00ns)   --->   "%c_row_major_4_6_0 = alloca i32 1"   --->   Operation 46 'alloca' 'c_row_major_4_6_0' <Predicate = true> <Delay = 0.00>
ST_1 : Operation 47 [1/1] (0.00ns)   --->   "%c_row_major_4_7_0 = alloca i32 1"   --->   Operation 47 'alloca' 'c_row_major_4_7_0' <Predicate = true> <Delay = 0.00>
ST_1 : Operation 48 [1/1] (0.00ns)   --->   "%c_row_major_5_0_0 = alloca i32 1"   --->   Operation 48 'alloca' 'c_row_major_5_0_0' <Predicate = true> <Delay = 0.00>
ST_1 : Operation 49 [1/1] (0.00ns)   --->   "%c_row_major_5_1_0 = alloca i32 1"   --->   Operation 49 'alloca' 'c_row_major_5_1_0' <Predicate = true> <Delay = 0.00>
ST_1 : Operation 50 [1/1] (0.00ns)   --->   "%c_row_major_5_2_0 = alloca i32 1"   --->   Operation 50 'alloca' 'c_row_major_5_2_0' <Predicate = true> <Delay = 0.00>
ST_1 : Operation 51 [1/1] (0.00ns)   --->   "%c_row_major_5_3_0 = alloca i32 1"   --->   Operation 51 'alloca' 'c_row_major_5_3_0' <Predicate = true> <Delay = 0.00>
ST_1 : Operation 52 [1/1] (0.00ns)   --->   "%c_row_major_5_4_0 = alloca i32 1"   --->   Operation 52 'alloca' 'c_row_major_5_4_0' <Predicate = true> <Delay = 0.00>
ST_1 : Operation 53 [1/1] (0.00ns)   --->   "%c_row_major_5_5_0 = alloca i32 1"   --->   Operation 53 'alloca' 'c_row_major_5_5_0' <Predicate = true> <Delay = 0.00>
ST_1 : Operation 54 [1/1] (0.00ns)   --->   "%c_row_major_5_6_0 = alloca i32 1"   --->   Operation 54 'alloca' 'c_row_major_5_6_0' <Predicate = true> <Delay = 0.00>
ST_1 : Operation 55 [1/1] (0.00ns)   --->   "%c_row_major_5_7_0 = alloca i32 1"   --->   Operation 55 'alloca' 'c_row_major_5_7_0' <Predicate = true> <Delay = 0.00>
ST_1 : Operation 56 [1/1] (0.00ns)   --->   "%c_row_major_6_0_0 = alloca i32 1"   --->   Operation 56 'alloca' 'c_row_major_6_0_0' <Predicate = true> <Delay = 0.00>
ST_1 : Operation 57 [1/1] (0.00ns)   --->   "%c_row_major_6_1_0 = alloca i32 1"   --->   Operation 57 'alloca' 'c_row_major_6_1_0' <Predicate = true> <Delay = 0.00>
ST_1 : Operation 58 [1/1] (0.00ns)   --->   "%c_row_major_6_2_0 = alloca i32 1"   --->   Operation 58 'alloca' 'c_row_major_6_2_0' <Predicate = true> <Delay = 0.00>
ST_1 : Operation 59 [1/1] (0.00ns)   --->   "%c_row_major_6_3_0 = alloca i32 1"   --->   Operation 59 'alloca' 'c_row_major_6_3_0' <Predicate = true> <Delay = 0.00>
ST_1 : Operation 60 [1/1] (0.00ns)   --->   "%c_row_major_6_4_0 = alloca i32 1"   --->   Operation 60 'alloca' 'c_row_major_6_4_0' <Predicate = true> <Delay = 0.00>
ST_1 : Operation 61 [1/1] (0.00ns)   --->   "%c_row_major_6_5_0 = alloca i32 1"   --->   Operation 61 'alloca' 'c_row_major_6_5_0' <Predicate = true> <Delay = 0.00>
ST_1 : Operation 62 [1/1] (0.00ns)   --->   "%c_row_major_6_6_0 = alloca i32 1"   --->   Operation 62 'alloca' 'c_row_major_6_6_0' <Predicate = true> <Delay = 0.00>
ST_1 : Operation 63 [1/1] (0.00ns)   --->   "%c_row_major_6_7_0 = alloca i32 1"   --->   Operation 63 'alloca' 'c_row_major_6_7_0' <Predicate = true> <Delay = 0.00>
ST_1 : Operation 64 [1/1] (0.00ns)   --->   "%c_row_major_7_0_0 = alloca i32 1"   --->   Operation 64 'alloca' 'c_row_major_7_0_0' <Predicate = true> <Delay = 0.00>
ST_1 : Operation 65 [1/1] (0.00ns)   --->   "%c_row_major_7_1_0 = alloca i32 1"   --->   Operation 65 'alloca' 'c_row_major_7_1_0' <Predicate = true> <Delay = 0.00>
ST_1 : Operation 66 [1/1] (0.00ns)   --->   "%c_row_major_7_2_0 = alloca i32 1"   --->   Operation 66 'alloca' 'c_row_major_7_2_0' <Predicate = true> <Delay = 0.00>
ST_1 : Operation 67 [1/1] (0.00ns)   --->   "%c_row_major_7_3_0 = alloca i32 1"   --->   Operation 67 'alloca' 'c_row_major_7_3_0' <Predicate = true> <Delay = 0.00>
ST_1 : Operation 68 [1/1] (0.00ns)   --->   "%c_row_major_7_4_0 = alloca i32 1"   --->   Operation 68 'alloca' 'c_row_major_7_4_0' <Predicate = true> <Delay = 0.00>
ST_1 : Operation 69 [1/1] (0.00ns)   --->   "%c_row_major_7_5_0 = alloca i32 1"   --->   Operation 69 'alloca' 'c_row_major_7_5_0' <Predicate = true> <Delay = 0.00>
ST_1 : Operation 70 [1/1] (0.00ns)   --->   "%c_row_major_7_6_0 = alloca i32 1"   --->   Operation 70 'alloca' 'c_row_major_7_6_0' <Predicate = true> <Delay = 0.00>
ST_1 : Operation 71 [1/1] (0.00ns)   --->   "%c_row_major_7_7_0 = alloca i32 1"   --->   Operation 71 'alloca' 'c_row_major_7_7_0' <Predicate = true> <Delay = 0.00>
ST_1 : Operation 72 [1/1] (0.00ns)   --->   "%k = alloca i32 1" [mmult.cpp:81]   --->   Operation 72 'alloca' 'k' <Predicate = true> <Delay = 0.00>
ST_1 : Operation 73 [1/1] (0.00ns)   --->   "%icmp15_read = read i1 @_ssdm_op_Read.ap_auto.i1, i1 %icmp15"   --->   Operation 73 'read' 'icmp15_read' <Predicate = true> <Delay = 0.00>
ST_1 : Operation 74 [1/1] (0.00ns)   --->   "%cmp9_6_not_read = read i1 @_ssdm_op_Read.ap_auto.i1, i1 %cmp9_6_not"   --->   Operation 74 'read' 'cmp9_6_not_read' <Predicate = true> <Delay = 0.00>
ST_1 : Operation 75 [1/1] (0.00ns)   --->   "%cmp9_5_not_read = read i1 @_ssdm_op_Read.ap_auto.i1, i1 %cmp9_5_not"   --->   Operation 75 'read' 'cmp9_5_not_read' <Predicate = true> <Delay = 0.00>
ST_1 : Operation 76 [1/1] (0.00ns)   --->   "%cmp9_4_not_read = read i1 @_ssdm_op_Read.ap_auto.i1, i1 %cmp9_4_not"   --->   Operation 76 'read' 'cmp9_4_not_read' <Predicate = true> <Delay = 0.00>
ST_1 : Operation 77 [1/1] (0.00ns)   --->   "%icmp12_read = read i1 @_ssdm_op_Read.ap_auto.i1, i1 %icmp12"   --->   Operation 77 'read' 'icmp12_read' <Predicate = true> <Delay = 0.00>
ST_1 : Operation 78 [1/1] (0.00ns)   --->   "%cmp9_2_not_read = read i1 @_ssdm_op_Read.ap_auto.i1, i1 %cmp9_2_not"   --->   Operation 78 'read' 'cmp9_2_not_read' <Predicate = true> <Delay = 0.00>
ST_1 : Operation 79 [1/1] (0.00ns)   --->   "%icmp9_read = read i1 @_ssdm_op_Read.ap_auto.i1, i1 %icmp9"   --->   Operation 79 'read' 'icmp9_read' <Predicate = true> <Delay = 0.00>
ST_1 : Operation 80 [1/1] (0.00ns)   --->   "%icmp6_read = read i1 @_ssdm_op_Read.ap_auto.i1, i1 %icmp6"   --->   Operation 80 'read' 'icmp6_read' <Predicate = true> <Delay = 0.00>
ST_1 : Operation 81 [1/1] (0.00ns)   --->   "%cmp15_6152_read = read i1 @_ssdm_op_Read.ap_auto.i1, i1 %cmp15_6152"   --->   Operation 81 'read' 'cmp15_6152_read' <Predicate = true> <Delay = 0.00>
ST_1 : Operation 82 [1/1] (0.00ns)   --->   "%cmp15_5124_read = read i1 @_ssdm_op_Read.ap_auto.i1, i1 %cmp15_5124"   --->   Operation 82 'read' 'cmp15_5124_read' <Predicate = true> <Delay = 0.00>
ST_1 : Operation 83 [1/1] (0.00ns)   --->   "%cmp15_496_read = read i1 @_ssdm_op_Read.ap_auto.i1, i1 %cmp15_496"   --->   Operation 83 'read' 'cmp15_496_read' <Predicate = true> <Delay = 0.00>
ST_1 : Operation 84 [1/1] (0.00ns)   --->   "%icmp3_read = read i1 @_ssdm_op_Read.ap_auto.i1, i1 %icmp3"   --->   Operation 84 'read' 'icmp3_read' <Predicate = true> <Delay = 0.00>
ST_1 : Operation 85 [1/1] (0.00ns)   --->   "%cmp15_240_read = read i1 @_ssdm_op_Read.ap_auto.i1, i1 %cmp15_240"   --->   Operation 85 'read' 'cmp15_240_read' <Predicate = true> <Delay = 0.00>
ST_1 : Operation 86 [1/1] (0.00ns)   --->   "%icmp_read = read i1 @_ssdm_op_Read.ap_auto.i1, i1 %icmp"   --->   Operation 86 'read' 'icmp_read' <Predicate = true> <Delay = 0.00>
ST_1 : Operation 87 [1/1] (0.00ns)   --->   "%cmp15_read = read i1 @_ssdm_op_Read.ap_auto.i1, i1 %cmp15"   --->   Operation 87 'read' 'cmp15_read' <Predicate = true> <Delay = 0.00>
ST_1 : Operation 88 [1/1] (0.00ns)   --->   "%cmp9_not_read = read i1 @_ssdm_op_Read.ap_auto.i1, i1 %cmp9_not"   --->   Operation 88 'read' 'cmp9_not_read' <Predicate = true> <Delay = 0.00>
ST_1 : Operation 89 [1/1] (0.00ns)   --->   "%sext_ln81_read = read i32 @_ssdm_op_Read.ap_auto.i32, i32 %sext_ln81"   --->   Operation 89 'read' 'sext_ln81_read' <Predicate = true> <Delay = 0.00>
ST_1 : Operation 90 [1/1] (0.00ns)   --->   "%wide_trip_count_read = read i4 @_ssdm_op_Read.ap_auto.i4, i4 %wide_trip_count"   --->   Operation 90 'read' 'wide_trip_count_read' <Predicate = true> <Delay = 0.00>
ST_1 : Operation 91 [1/1] (0.00ns)   --->   "%p_read_1 = read i16 @_ssdm_op_Read.ap_auto.i16, i16 %p_read"   --->   Operation 91 'read' 'p_read_1' <Predicate = true> <Delay = 0.00>
ST_1 : Operation 92 [1/1] (0.00ns)   --->   "%p_read_2 = read i16 @_ssdm_op_Read.ap_auto.i16, i16 %p_read1"   --->   Operation 92 'read' 'p_read_2' <Predicate = true> <Delay = 0.00>
ST_1 : Operation 93 [1/1] (0.00ns)   --->   "%p_read_3 = read i16 @_ssdm_op_Read.ap_auto.i16, i16 %p_read2"   --->   Operation 93 'read' 'p_read_3' <Predicate = true> <Delay = 0.00>
ST_1 : Operation 94 [1/1] (0.00ns)   --->   "%p_read_4 = read i16 @_ssdm_op_Read.ap_auto.i16, i16 %p_read3"   --->   Operation 94 'read' 'p_read_4' <Predicate = true> <Delay = 0.00>
ST_1 : Operation 95 [1/1] (0.00ns)   --->   "%p_read_5 = read i16 @_ssdm_op_Read.ap_auto.i16, i16 %p_read4"   --->   Operation 95 'read' 'p_read_5' <Predicate = true> <Delay = 0.00>
ST_1 : Operation 96 [1/1] (0.00ns)   --->   "%p_read_6 = read i16 @_ssdm_op_Read.ap_auto.i16, i16 %p_read5"   --->   Operation 96 'read' 'p_read_6' <Predicate = true> <Delay = 0.00>
ST_1 : Operation 97 [1/1] (0.00ns)   --->   "%p_read_7 = read i16 @_ssdm_op_Read.ap_auto.i16, i16 %p_read6"   --->   Operation 97 'read' 'p_read_7' <Predicate = true> <Delay = 0.00>
ST_1 : Operation 98 [1/1] (0.00ns)   --->   "%p_read_8 = read i16 @_ssdm_op_Read.ap_auto.i16, i16 %p_read7"   --->   Operation 98 'read' 'p_read_8' <Predicate = true> <Delay = 0.00>
ST_1 : Operation 99 [1/1] (0.00ns)   --->   "%p_read_9 = read i16 @_ssdm_op_Read.ap_auto.i16, i16 %p_read8"   --->   Operation 99 'read' 'p_read_9' <Predicate = true> <Delay = 0.00>
ST_1 : Operation 100 [1/1] (0.00ns)   --->   "%p_read_10 = read i16 @_ssdm_op_Read.ap_auto.i16, i16 %p_read9"   --->   Operation 100 'read' 'p_read_10' <Predicate = true> <Delay = 0.00>
ST_1 : Operation 101 [1/1] (0.00ns)   --->   "%p_read_11 = read i16 @_ssdm_op_Read.ap_auto.i16, i16 %p_read10"   --->   Operation 101 'read' 'p_read_11' <Predicate = true> <Delay = 0.00>
ST_1 : Operation 102 [1/1] (0.00ns)   --->   "%p_read_12 = read i16 @_ssdm_op_Read.ap_auto.i16, i16 %p_read11"   --->   Operation 102 'read' 'p_read_12' <Predicate = true> <Delay = 0.00>
ST_1 : Operation 103 [1/1] (0.00ns)   --->   "%p_read_13 = read i16 @_ssdm_op_Read.ap_auto.i16, i16 %p_read12"   --->   Operation 103 'read' 'p_read_13' <Predicate = true> <Delay = 0.00>
ST_1 : Operation 104 [1/1] (0.00ns)   --->   "%p_read_14 = read i16 @_ssdm_op_Read.ap_auto.i16, i16 %p_read13"   --->   Operation 104 'read' 'p_read_14' <Predicate = true> <Delay = 0.00>
ST_1 : Operation 105 [1/1] (0.00ns)   --->   "%p_read_15 = read i16 @_ssdm_op_Read.ap_auto.i16, i16 %p_read14"   --->   Operation 105 'read' 'p_read_15' <Predicate = true> <Delay = 0.00>
ST_1 : Operation 106 [1/1] (0.00ns)   --->   "%p_read_16 = read i16 @_ssdm_op_Read.ap_auto.i16, i16 %p_read15"   --->   Operation 106 'read' 'p_read_16' <Predicate = true> <Delay = 0.00>
ST_1 : Operation 107 [1/1] (0.00ns)   --->   "%p_read_17 = read i16 @_ssdm_op_Read.ap_auto.i16, i16 %p_read16"   --->   Operation 107 'read' 'p_read_17' <Predicate = true> <Delay = 0.00>
ST_1 : Operation 108 [1/1] (0.00ns)   --->   "%p_read_18 = read i16 @_ssdm_op_Read.ap_auto.i16, i16 %p_read17"   --->   Operation 108 'read' 'p_read_18' <Predicate = true> <Delay = 0.00>
ST_1 : Operation 109 [1/1] (0.00ns)   --->   "%p_read_19 = read i16 @_ssdm_op_Read.ap_auto.i16, i16 %p_read18"   --->   Operation 109 'read' 'p_read_19' <Predicate = true> <Delay = 0.00>
ST_1 : Operation 110 [1/1] (0.00ns)   --->   "%p_read_20 = read i16 @_ssdm_op_Read.ap_auto.i16, i16 %p_read19"   --->   Operation 110 'read' 'p_read_20' <Predicate = true> <Delay = 0.00>
ST_1 : Operation 111 [1/1] (0.00ns)   --->   "%p_read_21 = read i16 @_ssdm_op_Read.ap_auto.i16, i16 %p_read20"   --->   Operation 111 'read' 'p_read_21' <Predicate = true> <Delay = 0.00>
ST_1 : Operation 112 [1/1] (0.00ns)   --->   "%p_read_22 = read i16 @_ssdm_op_Read.ap_auto.i16, i16 %p_read21"   --->   Operation 112 'read' 'p_read_22' <Predicate = true> <Delay = 0.00>
ST_1 : Operation 113 [1/1] (0.00ns)   --->   "%p_read_23 = read i16 @_ssdm_op_Read.ap_auto.i16, i16 %p_read22"   --->   Operation 113 'read' 'p_read_23' <Predicate = true> <Delay = 0.00>
ST_1 : Operation 114 [1/1] (0.00ns)   --->   "%p_read_24 = read i16 @_ssdm_op_Read.ap_auto.i16, i16 %p_read23"   --->   Operation 114 'read' 'p_read_24' <Predicate = true> <Delay = 0.00>
ST_1 : Operation 115 [1/1] (0.00ns)   --->   "%p_read_25 = read i16 @_ssdm_op_Read.ap_auto.i16, i16 %p_read24"   --->   Operation 115 'read' 'p_read_25' <Predicate = true> <Delay = 0.00>
ST_1 : Operation 116 [1/1] (0.00ns)   --->   "%p_read_26 = read i16 @_ssdm_op_Read.ap_auto.i16, i16 %p_read25"   --->   Operation 116 'read' 'p_read_26' <Predicate = true> <Delay = 0.00>
ST_1 : Operation 117 [1/1] (0.00ns)   --->   "%p_read_27 = read i16 @_ssdm_op_Read.ap_auto.i16, i16 %p_read26"   --->   Operation 117 'read' 'p_read_27' <Predicate = true> <Delay = 0.00>
ST_1 : Operation 118 [1/1] (0.00ns)   --->   "%p_read_28 = read i16 @_ssdm_op_Read.ap_auto.i16, i16 %p_read27"   --->   Operation 118 'read' 'p_read_28' <Predicate = true> <Delay = 0.00>
ST_1 : Operation 119 [1/1] (0.00ns)   --->   "%p_read_29 = read i16 @_ssdm_op_Read.ap_auto.i16, i16 %p_read28"   --->   Operation 119 'read' 'p_read_29' <Predicate = true> <Delay = 0.00>
ST_1 : Operation 120 [1/1] (0.00ns)   --->   "%p_read_30 = read i16 @_ssdm_op_Read.ap_auto.i16, i16 %p_read29"   --->   Operation 120 'read' 'p_read_30' <Predicate = true> <Delay = 0.00>
ST_1 : Operation 121 [1/1] (0.00ns)   --->   "%p_read_31 = read i16 @_ssdm_op_Read.ap_auto.i16, i16 %p_read30"   --->   Operation 121 'read' 'p_read_31' <Predicate = true> <Delay = 0.00>
ST_1 : Operation 122 [1/1] (0.00ns)   --->   "%p_read_32 = read i16 @_ssdm_op_Read.ap_auto.i16, i16 %p_read31"   --->   Operation 122 'read' 'p_read_32' <Predicate = true> <Delay = 0.00>
ST_1 : Operation 123 [1/1] (0.00ns)   --->   "%p_read_33 = read i16 @_ssdm_op_Read.ap_auto.i16, i16 %p_read32"   --->   Operation 123 'read' 'p_read_33' <Predicate = true> <Delay = 0.00>
ST_1 : Operation 124 [1/1] (0.00ns)   --->   "%p_read_34 = read i16 @_ssdm_op_Read.ap_auto.i16, i16 %p_read33"   --->   Operation 124 'read' 'p_read_34' <Predicate = true> <Delay = 0.00>
ST_1 : Operation 125 [1/1] (0.00ns)   --->   "%p_read_35 = read i16 @_ssdm_op_Read.ap_auto.i16, i16 %p_read34"   --->   Operation 125 'read' 'p_read_35' <Predicate = true> <Delay = 0.00>
ST_1 : Operation 126 [1/1] (0.00ns)   --->   "%p_read_36 = read i16 @_ssdm_op_Read.ap_auto.i16, i16 %p_read35"   --->   Operation 126 'read' 'p_read_36' <Predicate = true> <Delay = 0.00>
ST_1 : Operation 127 [1/1] (0.00ns)   --->   "%p_read_37 = read i16 @_ssdm_op_Read.ap_auto.i16, i16 %p_read36"   --->   Operation 127 'read' 'p_read_37' <Predicate = true> <Delay = 0.00>
ST_1 : Operation 128 [1/1] (0.00ns)   --->   "%p_read_38 = read i16 @_ssdm_op_Read.ap_auto.i16, i16 %p_read37"   --->   Operation 128 'read' 'p_read_38' <Predicate = true> <Delay = 0.00>
ST_1 : Operation 129 [1/1] (0.00ns)   --->   "%p_read_39 = read i16 @_ssdm_op_Read.ap_auto.i16, i16 %p_read38"   --->   Operation 129 'read' 'p_read_39' <Predicate = true> <Delay = 0.00>
ST_1 : Operation 130 [1/1] (0.00ns)   --->   "%p_read_40 = read i16 @_ssdm_op_Read.ap_auto.i16, i16 %p_read39"   --->   Operation 130 'read' 'p_read_40' <Predicate = true> <Delay = 0.00>
ST_1 : Operation 131 [1/1] (0.00ns)   --->   "%p_read4028 = read i16 @_ssdm_op_Read.ap_auto.i16, i16 %p_read40"   --->   Operation 131 'read' 'p_read4028' <Predicate = true> <Delay = 0.00>
ST_1 : Operation 132 [1/1] (0.00ns)   --->   "%p_read_41 = read i16 @_ssdm_op_Read.ap_auto.i16, i16 %p_read41"   --->   Operation 132 'read' 'p_read_41' <Predicate = true> <Delay = 0.00>
ST_1 : Operation 133 [1/1] (0.00ns)   --->   "%p_read_42 = read i16 @_ssdm_op_Read.ap_auto.i16, i16 %p_read42"   --->   Operation 133 'read' 'p_read_42' <Predicate = true> <Delay = 0.00>
ST_1 : Operation 134 [1/1] (0.00ns)   --->   "%p_read_43 = read i16 @_ssdm_op_Read.ap_auto.i16, i16 %p_read43"   --->   Operation 134 'read' 'p_read_43' <Predicate = true> <Delay = 0.00>
ST_1 : Operation 135 [1/1] (0.00ns)   --->   "%p_read_44 = read i16 @_ssdm_op_Read.ap_auto.i16, i16 %p_read44"   --->   Operation 135 'read' 'p_read_44' <Predicate = true> <Delay = 0.00>
ST_1 : Operation 136 [1/1] (0.00ns)   --->   "%p_read_45 = read i16 @_ssdm_op_Read.ap_auto.i16, i16 %p_read45"   --->   Operation 136 'read' 'p_read_45' <Predicate = true> <Delay = 0.00>
ST_1 : Operation 137 [1/1] (0.00ns)   --->   "%p_read_46 = read i16 @_ssdm_op_Read.ap_auto.i16, i16 %p_read46"   --->   Operation 137 'read' 'p_read_46' <Predicate = true> <Delay = 0.00>
ST_1 : Operation 138 [1/1] (0.00ns)   --->   "%p_read_47 = read i16 @_ssdm_op_Read.ap_auto.i16, i16 %p_read47"   --->   Operation 138 'read' 'p_read_47' <Predicate = true> <Delay = 0.00>
ST_1 : Operation 139 [1/1] (0.00ns)   --->   "%p_read_48 = read i16 @_ssdm_op_Read.ap_auto.i16, i16 %p_read48"   --->   Operation 139 'read' 'p_read_48' <Predicate = true> <Delay = 0.00>
ST_1 : Operation 140 [1/1] (0.00ns)   --->   "%p_read_49 = read i16 @_ssdm_op_Read.ap_auto.i16, i16 %p_read49"   --->   Operation 140 'read' 'p_read_49' <Predicate = true> <Delay = 0.00>
ST_1 : Operation 141 [1/1] (0.00ns)   --->   "%p_read5018 = read i16 @_ssdm_op_Read.ap_auto.i16, i16 %p_read50"   --->   Operation 141 'read' 'p_read5018' <Predicate = true> <Delay = 0.00>
ST_1 : Operation 142 [1/1] (0.00ns)   --->   "%p_read_50 = read i16 @_ssdm_op_Read.ap_auto.i16, i16 %p_read51"   --->   Operation 142 'read' 'p_read_50' <Predicate = true> <Delay = 0.00>
ST_1 : Operation 143 [1/1] (0.00ns)   --->   "%p_read_51 = read i16 @_ssdm_op_Read.ap_auto.i16, i16 %p_read52"   --->   Operation 143 'read' 'p_read_51' <Predicate = true> <Delay = 0.00>
ST_1 : Operation 144 [1/1] (0.00ns)   --->   "%p_read_52 = read i16 @_ssdm_op_Read.ap_auto.i16, i16 %p_read53"   --->   Operation 144 'read' 'p_read_52' <Predicate = true> <Delay = 0.00>
ST_1 : Operation 145 [1/1] (0.00ns)   --->   "%p_read_53 = read i16 @_ssdm_op_Read.ap_auto.i16, i16 %p_read54"   --->   Operation 145 'read' 'p_read_53' <Predicate = true> <Delay = 0.00>
ST_1 : Operation 146 [1/1] (0.00ns)   --->   "%p_read_54 = read i16 @_ssdm_op_Read.ap_auto.i16, i16 %p_read55"   --->   Operation 146 'read' 'p_read_54' <Predicate = true> <Delay = 0.00>
ST_1 : Operation 147 [1/1] (0.00ns)   --->   "%p_read_55 = read i16 @_ssdm_op_Read.ap_auto.i16, i16 %p_read56"   --->   Operation 147 'read' 'p_read_55' <Predicate = true> <Delay = 0.00>
ST_1 : Operation 148 [1/1] (0.00ns)   --->   "%p_read_56 = read i16 @_ssdm_op_Read.ap_auto.i16, i16 %p_read57"   --->   Operation 148 'read' 'p_read_56' <Predicate = true> <Delay = 0.00>
ST_1 : Operation 149 [1/1] (0.00ns)   --->   "%p_read_57 = read i16 @_ssdm_op_Read.ap_auto.i16, i16 %p_read58"   --->   Operation 149 'read' 'p_read_57' <Predicate = true> <Delay = 0.00>
ST_1 : Operation 150 [1/1] (0.00ns)   --->   "%p_read_58 = read i16 @_ssdm_op_Read.ap_auto.i16, i16 %p_read59"   --->   Operation 150 'read' 'p_read_58' <Predicate = true> <Delay = 0.00>
ST_1 : Operation 151 [1/1] (0.00ns)   --->   "%p_read608 = read i16 @_ssdm_op_Read.ap_auto.i16, i16 %p_read60"   --->   Operation 151 'read' 'p_read608' <Predicate = true> <Delay = 0.00>
ST_1 : Operation 152 [1/1] (0.00ns)   --->   "%p_read617 = read i16 @_ssdm_op_Read.ap_auto.i16, i16 %p_read61"   --->   Operation 152 'read' 'p_read617' <Predicate = true> <Delay = 0.00>
ST_1 : Operation 153 [1/1] (0.00ns)   --->   "%p_read626 = read i16 @_ssdm_op_Read.ap_auto.i16, i16 %p_read62"   --->   Operation 153 'read' 'p_read626' <Predicate = true> <Delay = 0.00>
ST_1 : Operation 154 [1/1] (0.00ns)   --->   "%p_read635 = read i16 @_ssdm_op_Read.ap_auto.i16, i16 %p_read63"   --->   Operation 154 'read' 'p_read635' <Predicate = true> <Delay = 0.00>
ST_1 : Operation 155 [1/1] (0.00ns)   --->   "%zext_ln81_read = read i3 @_ssdm_op_Read.ap_auto.i3, i3 %zext_ln81"   --->   Operation 155 'read' 'zext_ln81_read' <Predicate = true> <Delay = 0.00>
ST_1 : Operation 156 [1/1] (0.00ns)   --->   "%sext_ln81_cast = sext i32 %sext_ln81_read"   --->   Operation 156 'sext' 'sext_ln81_cast' <Predicate = true> <Delay = 0.00>
ST_1 : Operation 157 [1/1] (0.00ns)   --->   "%wide_trip_count_cast = zext i4 %wide_trip_count_read"   --->   Operation 157 'zext' 'wide_trip_count_cast' <Predicate = true> <Delay = 0.00>
ST_1 : Operation 158 [1/1] (0.00ns)   --->   "%zext_ln81_cast = zext i3 %zext_ln81_read"   --->   Operation 158 'zext' 'zext_ln81_cast' <Predicate = true> <Delay = 0.00>
ST_1 : Operation 159 [1/1] (0.00ns)   --->   "%specmemcore_ln0 = specmemcore void @_ssdm_op_SpecMemCore, i8 %a_row_major_7, i64 666, i64 23, i64 18446744073709551615"   --->   Operation 159 'specmemcore' 'specmemcore_ln0' <Predicate = true> <Delay = 0.00>
ST_1 : Operation 160 [1/1] (0.00ns)   --->   "%specmemcore_ln0 = specmemcore void @_ssdm_op_SpecMemCore, i8 %a_row_major_6, i64 666, i64 23, i64 18446744073709551615"   --->   Operation 160 'specmemcore' 'specmemcore_ln0' <Predicate = true> <Delay = 0.00>
ST_1 : Operation 161 [1/1] (0.00ns)   --->   "%specmemcore_ln0 = specmemcore void @_ssdm_op_SpecMemCore, i8 %a_row_major_5, i64 666, i64 23, i64 18446744073709551615"   --->   Operation 161 'specmemcore' 'specmemcore_ln0' <Predicate = true> <Delay = 0.00>
ST_1 : Operation 162 [1/1] (0.00ns)   --->   "%specmemcore_ln0 = specmemcore void @_ssdm_op_SpecMemCore, i8 %a_row_major_4, i64 666, i64 23, i64 18446744073709551615"   --->   Operation 162 'specmemcore' 'specmemcore_ln0' <Predicate = true> <Delay = 0.00>
ST_1 : Operation 163 [1/1] (0.00ns)   --->   "%specmemcore_ln0 = specmemcore void @_ssdm_op_SpecMemCore, i8 %a_row_major_3, i64 666, i64 23, i64 18446744073709551615"   --->   Operation 163 'specmemcore' 'specmemcore_ln0' <Predicate = true> <Delay = 0.00>
ST_1 : Operation 164 [1/1] (0.00ns)   --->   "%specmemcore_ln0 = specmemcore void @_ssdm_op_SpecMemCore, i8 %a_row_major_2, i64 666, i64 23, i64 18446744073709551615"   --->   Operation 164 'specmemcore' 'specmemcore_ln0' <Predicate = true> <Delay = 0.00>
ST_1 : Operation 165 [1/1] (0.00ns)   --->   "%specmemcore_ln0 = specmemcore void @_ssdm_op_SpecMemCore, i8 %a_row_major_1, i64 666, i64 23, i64 18446744073709551615"   --->   Operation 165 'specmemcore' 'specmemcore_ln0' <Predicate = true> <Delay = 0.00>
ST_1 : Operation 166 [1/1] (0.00ns)   --->   "%specmemcore_ln0 = specmemcore void @_ssdm_op_SpecMemCore, i8 %a_row_major_0, i64 666, i64 23, i64 18446744073709551615"   --->   Operation 166 'specmemcore' 'specmemcore_ln0' <Predicate = true> <Delay = 0.00>
ST_1 : Operation 167 [1/1] (0.00ns)   --->   "%specmemcore_ln0 = specmemcore void @_ssdm_op_SpecMemCore, i8 %b_row_major_7, i64 666, i64 23, i64 18446744073709551615"   --->   Operation 167 'specmemcore' 'specmemcore_ln0' <Predicate = true> <Delay = 0.00>
ST_1 : Operation 168 [1/1] (0.00ns)   --->   "%specmemcore_ln0 = specmemcore void @_ssdm_op_SpecMemCore, i8 %b_row_major_6, i64 666, i64 23, i64 18446744073709551615"   --->   Operation 168 'specmemcore' 'specmemcore_ln0' <Predicate = true> <Delay = 0.00>
ST_1 : Operation 169 [1/1] (0.00ns)   --->   "%specmemcore_ln0 = specmemcore void @_ssdm_op_SpecMemCore, i8 %b_row_major_5, i64 666, i64 23, i64 18446744073709551615"   --->   Operation 169 'specmemcore' 'specmemcore_ln0' <Predicate = true> <Delay = 0.00>
ST_1 : Operation 170 [1/1] (0.00ns)   --->   "%specmemcore_ln0 = specmemcore void @_ssdm_op_SpecMemCore, i8 %b_row_major_4, i64 666, i64 23, i64 18446744073709551615"   --->   Operation 170 'specmemcore' 'specmemcore_ln0' <Predicate = true> <Delay = 0.00>
ST_1 : Operation 171 [1/1] (0.00ns)   --->   "%specmemcore_ln0 = specmemcore void @_ssdm_op_SpecMemCore, i8 %b_row_major_3, i64 666, i64 23, i64 18446744073709551615"   --->   Operation 171 'specmemcore' 'specmemcore_ln0' <Predicate = true> <Delay = 0.00>
ST_1 : Operation 172 [1/1] (0.00ns)   --->   "%specmemcore_ln0 = specmemcore void @_ssdm_op_SpecMemCore, i8 %b_row_major_2, i64 666, i64 23, i64 18446744073709551615"   --->   Operation 172 'specmemcore' 'specmemcore_ln0' <Predicate = true> <Delay = 0.00>
ST_1 : Operation 173 [1/1] (0.00ns)   --->   "%specmemcore_ln0 = specmemcore void @_ssdm_op_SpecMemCore, i8 %b_row_major_1, i64 666, i64 23, i64 18446744073709551615"   --->   Operation 173 'specmemcore' 'specmemcore_ln0' <Predicate = true> <Delay = 0.00>
ST_1 : Operation 174 [1/1] (0.00ns)   --->   "%specmemcore_ln0 = specmemcore void @_ssdm_op_SpecMemCore, i8 %b_row_major_0, i64 666, i64 23, i64 18446744073709551615"   --->   Operation 174 'specmemcore' 'specmemcore_ln0' <Predicate = true> <Delay = 0.00>
ST_1 : Operation 175 [1/1] (0.42ns)   --->   "%store_ln81 = store i64 %zext_ln81_cast, i64 %k" [mmult.cpp:81]   --->   Operation 175 'store' 'store_ln81' <Predicate = true> <Delay = 0.42>
ST_1 : Operation 176 [1/1] (0.42ns)   --->   "%store_ln0 = store i16 %p_read635, i16 %c_row_major_7_7_0"   --->   Operation 176 'store' 'store_ln0' <Predicate = true> <Delay = 0.42>
ST_1 : Operation 177 [1/1] (0.42ns)   --->   "%store_ln0 = store i16 %p_read626, i16 %c_row_major_7_6_0"   --->   Operation 177 'store' 'store_ln0' <Predicate = true> <Delay = 0.42>
ST_1 : Operation 178 [1/1] (0.42ns)   --->   "%store_ln0 = store i16 %p_read617, i16 %c_row_major_7_5_0"   --->   Operation 178 'store' 'store_ln0' <Predicate = true> <Delay = 0.42>
ST_1 : Operation 179 [1/1] (0.42ns)   --->   "%store_ln0 = store i16 %p_read608, i16 %c_row_major_7_4_0"   --->   Operation 179 'store' 'store_ln0' <Predicate = true> <Delay = 0.42>
ST_1 : Operation 180 [1/1] (0.42ns)   --->   "%store_ln0 = store i16 %p_read_58, i16 %c_row_major_7_3_0"   --->   Operation 180 'store' 'store_ln0' <Predicate = true> <Delay = 0.42>
ST_1 : Operation 181 [1/1] (0.42ns)   --->   "%store_ln0 = store i16 %p_read_57, i16 %c_row_major_7_2_0"   --->   Operation 181 'store' 'store_ln0' <Predicate = true> <Delay = 0.42>
ST_1 : Operation 182 [1/1] (0.42ns)   --->   "%store_ln0 = store i16 %p_read_56, i16 %c_row_major_7_1_0"   --->   Operation 182 'store' 'store_ln0' <Predicate = true> <Delay = 0.42>
ST_1 : Operation 183 [1/1] (0.42ns)   --->   "%store_ln0 = store i16 %p_read_55, i16 %c_row_major_7_0_0"   --->   Operation 183 'store' 'store_ln0' <Predicate = true> <Delay = 0.42>
ST_1 : Operation 184 [1/1] (0.42ns)   --->   "%store_ln0 = store i16 %p_read_54, i16 %c_row_major_6_7_0"   --->   Operation 184 'store' 'store_ln0' <Predicate = true> <Delay = 0.42>
ST_1 : Operation 185 [1/1] (0.42ns)   --->   "%store_ln0 = store i16 %p_read_53, i16 %c_row_major_6_6_0"   --->   Operation 185 'store' 'store_ln0' <Predicate = true> <Delay = 0.42>
ST_1 : Operation 186 [1/1] (0.42ns)   --->   "%store_ln0 = store i16 %p_read_52, i16 %c_row_major_6_5_0"   --->   Operation 186 'store' 'store_ln0' <Predicate = true> <Delay = 0.42>
ST_1 : Operation 187 [1/1] (0.42ns)   --->   "%store_ln0 = store i16 %p_read_51, i16 %c_row_major_6_4_0"   --->   Operation 187 'store' 'store_ln0' <Predicate = true> <Delay = 0.42>
ST_1 : Operation 188 [1/1] (0.42ns)   --->   "%store_ln0 = store i16 %p_read_50, i16 %c_row_major_6_3_0"   --->   Operation 188 'store' 'store_ln0' <Predicate = true> <Delay = 0.42>
ST_1 : Operation 189 [1/1] (0.42ns)   --->   "%store_ln0 = store i16 %p_read5018, i16 %c_row_major_6_2_0"   --->   Operation 189 'store' 'store_ln0' <Predicate = true> <Delay = 0.42>
ST_1 : Operation 190 [1/1] (0.42ns)   --->   "%store_ln0 = store i16 %p_read_49, i16 %c_row_major_6_1_0"   --->   Operation 190 'store' 'store_ln0' <Predicate = true> <Delay = 0.42>
ST_1 : Operation 191 [1/1] (0.42ns)   --->   "%store_ln0 = store i16 %p_read_48, i16 %c_row_major_6_0_0"   --->   Operation 191 'store' 'store_ln0' <Predicate = true> <Delay = 0.42>
ST_1 : Operation 192 [1/1] (0.42ns)   --->   "%store_ln0 = store i16 %p_read_47, i16 %c_row_major_5_7_0"   --->   Operation 192 'store' 'store_ln0' <Predicate = true> <Delay = 0.42>
ST_1 : Operation 193 [1/1] (0.42ns)   --->   "%store_ln0 = store i16 %p_read_46, i16 %c_row_major_5_6_0"   --->   Operation 193 'store' 'store_ln0' <Predicate = true> <Delay = 0.42>
ST_1 : Operation 194 [1/1] (0.42ns)   --->   "%store_ln0 = store i16 %p_read_45, i16 %c_row_major_5_5_0"   --->   Operation 194 'store' 'store_ln0' <Predicate = true> <Delay = 0.42>
ST_1 : Operation 195 [1/1] (0.42ns)   --->   "%store_ln0 = store i16 %p_read_44, i16 %c_row_major_5_4_0"   --->   Operation 195 'store' 'store_ln0' <Predicate = true> <Delay = 0.42>
ST_1 : Operation 196 [1/1] (0.42ns)   --->   "%store_ln0 = store i16 %p_read_43, i16 %c_row_major_5_3_0"   --->   Operation 196 'store' 'store_ln0' <Predicate = true> <Delay = 0.42>
ST_1 : Operation 197 [1/1] (0.42ns)   --->   "%store_ln0 = store i16 %p_read_42, i16 %c_row_major_5_2_0"   --->   Operation 197 'store' 'store_ln0' <Predicate = true> <Delay = 0.42>
ST_1 : Operation 198 [1/1] (0.42ns)   --->   "%store_ln0 = store i16 %p_read_41, i16 %c_row_major_5_1_0"   --->   Operation 198 'store' 'store_ln0' <Predicate = true> <Delay = 0.42>
ST_1 : Operation 199 [1/1] (0.42ns)   --->   "%store_ln0 = store i16 %p_read4028, i16 %c_row_major_5_0_0"   --->   Operation 199 'store' 'store_ln0' <Predicate = true> <Delay = 0.42>
ST_1 : Operation 200 [1/1] (0.42ns)   --->   "%store_ln0 = store i16 %p_read_40, i16 %c_row_major_4_7_0"   --->   Operation 200 'store' 'store_ln0' <Predicate = true> <Delay = 0.42>
ST_1 : Operation 201 [1/1] (0.42ns)   --->   "%store_ln0 = store i16 %p_read_39, i16 %c_row_major_4_6_0"   --->   Operation 201 'store' 'store_ln0' <Predicate = true> <Delay = 0.42>
ST_1 : Operation 202 [1/1] (0.42ns)   --->   "%store_ln0 = store i16 %p_read_38, i16 %c_row_major_4_5_0"   --->   Operation 202 'store' 'store_ln0' <Predicate = true> <Delay = 0.42>
ST_1 : Operation 203 [1/1] (0.42ns)   --->   "%store_ln0 = store i16 %p_read_37, i16 %c_row_major_4_4_0"   --->   Operation 203 'store' 'store_ln0' <Predicate = true> <Delay = 0.42>
ST_1 : Operation 204 [1/1] (0.42ns)   --->   "%store_ln0 = store i16 %p_read_36, i16 %c_row_major_4_3_0"   --->   Operation 204 'store' 'store_ln0' <Predicate = true> <Delay = 0.42>
ST_1 : Operation 205 [1/1] (0.42ns)   --->   "%store_ln0 = store i16 %p_read_35, i16 %c_row_major_4_2_0"   --->   Operation 205 'store' 'store_ln0' <Predicate = true> <Delay = 0.42>
ST_1 : Operation 206 [1/1] (0.42ns)   --->   "%store_ln0 = store i16 %p_read_34, i16 %c_row_major_4_1_0"   --->   Operation 206 'store' 'store_ln0' <Predicate = true> <Delay = 0.42>
ST_1 : Operation 207 [1/1] (0.42ns)   --->   "%store_ln0 = store i16 %p_read_33, i16 %c_row_major_4_0_0"   --->   Operation 207 'store' 'store_ln0' <Predicate = true> <Delay = 0.42>
ST_1 : Operation 208 [1/1] (0.42ns)   --->   "%store_ln0 = store i16 %p_read_32, i16 %c_row_major_3_7_0"   --->   Operation 208 'store' 'store_ln0' <Predicate = true> <Delay = 0.42>
ST_1 : Operation 209 [1/1] (0.42ns)   --->   "%store_ln0 = store i16 %p_read_31, i16 %c_row_major_3_6_0"   --->   Operation 209 'store' 'store_ln0' <Predicate = true> <Delay = 0.42>
ST_1 : Operation 210 [1/1] (0.42ns)   --->   "%store_ln0 = store i16 %p_read_30, i16 %c_row_major_3_5_0"   --->   Operation 210 'store' 'store_ln0' <Predicate = true> <Delay = 0.42>
ST_1 : Operation 211 [1/1] (0.42ns)   --->   "%store_ln0 = store i16 %p_read_29, i16 %c_row_major_3_4_0"   --->   Operation 211 'store' 'store_ln0' <Predicate = true> <Delay = 0.42>
ST_1 : Operation 212 [1/1] (0.42ns)   --->   "%store_ln0 = store i16 %p_read_28, i16 %c_row_major_3_3_0"   --->   Operation 212 'store' 'store_ln0' <Predicate = true> <Delay = 0.42>
ST_1 : Operation 213 [1/1] (0.42ns)   --->   "%store_ln0 = store i16 %p_read_27, i16 %c_row_major_3_2_0"   --->   Operation 213 'store' 'store_ln0' <Predicate = true> <Delay = 0.42>
ST_1 : Operation 214 [1/1] (0.42ns)   --->   "%store_ln0 = store i16 %p_read_26, i16 %c_row_major_3_1_0"   --->   Operation 214 'store' 'store_ln0' <Predicate = true> <Delay = 0.42>
ST_1 : Operation 215 [1/1] (0.42ns)   --->   "%store_ln0 = store i16 %p_read_25, i16 %c_row_major_3_0_0"   --->   Operation 215 'store' 'store_ln0' <Predicate = true> <Delay = 0.42>
ST_1 : Operation 216 [1/1] (0.42ns)   --->   "%store_ln0 = store i16 %p_read_24, i16 %c_row_major_2_7_0"   --->   Operation 216 'store' 'store_ln0' <Predicate = true> <Delay = 0.42>
ST_1 : Operation 217 [1/1] (0.42ns)   --->   "%store_ln0 = store i16 %p_read_23, i16 %c_row_major_2_6_0"   --->   Operation 217 'store' 'store_ln0' <Predicate = true> <Delay = 0.42>
ST_1 : Operation 218 [1/1] (0.42ns)   --->   "%store_ln0 = store i16 %p_read_22, i16 %c_row_major_2_5_0"   --->   Operation 218 'store' 'store_ln0' <Predicate = true> <Delay = 0.42>
ST_1 : Operation 219 [1/1] (0.42ns)   --->   "%store_ln0 = store i16 %p_read_21, i16 %c_row_major_2_4_0"   --->   Operation 219 'store' 'store_ln0' <Predicate = true> <Delay = 0.42>
ST_1 : Operation 220 [1/1] (0.42ns)   --->   "%store_ln0 = store i16 %p_read_20, i16 %c_row_major_2_3_0"   --->   Operation 220 'store' 'store_ln0' <Predicate = true> <Delay = 0.42>
ST_1 : Operation 221 [1/1] (0.42ns)   --->   "%store_ln0 = store i16 %p_read_19, i16 %c_row_major_2_2_0"   --->   Operation 221 'store' 'store_ln0' <Predicate = true> <Delay = 0.42>
ST_1 : Operation 222 [1/1] (0.42ns)   --->   "%store_ln0 = store i16 %p_read_18, i16 %c_row_major_2_1_0"   --->   Operation 222 'store' 'store_ln0' <Predicate = true> <Delay = 0.42>
ST_1 : Operation 223 [1/1] (0.42ns)   --->   "%store_ln0 = store i16 %p_read_17, i16 %c_row_major_2_0_0"   --->   Operation 223 'store' 'store_ln0' <Predicate = true> <Delay = 0.42>
ST_1 : Operation 224 [1/1] (0.42ns)   --->   "%store_ln0 = store i16 %p_read_16, i16 %c_row_major_1_7_0"   --->   Operation 224 'store' 'store_ln0' <Predicate = true> <Delay = 0.42>
ST_1 : Operation 225 [1/1] (0.42ns)   --->   "%store_ln0 = store i16 %p_read_15, i16 %c_row_major_1_6_0"   --->   Operation 225 'store' 'store_ln0' <Predicate = true> <Delay = 0.42>
ST_1 : Operation 226 [1/1] (0.42ns)   --->   "%store_ln0 = store i16 %p_read_14, i16 %c_row_major_1_5_0"   --->   Operation 226 'store' 'store_ln0' <Predicate = true> <Delay = 0.42>
ST_1 : Operation 227 [1/1] (0.42ns)   --->   "%store_ln0 = store i16 %p_read_13, i16 %c_row_major_1_4_0"   --->   Operation 227 'store' 'store_ln0' <Predicate = true> <Delay = 0.42>
ST_1 : Operation 228 [1/1] (0.42ns)   --->   "%store_ln0 = store i16 %p_read_12, i16 %c_row_major_1_3_0"   --->   Operation 228 'store' 'store_ln0' <Predicate = true> <Delay = 0.42>
ST_1 : Operation 229 [1/1] (0.42ns)   --->   "%store_ln0 = store i16 %p_read_11, i16 %c_row_major_1_2_0"   --->   Operation 229 'store' 'store_ln0' <Predicate = true> <Delay = 0.42>
ST_1 : Operation 230 [1/1] (0.42ns)   --->   "%store_ln0 = store i16 %p_read_10, i16 %c_row_major_1_1_0"   --->   Operation 230 'store' 'store_ln0' <Predicate = true> <Delay = 0.42>
ST_1 : Operation 231 [1/1] (0.42ns)   --->   "%store_ln0 = store i16 %p_read_9, i16 %c_row_major_1_0_0"   --->   Operation 231 'store' 'store_ln0' <Predicate = true> <Delay = 0.42>
ST_1 : Operation 232 [1/1] (0.42ns)   --->   "%store_ln0 = store i16 %p_read_8, i16 %c_row_major_0_7_0"   --->   Operation 232 'store' 'store_ln0' <Predicate = true> <Delay = 0.42>
ST_1 : Operation 233 [1/1] (0.42ns)   --->   "%store_ln0 = store i16 %p_read_7, i16 %c_row_major_0_6_0"   --->   Operation 233 'store' 'store_ln0' <Predicate = true> <Delay = 0.42>
ST_1 : Operation 234 [1/1] (0.42ns)   --->   "%store_ln0 = store i16 %p_read_6, i16 %c_row_major_0_5_0"   --->   Operation 234 'store' 'store_ln0' <Predicate = true> <Delay = 0.42>
ST_1 : Operation 235 [1/1] (0.42ns)   --->   "%store_ln0 = store i16 %p_read_5, i16 %c_row_major_0_4_0"   --->   Operation 235 'store' 'store_ln0' <Predicate = true> <Delay = 0.42>
ST_1 : Operation 236 [1/1] (0.42ns)   --->   "%store_ln0 = store i16 %p_read_4, i16 %c_row_major_0_3_0"   --->   Operation 236 'store' 'store_ln0' <Predicate = true> <Delay = 0.42>
ST_1 : Operation 237 [1/1] (0.42ns)   --->   "%store_ln0 = store i16 %p_read_3, i16 %c_row_major_0_2_0"   --->   Operation 237 'store' 'store_ln0' <Predicate = true> <Delay = 0.42>
ST_1 : Operation 238 [1/1] (0.42ns)   --->   "%store_ln0 = store i16 %p_read_2, i16 %c_row_major_0_1_0"   --->   Operation 238 'store' 'store_ln0' <Predicate = true> <Delay = 0.42>
ST_1 : Operation 239 [1/1] (0.42ns)   --->   "%store_ln0 = store i16 %p_read_1, i16 %c_row_major_0_0_0"   --->   Operation 239 'store' 'store_ln0' <Predicate = true> <Delay = 0.42>
ST_1 : Operation 240 [1/1] (0.00ns)   --->   "%br_ln0 = br void %pe_array"   --->   Operation 240 'br' 'br_ln0' <Predicate = true> <Delay = 0.00>

State 2 <SV = 1> <Delay = 1.51>
ST_2 : Operation 241 [1/1] (0.00ns)   --->   "%k_1 = load i64 %k" [mmult.cpp:91]   --->   Operation 241 'load' 'k_1' <Predicate = true> <Delay = 0.00>
ST_2 : Operation 242 [1/1] (1.08ns)   --->   "%icmp_ln81 = icmp_eq  i64 %k_1, i64 %wide_trip_count_cast" [mmult.cpp:81]   --->   Operation 242 'icmp' 'icmp_ln81' <Predicate = true> <Delay = 1.08> <CoreInst = "Cmp">   --->   Core 9 'Cmp' <Latency = 0> <II = 1> <Delay = 1.08> <FuncUnit> <Opcode : 'icmp'> <InPorts = 2> <OutPorts = 1>
ST_2 : Operation 243 [1/1] (0.00ns)   --->   "%br_ln81 = br i1 %icmp_ln81, void %pe_array.split_ifconv, void %for.end36.loopexit.exitStub" [mmult.cpp:81]   --->   Operation 243 'br' 'br_ln81' <Predicate = true> <Delay = 0.00>
ST_2 : Operation 244 [1/1] (1.08ns)   --->   "%cmp13 = icmp_slt  i64 %k_1, i64 %sext_ln81_cast" [mmult.cpp:91]   --->   Operation 244 'icmp' 'cmp13' <Predicate = (!icmp_ln81)> <Delay = 1.08> <CoreInst = "Cmp">   --->   Core 9 'Cmp' <Latency = 0> <II = 1> <Delay = 1.08> <FuncUnit> <Opcode : 'icmp'> <InPorts = 2> <OutPorts = 1>
ST_2 : Operation 245 [1/1] (0.00ns)   --->   "%a_row_major_0_addr = getelementptr i8 %a_row_major_0, i64 0, i64 %k_1" [mmult.cpp:91]   --->   Operation 245 'getelementptr' 'a_row_major_0_addr' <Predicate = (!icmp_ln81)> <Delay = 0.00>
ST_2 : Operation 246 [1/1] (0.00ns)   --->   "%a_row_major_1_addr = getelementptr i8 %a_row_major_1, i64 0, i64 %k_1" [mmult.cpp:91]   --->   Operation 246 'getelementptr' 'a_row_major_1_addr' <Predicate = (!icmp_ln81)> <Delay = 0.00>
ST_2 : Operation 247 [1/1] (0.00ns)   --->   "%a_row_major_2_addr = getelementptr i8 %a_row_major_2, i64 0, i64 %k_1" [mmult.cpp:91]   --->   Operation 247 'getelementptr' 'a_row_major_2_addr' <Predicate = (!icmp_ln81)> <Delay = 0.00>
ST_2 : Operation 248 [1/1] (0.00ns)   --->   "%a_row_major_3_addr = getelementptr i8 %a_row_major_3, i64 0, i64 %k_1" [mmult.cpp:91]   --->   Operation 248 'getelementptr' 'a_row_major_3_addr' <Predicate = (!icmp_ln81)> <Delay = 0.00>
ST_2 : Operation 249 [1/1] (0.00ns)   --->   "%a_row_major_4_addr = getelementptr i8 %a_row_major_4, i64 0, i64 %k_1" [mmult.cpp:91]   --->   Operation 249 'getelementptr' 'a_row_major_4_addr' <Predicate = (!icmp_ln81)> <Delay = 0.00>
ST_2 : Operation 250 [1/1] (0.00ns)   --->   "%a_row_major_5_addr = getelementptr i8 %a_row_major_5, i64 0, i64 %k_1" [mmult.cpp:91]   --->   Operation 250 'getelementptr' 'a_row_major_5_addr' <Predicate = (!icmp_ln81)> <Delay = 0.00>
ST_2 : Operation 251 [1/1] (0.00ns)   --->   "%a_row_major_6_addr = getelementptr i8 %a_row_major_6, i64 0, i64 %k_1" [mmult.cpp:91]   --->   Operation 251 'getelementptr' 'a_row_major_6_addr' <Predicate = (!icmp_ln81)> <Delay = 0.00>
ST_2 : Operation 252 [1/1] (0.00ns)   --->   "%a_row_major_7_addr = getelementptr i8 %a_row_major_7, i64 0, i64 %k_1" [mmult.cpp:91]   --->   Operation 252 'getelementptr' 'a_row_major_7_addr' <Predicate = (!icmp_ln81)> <Delay = 0.00>
ST_2 : Operation 253 [1/1] (1.08ns)   --->   "%icmp_ln91 = icmp_slt  i64 %k_1, i64 %sext_ln81_cast" [mmult.cpp:91]   --->   Operation 253 'icmp' 'icmp_ln91' <Predicate = (!icmp_ln81)> <Delay = 1.08> <CoreInst = "Cmp">   --->   Core 9 'Cmp' <Latency = 0> <II = 1> <Delay = 1.08> <FuncUnit> <Opcode : 'icmp'> <InPorts = 2> <OutPorts = 1>
ST_2 : Operation 254 [2/2] (0.67ns)   --->   "%a_forwarded = load i3 %a_row_major_0_addr" [mmult.cpp:92]   --->   Operation 254 'load' 'a_forwarded' <Predicate = (!icmp_ln81)> <Delay = 0.67> <CoreInst = "RAM_2P_LUTRAM">   --->   Core 93 'RAM_2P_LUTRAM' <Latency = 1> <II = 1> <Delay = 0.67> <Storage> <Opcode : 'load' 'store'> <Ports = 2> <Width = 8> <Depth = 8> <RAM>
ST_2 : Operation 255 [1/1] (0.00ns)   --->   "%b_row_major_0_addr = getelementptr i8 %b_row_major_0, i64 0, i64 %k_1" [mmult.cpp:97]   --->   Operation 255 'getelementptr' 'b_row_major_0_addr' <Predicate = (!icmp_ln81)> <Delay = 0.00>
ST_2 : Operation 256 [2/2] (0.67ns)   --->   "%b_forwarded = load i3 %b_row_major_0_addr" [mmult.cpp:97]   --->   Operation 256 'load' 'b_forwarded' <Predicate = (!icmp_ln81)> <Delay = 0.67> <CoreInst = "RAM_2P_LUTRAM">   --->   Core 93 'RAM_2P_LUTRAM' <Latency = 1> <II = 1> <Delay = 0.67> <Storage> <Opcode : 'load' 'store'> <Ports = 2> <Width = 8> <Depth = 8> <RAM>
ST_2 : Operation 257 [1/1] (0.00ns)   --->   "%b_row_major_1_addr = getelementptr i8 %b_row_major_1, i64 0, i64 %k_1" [mmult.cpp:97]   --->   Operation 257 'getelementptr' 'b_row_major_1_addr' <Predicate = (!icmp_ln81)> <Delay = 0.00>
ST_2 : Operation 258 [2/2] (0.67ns)   --->   "%b_forwarded_2 = load i3 %b_row_major_1_addr" [mmult.cpp:97]   --->   Operation 258 'load' 'b_forwarded_2' <Predicate = (!icmp_ln81)> <Delay = 0.67> <CoreInst = "RAM_2P_LUTRAM">   --->   Core 93 'RAM_2P_LUTRAM' <Latency = 1> <II = 1> <Delay = 0.67> <Storage> <Opcode : 'load' 'store'> <Ports = 2> <Width = 8> <Depth = 8> <RAM>
ST_2 : Operation 259 [1/1] (0.00ns)   --->   "%b_row_major_2_addr = getelementptr i8 %b_row_major_2, i64 0, i64 %k_1" [mmult.cpp:97]   --->   Operation 259 'getelementptr' 'b_row_major_2_addr' <Predicate = (!icmp_ln81)> <Delay = 0.00>
ST_2 : Operation 260 [2/2] (0.67ns)   --->   "%b_forwarded_4 = load i3 %b_row_major_2_addr" [mmult.cpp:97]   --->   Operation 260 'load' 'b_forwarded_4' <Predicate = (!icmp_ln81)> <Delay = 0.67> <CoreInst = "RAM_2P_LUTRAM">   --->   Core 93 'RAM_2P_LUTRAM' <Latency = 1> <II = 1> <Delay = 0.67> <Storage> <Opcode : 'load' 'store'> <Ports = 2> <Width = 8> <Depth = 8> <RAM>
ST_2 : Operation 261 [1/1] (0.00ns)   --->   "%b_row_major_3_addr = getelementptr i8 %b_row_major_3, i64 0, i64 %k_1" [mmult.cpp:97]   --->   Operation 261 'getelementptr' 'b_row_major_3_addr' <Predicate = (!icmp_ln81)> <Delay = 0.00>
ST_2 : Operation 262 [2/2] (0.67ns)   --->   "%b_forwarded_6 = load i3 %b_row_major_3_addr" [mmult.cpp:97]   --->   Operation 262 'load' 'b_forwarded_6' <Predicate = (!icmp_ln81)> <Delay = 0.67> <CoreInst = "RAM_2P_LUTRAM">   --->   Core 93 'RAM_2P_LUTRAM' <Latency = 1> <II = 1> <Delay = 0.67> <Storage> <Opcode : 'load' 'store'> <Ports = 2> <Width = 8> <Depth = 8> <RAM>
ST_2 : Operation 263 [1/1] (0.00ns)   --->   "%b_row_major_4_addr = getelementptr i8 %b_row_major_4, i64 0, i64 %k_1" [mmult.cpp:97]   --->   Operation 263 'getelementptr' 'b_row_major_4_addr' <Predicate = (!icmp_ln81)> <Delay = 0.00>
ST_2 : Operation 264 [2/2] (0.67ns)   --->   "%b_forwarded_8 = load i3 %b_row_major_4_addr" [mmult.cpp:97]   --->   Operation 264 'load' 'b_forwarded_8' <Predicate = (!icmp_ln81)> <Delay = 0.67> <CoreInst = "RAM_2P_LUTRAM">   --->   Core 93 'RAM_2P_LUTRAM' <Latency = 1> <II = 1> <Delay = 0.67> <Storage> <Opcode : 'load' 'store'> <Ports = 2> <Width = 8> <Depth = 8> <RAM>
ST_2 : Operation 265 [1/1] (0.00ns)   --->   "%b_row_major_5_addr = getelementptr i8 %b_row_major_5, i64 0, i64 %k_1" [mmult.cpp:97]   --->   Operation 265 'getelementptr' 'b_row_major_5_addr' <Predicate = (!icmp_ln81)> <Delay = 0.00>
ST_2 : Operation 266 [2/2] (0.67ns)   --->   "%b_forwarded_10 = load i3 %b_row_major_5_addr" [mmult.cpp:97]   --->   Operation 266 'load' 'b_forwarded_10' <Predicate = (!icmp_ln81)> <Delay = 0.67> <CoreInst = "RAM_2P_LUTRAM">   --->   Core 93 'RAM_2P_LUTRAM' <Latency = 1> <II = 1> <Delay = 0.67> <Storage> <Opcode : 'load' 'store'> <Ports = 2> <Width = 8> <Depth = 8> <RAM>
ST_2 : Operation 267 [1/1] (0.00ns)   --->   "%b_row_major_6_addr = getelementptr i8 %b_row_major_6, i64 0, i64 %k_1" [mmult.cpp:97]   --->   Operation 267 'getelementptr' 'b_row_major_6_addr' <Predicate = (!icmp_ln81)> <Delay = 0.00>
ST_2 : Operation 268 [2/2] (0.67ns)   --->   "%b_forwarded_12 = load i3 %b_row_major_6_addr" [mmult.cpp:97]   --->   Operation 268 'load' 'b_forwarded_12' <Predicate = (!icmp_ln81)> <Delay = 0.67> <CoreInst = "RAM_2P_LUTRAM">   --->   Core 93 'RAM_2P_LUTRAM' <Latency = 1> <II = 1> <Delay = 0.67> <Storage> <Opcode : 'load' 'store'> <Ports = 2> <Width = 8> <Depth = 8> <RAM>
ST_2 : Operation 269 [1/1] (0.00ns)   --->   "%b_row_major_7_addr = getelementptr i8 %b_row_major_7, i64 0, i64 %k_1" [mmult.cpp:97]   --->   Operation 269 'getelementptr' 'b_row_major_7_addr' <Predicate = (!icmp_ln81)> <Delay = 0.00>
ST_2 : Operation 270 [2/2] (0.67ns)   --->   "%b_forwarded_14 = load i3 %b_row_major_7_addr" [mmult.cpp:97]   --->   Operation 270 'load' 'b_forwarded_14' <Predicate = (!icmp_ln81)> <Delay = 0.67> <CoreInst = "RAM_2P_LUTRAM">   --->   Core 93 'RAM_2P_LUTRAM' <Latency = 1> <II = 1> <Delay = 0.67> <Storage> <Opcode : 'load' 'store'> <Ports = 2> <Width = 8> <Depth = 8> <RAM>
ST_2 : Operation 271 [2/2] (0.67ns)   --->   "%a_forwarded_2 = load i3 %a_row_major_1_addr" [mmult.cpp:92]   --->   Operation 271 'load' 'a_forwarded_2' <Predicate = (!icmp_ln81)> <Delay = 0.67> <CoreInst = "RAM_2P_LUTRAM">   --->   Core 93 'RAM_2P_LUTRAM' <Latency = 1> <II = 1> <Delay = 0.67> <Storage> <Opcode : 'load' 'store'> <Ports = 2> <Width = 8> <Depth = 8> <RAM>
ST_2 : Operation 272 [2/2] (0.67ns)   --->   "%a_forwarded_4 = load i3 %a_row_major_2_addr" [mmult.cpp:92]   --->   Operation 272 'load' 'a_forwarded_4' <Predicate = (!icmp_ln81)> <Delay = 0.67> <CoreInst = "RAM_2P_LUTRAM">   --->   Core 93 'RAM_2P_LUTRAM' <Latency = 1> <II = 1> <Delay = 0.67> <Storage> <Opcode : 'load' 'store'> <Ports = 2> <Width = 8> <Depth = 8> <RAM>
ST_2 : Operation 273 [2/2] (0.67ns)   --->   "%a_forwarded_6 = load i3 %a_row_major_3_addr" [mmult.cpp:92]   --->   Operation 273 'load' 'a_forwarded_6' <Predicate = (!icmp_ln81)> <Delay = 0.67> <CoreInst = "RAM_2P_LUTRAM">   --->   Core 93 'RAM_2P_LUTRAM' <Latency = 1> <II = 1> <Delay = 0.67> <Storage> <Opcode : 'load' 'store'> <Ports = 2> <Width = 8> <Depth = 8> <RAM>
ST_2 : Operation 274 [2/2] (0.67ns)   --->   "%a_forwarded_8 = load i3 %a_row_major_4_addr" [mmult.cpp:92]   --->   Operation 274 'load' 'a_forwarded_8' <Predicate = (!icmp_ln81)> <Delay = 0.67> <CoreInst = "RAM_2P_LUTRAM">   --->   Core 93 'RAM_2P_LUTRAM' <Latency = 1> <II = 1> <Delay = 0.67> <Storage> <Opcode : 'load' 'store'> <Ports = 2> <Width = 8> <Depth = 8> <RAM>
ST_2 : Operation 275 [2/2] (0.67ns)   --->   "%a_forwarded_10 = load i3 %a_row_major_5_addr" [mmult.cpp:92]   --->   Operation 275 'load' 'a_forwarded_10' <Predicate = (!icmp_ln81)> <Delay = 0.67> <CoreInst = "RAM_2P_LUTRAM">   --->   Core 93 'RAM_2P_LUTRAM' <Latency = 1> <II = 1> <Delay = 0.67> <Storage> <Opcode : 'load' 'store'> <Ports = 2> <Width = 8> <Depth = 8> <RAM>
ST_2 : Operation 276 [2/2] (0.67ns)   --->   "%a_forwarded_12 = load i3 %a_row_major_6_addr" [mmult.cpp:92]   --->   Operation 276 'load' 'a_forwarded_12' <Predicate = (!icmp_ln81)> <Delay = 0.67> <CoreInst = "RAM_2P_LUTRAM">   --->   Core 93 'RAM_2P_LUTRAM' <Latency = 1> <II = 1> <Delay = 0.67> <Storage> <Opcode : 'load' 'store'> <Ports = 2> <Width = 8> <Depth = 8> <RAM>
ST_2 : Operation 277 [2/2] (0.67ns)   --->   "%a_forwarded_14 = load i3 %a_row_major_7_addr" [mmult.cpp:92]   --->   Operation 277 'load' 'a_forwarded_14' <Predicate = (!icmp_ln81)> <Delay = 0.67> <CoreInst = "RAM_2P_LUTRAM">   --->   Core 93 'RAM_2P_LUTRAM' <Latency = 1> <II = 1> <Delay = 0.67> <Storage> <Opcode : 'load' 'store'> <Ports = 2> <Width = 8> <Depth = 8> <RAM>
ST_2 : Operation 278 [1/1] (1.08ns)   --->   "%add_ln81 = add i64 %k_1, i64 1" [mmult.cpp:81]   --->   Operation 278 'add' 'add_ln81' <Predicate = (!icmp_ln81)> <Delay = 1.08> <CoreInst = "Adder">   --->   Core 1 'Adder' <Latency = 0> <II = 1> <Delay = 1.08> <FuncUnit> <Opcode : 'add' 'sub'> <InPorts = 2> <OutPorts = 1>
ST_2 : Operation 279 [1/1] (0.42ns)   --->   "%store_ln81 = store i64 %add_ln81, i64 %k" [mmult.cpp:81]   --->   Operation 279 'store' 'store_ln81' <Predicate = (!icmp_ln81)> <Delay = 0.42>

State 3 <SV = 2> <Delay = 2.06>
ST_3 : Operation 280 [1/1] (0.28ns)   --->   "%xor_ln91 = xor i1 %icmp_ln91, i1 1" [mmult.cpp:91]   --->   Operation 280 'xor' 'xor_ln91' <Predicate = true> <Delay = 0.28> <CoreInst = "LogicGate">   --->   Core 74 'LogicGate' <Latency = 0> <II = 1> <Delay = 0.28> <FuncUnit> <Opcode : 'and' 'or' 'xor'> <InPorts = 2> <OutPorts = 1>
ST_3 : Operation 281 [1/1] (0.00ns) (grouped into LUT with out node a_forwarded_1)   --->   "%or_ln91 = or i1 %cmp9_not_read, i1 %xor_ln91" [mmult.cpp:91]   --->   Operation 281 'or' 'or_ln91' <Predicate = true> <Delay = 0.00> <CoreInst = "LogicGate">   --->   Core 74 'LogicGate' <Latency = 0> <II = 1> <Delay = 0.28> <FuncUnit> <Opcode : 'and' 'or' 'xor'> <InPorts = 2> <OutPorts = 1>
ST_3 : Operation 282 [1/2] (0.67ns)   --->   "%a_forwarded = load i3 %a_row_major_0_addr" [mmult.cpp:92]   --->   Operation 282 'load' 'a_forwarded' <Predicate = true> <Delay = 0.67> <CoreInst = "RAM_2P_LUTRAM">   --->   Core 93 'RAM_2P_LUTRAM' <Latency = 1> <II = 1> <Delay = 0.67> <Storage> <Opcode : 'load' 'store'> <Ports = 2> <Width = 8> <Depth = 8> <RAM>
ST_3 : Operation 283 [1/1] (0.39ns) (out node of the LUT)   --->   "%a_forwarded_1 = select i1 %or_ln91, i8 0, i8 %a_forwarded" [mmult.cpp:91]   --->   Operation 283 'select' 'a_forwarded_1' <Predicate = true> <Delay = 0.39> <CoreInst = "Sel">   --->   Core 73 'Sel' <Latency = 0> <II = 1> <Delay = 0.39> <FuncUnit> <Opcode : 'select'> <InPorts = 3> <OutPorts = 1>
ST_3 : Operation 284 [1/1] (0.00ns) (grouped into LUT with out node b_forwarded_1)   --->   "%and_ln96 = and i1 %cmp13, i1 %cmp15_read" [mmult.cpp:96]   --->   Operation 284 'and' 'and_ln96' <Predicate = true> <Delay = 0.00> <CoreInst = "LogicGate">   --->   Core 74 'LogicGate' <Latency = 0> <II = 1> <Delay = 0.28> <FuncUnit> <Opcode : 'and' 'or' 'xor'> <InPorts = 2> <OutPorts = 1>
ST_3 : Operation 285 [1/2] (0.67ns)   --->   "%b_forwarded = load i3 %b_row_major_0_addr" [mmult.cpp:97]   --->   Operation 285 'load' 'b_forwarded' <Predicate = true> <Delay = 0.67> <CoreInst = "RAM_2P_LUTRAM">   --->   Core 93 'RAM_2P_LUTRAM' <Latency = 1> <II = 1> <Delay = 0.67> <Storage> <Opcode : 'load' 'store'> <Ports = 2> <Width = 8> <Depth = 8> <RAM>
ST_3 : Operation 286 [1/1] (0.39ns) (out node of the LUT)   --->   "%b_forwarded_1 = select i1 %and_ln96, i8 %b_forwarded, i8 0" [mmult.cpp:96]   --->   Operation 286 'select' 'b_forwarded_1' <Predicate = true> <Delay = 0.39> <CoreInst = "Sel">   --->   Core 73 'Sel' <Latency = 0> <II = 1> <Delay = 0.39> <FuncUnit> <Opcode : 'select'> <InPorts = 3> <OutPorts = 1>
ST_3 : Operation 287 [1/1] (0.00ns)   --->   "%sext_ln100 = sext i8 %a_forwarded_1" [mmult.cpp:100]   --->   Operation 287 'sext' 'sext_ln100' <Predicate = true> <Delay = 0.00>
ST_3 : Operation 288 [1/1] (0.00ns)   --->   "%sext_ln100_1 = sext i8 %b_forwarded_1" [mmult.cpp:100]   --->   Operation 288 'sext' 'sext_ln100_1' <Predicate = true> <Delay = 0.00>
ST_3 : Operation 289 [3/3] (0.99ns) (grouped into DSP with root node add_ln101)   --->   "%product = mul i16 %sext_ln100_1, i16 %sext_ln100" [mmult.cpp:100]   --->   Operation 289 'mul' 'product' <Predicate = true> <Delay = 0.99> <CoreInst = "DSP48">   --->   Core 127 'DSP48' <Latency = 3> <II = 1> <Delay = 0.53> <IPBlock> <Opcode : '' 'add' 'sub' 'mul' 'select'> <InPorts = 0> <OutPorts = 1> <Sync> <CReg>
ST_3 : Operation 290 [1/1] (0.00ns) (grouped into LUT with out node b_forwarded_3)   --->   "%and_ln96_1 = and i1 %cmp13, i1 %icmp_read" [mmult.cpp:96]   --->   Operation 290 'and' 'and_ln96_1' <Predicate = true> <Delay = 0.00> <CoreInst = "LogicGate">   --->   Core 74 'LogicGate' <Latency = 0> <II = 1> <Delay = 0.28> <FuncUnit> <Opcode : 'and' 'or' 'xor'> <InPorts = 2> <OutPorts = 1>
ST_3 : Operation 291 [1/2] (0.67ns)   --->   "%b_forwarded_2 = load i3 %b_row_major_1_addr" [mmult.cpp:97]   --->   Operation 291 'load' 'b_forwarded_2' <Predicate = true> <Delay = 0.67> <CoreInst = "RAM_2P_LUTRAM">   --->   Core 93 'RAM_2P_LUTRAM' <Latency = 1> <II = 1> <Delay = 0.67> <Storage> <Opcode : 'load' 'store'> <Ports = 2> <Width = 8> <Depth = 8> <RAM>
ST_3 : Operation 292 [1/1] (0.39ns) (out node of the LUT)   --->   "%b_forwarded_3 = select i1 %and_ln96_1, i8 %b_forwarded_2, i8 0" [mmult.cpp:96]   --->   Operation 292 'select' 'b_forwarded_3' <Predicate = true> <Delay = 0.39> <CoreInst = "Sel">   --->   Core 73 'Sel' <Latency = 0> <II = 1> <Delay = 0.39> <FuncUnit> <Opcode : 'select'> <InPorts = 3> <OutPorts = 1>
ST_3 : Operation 293 [1/1] (0.00ns)   --->   "%sext_ln100_2 = sext i8 %b_forwarded_3" [mmult.cpp:100]   --->   Operation 293 'sext' 'sext_ln100_2' <Predicate = true> <Delay = 0.00>
ST_3 : Operation 294 [3/3] (0.99ns) (grouped into DSP with root node add_ln101_1)   --->   "%product_1 = mul i16 %sext_ln100_2, i16 %sext_ln100" [mmult.cpp:100]   --->   Operation 294 'mul' 'product_1' <Predicate = true> <Delay = 0.99> <CoreInst = "DSP48">   --->   Core 127 'DSP48' <Latency = 3> <II = 1> <Delay = 0.53> <IPBlock> <Opcode : '' 'add' 'sub' 'mul' 'select'> <InPorts = 0> <OutPorts = 1> <Sync> <CReg>
ST_3 : Operation 295 [1/1] (0.00ns) (grouped into LUT with out node b_forwarded_5)   --->   "%and_ln96_2 = and i1 %cmp13, i1 %cmp15_240_read" [mmult.cpp:96]   --->   Operation 295 'and' 'and_ln96_2' <Predicate = true> <Delay = 0.00> <CoreInst = "LogicGate">   --->   Core 74 'LogicGate' <Latency = 0> <II = 1> <Delay = 0.28> <FuncUnit> <Opcode : 'and' 'or' 'xor'> <InPorts = 2> <OutPorts = 1>
ST_3 : Operation 296 [1/2] (0.67ns)   --->   "%b_forwarded_4 = load i3 %b_row_major_2_addr" [mmult.cpp:97]   --->   Operation 296 'load' 'b_forwarded_4' <Predicate = true> <Delay = 0.67> <CoreInst = "RAM_2P_LUTRAM">   --->   Core 93 'RAM_2P_LUTRAM' <Latency = 1> <II = 1> <Delay = 0.67> <Storage> <Opcode : 'load' 'store'> <Ports = 2> <Width = 8> <Depth = 8> <RAM>
ST_3 : Operation 297 [1/1] (0.39ns) (out node of the LUT)   --->   "%b_forwarded_5 = select i1 %and_ln96_2, i8 %b_forwarded_4, i8 0" [mmult.cpp:96]   --->   Operation 297 'select' 'b_forwarded_5' <Predicate = true> <Delay = 0.39> <CoreInst = "Sel">   --->   Core 73 'Sel' <Latency = 0> <II = 1> <Delay = 0.39> <FuncUnit> <Opcode : 'select'> <InPorts = 3> <OutPorts = 1>
ST_3 : Operation 298 [1/1] (0.00ns)   --->   "%sext_ln100_3 = sext i8 %b_forwarded_5" [mmult.cpp:100]   --->   Operation 298 'sext' 'sext_ln100_3' <Predicate = true> <Delay = 0.00>
ST_3 : Operation 299 [3/3] (0.99ns) (grouped into DSP with root node add_ln101_2)   --->   "%product_2 = mul i16 %sext_ln100_3, i16 %sext_ln100" [mmult.cpp:100]   --->   Operation 299 'mul' 'product_2' <Predicate = true> <Delay = 0.99> <CoreInst = "DSP48">   --->   Core 127 'DSP48' <Latency = 3> <II = 1> <Delay = 0.53> <IPBlock> <Opcode : '' 'add' 'sub' 'mul' 'select'> <InPorts = 0> <OutPorts = 1> <Sync> <CReg>
ST_3 : Operation 300 [1/1] (0.00ns) (grouped into LUT with out node b_forwarded_7)   --->   "%and_ln96_3 = and i1 %cmp13, i1 %icmp3_read" [mmult.cpp:96]   --->   Operation 300 'and' 'and_ln96_3' <Predicate = true> <Delay = 0.00> <CoreInst = "LogicGate">   --->   Core 74 'LogicGate' <Latency = 0> <II = 1> <Delay = 0.28> <FuncUnit> <Opcode : 'and' 'or' 'xor'> <InPorts = 2> <OutPorts = 1>
ST_3 : Operation 301 [1/2] (0.67ns)   --->   "%b_forwarded_6 = load i3 %b_row_major_3_addr" [mmult.cpp:97]   --->   Operation 301 'load' 'b_forwarded_6' <Predicate = true> <Delay = 0.67> <CoreInst = "RAM_2P_LUTRAM">   --->   Core 93 'RAM_2P_LUTRAM' <Latency = 1> <II = 1> <Delay = 0.67> <Storage> <Opcode : 'load' 'store'> <Ports = 2> <Width = 8> <Depth = 8> <RAM>
ST_3 : Operation 302 [1/1] (0.39ns) (out node of the LUT)   --->   "%b_forwarded_7 = select i1 %and_ln96_3, i8 %b_forwarded_6, i8 0" [mmult.cpp:96]   --->   Operation 302 'select' 'b_forwarded_7' <Predicate = true> <Delay = 0.39> <CoreInst = "Sel">   --->   Core 73 'Sel' <Latency = 0> <II = 1> <Delay = 0.39> <FuncUnit> <Opcode : 'select'> <InPorts = 3> <OutPorts = 1>
ST_3 : Operation 303 [1/1] (0.00ns)   --->   "%sext_ln100_4 = sext i8 %b_forwarded_7" [mmult.cpp:100]   --->   Operation 303 'sext' 'sext_ln100_4' <Predicate = true> <Delay = 0.00>
ST_3 : Operation 304 [3/3] (0.99ns) (grouped into DSP with root node add_ln101_3)   --->   "%product_3 = mul i16 %sext_ln100_4, i16 %sext_ln100" [mmult.cpp:100]   --->   Operation 304 'mul' 'product_3' <Predicate = true> <Delay = 0.99> <CoreInst = "DSP48">   --->   Core 127 'DSP48' <Latency = 3> <II = 1> <Delay = 0.53> <IPBlock> <Opcode : '' 'add' 'sub' 'mul' 'select'> <InPorts = 0> <OutPorts = 1> <Sync> <CReg>
ST_3 : Operation 305 [1/1] (0.00ns) (grouped into LUT with out node b_forwarded_9)   --->   "%and_ln96_4 = and i1 %cmp13, i1 %cmp15_496_read" [mmult.cpp:96]   --->   Operation 305 'and' 'and_ln96_4' <Predicate = true> <Delay = 0.00> <CoreInst = "LogicGate">   --->   Core 74 'LogicGate' <Latency = 0> <II = 1> <Delay = 0.28> <FuncUnit> <Opcode : 'and' 'or' 'xor'> <InPorts = 2> <OutPorts = 1>
ST_3 : Operation 306 [1/2] (0.67ns)   --->   "%b_forwarded_8 = load i3 %b_row_major_4_addr" [mmult.cpp:97]   --->   Operation 306 'load' 'b_forwarded_8' <Predicate = true> <Delay = 0.67> <CoreInst = "RAM_2P_LUTRAM">   --->   Core 93 'RAM_2P_LUTRAM' <Latency = 1> <II = 1> <Delay = 0.67> <Storage> <Opcode : 'load' 'store'> <Ports = 2> <Width = 8> <Depth = 8> <RAM>
ST_3 : Operation 307 [1/1] (0.39ns) (out node of the LUT)   --->   "%b_forwarded_9 = select i1 %and_ln96_4, i8 %b_forwarded_8, i8 0" [mmult.cpp:96]   --->   Operation 307 'select' 'b_forwarded_9' <Predicate = true> <Delay = 0.39> <CoreInst = "Sel">   --->   Core 73 'Sel' <Latency = 0> <II = 1> <Delay = 0.39> <FuncUnit> <Opcode : 'select'> <InPorts = 3> <OutPorts = 1>
ST_3 : Operation 308 [1/1] (0.00ns)   --->   "%sext_ln100_5 = sext i8 %b_forwarded_9" [mmult.cpp:100]   --->   Operation 308 'sext' 'sext_ln100_5' <Predicate = true> <Delay = 0.00>
ST_3 : Operation 309 [3/3] (0.99ns) (grouped into DSP with root node add_ln101_4)   --->   "%product_4 = mul i16 %sext_ln100_5, i16 %sext_ln100" [mmult.cpp:100]   --->   Operation 309 'mul' 'product_4' <Predicate = true> <Delay = 0.99> <CoreInst = "DSP48">   --->   Core 127 'DSP48' <Latency = 3> <II = 1> <Delay = 0.53> <IPBlock> <Opcode : '' 'add' 'sub' 'mul' 'select'> <InPorts = 0> <OutPorts = 1> <Sync> <CReg>
ST_3 : Operation 310 [1/1] (0.00ns) (grouped into LUT with out node b_forwarded_11)   --->   "%and_ln96_5 = and i1 %cmp13, i1 %cmp15_5124_read" [mmult.cpp:96]   --->   Operation 310 'and' 'and_ln96_5' <Predicate = true> <Delay = 0.00> <CoreInst = "LogicGate">   --->   Core 74 'LogicGate' <Latency = 0> <II = 1> <Delay = 0.28> <FuncUnit> <Opcode : 'and' 'or' 'xor'> <InPorts = 2> <OutPorts = 1>
ST_3 : Operation 311 [1/2] (0.67ns)   --->   "%b_forwarded_10 = load i3 %b_row_major_5_addr" [mmult.cpp:97]   --->   Operation 311 'load' 'b_forwarded_10' <Predicate = true> <Delay = 0.67> <CoreInst = "RAM_2P_LUTRAM">   --->   Core 93 'RAM_2P_LUTRAM' <Latency = 1> <II = 1> <Delay = 0.67> <Storage> <Opcode : 'load' 'store'> <Ports = 2> <Width = 8> <Depth = 8> <RAM>
ST_3 : Operation 312 [1/1] (0.39ns) (out node of the LUT)   --->   "%b_forwarded_11 = select i1 %and_ln96_5, i8 %b_forwarded_10, i8 0" [mmult.cpp:96]   --->   Operation 312 'select' 'b_forwarded_11' <Predicate = true> <Delay = 0.39> <CoreInst = "Sel">   --->   Core 73 'Sel' <Latency = 0> <II = 1> <Delay = 0.39> <FuncUnit> <Opcode : 'select'> <InPorts = 3> <OutPorts = 1>
ST_3 : Operation 313 [1/1] (0.00ns)   --->   "%sext_ln100_6 = sext i8 %b_forwarded_11" [mmult.cpp:100]   --->   Operation 313 'sext' 'sext_ln100_6' <Predicate = true> <Delay = 0.00>
ST_3 : Operation 314 [3/3] (0.99ns) (grouped into DSP with root node add_ln101_5)   --->   "%product_5 = mul i16 %sext_ln100_6, i16 %sext_ln100" [mmult.cpp:100]   --->   Operation 314 'mul' 'product_5' <Predicate = true> <Delay = 0.99> <CoreInst = "DSP48">   --->   Core 127 'DSP48' <Latency = 3> <II = 1> <Delay = 0.53> <IPBlock> <Opcode : '' 'add' 'sub' 'mul' 'select'> <InPorts = 0> <OutPorts = 1> <Sync> <CReg>
ST_3 : Operation 315 [1/1] (0.00ns) (grouped into LUT with out node b_forwarded_13)   --->   "%and_ln96_6 = and i1 %cmp13, i1 %cmp15_6152_read" [mmult.cpp:96]   --->   Operation 315 'and' 'and_ln96_6' <Predicate = true> <Delay = 0.00> <CoreInst = "LogicGate">   --->   Core 74 'LogicGate' <Latency = 0> <II = 1> <Delay = 0.28> <FuncUnit> <Opcode : 'and' 'or' 'xor'> <InPorts = 2> <OutPorts = 1>
ST_3 : Operation 316 [1/2] (0.67ns)   --->   "%b_forwarded_12 = load i3 %b_row_major_6_addr" [mmult.cpp:97]   --->   Operation 316 'load' 'b_forwarded_12' <Predicate = true> <Delay = 0.67> <CoreInst = "RAM_2P_LUTRAM">   --->   Core 93 'RAM_2P_LUTRAM' <Latency = 1> <II = 1> <Delay = 0.67> <Storage> <Opcode : 'load' 'store'> <Ports = 2> <Width = 8> <Depth = 8> <RAM>
ST_3 : Operation 317 [1/1] (0.39ns) (out node of the LUT)   --->   "%b_forwarded_13 = select i1 %and_ln96_6, i8 %b_forwarded_12, i8 0" [mmult.cpp:96]   --->   Operation 317 'select' 'b_forwarded_13' <Predicate = true> <Delay = 0.39> <CoreInst = "Sel">   --->   Core 73 'Sel' <Latency = 0> <II = 1> <Delay = 0.39> <FuncUnit> <Opcode : 'select'> <InPorts = 3> <OutPorts = 1>
ST_3 : Operation 318 [1/1] (0.00ns)   --->   "%sext_ln100_7 = sext i8 %b_forwarded_13" [mmult.cpp:100]   --->   Operation 318 'sext' 'sext_ln100_7' <Predicate = true> <Delay = 0.00>
ST_3 : Operation 319 [3/3] (0.99ns) (grouped into DSP with root node add_ln101_6)   --->   "%product_6 = mul i16 %sext_ln100_7, i16 %sext_ln100" [mmult.cpp:100]   --->   Operation 319 'mul' 'product_6' <Predicate = true> <Delay = 0.99> <CoreInst = "DSP48">   --->   Core 127 'DSP48' <Latency = 3> <II = 1> <Delay = 0.53> <IPBlock> <Opcode : '' 'add' 'sub' 'mul' 'select'> <InPorts = 0> <OutPorts = 1> <Sync> <CReg>
ST_3 : Operation 320 [1/1] (0.00ns) (grouped into LUT with out node b_forwarded_15)   --->   "%and_ln96_7 = and i1 %cmp13, i1 %icmp6_read" [mmult.cpp:96]   --->   Operation 320 'and' 'and_ln96_7' <Predicate = true> <Delay = 0.00> <CoreInst = "LogicGate">   --->   Core 74 'LogicGate' <Latency = 0> <II = 1> <Delay = 0.28> <FuncUnit> <Opcode : 'and' 'or' 'xor'> <InPorts = 2> <OutPorts = 1>
ST_3 : Operation 321 [1/2] (0.67ns)   --->   "%b_forwarded_14 = load i3 %b_row_major_7_addr" [mmult.cpp:97]   --->   Operation 321 'load' 'b_forwarded_14' <Predicate = true> <Delay = 0.67> <CoreInst = "RAM_2P_LUTRAM">   --->   Core 93 'RAM_2P_LUTRAM' <Latency = 1> <II = 1> <Delay = 0.67> <Storage> <Opcode : 'load' 'store'> <Ports = 2> <Width = 8> <Depth = 8> <RAM>
ST_3 : Operation 322 [1/1] (0.39ns) (out node of the LUT)   --->   "%b_forwarded_15 = select i1 %and_ln96_7, i8 %b_forwarded_14, i8 0" [mmult.cpp:96]   --->   Operation 322 'select' 'b_forwarded_15' <Predicate = true> <Delay = 0.39> <CoreInst = "Sel">   --->   Core 73 'Sel' <Latency = 0> <II = 1> <Delay = 0.39> <FuncUnit> <Opcode : 'select'> <InPorts = 3> <OutPorts = 1>
ST_3 : Operation 323 [1/1] (0.00ns)   --->   "%sext_ln100_8 = sext i8 %b_forwarded_15" [mmult.cpp:100]   --->   Operation 323 'sext' 'sext_ln100_8' <Predicate = true> <Delay = 0.00>
ST_3 : Operation 324 [3/3] (0.99ns) (grouped into DSP with root node add_ln101_7)   --->   "%product_7 = mul i16 %sext_ln100_8, i16 %sext_ln100" [mmult.cpp:100]   --->   Operation 324 'mul' 'product_7' <Predicate = true> <Delay = 0.99> <CoreInst = "DSP48">   --->   Core 127 'DSP48' <Latency = 3> <II = 1> <Delay = 0.53> <IPBlock> <Opcode : '' 'add' 'sub' 'mul' 'select'> <InPorts = 0> <OutPorts = 1> <Sync> <CReg>
ST_3 : Operation 325 [1/1] (0.00ns) (grouped into LUT with out node a_forwarded_3)   --->   "%or_ln91_1 = or i1 %icmp9_read, i1 %xor_ln91" [mmult.cpp:91]   --->   Operation 325 'or' 'or_ln91_1' <Predicate = true> <Delay = 0.00> <CoreInst = "LogicGate">   --->   Core 74 'LogicGate' <Latency = 0> <II = 1> <Delay = 0.28> <FuncUnit> <Opcode : 'and' 'or' 'xor'> <InPorts = 2> <OutPorts = 1>
ST_3 : Operation 326 [1/2] (0.67ns)   --->   "%a_forwarded_2 = load i3 %a_row_major_1_addr" [mmult.cpp:92]   --->   Operation 326 'load' 'a_forwarded_2' <Predicate = true> <Delay = 0.67> <CoreInst = "RAM_2P_LUTRAM">   --->   Core 93 'RAM_2P_LUTRAM' <Latency = 1> <II = 1> <Delay = 0.67> <Storage> <Opcode : 'load' 'store'> <Ports = 2> <Width = 8> <Depth = 8> <RAM>
ST_3 : Operation 327 [1/1] (0.39ns) (out node of the LUT)   --->   "%a_forwarded_3 = select i1 %or_ln91_1, i8 0, i8 %a_forwarded_2" [mmult.cpp:91]   --->   Operation 327 'select' 'a_forwarded_3' <Predicate = true> <Delay = 0.39> <CoreInst = "Sel">   --->   Core 73 'Sel' <Latency = 0> <II = 1> <Delay = 0.39> <FuncUnit> <Opcode : 'select'> <InPorts = 3> <OutPorts = 1>
ST_3 : Operation 328 [1/1] (0.00ns)   --->   "%sext_ln100_9 = sext i8 %a_forwarded_3" [mmult.cpp:100]   --->   Operation 328 'sext' 'sext_ln100_9' <Predicate = true> <Delay = 0.00>
ST_3 : Operation 329 [3/3] (0.99ns) (grouped into DSP with root node add_ln101_8)   --->   "%product_8 = mul i16 %sext_ln100_1, i16 %sext_ln100_9" [mmult.cpp:100]   --->   Operation 329 'mul' 'product_8' <Predicate = true> <Delay = 0.99> <CoreInst = "DSP48">   --->   Core 127 'DSP48' <Latency = 3> <II = 1> <Delay = 0.53> <IPBlock> <Opcode : '' 'add' 'sub' 'mul' 'select'> <InPorts = 0> <OutPorts = 1> <Sync> <CReg>
ST_3 : Operation 330 [3/3] (0.99ns) (grouped into DSP with root node add_ln101_9)   --->   "%product_9 = mul i16 %sext_ln100_2, i16 %sext_ln100_9" [mmult.cpp:100]   --->   Operation 330 'mul' 'product_9' <Predicate = true> <Delay = 0.99> <CoreInst = "DSP48">   --->   Core 127 'DSP48' <Latency = 3> <II = 1> <Delay = 0.53> <IPBlock> <Opcode : '' 'add' 'sub' 'mul' 'select'> <InPorts = 0> <OutPorts = 1> <Sync> <CReg>
ST_3 : Operation 331 [3/3] (0.99ns) (grouped into DSP with root node add_ln101_10)   --->   "%product_10 = mul i16 %sext_ln100_3, i16 %sext_ln100_9" [mmult.cpp:100]   --->   Operation 331 'mul' 'product_10' <Predicate = true> <Delay = 0.99> <CoreInst = "DSP48">   --->   Core 127 'DSP48' <Latency = 3> <II = 1> <Delay = 0.53> <IPBlock> <Opcode : '' 'add' 'sub' 'mul' 'select'> <InPorts = 0> <OutPorts = 1> <Sync> <CReg>
ST_3 : Operation 332 [3/3] (0.99ns) (grouped into DSP with root node add_ln101_11)   --->   "%product_11 = mul i16 %sext_ln100_4, i16 %sext_ln100_9" [mmult.cpp:100]   --->   Operation 332 'mul' 'product_11' <Predicate = true> <Delay = 0.99> <CoreInst = "DSP48">   --->   Core 127 'DSP48' <Latency = 3> <II = 1> <Delay = 0.53> <IPBlock> <Opcode : '' 'add' 'sub' 'mul' 'select'> <InPorts = 0> <OutPorts = 1> <Sync> <CReg>
ST_3 : Operation 333 [3/3] (0.99ns) (grouped into DSP with root node add_ln101_12)   --->   "%product_12 = mul i16 %sext_ln100_5, i16 %sext_ln100_9" [mmult.cpp:100]   --->   Operation 333 'mul' 'product_12' <Predicate = true> <Delay = 0.99> <CoreInst = "DSP48">   --->   Core 127 'DSP48' <Latency = 3> <II = 1> <Delay = 0.53> <IPBlock> <Opcode : '' 'add' 'sub' 'mul' 'select'> <InPorts = 0> <OutPorts = 1> <Sync> <CReg>
ST_3 : Operation 334 [3/3] (0.99ns) (grouped into DSP with root node add_ln101_13)   --->   "%product_13 = mul i16 %sext_ln100_6, i16 %sext_ln100_9" [mmult.cpp:100]   --->   Operation 334 'mul' 'product_13' <Predicate = true> <Delay = 0.99> <CoreInst = "DSP48">   --->   Core 127 'DSP48' <Latency = 3> <II = 1> <Delay = 0.53> <IPBlock> <Opcode : '' 'add' 'sub' 'mul' 'select'> <InPorts = 0> <OutPorts = 1> <Sync> <CReg>
ST_3 : Operation 335 [3/3] (0.99ns) (grouped into DSP with root node add_ln101_14)   --->   "%product_14 = mul i16 %sext_ln100_7, i16 %sext_ln100_9" [mmult.cpp:100]   --->   Operation 335 'mul' 'product_14' <Predicate = true> <Delay = 0.99> <CoreInst = "DSP48">   --->   Core 127 'DSP48' <Latency = 3> <II = 1> <Delay = 0.53> <IPBlock> <Opcode : '' 'add' 'sub' 'mul' 'select'> <InPorts = 0> <OutPorts = 1> <Sync> <CReg>
ST_3 : Operation 336 [3/3] (0.99ns) (grouped into DSP with root node add_ln101_15)   --->   "%product_15 = mul i16 %sext_ln100_8, i16 %sext_ln100_9" [mmult.cpp:100]   --->   Operation 336 'mul' 'product_15' <Predicate = true> <Delay = 0.99> <CoreInst = "DSP48">   --->   Core 127 'DSP48' <Latency = 3> <II = 1> <Delay = 0.53> <IPBlock> <Opcode : '' 'add' 'sub' 'mul' 'select'> <InPorts = 0> <OutPorts = 1> <Sync> <CReg>
ST_3 : Operation 337 [1/1] (0.00ns) (grouped into LUT with out node a_forwarded_5)   --->   "%or_ln91_2 = or i1 %cmp9_2_not_read, i1 %xor_ln91" [mmult.cpp:91]   --->   Operation 337 'or' 'or_ln91_2' <Predicate = true> <Delay = 0.00> <CoreInst = "LogicGate">   --->   Core 74 'LogicGate' <Latency = 0> <II = 1> <Delay = 0.28> <FuncUnit> <Opcode : 'and' 'or' 'xor'> <InPorts = 2> <OutPorts = 1>
ST_3 : Operation 338 [1/2] (0.67ns)   --->   "%a_forwarded_4 = load i3 %a_row_major_2_addr" [mmult.cpp:92]   --->   Operation 338 'load' 'a_forwarded_4' <Predicate = true> <Delay = 0.67> <CoreInst = "RAM_2P_LUTRAM">   --->   Core 93 'RAM_2P_LUTRAM' <Latency = 1> <II = 1> <Delay = 0.67> <Storage> <Opcode : 'load' 'store'> <Ports = 2> <Width = 8> <Depth = 8> <RAM>
ST_3 : Operation 339 [1/1] (0.39ns) (out node of the LUT)   --->   "%a_forwarded_5 = select i1 %or_ln91_2, i8 0, i8 %a_forwarded_4" [mmult.cpp:91]   --->   Operation 339 'select' 'a_forwarded_5' <Predicate = true> <Delay = 0.39> <CoreInst = "Sel">   --->   Core 73 'Sel' <Latency = 0> <II = 1> <Delay = 0.39> <FuncUnit> <Opcode : 'select'> <InPorts = 3> <OutPorts = 1>
ST_3 : Operation 340 [1/1] (0.00ns)   --->   "%sext_ln100_10 = sext i8 %a_forwarded_5" [mmult.cpp:100]   --->   Operation 340 'sext' 'sext_ln100_10' <Predicate = true> <Delay = 0.00>
ST_3 : Operation 341 [3/3] (0.99ns) (grouped into DSP with root node add_ln101_16)   --->   "%product_16 = mul i16 %sext_ln100_1, i16 %sext_ln100_10" [mmult.cpp:100]   --->   Operation 341 'mul' 'product_16' <Predicate = true> <Delay = 0.99> <CoreInst = "DSP48">   --->   Core 127 'DSP48' <Latency = 3> <II = 1> <Delay = 0.53> <IPBlock> <Opcode : '' 'add' 'sub' 'mul' 'select'> <InPorts = 0> <OutPorts = 1> <Sync> <CReg>
ST_3 : Operation 342 [3/3] (0.99ns) (grouped into DSP with root node add_ln101_17)   --->   "%product_17 = mul i16 %sext_ln100_2, i16 %sext_ln100_10" [mmult.cpp:100]   --->   Operation 342 'mul' 'product_17' <Predicate = true> <Delay = 0.99> <CoreInst = "DSP48">   --->   Core 127 'DSP48' <Latency = 3> <II = 1> <Delay = 0.53> <IPBlock> <Opcode : '' 'add' 'sub' 'mul' 'select'> <InPorts = 0> <OutPorts = 1> <Sync> <CReg>
ST_3 : Operation 343 [3/3] (0.99ns) (grouped into DSP with root node add_ln101_18)   --->   "%product_18 = mul i16 %sext_ln100_3, i16 %sext_ln100_10" [mmult.cpp:100]   --->   Operation 343 'mul' 'product_18' <Predicate = true> <Delay = 0.99> <CoreInst = "DSP48">   --->   Core 127 'DSP48' <Latency = 3> <II = 1> <Delay = 0.53> <IPBlock> <Opcode : '' 'add' 'sub' 'mul' 'select'> <InPorts = 0> <OutPorts = 1> <Sync> <CReg>
ST_3 : Operation 344 [3/3] (0.99ns) (grouped into DSP with root node add_ln101_19)   --->   "%product_19 = mul i16 %sext_ln100_4, i16 %sext_ln100_10" [mmult.cpp:100]   --->   Operation 344 'mul' 'product_19' <Predicate = true> <Delay = 0.99> <CoreInst = "DSP48">   --->   Core 127 'DSP48' <Latency = 3> <II = 1> <Delay = 0.53> <IPBlock> <Opcode : '' 'add' 'sub' 'mul' 'select'> <InPorts = 0> <OutPorts = 1> <Sync> <CReg>
ST_3 : Operation 345 [3/3] (0.99ns) (grouped into DSP with root node add_ln101_20)   --->   "%product_20 = mul i16 %sext_ln100_5, i16 %sext_ln100_10" [mmult.cpp:100]   --->   Operation 345 'mul' 'product_20' <Predicate = true> <Delay = 0.99> <CoreInst = "DSP48">   --->   Core 127 'DSP48' <Latency = 3> <II = 1> <Delay = 0.53> <IPBlock> <Opcode : '' 'add' 'sub' 'mul' 'select'> <InPorts = 0> <OutPorts = 1> <Sync> <CReg>
ST_3 : Operation 346 [3/3] (0.99ns) (grouped into DSP with root node add_ln101_21)   --->   "%product_21 = mul i16 %sext_ln100_6, i16 %sext_ln100_10" [mmult.cpp:100]   --->   Operation 346 'mul' 'product_21' <Predicate = true> <Delay = 0.99> <CoreInst = "DSP48">   --->   Core 127 'DSP48' <Latency = 3> <II = 1> <Delay = 0.53> <IPBlock> <Opcode : '' 'add' 'sub' 'mul' 'select'> <InPorts = 0> <OutPorts = 1> <Sync> <CReg>
ST_3 : Operation 347 [3/3] (0.99ns) (grouped into DSP with root node add_ln101_22)   --->   "%product_22 = mul i16 %sext_ln100_7, i16 %sext_ln100_10" [mmult.cpp:100]   --->   Operation 347 'mul' 'product_22' <Predicate = true> <Delay = 0.99> <CoreInst = "DSP48">   --->   Core 127 'DSP48' <Latency = 3> <II = 1> <Delay = 0.53> <IPBlock> <Opcode : '' 'add' 'sub' 'mul' 'select'> <InPorts = 0> <OutPorts = 1> <Sync> <CReg>
ST_3 : Operation 348 [3/3] (0.99ns) (grouped into DSP with root node add_ln101_23)   --->   "%product_23 = mul i16 %sext_ln100_8, i16 %sext_ln100_10" [mmult.cpp:100]   --->   Operation 348 'mul' 'product_23' <Predicate = true> <Delay = 0.99> <CoreInst = "DSP48">   --->   Core 127 'DSP48' <Latency = 3> <II = 1> <Delay = 0.53> <IPBlock> <Opcode : '' 'add' 'sub' 'mul' 'select'> <InPorts = 0> <OutPorts = 1> <Sync> <CReg>
ST_3 : Operation 349 [1/1] (0.00ns) (grouped into LUT with out node a_forwarded_7)   --->   "%or_ln91_3 = or i1 %icmp12_read, i1 %xor_ln91" [mmult.cpp:91]   --->   Operation 349 'or' 'or_ln91_3' <Predicate = true> <Delay = 0.00> <CoreInst = "LogicGate">   --->   Core 74 'LogicGate' <Latency = 0> <II = 1> <Delay = 0.28> <FuncUnit> <Opcode : 'and' 'or' 'xor'> <InPorts = 2> <OutPorts = 1>
ST_3 : Operation 350 [1/2] (0.67ns)   --->   "%a_forwarded_6 = load i3 %a_row_major_3_addr" [mmult.cpp:92]   --->   Operation 350 'load' 'a_forwarded_6' <Predicate = true> <Delay = 0.67> <CoreInst = "RAM_2P_LUTRAM">   --->   Core 93 'RAM_2P_LUTRAM' <Latency = 1> <II = 1> <Delay = 0.67> <Storage> <Opcode : 'load' 'store'> <Ports = 2> <Width = 8> <Depth = 8> <RAM>
ST_3 : Operation 351 [1/1] (0.39ns) (out node of the LUT)   --->   "%a_forwarded_7 = select i1 %or_ln91_3, i8 0, i8 %a_forwarded_6" [mmult.cpp:91]   --->   Operation 351 'select' 'a_forwarded_7' <Predicate = true> <Delay = 0.39> <CoreInst = "Sel">   --->   Core 73 'Sel' <Latency = 0> <II = 1> <Delay = 0.39> <FuncUnit> <Opcode : 'select'> <InPorts = 3> <OutPorts = 1>
ST_3 : Operation 352 [1/1] (0.00ns)   --->   "%sext_ln100_11 = sext i8 %a_forwarded_7" [mmult.cpp:100]   --->   Operation 352 'sext' 'sext_ln100_11' <Predicate = true> <Delay = 0.00>
ST_3 : Operation 353 [3/3] (0.99ns) (grouped into DSP with root node add_ln101_24)   --->   "%product_24 = mul i16 %sext_ln100_1, i16 %sext_ln100_11" [mmult.cpp:100]   --->   Operation 353 'mul' 'product_24' <Predicate = true> <Delay = 0.99> <CoreInst = "DSP48">   --->   Core 127 'DSP48' <Latency = 3> <II = 1> <Delay = 0.53> <IPBlock> <Opcode : '' 'add' 'sub' 'mul' 'select'> <InPorts = 0> <OutPorts = 1> <Sync> <CReg>
ST_3 : Operation 354 [3/3] (0.99ns) (grouped into DSP with root node add_ln101_25)   --->   "%product_25 = mul i16 %sext_ln100_2, i16 %sext_ln100_11" [mmult.cpp:100]   --->   Operation 354 'mul' 'product_25' <Predicate = true> <Delay = 0.99> <CoreInst = "DSP48">   --->   Core 127 'DSP48' <Latency = 3> <II = 1> <Delay = 0.53> <IPBlock> <Opcode : '' 'add' 'sub' 'mul' 'select'> <InPorts = 0> <OutPorts = 1> <Sync> <CReg>
ST_3 : Operation 355 [3/3] (0.99ns) (grouped into DSP with root node add_ln101_26)   --->   "%product_26 = mul i16 %sext_ln100_3, i16 %sext_ln100_11" [mmult.cpp:100]   --->   Operation 355 'mul' 'product_26' <Predicate = true> <Delay = 0.99> <CoreInst = "DSP48">   --->   Core 127 'DSP48' <Latency = 3> <II = 1> <Delay = 0.53> <IPBlock> <Opcode : '' 'add' 'sub' 'mul' 'select'> <InPorts = 0> <OutPorts = 1> <Sync> <CReg>
ST_3 : Operation 356 [3/3] (0.99ns) (grouped into DSP with root node add_ln101_27)   --->   "%product_27 = mul i16 %sext_ln100_4, i16 %sext_ln100_11" [mmult.cpp:100]   --->   Operation 356 'mul' 'product_27' <Predicate = true> <Delay = 0.99> <CoreInst = "DSP48">   --->   Core 127 'DSP48' <Latency = 3> <II = 1> <Delay = 0.53> <IPBlock> <Opcode : '' 'add' 'sub' 'mul' 'select'> <InPorts = 0> <OutPorts = 1> <Sync> <CReg>
ST_3 : Operation 357 [3/3] (0.99ns) (grouped into DSP with root node add_ln101_28)   --->   "%product_28 = mul i16 %sext_ln100_5, i16 %sext_ln100_11" [mmult.cpp:100]   --->   Operation 357 'mul' 'product_28' <Predicate = true> <Delay = 0.99> <CoreInst = "DSP48">   --->   Core 127 'DSP48' <Latency = 3> <II = 1> <Delay = 0.53> <IPBlock> <Opcode : '' 'add' 'sub' 'mul' 'select'> <InPorts = 0> <OutPorts = 1> <Sync> <CReg>
ST_3 : Operation 358 [3/3] (0.99ns) (grouped into DSP with root node add_ln101_29)   --->   "%product_29 = mul i16 %sext_ln100_6, i16 %sext_ln100_11" [mmult.cpp:100]   --->   Operation 358 'mul' 'product_29' <Predicate = true> <Delay = 0.99> <CoreInst = "DSP48">   --->   Core 127 'DSP48' <Latency = 3> <II = 1> <Delay = 0.53> <IPBlock> <Opcode : '' 'add' 'sub' 'mul' 'select'> <InPorts = 0> <OutPorts = 1> <Sync> <CReg>
ST_3 : Operation 359 [3/3] (0.99ns) (grouped into DSP with root node add_ln101_30)   --->   "%product_30 = mul i16 %sext_ln100_7, i16 %sext_ln100_11" [mmult.cpp:100]   --->   Operation 359 'mul' 'product_30' <Predicate = true> <Delay = 0.99> <CoreInst = "DSP48">   --->   Core 127 'DSP48' <Latency = 3> <II = 1> <Delay = 0.53> <IPBlock> <Opcode : '' 'add' 'sub' 'mul' 'select'> <InPorts = 0> <OutPorts = 1> <Sync> <CReg>
ST_3 : Operation 360 [3/3] (0.99ns) (grouped into DSP with root node add_ln101_31)   --->   "%product_31 = mul i16 %sext_ln100_8, i16 %sext_ln100_11" [mmult.cpp:100]   --->   Operation 360 'mul' 'product_31' <Predicate = true> <Delay = 0.99> <CoreInst = "DSP48">   --->   Core 127 'DSP48' <Latency = 3> <II = 1> <Delay = 0.53> <IPBlock> <Opcode : '' 'add' 'sub' 'mul' 'select'> <InPorts = 0> <OutPorts = 1> <Sync> <CReg>
ST_3 : Operation 361 [1/1] (0.00ns) (grouped into LUT with out node a_forwarded_9)   --->   "%or_ln91_4 = or i1 %cmp9_4_not_read, i1 %xor_ln91" [mmult.cpp:91]   --->   Operation 361 'or' 'or_ln91_4' <Predicate = true> <Delay = 0.00> <CoreInst = "LogicGate">   --->   Core 74 'LogicGate' <Latency = 0> <II = 1> <Delay = 0.28> <FuncUnit> <Opcode : 'and' 'or' 'xor'> <InPorts = 2> <OutPorts = 1>
ST_3 : Operation 362 [1/2] (0.67ns)   --->   "%a_forwarded_8 = load i3 %a_row_major_4_addr" [mmult.cpp:92]   --->   Operation 362 'load' 'a_forwarded_8' <Predicate = true> <Delay = 0.67> <CoreInst = "RAM_2P_LUTRAM">   --->   Core 93 'RAM_2P_LUTRAM' <Latency = 1> <II = 1> <Delay = 0.67> <Storage> <Opcode : 'load' 'store'> <Ports = 2> <Width = 8> <Depth = 8> <RAM>
ST_3 : Operation 363 [1/1] (0.39ns) (out node of the LUT)   --->   "%a_forwarded_9 = select i1 %or_ln91_4, i8 0, i8 %a_forwarded_8" [mmult.cpp:91]   --->   Operation 363 'select' 'a_forwarded_9' <Predicate = true> <Delay = 0.39> <CoreInst = "Sel">   --->   Core 73 'Sel' <Latency = 0> <II = 1> <Delay = 0.39> <FuncUnit> <Opcode : 'select'> <InPorts = 3> <OutPorts = 1>
ST_3 : Operation 364 [1/1] (0.00ns)   --->   "%sext_ln100_12 = sext i8 %a_forwarded_9" [mmult.cpp:100]   --->   Operation 364 'sext' 'sext_ln100_12' <Predicate = true> <Delay = 0.00>
ST_3 : Operation 365 [3/3] (0.99ns) (grouped into DSP with root node add_ln101_32)   --->   "%product_32 = mul i16 %sext_ln100_1, i16 %sext_ln100_12" [mmult.cpp:100]   --->   Operation 365 'mul' 'product_32' <Predicate = true> <Delay = 0.99> <CoreInst = "DSP48">   --->   Core 127 'DSP48' <Latency = 3> <II = 1> <Delay = 0.53> <IPBlock> <Opcode : '' 'add' 'sub' 'mul' 'select'> <InPorts = 0> <OutPorts = 1> <Sync> <CReg>
ST_3 : Operation 366 [3/3] (0.99ns) (grouped into DSP with root node add_ln101_33)   --->   "%product_33 = mul i16 %sext_ln100_2, i16 %sext_ln100_12" [mmult.cpp:100]   --->   Operation 366 'mul' 'product_33' <Predicate = true> <Delay = 0.99> <CoreInst = "DSP48">   --->   Core 127 'DSP48' <Latency = 3> <II = 1> <Delay = 0.53> <IPBlock> <Opcode : '' 'add' 'sub' 'mul' 'select'> <InPorts = 0> <OutPorts = 1> <Sync> <CReg>
ST_3 : Operation 367 [3/3] (0.99ns) (grouped into DSP with root node add_ln101_34)   --->   "%product_34 = mul i16 %sext_ln100_3, i16 %sext_ln100_12" [mmult.cpp:100]   --->   Operation 367 'mul' 'product_34' <Predicate = true> <Delay = 0.99> <CoreInst = "DSP48">   --->   Core 127 'DSP48' <Latency = 3> <II = 1> <Delay = 0.53> <IPBlock> <Opcode : '' 'add' 'sub' 'mul' 'select'> <InPorts = 0> <OutPorts = 1> <Sync> <CReg>
ST_3 : Operation 368 [3/3] (0.99ns) (grouped into DSP with root node add_ln101_35)   --->   "%product_35 = mul i16 %sext_ln100_4, i16 %sext_ln100_12" [mmult.cpp:100]   --->   Operation 368 'mul' 'product_35' <Predicate = true> <Delay = 0.99> <CoreInst = "DSP48">   --->   Core 127 'DSP48' <Latency = 3> <II = 1> <Delay = 0.53> <IPBlock> <Opcode : '' 'add' 'sub' 'mul' 'select'> <InPorts = 0> <OutPorts = 1> <Sync> <CReg>
ST_3 : Operation 369 [3/3] (0.99ns) (grouped into DSP with root node add_ln101_36)   --->   "%product_36 = mul i16 %sext_ln100_5, i16 %sext_ln100_12" [mmult.cpp:100]   --->   Operation 369 'mul' 'product_36' <Predicate = true> <Delay = 0.99> <CoreInst = "DSP48">   --->   Core 127 'DSP48' <Latency = 3> <II = 1> <Delay = 0.53> <IPBlock> <Opcode : '' 'add' 'sub' 'mul' 'select'> <InPorts = 0> <OutPorts = 1> <Sync> <CReg>
ST_3 : Operation 370 [3/3] (0.99ns) (grouped into DSP with root node add_ln101_37)   --->   "%product_37 = mul i16 %sext_ln100_6, i16 %sext_ln100_12" [mmult.cpp:100]   --->   Operation 370 'mul' 'product_37' <Predicate = true> <Delay = 0.99> <CoreInst = "DSP48">   --->   Core 127 'DSP48' <Latency = 3> <II = 1> <Delay = 0.53> <IPBlock> <Opcode : '' 'add' 'sub' 'mul' 'select'> <InPorts = 0> <OutPorts = 1> <Sync> <CReg>
ST_3 : Operation 371 [3/3] (0.99ns) (grouped into DSP with root node add_ln101_38)   --->   "%product_38 = mul i16 %sext_ln100_7, i16 %sext_ln100_12" [mmult.cpp:100]   --->   Operation 371 'mul' 'product_38' <Predicate = true> <Delay = 0.99> <CoreInst = "DSP48">   --->   Core 127 'DSP48' <Latency = 3> <II = 1> <Delay = 0.53> <IPBlock> <Opcode : '' 'add' 'sub' 'mul' 'select'> <InPorts = 0> <OutPorts = 1> <Sync> <CReg>
ST_3 : Operation 372 [3/3] (0.99ns) (grouped into DSP with root node add_ln101_39)   --->   "%product_39 = mul i16 %sext_ln100_8, i16 %sext_ln100_12" [mmult.cpp:100]   --->   Operation 372 'mul' 'product_39' <Predicate = true> <Delay = 0.99> <CoreInst = "DSP48">   --->   Core 127 'DSP48' <Latency = 3> <II = 1> <Delay = 0.53> <IPBlock> <Opcode : '' 'add' 'sub' 'mul' 'select'> <InPorts = 0> <OutPorts = 1> <Sync> <CReg>
ST_3 : Operation 373 [1/1] (0.00ns) (grouped into LUT with out node a_forwarded_11)   --->   "%or_ln91_5 = or i1 %cmp9_5_not_read, i1 %xor_ln91" [mmult.cpp:91]   --->   Operation 373 'or' 'or_ln91_5' <Predicate = true> <Delay = 0.00> <CoreInst = "LogicGate">   --->   Core 74 'LogicGate' <Latency = 0> <II = 1> <Delay = 0.28> <FuncUnit> <Opcode : 'and' 'or' 'xor'> <InPorts = 2> <OutPorts = 1>
ST_3 : Operation 374 [1/2] (0.67ns)   --->   "%a_forwarded_10 = load i3 %a_row_major_5_addr" [mmult.cpp:92]   --->   Operation 374 'load' 'a_forwarded_10' <Predicate = true> <Delay = 0.67> <CoreInst = "RAM_2P_LUTRAM">   --->   Core 93 'RAM_2P_LUTRAM' <Latency = 1> <II = 1> <Delay = 0.67> <Storage> <Opcode : 'load' 'store'> <Ports = 2> <Width = 8> <Depth = 8> <RAM>
ST_3 : Operation 375 [1/1] (0.39ns) (out node of the LUT)   --->   "%a_forwarded_11 = select i1 %or_ln91_5, i8 0, i8 %a_forwarded_10" [mmult.cpp:91]   --->   Operation 375 'select' 'a_forwarded_11' <Predicate = true> <Delay = 0.39> <CoreInst = "Sel">   --->   Core 73 'Sel' <Latency = 0> <II = 1> <Delay = 0.39> <FuncUnit> <Opcode : 'select'> <InPorts = 3> <OutPorts = 1>
ST_3 : Operation 376 [1/1] (0.00ns)   --->   "%sext_ln100_13 = sext i8 %a_forwarded_11" [mmult.cpp:100]   --->   Operation 376 'sext' 'sext_ln100_13' <Predicate = true> <Delay = 0.00>
ST_3 : Operation 377 [3/3] (0.99ns) (grouped into DSP with root node add_ln101_40)   --->   "%product_40 = mul i16 %sext_ln100_1, i16 %sext_ln100_13" [mmult.cpp:100]   --->   Operation 377 'mul' 'product_40' <Predicate = true> <Delay = 0.99> <CoreInst = "DSP48">   --->   Core 127 'DSP48' <Latency = 3> <II = 1> <Delay = 0.53> <IPBlock> <Opcode : '' 'add' 'sub' 'mul' 'select'> <InPorts = 0> <OutPorts = 1> <Sync> <CReg>
ST_3 : Operation 378 [3/3] (0.99ns) (grouped into DSP with root node add_ln101_41)   --->   "%product_41 = mul i16 %sext_ln100_2, i16 %sext_ln100_13" [mmult.cpp:100]   --->   Operation 378 'mul' 'product_41' <Predicate = true> <Delay = 0.99> <CoreInst = "DSP48">   --->   Core 127 'DSP48' <Latency = 3> <II = 1> <Delay = 0.53> <IPBlock> <Opcode : '' 'add' 'sub' 'mul' 'select'> <InPorts = 0> <OutPorts = 1> <Sync> <CReg>
ST_3 : Operation 379 [3/3] (0.99ns) (grouped into DSP with root node add_ln101_42)   --->   "%product_42 = mul i16 %sext_ln100_3, i16 %sext_ln100_13" [mmult.cpp:100]   --->   Operation 379 'mul' 'product_42' <Predicate = true> <Delay = 0.99> <CoreInst = "DSP48">   --->   Core 127 'DSP48' <Latency = 3> <II = 1> <Delay = 0.53> <IPBlock> <Opcode : '' 'add' 'sub' 'mul' 'select'> <InPorts = 0> <OutPorts = 1> <Sync> <CReg>
ST_3 : Operation 380 [3/3] (0.99ns) (grouped into DSP with root node add_ln101_43)   --->   "%product_43 = mul i16 %sext_ln100_4, i16 %sext_ln100_13" [mmult.cpp:100]   --->   Operation 380 'mul' 'product_43' <Predicate = true> <Delay = 0.99> <CoreInst = "DSP48">   --->   Core 127 'DSP48' <Latency = 3> <II = 1> <Delay = 0.53> <IPBlock> <Opcode : '' 'add' 'sub' 'mul' 'select'> <InPorts = 0> <OutPorts = 1> <Sync> <CReg>
ST_3 : Operation 381 [3/3] (0.99ns) (grouped into DSP with root node add_ln101_44)   --->   "%product_44 = mul i16 %sext_ln100_5, i16 %sext_ln100_13" [mmult.cpp:100]   --->   Operation 381 'mul' 'product_44' <Predicate = true> <Delay = 0.99> <CoreInst = "DSP48">   --->   Core 127 'DSP48' <Latency = 3> <II = 1> <Delay = 0.53> <IPBlock> <Opcode : '' 'add' 'sub' 'mul' 'select'> <InPorts = 0> <OutPorts = 1> <Sync> <CReg>
ST_3 : Operation 382 [3/3] (0.99ns) (grouped into DSP with root node add_ln101_45)   --->   "%product_45 = mul i16 %sext_ln100_6, i16 %sext_ln100_13" [mmult.cpp:100]   --->   Operation 382 'mul' 'product_45' <Predicate = true> <Delay = 0.99> <CoreInst = "DSP48">   --->   Core 127 'DSP48' <Latency = 3> <II = 1> <Delay = 0.53> <IPBlock> <Opcode : '' 'add' 'sub' 'mul' 'select'> <InPorts = 0> <OutPorts = 1> <Sync> <CReg>
ST_3 : Operation 383 [3/3] (0.99ns) (grouped into DSP with root node add_ln101_46)   --->   "%product_46 = mul i16 %sext_ln100_7, i16 %sext_ln100_13" [mmult.cpp:100]   --->   Operation 383 'mul' 'product_46' <Predicate = true> <Delay = 0.99> <CoreInst = "DSP48">   --->   Core 127 'DSP48' <Latency = 3> <II = 1> <Delay = 0.53> <IPBlock> <Opcode : '' 'add' 'sub' 'mul' 'select'> <InPorts = 0> <OutPorts = 1> <Sync> <CReg>
ST_3 : Operation 384 [3/3] (0.99ns) (grouped into DSP with root node add_ln101_47)   --->   "%product_47 = mul i16 %sext_ln100_8, i16 %sext_ln100_13" [mmult.cpp:100]   --->   Operation 384 'mul' 'product_47' <Predicate = true> <Delay = 0.99> <CoreInst = "DSP48">   --->   Core 127 'DSP48' <Latency = 3> <II = 1> <Delay = 0.53> <IPBlock> <Opcode : '' 'add' 'sub' 'mul' 'select'> <InPorts = 0> <OutPorts = 1> <Sync> <CReg>
ST_3 : Operation 385 [1/1] (0.00ns) (grouped into LUT with out node a_forwarded_13)   --->   "%or_ln91_6 = or i1 %cmp9_6_not_read, i1 %xor_ln91" [mmult.cpp:91]   --->   Operation 385 'or' 'or_ln91_6' <Predicate = true> <Delay = 0.00> <CoreInst = "LogicGate">   --->   Core 74 'LogicGate' <Latency = 0> <II = 1> <Delay = 0.28> <FuncUnit> <Opcode : 'and' 'or' 'xor'> <InPorts = 2> <OutPorts = 1>
ST_3 : Operation 386 [1/2] (0.67ns)   --->   "%a_forwarded_12 = load i3 %a_row_major_6_addr" [mmult.cpp:92]   --->   Operation 386 'load' 'a_forwarded_12' <Predicate = true> <Delay = 0.67> <CoreInst = "RAM_2P_LUTRAM">   --->   Core 93 'RAM_2P_LUTRAM' <Latency = 1> <II = 1> <Delay = 0.67> <Storage> <Opcode : 'load' 'store'> <Ports = 2> <Width = 8> <Depth = 8> <RAM>
ST_3 : Operation 387 [1/1] (0.39ns) (out node of the LUT)   --->   "%a_forwarded_13 = select i1 %or_ln91_6, i8 0, i8 %a_forwarded_12" [mmult.cpp:91]   --->   Operation 387 'select' 'a_forwarded_13' <Predicate = true> <Delay = 0.39> <CoreInst = "Sel">   --->   Core 73 'Sel' <Latency = 0> <II = 1> <Delay = 0.39> <FuncUnit> <Opcode : 'select'> <InPorts = 3> <OutPorts = 1>
ST_3 : Operation 388 [1/1] (0.00ns)   --->   "%sext_ln100_14 = sext i8 %a_forwarded_13" [mmult.cpp:100]   --->   Operation 388 'sext' 'sext_ln100_14' <Predicate = true> <Delay = 0.00>
ST_3 : Operation 389 [3/3] (0.99ns) (grouped into DSP with root node add_ln101_48)   --->   "%product_48 = mul i16 %sext_ln100_1, i16 %sext_ln100_14" [mmult.cpp:100]   --->   Operation 389 'mul' 'product_48' <Predicate = true> <Delay = 0.99> <CoreInst = "DSP48">   --->   Core 127 'DSP48' <Latency = 3> <II = 1> <Delay = 0.53> <IPBlock> <Opcode : '' 'add' 'sub' 'mul' 'select'> <InPorts = 0> <OutPorts = 1> <Sync> <CReg>
ST_3 : Operation 390 [3/3] (0.99ns) (grouped into DSP with root node add_ln101_49)   --->   "%product_49 = mul i16 %sext_ln100_2, i16 %sext_ln100_14" [mmult.cpp:100]   --->   Operation 390 'mul' 'product_49' <Predicate = true> <Delay = 0.99> <CoreInst = "DSP48">   --->   Core 127 'DSP48' <Latency = 3> <II = 1> <Delay = 0.53> <IPBlock> <Opcode : '' 'add' 'sub' 'mul' 'select'> <InPorts = 0> <OutPorts = 1> <Sync> <CReg>
ST_3 : Operation 391 [3/3] (0.99ns) (grouped into DSP with root node add_ln101_50)   --->   "%product_50 = mul i16 %sext_ln100_3, i16 %sext_ln100_14" [mmult.cpp:100]   --->   Operation 391 'mul' 'product_50' <Predicate = true> <Delay = 0.99> <CoreInst = "DSP48">   --->   Core 127 'DSP48' <Latency = 3> <II = 1> <Delay = 0.53> <IPBlock> <Opcode : '' 'add' 'sub' 'mul' 'select'> <InPorts = 0> <OutPorts = 1> <Sync> <CReg>
ST_3 : Operation 392 [3/3] (0.99ns) (grouped into DSP with root node add_ln101_51)   --->   "%product_51 = mul i16 %sext_ln100_4, i16 %sext_ln100_14" [mmult.cpp:100]   --->   Operation 392 'mul' 'product_51' <Predicate = true> <Delay = 0.99> <CoreInst = "DSP48">   --->   Core 127 'DSP48' <Latency = 3> <II = 1> <Delay = 0.53> <IPBlock> <Opcode : '' 'add' 'sub' 'mul' 'select'> <InPorts = 0> <OutPorts = 1> <Sync> <CReg>
ST_3 : Operation 393 [3/3] (0.99ns) (grouped into DSP with root node add_ln101_52)   --->   "%product_52 = mul i16 %sext_ln100_5, i16 %sext_ln100_14" [mmult.cpp:100]   --->   Operation 393 'mul' 'product_52' <Predicate = true> <Delay = 0.99> <CoreInst = "DSP48">   --->   Core 127 'DSP48' <Latency = 3> <II = 1> <Delay = 0.53> <IPBlock> <Opcode : '' 'add' 'sub' 'mul' 'select'> <InPorts = 0> <OutPorts = 1> <Sync> <CReg>
ST_3 : Operation 394 [3/3] (0.99ns) (grouped into DSP with root node add_ln101_53)   --->   "%product_53 = mul i16 %sext_ln100_6, i16 %sext_ln100_14" [mmult.cpp:100]   --->   Operation 394 'mul' 'product_53' <Predicate = true> <Delay = 0.99> <CoreInst = "DSP48">   --->   Core 127 'DSP48' <Latency = 3> <II = 1> <Delay = 0.53> <IPBlock> <Opcode : '' 'add' 'sub' 'mul' 'select'> <InPorts = 0> <OutPorts = 1> <Sync> <CReg>
ST_3 : Operation 395 [3/3] (0.99ns) (grouped into DSP with root node add_ln101_54)   --->   "%product_54 = mul i16 %sext_ln100_7, i16 %sext_ln100_14" [mmult.cpp:100]   --->   Operation 395 'mul' 'product_54' <Predicate = true> <Delay = 0.99> <CoreInst = "DSP48">   --->   Core 127 'DSP48' <Latency = 3> <II = 1> <Delay = 0.53> <IPBlock> <Opcode : '' 'add' 'sub' 'mul' 'select'> <InPorts = 0> <OutPorts = 1> <Sync> <CReg>
ST_3 : Operation 396 [3/3] (0.99ns) (grouped into DSP with root node add_ln101_55)   --->   "%product_55 = mul i16 %sext_ln100_8, i16 %sext_ln100_14" [mmult.cpp:100]   --->   Operation 396 'mul' 'product_55' <Predicate = true> <Delay = 0.99> <CoreInst = "DSP48">   --->   Core 127 'DSP48' <Latency = 3> <II = 1> <Delay = 0.53> <IPBlock> <Opcode : '' 'add' 'sub' 'mul' 'select'> <InPorts = 0> <OutPorts = 1> <Sync> <CReg>
ST_3 : Operation 397 [1/1] (0.00ns) (grouped into LUT with out node a_forwarded_15)   --->   "%or_ln91_7 = or i1 %icmp15_read, i1 %xor_ln91" [mmult.cpp:91]   --->   Operation 397 'or' 'or_ln91_7' <Predicate = true> <Delay = 0.00> <CoreInst = "LogicGate">   --->   Core 74 'LogicGate' <Latency = 0> <II = 1> <Delay = 0.28> <FuncUnit> <Opcode : 'and' 'or' 'xor'> <InPorts = 2> <OutPorts = 1>
ST_3 : Operation 398 [1/2] (0.67ns)   --->   "%a_forwarded_14 = load i3 %a_row_major_7_addr" [mmult.cpp:92]   --->   Operation 398 'load' 'a_forwarded_14' <Predicate = true> <Delay = 0.67> <CoreInst = "RAM_2P_LUTRAM">   --->   Core 93 'RAM_2P_LUTRAM' <Latency = 1> <II = 1> <Delay = 0.67> <Storage> <Opcode : 'load' 'store'> <Ports = 2> <Width = 8> <Depth = 8> <RAM>
ST_3 : Operation 399 [1/1] (0.39ns) (out node of the LUT)   --->   "%a_forwarded_15 = select i1 %or_ln91_7, i8 0, i8 %a_forwarded_14" [mmult.cpp:91]   --->   Operation 399 'select' 'a_forwarded_15' <Predicate = true> <Delay = 0.39> <CoreInst = "Sel">   --->   Core 73 'Sel' <Latency = 0> <II = 1> <Delay = 0.39> <FuncUnit> <Opcode : 'select'> <InPorts = 3> <OutPorts = 1>
ST_3 : Operation 400 [1/1] (0.00ns)   --->   "%sext_ln100_15 = sext i8 %a_forwarded_15" [mmult.cpp:100]   --->   Operation 400 'sext' 'sext_ln100_15' <Predicate = true> <Delay = 0.00>
ST_3 : Operation 401 [3/3] (0.99ns) (grouped into DSP with root node add_ln101_56)   --->   "%product_56 = mul i16 %sext_ln100_1, i16 %sext_ln100_15" [mmult.cpp:100]   --->   Operation 401 'mul' 'product_56' <Predicate = true> <Delay = 0.99> <CoreInst = "DSP48">   --->   Core 127 'DSP48' <Latency = 3> <II = 1> <Delay = 0.53> <IPBlock> <Opcode : '' 'add' 'sub' 'mul' 'select'> <InPorts = 0> <OutPorts = 1> <Sync> <CReg>
ST_3 : Operation 402 [3/3] (0.99ns) (grouped into DSP with root node add_ln101_57)   --->   "%product_57 = mul i16 %sext_ln100_2, i16 %sext_ln100_15" [mmult.cpp:100]   --->   Operation 402 'mul' 'product_57' <Predicate = true> <Delay = 0.99> <CoreInst = "DSP48">   --->   Core 127 'DSP48' <Latency = 3> <II = 1> <Delay = 0.53> <IPBlock> <Opcode : '' 'add' 'sub' 'mul' 'select'> <InPorts = 0> <OutPorts = 1> <Sync> <CReg>
ST_3 : Operation 403 [3/3] (0.99ns) (grouped into DSP with root node add_ln101_58)   --->   "%product_58 = mul i16 %sext_ln100_3, i16 %sext_ln100_15" [mmult.cpp:100]   --->   Operation 403 'mul' 'product_58' <Predicate = true> <Delay = 0.99> <CoreInst = "DSP48">   --->   Core 127 'DSP48' <Latency = 3> <II = 1> <Delay = 0.53> <IPBlock> <Opcode : '' 'add' 'sub' 'mul' 'select'> <InPorts = 0> <OutPorts = 1> <Sync> <CReg>
ST_3 : Operation 404 [3/3] (0.99ns) (grouped into DSP with root node add_ln101_59)   --->   "%product_59 = mul i16 %sext_ln100_4, i16 %sext_ln100_15" [mmult.cpp:100]   --->   Operation 404 'mul' 'product_59' <Predicate = true> <Delay = 0.99> <CoreInst = "DSP48">   --->   Core 127 'DSP48' <Latency = 3> <II = 1> <Delay = 0.53> <IPBlock> <Opcode : '' 'add' 'sub' 'mul' 'select'> <InPorts = 0> <OutPorts = 1> <Sync> <CReg>
ST_3 : Operation 405 [3/3] (0.99ns) (grouped into DSP with root node add_ln101_60)   --->   "%product_60 = mul i16 %sext_ln100_5, i16 %sext_ln100_15" [mmult.cpp:100]   --->   Operation 405 'mul' 'product_60' <Predicate = true> <Delay = 0.99> <CoreInst = "DSP48">   --->   Core 127 'DSP48' <Latency = 3> <II = 1> <Delay = 0.53> <IPBlock> <Opcode : '' 'add' 'sub' 'mul' 'select'> <InPorts = 0> <OutPorts = 1> <Sync> <CReg>
ST_3 : Operation 406 [3/3] (0.99ns) (grouped into DSP with root node add_ln101_61)   --->   "%product_61 = mul i16 %sext_ln100_6, i16 %sext_ln100_15" [mmult.cpp:100]   --->   Operation 406 'mul' 'product_61' <Predicate = true> <Delay = 0.99> <CoreInst = "DSP48">   --->   Core 127 'DSP48' <Latency = 3> <II = 1> <Delay = 0.53> <IPBlock> <Opcode : '' 'add' 'sub' 'mul' 'select'> <InPorts = 0> <OutPorts = 1> <Sync> <CReg>
ST_3 : Operation 407 [3/3] (0.99ns) (grouped into DSP with root node add_ln101_62)   --->   "%product_62 = mul i16 %sext_ln100_7, i16 %sext_ln100_15" [mmult.cpp:100]   --->   Operation 407 'mul' 'product_62' <Predicate = true> <Delay = 0.99> <CoreInst = "DSP48">   --->   Core 127 'DSP48' <Latency = 3> <II = 1> <Delay = 0.53> <IPBlock> <Opcode : '' 'add' 'sub' 'mul' 'select'> <InPorts = 0> <OutPorts = 1> <Sync> <CReg>
ST_3 : Operation 408 [3/3] (0.99ns) (grouped into DSP with root node add_ln101_63)   --->   "%product_63 = mul i16 %sext_ln100_8, i16 %sext_ln100_15" [mmult.cpp:100]   --->   Operation 408 'mul' 'product_63' <Predicate = true> <Delay = 0.99> <CoreInst = "DSP48">   --->   Core 127 'DSP48' <Latency = 3> <II = 1> <Delay = 0.53> <IPBlock> <Opcode : '' 'add' 'sub' 'mul' 'select'> <InPorts = 0> <OutPorts = 1> <Sync> <CReg>

State 4 <SV = 3> <Delay = 0.99>
ST_4 : Operation 409 [2/3] (0.99ns) (grouped into DSP with root node add_ln101)   --->   "%product = mul i16 %sext_ln100_1, i16 %sext_ln100" [mmult.cpp:100]   --->   Operation 409 'mul' 'product' <Predicate = true> <Delay = 0.99> <CoreInst = "DSP48">   --->   Core 127 'DSP48' <Latency = 3> <II = 1> <Delay = 0.53> <IPBlock> <Opcode : '' 'add' 'sub' 'mul' 'select'> <InPorts = 0> <OutPorts = 1> <Sync> <CReg>
ST_4 : Operation 410 [2/3] (0.99ns) (grouped into DSP with root node add_ln101_1)   --->   "%product_1 = mul i16 %sext_ln100_2, i16 %sext_ln100" [mmult.cpp:100]   --->   Operation 410 'mul' 'product_1' <Predicate = true> <Delay = 0.99> <CoreInst = "DSP48">   --->   Core 127 'DSP48' <Latency = 3> <II = 1> <Delay = 0.53> <IPBlock> <Opcode : '' 'add' 'sub' 'mul' 'select'> <InPorts = 0> <OutPorts = 1> <Sync> <CReg>
ST_4 : Operation 411 [2/3] (0.99ns) (grouped into DSP with root node add_ln101_2)   --->   "%product_2 = mul i16 %sext_ln100_3, i16 %sext_ln100" [mmult.cpp:100]   --->   Operation 411 'mul' 'product_2' <Predicate = true> <Delay = 0.99> <CoreInst = "DSP48">   --->   Core 127 'DSP48' <Latency = 3> <II = 1> <Delay = 0.53> <IPBlock> <Opcode : '' 'add' 'sub' 'mul' 'select'> <InPorts = 0> <OutPorts = 1> <Sync> <CReg>
ST_4 : Operation 412 [2/3] (0.99ns) (grouped into DSP with root node add_ln101_3)   --->   "%product_3 = mul i16 %sext_ln100_4, i16 %sext_ln100" [mmult.cpp:100]   --->   Operation 412 'mul' 'product_3' <Predicate = true> <Delay = 0.99> <CoreInst = "DSP48">   --->   Core 127 'DSP48' <Latency = 3> <II = 1> <Delay = 0.53> <IPBlock> <Opcode : '' 'add' 'sub' 'mul' 'select'> <InPorts = 0> <OutPorts = 1> <Sync> <CReg>
ST_4 : Operation 413 [2/3] (0.99ns) (grouped into DSP with root node add_ln101_4)   --->   "%product_4 = mul i16 %sext_ln100_5, i16 %sext_ln100" [mmult.cpp:100]   --->   Operation 413 'mul' 'product_4' <Predicate = true> <Delay = 0.99> <CoreInst = "DSP48">   --->   Core 127 'DSP48' <Latency = 3> <II = 1> <Delay = 0.53> <IPBlock> <Opcode : '' 'add' 'sub' 'mul' 'select'> <InPorts = 0> <OutPorts = 1> <Sync> <CReg>
ST_4 : Operation 414 [2/3] (0.99ns) (grouped into DSP with root node add_ln101_5)   --->   "%product_5 = mul i16 %sext_ln100_6, i16 %sext_ln100" [mmult.cpp:100]   --->   Operation 414 'mul' 'product_5' <Predicate = true> <Delay = 0.99> <CoreInst = "DSP48">   --->   Core 127 'DSP48' <Latency = 3> <II = 1> <Delay = 0.53> <IPBlock> <Opcode : '' 'add' 'sub' 'mul' 'select'> <InPorts = 0> <OutPorts = 1> <Sync> <CReg>
ST_4 : Operation 415 [2/3] (0.99ns) (grouped into DSP with root node add_ln101_6)   --->   "%product_6 = mul i16 %sext_ln100_7, i16 %sext_ln100" [mmult.cpp:100]   --->   Operation 415 'mul' 'product_6' <Predicate = true> <Delay = 0.99> <CoreInst = "DSP48">   --->   Core 127 'DSP48' <Latency = 3> <II = 1> <Delay = 0.53> <IPBlock> <Opcode : '' 'add' 'sub' 'mul' 'select'> <InPorts = 0> <OutPorts = 1> <Sync> <CReg>
ST_4 : Operation 416 [2/3] (0.99ns) (grouped into DSP with root node add_ln101_7)   --->   "%product_7 = mul i16 %sext_ln100_8, i16 %sext_ln100" [mmult.cpp:100]   --->   Operation 416 'mul' 'product_7' <Predicate = true> <Delay = 0.99> <CoreInst = "DSP48">   --->   Core 127 'DSP48' <Latency = 3> <II = 1> <Delay = 0.53> <IPBlock> <Opcode : '' 'add' 'sub' 'mul' 'select'> <InPorts = 0> <OutPorts = 1> <Sync> <CReg>
ST_4 : Operation 417 [2/3] (0.99ns) (grouped into DSP with root node add_ln101_8)   --->   "%product_8 = mul i16 %sext_ln100_1, i16 %sext_ln100_9" [mmult.cpp:100]   --->   Operation 417 'mul' 'product_8' <Predicate = true> <Delay = 0.99> <CoreInst = "DSP48">   --->   Core 127 'DSP48' <Latency = 3> <II = 1> <Delay = 0.53> <IPBlock> <Opcode : '' 'add' 'sub' 'mul' 'select'> <InPorts = 0> <OutPorts = 1> <Sync> <CReg>
ST_4 : Operation 418 [2/3] (0.99ns) (grouped into DSP with root node add_ln101_9)   --->   "%product_9 = mul i16 %sext_ln100_2, i16 %sext_ln100_9" [mmult.cpp:100]   --->   Operation 418 'mul' 'product_9' <Predicate = true> <Delay = 0.99> <CoreInst = "DSP48">   --->   Core 127 'DSP48' <Latency = 3> <II = 1> <Delay = 0.53> <IPBlock> <Opcode : '' 'add' 'sub' 'mul' 'select'> <InPorts = 0> <OutPorts = 1> <Sync> <CReg>
ST_4 : Operation 419 [2/3] (0.99ns) (grouped into DSP with root node add_ln101_10)   --->   "%product_10 = mul i16 %sext_ln100_3, i16 %sext_ln100_9" [mmult.cpp:100]   --->   Operation 419 'mul' 'product_10' <Predicate = true> <Delay = 0.99> <CoreInst = "DSP48">   --->   Core 127 'DSP48' <Latency = 3> <II = 1> <Delay = 0.53> <IPBlock> <Opcode : '' 'add' 'sub' 'mul' 'select'> <InPorts = 0> <OutPorts = 1> <Sync> <CReg>
ST_4 : Operation 420 [2/3] (0.99ns) (grouped into DSP with root node add_ln101_11)   --->   "%product_11 = mul i16 %sext_ln100_4, i16 %sext_ln100_9" [mmult.cpp:100]   --->   Operation 420 'mul' 'product_11' <Predicate = true> <Delay = 0.99> <CoreInst = "DSP48">   --->   Core 127 'DSP48' <Latency = 3> <II = 1> <Delay = 0.53> <IPBlock> <Opcode : '' 'add' 'sub' 'mul' 'select'> <InPorts = 0> <OutPorts = 1> <Sync> <CReg>
ST_4 : Operation 421 [2/3] (0.99ns) (grouped into DSP with root node add_ln101_12)   --->   "%product_12 = mul i16 %sext_ln100_5, i16 %sext_ln100_9" [mmult.cpp:100]   --->   Operation 421 'mul' 'product_12' <Predicate = true> <Delay = 0.99> <CoreInst = "DSP48">   --->   Core 127 'DSP48' <Latency = 3> <II = 1> <Delay = 0.53> <IPBlock> <Opcode : '' 'add' 'sub' 'mul' 'select'> <InPorts = 0> <OutPorts = 1> <Sync> <CReg>
ST_4 : Operation 422 [2/3] (0.99ns) (grouped into DSP with root node add_ln101_13)   --->   "%product_13 = mul i16 %sext_ln100_6, i16 %sext_ln100_9" [mmult.cpp:100]   --->   Operation 422 'mul' 'product_13' <Predicate = true> <Delay = 0.99> <CoreInst = "DSP48">   --->   Core 127 'DSP48' <Latency = 3> <II = 1> <Delay = 0.53> <IPBlock> <Opcode : '' 'add' 'sub' 'mul' 'select'> <InPorts = 0> <OutPorts = 1> <Sync> <CReg>
ST_4 : Operation 423 [2/3] (0.99ns) (grouped into DSP with root node add_ln101_14)   --->   "%product_14 = mul i16 %sext_ln100_7, i16 %sext_ln100_9" [mmult.cpp:100]   --->   Operation 423 'mul' 'product_14' <Predicate = true> <Delay = 0.99> <CoreInst = "DSP48">   --->   Core 127 'DSP48' <Latency = 3> <II = 1> <Delay = 0.53> <IPBlock> <Opcode : '' 'add' 'sub' 'mul' 'select'> <InPorts = 0> <OutPorts = 1> <Sync> <CReg>
ST_4 : Operation 424 [2/3] (0.99ns) (grouped into DSP with root node add_ln101_15)   --->   "%product_15 = mul i16 %sext_ln100_8, i16 %sext_ln100_9" [mmult.cpp:100]   --->   Operation 424 'mul' 'product_15' <Predicate = true> <Delay = 0.99> <CoreInst = "DSP48">   --->   Core 127 'DSP48' <Latency = 3> <II = 1> <Delay = 0.53> <IPBlock> <Opcode : '' 'add' 'sub' 'mul' 'select'> <InPorts = 0> <OutPorts = 1> <Sync> <CReg>
ST_4 : Operation 425 [2/3] (0.99ns) (grouped into DSP with root node add_ln101_16)   --->   "%product_16 = mul i16 %sext_ln100_1, i16 %sext_ln100_10" [mmult.cpp:100]   --->   Operation 425 'mul' 'product_16' <Predicate = true> <Delay = 0.99> <CoreInst = "DSP48">   --->   Core 127 'DSP48' <Latency = 3> <II = 1> <Delay = 0.53> <IPBlock> <Opcode : '' 'add' 'sub' 'mul' 'select'> <InPorts = 0> <OutPorts = 1> <Sync> <CReg>
ST_4 : Operation 426 [2/3] (0.99ns) (grouped into DSP with root node add_ln101_17)   --->   "%product_17 = mul i16 %sext_ln100_2, i16 %sext_ln100_10" [mmult.cpp:100]   --->   Operation 426 'mul' 'product_17' <Predicate = true> <Delay = 0.99> <CoreInst = "DSP48">   --->   Core 127 'DSP48' <Latency = 3> <II = 1> <Delay = 0.53> <IPBlock> <Opcode : '' 'add' 'sub' 'mul' 'select'> <InPorts = 0> <OutPorts = 1> <Sync> <CReg>
ST_4 : Operation 427 [2/3] (0.99ns) (grouped into DSP with root node add_ln101_18)   --->   "%product_18 = mul i16 %sext_ln100_3, i16 %sext_ln100_10" [mmult.cpp:100]   --->   Operation 427 'mul' 'product_18' <Predicate = true> <Delay = 0.99> <CoreInst = "DSP48">   --->   Core 127 'DSP48' <Latency = 3> <II = 1> <Delay = 0.53> <IPBlock> <Opcode : '' 'add' 'sub' 'mul' 'select'> <InPorts = 0> <OutPorts = 1> <Sync> <CReg>
ST_4 : Operation 428 [2/3] (0.99ns) (grouped into DSP with root node add_ln101_19)   --->   "%product_19 = mul i16 %sext_ln100_4, i16 %sext_ln100_10" [mmult.cpp:100]   --->   Operation 428 'mul' 'product_19' <Predicate = true> <Delay = 0.99> <CoreInst = "DSP48">   --->   Core 127 'DSP48' <Latency = 3> <II = 1> <Delay = 0.53> <IPBlock> <Opcode : '' 'add' 'sub' 'mul' 'select'> <InPorts = 0> <OutPorts = 1> <Sync> <CReg>
ST_4 : Operation 429 [2/3] (0.99ns) (grouped into DSP with root node add_ln101_20)   --->   "%product_20 = mul i16 %sext_ln100_5, i16 %sext_ln100_10" [mmult.cpp:100]   --->   Operation 429 'mul' 'product_20' <Predicate = true> <Delay = 0.99> <CoreInst = "DSP48">   --->   Core 127 'DSP48' <Latency = 3> <II = 1> <Delay = 0.53> <IPBlock> <Opcode : '' 'add' 'sub' 'mul' 'select'> <InPorts = 0> <OutPorts = 1> <Sync> <CReg>
ST_4 : Operation 430 [2/3] (0.99ns) (grouped into DSP with root node add_ln101_21)   --->   "%product_21 = mul i16 %sext_ln100_6, i16 %sext_ln100_10" [mmult.cpp:100]   --->   Operation 430 'mul' 'product_21' <Predicate = true> <Delay = 0.99> <CoreInst = "DSP48">   --->   Core 127 'DSP48' <Latency = 3> <II = 1> <Delay = 0.53> <IPBlock> <Opcode : '' 'add' 'sub' 'mul' 'select'> <InPorts = 0> <OutPorts = 1> <Sync> <CReg>
ST_4 : Operation 431 [2/3] (0.99ns) (grouped into DSP with root node add_ln101_22)   --->   "%product_22 = mul i16 %sext_ln100_7, i16 %sext_ln100_10" [mmult.cpp:100]   --->   Operation 431 'mul' 'product_22' <Predicate = true> <Delay = 0.99> <CoreInst = "DSP48">   --->   Core 127 'DSP48' <Latency = 3> <II = 1> <Delay = 0.53> <IPBlock> <Opcode : '' 'add' 'sub' 'mul' 'select'> <InPorts = 0> <OutPorts = 1> <Sync> <CReg>
ST_4 : Operation 432 [2/3] (0.99ns) (grouped into DSP with root node add_ln101_23)   --->   "%product_23 = mul i16 %sext_ln100_8, i16 %sext_ln100_10" [mmult.cpp:100]   --->   Operation 432 'mul' 'product_23' <Predicate = true> <Delay = 0.99> <CoreInst = "DSP48">   --->   Core 127 'DSP48' <Latency = 3> <II = 1> <Delay = 0.53> <IPBlock> <Opcode : '' 'add' 'sub' 'mul' 'select'> <InPorts = 0> <OutPorts = 1> <Sync> <CReg>
ST_4 : Operation 433 [2/3] (0.99ns) (grouped into DSP with root node add_ln101_24)   --->   "%product_24 = mul i16 %sext_ln100_1, i16 %sext_ln100_11" [mmult.cpp:100]   --->   Operation 433 'mul' 'product_24' <Predicate = true> <Delay = 0.99> <CoreInst = "DSP48">   --->   Core 127 'DSP48' <Latency = 3> <II = 1> <Delay = 0.53> <IPBlock> <Opcode : '' 'add' 'sub' 'mul' 'select'> <InPorts = 0> <OutPorts = 1> <Sync> <CReg>
ST_4 : Operation 434 [2/3] (0.99ns) (grouped into DSP with root node add_ln101_25)   --->   "%product_25 = mul i16 %sext_ln100_2, i16 %sext_ln100_11" [mmult.cpp:100]   --->   Operation 434 'mul' 'product_25' <Predicate = true> <Delay = 0.99> <CoreInst = "DSP48">   --->   Core 127 'DSP48' <Latency = 3> <II = 1> <Delay = 0.53> <IPBlock> <Opcode : '' 'add' 'sub' 'mul' 'select'> <InPorts = 0> <OutPorts = 1> <Sync> <CReg>
ST_4 : Operation 435 [2/3] (0.99ns) (grouped into DSP with root node add_ln101_26)   --->   "%product_26 = mul i16 %sext_ln100_3, i16 %sext_ln100_11" [mmult.cpp:100]   --->   Operation 435 'mul' 'product_26' <Predicate = true> <Delay = 0.99> <CoreInst = "DSP48">   --->   Core 127 'DSP48' <Latency = 3> <II = 1> <Delay = 0.53> <IPBlock> <Opcode : '' 'add' 'sub' 'mul' 'select'> <InPorts = 0> <OutPorts = 1> <Sync> <CReg>
ST_4 : Operation 436 [2/3] (0.99ns) (grouped into DSP with root node add_ln101_27)   --->   "%product_27 = mul i16 %sext_ln100_4, i16 %sext_ln100_11" [mmult.cpp:100]   --->   Operation 436 'mul' 'product_27' <Predicate = true> <Delay = 0.99> <CoreInst = "DSP48">   --->   Core 127 'DSP48' <Latency = 3> <II = 1> <Delay = 0.53> <IPBlock> <Opcode : '' 'add' 'sub' 'mul' 'select'> <InPorts = 0> <OutPorts = 1> <Sync> <CReg>
ST_4 : Operation 437 [2/3] (0.99ns) (grouped into DSP with root node add_ln101_28)   --->   "%product_28 = mul i16 %sext_ln100_5, i16 %sext_ln100_11" [mmult.cpp:100]   --->   Operation 437 'mul' 'product_28' <Predicate = true> <Delay = 0.99> <CoreInst = "DSP48">   --->   Core 127 'DSP48' <Latency = 3> <II = 1> <Delay = 0.53> <IPBlock> <Opcode : '' 'add' 'sub' 'mul' 'select'> <InPorts = 0> <OutPorts = 1> <Sync> <CReg>
ST_4 : Operation 438 [2/3] (0.99ns) (grouped into DSP with root node add_ln101_29)   --->   "%product_29 = mul i16 %sext_ln100_6, i16 %sext_ln100_11" [mmult.cpp:100]   --->   Operation 438 'mul' 'product_29' <Predicate = true> <Delay = 0.99> <CoreInst = "DSP48">   --->   Core 127 'DSP48' <Latency = 3> <II = 1> <Delay = 0.53> <IPBlock> <Opcode : '' 'add' 'sub' 'mul' 'select'> <InPorts = 0> <OutPorts = 1> <Sync> <CReg>
ST_4 : Operation 439 [2/3] (0.99ns) (grouped into DSP with root node add_ln101_30)   --->   "%product_30 = mul i16 %sext_ln100_7, i16 %sext_ln100_11" [mmult.cpp:100]   --->   Operation 439 'mul' 'product_30' <Predicate = true> <Delay = 0.99> <CoreInst = "DSP48">   --->   Core 127 'DSP48' <Latency = 3> <II = 1> <Delay = 0.53> <IPBlock> <Opcode : '' 'add' 'sub' 'mul' 'select'> <InPorts = 0> <OutPorts = 1> <Sync> <CReg>
ST_4 : Operation 440 [2/3] (0.99ns) (grouped into DSP with root node add_ln101_31)   --->   "%product_31 = mul i16 %sext_ln100_8, i16 %sext_ln100_11" [mmult.cpp:100]   --->   Operation 440 'mul' 'product_31' <Predicate = true> <Delay = 0.99> <CoreInst = "DSP48">   --->   Core 127 'DSP48' <Latency = 3> <II = 1> <Delay = 0.53> <IPBlock> <Opcode : '' 'add' 'sub' 'mul' 'select'> <InPorts = 0> <OutPorts = 1> <Sync> <CReg>
ST_4 : Operation 441 [2/3] (0.99ns) (grouped into DSP with root node add_ln101_32)   --->   "%product_32 = mul i16 %sext_ln100_1, i16 %sext_ln100_12" [mmult.cpp:100]   --->   Operation 441 'mul' 'product_32' <Predicate = true> <Delay = 0.99> <CoreInst = "DSP48">   --->   Core 127 'DSP48' <Latency = 3> <II = 1> <Delay = 0.53> <IPBlock> <Opcode : '' 'add' 'sub' 'mul' 'select'> <InPorts = 0> <OutPorts = 1> <Sync> <CReg>
ST_4 : Operation 442 [2/3] (0.99ns) (grouped into DSP with root node add_ln101_33)   --->   "%product_33 = mul i16 %sext_ln100_2, i16 %sext_ln100_12" [mmult.cpp:100]   --->   Operation 442 'mul' 'product_33' <Predicate = true> <Delay = 0.99> <CoreInst = "DSP48">   --->   Core 127 'DSP48' <Latency = 3> <II = 1> <Delay = 0.53> <IPBlock> <Opcode : '' 'add' 'sub' 'mul' 'select'> <InPorts = 0> <OutPorts = 1> <Sync> <CReg>
ST_4 : Operation 443 [2/3] (0.99ns) (grouped into DSP with root node add_ln101_34)   --->   "%product_34 = mul i16 %sext_ln100_3, i16 %sext_ln100_12" [mmult.cpp:100]   --->   Operation 443 'mul' 'product_34' <Predicate = true> <Delay = 0.99> <CoreInst = "DSP48">   --->   Core 127 'DSP48' <Latency = 3> <II = 1> <Delay = 0.53> <IPBlock> <Opcode : '' 'add' 'sub' 'mul' 'select'> <InPorts = 0> <OutPorts = 1> <Sync> <CReg>
ST_4 : Operation 444 [2/3] (0.99ns) (grouped into DSP with root node add_ln101_35)   --->   "%product_35 = mul i16 %sext_ln100_4, i16 %sext_ln100_12" [mmult.cpp:100]   --->   Operation 444 'mul' 'product_35' <Predicate = true> <Delay = 0.99> <CoreInst = "DSP48">   --->   Core 127 'DSP48' <Latency = 3> <II = 1> <Delay = 0.53> <IPBlock> <Opcode : '' 'add' 'sub' 'mul' 'select'> <InPorts = 0> <OutPorts = 1> <Sync> <CReg>
ST_4 : Operation 445 [2/3] (0.99ns) (grouped into DSP with root node add_ln101_36)   --->   "%product_36 = mul i16 %sext_ln100_5, i16 %sext_ln100_12" [mmult.cpp:100]   --->   Operation 445 'mul' 'product_36' <Predicate = true> <Delay = 0.99> <CoreInst = "DSP48">   --->   Core 127 'DSP48' <Latency = 3> <II = 1> <Delay = 0.53> <IPBlock> <Opcode : '' 'add' 'sub' 'mul' 'select'> <InPorts = 0> <OutPorts = 1> <Sync> <CReg>
ST_4 : Operation 446 [2/3] (0.99ns) (grouped into DSP with root node add_ln101_37)   --->   "%product_37 = mul i16 %sext_ln100_6, i16 %sext_ln100_12" [mmult.cpp:100]   --->   Operation 446 'mul' 'product_37' <Predicate = true> <Delay = 0.99> <CoreInst = "DSP48">   --->   Core 127 'DSP48' <Latency = 3> <II = 1> <Delay = 0.53> <IPBlock> <Opcode : '' 'add' 'sub' 'mul' 'select'> <InPorts = 0> <OutPorts = 1> <Sync> <CReg>
ST_4 : Operation 447 [2/3] (0.99ns) (grouped into DSP with root node add_ln101_38)   --->   "%product_38 = mul i16 %sext_ln100_7, i16 %sext_ln100_12" [mmult.cpp:100]   --->   Operation 447 'mul' 'product_38' <Predicate = true> <Delay = 0.99> <CoreInst = "DSP48">   --->   Core 127 'DSP48' <Latency = 3> <II = 1> <Delay = 0.53> <IPBlock> <Opcode : '' 'add' 'sub' 'mul' 'select'> <InPorts = 0> <OutPorts = 1> <Sync> <CReg>
ST_4 : Operation 448 [2/3] (0.99ns) (grouped into DSP with root node add_ln101_39)   --->   "%product_39 = mul i16 %sext_ln100_8, i16 %sext_ln100_12" [mmult.cpp:100]   --->   Operation 448 'mul' 'product_39' <Predicate = true> <Delay = 0.99> <CoreInst = "DSP48">   --->   Core 127 'DSP48' <Latency = 3> <II = 1> <Delay = 0.53> <IPBlock> <Opcode : '' 'add' 'sub' 'mul' 'select'> <InPorts = 0> <OutPorts = 1> <Sync> <CReg>
ST_4 : Operation 449 [2/3] (0.99ns) (grouped into DSP with root node add_ln101_40)   --->   "%product_40 = mul i16 %sext_ln100_1, i16 %sext_ln100_13" [mmult.cpp:100]   --->   Operation 449 'mul' 'product_40' <Predicate = true> <Delay = 0.99> <CoreInst = "DSP48">   --->   Core 127 'DSP48' <Latency = 3> <II = 1> <Delay = 0.53> <IPBlock> <Opcode : '' 'add' 'sub' 'mul' 'select'> <InPorts = 0> <OutPorts = 1> <Sync> <CReg>
ST_4 : Operation 450 [2/3] (0.99ns) (grouped into DSP with root node add_ln101_41)   --->   "%product_41 = mul i16 %sext_ln100_2, i16 %sext_ln100_13" [mmult.cpp:100]   --->   Operation 450 'mul' 'product_41' <Predicate = true> <Delay = 0.99> <CoreInst = "DSP48">   --->   Core 127 'DSP48' <Latency = 3> <II = 1> <Delay = 0.53> <IPBlock> <Opcode : '' 'add' 'sub' 'mul' 'select'> <InPorts = 0> <OutPorts = 1> <Sync> <CReg>
ST_4 : Operation 451 [2/3] (0.99ns) (grouped into DSP with root node add_ln101_42)   --->   "%product_42 = mul i16 %sext_ln100_3, i16 %sext_ln100_13" [mmult.cpp:100]   --->   Operation 451 'mul' 'product_42' <Predicate = true> <Delay = 0.99> <CoreInst = "DSP48">   --->   Core 127 'DSP48' <Latency = 3> <II = 1> <Delay = 0.53> <IPBlock> <Opcode : '' 'add' 'sub' 'mul' 'select'> <InPorts = 0> <OutPorts = 1> <Sync> <CReg>
ST_4 : Operation 452 [2/3] (0.99ns) (grouped into DSP with root node add_ln101_43)   --->   "%product_43 = mul i16 %sext_ln100_4, i16 %sext_ln100_13" [mmult.cpp:100]   --->   Operation 452 'mul' 'product_43' <Predicate = true> <Delay = 0.99> <CoreInst = "DSP48">   --->   Core 127 'DSP48' <Latency = 3> <II = 1> <Delay = 0.53> <IPBlock> <Opcode : '' 'add' 'sub' 'mul' 'select'> <InPorts = 0> <OutPorts = 1> <Sync> <CReg>
ST_4 : Operation 453 [2/3] (0.99ns) (grouped into DSP with root node add_ln101_44)   --->   "%product_44 = mul i16 %sext_ln100_5, i16 %sext_ln100_13" [mmult.cpp:100]   --->   Operation 453 'mul' 'product_44' <Predicate = true> <Delay = 0.99> <CoreInst = "DSP48">   --->   Core 127 'DSP48' <Latency = 3> <II = 1> <Delay = 0.53> <IPBlock> <Opcode : '' 'add' 'sub' 'mul' 'select'> <InPorts = 0> <OutPorts = 1> <Sync> <CReg>
ST_4 : Operation 454 [2/3] (0.99ns) (grouped into DSP with root node add_ln101_45)   --->   "%product_45 = mul i16 %sext_ln100_6, i16 %sext_ln100_13" [mmult.cpp:100]   --->   Operation 454 'mul' 'product_45' <Predicate = true> <Delay = 0.99> <CoreInst = "DSP48">   --->   Core 127 'DSP48' <Latency = 3> <II = 1> <Delay = 0.53> <IPBlock> <Opcode : '' 'add' 'sub' 'mul' 'select'> <InPorts = 0> <OutPorts = 1> <Sync> <CReg>
ST_4 : Operation 455 [2/3] (0.99ns) (grouped into DSP with root node add_ln101_46)   --->   "%product_46 = mul i16 %sext_ln100_7, i16 %sext_ln100_13" [mmult.cpp:100]   --->   Operation 455 'mul' 'product_46' <Predicate = true> <Delay = 0.99> <CoreInst = "DSP48">   --->   Core 127 'DSP48' <Latency = 3> <II = 1> <Delay = 0.53> <IPBlock> <Opcode : '' 'add' 'sub' 'mul' 'select'> <InPorts = 0> <OutPorts = 1> <Sync> <CReg>
ST_4 : Operation 456 [2/3] (0.99ns) (grouped into DSP with root node add_ln101_47)   --->   "%product_47 = mul i16 %sext_ln100_8, i16 %sext_ln100_13" [mmult.cpp:100]   --->   Operation 456 'mul' 'product_47' <Predicate = true> <Delay = 0.99> <CoreInst = "DSP48">   --->   Core 127 'DSP48' <Latency = 3> <II = 1> <Delay = 0.53> <IPBlock> <Opcode : '' 'add' 'sub' 'mul' 'select'> <InPorts = 0> <OutPorts = 1> <Sync> <CReg>
ST_4 : Operation 457 [2/3] (0.99ns) (grouped into DSP with root node add_ln101_48)   --->   "%product_48 = mul i16 %sext_ln100_1, i16 %sext_ln100_14" [mmult.cpp:100]   --->   Operation 457 'mul' 'product_48' <Predicate = true> <Delay = 0.99> <CoreInst = "DSP48">   --->   Core 127 'DSP48' <Latency = 3> <II = 1> <Delay = 0.53> <IPBlock> <Opcode : '' 'add' 'sub' 'mul' 'select'> <InPorts = 0> <OutPorts = 1> <Sync> <CReg>
ST_4 : Operation 458 [2/3] (0.99ns) (grouped into DSP with root node add_ln101_49)   --->   "%product_49 = mul i16 %sext_ln100_2, i16 %sext_ln100_14" [mmult.cpp:100]   --->   Operation 458 'mul' 'product_49' <Predicate = true> <Delay = 0.99> <CoreInst = "DSP48">   --->   Core 127 'DSP48' <Latency = 3> <II = 1> <Delay = 0.53> <IPBlock> <Opcode : '' 'add' 'sub' 'mul' 'select'> <InPorts = 0> <OutPorts = 1> <Sync> <CReg>
ST_4 : Operation 459 [2/3] (0.99ns) (grouped into DSP with root node add_ln101_50)   --->   "%product_50 = mul i16 %sext_ln100_3, i16 %sext_ln100_14" [mmult.cpp:100]   --->   Operation 459 'mul' 'product_50' <Predicate = true> <Delay = 0.99> <CoreInst = "DSP48">   --->   Core 127 'DSP48' <Latency = 3> <II = 1> <Delay = 0.53> <IPBlock> <Opcode : '' 'add' 'sub' 'mul' 'select'> <InPorts = 0> <OutPorts = 1> <Sync> <CReg>
ST_4 : Operation 460 [2/3] (0.99ns) (grouped into DSP with root node add_ln101_51)   --->   "%product_51 = mul i16 %sext_ln100_4, i16 %sext_ln100_14" [mmult.cpp:100]   --->   Operation 460 'mul' 'product_51' <Predicate = true> <Delay = 0.99> <CoreInst = "DSP48">   --->   Core 127 'DSP48' <Latency = 3> <II = 1> <Delay = 0.53> <IPBlock> <Opcode : '' 'add' 'sub' 'mul' 'select'> <InPorts = 0> <OutPorts = 1> <Sync> <CReg>
ST_4 : Operation 461 [2/3] (0.99ns) (grouped into DSP with root node add_ln101_52)   --->   "%product_52 = mul i16 %sext_ln100_5, i16 %sext_ln100_14" [mmult.cpp:100]   --->   Operation 461 'mul' 'product_52' <Predicate = true> <Delay = 0.99> <CoreInst = "DSP48">   --->   Core 127 'DSP48' <Latency = 3> <II = 1> <Delay = 0.53> <IPBlock> <Opcode : '' 'add' 'sub' 'mul' 'select'> <InPorts = 0> <OutPorts = 1> <Sync> <CReg>
ST_4 : Operation 462 [2/3] (0.99ns) (grouped into DSP with root node add_ln101_53)   --->   "%product_53 = mul i16 %sext_ln100_6, i16 %sext_ln100_14" [mmult.cpp:100]   --->   Operation 462 'mul' 'product_53' <Predicate = true> <Delay = 0.99> <CoreInst = "DSP48">   --->   Core 127 'DSP48' <Latency = 3> <II = 1> <Delay = 0.53> <IPBlock> <Opcode : '' 'add' 'sub' 'mul' 'select'> <InPorts = 0> <OutPorts = 1> <Sync> <CReg>
ST_4 : Operation 463 [2/3] (0.99ns) (grouped into DSP with root node add_ln101_54)   --->   "%product_54 = mul i16 %sext_ln100_7, i16 %sext_ln100_14" [mmult.cpp:100]   --->   Operation 463 'mul' 'product_54' <Predicate = true> <Delay = 0.99> <CoreInst = "DSP48">   --->   Core 127 'DSP48' <Latency = 3> <II = 1> <Delay = 0.53> <IPBlock> <Opcode : '' 'add' 'sub' 'mul' 'select'> <InPorts = 0> <OutPorts = 1> <Sync> <CReg>
ST_4 : Operation 464 [2/3] (0.99ns) (grouped into DSP with root node add_ln101_55)   --->   "%product_55 = mul i16 %sext_ln100_8, i16 %sext_ln100_14" [mmult.cpp:100]   --->   Operation 464 'mul' 'product_55' <Predicate = true> <Delay = 0.99> <CoreInst = "DSP48">   --->   Core 127 'DSP48' <Latency = 3> <II = 1> <Delay = 0.53> <IPBlock> <Opcode : '' 'add' 'sub' 'mul' 'select'> <InPorts = 0> <OutPorts = 1> <Sync> <CReg>
ST_4 : Operation 465 [2/3] (0.99ns) (grouped into DSP with root node add_ln101_56)   --->   "%product_56 = mul i16 %sext_ln100_1, i16 %sext_ln100_15" [mmult.cpp:100]   --->   Operation 465 'mul' 'product_56' <Predicate = true> <Delay = 0.99> <CoreInst = "DSP48">   --->   Core 127 'DSP48' <Latency = 3> <II = 1> <Delay = 0.53> <IPBlock> <Opcode : '' 'add' 'sub' 'mul' 'select'> <InPorts = 0> <OutPorts = 1> <Sync> <CReg>
ST_4 : Operation 466 [2/3] (0.99ns) (grouped into DSP with root node add_ln101_57)   --->   "%product_57 = mul i16 %sext_ln100_2, i16 %sext_ln100_15" [mmult.cpp:100]   --->   Operation 466 'mul' 'product_57' <Predicate = true> <Delay = 0.99> <CoreInst = "DSP48">   --->   Core 127 'DSP48' <Latency = 3> <II = 1> <Delay = 0.53> <IPBlock> <Opcode : '' 'add' 'sub' 'mul' 'select'> <InPorts = 0> <OutPorts = 1> <Sync> <CReg>
ST_4 : Operation 467 [2/3] (0.99ns) (grouped into DSP with root node add_ln101_58)   --->   "%product_58 = mul i16 %sext_ln100_3, i16 %sext_ln100_15" [mmult.cpp:100]   --->   Operation 467 'mul' 'product_58' <Predicate = true> <Delay = 0.99> <CoreInst = "DSP48">   --->   Core 127 'DSP48' <Latency = 3> <II = 1> <Delay = 0.53> <IPBlock> <Opcode : '' 'add' 'sub' 'mul' 'select'> <InPorts = 0> <OutPorts = 1> <Sync> <CReg>
ST_4 : Operation 468 [2/3] (0.99ns) (grouped into DSP with root node add_ln101_59)   --->   "%product_59 = mul i16 %sext_ln100_4, i16 %sext_ln100_15" [mmult.cpp:100]   --->   Operation 468 'mul' 'product_59' <Predicate = true> <Delay = 0.99> <CoreInst = "DSP48">   --->   Core 127 'DSP48' <Latency = 3> <II = 1> <Delay = 0.53> <IPBlock> <Opcode : '' 'add' 'sub' 'mul' 'select'> <InPorts = 0> <OutPorts = 1> <Sync> <CReg>
ST_4 : Operation 469 [2/3] (0.99ns) (grouped into DSP with root node add_ln101_60)   --->   "%product_60 = mul i16 %sext_ln100_5, i16 %sext_ln100_15" [mmult.cpp:100]   --->   Operation 469 'mul' 'product_60' <Predicate = true> <Delay = 0.99> <CoreInst = "DSP48">   --->   Core 127 'DSP48' <Latency = 3> <II = 1> <Delay = 0.53> <IPBlock> <Opcode : '' 'add' 'sub' 'mul' 'select'> <InPorts = 0> <OutPorts = 1> <Sync> <CReg>
ST_4 : Operation 470 [2/3] (0.99ns) (grouped into DSP with root node add_ln101_61)   --->   "%product_61 = mul i16 %sext_ln100_6, i16 %sext_ln100_15" [mmult.cpp:100]   --->   Operation 470 'mul' 'product_61' <Predicate = true> <Delay = 0.99> <CoreInst = "DSP48">   --->   Core 127 'DSP48' <Latency = 3> <II = 1> <Delay = 0.53> <IPBlock> <Opcode : '' 'add' 'sub' 'mul' 'select'> <InPorts = 0> <OutPorts = 1> <Sync> <CReg>
ST_4 : Operation 471 [2/3] (0.99ns) (grouped into DSP with root node add_ln101_62)   --->   "%product_62 = mul i16 %sext_ln100_7, i16 %sext_ln100_15" [mmult.cpp:100]   --->   Operation 471 'mul' 'product_62' <Predicate = true> <Delay = 0.99> <CoreInst = "DSP48">   --->   Core 127 'DSP48' <Latency = 3> <II = 1> <Delay = 0.53> <IPBlock> <Opcode : '' 'add' 'sub' 'mul' 'select'> <InPorts = 0> <OutPorts = 1> <Sync> <CReg>
ST_4 : Operation 472 [2/3] (0.99ns) (grouped into DSP with root node add_ln101_63)   --->   "%product_63 = mul i16 %sext_ln100_8, i16 %sext_ln100_15" [mmult.cpp:100]   --->   Operation 472 'mul' 'product_63' <Predicate = true> <Delay = 0.99> <CoreInst = "DSP48">   --->   Core 127 'DSP48' <Latency = 3> <II = 1> <Delay = 0.53> <IPBlock> <Opcode : '' 'add' 'sub' 'mul' 'select'> <InPorts = 0> <OutPorts = 1> <Sync> <CReg>

State 5 <SV = 4> <Delay = 0.64>
ST_5 : Operation 473 [1/1] (0.00ns)   --->   "%c_row_major_0_0_0_load = load i16 %c_row_major_0_0_0" [mmult.cpp:101]   --->   Operation 473 'load' 'c_row_major_0_0_0_load' <Predicate = true> <Delay = 0.00>
ST_5 : Operation 474 [1/1] (0.00ns)   --->   "%c_row_major_0_1_0_load = load i16 %c_row_major_0_1_0" [mmult.cpp:101]   --->   Operation 474 'load' 'c_row_major_0_1_0_load' <Predicate = true> <Delay = 0.00>
ST_5 : Operation 475 [1/1] (0.00ns)   --->   "%c_row_major_0_2_0_load = load i16 %c_row_major_0_2_0" [mmult.cpp:101]   --->   Operation 475 'load' 'c_row_major_0_2_0_load' <Predicate = true> <Delay = 0.00>
ST_5 : Operation 476 [1/1] (0.00ns)   --->   "%c_row_major_0_3_0_load = load i16 %c_row_major_0_3_0" [mmult.cpp:101]   --->   Operation 476 'load' 'c_row_major_0_3_0_load' <Predicate = true> <Delay = 0.00>
ST_5 : Operation 477 [1/1] (0.00ns)   --->   "%c_row_major_0_4_0_load = load i16 %c_row_major_0_4_0" [mmult.cpp:101]   --->   Operation 477 'load' 'c_row_major_0_4_0_load' <Predicate = true> <Delay = 0.00>
ST_5 : Operation 478 [1/1] (0.00ns)   --->   "%c_row_major_0_5_0_load = load i16 %c_row_major_0_5_0" [mmult.cpp:101]   --->   Operation 478 'load' 'c_row_major_0_5_0_load' <Predicate = true> <Delay = 0.00>
ST_5 : Operation 479 [1/1] (0.00ns)   --->   "%c_row_major_0_6_0_load = load i16 %c_row_major_0_6_0" [mmult.cpp:101]   --->   Operation 479 'load' 'c_row_major_0_6_0_load' <Predicate = true> <Delay = 0.00>
ST_5 : Operation 480 [1/1] (0.00ns)   --->   "%c_row_major_0_7_0_load = load i16 %c_row_major_0_7_0" [mmult.cpp:101]   --->   Operation 480 'load' 'c_row_major_0_7_0_load' <Predicate = true> <Delay = 0.00>
ST_5 : Operation 481 [1/1] (0.00ns)   --->   "%c_row_major_1_0_0_load = load i16 %c_row_major_1_0_0" [mmult.cpp:101]   --->   Operation 481 'load' 'c_row_major_1_0_0_load' <Predicate = true> <Delay = 0.00>
ST_5 : Operation 482 [1/1] (0.00ns)   --->   "%c_row_major_1_1_0_load = load i16 %c_row_major_1_1_0" [mmult.cpp:101]   --->   Operation 482 'load' 'c_row_major_1_1_0_load' <Predicate = true> <Delay = 0.00>
ST_5 : Operation 483 [1/1] (0.00ns)   --->   "%c_row_major_1_2_0_load = load i16 %c_row_major_1_2_0" [mmult.cpp:101]   --->   Operation 483 'load' 'c_row_major_1_2_0_load' <Predicate = true> <Delay = 0.00>
ST_5 : Operation 484 [1/1] (0.00ns)   --->   "%c_row_major_1_3_0_load = load i16 %c_row_major_1_3_0" [mmult.cpp:101]   --->   Operation 484 'load' 'c_row_major_1_3_0_load' <Predicate = true> <Delay = 0.00>
ST_5 : Operation 485 [1/1] (0.00ns)   --->   "%c_row_major_1_4_0_load = load i16 %c_row_major_1_4_0" [mmult.cpp:101]   --->   Operation 485 'load' 'c_row_major_1_4_0_load' <Predicate = true> <Delay = 0.00>
ST_5 : Operation 486 [1/1] (0.00ns)   --->   "%c_row_major_1_5_0_load = load i16 %c_row_major_1_5_0" [mmult.cpp:101]   --->   Operation 486 'load' 'c_row_major_1_5_0_load' <Predicate = true> <Delay = 0.00>
ST_5 : Operation 487 [1/1] (0.00ns)   --->   "%c_row_major_1_6_0_load = load i16 %c_row_major_1_6_0" [mmult.cpp:101]   --->   Operation 487 'load' 'c_row_major_1_6_0_load' <Predicate = true> <Delay = 0.00>
ST_5 : Operation 488 [1/1] (0.00ns)   --->   "%c_row_major_1_7_0_load = load i16 %c_row_major_1_7_0" [mmult.cpp:101]   --->   Operation 488 'load' 'c_row_major_1_7_0_load' <Predicate = true> <Delay = 0.00>
ST_5 : Operation 489 [1/1] (0.00ns)   --->   "%c_row_major_2_0_0_load = load i16 %c_row_major_2_0_0" [mmult.cpp:101]   --->   Operation 489 'load' 'c_row_major_2_0_0_load' <Predicate = true> <Delay = 0.00>
ST_5 : Operation 490 [1/1] (0.00ns)   --->   "%c_row_major_2_1_0_load = load i16 %c_row_major_2_1_0" [mmult.cpp:101]   --->   Operation 490 'load' 'c_row_major_2_1_0_load' <Predicate = true> <Delay = 0.00>
ST_5 : Operation 491 [1/1] (0.00ns)   --->   "%c_row_major_2_2_0_load = load i16 %c_row_major_2_2_0" [mmult.cpp:101]   --->   Operation 491 'load' 'c_row_major_2_2_0_load' <Predicate = true> <Delay = 0.00>
ST_5 : Operation 492 [1/1] (0.00ns)   --->   "%c_row_major_2_3_0_load = load i16 %c_row_major_2_3_0" [mmult.cpp:101]   --->   Operation 492 'load' 'c_row_major_2_3_0_load' <Predicate = true> <Delay = 0.00>
ST_5 : Operation 493 [1/1] (0.00ns)   --->   "%c_row_major_2_4_0_load = load i16 %c_row_major_2_4_0" [mmult.cpp:101]   --->   Operation 493 'load' 'c_row_major_2_4_0_load' <Predicate = true> <Delay = 0.00>
ST_5 : Operation 494 [1/1] (0.00ns)   --->   "%c_row_major_2_5_0_load = load i16 %c_row_major_2_5_0" [mmult.cpp:101]   --->   Operation 494 'load' 'c_row_major_2_5_0_load' <Predicate = true> <Delay = 0.00>
ST_5 : Operation 495 [1/1] (0.00ns)   --->   "%c_row_major_2_6_0_load = load i16 %c_row_major_2_6_0" [mmult.cpp:101]   --->   Operation 495 'load' 'c_row_major_2_6_0_load' <Predicate = true> <Delay = 0.00>
ST_5 : Operation 496 [1/1] (0.00ns)   --->   "%c_row_major_2_7_0_load = load i16 %c_row_major_2_7_0" [mmult.cpp:101]   --->   Operation 496 'load' 'c_row_major_2_7_0_load' <Predicate = true> <Delay = 0.00>
ST_5 : Operation 497 [1/1] (0.00ns)   --->   "%c_row_major_3_0_0_load = load i16 %c_row_major_3_0_0" [mmult.cpp:101]   --->   Operation 497 'load' 'c_row_major_3_0_0_load' <Predicate = true> <Delay = 0.00>
ST_5 : Operation 498 [1/1] (0.00ns)   --->   "%c_row_major_3_1_0_load = load i16 %c_row_major_3_1_0" [mmult.cpp:101]   --->   Operation 498 'load' 'c_row_major_3_1_0_load' <Predicate = true> <Delay = 0.00>
ST_5 : Operation 499 [1/1] (0.00ns)   --->   "%c_row_major_3_2_0_load = load i16 %c_row_major_3_2_0" [mmult.cpp:101]   --->   Operation 499 'load' 'c_row_major_3_2_0_load' <Predicate = true> <Delay = 0.00>
ST_5 : Operation 500 [1/1] (0.00ns)   --->   "%c_row_major_3_3_0_load = load i16 %c_row_major_3_3_0" [mmult.cpp:101]   --->   Operation 500 'load' 'c_row_major_3_3_0_load' <Predicate = true> <Delay = 0.00>
ST_5 : Operation 501 [1/1] (0.00ns)   --->   "%c_row_major_3_4_0_load = load i16 %c_row_major_3_4_0" [mmult.cpp:101]   --->   Operation 501 'load' 'c_row_major_3_4_0_load' <Predicate = true> <Delay = 0.00>
ST_5 : Operation 502 [1/1] (0.00ns)   --->   "%c_row_major_3_5_0_load = load i16 %c_row_major_3_5_0" [mmult.cpp:101]   --->   Operation 502 'load' 'c_row_major_3_5_0_load' <Predicate = true> <Delay = 0.00>
ST_5 : Operation 503 [1/1] (0.00ns)   --->   "%c_row_major_3_6_0_load = load i16 %c_row_major_3_6_0" [mmult.cpp:101]   --->   Operation 503 'load' 'c_row_major_3_6_0_load' <Predicate = true> <Delay = 0.00>
ST_5 : Operation 504 [1/1] (0.00ns)   --->   "%c_row_major_3_7_0_load = load i16 %c_row_major_3_7_0" [mmult.cpp:101]   --->   Operation 504 'load' 'c_row_major_3_7_0_load' <Predicate = true> <Delay = 0.00>
ST_5 : Operation 505 [1/1] (0.00ns)   --->   "%c_row_major_4_0_0_load = load i16 %c_row_major_4_0_0" [mmult.cpp:101]   --->   Operation 505 'load' 'c_row_major_4_0_0_load' <Predicate = true> <Delay = 0.00>
ST_5 : Operation 506 [1/1] (0.00ns)   --->   "%c_row_major_4_1_0_load = load i16 %c_row_major_4_1_0" [mmult.cpp:101]   --->   Operation 506 'load' 'c_row_major_4_1_0_load' <Predicate = true> <Delay = 0.00>
ST_5 : Operation 507 [1/1] (0.00ns)   --->   "%c_row_major_4_2_0_load = load i16 %c_row_major_4_2_0" [mmult.cpp:101]   --->   Operation 507 'load' 'c_row_major_4_2_0_load' <Predicate = true> <Delay = 0.00>
ST_5 : Operation 508 [1/1] (0.00ns)   --->   "%c_row_major_4_3_0_load = load i16 %c_row_major_4_3_0" [mmult.cpp:101]   --->   Operation 508 'load' 'c_row_major_4_3_0_load' <Predicate = true> <Delay = 0.00>
ST_5 : Operation 509 [1/1] (0.00ns)   --->   "%c_row_major_4_4_0_load = load i16 %c_row_major_4_4_0" [mmult.cpp:101]   --->   Operation 509 'load' 'c_row_major_4_4_0_load' <Predicate = true> <Delay = 0.00>
ST_5 : Operation 510 [1/1] (0.00ns)   --->   "%c_row_major_4_5_0_load = load i16 %c_row_major_4_5_0" [mmult.cpp:101]   --->   Operation 510 'load' 'c_row_major_4_5_0_load' <Predicate = true> <Delay = 0.00>
ST_5 : Operation 511 [1/1] (0.00ns)   --->   "%c_row_major_4_6_0_load = load i16 %c_row_major_4_6_0" [mmult.cpp:101]   --->   Operation 511 'load' 'c_row_major_4_6_0_load' <Predicate = true> <Delay = 0.00>
ST_5 : Operation 512 [1/1] (0.00ns)   --->   "%c_row_major_4_7_0_load = load i16 %c_row_major_4_7_0" [mmult.cpp:101]   --->   Operation 512 'load' 'c_row_major_4_7_0_load' <Predicate = true> <Delay = 0.00>
ST_5 : Operation 513 [1/1] (0.00ns)   --->   "%c_row_major_5_0_0_load = load i16 %c_row_major_5_0_0" [mmult.cpp:101]   --->   Operation 513 'load' 'c_row_major_5_0_0_load' <Predicate = true> <Delay = 0.00>
ST_5 : Operation 514 [1/1] (0.00ns)   --->   "%c_row_major_5_1_0_load = load i16 %c_row_major_5_1_0" [mmult.cpp:101]   --->   Operation 514 'load' 'c_row_major_5_1_0_load' <Predicate = true> <Delay = 0.00>
ST_5 : Operation 515 [1/1] (0.00ns)   --->   "%c_row_major_5_2_0_load = load i16 %c_row_major_5_2_0" [mmult.cpp:101]   --->   Operation 515 'load' 'c_row_major_5_2_0_load' <Predicate = true> <Delay = 0.00>
ST_5 : Operation 516 [1/1] (0.00ns)   --->   "%c_row_major_5_3_0_load = load i16 %c_row_major_5_3_0" [mmult.cpp:101]   --->   Operation 516 'load' 'c_row_major_5_3_0_load' <Predicate = true> <Delay = 0.00>
ST_5 : Operation 517 [1/1] (0.00ns)   --->   "%c_row_major_5_4_0_load = load i16 %c_row_major_5_4_0" [mmult.cpp:101]   --->   Operation 517 'load' 'c_row_major_5_4_0_load' <Predicate = true> <Delay = 0.00>
ST_5 : Operation 518 [1/1] (0.00ns)   --->   "%c_row_major_5_5_0_load = load i16 %c_row_major_5_5_0" [mmult.cpp:101]   --->   Operation 518 'load' 'c_row_major_5_5_0_load' <Predicate = true> <Delay = 0.00>
ST_5 : Operation 519 [1/1] (0.00ns)   --->   "%c_row_major_5_6_0_load = load i16 %c_row_major_5_6_0" [mmult.cpp:101]   --->   Operation 519 'load' 'c_row_major_5_6_0_load' <Predicate = true> <Delay = 0.00>
ST_5 : Operation 520 [1/1] (0.00ns)   --->   "%c_row_major_5_7_0_load = load i16 %c_row_major_5_7_0" [mmult.cpp:101]   --->   Operation 520 'load' 'c_row_major_5_7_0_load' <Predicate = true> <Delay = 0.00>
ST_5 : Operation 521 [1/1] (0.00ns)   --->   "%c_row_major_6_0_0_load = load i16 %c_row_major_6_0_0" [mmult.cpp:101]   --->   Operation 521 'load' 'c_row_major_6_0_0_load' <Predicate = true> <Delay = 0.00>
ST_5 : Operation 522 [1/1] (0.00ns)   --->   "%c_row_major_6_1_0_load = load i16 %c_row_major_6_1_0" [mmult.cpp:101]   --->   Operation 522 'load' 'c_row_major_6_1_0_load' <Predicate = true> <Delay = 0.00>
ST_5 : Operation 523 [1/1] (0.00ns)   --->   "%c_row_major_6_2_0_load = load i16 %c_row_major_6_2_0" [mmult.cpp:101]   --->   Operation 523 'load' 'c_row_major_6_2_0_load' <Predicate = true> <Delay = 0.00>
ST_5 : Operation 524 [1/1] (0.00ns)   --->   "%c_row_major_6_3_0_load = load i16 %c_row_major_6_3_0" [mmult.cpp:101]   --->   Operation 524 'load' 'c_row_major_6_3_0_load' <Predicate = true> <Delay = 0.00>
ST_5 : Operation 525 [1/1] (0.00ns)   --->   "%c_row_major_6_4_0_load = load i16 %c_row_major_6_4_0" [mmult.cpp:101]   --->   Operation 525 'load' 'c_row_major_6_4_0_load' <Predicate = true> <Delay = 0.00>
ST_5 : Operation 526 [1/1] (0.00ns)   --->   "%c_row_major_6_5_0_load = load i16 %c_row_major_6_5_0" [mmult.cpp:101]   --->   Operation 526 'load' 'c_row_major_6_5_0_load' <Predicate = true> <Delay = 0.00>
ST_5 : Operation 527 [1/1] (0.00ns)   --->   "%c_row_major_6_6_0_load = load i16 %c_row_major_6_6_0" [mmult.cpp:101]   --->   Operation 527 'load' 'c_row_major_6_6_0_load' <Predicate = true> <Delay = 0.00>
ST_5 : Operation 528 [1/1] (0.00ns)   --->   "%c_row_major_6_7_0_load = load i16 %c_row_major_6_7_0" [mmult.cpp:101]   --->   Operation 528 'load' 'c_row_major_6_7_0_load' <Predicate = true> <Delay = 0.00>
ST_5 : Operation 529 [1/1] (0.00ns)   --->   "%c_row_major_7_0_0_load = load i16 %c_row_major_7_0_0" [mmult.cpp:101]   --->   Operation 529 'load' 'c_row_major_7_0_0_load' <Predicate = true> <Delay = 0.00>
ST_5 : Operation 530 [1/1] (0.00ns)   --->   "%c_row_major_7_1_0_load = load i16 %c_row_major_7_1_0" [mmult.cpp:101]   --->   Operation 530 'load' 'c_row_major_7_1_0_load' <Predicate = true> <Delay = 0.00>
ST_5 : Operation 531 [1/1] (0.00ns)   --->   "%c_row_major_7_2_0_load = load i16 %c_row_major_7_2_0" [mmult.cpp:101]   --->   Operation 531 'load' 'c_row_major_7_2_0_load' <Predicate = true> <Delay = 0.00>
ST_5 : Operation 532 [1/1] (0.00ns)   --->   "%c_row_major_7_3_0_load = load i16 %c_row_major_7_3_0" [mmult.cpp:101]   --->   Operation 532 'load' 'c_row_major_7_3_0_load' <Predicate = true> <Delay = 0.00>
ST_5 : Operation 533 [1/1] (0.00ns)   --->   "%c_row_major_7_4_0_load = load i16 %c_row_major_7_4_0" [mmult.cpp:101]   --->   Operation 533 'load' 'c_row_major_7_4_0_load' <Predicate = true> <Delay = 0.00>
ST_5 : Operation 534 [1/1] (0.00ns)   --->   "%c_row_major_7_5_0_load = load i16 %c_row_major_7_5_0" [mmult.cpp:101]   --->   Operation 534 'load' 'c_row_major_7_5_0_load' <Predicate = true> <Delay = 0.00>
ST_5 : Operation 535 [1/1] (0.00ns)   --->   "%c_row_major_7_6_0_load = load i16 %c_row_major_7_6_0" [mmult.cpp:101]   --->   Operation 535 'load' 'c_row_major_7_6_0_load' <Predicate = true> <Delay = 0.00>
ST_5 : Operation 536 [1/1] (0.00ns)   --->   "%c_row_major_7_7_0_load = load i16 %c_row_major_7_7_0" [mmult.cpp:101]   --->   Operation 536 'load' 'c_row_major_7_7_0_load' <Predicate = true> <Delay = 0.00>
ST_5 : Operation 537 [1/3] (0.00ns) (grouped into DSP with root node add_ln101)   --->   "%product = mul i16 %sext_ln100_1, i16 %sext_ln100" [mmult.cpp:100]   --->   Operation 537 'mul' 'product' <Predicate = true> <Delay = 0.00> <CoreInst = "DSP48">   --->   Core 127 'DSP48' <Latency = 3> <II = 1> <Delay = 0.53> <IPBlock> <Opcode : '' 'add' 'sub' 'mul' 'select'> <InPorts = 0> <OutPorts = 1> <Sync> <CReg>
ST_5 : Operation 538 [2/2] (0.64ns) (root node of the DSP)   --->   "%add_ln101 = add i16 %product, i16 %c_row_major_0_0_0_load" [mmult.cpp:101]   --->   Operation 538 'add' 'add_ln101' <Predicate = true> <Delay = 0.64> <CoreInst = "DSP48">   --->   Core 127 'DSP48' <Latency = 3> <II = 1> <Delay = 0.53> <IPBlock> <Opcode : '' 'add' 'sub' 'mul' 'select'> <InPorts = 0> <OutPorts = 1> <Sync> <CReg>
ST_5 : Operation 539 [1/3] (0.00ns) (grouped into DSP with root node add_ln101_1)   --->   "%product_1 = mul i16 %sext_ln100_2, i16 %sext_ln100" [mmult.cpp:100]   --->   Operation 539 'mul' 'product_1' <Predicate = true> <Delay = 0.00> <CoreInst = "DSP48">   --->   Core 127 'DSP48' <Latency = 3> <II = 1> <Delay = 0.53> <IPBlock> <Opcode : '' 'add' 'sub' 'mul' 'select'> <InPorts = 0> <OutPorts = 1> <Sync> <CReg>
ST_5 : Operation 540 [2/2] (0.64ns) (root node of the DSP)   --->   "%add_ln101_1 = add i16 %product_1, i16 %c_row_major_0_1_0_load" [mmult.cpp:101]   --->   Operation 540 'add' 'add_ln101_1' <Predicate = true> <Delay = 0.64> <CoreInst = "DSP48">   --->   Core 127 'DSP48' <Latency = 3> <II = 1> <Delay = 0.53> <IPBlock> <Opcode : '' 'add' 'sub' 'mul' 'select'> <InPorts = 0> <OutPorts = 1> <Sync> <CReg>
ST_5 : Operation 541 [1/3] (0.00ns) (grouped into DSP with root node add_ln101_2)   --->   "%product_2 = mul i16 %sext_ln100_3, i16 %sext_ln100" [mmult.cpp:100]   --->   Operation 541 'mul' 'product_2' <Predicate = true> <Delay = 0.00> <CoreInst = "DSP48">   --->   Core 127 'DSP48' <Latency = 3> <II = 1> <Delay = 0.53> <IPBlock> <Opcode : '' 'add' 'sub' 'mul' 'select'> <InPorts = 0> <OutPorts = 1> <Sync> <CReg>
ST_5 : Operation 542 [2/2] (0.64ns) (root node of the DSP)   --->   "%add_ln101_2 = add i16 %product_2, i16 %c_row_major_0_2_0_load" [mmult.cpp:101]   --->   Operation 542 'add' 'add_ln101_2' <Predicate = true> <Delay = 0.64> <CoreInst = "DSP48">   --->   Core 127 'DSP48' <Latency = 3> <II = 1> <Delay = 0.53> <IPBlock> <Opcode : '' 'add' 'sub' 'mul' 'select'> <InPorts = 0> <OutPorts = 1> <Sync> <CReg>
ST_5 : Operation 543 [1/3] (0.00ns) (grouped into DSP with root node add_ln101_3)   --->   "%product_3 = mul i16 %sext_ln100_4, i16 %sext_ln100" [mmult.cpp:100]   --->   Operation 543 'mul' 'product_3' <Predicate = true> <Delay = 0.00> <CoreInst = "DSP48">   --->   Core 127 'DSP48' <Latency = 3> <II = 1> <Delay = 0.53> <IPBlock> <Opcode : '' 'add' 'sub' 'mul' 'select'> <InPorts = 0> <OutPorts = 1> <Sync> <CReg>
ST_5 : Operation 544 [2/2] (0.64ns) (root node of the DSP)   --->   "%add_ln101_3 = add i16 %product_3, i16 %c_row_major_0_3_0_load" [mmult.cpp:101]   --->   Operation 544 'add' 'add_ln101_3' <Predicate = true> <Delay = 0.64> <CoreInst = "DSP48">   --->   Core 127 'DSP48' <Latency = 3> <II = 1> <Delay = 0.53> <IPBlock> <Opcode : '' 'add' 'sub' 'mul' 'select'> <InPorts = 0> <OutPorts = 1> <Sync> <CReg>
ST_5 : Operation 545 [1/3] (0.00ns) (grouped into DSP with root node add_ln101_4)   --->   "%product_4 = mul i16 %sext_ln100_5, i16 %sext_ln100" [mmult.cpp:100]   --->   Operation 545 'mul' 'product_4' <Predicate = true> <Delay = 0.00> <CoreInst = "DSP48">   --->   Core 127 'DSP48' <Latency = 3> <II = 1> <Delay = 0.53> <IPBlock> <Opcode : '' 'add' 'sub' 'mul' 'select'> <InPorts = 0> <OutPorts = 1> <Sync> <CReg>
ST_5 : Operation 546 [2/2] (0.64ns) (root node of the DSP)   --->   "%add_ln101_4 = add i16 %product_4, i16 %c_row_major_0_4_0_load" [mmult.cpp:101]   --->   Operation 546 'add' 'add_ln101_4' <Predicate = true> <Delay = 0.64> <CoreInst = "DSP48">   --->   Core 127 'DSP48' <Latency = 3> <II = 1> <Delay = 0.53> <IPBlock> <Opcode : '' 'add' 'sub' 'mul' 'select'> <InPorts = 0> <OutPorts = 1> <Sync> <CReg>
ST_5 : Operation 547 [1/3] (0.00ns) (grouped into DSP with root node add_ln101_5)   --->   "%product_5 = mul i16 %sext_ln100_6, i16 %sext_ln100" [mmult.cpp:100]   --->   Operation 547 'mul' 'product_5' <Predicate = true> <Delay = 0.00> <CoreInst = "DSP48">   --->   Core 127 'DSP48' <Latency = 3> <II = 1> <Delay = 0.53> <IPBlock> <Opcode : '' 'add' 'sub' 'mul' 'select'> <InPorts = 0> <OutPorts = 1> <Sync> <CReg>
ST_5 : Operation 548 [2/2] (0.64ns) (root node of the DSP)   --->   "%add_ln101_5 = add i16 %product_5, i16 %c_row_major_0_5_0_load" [mmult.cpp:101]   --->   Operation 548 'add' 'add_ln101_5' <Predicate = true> <Delay = 0.64> <CoreInst = "DSP48">   --->   Core 127 'DSP48' <Latency = 3> <II = 1> <Delay = 0.53> <IPBlock> <Opcode : '' 'add' 'sub' 'mul' 'select'> <InPorts = 0> <OutPorts = 1> <Sync> <CReg>
ST_5 : Operation 549 [1/3] (0.00ns) (grouped into DSP with root node add_ln101_6)   --->   "%product_6 = mul i16 %sext_ln100_7, i16 %sext_ln100" [mmult.cpp:100]   --->   Operation 549 'mul' 'product_6' <Predicate = true> <Delay = 0.00> <CoreInst = "DSP48">   --->   Core 127 'DSP48' <Latency = 3> <II = 1> <Delay = 0.53> <IPBlock> <Opcode : '' 'add' 'sub' 'mul' 'select'> <InPorts = 0> <OutPorts = 1> <Sync> <CReg>
ST_5 : Operation 550 [2/2] (0.64ns) (root node of the DSP)   --->   "%add_ln101_6 = add i16 %product_6, i16 %c_row_major_0_6_0_load" [mmult.cpp:101]   --->   Operation 550 'add' 'add_ln101_6' <Predicate = true> <Delay = 0.64> <CoreInst = "DSP48">   --->   Core 127 'DSP48' <Latency = 3> <II = 1> <Delay = 0.53> <IPBlock> <Opcode : '' 'add' 'sub' 'mul' 'select'> <InPorts = 0> <OutPorts = 1> <Sync> <CReg>
ST_5 : Operation 551 [1/3] (0.00ns) (grouped into DSP with root node add_ln101_7)   --->   "%product_7 = mul i16 %sext_ln100_8, i16 %sext_ln100" [mmult.cpp:100]   --->   Operation 551 'mul' 'product_7' <Predicate = true> <Delay = 0.00> <CoreInst = "DSP48">   --->   Core 127 'DSP48' <Latency = 3> <II = 1> <Delay = 0.53> <IPBlock> <Opcode : '' 'add' 'sub' 'mul' 'select'> <InPorts = 0> <OutPorts = 1> <Sync> <CReg>
ST_5 : Operation 552 [2/2] (0.64ns) (root node of the DSP)   --->   "%add_ln101_7 = add i16 %product_7, i16 %c_row_major_0_7_0_load" [mmult.cpp:101]   --->   Operation 552 'add' 'add_ln101_7' <Predicate = true> <Delay = 0.64> <CoreInst = "DSP48">   --->   Core 127 'DSP48' <Latency = 3> <II = 1> <Delay = 0.53> <IPBlock> <Opcode : '' 'add' 'sub' 'mul' 'select'> <InPorts = 0> <OutPorts = 1> <Sync> <CReg>
ST_5 : Operation 553 [1/3] (0.00ns) (grouped into DSP with root node add_ln101_8)   --->   "%product_8 = mul i16 %sext_ln100_1, i16 %sext_ln100_9" [mmult.cpp:100]   --->   Operation 553 'mul' 'product_8' <Predicate = true> <Delay = 0.00> <CoreInst = "DSP48">   --->   Core 127 'DSP48' <Latency = 3> <II = 1> <Delay = 0.53> <IPBlock> <Opcode : '' 'add' 'sub' 'mul' 'select'> <InPorts = 0> <OutPorts = 1> <Sync> <CReg>
ST_5 : Operation 554 [2/2] (0.64ns) (root node of the DSP)   --->   "%add_ln101_8 = add i16 %product_8, i16 %c_row_major_1_0_0_load" [mmult.cpp:101]   --->   Operation 554 'add' 'add_ln101_8' <Predicate = true> <Delay = 0.64> <CoreInst = "DSP48">   --->   Core 127 'DSP48' <Latency = 3> <II = 1> <Delay = 0.53> <IPBlock> <Opcode : '' 'add' 'sub' 'mul' 'select'> <InPorts = 0> <OutPorts = 1> <Sync> <CReg>
ST_5 : Operation 555 [1/3] (0.00ns) (grouped into DSP with root node add_ln101_9)   --->   "%product_9 = mul i16 %sext_ln100_2, i16 %sext_ln100_9" [mmult.cpp:100]   --->   Operation 555 'mul' 'product_9' <Predicate = true> <Delay = 0.00> <CoreInst = "DSP48">   --->   Core 127 'DSP48' <Latency = 3> <II = 1> <Delay = 0.53> <IPBlock> <Opcode : '' 'add' 'sub' 'mul' 'select'> <InPorts = 0> <OutPorts = 1> <Sync> <CReg>
ST_5 : Operation 556 [2/2] (0.64ns) (root node of the DSP)   --->   "%add_ln101_9 = add i16 %product_9, i16 %c_row_major_1_1_0_load" [mmult.cpp:101]   --->   Operation 556 'add' 'add_ln101_9' <Predicate = true> <Delay = 0.64> <CoreInst = "DSP48">   --->   Core 127 'DSP48' <Latency = 3> <II = 1> <Delay = 0.53> <IPBlock> <Opcode : '' 'add' 'sub' 'mul' 'select'> <InPorts = 0> <OutPorts = 1> <Sync> <CReg>
ST_5 : Operation 557 [1/3] (0.00ns) (grouped into DSP with root node add_ln101_10)   --->   "%product_10 = mul i16 %sext_ln100_3, i16 %sext_ln100_9" [mmult.cpp:100]   --->   Operation 557 'mul' 'product_10' <Predicate = true> <Delay = 0.00> <CoreInst = "DSP48">   --->   Core 127 'DSP48' <Latency = 3> <II = 1> <Delay = 0.53> <IPBlock> <Opcode : '' 'add' 'sub' 'mul' 'select'> <InPorts = 0> <OutPorts = 1> <Sync> <CReg>
ST_5 : Operation 558 [2/2] (0.64ns) (root node of the DSP)   --->   "%add_ln101_10 = add i16 %product_10, i16 %c_row_major_1_2_0_load" [mmult.cpp:101]   --->   Operation 558 'add' 'add_ln101_10' <Predicate = true> <Delay = 0.64> <CoreInst = "DSP48">   --->   Core 127 'DSP48' <Latency = 3> <II = 1> <Delay = 0.53> <IPBlock> <Opcode : '' 'add' 'sub' 'mul' 'select'> <InPorts = 0> <OutPorts = 1> <Sync> <CReg>
ST_5 : Operation 559 [1/3] (0.00ns) (grouped into DSP with root node add_ln101_11)   --->   "%product_11 = mul i16 %sext_ln100_4, i16 %sext_ln100_9" [mmult.cpp:100]   --->   Operation 559 'mul' 'product_11' <Predicate = true> <Delay = 0.00> <CoreInst = "DSP48">   --->   Core 127 'DSP48' <Latency = 3> <II = 1> <Delay = 0.53> <IPBlock> <Opcode : '' 'add' 'sub' 'mul' 'select'> <InPorts = 0> <OutPorts = 1> <Sync> <CReg>
ST_5 : Operation 560 [2/2] (0.64ns) (root node of the DSP)   --->   "%add_ln101_11 = add i16 %product_11, i16 %c_row_major_1_3_0_load" [mmult.cpp:101]   --->   Operation 560 'add' 'add_ln101_11' <Predicate = true> <Delay = 0.64> <CoreInst = "DSP48">   --->   Core 127 'DSP48' <Latency = 3> <II = 1> <Delay = 0.53> <IPBlock> <Opcode : '' 'add' 'sub' 'mul' 'select'> <InPorts = 0> <OutPorts = 1> <Sync> <CReg>
ST_5 : Operation 561 [1/3] (0.00ns) (grouped into DSP with root node add_ln101_12)   --->   "%product_12 = mul i16 %sext_ln100_5, i16 %sext_ln100_9" [mmult.cpp:100]   --->   Operation 561 'mul' 'product_12' <Predicate = true> <Delay = 0.00> <CoreInst = "DSP48">   --->   Core 127 'DSP48' <Latency = 3> <II = 1> <Delay = 0.53> <IPBlock> <Opcode : '' 'add' 'sub' 'mul' 'select'> <InPorts = 0> <OutPorts = 1> <Sync> <CReg>
ST_5 : Operation 562 [2/2] (0.64ns) (root node of the DSP)   --->   "%add_ln101_12 = add i16 %product_12, i16 %c_row_major_1_4_0_load" [mmult.cpp:101]   --->   Operation 562 'add' 'add_ln101_12' <Predicate = true> <Delay = 0.64> <CoreInst = "DSP48">   --->   Core 127 'DSP48' <Latency = 3> <II = 1> <Delay = 0.53> <IPBlock> <Opcode : '' 'add' 'sub' 'mul' 'select'> <InPorts = 0> <OutPorts = 1> <Sync> <CReg>
ST_5 : Operation 563 [1/3] (0.00ns) (grouped into DSP with root node add_ln101_13)   --->   "%product_13 = mul i16 %sext_ln100_6, i16 %sext_ln100_9" [mmult.cpp:100]   --->   Operation 563 'mul' 'product_13' <Predicate = true> <Delay = 0.00> <CoreInst = "DSP48">   --->   Core 127 'DSP48' <Latency = 3> <II = 1> <Delay = 0.53> <IPBlock> <Opcode : '' 'add' 'sub' 'mul' 'select'> <InPorts = 0> <OutPorts = 1> <Sync> <CReg>
ST_5 : Operation 564 [2/2] (0.64ns) (root node of the DSP)   --->   "%add_ln101_13 = add i16 %product_13, i16 %c_row_major_1_5_0_load" [mmult.cpp:101]   --->   Operation 564 'add' 'add_ln101_13' <Predicate = true> <Delay = 0.64> <CoreInst = "DSP48">   --->   Core 127 'DSP48' <Latency = 3> <II = 1> <Delay = 0.53> <IPBlock> <Opcode : '' 'add' 'sub' 'mul' 'select'> <InPorts = 0> <OutPorts = 1> <Sync> <CReg>
ST_5 : Operation 565 [1/3] (0.00ns) (grouped into DSP with root node add_ln101_14)   --->   "%product_14 = mul i16 %sext_ln100_7, i16 %sext_ln100_9" [mmult.cpp:100]   --->   Operation 565 'mul' 'product_14' <Predicate = true> <Delay = 0.00> <CoreInst = "DSP48">   --->   Core 127 'DSP48' <Latency = 3> <II = 1> <Delay = 0.53> <IPBlock> <Opcode : '' 'add' 'sub' 'mul' 'select'> <InPorts = 0> <OutPorts = 1> <Sync> <CReg>
ST_5 : Operation 566 [2/2] (0.64ns) (root node of the DSP)   --->   "%add_ln101_14 = add i16 %product_14, i16 %c_row_major_1_6_0_load" [mmult.cpp:101]   --->   Operation 566 'add' 'add_ln101_14' <Predicate = true> <Delay = 0.64> <CoreInst = "DSP48">   --->   Core 127 'DSP48' <Latency = 3> <II = 1> <Delay = 0.53> <IPBlock> <Opcode : '' 'add' 'sub' 'mul' 'select'> <InPorts = 0> <OutPorts = 1> <Sync> <CReg>
ST_5 : Operation 567 [1/3] (0.00ns) (grouped into DSP with root node add_ln101_15)   --->   "%product_15 = mul i16 %sext_ln100_8, i16 %sext_ln100_9" [mmult.cpp:100]   --->   Operation 567 'mul' 'product_15' <Predicate = true> <Delay = 0.00> <CoreInst = "DSP48">   --->   Core 127 'DSP48' <Latency = 3> <II = 1> <Delay = 0.53> <IPBlock> <Opcode : '' 'add' 'sub' 'mul' 'select'> <InPorts = 0> <OutPorts = 1> <Sync> <CReg>
ST_5 : Operation 568 [2/2] (0.64ns) (root node of the DSP)   --->   "%add_ln101_15 = add i16 %product_15, i16 %c_row_major_1_7_0_load" [mmult.cpp:101]   --->   Operation 568 'add' 'add_ln101_15' <Predicate = true> <Delay = 0.64> <CoreInst = "DSP48">   --->   Core 127 'DSP48' <Latency = 3> <II = 1> <Delay = 0.53> <IPBlock> <Opcode : '' 'add' 'sub' 'mul' 'select'> <InPorts = 0> <OutPorts = 1> <Sync> <CReg>
ST_5 : Operation 569 [1/3] (0.00ns) (grouped into DSP with root node add_ln101_16)   --->   "%product_16 = mul i16 %sext_ln100_1, i16 %sext_ln100_10" [mmult.cpp:100]   --->   Operation 569 'mul' 'product_16' <Predicate = true> <Delay = 0.00> <CoreInst = "DSP48">   --->   Core 127 'DSP48' <Latency = 3> <II = 1> <Delay = 0.53> <IPBlock> <Opcode : '' 'add' 'sub' 'mul' 'select'> <InPorts = 0> <OutPorts = 1> <Sync> <CReg>
ST_5 : Operation 570 [2/2] (0.64ns) (root node of the DSP)   --->   "%add_ln101_16 = add i16 %product_16, i16 %c_row_major_2_0_0_load" [mmult.cpp:101]   --->   Operation 570 'add' 'add_ln101_16' <Predicate = true> <Delay = 0.64> <CoreInst = "DSP48">   --->   Core 127 'DSP48' <Latency = 3> <II = 1> <Delay = 0.53> <IPBlock> <Opcode : '' 'add' 'sub' 'mul' 'select'> <InPorts = 0> <OutPorts = 1> <Sync> <CReg>
ST_5 : Operation 571 [1/3] (0.00ns) (grouped into DSP with root node add_ln101_17)   --->   "%product_17 = mul i16 %sext_ln100_2, i16 %sext_ln100_10" [mmult.cpp:100]   --->   Operation 571 'mul' 'product_17' <Predicate = true> <Delay = 0.00> <CoreInst = "DSP48">   --->   Core 127 'DSP48' <Latency = 3> <II = 1> <Delay = 0.53> <IPBlock> <Opcode : '' 'add' 'sub' 'mul' 'select'> <InPorts = 0> <OutPorts = 1> <Sync> <CReg>
ST_5 : Operation 572 [2/2] (0.64ns) (root node of the DSP)   --->   "%add_ln101_17 = add i16 %product_17, i16 %c_row_major_2_1_0_load" [mmult.cpp:101]   --->   Operation 572 'add' 'add_ln101_17' <Predicate = true> <Delay = 0.64> <CoreInst = "DSP48">   --->   Core 127 'DSP48' <Latency = 3> <II = 1> <Delay = 0.53> <IPBlock> <Opcode : '' 'add' 'sub' 'mul' 'select'> <InPorts = 0> <OutPorts = 1> <Sync> <CReg>
ST_5 : Operation 573 [1/3] (0.00ns) (grouped into DSP with root node add_ln101_18)   --->   "%product_18 = mul i16 %sext_ln100_3, i16 %sext_ln100_10" [mmult.cpp:100]   --->   Operation 573 'mul' 'product_18' <Predicate = true> <Delay = 0.00> <CoreInst = "DSP48">   --->   Core 127 'DSP48' <Latency = 3> <II = 1> <Delay = 0.53> <IPBlock> <Opcode : '' 'add' 'sub' 'mul' 'select'> <InPorts = 0> <OutPorts = 1> <Sync> <CReg>
ST_5 : Operation 574 [2/2] (0.64ns) (root node of the DSP)   --->   "%add_ln101_18 = add i16 %product_18, i16 %c_row_major_2_2_0_load" [mmult.cpp:101]   --->   Operation 574 'add' 'add_ln101_18' <Predicate = true> <Delay = 0.64> <CoreInst = "DSP48">   --->   Core 127 'DSP48' <Latency = 3> <II = 1> <Delay = 0.53> <IPBlock> <Opcode : '' 'add' 'sub' 'mul' 'select'> <InPorts = 0> <OutPorts = 1> <Sync> <CReg>
ST_5 : Operation 575 [1/3] (0.00ns) (grouped into DSP with root node add_ln101_19)   --->   "%product_19 = mul i16 %sext_ln100_4, i16 %sext_ln100_10" [mmult.cpp:100]   --->   Operation 575 'mul' 'product_19' <Predicate = true> <Delay = 0.00> <CoreInst = "DSP48">   --->   Core 127 'DSP48' <Latency = 3> <II = 1> <Delay = 0.53> <IPBlock> <Opcode : '' 'add' 'sub' 'mul' 'select'> <InPorts = 0> <OutPorts = 1> <Sync> <CReg>
ST_5 : Operation 576 [2/2] (0.64ns) (root node of the DSP)   --->   "%add_ln101_19 = add i16 %product_19, i16 %c_row_major_2_3_0_load" [mmult.cpp:101]   --->   Operation 576 'add' 'add_ln101_19' <Predicate = true> <Delay = 0.64> <CoreInst = "DSP48">   --->   Core 127 'DSP48' <Latency = 3> <II = 1> <Delay = 0.53> <IPBlock> <Opcode : '' 'add' 'sub' 'mul' 'select'> <InPorts = 0> <OutPorts = 1> <Sync> <CReg>
ST_5 : Operation 577 [1/3] (0.00ns) (grouped into DSP with root node add_ln101_20)   --->   "%product_20 = mul i16 %sext_ln100_5, i16 %sext_ln100_10" [mmult.cpp:100]   --->   Operation 577 'mul' 'product_20' <Predicate = true> <Delay = 0.00> <CoreInst = "DSP48">   --->   Core 127 'DSP48' <Latency = 3> <II = 1> <Delay = 0.53> <IPBlock> <Opcode : '' 'add' 'sub' 'mul' 'select'> <InPorts = 0> <OutPorts = 1> <Sync> <CReg>
ST_5 : Operation 578 [2/2] (0.64ns) (root node of the DSP)   --->   "%add_ln101_20 = add i16 %product_20, i16 %c_row_major_2_4_0_load" [mmult.cpp:101]   --->   Operation 578 'add' 'add_ln101_20' <Predicate = true> <Delay = 0.64> <CoreInst = "DSP48">   --->   Core 127 'DSP48' <Latency = 3> <II = 1> <Delay = 0.53> <IPBlock> <Opcode : '' 'add' 'sub' 'mul' 'select'> <InPorts = 0> <OutPorts = 1> <Sync> <CReg>
ST_5 : Operation 579 [1/3] (0.00ns) (grouped into DSP with root node add_ln101_21)   --->   "%product_21 = mul i16 %sext_ln100_6, i16 %sext_ln100_10" [mmult.cpp:100]   --->   Operation 579 'mul' 'product_21' <Predicate = true> <Delay = 0.00> <CoreInst = "DSP48">   --->   Core 127 'DSP48' <Latency = 3> <II = 1> <Delay = 0.53> <IPBlock> <Opcode : '' 'add' 'sub' 'mul' 'select'> <InPorts = 0> <OutPorts = 1> <Sync> <CReg>
ST_5 : Operation 580 [2/2] (0.64ns) (root node of the DSP)   --->   "%add_ln101_21 = add i16 %product_21, i16 %c_row_major_2_5_0_load" [mmult.cpp:101]   --->   Operation 580 'add' 'add_ln101_21' <Predicate = true> <Delay = 0.64> <CoreInst = "DSP48">   --->   Core 127 'DSP48' <Latency = 3> <II = 1> <Delay = 0.53> <IPBlock> <Opcode : '' 'add' 'sub' 'mul' 'select'> <InPorts = 0> <OutPorts = 1> <Sync> <CReg>
ST_5 : Operation 581 [1/3] (0.00ns) (grouped into DSP with root node add_ln101_22)   --->   "%product_22 = mul i16 %sext_ln100_7, i16 %sext_ln100_10" [mmult.cpp:100]   --->   Operation 581 'mul' 'product_22' <Predicate = true> <Delay = 0.00> <CoreInst = "DSP48">   --->   Core 127 'DSP48' <Latency = 3> <II = 1> <Delay = 0.53> <IPBlock> <Opcode : '' 'add' 'sub' 'mul' 'select'> <InPorts = 0> <OutPorts = 1> <Sync> <CReg>
ST_5 : Operation 582 [2/2] (0.64ns) (root node of the DSP)   --->   "%add_ln101_22 = add i16 %product_22, i16 %c_row_major_2_6_0_load" [mmult.cpp:101]   --->   Operation 582 'add' 'add_ln101_22' <Predicate = true> <Delay = 0.64> <CoreInst = "DSP48">   --->   Core 127 'DSP48' <Latency = 3> <II = 1> <Delay = 0.53> <IPBlock> <Opcode : '' 'add' 'sub' 'mul' 'select'> <InPorts = 0> <OutPorts = 1> <Sync> <CReg>
ST_5 : Operation 583 [1/3] (0.00ns) (grouped into DSP with root node add_ln101_23)   --->   "%product_23 = mul i16 %sext_ln100_8, i16 %sext_ln100_10" [mmult.cpp:100]   --->   Operation 583 'mul' 'product_23' <Predicate = true> <Delay = 0.00> <CoreInst = "DSP48">   --->   Core 127 'DSP48' <Latency = 3> <II = 1> <Delay = 0.53> <IPBlock> <Opcode : '' 'add' 'sub' 'mul' 'select'> <InPorts = 0> <OutPorts = 1> <Sync> <CReg>
ST_5 : Operation 584 [2/2] (0.64ns) (root node of the DSP)   --->   "%add_ln101_23 = add i16 %product_23, i16 %c_row_major_2_7_0_load" [mmult.cpp:101]   --->   Operation 584 'add' 'add_ln101_23' <Predicate = true> <Delay = 0.64> <CoreInst = "DSP48">   --->   Core 127 'DSP48' <Latency = 3> <II = 1> <Delay = 0.53> <IPBlock> <Opcode : '' 'add' 'sub' 'mul' 'select'> <InPorts = 0> <OutPorts = 1> <Sync> <CReg>
ST_5 : Operation 585 [1/3] (0.00ns) (grouped into DSP with root node add_ln101_24)   --->   "%product_24 = mul i16 %sext_ln100_1, i16 %sext_ln100_11" [mmult.cpp:100]   --->   Operation 585 'mul' 'product_24' <Predicate = true> <Delay = 0.00> <CoreInst = "DSP48">   --->   Core 127 'DSP48' <Latency = 3> <II = 1> <Delay = 0.53> <IPBlock> <Opcode : '' 'add' 'sub' 'mul' 'select'> <InPorts = 0> <OutPorts = 1> <Sync> <CReg>
ST_5 : Operation 586 [2/2] (0.64ns) (root node of the DSP)   --->   "%add_ln101_24 = add i16 %product_24, i16 %c_row_major_3_0_0_load" [mmult.cpp:101]   --->   Operation 586 'add' 'add_ln101_24' <Predicate = true> <Delay = 0.64> <CoreInst = "DSP48">   --->   Core 127 'DSP48' <Latency = 3> <II = 1> <Delay = 0.53> <IPBlock> <Opcode : '' 'add' 'sub' 'mul' 'select'> <InPorts = 0> <OutPorts = 1> <Sync> <CReg>
ST_5 : Operation 587 [1/3] (0.00ns) (grouped into DSP with root node add_ln101_25)   --->   "%product_25 = mul i16 %sext_ln100_2, i16 %sext_ln100_11" [mmult.cpp:100]   --->   Operation 587 'mul' 'product_25' <Predicate = true> <Delay = 0.00> <CoreInst = "DSP48">   --->   Core 127 'DSP48' <Latency = 3> <II = 1> <Delay = 0.53> <IPBlock> <Opcode : '' 'add' 'sub' 'mul' 'select'> <InPorts = 0> <OutPorts = 1> <Sync> <CReg>
ST_5 : Operation 588 [2/2] (0.64ns) (root node of the DSP)   --->   "%add_ln101_25 = add i16 %product_25, i16 %c_row_major_3_1_0_load" [mmult.cpp:101]   --->   Operation 588 'add' 'add_ln101_25' <Predicate = true> <Delay = 0.64> <CoreInst = "DSP48">   --->   Core 127 'DSP48' <Latency = 3> <II = 1> <Delay = 0.53> <IPBlock> <Opcode : '' 'add' 'sub' 'mul' 'select'> <InPorts = 0> <OutPorts = 1> <Sync> <CReg>
ST_5 : Operation 589 [1/3] (0.00ns) (grouped into DSP with root node add_ln101_26)   --->   "%product_26 = mul i16 %sext_ln100_3, i16 %sext_ln100_11" [mmult.cpp:100]   --->   Operation 589 'mul' 'product_26' <Predicate = true> <Delay = 0.00> <CoreInst = "DSP48">   --->   Core 127 'DSP48' <Latency = 3> <II = 1> <Delay = 0.53> <IPBlock> <Opcode : '' 'add' 'sub' 'mul' 'select'> <InPorts = 0> <OutPorts = 1> <Sync> <CReg>
ST_5 : Operation 590 [2/2] (0.64ns) (root node of the DSP)   --->   "%add_ln101_26 = add i16 %product_26, i16 %c_row_major_3_2_0_load" [mmult.cpp:101]   --->   Operation 590 'add' 'add_ln101_26' <Predicate = true> <Delay = 0.64> <CoreInst = "DSP48">   --->   Core 127 'DSP48' <Latency = 3> <II = 1> <Delay = 0.53> <IPBlock> <Opcode : '' 'add' 'sub' 'mul' 'select'> <InPorts = 0> <OutPorts = 1> <Sync> <CReg>
ST_5 : Operation 591 [1/3] (0.00ns) (grouped into DSP with root node add_ln101_27)   --->   "%product_27 = mul i16 %sext_ln100_4, i16 %sext_ln100_11" [mmult.cpp:100]   --->   Operation 591 'mul' 'product_27' <Predicate = true> <Delay = 0.00> <CoreInst = "DSP48">   --->   Core 127 'DSP48' <Latency = 3> <II = 1> <Delay = 0.53> <IPBlock> <Opcode : '' 'add' 'sub' 'mul' 'select'> <InPorts = 0> <OutPorts = 1> <Sync> <CReg>
ST_5 : Operation 592 [2/2] (0.64ns) (root node of the DSP)   --->   "%add_ln101_27 = add i16 %product_27, i16 %c_row_major_3_3_0_load" [mmult.cpp:101]   --->   Operation 592 'add' 'add_ln101_27' <Predicate = true> <Delay = 0.64> <CoreInst = "DSP48">   --->   Core 127 'DSP48' <Latency = 3> <II = 1> <Delay = 0.53> <IPBlock> <Opcode : '' 'add' 'sub' 'mul' 'select'> <InPorts = 0> <OutPorts = 1> <Sync> <CReg>
ST_5 : Operation 593 [1/3] (0.00ns) (grouped into DSP with root node add_ln101_28)   --->   "%product_28 = mul i16 %sext_ln100_5, i16 %sext_ln100_11" [mmult.cpp:100]   --->   Operation 593 'mul' 'product_28' <Predicate = true> <Delay = 0.00> <CoreInst = "DSP48">   --->   Core 127 'DSP48' <Latency = 3> <II = 1> <Delay = 0.53> <IPBlock> <Opcode : '' 'add' 'sub' 'mul' 'select'> <InPorts = 0> <OutPorts = 1> <Sync> <CReg>
ST_5 : Operation 594 [2/2] (0.64ns) (root node of the DSP)   --->   "%add_ln101_28 = add i16 %product_28, i16 %c_row_major_3_4_0_load" [mmult.cpp:101]   --->   Operation 594 'add' 'add_ln101_28' <Predicate = true> <Delay = 0.64> <CoreInst = "DSP48">   --->   Core 127 'DSP48' <Latency = 3> <II = 1> <Delay = 0.53> <IPBlock> <Opcode : '' 'add' 'sub' 'mul' 'select'> <InPorts = 0> <OutPorts = 1> <Sync> <CReg>
ST_5 : Operation 595 [1/3] (0.00ns) (grouped into DSP with root node add_ln101_29)   --->   "%product_29 = mul i16 %sext_ln100_6, i16 %sext_ln100_11" [mmult.cpp:100]   --->   Operation 595 'mul' 'product_29' <Predicate = true> <Delay = 0.00> <CoreInst = "DSP48">   --->   Core 127 'DSP48' <Latency = 3> <II = 1> <Delay = 0.53> <IPBlock> <Opcode : '' 'add' 'sub' 'mul' 'select'> <InPorts = 0> <OutPorts = 1> <Sync> <CReg>
ST_5 : Operation 596 [2/2] (0.64ns) (root node of the DSP)   --->   "%add_ln101_29 = add i16 %product_29, i16 %c_row_major_3_5_0_load" [mmult.cpp:101]   --->   Operation 596 'add' 'add_ln101_29' <Predicate = true> <Delay = 0.64> <CoreInst = "DSP48">   --->   Core 127 'DSP48' <Latency = 3> <II = 1> <Delay = 0.53> <IPBlock> <Opcode : '' 'add' 'sub' 'mul' 'select'> <InPorts = 0> <OutPorts = 1> <Sync> <CReg>
ST_5 : Operation 597 [1/3] (0.00ns) (grouped into DSP with root node add_ln101_30)   --->   "%product_30 = mul i16 %sext_ln100_7, i16 %sext_ln100_11" [mmult.cpp:100]   --->   Operation 597 'mul' 'product_30' <Predicate = true> <Delay = 0.00> <CoreInst = "DSP48">   --->   Core 127 'DSP48' <Latency = 3> <II = 1> <Delay = 0.53> <IPBlock> <Opcode : '' 'add' 'sub' 'mul' 'select'> <InPorts = 0> <OutPorts = 1> <Sync> <CReg>
ST_5 : Operation 598 [2/2] (0.64ns) (root node of the DSP)   --->   "%add_ln101_30 = add i16 %product_30, i16 %c_row_major_3_6_0_load" [mmult.cpp:101]   --->   Operation 598 'add' 'add_ln101_30' <Predicate = true> <Delay = 0.64> <CoreInst = "DSP48">   --->   Core 127 'DSP48' <Latency = 3> <II = 1> <Delay = 0.53> <IPBlock> <Opcode : '' 'add' 'sub' 'mul' 'select'> <InPorts = 0> <OutPorts = 1> <Sync> <CReg>
ST_5 : Operation 599 [1/3] (0.00ns) (grouped into DSP with root node add_ln101_31)   --->   "%product_31 = mul i16 %sext_ln100_8, i16 %sext_ln100_11" [mmult.cpp:100]   --->   Operation 599 'mul' 'product_31' <Predicate = true> <Delay = 0.00> <CoreInst = "DSP48">   --->   Core 127 'DSP48' <Latency = 3> <II = 1> <Delay = 0.53> <IPBlock> <Opcode : '' 'add' 'sub' 'mul' 'select'> <InPorts = 0> <OutPorts = 1> <Sync> <CReg>
ST_5 : Operation 600 [2/2] (0.64ns) (root node of the DSP)   --->   "%add_ln101_31 = add i16 %product_31, i16 %c_row_major_3_7_0_load" [mmult.cpp:101]   --->   Operation 600 'add' 'add_ln101_31' <Predicate = true> <Delay = 0.64> <CoreInst = "DSP48">   --->   Core 127 'DSP48' <Latency = 3> <II = 1> <Delay = 0.53> <IPBlock> <Opcode : '' 'add' 'sub' 'mul' 'select'> <InPorts = 0> <OutPorts = 1> <Sync> <CReg>
ST_5 : Operation 601 [1/3] (0.00ns) (grouped into DSP with root node add_ln101_32)   --->   "%product_32 = mul i16 %sext_ln100_1, i16 %sext_ln100_12" [mmult.cpp:100]   --->   Operation 601 'mul' 'product_32' <Predicate = true> <Delay = 0.00> <CoreInst = "DSP48">   --->   Core 127 'DSP48' <Latency = 3> <II = 1> <Delay = 0.53> <IPBlock> <Opcode : '' 'add' 'sub' 'mul' 'select'> <InPorts = 0> <OutPorts = 1> <Sync> <CReg>
ST_5 : Operation 602 [2/2] (0.64ns) (root node of the DSP)   --->   "%add_ln101_32 = add i16 %product_32, i16 %c_row_major_4_0_0_load" [mmult.cpp:101]   --->   Operation 602 'add' 'add_ln101_32' <Predicate = true> <Delay = 0.64> <CoreInst = "DSP48">   --->   Core 127 'DSP48' <Latency = 3> <II = 1> <Delay = 0.53> <IPBlock> <Opcode : '' 'add' 'sub' 'mul' 'select'> <InPorts = 0> <OutPorts = 1> <Sync> <CReg>
ST_5 : Operation 603 [1/3] (0.00ns) (grouped into DSP with root node add_ln101_33)   --->   "%product_33 = mul i16 %sext_ln100_2, i16 %sext_ln100_12" [mmult.cpp:100]   --->   Operation 603 'mul' 'product_33' <Predicate = true> <Delay = 0.00> <CoreInst = "DSP48">   --->   Core 127 'DSP48' <Latency = 3> <II = 1> <Delay = 0.53> <IPBlock> <Opcode : '' 'add' 'sub' 'mul' 'select'> <InPorts = 0> <OutPorts = 1> <Sync> <CReg>
ST_5 : Operation 604 [2/2] (0.64ns) (root node of the DSP)   --->   "%add_ln101_33 = add i16 %product_33, i16 %c_row_major_4_1_0_load" [mmult.cpp:101]   --->   Operation 604 'add' 'add_ln101_33' <Predicate = true> <Delay = 0.64> <CoreInst = "DSP48">   --->   Core 127 'DSP48' <Latency = 3> <II = 1> <Delay = 0.53> <IPBlock> <Opcode : '' 'add' 'sub' 'mul' 'select'> <InPorts = 0> <OutPorts = 1> <Sync> <CReg>
ST_5 : Operation 605 [1/3] (0.00ns) (grouped into DSP with root node add_ln101_34)   --->   "%product_34 = mul i16 %sext_ln100_3, i16 %sext_ln100_12" [mmult.cpp:100]   --->   Operation 605 'mul' 'product_34' <Predicate = true> <Delay = 0.00> <CoreInst = "DSP48">   --->   Core 127 'DSP48' <Latency = 3> <II = 1> <Delay = 0.53> <IPBlock> <Opcode : '' 'add' 'sub' 'mul' 'select'> <InPorts = 0> <OutPorts = 1> <Sync> <CReg>
ST_5 : Operation 606 [2/2] (0.64ns) (root node of the DSP)   --->   "%add_ln101_34 = add i16 %product_34, i16 %c_row_major_4_2_0_load" [mmult.cpp:101]   --->   Operation 606 'add' 'add_ln101_34' <Predicate = true> <Delay = 0.64> <CoreInst = "DSP48">   --->   Core 127 'DSP48' <Latency = 3> <II = 1> <Delay = 0.53> <IPBlock> <Opcode : '' 'add' 'sub' 'mul' 'select'> <InPorts = 0> <OutPorts = 1> <Sync> <CReg>
ST_5 : Operation 607 [1/3] (0.00ns) (grouped into DSP with root node add_ln101_35)   --->   "%product_35 = mul i16 %sext_ln100_4, i16 %sext_ln100_12" [mmult.cpp:100]   --->   Operation 607 'mul' 'product_35' <Predicate = true> <Delay = 0.00> <CoreInst = "DSP48">   --->   Core 127 'DSP48' <Latency = 3> <II = 1> <Delay = 0.53> <IPBlock> <Opcode : '' 'add' 'sub' 'mul' 'select'> <InPorts = 0> <OutPorts = 1> <Sync> <CReg>
ST_5 : Operation 608 [2/2] (0.64ns) (root node of the DSP)   --->   "%add_ln101_35 = add i16 %product_35, i16 %c_row_major_4_3_0_load" [mmult.cpp:101]   --->   Operation 608 'add' 'add_ln101_35' <Predicate = true> <Delay = 0.64> <CoreInst = "DSP48">   --->   Core 127 'DSP48' <Latency = 3> <II = 1> <Delay = 0.53> <IPBlock> <Opcode : '' 'add' 'sub' 'mul' 'select'> <InPorts = 0> <OutPorts = 1> <Sync> <CReg>
ST_5 : Operation 609 [1/3] (0.00ns) (grouped into DSP with root node add_ln101_36)   --->   "%product_36 = mul i16 %sext_ln100_5, i16 %sext_ln100_12" [mmult.cpp:100]   --->   Operation 609 'mul' 'product_36' <Predicate = true> <Delay = 0.00> <CoreInst = "DSP48">   --->   Core 127 'DSP48' <Latency = 3> <II = 1> <Delay = 0.53> <IPBlock> <Opcode : '' 'add' 'sub' 'mul' 'select'> <InPorts = 0> <OutPorts = 1> <Sync> <CReg>
ST_5 : Operation 610 [2/2] (0.64ns) (root node of the DSP)   --->   "%add_ln101_36 = add i16 %product_36, i16 %c_row_major_4_4_0_load" [mmult.cpp:101]   --->   Operation 610 'add' 'add_ln101_36' <Predicate = true> <Delay = 0.64> <CoreInst = "DSP48">   --->   Core 127 'DSP48' <Latency = 3> <II = 1> <Delay = 0.53> <IPBlock> <Opcode : '' 'add' 'sub' 'mul' 'select'> <InPorts = 0> <OutPorts = 1> <Sync> <CReg>
ST_5 : Operation 611 [1/3] (0.00ns) (grouped into DSP with root node add_ln101_37)   --->   "%product_37 = mul i16 %sext_ln100_6, i16 %sext_ln100_12" [mmult.cpp:100]   --->   Operation 611 'mul' 'product_37' <Predicate = true> <Delay = 0.00> <CoreInst = "DSP48">   --->   Core 127 'DSP48' <Latency = 3> <II = 1> <Delay = 0.53> <IPBlock> <Opcode : '' 'add' 'sub' 'mul' 'select'> <InPorts = 0> <OutPorts = 1> <Sync> <CReg>
ST_5 : Operation 612 [2/2] (0.64ns) (root node of the DSP)   --->   "%add_ln101_37 = add i16 %product_37, i16 %c_row_major_4_5_0_load" [mmult.cpp:101]   --->   Operation 612 'add' 'add_ln101_37' <Predicate = true> <Delay = 0.64> <CoreInst = "DSP48">   --->   Core 127 'DSP48' <Latency = 3> <II = 1> <Delay = 0.53> <IPBlock> <Opcode : '' 'add' 'sub' 'mul' 'select'> <InPorts = 0> <OutPorts = 1> <Sync> <CReg>
ST_5 : Operation 613 [1/3] (0.00ns) (grouped into DSP with root node add_ln101_38)   --->   "%product_38 = mul i16 %sext_ln100_7, i16 %sext_ln100_12" [mmult.cpp:100]   --->   Operation 613 'mul' 'product_38' <Predicate = true> <Delay = 0.00> <CoreInst = "DSP48">   --->   Core 127 'DSP48' <Latency = 3> <II = 1> <Delay = 0.53> <IPBlock> <Opcode : '' 'add' 'sub' 'mul' 'select'> <InPorts = 0> <OutPorts = 1> <Sync> <CReg>
ST_5 : Operation 614 [2/2] (0.64ns) (root node of the DSP)   --->   "%add_ln101_38 = add i16 %product_38, i16 %c_row_major_4_6_0_load" [mmult.cpp:101]   --->   Operation 614 'add' 'add_ln101_38' <Predicate = true> <Delay = 0.64> <CoreInst = "DSP48">   --->   Core 127 'DSP48' <Latency = 3> <II = 1> <Delay = 0.53> <IPBlock> <Opcode : '' 'add' 'sub' 'mul' 'select'> <InPorts = 0> <OutPorts = 1> <Sync> <CReg>
ST_5 : Operation 615 [1/3] (0.00ns) (grouped into DSP with root node add_ln101_39)   --->   "%product_39 = mul i16 %sext_ln100_8, i16 %sext_ln100_12" [mmult.cpp:100]   --->   Operation 615 'mul' 'product_39' <Predicate = true> <Delay = 0.00> <CoreInst = "DSP48">   --->   Core 127 'DSP48' <Latency = 3> <II = 1> <Delay = 0.53> <IPBlock> <Opcode : '' 'add' 'sub' 'mul' 'select'> <InPorts = 0> <OutPorts = 1> <Sync> <CReg>
ST_5 : Operation 616 [2/2] (0.64ns) (root node of the DSP)   --->   "%add_ln101_39 = add i16 %product_39, i16 %c_row_major_4_7_0_load" [mmult.cpp:101]   --->   Operation 616 'add' 'add_ln101_39' <Predicate = true> <Delay = 0.64> <CoreInst = "DSP48">   --->   Core 127 'DSP48' <Latency = 3> <II = 1> <Delay = 0.53> <IPBlock> <Opcode : '' 'add' 'sub' 'mul' 'select'> <InPorts = 0> <OutPorts = 1> <Sync> <CReg>
ST_5 : Operation 617 [1/3] (0.00ns) (grouped into DSP with root node add_ln101_40)   --->   "%product_40 = mul i16 %sext_ln100_1, i16 %sext_ln100_13" [mmult.cpp:100]   --->   Operation 617 'mul' 'product_40' <Predicate = true> <Delay = 0.00> <CoreInst = "DSP48">   --->   Core 127 'DSP48' <Latency = 3> <II = 1> <Delay = 0.53> <IPBlock> <Opcode : '' 'add' 'sub' 'mul' 'select'> <InPorts = 0> <OutPorts = 1> <Sync> <CReg>
ST_5 : Operation 618 [2/2] (0.64ns) (root node of the DSP)   --->   "%add_ln101_40 = add i16 %product_40, i16 %c_row_major_5_0_0_load" [mmult.cpp:101]   --->   Operation 618 'add' 'add_ln101_40' <Predicate = true> <Delay = 0.64> <CoreInst = "DSP48">   --->   Core 127 'DSP48' <Latency = 3> <II = 1> <Delay = 0.53> <IPBlock> <Opcode : '' 'add' 'sub' 'mul' 'select'> <InPorts = 0> <OutPorts = 1> <Sync> <CReg>
ST_5 : Operation 619 [1/3] (0.00ns) (grouped into DSP with root node add_ln101_41)   --->   "%product_41 = mul i16 %sext_ln100_2, i16 %sext_ln100_13" [mmult.cpp:100]   --->   Operation 619 'mul' 'product_41' <Predicate = true> <Delay = 0.00> <CoreInst = "DSP48">   --->   Core 127 'DSP48' <Latency = 3> <II = 1> <Delay = 0.53> <IPBlock> <Opcode : '' 'add' 'sub' 'mul' 'select'> <InPorts = 0> <OutPorts = 1> <Sync> <CReg>
ST_5 : Operation 620 [2/2] (0.64ns) (root node of the DSP)   --->   "%add_ln101_41 = add i16 %product_41, i16 %c_row_major_5_1_0_load" [mmult.cpp:101]   --->   Operation 620 'add' 'add_ln101_41' <Predicate = true> <Delay = 0.64> <CoreInst = "DSP48">   --->   Core 127 'DSP48' <Latency = 3> <II = 1> <Delay = 0.53> <IPBlock> <Opcode : '' 'add' 'sub' 'mul' 'select'> <InPorts = 0> <OutPorts = 1> <Sync> <CReg>
ST_5 : Operation 621 [1/3] (0.00ns) (grouped into DSP with root node add_ln101_42)   --->   "%product_42 = mul i16 %sext_ln100_3, i16 %sext_ln100_13" [mmult.cpp:100]   --->   Operation 621 'mul' 'product_42' <Predicate = true> <Delay = 0.00> <CoreInst = "DSP48">   --->   Core 127 'DSP48' <Latency = 3> <II = 1> <Delay = 0.53> <IPBlock> <Opcode : '' 'add' 'sub' 'mul' 'select'> <InPorts = 0> <OutPorts = 1> <Sync> <CReg>
ST_5 : Operation 622 [2/2] (0.64ns) (root node of the DSP)   --->   "%add_ln101_42 = add i16 %product_42, i16 %c_row_major_5_2_0_load" [mmult.cpp:101]   --->   Operation 622 'add' 'add_ln101_42' <Predicate = true> <Delay = 0.64> <CoreInst = "DSP48">   --->   Core 127 'DSP48' <Latency = 3> <II = 1> <Delay = 0.53> <IPBlock> <Opcode : '' 'add' 'sub' 'mul' 'select'> <InPorts = 0> <OutPorts = 1> <Sync> <CReg>
ST_5 : Operation 623 [1/3] (0.00ns) (grouped into DSP with root node add_ln101_43)   --->   "%product_43 = mul i16 %sext_ln100_4, i16 %sext_ln100_13" [mmult.cpp:100]   --->   Operation 623 'mul' 'product_43' <Predicate = true> <Delay = 0.00> <CoreInst = "DSP48">   --->   Core 127 'DSP48' <Latency = 3> <II = 1> <Delay = 0.53> <IPBlock> <Opcode : '' 'add' 'sub' 'mul' 'select'> <InPorts = 0> <OutPorts = 1> <Sync> <CReg>
ST_5 : Operation 624 [2/2] (0.64ns) (root node of the DSP)   --->   "%add_ln101_43 = add i16 %product_43, i16 %c_row_major_5_3_0_load" [mmult.cpp:101]   --->   Operation 624 'add' 'add_ln101_43' <Predicate = true> <Delay = 0.64> <CoreInst = "DSP48">   --->   Core 127 'DSP48' <Latency = 3> <II = 1> <Delay = 0.53> <IPBlock> <Opcode : '' 'add' 'sub' 'mul' 'select'> <InPorts = 0> <OutPorts = 1> <Sync> <CReg>
ST_5 : Operation 625 [1/3] (0.00ns) (grouped into DSP with root node add_ln101_44)   --->   "%product_44 = mul i16 %sext_ln100_5, i16 %sext_ln100_13" [mmult.cpp:100]   --->   Operation 625 'mul' 'product_44' <Predicate = true> <Delay = 0.00> <CoreInst = "DSP48">   --->   Core 127 'DSP48' <Latency = 3> <II = 1> <Delay = 0.53> <IPBlock> <Opcode : '' 'add' 'sub' 'mul' 'select'> <InPorts = 0> <OutPorts = 1> <Sync> <CReg>
ST_5 : Operation 626 [2/2] (0.64ns) (root node of the DSP)   --->   "%add_ln101_44 = add i16 %product_44, i16 %c_row_major_5_4_0_load" [mmult.cpp:101]   --->   Operation 626 'add' 'add_ln101_44' <Predicate = true> <Delay = 0.64> <CoreInst = "DSP48">   --->   Core 127 'DSP48' <Latency = 3> <II = 1> <Delay = 0.53> <IPBlock> <Opcode : '' 'add' 'sub' 'mul' 'select'> <InPorts = 0> <OutPorts = 1> <Sync> <CReg>
ST_5 : Operation 627 [1/3] (0.00ns) (grouped into DSP with root node add_ln101_45)   --->   "%product_45 = mul i16 %sext_ln100_6, i16 %sext_ln100_13" [mmult.cpp:100]   --->   Operation 627 'mul' 'product_45' <Predicate = true> <Delay = 0.00> <CoreInst = "DSP48">   --->   Core 127 'DSP48' <Latency = 3> <II = 1> <Delay = 0.53> <IPBlock> <Opcode : '' 'add' 'sub' 'mul' 'select'> <InPorts = 0> <OutPorts = 1> <Sync> <CReg>
ST_5 : Operation 628 [2/2] (0.64ns) (root node of the DSP)   --->   "%add_ln101_45 = add i16 %product_45, i16 %c_row_major_5_5_0_load" [mmult.cpp:101]   --->   Operation 628 'add' 'add_ln101_45' <Predicate = true> <Delay = 0.64> <CoreInst = "DSP48">   --->   Core 127 'DSP48' <Latency = 3> <II = 1> <Delay = 0.53> <IPBlock> <Opcode : '' 'add' 'sub' 'mul' 'select'> <InPorts = 0> <OutPorts = 1> <Sync> <CReg>
ST_5 : Operation 629 [1/3] (0.00ns) (grouped into DSP with root node add_ln101_46)   --->   "%product_46 = mul i16 %sext_ln100_7, i16 %sext_ln100_13" [mmult.cpp:100]   --->   Operation 629 'mul' 'product_46' <Predicate = true> <Delay = 0.00> <CoreInst = "DSP48">   --->   Core 127 'DSP48' <Latency = 3> <II = 1> <Delay = 0.53> <IPBlock> <Opcode : '' 'add' 'sub' 'mul' 'select'> <InPorts = 0> <OutPorts = 1> <Sync> <CReg>
ST_5 : Operation 630 [2/2] (0.64ns) (root node of the DSP)   --->   "%add_ln101_46 = add i16 %product_46, i16 %c_row_major_5_6_0_load" [mmult.cpp:101]   --->   Operation 630 'add' 'add_ln101_46' <Predicate = true> <Delay = 0.64> <CoreInst = "DSP48">   --->   Core 127 'DSP48' <Latency = 3> <II = 1> <Delay = 0.53> <IPBlock> <Opcode : '' 'add' 'sub' 'mul' 'select'> <InPorts = 0> <OutPorts = 1> <Sync> <CReg>
ST_5 : Operation 631 [1/3] (0.00ns) (grouped into DSP with root node add_ln101_47)   --->   "%product_47 = mul i16 %sext_ln100_8, i16 %sext_ln100_13" [mmult.cpp:100]   --->   Operation 631 'mul' 'product_47' <Predicate = true> <Delay = 0.00> <CoreInst = "DSP48">   --->   Core 127 'DSP48' <Latency = 3> <II = 1> <Delay = 0.53> <IPBlock> <Opcode : '' 'add' 'sub' 'mul' 'select'> <InPorts = 0> <OutPorts = 1> <Sync> <CReg>
ST_5 : Operation 632 [2/2] (0.64ns) (root node of the DSP)   --->   "%add_ln101_47 = add i16 %product_47, i16 %c_row_major_5_7_0_load" [mmult.cpp:101]   --->   Operation 632 'add' 'add_ln101_47' <Predicate = true> <Delay = 0.64> <CoreInst = "DSP48">   --->   Core 127 'DSP48' <Latency = 3> <II = 1> <Delay = 0.53> <IPBlock> <Opcode : '' 'add' 'sub' 'mul' 'select'> <InPorts = 0> <OutPorts = 1> <Sync> <CReg>
ST_5 : Operation 633 [1/3] (0.00ns) (grouped into DSP with root node add_ln101_48)   --->   "%product_48 = mul i16 %sext_ln100_1, i16 %sext_ln100_14" [mmult.cpp:100]   --->   Operation 633 'mul' 'product_48' <Predicate = true> <Delay = 0.00> <CoreInst = "DSP48">   --->   Core 127 'DSP48' <Latency = 3> <II = 1> <Delay = 0.53> <IPBlock> <Opcode : '' 'add' 'sub' 'mul' 'select'> <InPorts = 0> <OutPorts = 1> <Sync> <CReg>
ST_5 : Operation 634 [2/2] (0.64ns) (root node of the DSP)   --->   "%add_ln101_48 = add i16 %product_48, i16 %c_row_major_6_0_0_load" [mmult.cpp:101]   --->   Operation 634 'add' 'add_ln101_48' <Predicate = true> <Delay = 0.64> <CoreInst = "DSP48">   --->   Core 127 'DSP48' <Latency = 3> <II = 1> <Delay = 0.53> <IPBlock> <Opcode : '' 'add' 'sub' 'mul' 'select'> <InPorts = 0> <OutPorts = 1> <Sync> <CReg>
ST_5 : Operation 635 [1/3] (0.00ns) (grouped into DSP with root node add_ln101_49)   --->   "%product_49 = mul i16 %sext_ln100_2, i16 %sext_ln100_14" [mmult.cpp:100]   --->   Operation 635 'mul' 'product_49' <Predicate = true> <Delay = 0.00> <CoreInst = "DSP48">   --->   Core 127 'DSP48' <Latency = 3> <II = 1> <Delay = 0.53> <IPBlock> <Opcode : '' 'add' 'sub' 'mul' 'select'> <InPorts = 0> <OutPorts = 1> <Sync> <CReg>
ST_5 : Operation 636 [2/2] (0.64ns) (root node of the DSP)   --->   "%add_ln101_49 = add i16 %product_49, i16 %c_row_major_6_1_0_load" [mmult.cpp:101]   --->   Operation 636 'add' 'add_ln101_49' <Predicate = true> <Delay = 0.64> <CoreInst = "DSP48">   --->   Core 127 'DSP48' <Latency = 3> <II = 1> <Delay = 0.53> <IPBlock> <Opcode : '' 'add' 'sub' 'mul' 'select'> <InPorts = 0> <OutPorts = 1> <Sync> <CReg>
ST_5 : Operation 637 [1/3] (0.00ns) (grouped into DSP with root node add_ln101_50)   --->   "%product_50 = mul i16 %sext_ln100_3, i16 %sext_ln100_14" [mmult.cpp:100]   --->   Operation 637 'mul' 'product_50' <Predicate = true> <Delay = 0.00> <CoreInst = "DSP48">   --->   Core 127 'DSP48' <Latency = 3> <II = 1> <Delay = 0.53> <IPBlock> <Opcode : '' 'add' 'sub' 'mul' 'select'> <InPorts = 0> <OutPorts = 1> <Sync> <CReg>
ST_5 : Operation 638 [2/2] (0.64ns) (root node of the DSP)   --->   "%add_ln101_50 = add i16 %product_50, i16 %c_row_major_6_2_0_load" [mmult.cpp:101]   --->   Operation 638 'add' 'add_ln101_50' <Predicate = true> <Delay = 0.64> <CoreInst = "DSP48">   --->   Core 127 'DSP48' <Latency = 3> <II = 1> <Delay = 0.53> <IPBlock> <Opcode : '' 'add' 'sub' 'mul' 'select'> <InPorts = 0> <OutPorts = 1> <Sync> <CReg>
ST_5 : Operation 639 [1/3] (0.00ns) (grouped into DSP with root node add_ln101_51)   --->   "%product_51 = mul i16 %sext_ln100_4, i16 %sext_ln100_14" [mmult.cpp:100]   --->   Operation 639 'mul' 'product_51' <Predicate = true> <Delay = 0.00> <CoreInst = "DSP48">   --->   Core 127 'DSP48' <Latency = 3> <II = 1> <Delay = 0.53> <IPBlock> <Opcode : '' 'add' 'sub' 'mul' 'select'> <InPorts = 0> <OutPorts = 1> <Sync> <CReg>
ST_5 : Operation 640 [2/2] (0.64ns) (root node of the DSP)   --->   "%add_ln101_51 = add i16 %product_51, i16 %c_row_major_6_3_0_load" [mmult.cpp:101]   --->   Operation 640 'add' 'add_ln101_51' <Predicate = true> <Delay = 0.64> <CoreInst = "DSP48">   --->   Core 127 'DSP48' <Latency = 3> <II = 1> <Delay = 0.53> <IPBlock> <Opcode : '' 'add' 'sub' 'mul' 'select'> <InPorts = 0> <OutPorts = 1> <Sync> <CReg>
ST_5 : Operation 641 [1/3] (0.00ns) (grouped into DSP with root node add_ln101_52)   --->   "%product_52 = mul i16 %sext_ln100_5, i16 %sext_ln100_14" [mmult.cpp:100]   --->   Operation 641 'mul' 'product_52' <Predicate = true> <Delay = 0.00> <CoreInst = "DSP48">   --->   Core 127 'DSP48' <Latency = 3> <II = 1> <Delay = 0.53> <IPBlock> <Opcode : '' 'add' 'sub' 'mul' 'select'> <InPorts = 0> <OutPorts = 1> <Sync> <CReg>
ST_5 : Operation 642 [2/2] (0.64ns) (root node of the DSP)   --->   "%add_ln101_52 = add i16 %product_52, i16 %c_row_major_6_4_0_load" [mmult.cpp:101]   --->   Operation 642 'add' 'add_ln101_52' <Predicate = true> <Delay = 0.64> <CoreInst = "DSP48">   --->   Core 127 'DSP48' <Latency = 3> <II = 1> <Delay = 0.53> <IPBlock> <Opcode : '' 'add' 'sub' 'mul' 'select'> <InPorts = 0> <OutPorts = 1> <Sync> <CReg>
ST_5 : Operation 643 [1/3] (0.00ns) (grouped into DSP with root node add_ln101_53)   --->   "%product_53 = mul i16 %sext_ln100_6, i16 %sext_ln100_14" [mmult.cpp:100]   --->   Operation 643 'mul' 'product_53' <Predicate = true> <Delay = 0.00> <CoreInst = "DSP48">   --->   Core 127 'DSP48' <Latency = 3> <II = 1> <Delay = 0.53> <IPBlock> <Opcode : '' 'add' 'sub' 'mul' 'select'> <InPorts = 0> <OutPorts = 1> <Sync> <CReg>
ST_5 : Operation 644 [2/2] (0.64ns) (root node of the DSP)   --->   "%add_ln101_53 = add i16 %product_53, i16 %c_row_major_6_5_0_load" [mmult.cpp:101]   --->   Operation 644 'add' 'add_ln101_53' <Predicate = true> <Delay = 0.64> <CoreInst = "DSP48">   --->   Core 127 'DSP48' <Latency = 3> <II = 1> <Delay = 0.53> <IPBlock> <Opcode : '' 'add' 'sub' 'mul' 'select'> <InPorts = 0> <OutPorts = 1> <Sync> <CReg>
ST_5 : Operation 645 [1/3] (0.00ns) (grouped into DSP with root node add_ln101_54)   --->   "%product_54 = mul i16 %sext_ln100_7, i16 %sext_ln100_14" [mmult.cpp:100]   --->   Operation 645 'mul' 'product_54' <Predicate = true> <Delay = 0.00> <CoreInst = "DSP48">   --->   Core 127 'DSP48' <Latency = 3> <II = 1> <Delay = 0.53> <IPBlock> <Opcode : '' 'add' 'sub' 'mul' 'select'> <InPorts = 0> <OutPorts = 1> <Sync> <CReg>
ST_5 : Operation 646 [2/2] (0.64ns) (root node of the DSP)   --->   "%add_ln101_54 = add i16 %product_54, i16 %c_row_major_6_6_0_load" [mmult.cpp:101]   --->   Operation 646 'add' 'add_ln101_54' <Predicate = true> <Delay = 0.64> <CoreInst = "DSP48">   --->   Core 127 'DSP48' <Latency = 3> <II = 1> <Delay = 0.53> <IPBlock> <Opcode : '' 'add' 'sub' 'mul' 'select'> <InPorts = 0> <OutPorts = 1> <Sync> <CReg>
ST_5 : Operation 647 [1/3] (0.00ns) (grouped into DSP with root node add_ln101_55)   --->   "%product_55 = mul i16 %sext_ln100_8, i16 %sext_ln100_14" [mmult.cpp:100]   --->   Operation 647 'mul' 'product_55' <Predicate = true> <Delay = 0.00> <CoreInst = "DSP48">   --->   Core 127 'DSP48' <Latency = 3> <II = 1> <Delay = 0.53> <IPBlock> <Opcode : '' 'add' 'sub' 'mul' 'select'> <InPorts = 0> <OutPorts = 1> <Sync> <CReg>
ST_5 : Operation 648 [2/2] (0.64ns) (root node of the DSP)   --->   "%add_ln101_55 = add i16 %product_55, i16 %c_row_major_6_7_0_load" [mmult.cpp:101]   --->   Operation 648 'add' 'add_ln101_55' <Predicate = true> <Delay = 0.64> <CoreInst = "DSP48">   --->   Core 127 'DSP48' <Latency = 3> <II = 1> <Delay = 0.53> <IPBlock> <Opcode : '' 'add' 'sub' 'mul' 'select'> <InPorts = 0> <OutPorts = 1> <Sync> <CReg>
ST_5 : Operation 649 [1/3] (0.00ns) (grouped into DSP with root node add_ln101_56)   --->   "%product_56 = mul i16 %sext_ln100_1, i16 %sext_ln100_15" [mmult.cpp:100]   --->   Operation 649 'mul' 'product_56' <Predicate = true> <Delay = 0.00> <CoreInst = "DSP48">   --->   Core 127 'DSP48' <Latency = 3> <II = 1> <Delay = 0.53> <IPBlock> <Opcode : '' 'add' 'sub' 'mul' 'select'> <InPorts = 0> <OutPorts = 1> <Sync> <CReg>
ST_5 : Operation 650 [2/2] (0.64ns) (root node of the DSP)   --->   "%add_ln101_56 = add i16 %product_56, i16 %c_row_major_7_0_0_load" [mmult.cpp:101]   --->   Operation 650 'add' 'add_ln101_56' <Predicate = true> <Delay = 0.64> <CoreInst = "DSP48">   --->   Core 127 'DSP48' <Latency = 3> <II = 1> <Delay = 0.53> <IPBlock> <Opcode : '' 'add' 'sub' 'mul' 'select'> <InPorts = 0> <OutPorts = 1> <Sync> <CReg>
ST_5 : Operation 651 [1/3] (0.00ns) (grouped into DSP with root node add_ln101_57)   --->   "%product_57 = mul i16 %sext_ln100_2, i16 %sext_ln100_15" [mmult.cpp:100]   --->   Operation 651 'mul' 'product_57' <Predicate = true> <Delay = 0.00> <CoreInst = "DSP48">   --->   Core 127 'DSP48' <Latency = 3> <II = 1> <Delay = 0.53> <IPBlock> <Opcode : '' 'add' 'sub' 'mul' 'select'> <InPorts = 0> <OutPorts = 1> <Sync> <CReg>
ST_5 : Operation 652 [2/2] (0.64ns) (root node of the DSP)   --->   "%add_ln101_57 = add i16 %product_57, i16 %c_row_major_7_1_0_load" [mmult.cpp:101]   --->   Operation 652 'add' 'add_ln101_57' <Predicate = true> <Delay = 0.64> <CoreInst = "DSP48">   --->   Core 127 'DSP48' <Latency = 3> <II = 1> <Delay = 0.53> <IPBlock> <Opcode : '' 'add' 'sub' 'mul' 'select'> <InPorts = 0> <OutPorts = 1> <Sync> <CReg>
ST_5 : Operation 653 [1/3] (0.00ns) (grouped into DSP with root node add_ln101_58)   --->   "%product_58 = mul i16 %sext_ln100_3, i16 %sext_ln100_15" [mmult.cpp:100]   --->   Operation 653 'mul' 'product_58' <Predicate = true> <Delay = 0.00> <CoreInst = "DSP48">   --->   Core 127 'DSP48' <Latency = 3> <II = 1> <Delay = 0.53> <IPBlock> <Opcode : '' 'add' 'sub' 'mul' 'select'> <InPorts = 0> <OutPorts = 1> <Sync> <CReg>
ST_5 : Operation 654 [2/2] (0.64ns) (root node of the DSP)   --->   "%add_ln101_58 = add i16 %product_58, i16 %c_row_major_7_2_0_load" [mmult.cpp:101]   --->   Operation 654 'add' 'add_ln101_58' <Predicate = true> <Delay = 0.64> <CoreInst = "DSP48">   --->   Core 127 'DSP48' <Latency = 3> <II = 1> <Delay = 0.53> <IPBlock> <Opcode : '' 'add' 'sub' 'mul' 'select'> <InPorts = 0> <OutPorts = 1> <Sync> <CReg>
ST_5 : Operation 655 [1/3] (0.00ns) (grouped into DSP with root node add_ln101_59)   --->   "%product_59 = mul i16 %sext_ln100_4, i16 %sext_ln100_15" [mmult.cpp:100]   --->   Operation 655 'mul' 'product_59' <Predicate = true> <Delay = 0.00> <CoreInst = "DSP48">   --->   Core 127 'DSP48' <Latency = 3> <II = 1> <Delay = 0.53> <IPBlock> <Opcode : '' 'add' 'sub' 'mul' 'select'> <InPorts = 0> <OutPorts = 1> <Sync> <CReg>
ST_5 : Operation 656 [2/2] (0.64ns) (root node of the DSP)   --->   "%add_ln101_59 = add i16 %product_59, i16 %c_row_major_7_3_0_load" [mmult.cpp:101]   --->   Operation 656 'add' 'add_ln101_59' <Predicate = true> <Delay = 0.64> <CoreInst = "DSP48">   --->   Core 127 'DSP48' <Latency = 3> <II = 1> <Delay = 0.53> <IPBlock> <Opcode : '' 'add' 'sub' 'mul' 'select'> <InPorts = 0> <OutPorts = 1> <Sync> <CReg>
ST_5 : Operation 657 [1/3] (0.00ns) (grouped into DSP with root node add_ln101_60)   --->   "%product_60 = mul i16 %sext_ln100_5, i16 %sext_ln100_15" [mmult.cpp:100]   --->   Operation 657 'mul' 'product_60' <Predicate = true> <Delay = 0.00> <CoreInst = "DSP48">   --->   Core 127 'DSP48' <Latency = 3> <II = 1> <Delay = 0.53> <IPBlock> <Opcode : '' 'add' 'sub' 'mul' 'select'> <InPorts = 0> <OutPorts = 1> <Sync> <CReg>
ST_5 : Operation 658 [2/2] (0.64ns) (root node of the DSP)   --->   "%add_ln101_60 = add i16 %product_60, i16 %c_row_major_7_4_0_load" [mmult.cpp:101]   --->   Operation 658 'add' 'add_ln101_60' <Predicate = true> <Delay = 0.64> <CoreInst = "DSP48">   --->   Core 127 'DSP48' <Latency = 3> <II = 1> <Delay = 0.53> <IPBlock> <Opcode : '' 'add' 'sub' 'mul' 'select'> <InPorts = 0> <OutPorts = 1> <Sync> <CReg>
ST_5 : Operation 659 [1/3] (0.00ns) (grouped into DSP with root node add_ln101_61)   --->   "%product_61 = mul i16 %sext_ln100_6, i16 %sext_ln100_15" [mmult.cpp:100]   --->   Operation 659 'mul' 'product_61' <Predicate = true> <Delay = 0.00> <CoreInst = "DSP48">   --->   Core 127 'DSP48' <Latency = 3> <II = 1> <Delay = 0.53> <IPBlock> <Opcode : '' 'add' 'sub' 'mul' 'select'> <InPorts = 0> <OutPorts = 1> <Sync> <CReg>
ST_5 : Operation 660 [2/2] (0.64ns) (root node of the DSP)   --->   "%add_ln101_61 = add i16 %product_61, i16 %c_row_major_7_5_0_load" [mmult.cpp:101]   --->   Operation 660 'add' 'add_ln101_61' <Predicate = true> <Delay = 0.64> <CoreInst = "DSP48">   --->   Core 127 'DSP48' <Latency = 3> <II = 1> <Delay = 0.53> <IPBlock> <Opcode : '' 'add' 'sub' 'mul' 'select'> <InPorts = 0> <OutPorts = 1> <Sync> <CReg>
ST_5 : Operation 661 [1/3] (0.00ns) (grouped into DSP with root node add_ln101_62)   --->   "%product_62 = mul i16 %sext_ln100_7, i16 %sext_ln100_15" [mmult.cpp:100]   --->   Operation 661 'mul' 'product_62' <Predicate = true> <Delay = 0.00> <CoreInst = "DSP48">   --->   Core 127 'DSP48' <Latency = 3> <II = 1> <Delay = 0.53> <IPBlock> <Opcode : '' 'add' 'sub' 'mul' 'select'> <InPorts = 0> <OutPorts = 1> <Sync> <CReg>
ST_5 : Operation 662 [2/2] (0.64ns) (root node of the DSP)   --->   "%add_ln101_62 = add i16 %product_62, i16 %c_row_major_7_6_0_load" [mmult.cpp:101]   --->   Operation 662 'add' 'add_ln101_62' <Predicate = true> <Delay = 0.64> <CoreInst = "DSP48">   --->   Core 127 'DSP48' <Latency = 3> <II = 1> <Delay = 0.53> <IPBlock> <Opcode : '' 'add' 'sub' 'mul' 'select'> <InPorts = 0> <OutPorts = 1> <Sync> <CReg>
ST_5 : Operation 663 [1/3] (0.00ns) (grouped into DSP with root node add_ln101_63)   --->   "%product_63 = mul i16 %sext_ln100_8, i16 %sext_ln100_15" [mmult.cpp:100]   --->   Operation 663 'mul' 'product_63' <Predicate = true> <Delay = 0.00> <CoreInst = "DSP48">   --->   Core 127 'DSP48' <Latency = 3> <II = 1> <Delay = 0.53> <IPBlock> <Opcode : '' 'add' 'sub' 'mul' 'select'> <InPorts = 0> <OutPorts = 1> <Sync> <CReg>
ST_5 : Operation 664 [2/2] (0.64ns) (root node of the DSP)   --->   "%add_ln101_63 = add i16 %product_63, i16 %c_row_major_7_7_0_load" [mmult.cpp:101]   --->   Operation 664 'add' 'add_ln101_63' <Predicate = true> <Delay = 0.64> <CoreInst = "DSP48">   --->   Core 127 'DSP48' <Latency = 3> <II = 1> <Delay = 0.53> <IPBlock> <Opcode : '' 'add' 'sub' 'mul' 'select'> <InPorts = 0> <OutPorts = 1> <Sync> <CReg>
ST_5 : Operation 797 [1/1] (0.00ns)   --->   "%c_row_major_0_0_0_load_1 = load i16 %c_row_major_0_0_0"   --->   Operation 797 'load' 'c_row_major_0_0_0_load_1' <Predicate = (icmp_ln81)> <Delay = 0.00>
ST_5 : Operation 798 [1/1] (0.00ns)   --->   "%c_row_major_0_1_0_load_1 = load i16 %c_row_major_0_1_0"   --->   Operation 798 'load' 'c_row_major_0_1_0_load_1' <Predicate = (icmp_ln81)> <Delay = 0.00>
ST_5 : Operation 799 [1/1] (0.00ns)   --->   "%c_row_major_0_2_0_load_1 = load i16 %c_row_major_0_2_0"   --->   Operation 799 'load' 'c_row_major_0_2_0_load_1' <Predicate = (icmp_ln81)> <Delay = 0.00>
ST_5 : Operation 800 [1/1] (0.00ns)   --->   "%c_row_major_0_3_0_load_1 = load i16 %c_row_major_0_3_0"   --->   Operation 800 'load' 'c_row_major_0_3_0_load_1' <Predicate = (icmp_ln81)> <Delay = 0.00>
ST_5 : Operation 801 [1/1] (0.00ns)   --->   "%c_row_major_0_4_0_load_1 = load i16 %c_row_major_0_4_0"   --->   Operation 801 'load' 'c_row_major_0_4_0_load_1' <Predicate = (icmp_ln81)> <Delay = 0.00>
ST_5 : Operation 802 [1/1] (0.00ns)   --->   "%c_row_major_0_5_0_load_1 = load i16 %c_row_major_0_5_0"   --->   Operation 802 'load' 'c_row_major_0_5_0_load_1' <Predicate = (icmp_ln81)> <Delay = 0.00>
ST_5 : Operation 803 [1/1] (0.00ns)   --->   "%c_row_major_0_6_0_load_1 = load i16 %c_row_major_0_6_0"   --->   Operation 803 'load' 'c_row_major_0_6_0_load_1' <Predicate = (icmp_ln81)> <Delay = 0.00>
ST_5 : Operation 804 [1/1] (0.00ns)   --->   "%c_row_major_0_7_0_load_1 = load i16 %c_row_major_0_7_0"   --->   Operation 804 'load' 'c_row_major_0_7_0_load_1' <Predicate = (icmp_ln81)> <Delay = 0.00>
ST_5 : Operation 805 [1/1] (0.00ns)   --->   "%c_row_major_1_0_0_load_1 = load i16 %c_row_major_1_0_0"   --->   Operation 805 'load' 'c_row_major_1_0_0_load_1' <Predicate = (icmp_ln81)> <Delay = 0.00>
ST_5 : Operation 806 [1/1] (0.00ns)   --->   "%c_row_major_1_1_0_load_1 = load i16 %c_row_major_1_1_0"   --->   Operation 806 'load' 'c_row_major_1_1_0_load_1' <Predicate = (icmp_ln81)> <Delay = 0.00>
ST_5 : Operation 807 [1/1] (0.00ns)   --->   "%c_row_major_1_2_0_load_1 = load i16 %c_row_major_1_2_0"   --->   Operation 807 'load' 'c_row_major_1_2_0_load_1' <Predicate = (icmp_ln81)> <Delay = 0.00>
ST_5 : Operation 808 [1/1] (0.00ns)   --->   "%c_row_major_1_3_0_load_1 = load i16 %c_row_major_1_3_0"   --->   Operation 808 'load' 'c_row_major_1_3_0_load_1' <Predicate = (icmp_ln81)> <Delay = 0.00>
ST_5 : Operation 809 [1/1] (0.00ns)   --->   "%c_row_major_1_4_0_load_1 = load i16 %c_row_major_1_4_0"   --->   Operation 809 'load' 'c_row_major_1_4_0_load_1' <Predicate = (icmp_ln81)> <Delay = 0.00>
ST_5 : Operation 810 [1/1] (0.00ns)   --->   "%c_row_major_1_5_0_load_1 = load i16 %c_row_major_1_5_0"   --->   Operation 810 'load' 'c_row_major_1_5_0_load_1' <Predicate = (icmp_ln81)> <Delay = 0.00>
ST_5 : Operation 811 [1/1] (0.00ns)   --->   "%c_row_major_1_6_0_load_1 = load i16 %c_row_major_1_6_0"   --->   Operation 811 'load' 'c_row_major_1_6_0_load_1' <Predicate = (icmp_ln81)> <Delay = 0.00>
ST_5 : Operation 812 [1/1] (0.00ns)   --->   "%c_row_major_1_7_0_load_1 = load i16 %c_row_major_1_7_0"   --->   Operation 812 'load' 'c_row_major_1_7_0_load_1' <Predicate = (icmp_ln81)> <Delay = 0.00>
ST_5 : Operation 813 [1/1] (0.00ns)   --->   "%c_row_major_2_0_0_load_1 = load i16 %c_row_major_2_0_0"   --->   Operation 813 'load' 'c_row_major_2_0_0_load_1' <Predicate = (icmp_ln81)> <Delay = 0.00>
ST_5 : Operation 814 [1/1] (0.00ns)   --->   "%c_row_major_2_1_0_load_1 = load i16 %c_row_major_2_1_0"   --->   Operation 814 'load' 'c_row_major_2_1_0_load_1' <Predicate = (icmp_ln81)> <Delay = 0.00>
ST_5 : Operation 815 [1/1] (0.00ns)   --->   "%c_row_major_2_2_0_load_1 = load i16 %c_row_major_2_2_0"   --->   Operation 815 'load' 'c_row_major_2_2_0_load_1' <Predicate = (icmp_ln81)> <Delay = 0.00>
ST_5 : Operation 816 [1/1] (0.00ns)   --->   "%c_row_major_2_3_0_load_1 = load i16 %c_row_major_2_3_0"   --->   Operation 816 'load' 'c_row_major_2_3_0_load_1' <Predicate = (icmp_ln81)> <Delay = 0.00>
ST_5 : Operation 817 [1/1] (0.00ns)   --->   "%c_row_major_2_4_0_load_1 = load i16 %c_row_major_2_4_0"   --->   Operation 817 'load' 'c_row_major_2_4_0_load_1' <Predicate = (icmp_ln81)> <Delay = 0.00>
ST_5 : Operation 818 [1/1] (0.00ns)   --->   "%c_row_major_2_5_0_load_1 = load i16 %c_row_major_2_5_0"   --->   Operation 818 'load' 'c_row_major_2_5_0_load_1' <Predicate = (icmp_ln81)> <Delay = 0.00>
ST_5 : Operation 819 [1/1] (0.00ns)   --->   "%c_row_major_2_6_0_load_1 = load i16 %c_row_major_2_6_0"   --->   Operation 819 'load' 'c_row_major_2_6_0_load_1' <Predicate = (icmp_ln81)> <Delay = 0.00>
ST_5 : Operation 820 [1/1] (0.00ns)   --->   "%c_row_major_2_7_0_load_1 = load i16 %c_row_major_2_7_0"   --->   Operation 820 'load' 'c_row_major_2_7_0_load_1' <Predicate = (icmp_ln81)> <Delay = 0.00>
ST_5 : Operation 821 [1/1] (0.00ns)   --->   "%c_row_major_3_0_0_load_1 = load i16 %c_row_major_3_0_0"   --->   Operation 821 'load' 'c_row_major_3_0_0_load_1' <Predicate = (icmp_ln81)> <Delay = 0.00>
ST_5 : Operation 822 [1/1] (0.00ns)   --->   "%c_row_major_3_1_0_load_1 = load i16 %c_row_major_3_1_0"   --->   Operation 822 'load' 'c_row_major_3_1_0_load_1' <Predicate = (icmp_ln81)> <Delay = 0.00>
ST_5 : Operation 823 [1/1] (0.00ns)   --->   "%c_row_major_3_2_0_load_1 = load i16 %c_row_major_3_2_0"   --->   Operation 823 'load' 'c_row_major_3_2_0_load_1' <Predicate = (icmp_ln81)> <Delay = 0.00>
ST_5 : Operation 824 [1/1] (0.00ns)   --->   "%c_row_major_3_3_0_load_1 = load i16 %c_row_major_3_3_0"   --->   Operation 824 'load' 'c_row_major_3_3_0_load_1' <Predicate = (icmp_ln81)> <Delay = 0.00>
ST_5 : Operation 825 [1/1] (0.00ns)   --->   "%c_row_major_3_4_0_load_1 = load i16 %c_row_major_3_4_0"   --->   Operation 825 'load' 'c_row_major_3_4_0_load_1' <Predicate = (icmp_ln81)> <Delay = 0.00>
ST_5 : Operation 826 [1/1] (0.00ns)   --->   "%c_row_major_3_5_0_load_1 = load i16 %c_row_major_3_5_0"   --->   Operation 826 'load' 'c_row_major_3_5_0_load_1' <Predicate = (icmp_ln81)> <Delay = 0.00>
ST_5 : Operation 827 [1/1] (0.00ns)   --->   "%c_row_major_3_6_0_load_1 = load i16 %c_row_major_3_6_0"   --->   Operation 827 'load' 'c_row_major_3_6_0_load_1' <Predicate = (icmp_ln81)> <Delay = 0.00>
ST_5 : Operation 828 [1/1] (0.00ns)   --->   "%c_row_major_3_7_0_load_1 = load i16 %c_row_major_3_7_0"   --->   Operation 828 'load' 'c_row_major_3_7_0_load_1' <Predicate = (icmp_ln81)> <Delay = 0.00>
ST_5 : Operation 829 [1/1] (0.00ns)   --->   "%c_row_major_4_0_0_load_1 = load i16 %c_row_major_4_0_0"   --->   Operation 829 'load' 'c_row_major_4_0_0_load_1' <Predicate = (icmp_ln81)> <Delay = 0.00>
ST_5 : Operation 830 [1/1] (0.00ns)   --->   "%c_row_major_4_1_0_load_1 = load i16 %c_row_major_4_1_0"   --->   Operation 830 'load' 'c_row_major_4_1_0_load_1' <Predicate = (icmp_ln81)> <Delay = 0.00>
ST_5 : Operation 831 [1/1] (0.00ns)   --->   "%c_row_major_4_2_0_load_1 = load i16 %c_row_major_4_2_0"   --->   Operation 831 'load' 'c_row_major_4_2_0_load_1' <Predicate = (icmp_ln81)> <Delay = 0.00>
ST_5 : Operation 832 [1/1] (0.00ns)   --->   "%c_row_major_4_3_0_load_1 = load i16 %c_row_major_4_3_0"   --->   Operation 832 'load' 'c_row_major_4_3_0_load_1' <Predicate = (icmp_ln81)> <Delay = 0.00>
ST_5 : Operation 833 [1/1] (0.00ns)   --->   "%c_row_major_4_4_0_load_1 = load i16 %c_row_major_4_4_0"   --->   Operation 833 'load' 'c_row_major_4_4_0_load_1' <Predicate = (icmp_ln81)> <Delay = 0.00>
ST_5 : Operation 834 [1/1] (0.00ns)   --->   "%c_row_major_4_5_0_load_1 = load i16 %c_row_major_4_5_0"   --->   Operation 834 'load' 'c_row_major_4_5_0_load_1' <Predicate = (icmp_ln81)> <Delay = 0.00>
ST_5 : Operation 835 [1/1] (0.00ns)   --->   "%c_row_major_4_6_0_load_1 = load i16 %c_row_major_4_6_0"   --->   Operation 835 'load' 'c_row_major_4_6_0_load_1' <Predicate = (icmp_ln81)> <Delay = 0.00>
ST_5 : Operation 836 [1/1] (0.00ns)   --->   "%c_row_major_4_7_0_load_1 = load i16 %c_row_major_4_7_0"   --->   Operation 836 'load' 'c_row_major_4_7_0_load_1' <Predicate = (icmp_ln81)> <Delay = 0.00>
ST_5 : Operation 837 [1/1] (0.00ns)   --->   "%c_row_major_5_0_0_load_1 = load i16 %c_row_major_5_0_0"   --->   Operation 837 'load' 'c_row_major_5_0_0_load_1' <Predicate = (icmp_ln81)> <Delay = 0.00>
ST_5 : Operation 838 [1/1] (0.00ns)   --->   "%c_row_major_5_1_0_load_1 = load i16 %c_row_major_5_1_0"   --->   Operation 838 'load' 'c_row_major_5_1_0_load_1' <Predicate = (icmp_ln81)> <Delay = 0.00>
ST_5 : Operation 839 [1/1] (0.00ns)   --->   "%c_row_major_5_2_0_load_1 = load i16 %c_row_major_5_2_0"   --->   Operation 839 'load' 'c_row_major_5_2_0_load_1' <Predicate = (icmp_ln81)> <Delay = 0.00>
ST_5 : Operation 840 [1/1] (0.00ns)   --->   "%c_row_major_5_3_0_load_1 = load i16 %c_row_major_5_3_0"   --->   Operation 840 'load' 'c_row_major_5_3_0_load_1' <Predicate = (icmp_ln81)> <Delay = 0.00>
ST_5 : Operation 841 [1/1] (0.00ns)   --->   "%c_row_major_5_4_0_load_1 = load i16 %c_row_major_5_4_0"   --->   Operation 841 'load' 'c_row_major_5_4_0_load_1' <Predicate = (icmp_ln81)> <Delay = 0.00>
ST_5 : Operation 842 [1/1] (0.00ns)   --->   "%c_row_major_5_5_0_load_1 = load i16 %c_row_major_5_5_0"   --->   Operation 842 'load' 'c_row_major_5_5_0_load_1' <Predicate = (icmp_ln81)> <Delay = 0.00>
ST_5 : Operation 843 [1/1] (0.00ns)   --->   "%c_row_major_5_6_0_load_1 = load i16 %c_row_major_5_6_0"   --->   Operation 843 'load' 'c_row_major_5_6_0_load_1' <Predicate = (icmp_ln81)> <Delay = 0.00>
ST_5 : Operation 844 [1/1] (0.00ns)   --->   "%c_row_major_5_7_0_load_1 = load i16 %c_row_major_5_7_0"   --->   Operation 844 'load' 'c_row_major_5_7_0_load_1' <Predicate = (icmp_ln81)> <Delay = 0.00>
ST_5 : Operation 845 [1/1] (0.00ns)   --->   "%c_row_major_6_0_0_load_1 = load i16 %c_row_major_6_0_0"   --->   Operation 845 'load' 'c_row_major_6_0_0_load_1' <Predicate = (icmp_ln81)> <Delay = 0.00>
ST_5 : Operation 846 [1/1] (0.00ns)   --->   "%c_row_major_6_1_0_load_1 = load i16 %c_row_major_6_1_0"   --->   Operation 846 'load' 'c_row_major_6_1_0_load_1' <Predicate = (icmp_ln81)> <Delay = 0.00>
ST_5 : Operation 847 [1/1] (0.00ns)   --->   "%c_row_major_6_2_0_load_1 = load i16 %c_row_major_6_2_0"   --->   Operation 847 'load' 'c_row_major_6_2_0_load_1' <Predicate = (icmp_ln81)> <Delay = 0.00>
ST_5 : Operation 848 [1/1] (0.00ns)   --->   "%c_row_major_6_3_0_load_1 = load i16 %c_row_major_6_3_0"   --->   Operation 848 'load' 'c_row_major_6_3_0_load_1' <Predicate = (icmp_ln81)> <Delay = 0.00>
ST_5 : Operation 849 [1/1] (0.00ns)   --->   "%c_row_major_6_4_0_load_1 = load i16 %c_row_major_6_4_0"   --->   Operation 849 'load' 'c_row_major_6_4_0_load_1' <Predicate = (icmp_ln81)> <Delay = 0.00>
ST_5 : Operation 850 [1/1] (0.00ns)   --->   "%c_row_major_6_5_0_load_1 = load i16 %c_row_major_6_5_0"   --->   Operation 850 'load' 'c_row_major_6_5_0_load_1' <Predicate = (icmp_ln81)> <Delay = 0.00>
ST_5 : Operation 851 [1/1] (0.00ns)   --->   "%c_row_major_6_6_0_load_1 = load i16 %c_row_major_6_6_0"   --->   Operation 851 'load' 'c_row_major_6_6_0_load_1' <Predicate = (icmp_ln81)> <Delay = 0.00>
ST_5 : Operation 852 [1/1] (0.00ns)   --->   "%c_row_major_6_7_0_load_1 = load i16 %c_row_major_6_7_0"   --->   Operation 852 'load' 'c_row_major_6_7_0_load_1' <Predicate = (icmp_ln81)> <Delay = 0.00>
ST_5 : Operation 853 [1/1] (0.00ns)   --->   "%c_row_major_7_0_0_load_1 = load i16 %c_row_major_7_0_0"   --->   Operation 853 'load' 'c_row_major_7_0_0_load_1' <Predicate = (icmp_ln81)> <Delay = 0.00>
ST_5 : Operation 854 [1/1] (0.00ns)   --->   "%c_row_major_7_1_0_load_1 = load i16 %c_row_major_7_1_0"   --->   Operation 854 'load' 'c_row_major_7_1_0_load_1' <Predicate = (icmp_ln81)> <Delay = 0.00>
ST_5 : Operation 855 [1/1] (0.00ns)   --->   "%c_row_major_7_2_0_load_1 = load i16 %c_row_major_7_2_0"   --->   Operation 855 'load' 'c_row_major_7_2_0_load_1' <Predicate = (icmp_ln81)> <Delay = 0.00>
ST_5 : Operation 856 [1/1] (0.00ns)   --->   "%c_row_major_7_3_0_load_1 = load i16 %c_row_major_7_3_0"   --->   Operation 856 'load' 'c_row_major_7_3_0_load_1' <Predicate = (icmp_ln81)> <Delay = 0.00>
ST_5 : Operation 857 [1/1] (0.00ns)   --->   "%c_row_major_7_4_0_load_1 = load i16 %c_row_major_7_4_0"   --->   Operation 857 'load' 'c_row_major_7_4_0_load_1' <Predicate = (icmp_ln81)> <Delay = 0.00>
ST_5 : Operation 858 [1/1] (0.00ns)   --->   "%c_row_major_7_5_0_load_1 = load i16 %c_row_major_7_5_0"   --->   Operation 858 'load' 'c_row_major_7_5_0_load_1' <Predicate = (icmp_ln81)> <Delay = 0.00>
ST_5 : Operation 859 [1/1] (0.00ns)   --->   "%c_row_major_7_6_0_load_1 = load i16 %c_row_major_7_6_0"   --->   Operation 859 'load' 'c_row_major_7_6_0_load_1' <Predicate = (icmp_ln81)> <Delay = 0.00>
ST_5 : Operation 860 [1/1] (0.00ns)   --->   "%c_row_major_7_7_0_load_1 = load i16 %c_row_major_7_7_0"   --->   Operation 860 'load' 'c_row_major_7_7_0_load_1' <Predicate = (icmp_ln81)> <Delay = 0.00>
ST_5 : Operation 861 [1/1] (0.00ns)   --->   "%write_ln0 = write void @_ssdm_op_Write.ap_auto.i16P0A, i16 %c_row_major_7_7_0_out, i16 %c_row_major_7_7_0_load_1"   --->   Operation 861 'write' 'write_ln0' <Predicate = (icmp_ln81)> <Delay = 0.00>
ST_5 : Operation 862 [1/1] (0.00ns)   --->   "%write_ln0 = write void @_ssdm_op_Write.ap_auto.i16P0A, i16 %c_row_major_7_6_0_out, i16 %c_row_major_7_6_0_load_1"   --->   Operation 862 'write' 'write_ln0' <Predicate = (icmp_ln81)> <Delay = 0.00>
ST_5 : Operation 863 [1/1] (0.00ns)   --->   "%write_ln0 = write void @_ssdm_op_Write.ap_auto.i16P0A, i16 %c_row_major_7_5_0_out, i16 %c_row_major_7_5_0_load_1"   --->   Operation 863 'write' 'write_ln0' <Predicate = (icmp_ln81)> <Delay = 0.00>
ST_5 : Operation 864 [1/1] (0.00ns)   --->   "%write_ln0 = write void @_ssdm_op_Write.ap_auto.i16P0A, i16 %c_row_major_7_4_0_out, i16 %c_row_major_7_4_0_load_1"   --->   Operation 864 'write' 'write_ln0' <Predicate = (icmp_ln81)> <Delay = 0.00>
ST_5 : Operation 865 [1/1] (0.00ns)   --->   "%write_ln0 = write void @_ssdm_op_Write.ap_auto.i16P0A, i16 %c_row_major_7_3_0_out, i16 %c_row_major_7_3_0_load_1"   --->   Operation 865 'write' 'write_ln0' <Predicate = (icmp_ln81)> <Delay = 0.00>
ST_5 : Operation 866 [1/1] (0.00ns)   --->   "%write_ln0 = write void @_ssdm_op_Write.ap_auto.i16P0A, i16 %c_row_major_7_2_0_out, i16 %c_row_major_7_2_0_load_1"   --->   Operation 866 'write' 'write_ln0' <Predicate = (icmp_ln81)> <Delay = 0.00>
ST_5 : Operation 867 [1/1] (0.00ns)   --->   "%write_ln0 = write void @_ssdm_op_Write.ap_auto.i16P0A, i16 %c_row_major_7_1_0_out, i16 %c_row_major_7_1_0_load_1"   --->   Operation 867 'write' 'write_ln0' <Predicate = (icmp_ln81)> <Delay = 0.00>
ST_5 : Operation 868 [1/1] (0.00ns)   --->   "%write_ln0 = write void @_ssdm_op_Write.ap_auto.i16P0A, i16 %c_row_major_7_0_0_out, i16 %c_row_major_7_0_0_load_1"   --->   Operation 868 'write' 'write_ln0' <Predicate = (icmp_ln81)> <Delay = 0.00>
ST_5 : Operation 869 [1/1] (0.00ns)   --->   "%write_ln0 = write void @_ssdm_op_Write.ap_auto.i16P0A, i16 %c_row_major_6_7_0_out, i16 %c_row_major_6_7_0_load_1"   --->   Operation 869 'write' 'write_ln0' <Predicate = (icmp_ln81)> <Delay = 0.00>
ST_5 : Operation 870 [1/1] (0.00ns)   --->   "%write_ln0 = write void @_ssdm_op_Write.ap_auto.i16P0A, i16 %c_row_major_6_6_0_out, i16 %c_row_major_6_6_0_load_1"   --->   Operation 870 'write' 'write_ln0' <Predicate = (icmp_ln81)> <Delay = 0.00>
ST_5 : Operation 871 [1/1] (0.00ns)   --->   "%write_ln0 = write void @_ssdm_op_Write.ap_auto.i16P0A, i16 %c_row_major_6_5_0_out, i16 %c_row_major_6_5_0_load_1"   --->   Operation 871 'write' 'write_ln0' <Predicate = (icmp_ln81)> <Delay = 0.00>
ST_5 : Operation 872 [1/1] (0.00ns)   --->   "%write_ln0 = write void @_ssdm_op_Write.ap_auto.i16P0A, i16 %c_row_major_6_4_0_out, i16 %c_row_major_6_4_0_load_1"   --->   Operation 872 'write' 'write_ln0' <Predicate = (icmp_ln81)> <Delay = 0.00>
ST_5 : Operation 873 [1/1] (0.00ns)   --->   "%write_ln0 = write void @_ssdm_op_Write.ap_auto.i16P0A, i16 %c_row_major_6_3_0_out, i16 %c_row_major_6_3_0_load_1"   --->   Operation 873 'write' 'write_ln0' <Predicate = (icmp_ln81)> <Delay = 0.00>
ST_5 : Operation 874 [1/1] (0.00ns)   --->   "%write_ln0 = write void @_ssdm_op_Write.ap_auto.i16P0A, i16 %c_row_major_6_2_0_out, i16 %c_row_major_6_2_0_load_1"   --->   Operation 874 'write' 'write_ln0' <Predicate = (icmp_ln81)> <Delay = 0.00>
ST_5 : Operation 875 [1/1] (0.00ns)   --->   "%write_ln0 = write void @_ssdm_op_Write.ap_auto.i16P0A, i16 %c_row_major_6_1_0_out, i16 %c_row_major_6_1_0_load_1"   --->   Operation 875 'write' 'write_ln0' <Predicate = (icmp_ln81)> <Delay = 0.00>
ST_5 : Operation 876 [1/1] (0.00ns)   --->   "%write_ln0 = write void @_ssdm_op_Write.ap_auto.i16P0A, i16 %c_row_major_6_0_0_out, i16 %c_row_major_6_0_0_load_1"   --->   Operation 876 'write' 'write_ln0' <Predicate = (icmp_ln81)> <Delay = 0.00>
ST_5 : Operation 877 [1/1] (0.00ns)   --->   "%write_ln0 = write void @_ssdm_op_Write.ap_auto.i16P0A, i16 %c_row_major_5_7_0_out, i16 %c_row_major_5_7_0_load_1"   --->   Operation 877 'write' 'write_ln0' <Predicate = (icmp_ln81)> <Delay = 0.00>
ST_5 : Operation 878 [1/1] (0.00ns)   --->   "%write_ln0 = write void @_ssdm_op_Write.ap_auto.i16P0A, i16 %c_row_major_5_6_0_out, i16 %c_row_major_5_6_0_load_1"   --->   Operation 878 'write' 'write_ln0' <Predicate = (icmp_ln81)> <Delay = 0.00>
ST_5 : Operation 879 [1/1] (0.00ns)   --->   "%write_ln0 = write void @_ssdm_op_Write.ap_auto.i16P0A, i16 %c_row_major_5_5_0_out, i16 %c_row_major_5_5_0_load_1"   --->   Operation 879 'write' 'write_ln0' <Predicate = (icmp_ln81)> <Delay = 0.00>
ST_5 : Operation 880 [1/1] (0.00ns)   --->   "%write_ln0 = write void @_ssdm_op_Write.ap_auto.i16P0A, i16 %c_row_major_5_4_0_out, i16 %c_row_major_5_4_0_load_1"   --->   Operation 880 'write' 'write_ln0' <Predicate = (icmp_ln81)> <Delay = 0.00>
ST_5 : Operation 881 [1/1] (0.00ns)   --->   "%write_ln0 = write void @_ssdm_op_Write.ap_auto.i16P0A, i16 %c_row_major_5_3_0_out, i16 %c_row_major_5_3_0_load_1"   --->   Operation 881 'write' 'write_ln0' <Predicate = (icmp_ln81)> <Delay = 0.00>
ST_5 : Operation 882 [1/1] (0.00ns)   --->   "%write_ln0 = write void @_ssdm_op_Write.ap_auto.i16P0A, i16 %c_row_major_5_2_0_out, i16 %c_row_major_5_2_0_load_1"   --->   Operation 882 'write' 'write_ln0' <Predicate = (icmp_ln81)> <Delay = 0.00>
ST_5 : Operation 883 [1/1] (0.00ns)   --->   "%write_ln0 = write void @_ssdm_op_Write.ap_auto.i16P0A, i16 %c_row_major_5_1_0_out, i16 %c_row_major_5_1_0_load_1"   --->   Operation 883 'write' 'write_ln0' <Predicate = (icmp_ln81)> <Delay = 0.00>
ST_5 : Operation 884 [1/1] (0.00ns)   --->   "%write_ln0 = write void @_ssdm_op_Write.ap_auto.i16P0A, i16 %c_row_major_5_0_0_out, i16 %c_row_major_5_0_0_load_1"   --->   Operation 884 'write' 'write_ln0' <Predicate = (icmp_ln81)> <Delay = 0.00>
ST_5 : Operation 885 [1/1] (0.00ns)   --->   "%write_ln0 = write void @_ssdm_op_Write.ap_auto.i16P0A, i16 %c_row_major_4_7_0_out, i16 %c_row_major_4_7_0_load_1"   --->   Operation 885 'write' 'write_ln0' <Predicate = (icmp_ln81)> <Delay = 0.00>
ST_5 : Operation 886 [1/1] (0.00ns)   --->   "%write_ln0 = write void @_ssdm_op_Write.ap_auto.i16P0A, i16 %c_row_major_4_6_0_out, i16 %c_row_major_4_6_0_load_1"   --->   Operation 886 'write' 'write_ln0' <Predicate = (icmp_ln81)> <Delay = 0.00>
ST_5 : Operation 887 [1/1] (0.00ns)   --->   "%write_ln0 = write void @_ssdm_op_Write.ap_auto.i16P0A, i16 %c_row_major_4_5_0_out, i16 %c_row_major_4_5_0_load_1"   --->   Operation 887 'write' 'write_ln0' <Predicate = (icmp_ln81)> <Delay = 0.00>
ST_5 : Operation 888 [1/1] (0.00ns)   --->   "%write_ln0 = write void @_ssdm_op_Write.ap_auto.i16P0A, i16 %c_row_major_4_4_0_out, i16 %c_row_major_4_4_0_load_1"   --->   Operation 888 'write' 'write_ln0' <Predicate = (icmp_ln81)> <Delay = 0.00>
ST_5 : Operation 889 [1/1] (0.00ns)   --->   "%write_ln0 = write void @_ssdm_op_Write.ap_auto.i16P0A, i16 %c_row_major_4_3_0_out, i16 %c_row_major_4_3_0_load_1"   --->   Operation 889 'write' 'write_ln0' <Predicate = (icmp_ln81)> <Delay = 0.00>
ST_5 : Operation 890 [1/1] (0.00ns)   --->   "%write_ln0 = write void @_ssdm_op_Write.ap_auto.i16P0A, i16 %c_row_major_4_2_0_out, i16 %c_row_major_4_2_0_load_1"   --->   Operation 890 'write' 'write_ln0' <Predicate = (icmp_ln81)> <Delay = 0.00>
ST_5 : Operation 891 [1/1] (0.00ns)   --->   "%write_ln0 = write void @_ssdm_op_Write.ap_auto.i16P0A, i16 %c_row_major_4_1_0_out, i16 %c_row_major_4_1_0_load_1"   --->   Operation 891 'write' 'write_ln0' <Predicate = (icmp_ln81)> <Delay = 0.00>
ST_5 : Operation 892 [1/1] (0.00ns)   --->   "%write_ln0 = write void @_ssdm_op_Write.ap_auto.i16P0A, i16 %c_row_major_4_0_0_out, i16 %c_row_major_4_0_0_load_1"   --->   Operation 892 'write' 'write_ln0' <Predicate = (icmp_ln81)> <Delay = 0.00>
ST_5 : Operation 893 [1/1] (0.00ns)   --->   "%write_ln0 = write void @_ssdm_op_Write.ap_auto.i16P0A, i16 %c_row_major_3_7_0_out, i16 %c_row_major_3_7_0_load_1"   --->   Operation 893 'write' 'write_ln0' <Predicate = (icmp_ln81)> <Delay = 0.00>
ST_5 : Operation 894 [1/1] (0.00ns)   --->   "%write_ln0 = write void @_ssdm_op_Write.ap_auto.i16P0A, i16 %c_row_major_3_6_0_out, i16 %c_row_major_3_6_0_load_1"   --->   Operation 894 'write' 'write_ln0' <Predicate = (icmp_ln81)> <Delay = 0.00>
ST_5 : Operation 895 [1/1] (0.00ns)   --->   "%write_ln0 = write void @_ssdm_op_Write.ap_auto.i16P0A, i16 %c_row_major_3_5_0_out, i16 %c_row_major_3_5_0_load_1"   --->   Operation 895 'write' 'write_ln0' <Predicate = (icmp_ln81)> <Delay = 0.00>
ST_5 : Operation 896 [1/1] (0.00ns)   --->   "%write_ln0 = write void @_ssdm_op_Write.ap_auto.i16P0A, i16 %c_row_major_3_4_0_out, i16 %c_row_major_3_4_0_load_1"   --->   Operation 896 'write' 'write_ln0' <Predicate = (icmp_ln81)> <Delay = 0.00>
ST_5 : Operation 897 [1/1] (0.00ns)   --->   "%write_ln0 = write void @_ssdm_op_Write.ap_auto.i16P0A, i16 %c_row_major_3_3_0_out, i16 %c_row_major_3_3_0_load_1"   --->   Operation 897 'write' 'write_ln0' <Predicate = (icmp_ln81)> <Delay = 0.00>
ST_5 : Operation 898 [1/1] (0.00ns)   --->   "%write_ln0 = write void @_ssdm_op_Write.ap_auto.i16P0A, i16 %c_row_major_3_2_0_out, i16 %c_row_major_3_2_0_load_1"   --->   Operation 898 'write' 'write_ln0' <Predicate = (icmp_ln81)> <Delay = 0.00>
ST_5 : Operation 899 [1/1] (0.00ns)   --->   "%write_ln0 = write void @_ssdm_op_Write.ap_auto.i16P0A, i16 %c_row_major_3_1_0_out, i16 %c_row_major_3_1_0_load_1"   --->   Operation 899 'write' 'write_ln0' <Predicate = (icmp_ln81)> <Delay = 0.00>
ST_5 : Operation 900 [1/1] (0.00ns)   --->   "%write_ln0 = write void @_ssdm_op_Write.ap_auto.i16P0A, i16 %c_row_major_3_0_0_out, i16 %c_row_major_3_0_0_load_1"   --->   Operation 900 'write' 'write_ln0' <Predicate = (icmp_ln81)> <Delay = 0.00>
ST_5 : Operation 901 [1/1] (0.00ns)   --->   "%write_ln0 = write void @_ssdm_op_Write.ap_auto.i16P0A, i16 %c_row_major_2_7_0_out, i16 %c_row_major_2_7_0_load_1"   --->   Operation 901 'write' 'write_ln0' <Predicate = (icmp_ln81)> <Delay = 0.00>
ST_5 : Operation 902 [1/1] (0.00ns)   --->   "%write_ln0 = write void @_ssdm_op_Write.ap_auto.i16P0A, i16 %c_row_major_2_6_0_out, i16 %c_row_major_2_6_0_load_1"   --->   Operation 902 'write' 'write_ln0' <Predicate = (icmp_ln81)> <Delay = 0.00>
ST_5 : Operation 903 [1/1] (0.00ns)   --->   "%write_ln0 = write void @_ssdm_op_Write.ap_auto.i16P0A, i16 %c_row_major_2_5_0_out, i16 %c_row_major_2_5_0_load_1"   --->   Operation 903 'write' 'write_ln0' <Predicate = (icmp_ln81)> <Delay = 0.00>
ST_5 : Operation 904 [1/1] (0.00ns)   --->   "%write_ln0 = write void @_ssdm_op_Write.ap_auto.i16P0A, i16 %c_row_major_2_4_0_out, i16 %c_row_major_2_4_0_load_1"   --->   Operation 904 'write' 'write_ln0' <Predicate = (icmp_ln81)> <Delay = 0.00>
ST_5 : Operation 905 [1/1] (0.00ns)   --->   "%write_ln0 = write void @_ssdm_op_Write.ap_auto.i16P0A, i16 %c_row_major_2_3_0_out, i16 %c_row_major_2_3_0_load_1"   --->   Operation 905 'write' 'write_ln0' <Predicate = (icmp_ln81)> <Delay = 0.00>
ST_5 : Operation 906 [1/1] (0.00ns)   --->   "%write_ln0 = write void @_ssdm_op_Write.ap_auto.i16P0A, i16 %c_row_major_2_2_0_out, i16 %c_row_major_2_2_0_load_1"   --->   Operation 906 'write' 'write_ln0' <Predicate = (icmp_ln81)> <Delay = 0.00>
ST_5 : Operation 907 [1/1] (0.00ns)   --->   "%write_ln0 = write void @_ssdm_op_Write.ap_auto.i16P0A, i16 %c_row_major_2_1_0_out, i16 %c_row_major_2_1_0_load_1"   --->   Operation 907 'write' 'write_ln0' <Predicate = (icmp_ln81)> <Delay = 0.00>
ST_5 : Operation 908 [1/1] (0.00ns)   --->   "%write_ln0 = write void @_ssdm_op_Write.ap_auto.i16P0A, i16 %c_row_major_2_0_0_out, i16 %c_row_major_2_0_0_load_1"   --->   Operation 908 'write' 'write_ln0' <Predicate = (icmp_ln81)> <Delay = 0.00>
ST_5 : Operation 909 [1/1] (0.00ns)   --->   "%write_ln0 = write void @_ssdm_op_Write.ap_auto.i16P0A, i16 %c_row_major_1_7_0_out, i16 %c_row_major_1_7_0_load_1"   --->   Operation 909 'write' 'write_ln0' <Predicate = (icmp_ln81)> <Delay = 0.00>
ST_5 : Operation 910 [1/1] (0.00ns)   --->   "%write_ln0 = write void @_ssdm_op_Write.ap_auto.i16P0A, i16 %c_row_major_1_6_0_out, i16 %c_row_major_1_6_0_load_1"   --->   Operation 910 'write' 'write_ln0' <Predicate = (icmp_ln81)> <Delay = 0.00>
ST_5 : Operation 911 [1/1] (0.00ns)   --->   "%write_ln0 = write void @_ssdm_op_Write.ap_auto.i16P0A, i16 %c_row_major_1_5_0_out, i16 %c_row_major_1_5_0_load_1"   --->   Operation 911 'write' 'write_ln0' <Predicate = (icmp_ln81)> <Delay = 0.00>
ST_5 : Operation 912 [1/1] (0.00ns)   --->   "%write_ln0 = write void @_ssdm_op_Write.ap_auto.i16P0A, i16 %c_row_major_1_4_0_out, i16 %c_row_major_1_4_0_load_1"   --->   Operation 912 'write' 'write_ln0' <Predicate = (icmp_ln81)> <Delay = 0.00>
ST_5 : Operation 913 [1/1] (0.00ns)   --->   "%write_ln0 = write void @_ssdm_op_Write.ap_auto.i16P0A, i16 %c_row_major_1_3_0_out, i16 %c_row_major_1_3_0_load_1"   --->   Operation 913 'write' 'write_ln0' <Predicate = (icmp_ln81)> <Delay = 0.00>
ST_5 : Operation 914 [1/1] (0.00ns)   --->   "%write_ln0 = write void @_ssdm_op_Write.ap_auto.i16P0A, i16 %c_row_major_1_2_0_out, i16 %c_row_major_1_2_0_load_1"   --->   Operation 914 'write' 'write_ln0' <Predicate = (icmp_ln81)> <Delay = 0.00>
ST_5 : Operation 915 [1/1] (0.00ns)   --->   "%write_ln0 = write void @_ssdm_op_Write.ap_auto.i16P0A, i16 %c_row_major_1_1_0_out, i16 %c_row_major_1_1_0_load_1"   --->   Operation 915 'write' 'write_ln0' <Predicate = (icmp_ln81)> <Delay = 0.00>
ST_5 : Operation 916 [1/1] (0.00ns)   --->   "%write_ln0 = write void @_ssdm_op_Write.ap_auto.i16P0A, i16 %c_row_major_1_0_0_out, i16 %c_row_major_1_0_0_load_1"   --->   Operation 916 'write' 'write_ln0' <Predicate = (icmp_ln81)> <Delay = 0.00>
ST_5 : Operation 917 [1/1] (0.00ns)   --->   "%write_ln0 = write void @_ssdm_op_Write.ap_auto.i16P0A, i16 %c_row_major_0_7_0_out, i16 %c_row_major_0_7_0_load_1"   --->   Operation 917 'write' 'write_ln0' <Predicate = (icmp_ln81)> <Delay = 0.00>
ST_5 : Operation 918 [1/1] (0.00ns)   --->   "%write_ln0 = write void @_ssdm_op_Write.ap_auto.i16P0A, i16 %c_row_major_0_6_0_out, i16 %c_row_major_0_6_0_load_1"   --->   Operation 918 'write' 'write_ln0' <Predicate = (icmp_ln81)> <Delay = 0.00>
ST_5 : Operation 919 [1/1] (0.00ns)   --->   "%write_ln0 = write void @_ssdm_op_Write.ap_auto.i16P0A, i16 %c_row_major_0_5_0_out, i16 %c_row_major_0_5_0_load_1"   --->   Operation 919 'write' 'write_ln0' <Predicate = (icmp_ln81)> <Delay = 0.00>
ST_5 : Operation 920 [1/1] (0.00ns)   --->   "%write_ln0 = write void @_ssdm_op_Write.ap_auto.i16P0A, i16 %c_row_major_0_4_0_out, i16 %c_row_major_0_4_0_load_1"   --->   Operation 920 'write' 'write_ln0' <Predicate = (icmp_ln81)> <Delay = 0.00>
ST_5 : Operation 921 [1/1] (0.00ns)   --->   "%write_ln0 = write void @_ssdm_op_Write.ap_auto.i16P0A, i16 %c_row_major_0_3_0_out, i16 %c_row_major_0_3_0_load_1"   --->   Operation 921 'write' 'write_ln0' <Predicate = (icmp_ln81)> <Delay = 0.00>
ST_5 : Operation 922 [1/1] (0.00ns)   --->   "%write_ln0 = write void @_ssdm_op_Write.ap_auto.i16P0A, i16 %c_row_major_0_2_0_out, i16 %c_row_major_0_2_0_load_1"   --->   Operation 922 'write' 'write_ln0' <Predicate = (icmp_ln81)> <Delay = 0.00>
ST_5 : Operation 923 [1/1] (0.00ns)   --->   "%write_ln0 = write void @_ssdm_op_Write.ap_auto.i16P0A, i16 %c_row_major_0_1_0_out, i16 %c_row_major_0_1_0_load_1"   --->   Operation 923 'write' 'write_ln0' <Predicate = (icmp_ln81)> <Delay = 0.00>
ST_5 : Operation 924 [1/1] (0.00ns)   --->   "%write_ln0 = write void @_ssdm_op_Write.ap_auto.i16P0A, i16 %c_row_major_0_0_0_out, i16 %c_row_major_0_0_0_load_1"   --->   Operation 924 'write' 'write_ln0' <Predicate = (icmp_ln81)> <Delay = 0.00>
ST_5 : Operation 925 [1/1] (0.00ns)   --->   "%ret_ln0 = ret"   --->   Operation 925 'ret' 'ret_ln0' <Predicate = (icmp_ln81)> <Delay = 0.00>

State 6 <SV = 5> <Delay = 1.07>
ST_6 : Operation 665 [1/1] (0.00ns)   --->   "%specpipeline_ln83 = specpipeline void @_ssdm_op_SpecPipeline, i32 1, i32 0, i32 0, i32 0, void @empty_3" [mmult.cpp:83]   --->   Operation 665 'specpipeline' 'specpipeline_ln83' <Predicate = true> <Delay = 0.00>
ST_6 : Operation 666 [1/1] (0.00ns)   --->   "%speclooptripcount_ln82 = speclooptripcount void @_ssdm_op_SpecLoopTripCount, i64 8, i64 8, i64 8" [mmult.cpp:82]   --->   Operation 666 'speclooptripcount' 'speclooptripcount_ln82' <Predicate = true> <Delay = 0.00>
ST_6 : Operation 667 [1/1] (0.00ns)   --->   "%specloopname_ln81 = specloopname void @_ssdm_op_SpecLoopName, void @empty_17" [mmult.cpp:81]   --->   Operation 667 'specloopname' 'specloopname_ln81' <Predicate = true> <Delay = 0.00>
ST_6 : Operation 668 [1/2] (0.64ns) (root node of the DSP)   --->   "%add_ln101 = add i16 %product, i16 %c_row_major_0_0_0_load" [mmult.cpp:101]   --->   Operation 668 'add' 'add_ln101' <Predicate = true> <Delay = 0.64> <CoreInst = "DSP48">   --->   Core 127 'DSP48' <Latency = 3> <II = 1> <Delay = 0.53> <IPBlock> <Opcode : '' 'add' 'sub' 'mul' 'select'> <InPorts = 0> <OutPorts = 1> <Sync> <CReg>
ST_6 : Operation 669 [1/2] (0.64ns) (root node of the DSP)   --->   "%add_ln101_1 = add i16 %product_1, i16 %c_row_major_0_1_0_load" [mmult.cpp:101]   --->   Operation 669 'add' 'add_ln101_1' <Predicate = true> <Delay = 0.64> <CoreInst = "DSP48">   --->   Core 127 'DSP48' <Latency = 3> <II = 1> <Delay = 0.53> <IPBlock> <Opcode : '' 'add' 'sub' 'mul' 'select'> <InPorts = 0> <OutPorts = 1> <Sync> <CReg>
ST_6 : Operation 670 [1/2] (0.64ns) (root node of the DSP)   --->   "%add_ln101_2 = add i16 %product_2, i16 %c_row_major_0_2_0_load" [mmult.cpp:101]   --->   Operation 670 'add' 'add_ln101_2' <Predicate = true> <Delay = 0.64> <CoreInst = "DSP48">   --->   Core 127 'DSP48' <Latency = 3> <II = 1> <Delay = 0.53> <IPBlock> <Opcode : '' 'add' 'sub' 'mul' 'select'> <InPorts = 0> <OutPorts = 1> <Sync> <CReg>
ST_6 : Operation 671 [1/2] (0.64ns) (root node of the DSP)   --->   "%add_ln101_3 = add i16 %product_3, i16 %c_row_major_0_3_0_load" [mmult.cpp:101]   --->   Operation 671 'add' 'add_ln101_3' <Predicate = true> <Delay = 0.64> <CoreInst = "DSP48">   --->   Core 127 'DSP48' <Latency = 3> <II = 1> <Delay = 0.53> <IPBlock> <Opcode : '' 'add' 'sub' 'mul' 'select'> <InPorts = 0> <OutPorts = 1> <Sync> <CReg>
ST_6 : Operation 672 [1/2] (0.64ns) (root node of the DSP)   --->   "%add_ln101_4 = add i16 %product_4, i16 %c_row_major_0_4_0_load" [mmult.cpp:101]   --->   Operation 672 'add' 'add_ln101_4' <Predicate = true> <Delay = 0.64> <CoreInst = "DSP48">   --->   Core 127 'DSP48' <Latency = 3> <II = 1> <Delay = 0.53> <IPBlock> <Opcode : '' 'add' 'sub' 'mul' 'select'> <InPorts = 0> <OutPorts = 1> <Sync> <CReg>
ST_6 : Operation 673 [1/2] (0.64ns) (root node of the DSP)   --->   "%add_ln101_5 = add i16 %product_5, i16 %c_row_major_0_5_0_load" [mmult.cpp:101]   --->   Operation 673 'add' 'add_ln101_5' <Predicate = true> <Delay = 0.64> <CoreInst = "DSP48">   --->   Core 127 'DSP48' <Latency = 3> <II = 1> <Delay = 0.53> <IPBlock> <Opcode : '' 'add' 'sub' 'mul' 'select'> <InPorts = 0> <OutPorts = 1> <Sync> <CReg>
ST_6 : Operation 674 [1/2] (0.64ns) (root node of the DSP)   --->   "%add_ln101_6 = add i16 %product_6, i16 %c_row_major_0_6_0_load" [mmult.cpp:101]   --->   Operation 674 'add' 'add_ln101_6' <Predicate = true> <Delay = 0.64> <CoreInst = "DSP48">   --->   Core 127 'DSP48' <Latency = 3> <II = 1> <Delay = 0.53> <IPBlock> <Opcode : '' 'add' 'sub' 'mul' 'select'> <InPorts = 0> <OutPorts = 1> <Sync> <CReg>
ST_6 : Operation 675 [1/2] (0.64ns) (root node of the DSP)   --->   "%add_ln101_7 = add i16 %product_7, i16 %c_row_major_0_7_0_load" [mmult.cpp:101]   --->   Operation 675 'add' 'add_ln101_7' <Predicate = true> <Delay = 0.64> <CoreInst = "DSP48">   --->   Core 127 'DSP48' <Latency = 3> <II = 1> <Delay = 0.53> <IPBlock> <Opcode : '' 'add' 'sub' 'mul' 'select'> <InPorts = 0> <OutPorts = 1> <Sync> <CReg>
ST_6 : Operation 676 [1/2] (0.64ns) (root node of the DSP)   --->   "%add_ln101_8 = add i16 %product_8, i16 %c_row_major_1_0_0_load" [mmult.cpp:101]   --->   Operation 676 'add' 'add_ln101_8' <Predicate = true> <Delay = 0.64> <CoreInst = "DSP48">   --->   Core 127 'DSP48' <Latency = 3> <II = 1> <Delay = 0.53> <IPBlock> <Opcode : '' 'add' 'sub' 'mul' 'select'> <InPorts = 0> <OutPorts = 1> <Sync> <CReg>
ST_6 : Operation 677 [1/2] (0.64ns) (root node of the DSP)   --->   "%add_ln101_9 = add i16 %product_9, i16 %c_row_major_1_1_0_load" [mmult.cpp:101]   --->   Operation 677 'add' 'add_ln101_9' <Predicate = true> <Delay = 0.64> <CoreInst = "DSP48">   --->   Core 127 'DSP48' <Latency = 3> <II = 1> <Delay = 0.53> <IPBlock> <Opcode : '' 'add' 'sub' 'mul' 'select'> <InPorts = 0> <OutPorts = 1> <Sync> <CReg>
ST_6 : Operation 678 [1/2] (0.64ns) (root node of the DSP)   --->   "%add_ln101_10 = add i16 %product_10, i16 %c_row_major_1_2_0_load" [mmult.cpp:101]   --->   Operation 678 'add' 'add_ln101_10' <Predicate = true> <Delay = 0.64> <CoreInst = "DSP48">   --->   Core 127 'DSP48' <Latency = 3> <II = 1> <Delay = 0.53> <IPBlock> <Opcode : '' 'add' 'sub' 'mul' 'select'> <InPorts = 0> <OutPorts = 1> <Sync> <CReg>
ST_6 : Operation 679 [1/2] (0.64ns) (root node of the DSP)   --->   "%add_ln101_11 = add i16 %product_11, i16 %c_row_major_1_3_0_load" [mmult.cpp:101]   --->   Operation 679 'add' 'add_ln101_11' <Predicate = true> <Delay = 0.64> <CoreInst = "DSP48">   --->   Core 127 'DSP48' <Latency = 3> <II = 1> <Delay = 0.53> <IPBlock> <Opcode : '' 'add' 'sub' 'mul' 'select'> <InPorts = 0> <OutPorts = 1> <Sync> <CReg>
ST_6 : Operation 680 [1/2] (0.64ns) (root node of the DSP)   --->   "%add_ln101_12 = add i16 %product_12, i16 %c_row_major_1_4_0_load" [mmult.cpp:101]   --->   Operation 680 'add' 'add_ln101_12' <Predicate = true> <Delay = 0.64> <CoreInst = "DSP48">   --->   Core 127 'DSP48' <Latency = 3> <II = 1> <Delay = 0.53> <IPBlock> <Opcode : '' 'add' 'sub' 'mul' 'select'> <InPorts = 0> <OutPorts = 1> <Sync> <CReg>
ST_6 : Operation 681 [1/2] (0.64ns) (root node of the DSP)   --->   "%add_ln101_13 = add i16 %product_13, i16 %c_row_major_1_5_0_load" [mmult.cpp:101]   --->   Operation 681 'add' 'add_ln101_13' <Predicate = true> <Delay = 0.64> <CoreInst = "DSP48">   --->   Core 127 'DSP48' <Latency = 3> <II = 1> <Delay = 0.53> <IPBlock> <Opcode : '' 'add' 'sub' 'mul' 'select'> <InPorts = 0> <OutPorts = 1> <Sync> <CReg>
ST_6 : Operation 682 [1/2] (0.64ns) (root node of the DSP)   --->   "%add_ln101_14 = add i16 %product_14, i16 %c_row_major_1_6_0_load" [mmult.cpp:101]   --->   Operation 682 'add' 'add_ln101_14' <Predicate = true> <Delay = 0.64> <CoreInst = "DSP48">   --->   Core 127 'DSP48' <Latency = 3> <II = 1> <Delay = 0.53> <IPBlock> <Opcode : '' 'add' 'sub' 'mul' 'select'> <InPorts = 0> <OutPorts = 1> <Sync> <CReg>
ST_6 : Operation 683 [1/2] (0.64ns) (root node of the DSP)   --->   "%add_ln101_15 = add i16 %product_15, i16 %c_row_major_1_7_0_load" [mmult.cpp:101]   --->   Operation 683 'add' 'add_ln101_15' <Predicate = true> <Delay = 0.64> <CoreInst = "DSP48">   --->   Core 127 'DSP48' <Latency = 3> <II = 1> <Delay = 0.53> <IPBlock> <Opcode : '' 'add' 'sub' 'mul' 'select'> <InPorts = 0> <OutPorts = 1> <Sync> <CReg>
ST_6 : Operation 684 [1/2] (0.64ns) (root node of the DSP)   --->   "%add_ln101_16 = add i16 %product_16, i16 %c_row_major_2_0_0_load" [mmult.cpp:101]   --->   Operation 684 'add' 'add_ln101_16' <Predicate = true> <Delay = 0.64> <CoreInst = "DSP48">   --->   Core 127 'DSP48' <Latency = 3> <II = 1> <Delay = 0.53> <IPBlock> <Opcode : '' 'add' 'sub' 'mul' 'select'> <InPorts = 0> <OutPorts = 1> <Sync> <CReg>
ST_6 : Operation 685 [1/2] (0.64ns) (root node of the DSP)   --->   "%add_ln101_17 = add i16 %product_17, i16 %c_row_major_2_1_0_load" [mmult.cpp:101]   --->   Operation 685 'add' 'add_ln101_17' <Predicate = true> <Delay = 0.64> <CoreInst = "DSP48">   --->   Core 127 'DSP48' <Latency = 3> <II = 1> <Delay = 0.53> <IPBlock> <Opcode : '' 'add' 'sub' 'mul' 'select'> <InPorts = 0> <OutPorts = 1> <Sync> <CReg>
ST_6 : Operation 686 [1/2] (0.64ns) (root node of the DSP)   --->   "%add_ln101_18 = add i16 %product_18, i16 %c_row_major_2_2_0_load" [mmult.cpp:101]   --->   Operation 686 'add' 'add_ln101_18' <Predicate = true> <Delay = 0.64> <CoreInst = "DSP48">   --->   Core 127 'DSP48' <Latency = 3> <II = 1> <Delay = 0.53> <IPBlock> <Opcode : '' 'add' 'sub' 'mul' 'select'> <InPorts = 0> <OutPorts = 1> <Sync> <CReg>
ST_6 : Operation 687 [1/2] (0.64ns) (root node of the DSP)   --->   "%add_ln101_19 = add i16 %product_19, i16 %c_row_major_2_3_0_load" [mmult.cpp:101]   --->   Operation 687 'add' 'add_ln101_19' <Predicate = true> <Delay = 0.64> <CoreInst = "DSP48">   --->   Core 127 'DSP48' <Latency = 3> <II = 1> <Delay = 0.53> <IPBlock> <Opcode : '' 'add' 'sub' 'mul' 'select'> <InPorts = 0> <OutPorts = 1> <Sync> <CReg>
ST_6 : Operation 688 [1/2] (0.64ns) (root node of the DSP)   --->   "%add_ln101_20 = add i16 %product_20, i16 %c_row_major_2_4_0_load" [mmult.cpp:101]   --->   Operation 688 'add' 'add_ln101_20' <Predicate = true> <Delay = 0.64> <CoreInst = "DSP48">   --->   Core 127 'DSP48' <Latency = 3> <II = 1> <Delay = 0.53> <IPBlock> <Opcode : '' 'add' 'sub' 'mul' 'select'> <InPorts = 0> <OutPorts = 1> <Sync> <CReg>
ST_6 : Operation 689 [1/2] (0.64ns) (root node of the DSP)   --->   "%add_ln101_21 = add i16 %product_21, i16 %c_row_major_2_5_0_load" [mmult.cpp:101]   --->   Operation 689 'add' 'add_ln101_21' <Predicate = true> <Delay = 0.64> <CoreInst = "DSP48">   --->   Core 127 'DSP48' <Latency = 3> <II = 1> <Delay = 0.53> <IPBlock> <Opcode : '' 'add' 'sub' 'mul' 'select'> <InPorts = 0> <OutPorts = 1> <Sync> <CReg>
ST_6 : Operation 690 [1/2] (0.64ns) (root node of the DSP)   --->   "%add_ln101_22 = add i16 %product_22, i16 %c_row_major_2_6_0_load" [mmult.cpp:101]   --->   Operation 690 'add' 'add_ln101_22' <Predicate = true> <Delay = 0.64> <CoreInst = "DSP48">   --->   Core 127 'DSP48' <Latency = 3> <II = 1> <Delay = 0.53> <IPBlock> <Opcode : '' 'add' 'sub' 'mul' 'select'> <InPorts = 0> <OutPorts = 1> <Sync> <CReg>
ST_6 : Operation 691 [1/2] (0.64ns) (root node of the DSP)   --->   "%add_ln101_23 = add i16 %product_23, i16 %c_row_major_2_7_0_load" [mmult.cpp:101]   --->   Operation 691 'add' 'add_ln101_23' <Predicate = true> <Delay = 0.64> <CoreInst = "DSP48">   --->   Core 127 'DSP48' <Latency = 3> <II = 1> <Delay = 0.53> <IPBlock> <Opcode : '' 'add' 'sub' 'mul' 'select'> <InPorts = 0> <OutPorts = 1> <Sync> <CReg>
ST_6 : Operation 692 [1/2] (0.64ns) (root node of the DSP)   --->   "%add_ln101_24 = add i16 %product_24, i16 %c_row_major_3_0_0_load" [mmult.cpp:101]   --->   Operation 692 'add' 'add_ln101_24' <Predicate = true> <Delay = 0.64> <CoreInst = "DSP48">   --->   Core 127 'DSP48' <Latency = 3> <II = 1> <Delay = 0.53> <IPBlock> <Opcode : '' 'add' 'sub' 'mul' 'select'> <InPorts = 0> <OutPorts = 1> <Sync> <CReg>
ST_6 : Operation 693 [1/2] (0.64ns) (root node of the DSP)   --->   "%add_ln101_25 = add i16 %product_25, i16 %c_row_major_3_1_0_load" [mmult.cpp:101]   --->   Operation 693 'add' 'add_ln101_25' <Predicate = true> <Delay = 0.64> <CoreInst = "DSP48">   --->   Core 127 'DSP48' <Latency = 3> <II = 1> <Delay = 0.53> <IPBlock> <Opcode : '' 'add' 'sub' 'mul' 'select'> <InPorts = 0> <OutPorts = 1> <Sync> <CReg>
ST_6 : Operation 694 [1/2] (0.64ns) (root node of the DSP)   --->   "%add_ln101_26 = add i16 %product_26, i16 %c_row_major_3_2_0_load" [mmult.cpp:101]   --->   Operation 694 'add' 'add_ln101_26' <Predicate = true> <Delay = 0.64> <CoreInst = "DSP48">   --->   Core 127 'DSP48' <Latency = 3> <II = 1> <Delay = 0.53> <IPBlock> <Opcode : '' 'add' 'sub' 'mul' 'select'> <InPorts = 0> <OutPorts = 1> <Sync> <CReg>
ST_6 : Operation 695 [1/2] (0.64ns) (root node of the DSP)   --->   "%add_ln101_27 = add i16 %product_27, i16 %c_row_major_3_3_0_load" [mmult.cpp:101]   --->   Operation 695 'add' 'add_ln101_27' <Predicate = true> <Delay = 0.64> <CoreInst = "DSP48">   --->   Core 127 'DSP48' <Latency = 3> <II = 1> <Delay = 0.53> <IPBlock> <Opcode : '' 'add' 'sub' 'mul' 'select'> <InPorts = 0> <OutPorts = 1> <Sync> <CReg>
ST_6 : Operation 696 [1/2] (0.64ns) (root node of the DSP)   --->   "%add_ln101_28 = add i16 %product_28, i16 %c_row_major_3_4_0_load" [mmult.cpp:101]   --->   Operation 696 'add' 'add_ln101_28' <Predicate = true> <Delay = 0.64> <CoreInst = "DSP48">   --->   Core 127 'DSP48' <Latency = 3> <II = 1> <Delay = 0.53> <IPBlock> <Opcode : '' 'add' 'sub' 'mul' 'select'> <InPorts = 0> <OutPorts = 1> <Sync> <CReg>
ST_6 : Operation 697 [1/2] (0.64ns) (root node of the DSP)   --->   "%add_ln101_29 = add i16 %product_29, i16 %c_row_major_3_5_0_load" [mmult.cpp:101]   --->   Operation 697 'add' 'add_ln101_29' <Predicate = true> <Delay = 0.64> <CoreInst = "DSP48">   --->   Core 127 'DSP48' <Latency = 3> <II = 1> <Delay = 0.53> <IPBlock> <Opcode : '' 'add' 'sub' 'mul' 'select'> <InPorts = 0> <OutPorts = 1> <Sync> <CReg>
ST_6 : Operation 698 [1/2] (0.64ns) (root node of the DSP)   --->   "%add_ln101_30 = add i16 %product_30, i16 %c_row_major_3_6_0_load" [mmult.cpp:101]   --->   Operation 698 'add' 'add_ln101_30' <Predicate = true> <Delay = 0.64> <CoreInst = "DSP48">   --->   Core 127 'DSP48' <Latency = 3> <II = 1> <Delay = 0.53> <IPBlock> <Opcode : '' 'add' 'sub' 'mul' 'select'> <InPorts = 0> <OutPorts = 1> <Sync> <CReg>
ST_6 : Operation 699 [1/2] (0.64ns) (root node of the DSP)   --->   "%add_ln101_31 = add i16 %product_31, i16 %c_row_major_3_7_0_load" [mmult.cpp:101]   --->   Operation 699 'add' 'add_ln101_31' <Predicate = true> <Delay = 0.64> <CoreInst = "DSP48">   --->   Core 127 'DSP48' <Latency = 3> <II = 1> <Delay = 0.53> <IPBlock> <Opcode : '' 'add' 'sub' 'mul' 'select'> <InPorts = 0> <OutPorts = 1> <Sync> <CReg>
ST_6 : Operation 700 [1/2] (0.64ns) (root node of the DSP)   --->   "%add_ln101_32 = add i16 %product_32, i16 %c_row_major_4_0_0_load" [mmult.cpp:101]   --->   Operation 700 'add' 'add_ln101_32' <Predicate = true> <Delay = 0.64> <CoreInst = "DSP48">   --->   Core 127 'DSP48' <Latency = 3> <II = 1> <Delay = 0.53> <IPBlock> <Opcode : '' 'add' 'sub' 'mul' 'select'> <InPorts = 0> <OutPorts = 1> <Sync> <CReg>
ST_6 : Operation 701 [1/2] (0.64ns) (root node of the DSP)   --->   "%add_ln101_33 = add i16 %product_33, i16 %c_row_major_4_1_0_load" [mmult.cpp:101]   --->   Operation 701 'add' 'add_ln101_33' <Predicate = true> <Delay = 0.64> <CoreInst = "DSP48">   --->   Core 127 'DSP48' <Latency = 3> <II = 1> <Delay = 0.53> <IPBlock> <Opcode : '' 'add' 'sub' 'mul' 'select'> <InPorts = 0> <OutPorts = 1> <Sync> <CReg>
ST_6 : Operation 702 [1/2] (0.64ns) (root node of the DSP)   --->   "%add_ln101_34 = add i16 %product_34, i16 %c_row_major_4_2_0_load" [mmult.cpp:101]   --->   Operation 702 'add' 'add_ln101_34' <Predicate = true> <Delay = 0.64> <CoreInst = "DSP48">   --->   Core 127 'DSP48' <Latency = 3> <II = 1> <Delay = 0.53> <IPBlock> <Opcode : '' 'add' 'sub' 'mul' 'select'> <InPorts = 0> <OutPorts = 1> <Sync> <CReg>
ST_6 : Operation 703 [1/2] (0.64ns) (root node of the DSP)   --->   "%add_ln101_35 = add i16 %product_35, i16 %c_row_major_4_3_0_load" [mmult.cpp:101]   --->   Operation 703 'add' 'add_ln101_35' <Predicate = true> <Delay = 0.64> <CoreInst = "DSP48">   --->   Core 127 'DSP48' <Latency = 3> <II = 1> <Delay = 0.53> <IPBlock> <Opcode : '' 'add' 'sub' 'mul' 'select'> <InPorts = 0> <OutPorts = 1> <Sync> <CReg>
ST_6 : Operation 704 [1/2] (0.64ns) (root node of the DSP)   --->   "%add_ln101_36 = add i16 %product_36, i16 %c_row_major_4_4_0_load" [mmult.cpp:101]   --->   Operation 704 'add' 'add_ln101_36' <Predicate = true> <Delay = 0.64> <CoreInst = "DSP48">   --->   Core 127 'DSP48' <Latency = 3> <II = 1> <Delay = 0.53> <IPBlock> <Opcode : '' 'add' 'sub' 'mul' 'select'> <InPorts = 0> <OutPorts = 1> <Sync> <CReg>
ST_6 : Operation 705 [1/2] (0.64ns) (root node of the DSP)   --->   "%add_ln101_37 = add i16 %product_37, i16 %c_row_major_4_5_0_load" [mmult.cpp:101]   --->   Operation 705 'add' 'add_ln101_37' <Predicate = true> <Delay = 0.64> <CoreInst = "DSP48">   --->   Core 127 'DSP48' <Latency = 3> <II = 1> <Delay = 0.53> <IPBlock> <Opcode : '' 'add' 'sub' 'mul' 'select'> <InPorts = 0> <OutPorts = 1> <Sync> <CReg>
ST_6 : Operation 706 [1/2] (0.64ns) (root node of the DSP)   --->   "%add_ln101_38 = add i16 %product_38, i16 %c_row_major_4_6_0_load" [mmult.cpp:101]   --->   Operation 706 'add' 'add_ln101_38' <Predicate = true> <Delay = 0.64> <CoreInst = "DSP48">   --->   Core 127 'DSP48' <Latency = 3> <II = 1> <Delay = 0.53> <IPBlock> <Opcode : '' 'add' 'sub' 'mul' 'select'> <InPorts = 0> <OutPorts = 1> <Sync> <CReg>
ST_6 : Operation 707 [1/2] (0.64ns) (root node of the DSP)   --->   "%add_ln101_39 = add i16 %product_39, i16 %c_row_major_4_7_0_load" [mmult.cpp:101]   --->   Operation 707 'add' 'add_ln101_39' <Predicate = true> <Delay = 0.64> <CoreInst = "DSP48">   --->   Core 127 'DSP48' <Latency = 3> <II = 1> <Delay = 0.53> <IPBlock> <Opcode : '' 'add' 'sub' 'mul' 'select'> <InPorts = 0> <OutPorts = 1> <Sync> <CReg>
ST_6 : Operation 708 [1/2] (0.64ns) (root node of the DSP)   --->   "%add_ln101_40 = add i16 %product_40, i16 %c_row_major_5_0_0_load" [mmult.cpp:101]   --->   Operation 708 'add' 'add_ln101_40' <Predicate = true> <Delay = 0.64> <CoreInst = "DSP48">   --->   Core 127 'DSP48' <Latency = 3> <II = 1> <Delay = 0.53> <IPBlock> <Opcode : '' 'add' 'sub' 'mul' 'select'> <InPorts = 0> <OutPorts = 1> <Sync> <CReg>
ST_6 : Operation 709 [1/2] (0.64ns) (root node of the DSP)   --->   "%add_ln101_41 = add i16 %product_41, i16 %c_row_major_5_1_0_load" [mmult.cpp:101]   --->   Operation 709 'add' 'add_ln101_41' <Predicate = true> <Delay = 0.64> <CoreInst = "DSP48">   --->   Core 127 'DSP48' <Latency = 3> <II = 1> <Delay = 0.53> <IPBlock> <Opcode : '' 'add' 'sub' 'mul' 'select'> <InPorts = 0> <OutPorts = 1> <Sync> <CReg>
ST_6 : Operation 710 [1/2] (0.64ns) (root node of the DSP)   --->   "%add_ln101_42 = add i16 %product_42, i16 %c_row_major_5_2_0_load" [mmult.cpp:101]   --->   Operation 710 'add' 'add_ln101_42' <Predicate = true> <Delay = 0.64> <CoreInst = "DSP48">   --->   Core 127 'DSP48' <Latency = 3> <II = 1> <Delay = 0.53> <IPBlock> <Opcode : '' 'add' 'sub' 'mul' 'select'> <InPorts = 0> <OutPorts = 1> <Sync> <CReg>
ST_6 : Operation 711 [1/2] (0.64ns) (root node of the DSP)   --->   "%add_ln101_43 = add i16 %product_43, i16 %c_row_major_5_3_0_load" [mmult.cpp:101]   --->   Operation 711 'add' 'add_ln101_43' <Predicate = true> <Delay = 0.64> <CoreInst = "DSP48">   --->   Core 127 'DSP48' <Latency = 3> <II = 1> <Delay = 0.53> <IPBlock> <Opcode : '' 'add' 'sub' 'mul' 'select'> <InPorts = 0> <OutPorts = 1> <Sync> <CReg>
ST_6 : Operation 712 [1/2] (0.64ns) (root node of the DSP)   --->   "%add_ln101_44 = add i16 %product_44, i16 %c_row_major_5_4_0_load" [mmult.cpp:101]   --->   Operation 712 'add' 'add_ln101_44' <Predicate = true> <Delay = 0.64> <CoreInst = "DSP48">   --->   Core 127 'DSP48' <Latency = 3> <II = 1> <Delay = 0.53> <IPBlock> <Opcode : '' 'add' 'sub' 'mul' 'select'> <InPorts = 0> <OutPorts = 1> <Sync> <CReg>
ST_6 : Operation 713 [1/2] (0.64ns) (root node of the DSP)   --->   "%add_ln101_45 = add i16 %product_45, i16 %c_row_major_5_5_0_load" [mmult.cpp:101]   --->   Operation 713 'add' 'add_ln101_45' <Predicate = true> <Delay = 0.64> <CoreInst = "DSP48">   --->   Core 127 'DSP48' <Latency = 3> <II = 1> <Delay = 0.53> <IPBlock> <Opcode : '' 'add' 'sub' 'mul' 'select'> <InPorts = 0> <OutPorts = 1> <Sync> <CReg>
ST_6 : Operation 714 [1/2] (0.64ns) (root node of the DSP)   --->   "%add_ln101_46 = add i16 %product_46, i16 %c_row_major_5_6_0_load" [mmult.cpp:101]   --->   Operation 714 'add' 'add_ln101_46' <Predicate = true> <Delay = 0.64> <CoreInst = "DSP48">   --->   Core 127 'DSP48' <Latency = 3> <II = 1> <Delay = 0.53> <IPBlock> <Opcode : '' 'add' 'sub' 'mul' 'select'> <InPorts = 0> <OutPorts = 1> <Sync> <CReg>
ST_6 : Operation 715 [1/2] (0.64ns) (root node of the DSP)   --->   "%add_ln101_47 = add i16 %product_47, i16 %c_row_major_5_7_0_load" [mmult.cpp:101]   --->   Operation 715 'add' 'add_ln101_47' <Predicate = true> <Delay = 0.64> <CoreInst = "DSP48">   --->   Core 127 'DSP48' <Latency = 3> <II = 1> <Delay = 0.53> <IPBlock> <Opcode : '' 'add' 'sub' 'mul' 'select'> <InPorts = 0> <OutPorts = 1> <Sync> <CReg>
ST_6 : Operation 716 [1/2] (0.64ns) (root node of the DSP)   --->   "%add_ln101_48 = add i16 %product_48, i16 %c_row_major_6_0_0_load" [mmult.cpp:101]   --->   Operation 716 'add' 'add_ln101_48' <Predicate = true> <Delay = 0.64> <CoreInst = "DSP48">   --->   Core 127 'DSP48' <Latency = 3> <II = 1> <Delay = 0.53> <IPBlock> <Opcode : '' 'add' 'sub' 'mul' 'select'> <InPorts = 0> <OutPorts = 1> <Sync> <CReg>
ST_6 : Operation 717 [1/2] (0.64ns) (root node of the DSP)   --->   "%add_ln101_49 = add i16 %product_49, i16 %c_row_major_6_1_0_load" [mmult.cpp:101]   --->   Operation 717 'add' 'add_ln101_49' <Predicate = true> <Delay = 0.64> <CoreInst = "DSP48">   --->   Core 127 'DSP48' <Latency = 3> <II = 1> <Delay = 0.53> <IPBlock> <Opcode : '' 'add' 'sub' 'mul' 'select'> <InPorts = 0> <OutPorts = 1> <Sync> <CReg>
ST_6 : Operation 718 [1/2] (0.64ns) (root node of the DSP)   --->   "%add_ln101_50 = add i16 %product_50, i16 %c_row_major_6_2_0_load" [mmult.cpp:101]   --->   Operation 718 'add' 'add_ln101_50' <Predicate = true> <Delay = 0.64> <CoreInst = "DSP48">   --->   Core 127 'DSP48' <Latency = 3> <II = 1> <Delay = 0.53> <IPBlock> <Opcode : '' 'add' 'sub' 'mul' 'select'> <InPorts = 0> <OutPorts = 1> <Sync> <CReg>
ST_6 : Operation 719 [1/2] (0.64ns) (root node of the DSP)   --->   "%add_ln101_51 = add i16 %product_51, i16 %c_row_major_6_3_0_load" [mmult.cpp:101]   --->   Operation 719 'add' 'add_ln101_51' <Predicate = true> <Delay = 0.64> <CoreInst = "DSP48">   --->   Core 127 'DSP48' <Latency = 3> <II = 1> <Delay = 0.53> <IPBlock> <Opcode : '' 'add' 'sub' 'mul' 'select'> <InPorts = 0> <OutPorts = 1> <Sync> <CReg>
ST_6 : Operation 720 [1/2] (0.64ns) (root node of the DSP)   --->   "%add_ln101_52 = add i16 %product_52, i16 %c_row_major_6_4_0_load" [mmult.cpp:101]   --->   Operation 720 'add' 'add_ln101_52' <Predicate = true> <Delay = 0.64> <CoreInst = "DSP48">   --->   Core 127 'DSP48' <Latency = 3> <II = 1> <Delay = 0.53> <IPBlock> <Opcode : '' 'add' 'sub' 'mul' 'select'> <InPorts = 0> <OutPorts = 1> <Sync> <CReg>
ST_6 : Operation 721 [1/2] (0.64ns) (root node of the DSP)   --->   "%add_ln101_53 = add i16 %product_53, i16 %c_row_major_6_5_0_load" [mmult.cpp:101]   --->   Operation 721 'add' 'add_ln101_53' <Predicate = true> <Delay = 0.64> <CoreInst = "DSP48">   --->   Core 127 'DSP48' <Latency = 3> <II = 1> <Delay = 0.53> <IPBlock> <Opcode : '' 'add' 'sub' 'mul' 'select'> <InPorts = 0> <OutPorts = 1> <Sync> <CReg>
ST_6 : Operation 722 [1/2] (0.64ns) (root node of the DSP)   --->   "%add_ln101_54 = add i16 %product_54, i16 %c_row_major_6_6_0_load" [mmult.cpp:101]   --->   Operation 722 'add' 'add_ln101_54' <Predicate = true> <Delay = 0.64> <CoreInst = "DSP48">   --->   Core 127 'DSP48' <Latency = 3> <II = 1> <Delay = 0.53> <IPBlock> <Opcode : '' 'add' 'sub' 'mul' 'select'> <InPorts = 0> <OutPorts = 1> <Sync> <CReg>
ST_6 : Operation 723 [1/2] (0.64ns) (root node of the DSP)   --->   "%add_ln101_55 = add i16 %product_55, i16 %c_row_major_6_7_0_load" [mmult.cpp:101]   --->   Operation 723 'add' 'add_ln101_55' <Predicate = true> <Delay = 0.64> <CoreInst = "DSP48">   --->   Core 127 'DSP48' <Latency = 3> <II = 1> <Delay = 0.53> <IPBlock> <Opcode : '' 'add' 'sub' 'mul' 'select'> <InPorts = 0> <OutPorts = 1> <Sync> <CReg>
ST_6 : Operation 724 [1/2] (0.64ns) (root node of the DSP)   --->   "%add_ln101_56 = add i16 %product_56, i16 %c_row_major_7_0_0_load" [mmult.cpp:101]   --->   Operation 724 'add' 'add_ln101_56' <Predicate = true> <Delay = 0.64> <CoreInst = "DSP48">   --->   Core 127 'DSP48' <Latency = 3> <II = 1> <Delay = 0.53> <IPBlock> <Opcode : '' 'add' 'sub' 'mul' 'select'> <InPorts = 0> <OutPorts = 1> <Sync> <CReg>
ST_6 : Operation 725 [1/2] (0.64ns) (root node of the DSP)   --->   "%add_ln101_57 = add i16 %product_57, i16 %c_row_major_7_1_0_load" [mmult.cpp:101]   --->   Operation 725 'add' 'add_ln101_57' <Predicate = true> <Delay = 0.64> <CoreInst = "DSP48">   --->   Core 127 'DSP48' <Latency = 3> <II = 1> <Delay = 0.53> <IPBlock> <Opcode : '' 'add' 'sub' 'mul' 'select'> <InPorts = 0> <OutPorts = 1> <Sync> <CReg>
ST_6 : Operation 726 [1/2] (0.64ns) (root node of the DSP)   --->   "%add_ln101_58 = add i16 %product_58, i16 %c_row_major_7_2_0_load" [mmult.cpp:101]   --->   Operation 726 'add' 'add_ln101_58' <Predicate = true> <Delay = 0.64> <CoreInst = "DSP48">   --->   Core 127 'DSP48' <Latency = 3> <II = 1> <Delay = 0.53> <IPBlock> <Opcode : '' 'add' 'sub' 'mul' 'select'> <InPorts = 0> <OutPorts = 1> <Sync> <CReg>
ST_6 : Operation 727 [1/2] (0.64ns) (root node of the DSP)   --->   "%add_ln101_59 = add i16 %product_59, i16 %c_row_major_7_3_0_load" [mmult.cpp:101]   --->   Operation 727 'add' 'add_ln101_59' <Predicate = true> <Delay = 0.64> <CoreInst = "DSP48">   --->   Core 127 'DSP48' <Latency = 3> <II = 1> <Delay = 0.53> <IPBlock> <Opcode : '' 'add' 'sub' 'mul' 'select'> <InPorts = 0> <OutPorts = 1> <Sync> <CReg>
ST_6 : Operation 728 [1/2] (0.64ns) (root node of the DSP)   --->   "%add_ln101_60 = add i16 %product_60, i16 %c_row_major_7_4_0_load" [mmult.cpp:101]   --->   Operation 728 'add' 'add_ln101_60' <Predicate = true> <Delay = 0.64> <CoreInst = "DSP48">   --->   Core 127 'DSP48' <Latency = 3> <II = 1> <Delay = 0.53> <IPBlock> <Opcode : '' 'add' 'sub' 'mul' 'select'> <InPorts = 0> <OutPorts = 1> <Sync> <CReg>
ST_6 : Operation 729 [1/2] (0.64ns) (root node of the DSP)   --->   "%add_ln101_61 = add i16 %product_61, i16 %c_row_major_7_5_0_load" [mmult.cpp:101]   --->   Operation 729 'add' 'add_ln101_61' <Predicate = true> <Delay = 0.64> <CoreInst = "DSP48">   --->   Core 127 'DSP48' <Latency = 3> <II = 1> <Delay = 0.53> <IPBlock> <Opcode : '' 'add' 'sub' 'mul' 'select'> <InPorts = 0> <OutPorts = 1> <Sync> <CReg>
ST_6 : Operation 730 [1/2] (0.64ns) (root node of the DSP)   --->   "%add_ln101_62 = add i16 %product_62, i16 %c_row_major_7_6_0_load" [mmult.cpp:101]   --->   Operation 730 'add' 'add_ln101_62' <Predicate = true> <Delay = 0.64> <CoreInst = "DSP48">   --->   Core 127 'DSP48' <Latency = 3> <II = 1> <Delay = 0.53> <IPBlock> <Opcode : '' 'add' 'sub' 'mul' 'select'> <InPorts = 0> <OutPorts = 1> <Sync> <CReg>
ST_6 : Operation 731 [1/2] (0.64ns) (root node of the DSP)   --->   "%add_ln101_63 = add i16 %product_63, i16 %c_row_major_7_7_0_load" [mmult.cpp:101]   --->   Operation 731 'add' 'add_ln101_63' <Predicate = true> <Delay = 0.64> <CoreInst = "DSP48">   --->   Core 127 'DSP48' <Latency = 3> <II = 1> <Delay = 0.53> <IPBlock> <Opcode : '' 'add' 'sub' 'mul' 'select'> <InPorts = 0> <OutPorts = 1> <Sync> <CReg>
ST_6 : Operation 732 [1/1] (0.42ns)   --->   "%store_ln101 = store i16 %add_ln101_63, i16 %c_row_major_7_7_0" [mmult.cpp:101]   --->   Operation 732 'store' 'store_ln101' <Predicate = true> <Delay = 0.42>
ST_6 : Operation 733 [1/1] (0.42ns)   --->   "%store_ln101 = store i16 %add_ln101_62, i16 %c_row_major_7_6_0" [mmult.cpp:101]   --->   Operation 733 'store' 'store_ln101' <Predicate = true> <Delay = 0.42>
ST_6 : Operation 734 [1/1] (0.42ns)   --->   "%store_ln101 = store i16 %add_ln101_61, i16 %c_row_major_7_5_0" [mmult.cpp:101]   --->   Operation 734 'store' 'store_ln101' <Predicate = true> <Delay = 0.42>
ST_6 : Operation 735 [1/1] (0.42ns)   --->   "%store_ln101 = store i16 %add_ln101_60, i16 %c_row_major_7_4_0" [mmult.cpp:101]   --->   Operation 735 'store' 'store_ln101' <Predicate = true> <Delay = 0.42>
ST_6 : Operation 736 [1/1] (0.42ns)   --->   "%store_ln101 = store i16 %add_ln101_59, i16 %c_row_major_7_3_0" [mmult.cpp:101]   --->   Operation 736 'store' 'store_ln101' <Predicate = true> <Delay = 0.42>
ST_6 : Operation 737 [1/1] (0.42ns)   --->   "%store_ln101 = store i16 %add_ln101_58, i16 %c_row_major_7_2_0" [mmult.cpp:101]   --->   Operation 737 'store' 'store_ln101' <Predicate = true> <Delay = 0.42>
ST_6 : Operation 738 [1/1] (0.42ns)   --->   "%store_ln101 = store i16 %add_ln101_57, i16 %c_row_major_7_1_0" [mmult.cpp:101]   --->   Operation 738 'store' 'store_ln101' <Predicate = true> <Delay = 0.42>
ST_6 : Operation 739 [1/1] (0.42ns)   --->   "%store_ln101 = store i16 %add_ln101_56, i16 %c_row_major_7_0_0" [mmult.cpp:101]   --->   Operation 739 'store' 'store_ln101' <Predicate = true> <Delay = 0.42>
ST_6 : Operation 740 [1/1] (0.42ns)   --->   "%store_ln101 = store i16 %add_ln101_55, i16 %c_row_major_6_7_0" [mmult.cpp:101]   --->   Operation 740 'store' 'store_ln101' <Predicate = true> <Delay = 0.42>
ST_6 : Operation 741 [1/1] (0.42ns)   --->   "%store_ln101 = store i16 %add_ln101_54, i16 %c_row_major_6_6_0" [mmult.cpp:101]   --->   Operation 741 'store' 'store_ln101' <Predicate = true> <Delay = 0.42>
ST_6 : Operation 742 [1/1] (0.42ns)   --->   "%store_ln101 = store i16 %add_ln101_53, i16 %c_row_major_6_5_0" [mmult.cpp:101]   --->   Operation 742 'store' 'store_ln101' <Predicate = true> <Delay = 0.42>
ST_6 : Operation 743 [1/1] (0.42ns)   --->   "%store_ln101 = store i16 %add_ln101_52, i16 %c_row_major_6_4_0" [mmult.cpp:101]   --->   Operation 743 'store' 'store_ln101' <Predicate = true> <Delay = 0.42>
ST_6 : Operation 744 [1/1] (0.42ns)   --->   "%store_ln101 = store i16 %add_ln101_51, i16 %c_row_major_6_3_0" [mmult.cpp:101]   --->   Operation 744 'store' 'store_ln101' <Predicate = true> <Delay = 0.42>
ST_6 : Operation 745 [1/1] (0.42ns)   --->   "%store_ln101 = store i16 %add_ln101_50, i16 %c_row_major_6_2_0" [mmult.cpp:101]   --->   Operation 745 'store' 'store_ln101' <Predicate = true> <Delay = 0.42>
ST_6 : Operation 746 [1/1] (0.42ns)   --->   "%store_ln101 = store i16 %add_ln101_49, i16 %c_row_major_6_1_0" [mmult.cpp:101]   --->   Operation 746 'store' 'store_ln101' <Predicate = true> <Delay = 0.42>
ST_6 : Operation 747 [1/1] (0.42ns)   --->   "%store_ln101 = store i16 %add_ln101_48, i16 %c_row_major_6_0_0" [mmult.cpp:101]   --->   Operation 747 'store' 'store_ln101' <Predicate = true> <Delay = 0.42>
ST_6 : Operation 748 [1/1] (0.42ns)   --->   "%store_ln101 = store i16 %add_ln101_47, i16 %c_row_major_5_7_0" [mmult.cpp:101]   --->   Operation 748 'store' 'store_ln101' <Predicate = true> <Delay = 0.42>
ST_6 : Operation 749 [1/1] (0.42ns)   --->   "%store_ln101 = store i16 %add_ln101_46, i16 %c_row_major_5_6_0" [mmult.cpp:101]   --->   Operation 749 'store' 'store_ln101' <Predicate = true> <Delay = 0.42>
ST_6 : Operation 750 [1/1] (0.42ns)   --->   "%store_ln101 = store i16 %add_ln101_45, i16 %c_row_major_5_5_0" [mmult.cpp:101]   --->   Operation 750 'store' 'store_ln101' <Predicate = true> <Delay = 0.42>
ST_6 : Operation 751 [1/1] (0.42ns)   --->   "%store_ln101 = store i16 %add_ln101_44, i16 %c_row_major_5_4_0" [mmult.cpp:101]   --->   Operation 751 'store' 'store_ln101' <Predicate = true> <Delay = 0.42>
ST_6 : Operation 752 [1/1] (0.42ns)   --->   "%store_ln101 = store i16 %add_ln101_43, i16 %c_row_major_5_3_0" [mmult.cpp:101]   --->   Operation 752 'store' 'store_ln101' <Predicate = true> <Delay = 0.42>
ST_6 : Operation 753 [1/1] (0.42ns)   --->   "%store_ln101 = store i16 %add_ln101_42, i16 %c_row_major_5_2_0" [mmult.cpp:101]   --->   Operation 753 'store' 'store_ln101' <Predicate = true> <Delay = 0.42>
ST_6 : Operation 754 [1/1] (0.42ns)   --->   "%store_ln101 = store i16 %add_ln101_41, i16 %c_row_major_5_1_0" [mmult.cpp:101]   --->   Operation 754 'store' 'store_ln101' <Predicate = true> <Delay = 0.42>
ST_6 : Operation 755 [1/1] (0.42ns)   --->   "%store_ln101 = store i16 %add_ln101_40, i16 %c_row_major_5_0_0" [mmult.cpp:101]   --->   Operation 755 'store' 'store_ln101' <Predicate = true> <Delay = 0.42>
ST_6 : Operation 756 [1/1] (0.42ns)   --->   "%store_ln101 = store i16 %add_ln101_39, i16 %c_row_major_4_7_0" [mmult.cpp:101]   --->   Operation 756 'store' 'store_ln101' <Predicate = true> <Delay = 0.42>
ST_6 : Operation 757 [1/1] (0.42ns)   --->   "%store_ln101 = store i16 %add_ln101_38, i16 %c_row_major_4_6_0" [mmult.cpp:101]   --->   Operation 757 'store' 'store_ln101' <Predicate = true> <Delay = 0.42>
ST_6 : Operation 758 [1/1] (0.42ns)   --->   "%store_ln101 = store i16 %add_ln101_37, i16 %c_row_major_4_5_0" [mmult.cpp:101]   --->   Operation 758 'store' 'store_ln101' <Predicate = true> <Delay = 0.42>
ST_6 : Operation 759 [1/1] (0.42ns)   --->   "%store_ln101 = store i16 %add_ln101_36, i16 %c_row_major_4_4_0" [mmult.cpp:101]   --->   Operation 759 'store' 'store_ln101' <Predicate = true> <Delay = 0.42>
ST_6 : Operation 760 [1/1] (0.42ns)   --->   "%store_ln101 = store i16 %add_ln101_35, i16 %c_row_major_4_3_0" [mmult.cpp:101]   --->   Operation 760 'store' 'store_ln101' <Predicate = true> <Delay = 0.42>
ST_6 : Operation 761 [1/1] (0.42ns)   --->   "%store_ln101 = store i16 %add_ln101_34, i16 %c_row_major_4_2_0" [mmult.cpp:101]   --->   Operation 761 'store' 'store_ln101' <Predicate = true> <Delay = 0.42>
ST_6 : Operation 762 [1/1] (0.42ns)   --->   "%store_ln101 = store i16 %add_ln101_33, i16 %c_row_major_4_1_0" [mmult.cpp:101]   --->   Operation 762 'store' 'store_ln101' <Predicate = true> <Delay = 0.42>
ST_6 : Operation 763 [1/1] (0.42ns)   --->   "%store_ln101 = store i16 %add_ln101_32, i16 %c_row_major_4_0_0" [mmult.cpp:101]   --->   Operation 763 'store' 'store_ln101' <Predicate = true> <Delay = 0.42>
ST_6 : Operation 764 [1/1] (0.42ns)   --->   "%store_ln101 = store i16 %add_ln101_31, i16 %c_row_major_3_7_0" [mmult.cpp:101]   --->   Operation 764 'store' 'store_ln101' <Predicate = true> <Delay = 0.42>
ST_6 : Operation 765 [1/1] (0.42ns)   --->   "%store_ln101 = store i16 %add_ln101_30, i16 %c_row_major_3_6_0" [mmult.cpp:101]   --->   Operation 765 'store' 'store_ln101' <Predicate = true> <Delay = 0.42>
ST_6 : Operation 766 [1/1] (0.42ns)   --->   "%store_ln101 = store i16 %add_ln101_29, i16 %c_row_major_3_5_0" [mmult.cpp:101]   --->   Operation 766 'store' 'store_ln101' <Predicate = true> <Delay = 0.42>
ST_6 : Operation 767 [1/1] (0.42ns)   --->   "%store_ln101 = store i16 %add_ln101_28, i16 %c_row_major_3_4_0" [mmult.cpp:101]   --->   Operation 767 'store' 'store_ln101' <Predicate = true> <Delay = 0.42>
ST_6 : Operation 768 [1/1] (0.42ns)   --->   "%store_ln101 = store i16 %add_ln101_27, i16 %c_row_major_3_3_0" [mmult.cpp:101]   --->   Operation 768 'store' 'store_ln101' <Predicate = true> <Delay = 0.42>
ST_6 : Operation 769 [1/1] (0.42ns)   --->   "%store_ln101 = store i16 %add_ln101_26, i16 %c_row_major_3_2_0" [mmult.cpp:101]   --->   Operation 769 'store' 'store_ln101' <Predicate = true> <Delay = 0.42>
ST_6 : Operation 770 [1/1] (0.42ns)   --->   "%store_ln101 = store i16 %add_ln101_25, i16 %c_row_major_3_1_0" [mmult.cpp:101]   --->   Operation 770 'store' 'store_ln101' <Predicate = true> <Delay = 0.42>
ST_6 : Operation 771 [1/1] (0.42ns)   --->   "%store_ln101 = store i16 %add_ln101_24, i16 %c_row_major_3_0_0" [mmult.cpp:101]   --->   Operation 771 'store' 'store_ln101' <Predicate = true> <Delay = 0.42>
ST_6 : Operation 772 [1/1] (0.42ns)   --->   "%store_ln101 = store i16 %add_ln101_23, i16 %c_row_major_2_7_0" [mmult.cpp:101]   --->   Operation 772 'store' 'store_ln101' <Predicate = true> <Delay = 0.42>
ST_6 : Operation 773 [1/1] (0.42ns)   --->   "%store_ln101 = store i16 %add_ln101_22, i16 %c_row_major_2_6_0" [mmult.cpp:101]   --->   Operation 773 'store' 'store_ln101' <Predicate = true> <Delay = 0.42>
ST_6 : Operation 774 [1/1] (0.42ns)   --->   "%store_ln101 = store i16 %add_ln101_21, i16 %c_row_major_2_5_0" [mmult.cpp:101]   --->   Operation 774 'store' 'store_ln101' <Predicate = true> <Delay = 0.42>
ST_6 : Operation 775 [1/1] (0.42ns)   --->   "%store_ln101 = store i16 %add_ln101_20, i16 %c_row_major_2_4_0" [mmult.cpp:101]   --->   Operation 775 'store' 'store_ln101' <Predicate = true> <Delay = 0.42>
ST_6 : Operation 776 [1/1] (0.42ns)   --->   "%store_ln101 = store i16 %add_ln101_19, i16 %c_row_major_2_3_0" [mmult.cpp:101]   --->   Operation 776 'store' 'store_ln101' <Predicate = true> <Delay = 0.42>
ST_6 : Operation 777 [1/1] (0.42ns)   --->   "%store_ln101 = store i16 %add_ln101_18, i16 %c_row_major_2_2_0" [mmult.cpp:101]   --->   Operation 777 'store' 'store_ln101' <Predicate = true> <Delay = 0.42>
ST_6 : Operation 778 [1/1] (0.42ns)   --->   "%store_ln101 = store i16 %add_ln101_17, i16 %c_row_major_2_1_0" [mmult.cpp:101]   --->   Operation 778 'store' 'store_ln101' <Predicate = true> <Delay = 0.42>
ST_6 : Operation 779 [1/1] (0.42ns)   --->   "%store_ln101 = store i16 %add_ln101_16, i16 %c_row_major_2_0_0" [mmult.cpp:101]   --->   Operation 779 'store' 'store_ln101' <Predicate = true> <Delay = 0.42>
ST_6 : Operation 780 [1/1] (0.42ns)   --->   "%store_ln101 = store i16 %add_ln101_15, i16 %c_row_major_1_7_0" [mmult.cpp:101]   --->   Operation 780 'store' 'store_ln101' <Predicate = true> <Delay = 0.42>
ST_6 : Operation 781 [1/1] (0.42ns)   --->   "%store_ln101 = store i16 %add_ln101_14, i16 %c_row_major_1_6_0" [mmult.cpp:101]   --->   Operation 781 'store' 'store_ln101' <Predicate = true> <Delay = 0.42>
ST_6 : Operation 782 [1/1] (0.42ns)   --->   "%store_ln101 = store i16 %add_ln101_13, i16 %c_row_major_1_5_0" [mmult.cpp:101]   --->   Operation 782 'store' 'store_ln101' <Predicate = true> <Delay = 0.42>
ST_6 : Operation 783 [1/1] (0.42ns)   --->   "%store_ln101 = store i16 %add_ln101_12, i16 %c_row_major_1_4_0" [mmult.cpp:101]   --->   Operation 783 'store' 'store_ln101' <Predicate = true> <Delay = 0.42>
ST_6 : Operation 784 [1/1] (0.42ns)   --->   "%store_ln101 = store i16 %add_ln101_11, i16 %c_row_major_1_3_0" [mmult.cpp:101]   --->   Operation 784 'store' 'store_ln101' <Predicate = true> <Delay = 0.42>
ST_6 : Operation 785 [1/1] (0.42ns)   --->   "%store_ln101 = store i16 %add_ln101_10, i16 %c_row_major_1_2_0" [mmult.cpp:101]   --->   Operation 785 'store' 'store_ln101' <Predicate = true> <Delay = 0.42>
ST_6 : Operation 786 [1/1] (0.42ns)   --->   "%store_ln101 = store i16 %add_ln101_9, i16 %c_row_major_1_1_0" [mmult.cpp:101]   --->   Operation 786 'store' 'store_ln101' <Predicate = true> <Delay = 0.42>
ST_6 : Operation 787 [1/1] (0.42ns)   --->   "%store_ln101 = store i16 %add_ln101_8, i16 %c_row_major_1_0_0" [mmult.cpp:101]   --->   Operation 787 'store' 'store_ln101' <Predicate = true> <Delay = 0.42>
ST_6 : Operation 788 [1/1] (0.42ns)   --->   "%store_ln101 = store i16 %add_ln101_7, i16 %c_row_major_0_7_0" [mmult.cpp:101]   --->   Operation 788 'store' 'store_ln101' <Predicate = true> <Delay = 0.42>
ST_6 : Operation 789 [1/1] (0.42ns)   --->   "%store_ln101 = store i16 %add_ln101_6, i16 %c_row_major_0_6_0" [mmult.cpp:101]   --->   Operation 789 'store' 'store_ln101' <Predicate = true> <Delay = 0.42>
ST_6 : Operation 790 [1/1] (0.42ns)   --->   "%store_ln101 = store i16 %add_ln101_5, i16 %c_row_major_0_5_0" [mmult.cpp:101]   --->   Operation 790 'store' 'store_ln101' <Predicate = true> <Delay = 0.42>
ST_6 : Operation 791 [1/1] (0.42ns)   --->   "%store_ln101 = store i16 %add_ln101_4, i16 %c_row_major_0_4_0" [mmult.cpp:101]   --->   Operation 791 'store' 'store_ln101' <Predicate = true> <Delay = 0.42>
ST_6 : Operation 792 [1/1] (0.42ns)   --->   "%store_ln101 = store i16 %add_ln101_3, i16 %c_row_major_0_3_0" [mmult.cpp:101]   --->   Operation 792 'store' 'store_ln101' <Predicate = true> <Delay = 0.42>
ST_6 : Operation 793 [1/1] (0.42ns)   --->   "%store_ln101 = store i16 %add_ln101_2, i16 %c_row_major_0_2_0" [mmult.cpp:101]   --->   Operation 793 'store' 'store_ln101' <Predicate = true> <Delay = 0.42>
ST_6 : Operation 794 [1/1] (0.42ns)   --->   "%store_ln101 = store i16 %add_ln101_1, i16 %c_row_major_0_1_0" [mmult.cpp:101]   --->   Operation 794 'store' 'store_ln101' <Predicate = true> <Delay = 0.42>
ST_6 : Operation 795 [1/1] (0.42ns)   --->   "%store_ln101 = store i16 %add_ln101, i16 %c_row_major_0_0_0" [mmult.cpp:101]   --->   Operation 795 'store' 'store_ln101' <Predicate = true> <Delay = 0.42>
ST_6 : Operation 796 [1/1] (0.00ns)   --->   "%br_ln81 = br void %pe_array" [mmult.cpp:81]   --->   Operation 796 'br' 'br_ln81' <Predicate = true> <Delay = 0.00>


============================================================
+ Verbose Summary: Timing violations
============================================================
Target clock period: 3.300ns, clock uncertainty: 0.891ns.

 <State 1>: 0.427ns
The critical path consists of the following:
	'alloca' operation 64 bit ('k', mmult.cpp:81) [228]  (0.000 ns)
	'store' operation 0 bit ('store_ln81', mmult.cpp:81) of variable 'zext_ln81_cast' on local variable 'k', mmult.cpp:81 [331]  (0.427 ns)

 <State 2>: 1.512ns
The critical path consists of the following:
	'load' operation 64 bit ('k', mmult.cpp:91) on local variable 'k', mmult.cpp:81 [398]  (0.000 ns)
	'add' operation 64 bit ('add_ln81', mmult.cpp:81) [680]  (1.085 ns)
	'store' operation 0 bit ('store_ln81', mmult.cpp:81) of variable 'add_ln81', mmult.cpp:81 on local variable 'k', mmult.cpp:81 [681]  (0.427 ns)

 <State 3>: 2.066ns
The critical path consists of the following:
	'load' operation 8 bit ('a_forwarded', mmult.cpp:92) on array 'a_row_major_0' [481]  (0.677 ns)
	'select' operation 8 bit ('a_forwarded', mmult.cpp:91) [482]  (0.393 ns)
	'mul' operation 16 bit of DSP[490] ('product', mmult.cpp:100) [489]  (0.996 ns)

 <State 4>: 0.996ns
The critical path consists of the following:
	'mul' operation 16 bit of DSP[490] ('product', mmult.cpp:100) [489]  (0.996 ns)

 <State 5>: 0.645ns
The critical path consists of the following:
	'load' operation 16 bit ('c_row_major_0_0_0_load', mmult.cpp:101) on local variable 'c_row_major_0_0_0' [402]  (0.000 ns)
	'add' operation 16 bit of DSP[490] ('add_ln101', mmult.cpp:101) [490]  (0.645 ns)

 <State 6>: 1.072ns
The critical path consists of the following:
	'add' operation 16 bit of DSP[679] ('add_ln101_63', mmult.cpp:101) [679]  (0.645 ns)
	'store' operation 0 bit ('store_ln101', mmult.cpp:101) of variable 'add_ln101_63', mmult.cpp:101 on local variable 'c_row_major_7_7_0' [682]  (0.427 ns)


============================================================
+ Verbose Summary: Binding
============================================================
N/A
* FSMD analyzer results:
  - Output states:
 - Input state : 
  - Chain level:
	State 1
	State 2
	State 3
	State 4
	State 5
	State 6


============================================================
+ Verbose Summary: Datapath Resource usage 
============================================================
N/A
