

================================================================
== Vitis HLS Report for 'tile_process_Pipeline_compute_pipeline'
================================================================
* Date:           Sat Jun  6 17:47:15 2026

* Version:        2023.2 (Build 4023990 on Oct 11 2023)
* Project:        hls_prj
* Solution:       s1 (Vivado IP Flow Target)
* Product family: zynquplus
* Target device:  xck26-sfvc784-2LV-c


================================================================
== Performance Estimates
================================================================
+ Timing: 
    * Summary: 
    +--------+---------+----------+------------+
    |  Clock |  Target | Estimated| Uncertainty|
    +--------+---------+----------+------------+
    |ap_clk  |  3.30 ns|  2.066 ns|     0.89 ns|
    +--------+---------+----------+------------+

+ Latency: 
    * Summary: 
    +---------+---------+-----------+-----------+-----+-----+---------+
    |  Latency (cycles) |   Latency (absolute)  |  Interval | Pipeline|
    |   min   |   max   |    min    |    max    | min | max |   Type  |
    +---------+---------+-----------+-----------+-----+-----+---------+
    |       13|       13|  42.900 ns|  42.900 ns|   13|   13|       no|
    +---------+---------+-----------+-----------+-----+-----+---------+

    + Detail: 
        * Instance: 
        N/A

        * Loop: 
        +--------------------+---------+---------+----------+-----------+-----------+------+----------+
        |                    |  Latency (cycles) | Iteration|  Initiation Interval  | Trip |          |
        |      Loop Name     |   min   |   max   |  Latency |  achieved |   target  | Count| Pipelined|
        +--------------------+---------+---------+----------+-----------+-----------+------+----------+
        |- compute_pipeline  |       11|       11|         5|          1|          1|     8|       yes|
        +--------------------+---------+---------+----------+-----------+-----------+------+----------+



================================================================
== Utilization Estimates
================================================================
* Summary: 
+-----------------+---------+------+--------+--------+-----+
|       Name      | BRAM_18K|  DSP |   FF   |   LUT  | URAM|
+-----------------+---------+------+--------+--------+-----+
|DSP              |        -|    64|       -|       -|    -|
|Expression       |        -|     -|       0|     448|    -|
|FIFO             |        -|     -|       -|       -|    -|
|Instance         |        -|     -|       -|       -|    -|
|Memory           |        -|     -|       -|       -|    -|
|Multiplexer      |        -|     -|       -|    1188|    -|
|Register         |        -|     -|    1233|      32|    -|
+-----------------+---------+------+--------+--------+-----+
|Total            |        0|    64|    1233|    1668|    0|
+-----------------+---------+------+--------+--------+-----+
|Available        |      288|  1248|  234240|  117120|   64|
+-----------------+---------+------+--------+--------+-----+
|Utilization (%)  |        0|     5|      ~0|       1|    0|
+-----------------+---------+------+--------+--------+-----+

+ Detail: 
    * Instance: 
    N/A

    * DSP: 
    +----------------------------------+------------------------------+--------------+
    |             Instance             |            Module            |  Expression  |
    +----------------------------------+------------------------------+--------------+
    |mac_muladd_8s_8s_16ns_16_4_1_U25  |mac_muladd_8s_8s_16ns_16_4_1  |  i0 * i1 + i2|
    |mac_muladd_8s_8s_16ns_16_4_1_U26  |mac_muladd_8s_8s_16ns_16_4_1  |  i0 * i1 + i2|
    |mac_muladd_8s_8s_16ns_16_4_1_U27  |mac_muladd_8s_8s_16ns_16_4_1  |  i0 * i1 + i2|
    |mac_muladd_8s_8s_16ns_16_4_1_U28  |mac_muladd_8s_8s_16ns_16_4_1  |  i0 * i1 + i2|
    |mac_muladd_8s_8s_16ns_16_4_1_U29  |mac_muladd_8s_8s_16ns_16_4_1  |  i0 * i1 + i2|
    |mac_muladd_8s_8s_16ns_16_4_1_U30  |mac_muladd_8s_8s_16ns_16_4_1  |  i0 * i1 + i2|
    |mac_muladd_8s_8s_16ns_16_4_1_U31  |mac_muladd_8s_8s_16ns_16_4_1  |  i0 * i1 + i2|
    |mac_muladd_8s_8s_16ns_16_4_1_U32  |mac_muladd_8s_8s_16ns_16_4_1  |  i0 * i1 + i2|
    |mac_muladd_8s_8s_16ns_16_4_1_U33  |mac_muladd_8s_8s_16ns_16_4_1  |  i0 * i1 + i2|
    |mac_muladd_8s_8s_16ns_16_4_1_U34  |mac_muladd_8s_8s_16ns_16_4_1  |  i0 * i1 + i2|
    |mac_muladd_8s_8s_16ns_16_4_1_U35  |mac_muladd_8s_8s_16ns_16_4_1  |  i0 * i1 + i2|
    |mac_muladd_8s_8s_16ns_16_4_1_U36  |mac_muladd_8s_8s_16ns_16_4_1  |  i0 * i1 + i2|
    |mac_muladd_8s_8s_16ns_16_4_1_U37  |mac_muladd_8s_8s_16ns_16_4_1  |  i0 * i1 + i2|
    |mac_muladd_8s_8s_16ns_16_4_1_U38  |mac_muladd_8s_8s_16ns_16_4_1  |  i0 * i1 + i2|
    |mac_muladd_8s_8s_16ns_16_4_1_U39  |mac_muladd_8s_8s_16ns_16_4_1  |  i0 * i1 + i2|
    |mac_muladd_8s_8s_16ns_16_4_1_U40  |mac_muladd_8s_8s_16ns_16_4_1  |  i0 * i1 + i2|
    |mac_muladd_8s_8s_16ns_16_4_1_U41  |mac_muladd_8s_8s_16ns_16_4_1  |  i0 * i1 + i2|
    |mac_muladd_8s_8s_16ns_16_4_1_U42  |mac_muladd_8s_8s_16ns_16_4_1  |  i0 * i1 + i2|
    |mac_muladd_8s_8s_16ns_16_4_1_U43  |mac_muladd_8s_8s_16ns_16_4_1  |  i0 * i1 + i2|
    |mac_muladd_8s_8s_16ns_16_4_1_U44  |mac_muladd_8s_8s_16ns_16_4_1  |  i0 * i1 + i2|
    |mac_muladd_8s_8s_16ns_16_4_1_U45  |mac_muladd_8s_8s_16ns_16_4_1  |  i0 * i1 + i2|
    |mac_muladd_8s_8s_16ns_16_4_1_U46  |mac_muladd_8s_8s_16ns_16_4_1  |  i0 * i1 + i2|
    |mac_muladd_8s_8s_16ns_16_4_1_U47  |mac_muladd_8s_8s_16ns_16_4_1  |  i0 * i1 + i2|
    |mac_muladd_8s_8s_16ns_16_4_1_U48  |mac_muladd_8s_8s_16ns_16_4_1  |  i0 * i1 + i2|
    |mac_muladd_8s_8s_16ns_16_4_1_U49  |mac_muladd_8s_8s_16ns_16_4_1  |  i0 * i1 + i2|
    |mac_muladd_8s_8s_16ns_16_4_1_U50  |mac_muladd_8s_8s_16ns_16_4_1  |  i0 * i1 + i2|
    |mac_muladd_8s_8s_16ns_16_4_1_U51  |mac_muladd_8s_8s_16ns_16_4_1  |  i0 * i1 + i2|
    |mac_muladd_8s_8s_16ns_16_4_1_U52  |mac_muladd_8s_8s_16ns_16_4_1  |  i0 * i1 + i2|
    |mac_muladd_8s_8s_16ns_16_4_1_U53  |mac_muladd_8s_8s_16ns_16_4_1  |  i0 * i1 + i2|
    |mac_muladd_8s_8s_16ns_16_4_1_U54  |mac_muladd_8s_8s_16ns_16_4_1  |  i0 * i1 + i2|
    |mac_muladd_8s_8s_16ns_16_4_1_U55  |mac_muladd_8s_8s_16ns_16_4_1  |  i0 * i1 + i2|
    |mac_muladd_8s_8s_16ns_16_4_1_U56  |mac_muladd_8s_8s_16ns_16_4_1  |  i0 * i1 + i2|
    |mac_muladd_8s_8s_16ns_16_4_1_U57  |mac_muladd_8s_8s_16ns_16_4_1  |  i0 * i1 + i2|
    |mac_muladd_8s_8s_16ns_16_4_1_U58  |mac_muladd_8s_8s_16ns_16_4_1  |  i0 * i1 + i2|
    |mac_muladd_8s_8s_16ns_16_4_1_U59  |mac_muladd_8s_8s_16ns_16_4_1  |  i0 * i1 + i2|
    |mac_muladd_8s_8s_16ns_16_4_1_U60  |mac_muladd_8s_8s_16ns_16_4_1  |  i0 * i1 + i2|
    |mac_muladd_8s_8s_16ns_16_4_1_U61  |mac_muladd_8s_8s_16ns_16_4_1  |  i0 * i1 + i2|
    |mac_muladd_8s_8s_16ns_16_4_1_U62  |mac_muladd_8s_8s_16ns_16_4_1  |  i0 * i1 + i2|
    |mac_muladd_8s_8s_16ns_16_4_1_U63  |mac_muladd_8s_8s_16ns_16_4_1  |  i0 * i1 + i2|
    |mac_muladd_8s_8s_16ns_16_4_1_U64  |mac_muladd_8s_8s_16ns_16_4_1  |  i0 * i1 + i2|
    |mac_muladd_8s_8s_16ns_16_4_1_U65  |mac_muladd_8s_8s_16ns_16_4_1  |  i0 * i1 + i2|
    |mac_muladd_8s_8s_16ns_16_4_1_U66  |mac_muladd_8s_8s_16ns_16_4_1  |  i0 * i1 + i2|
    |mac_muladd_8s_8s_16ns_16_4_1_U67  |mac_muladd_8s_8s_16ns_16_4_1  |  i0 * i1 + i2|
    |mac_muladd_8s_8s_16ns_16_4_1_U68  |mac_muladd_8s_8s_16ns_16_4_1  |  i0 * i1 + i2|
    |mac_muladd_8s_8s_16ns_16_4_1_U69  |mac_muladd_8s_8s_16ns_16_4_1  |  i0 * i1 + i2|
    |mac_muladd_8s_8s_16ns_16_4_1_U70  |mac_muladd_8s_8s_16ns_16_4_1  |  i0 * i1 + i2|
    |mac_muladd_8s_8s_16ns_16_4_1_U71  |mac_muladd_8s_8s_16ns_16_4_1  |  i0 * i1 + i2|
    |mac_muladd_8s_8s_16ns_16_4_1_U72  |mac_muladd_8s_8s_16ns_16_4_1  |  i0 * i1 + i2|
    |mac_muladd_8s_8s_16ns_16_4_1_U73  |mac_muladd_8s_8s_16ns_16_4_1  |  i0 * i1 + i2|
    |mac_muladd_8s_8s_16ns_16_4_1_U74  |mac_muladd_8s_8s_16ns_16_4_1  |  i0 * i1 + i2|
    |mac_muladd_8s_8s_16ns_16_4_1_U75  |mac_muladd_8s_8s_16ns_16_4_1  |  i0 * i1 + i2|
    |mac_muladd_8s_8s_16ns_16_4_1_U76  |mac_muladd_8s_8s_16ns_16_4_1  |  i0 * i1 + i2|
    |mac_muladd_8s_8s_16ns_16_4_1_U77  |mac_muladd_8s_8s_16ns_16_4_1  |  i0 * i1 + i2|
    |mac_muladd_8s_8s_16ns_16_4_1_U78  |mac_muladd_8s_8s_16ns_16_4_1  |  i0 * i1 + i2|
    |mac_muladd_8s_8s_16ns_16_4_1_U79  |mac_muladd_8s_8s_16ns_16_4_1  |  i0 * i1 + i2|
    |mac_muladd_8s_8s_16ns_16_4_1_U80  |mac_muladd_8s_8s_16ns_16_4_1  |  i0 * i1 + i2|
    |mac_muladd_8s_8s_16ns_16_4_1_U81  |mac_muladd_8s_8s_16ns_16_4_1  |  i0 * i1 + i2|
    |mac_muladd_8s_8s_16ns_16_4_1_U82  |mac_muladd_8s_8s_16ns_16_4_1  |  i0 * i1 + i2|
    |mac_muladd_8s_8s_16ns_16_4_1_U83  |mac_muladd_8s_8s_16ns_16_4_1  |  i0 * i1 + i2|
    |mac_muladd_8s_8s_16ns_16_4_1_U84  |mac_muladd_8s_8s_16ns_16_4_1  |  i0 * i1 + i2|
    |mac_muladd_8s_8s_16ns_16_4_1_U85  |mac_muladd_8s_8s_16ns_16_4_1  |  i0 * i1 + i2|
    |mac_muladd_8s_8s_16ns_16_4_1_U86  |mac_muladd_8s_8s_16ns_16_4_1  |  i0 * i1 + i2|
    |mac_muladd_8s_8s_16ns_16_4_1_U87  |mac_muladd_8s_8s_16ns_16_4_1  |  i0 * i1 + i2|
    |mac_muladd_8s_8s_16ns_16_4_1_U88  |mac_muladd_8s_8s_16ns_16_4_1  |  i0 * i1 + i2|
    +----------------------------------+------------------------------+--------------+

    * Memory: 
    N/A

    * FIFO: 
    N/A

    * Expression: 
    +---------------------------+----------+----+---+----+------------+------------+
    |       Variable Name       | Operation| DSP| FF| LUT| Bitwidth P0| Bitwidth P1|
    +---------------------------+----------+----+---+----+------------+------------+
    |add_ln81_fu_2155_p2        |         +|   0|  0|  71|          64|           1|
    |and_ln96_1_fu_2204_p2      |       and|   0|  0|   2|           1|           1|
    |and_ln96_2_fu_2220_p2      |       and|   0|  0|   2|           1|           1|
    |and_ln96_3_fu_2236_p2      |       and|   0|  0|   2|           1|           1|
    |and_ln96_4_fu_2252_p2      |       and|   0|  0|   2|           1|           1|
    |and_ln96_5_fu_2268_p2      |       and|   0|  0|   2|           1|           1|
    |and_ln96_6_fu_2284_p2      |       and|   0|  0|   2|           1|           1|
    |and_ln96_7_fu_2300_p2      |       and|   0|  0|   2|           1|           1|
    |and_ln96_fu_2184_p2        |       and|   0|  0|   2|           1|           1|
    |cmp13_fu_2145_p2           |      icmp|   0|  0|  71|          64|          64|
    |icmp_ln81_fu_2140_p2       |      icmp|   0|  0|  71|          64|          64|
    |icmp_ln91_fu_2150_p2       |      icmp|   0|  0|  71|          64|          64|
    |or_ln91_1_fu_2316_p2       |        or|   0|  0|   2|           1|           1|
    |or_ln91_2_fu_2333_p2       |        or|   0|  0|   2|           1|           1|
    |or_ln91_3_fu_2350_p2       |        or|   0|  0|   2|           1|           1|
    |or_ln91_4_fu_2367_p2       |        or|   0|  0|   2|           1|           1|
    |or_ln91_5_fu_2384_p2       |        or|   0|  0|   2|           1|           1|
    |or_ln91_6_fu_2401_p2       |        or|   0|  0|   2|           1|           1|
    |or_ln91_7_fu_2418_p2       |        or|   0|  0|   2|           1|           1|
    |or_ln91_fu_2171_p2         |        or|   0|  0|   2|           1|           1|
    |a_forwarded_11_fu_2389_p3  |    select|   0|  0|   8|           1|           1|
    |a_forwarded_13_fu_2406_p3  |    select|   0|  0|   8|           1|           1|
    |a_forwarded_15_fu_2423_p3  |    select|   0|  0|   8|           1|           1|
    |a_forwarded_1_fu_2176_p3   |    select|   0|  0|   8|           1|           1|
    |a_forwarded_3_fu_2321_p3   |    select|   0|  0|   8|           1|           1|
    |a_forwarded_5_fu_2338_p3   |    select|   0|  0|   8|           1|           1|
    |a_forwarded_7_fu_2355_p3   |    select|   0|  0|   8|           1|           1|
    |a_forwarded_9_fu_2372_p3   |    select|   0|  0|   8|           1|           1|
    |b_forwarded_11_fu_2272_p3  |    select|   0|  0|   8|           1|           8|
    |b_forwarded_13_fu_2288_p3  |    select|   0|  0|   8|           1|           8|
    |b_forwarded_15_fu_2304_p3  |    select|   0|  0|   8|           1|           8|
    |b_forwarded_1_fu_2188_p3   |    select|   0|  0|   8|           1|           8|
    |b_forwarded_3_fu_2208_p3   |    select|   0|  0|   8|           1|           8|
    |b_forwarded_5_fu_2224_p3   |    select|   0|  0|   8|           1|           8|
    |b_forwarded_7_fu_2240_p3   |    select|   0|  0|   8|           1|           8|
    |b_forwarded_9_fu_2256_p3   |    select|   0|  0|   8|           1|           8|
    |ap_enable_pp0              |       xor|   0|  0|   2|           1|           2|
    |xor_ln91_fu_2166_p2        |       xor|   0|  0|   2|           1|           2|
    +---------------------------+----------+----+---+----+------------+------------+
    |Total                      |          |   0|  0| 448|         290|         285|
    +---------------------------+----------+----+---+----+------------+------------+

    * Multiplexer: 
    +-----------------------------------------+----+-----------+-----+-----------+
    |                   Name                  | LUT| Input Size| Bits| Total Bits|
    +-----------------------------------------+----+-----------+-----+-----------+
    |ap_done_int                              |   9|          2|    1|          2|
    |ap_enable_reg_pp0_iter1                  |   9|          2|    1|          2|
    |ap_enable_reg_pp0_iter2                  |   9|          2|    1|          2|
    |ap_sig_allocacmp_c_row_major_0_0_0_load  |   9|          2|   16|         32|
    |ap_sig_allocacmp_c_row_major_0_1_0_load  |   9|          2|   16|         32|
    |ap_sig_allocacmp_c_row_major_0_2_0_load  |   9|          2|   16|         32|
    |ap_sig_allocacmp_c_row_major_0_3_0_load  |   9|          2|   16|         32|
    |ap_sig_allocacmp_c_row_major_0_4_0_load  |   9|          2|   16|         32|
    |ap_sig_allocacmp_c_row_major_0_5_0_load  |   9|          2|   16|         32|
    |ap_sig_allocacmp_c_row_major_0_6_0_load  |   9|          2|   16|         32|
    |ap_sig_allocacmp_c_row_major_0_7_0_load  |   9|          2|   16|         32|
    |ap_sig_allocacmp_c_row_major_1_0_0_load  |   9|          2|   16|         32|
    |ap_sig_allocacmp_c_row_major_1_1_0_load  |   9|          2|   16|         32|
    |ap_sig_allocacmp_c_row_major_1_2_0_load  |   9|          2|   16|         32|
    |ap_sig_allocacmp_c_row_major_1_3_0_load  |   9|          2|   16|         32|
    |ap_sig_allocacmp_c_row_major_1_4_0_load  |   9|          2|   16|         32|
    |ap_sig_allocacmp_c_row_major_1_5_0_load  |   9|          2|   16|         32|
    |ap_sig_allocacmp_c_row_major_1_6_0_load  |   9|          2|   16|         32|
    |ap_sig_allocacmp_c_row_major_1_7_0_load  |   9|          2|   16|         32|
    |ap_sig_allocacmp_c_row_major_2_0_0_load  |   9|          2|   16|         32|
    |ap_sig_allocacmp_c_row_major_2_1_0_load  |   9|          2|   16|         32|
    |ap_sig_allocacmp_c_row_major_2_2_0_load  |   9|          2|   16|         32|
    |ap_sig_allocacmp_c_row_major_2_3_0_load  |   9|          2|   16|         32|
    |ap_sig_allocacmp_c_row_major_2_4_0_load  |   9|          2|   16|         32|
    |ap_sig_allocacmp_c_row_major_2_5_0_load  |   9|          2|   16|         32|
    |ap_sig_allocacmp_c_row_major_2_6_0_load  |   9|          2|   16|         32|
    |ap_sig_allocacmp_c_row_major_2_7_0_load  |   9|          2|   16|         32|
    |ap_sig_allocacmp_c_row_major_3_0_0_load  |   9|          2|   16|         32|
    |ap_sig_allocacmp_c_row_major_3_1_0_load  |   9|          2|   16|         32|
    |ap_sig_allocacmp_c_row_major_3_2_0_load  |   9|          2|   16|         32|
    |ap_sig_allocacmp_c_row_major_3_3_0_load  |   9|          2|   16|         32|
    |ap_sig_allocacmp_c_row_major_3_4_0_load  |   9|          2|   16|         32|
    |ap_sig_allocacmp_c_row_major_3_5_0_load  |   9|          2|   16|         32|
    |ap_sig_allocacmp_c_row_major_3_6_0_load  |   9|          2|   16|         32|
    |ap_sig_allocacmp_c_row_major_3_7_0_load  |   9|          2|   16|         32|
    |ap_sig_allocacmp_c_row_major_4_0_0_load  |   9|          2|   16|         32|
    |ap_sig_allocacmp_c_row_major_4_1_0_load  |   9|          2|   16|         32|
    |ap_sig_allocacmp_c_row_major_4_2_0_load  |   9|          2|   16|         32|
    |ap_sig_allocacmp_c_row_major_4_3_0_load  |   9|          2|   16|         32|
    |ap_sig_allocacmp_c_row_major_4_4_0_load  |   9|          2|   16|         32|
    |ap_sig_allocacmp_c_row_major_4_5_0_load  |   9|          2|   16|         32|
    |ap_sig_allocacmp_c_row_major_4_6_0_load  |   9|          2|   16|         32|
    |ap_sig_allocacmp_c_row_major_4_7_0_load  |   9|          2|   16|         32|
    |ap_sig_allocacmp_c_row_major_5_0_0_load  |   9|          2|   16|         32|
    |ap_sig_allocacmp_c_row_major_5_1_0_load  |   9|          2|   16|         32|
    |ap_sig_allocacmp_c_row_major_5_2_0_load  |   9|          2|   16|         32|
    |ap_sig_allocacmp_c_row_major_5_3_0_load  |   9|          2|   16|         32|
    |ap_sig_allocacmp_c_row_major_5_4_0_load  |   9|          2|   16|         32|
    |ap_sig_allocacmp_c_row_major_5_5_0_load  |   9|          2|   16|         32|
    |ap_sig_allocacmp_c_row_major_5_6_0_load  |   9|          2|   16|         32|
    |ap_sig_allocacmp_c_row_major_5_7_0_load  |   9|          2|   16|         32|
    |ap_sig_allocacmp_c_row_major_6_0_0_load  |   9|          2|   16|         32|
    |ap_sig_allocacmp_c_row_major_6_1_0_load  |   9|          2|   16|         32|
    |ap_sig_allocacmp_c_row_major_6_2_0_load  |   9|          2|   16|         32|
    |ap_sig_allocacmp_c_row_major_6_3_0_load  |   9|          2|   16|         32|
    |ap_sig_allocacmp_c_row_major_6_4_0_load  |   9|          2|   16|         32|
    |ap_sig_allocacmp_c_row_major_6_5_0_load  |   9|          2|   16|         32|
    |ap_sig_allocacmp_c_row_major_6_6_0_load  |   9|          2|   16|         32|
    |ap_sig_allocacmp_c_row_major_6_7_0_load  |   9|          2|   16|         32|
    |ap_sig_allocacmp_c_row_major_7_0_0_load  |   9|          2|   16|         32|
    |ap_sig_allocacmp_c_row_major_7_1_0_load  |   9|          2|   16|         32|
    |ap_sig_allocacmp_c_row_major_7_2_0_load  |   9|          2|   16|         32|
    |ap_sig_allocacmp_c_row_major_7_3_0_load  |   9|          2|   16|         32|
    |ap_sig_allocacmp_c_row_major_7_4_0_load  |   9|          2|   16|         32|
    |ap_sig_allocacmp_c_row_major_7_5_0_load  |   9|          2|   16|         32|
    |ap_sig_allocacmp_c_row_major_7_6_0_load  |   9|          2|   16|         32|
    |ap_sig_allocacmp_c_row_major_7_7_0_load  |   9|          2|   16|         32|
    |c_row_major_0_0_0_fu_370                 |   9|          2|   16|         32|
    |c_row_major_0_1_0_fu_374                 |   9|          2|   16|         32|
    |c_row_major_0_2_0_fu_378                 |   9|          2|   16|         32|
    |c_row_major_0_3_0_fu_382                 |   9|          2|   16|         32|
    |c_row_major_0_4_0_fu_386                 |   9|          2|   16|         32|
    |c_row_major_0_5_0_fu_390                 |   9|          2|   16|         32|
    |c_row_major_0_6_0_fu_394                 |   9|          2|   16|         32|
    |c_row_major_0_7_0_fu_398                 |   9|          2|   16|         32|
    |c_row_major_1_0_0_fu_402                 |   9|          2|   16|         32|
    |c_row_major_1_1_0_fu_406                 |   9|          2|   16|         32|
    |c_row_major_1_2_0_fu_410                 |   9|          2|   16|         32|
    |c_row_major_1_3_0_fu_414                 |   9|          2|   16|         32|
    |c_row_major_1_4_0_fu_418                 |   9|          2|   16|         32|
    |c_row_major_1_5_0_fu_422                 |   9|          2|   16|         32|
    |c_row_major_1_6_0_fu_426                 |   9|          2|   16|         32|
    |c_row_major_1_7_0_fu_430                 |   9|          2|   16|         32|
    |c_row_major_2_0_0_fu_434                 |   9|          2|   16|         32|
    |c_row_major_2_1_0_fu_438                 |   9|          2|   16|         32|
    |c_row_major_2_2_0_fu_442                 |   9|          2|   16|         32|
    |c_row_major_2_3_0_fu_446                 |   9|          2|   16|         32|
    |c_row_major_2_4_0_fu_450                 |   9|          2|   16|         32|
    |c_row_major_2_5_0_fu_454                 |   9|          2|   16|         32|
    |c_row_major_2_6_0_fu_458                 |   9|          2|   16|         32|
    |c_row_major_2_7_0_fu_462                 |   9|          2|   16|         32|
    |c_row_major_3_0_0_fu_466                 |   9|          2|   16|         32|
    |c_row_major_3_1_0_fu_470                 |   9|          2|   16|         32|
    |c_row_major_3_2_0_fu_474                 |   9|          2|   16|         32|
    |c_row_major_3_3_0_fu_478                 |   9|          2|   16|         32|
    |c_row_major_3_4_0_fu_482                 |   9|          2|   16|         32|
    |c_row_major_3_5_0_fu_486                 |   9|          2|   16|         32|
    |c_row_major_3_6_0_fu_490                 |   9|          2|   16|         32|
    |c_row_major_3_7_0_fu_494                 |   9|          2|   16|         32|
    |c_row_major_4_0_0_fu_498                 |   9|          2|   16|         32|
    |c_row_major_4_1_0_fu_502                 |   9|          2|   16|         32|
    |c_row_major_4_2_0_fu_506                 |   9|          2|   16|         32|
    |c_row_major_4_3_0_fu_510                 |   9|          2|   16|         32|
    |c_row_major_4_4_0_fu_514                 |   9|          2|   16|         32|
    |c_row_major_4_5_0_fu_518                 |   9|          2|   16|         32|
    |c_row_major_4_6_0_fu_522                 |   9|          2|   16|         32|
    |c_row_major_4_7_0_fu_526                 |   9|          2|   16|         32|
    |c_row_major_5_0_0_fu_530                 |   9|          2|   16|         32|
    |c_row_major_5_1_0_fu_534                 |   9|          2|   16|         32|
    |c_row_major_5_2_0_fu_538                 |   9|          2|   16|         32|
    |c_row_major_5_3_0_fu_542                 |   9|          2|   16|         32|
    |c_row_major_5_4_0_fu_546                 |   9|          2|   16|         32|
    |c_row_major_5_5_0_fu_550                 |   9|          2|   16|         32|
    |c_row_major_5_6_0_fu_554                 |   9|          2|   16|         32|
    |c_row_major_5_7_0_fu_558                 |   9|          2|   16|         32|
    |c_row_major_6_0_0_fu_562                 |   9|          2|   16|         32|
    |c_row_major_6_1_0_fu_566                 |   9|          2|   16|         32|
    |c_row_major_6_2_0_fu_570                 |   9|          2|   16|         32|
    |c_row_major_6_3_0_fu_574                 |   9|          2|   16|         32|
    |c_row_major_6_4_0_fu_578                 |   9|          2|   16|         32|
    |c_row_major_6_5_0_fu_582                 |   9|          2|   16|         32|
    |c_row_major_6_6_0_fu_586                 |   9|          2|   16|         32|
    |c_row_major_6_7_0_fu_590                 |   9|          2|   16|         32|
    |c_row_major_7_0_0_fu_594                 |   9|          2|   16|         32|
    |c_row_major_7_1_0_fu_598                 |   9|          2|   16|         32|
    |c_row_major_7_2_0_fu_602                 |   9|          2|   16|         32|
    |c_row_major_7_3_0_fu_606                 |   9|          2|   16|         32|
    |c_row_major_7_4_0_fu_610                 |   9|          2|   16|         32|
    |c_row_major_7_5_0_fu_614                 |   9|          2|   16|         32|
    |c_row_major_7_6_0_fu_618                 |   9|          2|   16|         32|
    |c_row_major_7_7_0_fu_622                 |   9|          2|   16|         32|
    |k_fu_626                                 |   9|          2|   64|        128|
    +-----------------------------------------+----+-----------+-----+-----------+
    |Total                                    |1188|        264| 2115|       4230|
    +-----------------------------------------+----+-----------+-----+-----------+

    * Register: 
    +----------------------------------+----+----+-----+-----------+
    |               Name               | FF | LUT| Bits| Const Bits|
    +----------------------------------+----+----+-----+-----------+
    |ap_CS_fsm                         |   1|   0|    1|          0|
    |ap_done_reg                       |   1|   0|    1|          0|
    |ap_enable_reg_pp0_iter1           |   1|   0|    1|          0|
    |ap_enable_reg_pp0_iter2           |   1|   0|    1|          0|
    |ap_enable_reg_pp0_iter3           |   1|   0|    1|          0|
    |ap_enable_reg_pp0_iter4           |   1|   0|    1|          0|
    |ap_enable_reg_pp0_iter5           |   1|   0|    1|          0|
    |ap_loop_exit_ready_pp0_iter2_reg  |   1|   0|    1|          0|
    |ap_loop_exit_ready_pp0_iter3_reg  |   1|   0|    1|          0|
    |ap_loop_exit_ready_pp0_iter4_reg  |   1|   0|    1|          0|
    |c_row_major_0_0_0_fu_370          |  16|   0|   16|          0|
    |c_row_major_0_1_0_fu_374          |  16|   0|   16|          0|
    |c_row_major_0_2_0_fu_378          |  16|   0|   16|          0|
    |c_row_major_0_3_0_fu_382          |  16|   0|   16|          0|
    |c_row_major_0_4_0_fu_386          |  16|   0|   16|          0|
    |c_row_major_0_5_0_fu_390          |  16|   0|   16|          0|
    |c_row_major_0_6_0_fu_394          |  16|   0|   16|          0|
    |c_row_major_0_7_0_fu_398          |  16|   0|   16|          0|
    |c_row_major_1_0_0_fu_402          |  16|   0|   16|          0|
    |c_row_major_1_1_0_fu_406          |  16|   0|   16|          0|
    |c_row_major_1_2_0_fu_410          |  16|   0|   16|          0|
    |c_row_major_1_3_0_fu_414          |  16|   0|   16|          0|
    |c_row_major_1_4_0_fu_418          |  16|   0|   16|          0|
    |c_row_major_1_5_0_fu_422          |  16|   0|   16|          0|
    |c_row_major_1_6_0_fu_426          |  16|   0|   16|          0|
    |c_row_major_1_7_0_fu_430          |  16|   0|   16|          0|
    |c_row_major_2_0_0_fu_434          |  16|   0|   16|          0|
    |c_row_major_2_1_0_fu_438          |  16|   0|   16|          0|
    |c_row_major_2_2_0_fu_442          |  16|   0|   16|          0|
    |c_row_major_2_3_0_fu_446          |  16|   0|   16|          0|
    |c_row_major_2_4_0_fu_450          |  16|   0|   16|          0|
    |c_row_major_2_5_0_fu_454          |  16|   0|   16|          0|
    |c_row_major_2_6_0_fu_458          |  16|   0|   16|          0|
    |c_row_major_2_7_0_fu_462          |  16|   0|   16|          0|
    |c_row_major_3_0_0_fu_466          |  16|   0|   16|          0|
    |c_row_major_3_1_0_fu_470          |  16|   0|   16|          0|
    |c_row_major_3_2_0_fu_474          |  16|   0|   16|          0|
    |c_row_major_3_3_0_fu_478          |  16|   0|   16|          0|
    |c_row_major_3_4_0_fu_482          |  16|   0|   16|          0|
    |c_row_major_3_5_0_fu_486          |  16|   0|   16|          0|
    |c_row_major_3_6_0_fu_490          |  16|   0|   16|          0|
    |c_row_major_3_7_0_fu_494          |  16|   0|   16|          0|
    |c_row_major_4_0_0_fu_498          |  16|   0|   16|          0|
    |c_row_major_4_1_0_fu_502          |  16|   0|   16|          0|
    |c_row_major_4_2_0_fu_506          |  16|   0|   16|          0|
    |c_row_major_4_3_0_fu_510          |  16|   0|   16|          0|
    |c_row_major_4_4_0_fu_514          |  16|   0|   16|          0|
    |c_row_major_4_5_0_fu_518          |  16|   0|   16|          0|
    |c_row_major_4_6_0_fu_522          |  16|   0|   16|          0|
    |c_row_major_4_7_0_fu_526          |  16|   0|   16|          0|
    |c_row_major_5_0_0_fu_530          |  16|   0|   16|          0|
    |c_row_major_5_1_0_fu_534          |  16|   0|   16|          0|
    |c_row_major_5_2_0_fu_538          |  16|   0|   16|          0|
    |c_row_major_5_3_0_fu_542          |  16|   0|   16|          0|
    |c_row_major_5_4_0_fu_546          |  16|   0|   16|          0|
    |c_row_major_5_5_0_fu_550          |  16|   0|   16|          0|
    |c_row_major_5_6_0_fu_554          |  16|   0|   16|          0|
    |c_row_major_5_7_0_fu_558          |  16|   0|   16|          0|
    |c_row_major_6_0_0_fu_562          |  16|   0|   16|          0|
    |c_row_major_6_1_0_fu_566          |  16|   0|   16|          0|
    |c_row_major_6_2_0_fu_570          |  16|   0|   16|          0|
    |c_row_major_6_3_0_fu_574          |  16|   0|   16|          0|
    |c_row_major_6_4_0_fu_578          |  16|   0|   16|          0|
    |c_row_major_6_5_0_fu_582          |  16|   0|   16|          0|
    |c_row_major_6_6_0_fu_586          |  16|   0|   16|          0|
    |c_row_major_6_7_0_fu_590          |  16|   0|   16|          0|
    |c_row_major_7_0_0_fu_594          |  16|   0|   16|          0|
    |c_row_major_7_1_0_fu_598          |  16|   0|   16|          0|
    |c_row_major_7_2_0_fu_602          |  16|   0|   16|          0|
    |c_row_major_7_3_0_fu_606          |  16|   0|   16|          0|
    |c_row_major_7_4_0_fu_610          |  16|   0|   16|          0|
    |c_row_major_7_5_0_fu_614          |  16|   0|   16|          0|
    |c_row_major_7_6_0_fu_618          |  16|   0|   16|          0|
    |c_row_major_7_7_0_fu_622          |  16|   0|   16|          0|
    |cmp13_reg_4329                    |   1|   0|    1|          0|
    |icmp_ln81_reg_4325                |   1|   0|    1|          0|
    |icmp_ln91_reg_4381                |   1|   0|    1|          0|
    |k_fu_626                          |  64|   0|   64|          0|
    |sext_ln81_cast_reg_4314           |  64|   0|   64|          0|
    |wide_trip_count_cast_reg_4320     |   4|   0|   64|         60|
    |icmp_ln81_reg_4325                |  64|  32|    1|          0|
    +----------------------------------+----+----+-----+-----------+
    |Total                             |1233|  32| 1230|         60|
    +----------------------------------+----+----+-----+-----------+



================================================================
== Interface
================================================================
* Summary: 
+------------------------------+-----+-----+------------+----------------------------------------+--------------+
|           RTL Ports          | Dir | Bits|  Protocol  |              Source Object             |    C Type    |
+------------------------------+-----+-----+------------+----------------------------------------+--------------+
|ap_clk                        |   in|    1|  ap_ctrl_hs|  tile_process_Pipeline_compute_pipeline|  return value|
|ap_rst                        |   in|    1|  ap_ctrl_hs|  tile_process_Pipeline_compute_pipeline|  return value|
|ap_start                      |   in|    1|  ap_ctrl_hs|  tile_process_Pipeline_compute_pipeline|  return value|
|ap_done                       |  out|    1|  ap_ctrl_hs|  tile_process_Pipeline_compute_pipeline|  return value|
|ap_idle                       |  out|    1|  ap_ctrl_hs|  tile_process_Pipeline_compute_pipeline|  return value|
|ap_ready                      |  out|    1|  ap_ctrl_hs|  tile_process_Pipeline_compute_pipeline|  return value|
|zext_ln81                     |   in|    3|     ap_none|                               zext_ln81|        scalar|
|p_read63                      |   in|   16|     ap_none|                                p_read63|        scalar|
|p_read62                      |   in|   16|     ap_none|                                p_read62|        scalar|
|p_read61                      |   in|   16|     ap_none|                                p_read61|        scalar|
|p_read60                      |   in|   16|     ap_none|                                p_read60|        scalar|
|p_read59                      |   in|   16|     ap_none|                                p_read59|        scalar|
|p_read58                      |   in|   16|     ap_none|                                p_read58|        scalar|
|p_read57                      |   in|   16|     ap_none|                                p_read57|        scalar|
|p_read56                      |   in|   16|     ap_none|                                p_read56|        scalar|
|p_read55                      |   in|   16|     ap_none|                                p_read55|        scalar|
|p_read54                      |   in|   16|     ap_none|                                p_read54|        scalar|
|p_read53                      |   in|   16|     ap_none|                                p_read53|        scalar|
|p_read52                      |   in|   16|     ap_none|                                p_read52|        scalar|
|p_read51                      |   in|   16|     ap_none|                                p_read51|        scalar|
|p_read50                      |   in|   16|     ap_none|                                p_read50|        scalar|
|p_read49                      |   in|   16|     ap_none|                                p_read49|        scalar|
|p_read48                      |   in|   16|     ap_none|                                p_read48|        scalar|
|p_read47                      |   in|   16|     ap_none|                                p_read47|        scalar|
|p_read46                      |   in|   16|     ap_none|                                p_read46|        scalar|
|p_read45                      |   in|   16|     ap_none|                                p_read45|        scalar|
|p_read44                      |   in|   16|     ap_none|                                p_read44|        scalar|
|p_read43                      |   in|   16|     ap_none|                                p_read43|        scalar|
|p_read42                      |   in|   16|     ap_none|                                p_read42|        scalar|
|p_read41                      |   in|   16|     ap_none|                                p_read41|        scalar|
|p_read40                      |   in|   16|     ap_none|                                p_read40|        scalar|
|p_read39                      |   in|   16|     ap_none|                                p_read39|        scalar|
|p_read38                      |   in|   16|     ap_none|                                p_read38|        scalar|
|p_read37                      |   in|   16|     ap_none|                                p_read37|        scalar|
|p_read36                      |   in|   16|     ap_none|                                p_read36|        scalar|
|p_read35                      |   in|   16|     ap_none|                                p_read35|        scalar|
|p_read34                      |   in|   16|     ap_none|                                p_read34|        scalar|
|p_read33                      |   in|   16|     ap_none|                                p_read33|        scalar|
|p_read32                      |   in|   16|     ap_none|                                p_read32|        scalar|
|p_read31                      |   in|   16|     ap_none|                                p_read31|        scalar|
|p_read30                      |   in|   16|     ap_none|                                p_read30|        scalar|
|p_read29                      |   in|   16|     ap_none|                                p_read29|        scalar|
|p_read28                      |   in|   16|     ap_none|                                p_read28|        scalar|
|p_read27                      |   in|   16|     ap_none|                                p_read27|        scalar|
|p_read26                      |   in|   16|     ap_none|                                p_read26|        scalar|
|p_read25                      |   in|   16|     ap_none|                                p_read25|        scalar|
|p_read24                      |   in|   16|     ap_none|                                p_read24|        scalar|
|p_read23                      |   in|   16|     ap_none|                                p_read23|        scalar|
|p_read22                      |   in|   16|     ap_none|                                p_read22|        scalar|
|p_read21                      |   in|   16|     ap_none|                                p_read21|        scalar|
|p_read20                      |   in|   16|     ap_none|                                p_read20|        scalar|
|p_read19                      |   in|   16|     ap_none|                                p_read19|        scalar|
|p_read18                      |   in|   16|     ap_none|                                p_read18|        scalar|
|p_read17                      |   in|   16|     ap_none|                                p_read17|        scalar|
|p_read16                      |   in|   16|     ap_none|                                p_read16|        scalar|
|p_read15                      |   in|   16|     ap_none|                                p_read15|        scalar|
|p_read14                      |   in|   16|     ap_none|                                p_read14|        scalar|
|p_read13                      |   in|   16|     ap_none|                                p_read13|        scalar|
|p_read12                      |   in|   16|     ap_none|                                p_read12|        scalar|
|p_read11                      |   in|   16|     ap_none|                                p_read11|        scalar|
|p_read10                      |   in|   16|     ap_none|                                p_read10|        scalar|
|p_read9                       |   in|   16|     ap_none|                                 p_read9|        scalar|
|p_read8                       |   in|   16|     ap_none|                                 p_read8|        scalar|
|p_read7                       |   in|   16|     ap_none|                                 p_read7|        scalar|
|p_read6                       |   in|   16|     ap_none|                                 p_read6|        scalar|
|p_read5                       |   in|   16|     ap_none|                                 p_read5|        scalar|
|p_read4                       |   in|   16|     ap_none|                                 p_read4|        scalar|
|p_read3                       |   in|   16|     ap_none|                                 p_read3|        scalar|
|p_read2                       |   in|   16|     ap_none|                                 p_read2|        scalar|
|p_read1                       |   in|   16|     ap_none|                                 p_read1|        scalar|
|p_read                        |   in|   16|     ap_none|                                  p_read|        scalar|
|wide_trip_count               |   in|    4|     ap_none|                         wide_trip_count|        scalar|
|sext_ln81                     |   in|   32|     ap_none|                               sext_ln81|        scalar|
|a_row_major_0_address0        |  out|    3|   ap_memory|                           a_row_major_0|         array|
|a_row_major_0_ce0             |  out|    1|   ap_memory|                           a_row_major_0|         array|
|a_row_major_0_q0              |   in|    8|   ap_memory|                           a_row_major_0|         array|
|a_row_major_1_address0        |  out|    3|   ap_memory|                           a_row_major_1|         array|
|a_row_major_1_ce0             |  out|    1|   ap_memory|                           a_row_major_1|         array|
|a_row_major_1_q0              |   in|    8|   ap_memory|                           a_row_major_1|         array|
|a_row_major_2_address0        |  out|    3|   ap_memory|                           a_row_major_2|         array|
|a_row_major_2_ce0             |  out|    1|   ap_memory|                           a_row_major_2|         array|
|a_row_major_2_q0              |   in|    8|   ap_memory|                           a_row_major_2|         array|
|a_row_major_3_address0        |  out|    3|   ap_memory|                           a_row_major_3|         array|
|a_row_major_3_ce0             |  out|    1|   ap_memory|                           a_row_major_3|         array|
|a_row_major_3_q0              |   in|    8|   ap_memory|                           a_row_major_3|         array|
|a_row_major_4_address0        |  out|    3|   ap_memory|                           a_row_major_4|         array|
|a_row_major_4_ce0             |  out|    1|   ap_memory|                           a_row_major_4|         array|
|a_row_major_4_q0              |   in|    8|   ap_memory|                           a_row_major_4|         array|
|a_row_major_5_address0        |  out|    3|   ap_memory|                           a_row_major_5|         array|
|a_row_major_5_ce0             |  out|    1|   ap_memory|                           a_row_major_5|         array|
|a_row_major_5_q0              |   in|    8|   ap_memory|                           a_row_major_5|         array|
|a_row_major_6_address0        |  out|    3|   ap_memory|                           a_row_major_6|         array|
|a_row_major_6_ce0             |  out|    1|   ap_memory|                           a_row_major_6|         array|
|a_row_major_6_q0              |   in|    8|   ap_memory|                           a_row_major_6|         array|
|a_row_major_7_address0        |  out|    3|   ap_memory|                           a_row_major_7|         array|
|a_row_major_7_ce0             |  out|    1|   ap_memory|                           a_row_major_7|         array|
|a_row_major_7_q0              |   in|    8|   ap_memory|                           a_row_major_7|         array|
|cmp9_not                      |   in|    1|     ap_none|                                cmp9_not|        scalar|
|cmp15                         |   in|    1|     ap_none|                                   cmp15|        scalar|
|b_row_major_0_address0        |  out|    3|   ap_memory|                           b_row_major_0|         array|
|b_row_major_0_ce0             |  out|    1|   ap_memory|                           b_row_major_0|         array|
|b_row_major_0_q0              |   in|    8|   ap_memory|                           b_row_major_0|         array|
|icmp                          |   in|    1|     ap_none|                                    icmp|        scalar|
|b_row_major_1_address0        |  out|    3|   ap_memory|                           b_row_major_1|         array|
|b_row_major_1_ce0             |  out|    1|   ap_memory|                           b_row_major_1|         array|
|b_row_major_1_q0              |   in|    8|   ap_memory|                           b_row_major_1|         array|
|cmp15_240                     |   in|    1|     ap_none|                               cmp15_240|        scalar|
|b_row_major_2_address0        |  out|    3|   ap_memory|                           b_row_major_2|         array|
|b_row_major_2_ce0             |  out|    1|   ap_memory|                           b_row_major_2|         array|
|b_row_major_2_q0              |   in|    8|   ap_memory|                           b_row_major_2|         array|
|icmp3                         |   in|    1|     ap_none|                                   icmp3|        scalar|
|b_row_major_3_address0        |  out|    3|   ap_memory|                           b_row_major_3|         array|
|b_row_major_3_ce0             |  out|    1|   ap_memory|                           b_row_major_3|         array|
|b_row_major_3_q0              |   in|    8|   ap_memory|                           b_row_major_3|         array|
|cmp15_496                     |   in|    1|     ap_none|                               cmp15_496|        scalar|
|b_row_major_4_address0        |  out|    3|   ap_memory|                           b_row_major_4|         array|
|b_row_major_4_ce0             |  out|    1|   ap_memory|                           b_row_major_4|         array|
|b_row_major_4_q0              |   in|    8|   ap_memory|                           b_row_major_4|         array|
|cmp15_5124                    |   in|    1|     ap_none|                              cmp15_5124|        scalar|
|b_row_major_5_address0        |  out|    3|   ap_memory|                           b_row_major_5|         array|
|b_row_major_5_ce0             |  out|    1|   ap_memory|                           b_row_major_5|         array|
|b_row_major_5_q0              |   in|    8|   ap_memory|                           b_row_major_5|         array|
|cmp15_6152                    |   in|    1|     ap_none|                              cmp15_6152|        scalar|
|b_row_major_6_address0        |  out|    3|   ap_memory|                           b_row_major_6|         array|
|b_row_major_6_ce0             |  out|    1|   ap_memory|                           b_row_major_6|         array|
|b_row_major_6_q0              |   in|    8|   ap_memory|                           b_row_major_6|         array|
|icmp6                         |   in|    1|     ap_none|                                   icmp6|        scalar|
|b_row_major_7_address0        |  out|    3|   ap_memory|                           b_row_major_7|         array|
|b_row_major_7_ce0             |  out|    1|   ap_memory|                           b_row_major_7|         array|
|b_row_major_7_q0              |   in|    8|   ap_memory|                           b_row_major_7|         array|
|icmp9                         |   in|    1|     ap_none|                                   icmp9|        scalar|
|cmp9_2_not                    |   in|    1|     ap_none|                              cmp9_2_not|        scalar|
|icmp12                        |   in|    1|     ap_none|                                  icmp12|        scalar|
|cmp9_4_not                    |   in|    1|     ap_none|                              cmp9_4_not|        scalar|
|cmp9_5_not                    |   in|    1|     ap_none|                              cmp9_5_not|        scalar|
|cmp9_6_not                    |   in|    1|     ap_none|                              cmp9_6_not|        scalar|
|icmp15                        |   in|    1|     ap_none|                                  icmp15|        scalar|
|c_row_major_7_7_0_out         |  out|   16|      ap_vld|                   c_row_major_7_7_0_out|       pointer|
|c_row_major_7_7_0_out_ap_vld  |  out|    1|      ap_vld|                   c_row_major_7_7_0_out|       pointer|
|c_row_major_7_6_0_out         |  out|   16|      ap_vld|                   c_row_major_7_6_0_out|       pointer|
|c_row_major_7_6_0_out_ap_vld  |  out|    1|      ap_vld|                   c_row_major_7_6_0_out|       pointer|
|c_row_major_7_5_0_out         |  out|   16|      ap_vld|                   c_row_major_7_5_0_out|       pointer|
|c_row_major_7_5_0_out_ap_vld  |  out|    1|      ap_vld|                   c_row_major_7_5_0_out|       pointer|
|c_row_major_7_4_0_out         |  out|   16|      ap_vld|                   c_row_major_7_4_0_out|       pointer|
|c_row_major_7_4_0_out_ap_vld  |  out|    1|      ap_vld|                   c_row_major_7_4_0_out|       pointer|
|c_row_major_7_3_0_out         |  out|   16|      ap_vld|                   c_row_major_7_3_0_out|       pointer|
|c_row_major_7_3_0_out_ap_vld  |  out|    1|      ap_vld|                   c_row_major_7_3_0_out|       pointer|
|c_row_major_7_2_0_out         |  out|   16|      ap_vld|                   c_row_major_7_2_0_out|       pointer|
|c_row_major_7_2_0_out_ap_vld  |  out|    1|      ap_vld|                   c_row_major_7_2_0_out|       pointer|
|c_row_major_7_1_0_out         |  out|   16|      ap_vld|                   c_row_major_7_1_0_out|       pointer|
|c_row_major_7_1_0_out_ap_vld  |  out|    1|      ap_vld|                   c_row_major_7_1_0_out|       pointer|
|c_row_major_7_0_0_out         |  out|   16|      ap_vld|                   c_row_major_7_0_0_out|       pointer|
|c_row_major_7_0_0_out_ap_vld  |  out|    1|      ap_vld|                   c_row_major_7_0_0_out|       pointer|
|c_row_major_6_7_0_out         |  out|   16|      ap_vld|                   c_row_major_6_7_0_out|       pointer|
|c_row_major_6_7_0_out_ap_vld  |  out|    1|      ap_vld|                   c_row_major_6_7_0_out|       pointer|
|c_row_major_6_6_0_out         |  out|   16|      ap_vld|                   c_row_major_6_6_0_out|       pointer|
|c_row_major_6_6_0_out_ap_vld  |  out|    1|      ap_vld|                   c_row_major_6_6_0_out|       pointer|
|c_row_major_6_5_0_out         |  out|   16|      ap_vld|                   c_row_major_6_5_0_out|       pointer|
|c_row_major_6_5_0_out_ap_vld  |  out|    1|      ap_vld|                   c_row_major_6_5_0_out|       pointer|
|c_row_major_6_4_0_out         |  out|   16|      ap_vld|                   c_row_major_6_4_0_out|       pointer|
|c_row_major_6_4_0_out_ap_vld  |  out|    1|      ap_vld|                   c_row_major_6_4_0_out|       pointer|
|c_row_major_6_3_0_out         |  out|   16|      ap_vld|                   c_row_major_6_3_0_out|       pointer|
|c_row_major_6_3_0_out_ap_vld  |  out|    1|      ap_vld|                   c_row_major_6_3_0_out|       pointer|
|c_row_major_6_2_0_out         |  out|   16|      ap_vld|                   c_row_major_6_2_0_out|       pointer|
|c_row_major_6_2_0_out_ap_vld  |  out|    1|      ap_vld|                   c_row_major_6_2_0_out|       pointer|
|c_row_major_6_1_0_out         |  out|   16|      ap_vld|                   c_row_major_6_1_0_out|       pointer|
|c_row_major_6_1_0_out_ap_vld  |  out|    1|      ap_vld|                   c_row_major_6_1_0_out|       pointer|
|c_row_major_6_0_0_out         |  out|   16|      ap_vld|                   c_row_major_6_0_0_out|       pointer|
|c_row_major_6_0_0_out_ap_vld  |  out|    1|      ap_vld|                   c_row_major_6_0_0_out|       pointer|
|c_row_major_5_7_0_out         |  out|   16|      ap_vld|                   c_row_major_5_7_0_out|       pointer|
|c_row_major_5_7_0_out_ap_vld  |  out|    1|      ap_vld|                   c_row_major_5_7_0_out|       pointer|
|c_row_major_5_6_0_out         |  out|   16|      ap_vld|                   c_row_major_5_6_0_out|       pointer|
|c_row_major_5_6_0_out_ap_vld  |  out|    1|      ap_vld|                   c_row_major_5_6_0_out|       pointer|
|c_row_major_5_5_0_out         |  out|   16|      ap_vld|                   c_row_major_5_5_0_out|       pointer|
|c_row_major_5_5_0_out_ap_vld  |  out|    1|      ap_vld|                   c_row_major_5_5_0_out|       pointer|
|c_row_major_5_4_0_out         |  out|   16|      ap_vld|                   c_row_major_5_4_0_out|       pointer|
|c_row_major_5_4_0_out_ap_vld  |  out|    1|      ap_vld|                   c_row_major_5_4_0_out|       pointer|
|c_row_major_5_3_0_out         |  out|   16|      ap_vld|                   c_row_major_5_3_0_out|       pointer|
|c_row_major_5_3_0_out_ap_vld  |  out|    1|      ap_vld|                   c_row_major_5_3_0_out|       pointer|
|c_row_major_5_2_0_out         |  out|   16|      ap_vld|                   c_row_major_5_2_0_out|       pointer|
|c_row_major_5_2_0_out_ap_vld  |  out|    1|      ap_vld|                   c_row_major_5_2_0_out|       pointer|
|c_row_major_5_1_0_out         |  out|   16|      ap_vld|                   c_row_major_5_1_0_out|       pointer|
|c_row_major_5_1_0_out_ap_vld  |  out|    1|      ap_vld|                   c_row_major_5_1_0_out|       pointer|
|c_row_major_5_0_0_out         |  out|   16|      ap_vld|                   c_row_major_5_0_0_out|       pointer|
|c_row_major_5_0_0_out_ap_vld  |  out|    1|      ap_vld|                   c_row_major_5_0_0_out|       pointer|
|c_row_major_4_7_0_out         |  out|   16|      ap_vld|                   c_row_major_4_7_0_out|       pointer|
|c_row_major_4_7_0_out_ap_vld  |  out|    1|      ap_vld|                   c_row_major_4_7_0_out|       pointer|
|c_row_major_4_6_0_out         |  out|   16|      ap_vld|                   c_row_major_4_6_0_out|       pointer|
|c_row_major_4_6_0_out_ap_vld  |  out|    1|      ap_vld|                   c_row_major_4_6_0_out|       pointer|
|c_row_major_4_5_0_out         |  out|   16|      ap_vld|                   c_row_major_4_5_0_out|       pointer|
|c_row_major_4_5_0_out_ap_vld  |  out|    1|      ap_vld|                   c_row_major_4_5_0_out|       pointer|
|c_row_major_4_4_0_out         |  out|   16|      ap_vld|                   c_row_major_4_4_0_out|       pointer|
|c_row_major_4_4_0_out_ap_vld  |  out|    1|      ap_vld|                   c_row_major_4_4_0_out|       pointer|
|c_row_major_4_3_0_out         |  out|   16|      ap_vld|                   c_row_major_4_3_0_out|       pointer|
|c_row_major_4_3_0_out_ap_vld  |  out|    1|      ap_vld|                   c_row_major_4_3_0_out|       pointer|
|c_row_major_4_2_0_out         |  out|   16|      ap_vld|                   c_row_major_4_2_0_out|       pointer|
|c_row_major_4_2_0_out_ap_vld  |  out|    1|      ap_vld|                   c_row_major_4_2_0_out|       pointer|
|c_row_major_4_1_0_out         |  out|   16|      ap_vld|                   c_row_major_4_1_0_out|       pointer|
|c_row_major_4_1_0_out_ap_vld  |  out|    1|      ap_vld|                   c_row_major_4_1_0_out|       pointer|
|c_row_major_4_0_0_out         |  out|   16|      ap_vld|                   c_row_major_4_0_0_out|       pointer|
|c_row_major_4_0_0_out_ap_vld  |  out|    1|      ap_vld|                   c_row_major_4_0_0_out|       pointer|
|c_row_major_3_7_0_out         |  out|   16|      ap_vld|                   c_row_major_3_7_0_out|       pointer|
|c_row_major_3_7_0_out_ap_vld  |  out|    1|      ap_vld|                   c_row_major_3_7_0_out|       pointer|
|c_row_major_3_6_0_out         |  out|   16|      ap_vld|                   c_row_major_3_6_0_out|       pointer|
|c_row_major_3_6_0_out_ap_vld  |  out|    1|      ap_vld|                   c_row_major_3_6_0_out|       pointer|
|c_row_major_3_5_0_out         |  out|   16|      ap_vld|                   c_row_major_3_5_0_out|       pointer|
|c_row_major_3_5_0_out_ap_vld  |  out|    1|      ap_vld|                   c_row_major_3_5_0_out|       pointer|
|c_row_major_3_4_0_out         |  out|   16|      ap_vld|                   c_row_major_3_4_0_out|       pointer|
|c_row_major_3_4_0_out_ap_vld  |  out|    1|      ap_vld|                   c_row_major_3_4_0_out|       pointer|
|c_row_major_3_3_0_out         |  out|   16|      ap_vld|                   c_row_major_3_3_0_out|       pointer|
|c_row_major_3_3_0_out_ap_vld  |  out|    1|      ap_vld|                   c_row_major_3_3_0_out|       pointer|
|c_row_major_3_2_0_out         |  out|   16|      ap_vld|                   c_row_major_3_2_0_out|       pointer|
|c_row_major_3_2_0_out_ap_vld  |  out|    1|      ap_vld|                   c_row_major_3_2_0_out|       pointer|
|c_row_major_3_1_0_out         |  out|   16|      ap_vld|                   c_row_major_3_1_0_out|       pointer|
|c_row_major_3_1_0_out_ap_vld  |  out|    1|      ap_vld|                   c_row_major_3_1_0_out|       pointer|
|c_row_major_3_0_0_out         |  out|   16|      ap_vld|                   c_row_major_3_0_0_out|       pointer|
|c_row_major_3_0_0_out_ap_vld  |  out|    1|      ap_vld|                   c_row_major_3_0_0_out|       pointer|
|c_row_major_2_7_0_out         |  out|   16|      ap_vld|                   c_row_major_2_7_0_out|       pointer|
|c_row_major_2_7_0_out_ap_vld  |  out|    1|      ap_vld|                   c_row_major_2_7_0_out|       pointer|
|c_row_major_2_6_0_out         |  out|   16|      ap_vld|                   c_row_major_2_6_0_out|       pointer|
|c_row_major_2_6_0_out_ap_vld  |  out|    1|      ap_vld|                   c_row_major_2_6_0_out|       pointer|
|c_row_major_2_5_0_out         |  out|   16|      ap_vld|                   c_row_major_2_5_0_out|       pointer|
|c_row_major_2_5_0_out_ap_vld  |  out|    1|      ap_vld|                   c_row_major_2_5_0_out|       pointer|
|c_row_major_2_4_0_out         |  out|   16|      ap_vld|                   c_row_major_2_4_0_out|       pointer|
|c_row_major_2_4_0_out_ap_vld  |  out|    1|      ap_vld|                   c_row_major_2_4_0_out|       pointer|
|c_row_major_2_3_0_out         |  out|   16|      ap_vld|                   c_row_major_2_3_0_out|       pointer|
|c_row_major_2_3_0_out_ap_vld  |  out|    1|      ap_vld|                   c_row_major_2_3_0_out|       pointer|
|c_row_major_2_2_0_out         |  out|   16|      ap_vld|                   c_row_major_2_2_0_out|       pointer|
|c_row_major_2_2_0_out_ap_vld  |  out|    1|      ap_vld|                   c_row_major_2_2_0_out|       pointer|
|c_row_major_2_1_0_out         |  out|   16|      ap_vld|                   c_row_major_2_1_0_out|       pointer|
|c_row_major_2_1_0_out_ap_vld  |  out|    1|      ap_vld|                   c_row_major_2_1_0_out|       pointer|
|c_row_major_2_0_0_out         |  out|   16|      ap_vld|                   c_row_major_2_0_0_out|       pointer|
|c_row_major_2_0_0_out_ap_vld  |  out|    1|      ap_vld|                   c_row_major_2_0_0_out|       pointer|
|c_row_major_1_7_0_out         |  out|   16|      ap_vld|                   c_row_major_1_7_0_out|       pointer|
|c_row_major_1_7_0_out_ap_vld  |  out|    1|      ap_vld|                   c_row_major_1_7_0_out|       pointer|
|c_row_major_1_6_0_out         |  out|   16|      ap_vld|                   c_row_major_1_6_0_out|       pointer|
|c_row_major_1_6_0_out_ap_vld  |  out|    1|      ap_vld|                   c_row_major_1_6_0_out|       pointer|
|c_row_major_1_5_0_out         |  out|   16|      ap_vld|                   c_row_major_1_5_0_out|       pointer|
|c_row_major_1_5_0_out_ap_vld  |  out|    1|      ap_vld|                   c_row_major_1_5_0_out|       pointer|
|c_row_major_1_4_0_out         |  out|   16|      ap_vld|                   c_row_major_1_4_0_out|       pointer|
|c_row_major_1_4_0_out_ap_vld  |  out|    1|      ap_vld|                   c_row_major_1_4_0_out|       pointer|
|c_row_major_1_3_0_out         |  out|   16|      ap_vld|                   c_row_major_1_3_0_out|       pointer|
|c_row_major_1_3_0_out_ap_vld  |  out|    1|      ap_vld|                   c_row_major_1_3_0_out|       pointer|
|c_row_major_1_2_0_out         |  out|   16|      ap_vld|                   c_row_major_1_2_0_out|       pointer|
|c_row_major_1_2_0_out_ap_vld  |  out|    1|      ap_vld|                   c_row_major_1_2_0_out|       pointer|
|c_row_major_1_1_0_out         |  out|   16|      ap_vld|                   c_row_major_1_1_0_out|       pointer|
|c_row_major_1_1_0_out_ap_vld  |  out|    1|      ap_vld|                   c_row_major_1_1_0_out|       pointer|
|c_row_major_1_0_0_out         |  out|   16|      ap_vld|                   c_row_major_1_0_0_out|       pointer|
|c_row_major_1_0_0_out_ap_vld  |  out|    1|      ap_vld|                   c_row_major_1_0_0_out|       pointer|
|c_row_major_0_7_0_out         |  out|   16|      ap_vld|                   c_row_major_0_7_0_out|       pointer|
|c_row_major_0_7_0_out_ap_vld  |  out|    1|      ap_vld|                   c_row_major_0_7_0_out|       pointer|
|c_row_major_0_6_0_out         |  out|   16|      ap_vld|                   c_row_major_0_6_0_out|       pointer|
|c_row_major_0_6_0_out_ap_vld  |  out|    1|      ap_vld|                   c_row_major_0_6_0_out|       pointer|
|c_row_major_0_5_0_out         |  out|   16|      ap_vld|                   c_row_major_0_5_0_out|       pointer|
|c_row_major_0_5_0_out_ap_vld  |  out|    1|      ap_vld|                   c_row_major_0_5_0_out|       pointer|
|c_row_major_0_4_0_out         |  out|   16|      ap_vld|                   c_row_major_0_4_0_out|       pointer|
|c_row_major_0_4_0_out_ap_vld  |  out|    1|      ap_vld|                   c_row_major_0_4_0_out|       pointer|
|c_row_major_0_3_0_out         |  out|   16|      ap_vld|                   c_row_major_0_3_0_out|       pointer|
|c_row_major_0_3_0_out_ap_vld  |  out|    1|      ap_vld|                   c_row_major_0_3_0_out|       pointer|
|c_row_major_0_2_0_out         |  out|   16|      ap_vld|                   c_row_major_0_2_0_out|       pointer|
|c_row_major_0_2_0_out_ap_vld  |  out|    1|      ap_vld|                   c_row_major_0_2_0_out|       pointer|
|c_row_major_0_1_0_out         |  out|   16|      ap_vld|                   c_row_major_0_1_0_out|       pointer|
|c_row_major_0_1_0_out_ap_vld  |  out|    1|      ap_vld|                   c_row_major_0_1_0_out|       pointer|
|c_row_major_0_0_0_out         |  out|   16|      ap_vld|                   c_row_major_0_0_0_out|       pointer|
|c_row_major_0_0_0_out_ap_vld  |  out|    1|      ap_vld|                   c_row_major_0_0_0_out|       pointer|
+------------------------------+-----+-----+------------+----------------------------------------+--------------+

============================================================
+ Verbose Summary: Synthesis Manager
============================================================
InlineROM: 1
ExposeGlobal: 0
============================================================
+ Verbose Summary: CDFG Model
============================================================
IsTopModel: 0
ResetActiveHigh: 1
IsCombinational: 2
IsDatapathOnly: 2
HasWiredReturn: 1
HasMFsm: 2
HasVarLatency: 1
IsPipeline: 0
IsRtlPipelined: 0
IsInstanceOverlapped: 0
IsDontTouch: 0
HasImplIP: 0
IsGatedGlobalClock: 0

+ Individual pipeline summary: 
  * Pipeline-0: initiation interval (II) = 1, depth = 6


============================================================
+ Verbose Summary: Schedule
============================================================
* Number of FSM states : 6
* Pipeline : 1
  Pipeline-0 : II = 1, D = 6, States = { 1 2 3 4 5 6 }
* Dataflow Pipeline: 0

* FSM state transitions: 
1 --> 2 
2 --> 3 
3 --> 4 
4 --> 5 
5 --> 6 
6 --> 

* FSM state operations: 

State 1 <SV = 0> <Delay = 0.42>
ST_1 : Operation 8 [1/1] (0.00ns)   --->   "%c_row_major_0_0_0 = alloca i32 1"   --->   Operation 8 'alloca' 'c_row_major_0_0_0' <Predicate = true> <Delay = 0.00>
ST_1 : Operation 9 [1/1] (0.00ns)   --->   "%c_row_major_0_1_0 = alloca i32 1"   --->   Operation 9 'alloca' 'c_row_major_0_1_0' <Predicate = true> <Delay = 0.00>
ST_1 : Operation 10 [1/1] (0.00ns)   --->   "%c_row_major_0_2_0 = alloca i32 1"   --->   Operation 10 'alloca' 'c_row_major_0_2_0' <Predicate = true> <Delay = 0.00>
ST_1 : Operation 11 [1/1] (0.00ns)   --->   "%c_row_major_0_3_0 = alloca i32 1"   --->   Operation 11 'alloca' 'c_row_major_0_3_0' <Predicate = true> <Delay = 0.00>
ST_1 : Operation 12 [1/1] (0.00ns)   --->   "%c_row_major_0_4_0 = alloca i32 1"   --->   Operation 12 'alloca' 'c_row_major_0_4_0' <Predicate = true> <Delay = 0.00>
ST_1 : Operation 13 [1/1] (0.00ns)   --->   "%c_row_major_0_5_0 = alloca i32 1"   --->   Operation 13 'alloca' 'c_row_major_0_5_0' <Predicate = true> <Delay = 0.00>
ST_1 : Operation 14 [1/1] (0.00ns)   --->   "%c_row_major_0_6_0 = alloca i32 1"   --->   Operation 14 'alloca' 'c_row_major_0_6_0' <Predicate = true> <Delay = 0.00>
ST_1 : Operation 15 [1/1] (0.00ns)   --->   "%c_row_major_0_7_0 = alloca i32 1"   --->   Operation 15 'alloca' 'c_row_major_0_7_0' <Predicate = true> <Delay = 0.00>
ST_1 : Operation 16 [1/1] (0.00ns)   --->   "%c_row_major_1_0_0 = alloca i32 1"   --->   Operation 16 'alloca' 'c_row_major_1_0_0' <Predicate = true> <Delay = 0.00>
ST_1 : Operation 17 [1/1] (0.00ns)   --->   "%c_row_major_1_1_0 = alloca i32 1"   --->   Operation 17 'alloca' 'c_row_major_1_1_0' <Predicate = true> <Delay = 0.00>
ST_1 : Operation 18 [1/1] (0.00ns)   --->   "%c_row_major_1_2_0 = alloca i32 1"   --->   Operation 18 'alloca' 'c_row_major_1_2_0' <Predicate = true> <Delay = 0.00>
ST_1 : Operation 19 [1/1] (0.00ns)   --->   "%c_row_major_1_3_0 = alloca i32 1"   --->   Operation 19 'alloca' 'c_row_major_1_3_0' <Predicate = true> <Delay = 0.00>
ST_1 : Operation 20 [1/1] (0.00ns)   --->   "%c_row_major_1_4_0 = alloca i32 1"   --->   Operation 20 'alloca' 'c_row_major_1_4_0' <Predicate = true> <Delay = 0.00>
ST_1 : Operation 21 [1/1] (0.00ns)   --->   "%c_row_major_1_5_0 = alloca i32 1"   --->   Operation 21 'alloca' 'c_row_major_1_5_0' <Predicate = true> <Delay = 0.00>
ST_1 : Operation 22 [1/1] (0.00ns)   --->   "%c_row_major_1_6_0 = alloca i32 1"   --->   Operation 22 'alloca' 'c_row_major_1_6_0' <Predicate = true> <Delay = 0.00>
ST_1 : Operation 23 [1/1] (0.00ns)   --->   "%c_row_major_1_7_0 = alloca i32 1"   --->   Operation 23 'alloca' 'c_row_major_1_7_0' <Predicate = true> <Delay = 0.00>
ST_1 : Operation 24 [1/1] (0.00ns)   --->   "%c_row_major_2_0_0 = alloca i32 1"   --->   Operation 24 'alloca' 'c_row_major_2_0_0' <Predicate = true> <Delay = 0.00>
ST_1 : Operation 25 [1/1] (0.00ns)   --->   "%c_row_major_2_1_0 = alloca i32 1"   --->   Operation 25 'alloca' 'c_row_major_2_1_0' <Predicate = true> <Delay = 0.00>
ST_1 : Operation 26 [1/1] (0.00ns)   --->   "%c_row_major_2_2_0 = alloca i32 1"   --->   Operation 26 'alloca' 'c_row_major_2_2_0' <Predicate = true> <Delay = 0.00>
ST_1 : Operation 27 [1/1] (0.00ns)   --->   "%c_row_major_2_3_0 = alloca i32 1"   --->   Operation 27 'alloca' 'c_row_major_2_3_0' <Predicate = true> <Delay = 0.00>
ST_1 : Operation 28 [1/1] (0.00ns)   --->   "%c_row_major_2_4_0 = alloca i32 1"   --->   Operation 28 'alloca' 'c_row_major_2_4_0' <Predicate = true> <Delay = 0.00>
ST_1 : Operation 29 [1/1] (0.00ns)   --->   "%c_row_major_2_5_0 = alloca i32 1"   --->   Operation 29 'alloca' 'c_row_major_2_5_0' <Predicate = true> <Delay = 0.00>
ST_1 : Operation 30 [1/1] (0.00ns)   --->   "%c_row_major_2_6_0 = alloca i32 1"   --->   Operation 30 'alloca' 'c_row_major_2_6_0' <Predicate = true> <Delay = 0.00>
ST_1 : Operation 31 [1/1] (0.00ns)   --->   "%c_row_major_2_7_0 = alloca i32 1"   --->   Operation 31 'alloca' 'c_row_major_2_7_0' <Predicate = true> <Delay = 0.00>
ST_1 : Operation 32 [1/1] (0.00ns)   --->   "%c_row_major_3_0_0 = alloca i32 1"   --->   Operation 32 'alloca' 'c_row_major_3_0_0' <Predicate = true> <Delay = 0.00>
ST_1 : Operation 33 [1/1] (0.00ns)   --->   "%c_row_major_3_1_0 = alloca i32 1"   --->   Operation 33 'alloca' 'c_row_major_3_1_0' <Predicate = true> <Delay = 0.00>
ST_1 : Operation 34 [1/1] (0.00ns)   --->   "%c_row_major_3_2_0 = alloca i32 1"   --->   Operation 34 'alloca' 'c_row_major_3_2_0' <Predicate = true> <Delay = 0.00>
ST_1 : Operation 35 [1/1] (0.00ns)   --->   "%c_row_major_3_3_0 = alloca i32 1"   --->   Operation 35 'alloca' 'c_row_major_3_3_0' <Predicate = true> <Delay = 0.00>
ST_1 : Operation 36 [1/1] (0.00ns)   --->   "%c_row_major_3_4_0 = alloca i32 1"   --->   Operation 36 'alloca' 'c_row_major_3_4_0' <Predicate = true> <Delay = 0.00>
ST_1 : Operation 37 [1/1] (0.00ns)   --->   "%c_row_major_3_5_0 = alloca i32 1"   --->   Operation 37 'alloca' 'c_row_major_3_5_0' <Predicate = true> <Delay = 0.00>
ST_1 : Operation 38 [1/1] (0.00ns)   --->   "%c_row_major_3_6_0 = alloca i32 1"   --->   Operation 38 'alloca' 'c_row_major_3_6_0' <Predicate = true> <Delay = 0.00>
ST_1 : Operation 39 [1/1] (0.00ns)   --->   "%c_row_major_3_7_0 = alloca i32 1"   --->   Operation 39 'alloca' 'c_row_major_3_7_0' <Predicate = true> <Delay = 0.00>
ST_1 : Operation 40 [1/1] (0.00ns)   --->   "%c_row_major_4_0_0 = alloca i32 1"   --->   Operation 40 'alloca' 'c_row_major_4_0_0' <Predicate = true> <Delay = 0.00>
ST_1 : Operation 41 [1/1] (0.00ns)   --->   "%c_row_major_4_1_0 = alloca i32 1"   --->   Operation 41 'alloca' 'c_row_major_4_1_0' <Predicate = true> <Delay = 0.00>
ST_1 : Operation 42 [1/1] (0.00ns)   --->   "%c_row_major_4_2_0 = alloca i32 1"   --->   Operation 42 'alloca' 'c_row_major_4_2_0' <Predicate = true> <Delay = 0.00>
ST_1 : Operation 43 [1/1] (0.00ns)   --->   "%c_row_major_4_3_0 = alloca i32 1"   --->   Operation 43 'alloca' 'c_row_major_4_3_0' <Predicate = true> <Delay = 0.00>
ST_1 : Operation 44 [1/1] (0.00ns)   --->   "%c_row_major_4_4_0 = alloca i32 1"   --->   Operation 44 'alloca' 'c_row_major_4_4_0' <Predicate = true> <Delay = 0.00>
ST_1 : Operation 45 [1/1] (0.00ns)   --->   "%c_row_major_4_5_0 = alloca i32 1"   --->   Operation 45 'alloca' 'c_row_major_4_5_0' <Predicate = true> <Delay = 0.00>
ST_1 : Operation 46 [1/1] (0.00ns)   --->   "%c_row_major_4_6_0 = alloca i32 1"   --->   Operation 46 'alloca' 'c_row_major_4_6_0' <Predicate = true> <Delay = 0.00>
ST_1 : Operation 47 [1/1] (0.00ns)   --->   "%c_row_major_4_7_0 = alloca i32 1"   --->   Operation 47 'alloca' 'c_row_major_4_7_0' <Predicate = true> <Delay = 0.00>
ST_1 : Operation 48 [1/1] (0.00ns)   --->   "%c_row_major_5_0_0 = alloca i32 1"   --->   Operation 48 'alloca' 'c_row_major_5_0_0' <Predicate = true> <Delay = 0.00>
ST_1 : Operation 49 [1/1] (0.00ns)   --->   "%c_row_major_5_1_0 = alloca i32 1"   --->   Operation 49 'alloca' 'c_row_major_5_1_0' <Predicate = true> <Delay = 0.00>
ST_1 : Operation 50 [1/1] (0.00ns)   --->   "%c_row_major_5_2_0 = alloca i32 1"   --->   Operation 50 'alloca' 'c_row_major_5_2_0' <Predicate = true> <Delay = 0.00>
ST_1 : Operation 51 [1/1] (0.00ns)   --->   "%c_row_major_5_3_0 = alloca i32 1"   --->   Operation 51 'alloca' 'c_row_major_5_3_0' <Predicate = true> <Delay = 0.00>
ST_1 : Operation 52 [1/1] (0.00ns)   --->   "%c_row_major_5_4_0 = alloca i32 1"   --->   Operation 52 'alloca' 'c_row_major_5_4_0' <Predicate = true> <Delay = 0.00>
ST_1 : Operation 53 [1/1] (0.00ns)   --->   "%c_row_major_5_5_0 = alloca i32 1"   --->   Operation 53 'alloca' 'c_row_major_5_5_0' <Predicate = true> <Delay = 0.00>
ST_1 : Operation 54 [1/1] (0.00ns)   --->   "%c_row_major_5_6_0 = alloca i32 1"   --->   Operation 54 'alloca' 'c_row_major_5_6_0' <Predicate = true> <Delay = 0.00>
ST_1 : Operation 55 [1/1] (0.00ns)   --->   "%c_row_major_5_7_0 = alloca i32 1"   --->   Operation 55 'alloca' 'c_row_major_5_7_0' <Predicate = true> <Delay = 0.00>
ST_1 : Operation 56 [1/1] (0.00ns)   --->   "%c_row_major_6_0_0 = alloca i32 1"   --->   Operation 56 'alloca' 'c_row_major_6_0_0' <Predicate = true> <Delay = 0.00>
ST_1 : Operation 57 [1/1] (0.00ns)   --->   "%c_row_major_6_1_0 = alloca i32 1"   --->   Operation 57 'alloca' 'c_row_major_6_1_0' <Predicate = true> <Delay = 0.00>
ST_1 : Operation 58 [1/1] (0.00ns)   --->   "%c_row_major_6_2_0 = alloca i32 1"   --->   Operation 58 'alloca' 'c_row_major_6_2_0' <Predicate = true> <Delay = 0.00>
ST_1 : Operation 59 [1/1] (0.00ns)   --->   "%c_row_major_6_3_0 = alloca i32 1"   --->   Operation 59 'alloca' 'c_row_major_6_3_0' <Predicate = true> <Delay = 0.00>
ST_1 : Operation 60 [1/1] (0.00ns)   --->   "%c_row_major_6_4_0 = alloca i32 1"   --->   Operation 60 'alloca' 'c_row_major_6_4_0' <Predicate = true> <Delay = 0.00>
ST_1 : Operation 61 [1/1] (0.00ns)   --->   "%c_row_major_6_5_0 = alloca i32 1"   --->   Operation 61 'alloca' 'c_row_major_6_5_0' <Predicate = true> <Delay = 0.00>
ST_1 : Operation 62 [1/1] (0.00ns)   --->   "%c_row_major_6_6_0 = alloca i32 1"   --->   Operation 62 'alloca' 'c_row_major_6_6_0' <Predicate = true> <Delay = 0.00>
ST_1 : Operation 63 [1/1] (0.00ns)   --->   "%c_row_major_6_7_0 = alloca i32 1"   --->   Operation 63 'alloca' 'c_row_major_6_7_0' <Predicate = true> <Delay = 0.00>
ST_1 : Operation 64 [1/1] (0.00ns)   --->   "%c_row_major_7_0_0 = alloca i32 1"   --->   Operation 64 'alloca' 'c_row_major_7_0_0' <Predicate = true> <Delay = 0.00>
ST_1 : Operation 65 [1/1] (0.00ns)   --->   "%c_row_major_7_1_0 = alloca i32 1"   --->   Operation 65 'alloca' 'c_row_major_7_1_0' <Predicate = true> <Delay = 0.00>
ST_1 : Operation 66 [1/1] (0.00ns)   --->   "%c_row_major_7_2_0 = alloca i32 1"   --->   Operation 66 'alloca' 'c_row_major_7_2_0' <Predicate = true> <Delay = 0.00>
ST_1 : Operation 67 [1/1] (0.00ns)   --->   "%c_row_major_7_3_0 = alloca i32 1"   --->   Operation 67 'alloca' 'c_row_major_7_3_0' <Predicate = true> <Delay = 0.00>
ST_1 : Operation 68 [1/1] (0.00ns)   --->   "%c_row_major_7_4_0 = alloca i32 1"   --->   Operation 68 'alloca' 'c_row_major_7_4_0' <Predicate = true> <Delay = 0.00>
ST_1 : Operation 69 [1/1] (0.00ns)   --->   "%c_row_major_7_5_0 = alloca i32 1"   --->   Operation 69 'alloca' 'c_row_major_7_5_0' <Predicate = true> <Delay = 0.00>
ST_1 : Operation 70 [1/1] (0.00ns)   --->   "%c_row_major_7_6_0 = alloca i32 1"   --->   Operation 70 'alloca' 'c_row_major_7_6_0' <Predicate = true> <Delay = 0.00>
ST_1 : Operation 71 [1/1] (0.00ns)   --->   "%c_row_major_7_7_0 = alloca i32 1"   --->   Operation 71 'alloca' 'c_row_major_7_7_0' <Predicate = true> <Delay = 0.00>
ST_1 : Operation 72 [1/1] (0.00ns)   --->   "%k = alloca i32 1" [mmult.cpp:81]   --->   Operation 72 'alloca' 'k' <Predicate = true> <Delay = 0.00>
ST_1 : Operation 73 [1/1] (0.00ns)   --->   "%icmp15_read = read i1 @_ssdm_op_Read.ap_auto.i1, i1 %icmp15"   --->   Operation 73 'read' 'icmp15_read' <Predicate = true> <Delay = 0.00>
ST_1 : Operation 74 [1/1] (0.00ns)   --->   "%cmp9_6_not_read = read i1 @_ssdm_op_Read.ap_auto.i1, i1 %cmp9_6_not"   --->   Operation 74 'read' 'cmp9_6_not_read' <Predicate = true> <Delay = 0.00>
ST_1 : Operation 75 [1/1] (0.00ns)   --->   "%cmp9_5_not_read = read i1 @_ssdm_op_Read.ap_auto.i1, i1 %cmp9_5_not"   --->   Operation 75 'read' 'cmp9_5_not_read' <Predicate = true> <Delay = 0.00>
ST_1 : Operation 76 [1/1] (0.00ns)   --->   "%cmp9_4_not_read = read i1 @_ssdm_op_Read.ap_auto.i1, i1 %cmp9_4_not"   --->   Operation 76 'read' 'cmp9_4_not_read' <Predicate = true> <Delay = 0.00>
ST_1 : Operation 77 [1/1] (0.00ns)   --->   "%icmp12_read = read i1 @_ssdm_op_Read.ap_auto.i1, i1 %icmp12"   --->   Operation 77 'read' 'icmp12_read' <Predicate = true> <Delay = 0.00>
ST_1 : Operation 78 [1/1] (0.00ns)   --->   "%cmp9_2_not_read = read i1 @_ssdm_op_Read.ap_auto.i1, i1 %cmp9_2_not"   --->   Operation 78 'read' 'cmp9_2_not_read' <Predicate = true> <Delay = 0.00>
ST_1 : Operation 79 [1/1] (0.00ns)   --->   "%icmp9_read = read i1 @_ssdm_op_Read.ap_auto.i1, i1 %icmp9"   --->   Operation 79 'read' 'icmp9_read' <Predicate = true> <Delay = 0.00>
ST_1 : Operation 80 [1/1] (0.00ns)   --->   "%icmp6_read = read i1 @_ssdm_op_Read.ap_auto.i1, i1 %icmp6"   --->   Operation 80 'read' 'icmp6_read' <Predicate = true> <Delay = 0.00>
ST_1 : Operation 81 [1/1] (0.00ns)   --->   "%cmp15_6152_read = read i1 @_ssdm_op_Read.ap_auto.i1, i1 %cmp15_6152"   --->   Operation 81 'read' 'cmp15_6152_read' <Predicate = true> <Delay = 0.00>
ST_1 : Operation 82 [1/1] (0.00ns)   --->   "%cmp15_5124_read = read i1 @_ssdm_op_Read.ap_auto.i1, i1 %cmp15_5124"   --->   Operation 82 'read' 'cmp15_5124_read' <Predicate = true> <Delay = 0.00>
ST_1 : Operation 83 [1/1] (0.00ns)   --->   "%cmp15_496_read = read i1 @_ssdm_op_Read.ap_auto.i1, i1 %cmp15_496"   --->   Operation 83 'read' 'cmp15_496_read' <Predicate = true> <Delay = 0.00>
ST_1 : Operation 84 [1/1] (0.00ns)   --->   "%icmp3_read = read i1 @_ssdm_op_Read.ap_auto.i1, i1 %icmp3"   --->   Operation 84 'read' 'icmp3_read' <Predicate = true> <Delay = 0.00>
ST_1 : Operation 85 [1/1] (0.00ns)   --->   "%cmp15_240_read = read i1 @_ssdm_op_Read.ap_auto.i1, i1 %cmp15_240"   --->   Operation 85 'read' 'cmp15_240_read' <Predicate = true> <Delay = 0.00>
ST_1 : Operation 86 [1/1] (0.00ns)   --->   "%icmp_read = read i1 @_ssdm_op_Read.ap_auto.i1, i1 %icmp"   --->   Operation 86 'read' 'icmp_read' <Predicate = true> <Delay = 0.00>
ST_1 : Operation 87 [1/1] (0.00ns)   --->   "%cmp15_read = read i1 @_ssdm_op_Read.ap_auto.i1, i1 %cmp15"   --->   Operation 87 'read' 'cmp15_read' <Predicate = true> <Delay = 0.00>
ST_1 : Operation 88 [1/1] (0.00ns)   --->   "%cmp9_not_read = read i1 @_ssdm_op_Read.ap_auto.i1, i1 %cmp9_not"   --->   Operation 88 'read' 'cmp9_not_read' <Predicate = true> <Delay = 0.00>
ST_1 : Operation 89 [1/1] (0.00ns)   --->   "%sext_ln81_read = read i32 @_ssdm_op_Read.ap_auto.i32, i32 %sext_ln81"   --->   Operation 89 'read' 'sext_ln81_read' <Predicate = true> <Delay = 0.00>
ST_1 : Operation 90 [1/1] (0.00ns)   --->   "%wide_trip_count_read = read i4 @_ssdm_op_Read.ap_auto.i4, i4 %wide_trip_count"   --->   Operation 90 'read' 'wide_trip_count_read' <Predicate = true> <Delay = 0.00>
ST_1 : Operation 91 [1/1] (0.00ns)   --->   "%p_read_1 = read i16 @_ssdm_op_Read.ap_auto.i16, i16 %p_read"   --->   Operation 91 'read' 'p_read_1' <Predicate = true> <Delay = 0.00>
ST_1 : Operation 92 [1/1] (0.00ns)   --->   "%p_read_2 = read i16 @_ssdm_op_Read.ap_auto.i16, i16 %p_read1"   --->   Operation 92 'read' 'p_read_2' <Predicate = true> <Delay = 0.00>
ST_1 : Operation 93 [1/1] (0.00ns)   --->   "%p_read_3 = read i16 @_ssdm_op_Read.ap_auto.i16, i16 %p_read2"   --->   Operation 93 'read' 'p_read_3' <Predicate = true> <Delay = 0.00>
ST_1 : Operation 94 [1/1] (0.00ns)   --->   "%p_read_4 = read i16 @_ssdm_op_Read.ap_auto.i16, i16 %p_read3"   --->   Operation 94 'read' 'p_read_4' <Predicate = true> <Delay = 0.00>
ST_1 : Operation 95 [1/1] (0.00ns)   --->   "%p_read_5 = read i16 @_ssdm_op_Read.ap_auto.i16, i16 %p_read4"   --->   Operation 95 'read' 'p_read_5' <Predicate = true> <Delay = 0.00>
ST_1 : Operation 96 [1/1] (0.00ns)   --->   "%p_read_6 = read i16 @_ssdm_op_Read.ap_auto.i16, i16 %p_read5"   --->   Operation 96 'read' 'p_read_6' <Predicate = true> <Delay = 0.00>
ST_1 : Operation 97 [1/1] (0.00ns)   --->   "%p_read_7 = read i16 @_ssdm_op_Read.ap_auto.i16, i16 %p_read6"   --->   Operation 97 'read' 'p_read_7' <Predicate = true> <Delay = 0.00>
ST_1 : Operation 98 [1/1] (0.00ns)   --->   "%p_read_8 = read i16 @_ssdm_op_Read.ap_auto.i16, i16 %p_read7"   --->   Operation 98 'read' 'p_read_8' <Predicate = true> <Delay = 0.00>
ST_1 : Operation 99 [1/1] (0.00ns)   --->   "%p_read_9 = read i16 @_ssdm_op_Read.ap_auto.i16, i16 %p_read8"   --->   Operation 99 'read' 'p_read_9' <Predicate = true> <Delay = 0.00>
ST_1 : Operation 100 [1/1] (0.00ns)   --->   "%p_read_10 = read i16 @_ssdm_op_Read.ap_auto.i16, i16 %p_read9"   --->   Operation 100 'read' 'p_read_10' <Predicate = true> <Delay = 0.00>
ST_1 : Operation 101 [1/1] (0.00ns)   --->   "%p_read_11 = read i16 @_ssdm_op_Read.ap_auto.i16, i16 %p_read10"   --->   Operation 101 'read' 'p_read_11' <Predicate = true> <Delay = 0.00>
ST_1 : Operation 102 [1/1] (0.00ns)   --->   "%p_read_12 = read i16 @_ssdm_op_Read.ap_auto.i16, i16 %p_read11"   --->   Operation 102 'read' 'p_read_12' <Predicate = true> <Delay = 0.00>
ST_1 : Operation 103 [1/1] (0.00ns)   --->   "%p_read_13 = read i16 @_ssdm_op_Read.ap_auto.i16, i16 %p_read12"   --->   Operation 103 'read' 'p_read_13' <Predicate = true> <Delay = 0.00>
ST_1 : Operation 104 [1/1] (0.00ns)   --->   "%p_read_14 = read i16 @_ssdm_op_Read.ap_auto.i16, i16 %p_read13"   --->   Operation 104 'read' 'p_read_14' <Predicate = true> <Delay = 0.00>
ST_1 : Operation 105 [1/1] (0.00ns)   --->   "%p_read_15 = read i16 @_ssdm_op_Read.ap_auto.i16, i16 %p_read14"   --->   Operation 105 'read' 'p_read_15' <Predicate = true> <Delay = 0.00>
ST_1 : Operation 106 [1/1] (0.00ns)   --->   "%p_read_16 = read i16 @_ssdm_op_Read.ap_auto.i16, i16 %p_read15"   --->   Operation 106 'read' 'p_read_16' <Predicate = true> <Delay = 0.00>
ST_1 : Operation 107 [1/1] (0.00ns)   --->   "%p_read_17 = read i16 @_ssdm_op_Read.ap_auto.i16, i16 %p_read16"   --->   Operation 107 'read' 'p_read_17' <Predicate = true> <Delay = 0.00>
ST_1 : Operation 108 [1/1] (0.00ns)   --->   "%p_read_18 = read i16 @_ssdm_op_Read.ap_auto.i16, i16 %p_read17"   --->   Operation 108 'read' 'p_read_18' <Predicate = true> <Delay = 0.00>
ST_1 : Operation 109 [1/1] (0.00ns)   --->   "%p_read_19 = read i16 @_ssdm_op_Read.ap_auto.i16, i16 %p_read18"   --->   Operation 109 'read' 'p_read_19' <Predicate = true> <Delay = 0.00>
ST_1 : Operation 110 [1/1] (0.00ns)   --->   "%p_read_20 = read i16 @_ssdm_op_Read.ap_auto.i16, i16 %p_read19"   --->   Operation 110 'read' 'p_read_20' <Predicate = true> <Delay = 0.00>
ST_1 : Operation 111 [1/1] (0.00ns)   --->   "%p_read_21 = read i16 @_ssdm_op_Read.ap_auto.i16, i16 %p_read20"   --->   Operation 111 'read' 'p_read_21' <Predicate = true> <Delay = 0.00>
ST_1 : Operation 112 [1/1] (0.00ns)   --->   "%p_read_22 = read i16 @_ssdm_op_Read.ap_auto.i16, i16 %p_read21"   --->   Operation 112 'read' 'p_read_22' <Predicate = true> <Delay = 0.00>
ST_1 : Operation 113 [1/1] (0.00ns)   --->   "%p_read_23 = read i16 @_ssdm_op_Read.ap_auto.i16, i16 %p_read22"   --->   Operation 113 'read' 'p_read_23' <Predicate = true> <Delay = 0.00>
ST_1 : Operation 114 [1/1] (0.00ns)   --->   "%p_read_24 = read i16 @_ssdm_op_Read.ap_auto.i16, i16 %p_read23"   --->   Operation 114 'read' 'p_read_24' <Predicate = true> <Delay = 0.00>
ST_1 : Operation 115 [1/1] (0.00ns)   --->   "%p_read_25 = read i16 @_ssdm_op_Read.ap_auto.i16, i16 %p_read24"   --->   Operation 115 'read' 'p_read_25' <Predicate = true> <Delay = 0.00>
ST_1 : Operation 116 [1/1] (0.00ns)   --->   "%p_read_26 = read i16 @_ssdm_op_Read.ap_auto.i16, i16 %p_read25"   --->   Operation 116 'read' 'p_read_26' <Predicate = true> <Delay = 0.00>
ST_1 : Operation 117 [1/1] (0.00ns)   --->   "%p_read_27 = read i16 @_ssdm_op_Read.ap_auto.i16, i16 %p_read26"   --->   Operation 117 'read' 'p_read_27' <Predicate = true> <Delay = 0.00>
ST_1 : Operation 118 [1/1] (0.00ns)   --->   "%p_read_28 = read i16 @_ssdm_op_Read.ap_auto.i16, i16 %p_read27"   --->   Operation 118 'read' 'p_read_28' <Predicate = true> <Delay = 0.00>
ST_1 : Operation 119 [1/1] (0.00ns)   --->   "%p_read_29 = read i16 @_ssdm_op_Read.ap_auto.i16, i16 %p_read28"   --->   Operation 119 'read' 'p_read_29' <Predicate = true> <Delay = 0.00>
ST_1 : Operation 120 [1/1] (0.00ns)   --->   "%p_read_30 = read i16 @_ssdm_op_Read.ap_auto.i16, i16 %p_read29"   --->   Operation 120 'read' 'p_read_30' <Predicate = true> <Delay = 0.00>
ST_1 : Operation 121 [1/1] (0.00ns)   --->   "%p_read_31 = read i16 @_ssdm_op_Read.ap_auto.i16, i16 %p_read30"   --->   Operation 121 'read' 'p_read_31' <Predicate = true> <Delay = 0.00>
ST_1 : Operation 122 [1/1] (0.00ns)   --->   "%p_read_32 = read i16 @_ssdm_op_Read.ap_auto.i16, i16 %p_read31"   --->   Operation 122 'read' 'p_read_32' <Predicate = true> <Delay = 0.00>
ST_1 : Operation 123 [1/1] (0.00ns)   --->   "%p_read_33 = read i16 @_ssdm_op_Read.ap_auto.i16, i16 %p_read32"   --->   Operation 123 'read' 'p_read_33' <Predicate = true> <Delay = 0.00>
ST_1 : Operation 124 [1/1] (0.00ns)   --->   "%p_read_34 = read i16 @_ssdm_op_Read.ap_auto.i16, i16 %p_read33"   --->   Operation 124 'read' 'p_read_34' <Predicate = true> <Delay = 0.00>
ST_1 : Operation 125 [1/1] (0.00ns)   --->   "%p_read_35 = read i16 @_ssdm_op_Read.ap_auto.i16, i16 %p_read34"   --->   Operation 125 'read' 'p_read_35' <Predicate = true> <Delay = 0.00>
ST_1 : Operation 126 [1/1] (0.00ns)   --->   "%p_read_36 = read i16 @_ssdm_op_Read.ap_auto.i16, i16 %p_read35"   --->   Operation 126 'read' 'p_read_36' <Predicate = true> <Delay = 0.00>
ST_1 : Operation 127 [1/1] (0.00ns)   --->   "%p_read_37 = read i16 @_ssdm_op_Read.ap_auto.i16, i16 %p_read36"   --->   Operation 127 'read' 'p_read_37' <Predicate = true> <Delay = 0.00>
ST_1 : Operation 128 [1/1] (0.00ns)   --->   "%p_read_38 = read i16 @_ssdm_op_Read.ap_auto.i16, i16 %p_read37"   --->   Operation 128 'read' 'p_read_38' <Predicate = true> <Delay = 0.00>
ST_1 : Operation 129 [1/1] (0.00ns)   --->   "%p_read_39 = read i16 @_ssdm_op_Read.ap_auto.i16, i16 %p_read38"   --->   Operation 129 'read' 'p_read_39' <Predicate = true> <Delay = 0.00>
ST_1 : Operation 130 [1/1] (0.00ns)   --->   "%p_read_40 = read i16 @_ssdm_op_Read.ap_auto.i16, i16 %p_read39"   --->   Operation 130 'read' 'p_read_40' <Predicate = true> <Delay = 0.00>
ST_1 : Operation 131 [1/1] (0.00ns)   --->   "%p_read4028 = read i16 @_ssdm_op_Read.ap_auto.i16, i16 %p_read40"   --->   Operation 131 'read' 'p_read4028' <Predicate = true> <Delay = 0.00>
ST_1 : Operation 132 [1/1] (0.00ns)   --->   "%p_read_41 = read i16 @_ssdm_op_Read.ap_auto.i16, i16 %p_read41"   --->   Operation 132 'read' 'p_read_41' <Predicate = true> <Delay = 0.00>
ST_1 : Operation 133 [1/1] (0.00ns)   --->   "%p_read_42 = read i16 @_ssdm_op_Read.ap_auto.i16, i16 %p_read42"   --->   Operation 133 'read' 'p_read_42' <Predicate = true> <Delay = 0.00>
ST_1 : Operation 134 [1/1] (0.00ns)   --->   "%p_read_43 = read i16 @_ssdm_op_Read.ap_auto.i16, i16 %p_read43"   --->   Operation 134 'read' 'p_read_43' <Predicate = true> <Delay = 0.00>
ST_1 : Operation 135 [1/1] (0.00ns)   --->   "%p_read_44 = read i16 @_ssdm_op_Read.ap_auto.i16, i16 %p_read44"   --->   Operation 135 'read' 'p_read_44' <Predicate = true> <Delay = 0.00>
ST_1 : Operation 136 [1/1] (0.00ns)   --->   "%p_read_45 = read i16 @_ssdm_op_Read.ap_auto.i16, i16 %p_read45"   --->   Operation 136 'read' 'p_read_45' <Predicate = true> <Delay = 0.00>
ST_1 : Operation 137 [1/1] (0.00ns)   --->   "%p_read_46 = read i16 @_ssdm_op_Read.ap_auto.i16, i16 %p_read46"   --->   Operation 137 'read' 'p_read_46' <Predicate = true> <Delay = 0.00>
ST_1 : Operation 138 [1/1] (0.00ns)   --->   "%p_read_47 = read i16 @_ssdm_op_Read.ap_auto.i16, i16 %p_read47"   --->   Operation 138 'read' 'p_read_47' <Predicate = true> <Delay = 0.00>
ST_1 : Operation 139 [1/1] (0.00ns)   --->   "%p_read_48 = read i16 @_ssdm_op_Read.ap_auto.i16, i16 %p_read48"   --->   Operation 139 'read' 'p_read_48' <Predicate = true> <Delay = 0.00>
ST_1 : Operation 140 [1/1] (0.00ns)   --->   "%p_read_49 = read i16 @_ssdm_op_Read.ap_auto.i16, i16 %p_read49"   --->   Operation 140 'read' 'p_read_49' <Predicate = true> <Delay = 0.00>
ST_1 : Operation 141 [1/1] (0.00ns)   --->   "%p_read5018 = read i16 @_ssdm_op_Read.ap_auto.i16, i16 %p_read50"   --->   Operation 141 'read' 'p_read5018' <Predicate = true> <Delay = 0.00>
ST_1 : Operation 142 [1/1] (0.00ns)   --->   "%p_read_50 = read i16 @_ssdm_op_Read.ap_auto.i16, i16 %p_read51"   --->   Operation 142 'read' 'p_read_50' <Predicate = true> <Delay = 0.00>
ST_1 : Operation 143 [1/1] (0.00ns)   --->   "%p_read_51 = read i16 @_ssdm_op_Read.ap_auto.i16, i16 %p_read52"   --->   Operation 143 'read' 'p_read_51' <Predicate = true> <Delay = 0.00>
ST_1 : Operation 144 [1/1] (0.00ns)   --->   "%p_read_52 = read i16 @_ssdm_op_Read.ap_auto.i16, i16 %p_read53"   --->   Operation 144 'read' 'p_read_52' <Predicate = true> <Delay = 0.00>
ST_1 : Operation 145 [1/1] (0.00ns)   --->   "%p_read_53 = read i16 @_ssdm_op_Read.ap_auto.i16, i16 %p_read54"   --->   Operation 145 'read' 'p_read_53' <Predicate = true> <Delay = 0.00>
ST_1 : Operation 146 [1/1] (0.00ns)   --->   "%p_read_54 = read i16 @_ssdm_op_Read.ap_auto.i16, i16 %p_read55"   --->   Operation 146 'read' 'p_read_54' <Predicate = true> <Delay = 0.00>
ST_1 : Operation 147 [1/1] (0.00ns)   --->   "%p_read_55 = read i16 @_ssdm_op_Read.ap_auto.i16, i16 %p_read56"   --->   Operation 147 'read' 'p_read_55' <Predicate = true> <Delay = 0.00>
ST_1 : Operation 148 [1/1] (0.00ns)   --->   "%p_read_56 = read i16 @_ssdm_op_Read.ap_auto.i16, i16 %p_read57"   --->   Operation 148 'read' 'p_read_56' <Predicate = true> <Delay = 0.00>
ST_1 : Operation 149 [1/1] (0.00ns)   --->   "%p_read_57 = read i16 @_ssdm_op_Read.ap_auto.i16, i16 %p_read58"   --->   Operation 149 'read' 'p_read_57' <Predicate = true> <Delay = 0.00>
ST_1 : Operation 150 [1/1] (0.00ns)   --->   "%p_read_58 = read i16 @_ssdm_op_Read.ap_auto.i16, i16 %p_read59"   --->   Operation 150 'read' 'p_read_58' <Predicate = true> <Delay = 0.00>
ST_1 : Operation 151 [1/1] (0.00ns)   --->   "%p_read608 = read i16 @_ssdm_op_Read.ap_auto.i16, i16 %p_read60"   --->   Operation 151 'read' 'p_read608' <Predicate = true> <Delay = 0.00>
ST_1 : Operation 152 [1/1] (0.00ns)   --->   "%p_read617 = read i16 @_ssdm_op_Read.ap_auto.i16, i16 %p_read61"   --->   Operation 152 'read' 'p_read617' <Predicate = true> <Delay = 0.00>
ST_1 : Operation 153 [1/1] (0.00ns)   --->   "%p_read626 = read i16 @_ssdm_op_Read.ap_auto.i16, i16 %p_read62"   --->   Operation 153 'read' 'p_read626' <Predicate = true> <Delay = 0.00>
ST_1 : Operation 154 [1/1] (0.00ns)   --->   "%p_read635 = read i16 @_ssdm_op_Read.ap_auto.i16, i16 %p_read63"   --->   Operation 154 'read' 'p_read635' <Predicate = true> <Delay = 0.00>
ST_1 : Operation 155 [1/1] (0.00ns)   --->   "%zext_ln81_read = read i3 @_ssdm_op_Read.ap_auto.i3, i3 %zext_ln81"   --->   Operation 155 'read' 'zext_ln81_read' <Predicate = true> <Delay = 0.00>
ST_1 : Operation 156 [1/1] (0.00ns)   --->   "%sext_ln81_cast = sext i32 %sext_ln81_read"   --->   Operation 156 'sext' 'sext_ln81_cast' <Predicate = true> <Delay = 0.00>
ST_1 : Operation 157 [1/1] (0.00ns)   --->   "%wide_trip_count_cast = zext i4 %wide_trip_count_read"   --->   Operation 157 'zext' 'wide_trip_count_cast' <Predicate = true> <Delay = 0.00>
ST_1 : Operation 158 [1/1] (0.00ns)   --->   "%zext_ln81_cast = zext i3 %zext_ln81_read"   --->   Operation 158 'zext' 'zext_ln81_cast' <Predicate = true> <Delay = 0.00>
ST_1 : Operation 159 [1/1] (0.00ns)   --->   "%specmemcore_ln0 = specmemcore void @_ssdm_op_SpecMemCore, i8 %a_row_major_7, i64 666, i64 23, i64 18446744073709551615"   --->   Operation 159 'specmemcore' 'specmemcore_ln0' <Predicate = true> <Delay = 0.00>
ST_1 : Operation 160 [1/1] (0.00ns)   --->   "%specmemcore_ln0 = specmemcore void @_ssdm_op_SpecMemCore, i8 %a_row_major_6, i64 666, i64 23, i64 18446744073709551615"   --->   Operation 160 'specmemcore' 'specmemcore_ln0' <Predicate = true> <Delay = 0.00>
ST_1 : Operation 161 [1/1] (0.00ns)   --->   "%specmemcore_ln0 = specmemcore void @_ssdm_op_SpecMemCore, i8 %a_row_major_5, i64 666, i64 23, i64 18446744073709551615"   --->   Operation 161 'specmemcore' 'specmemcore_ln0' <Predicate = true> <Delay = 0.00>
ST_1 : Operation 162 [1/1] (0.00ns)   --->   "%specmemcore_ln0 = specmemcore void @_ssdm_op_SpecMemCore, i8 %a_row_major_4, i64 666, i64 23, i64 18446744073709551615"   --->   Operation 162 'specmemcore' 'specmemcore_ln0' <Predicate = true> <Delay = 0.00>
ST_1 : Operation 163 [1/1] (0.00ns)   --->   "%specmemcore_ln0 = specmemcore void @_ssdm_op_SpecMemCore, i8 %a_row_major_3, i64 666, i64 23, i64 18446744073709551615"   --->   Operation 163 'specmemcore' 'specmemcore_ln0' <Predicate = true> <Delay = 0.00>
ST_1 : Operation 164 [1/1] (0.00ns)   --->   "%specmemcore_ln0 = specmemcore void @_ssdm_op_SpecMemCore, i8 %a_row_major_2, i64 666, i64 23, i64 18446744073709551615"   --->   Operation 164 'specmemcore' 'specmemcore_ln0' <Predicate = true> <Delay = 0.00>
ST_1 : Operation 165 [1/1] (0.00ns)   --->   "%specmemcore_ln0 = specmemcore void @_ssdm_op_SpecMemCore, i8 %a_row_major_1, i64 666, i64 23, i64 18446744073709551615"   --->   Operation 165 'specmemcore' 'specmemcore_ln0' <Predicate = true> <Delay = 0.00>
ST_1 : Operation 166 [1/1] (0.00ns)   --->   "%specmemcore_ln0 = specmemcore void @_ssdm_op_SpecMemCore, i8 %a_row_major_0, i64 666, i64 23, i64 18446744073709551615"   --->   Operation 166 'specmemcore' 'specmemcore_ln0' <Predicate = true> <Delay = 0.00>
ST_1 : Operation 167 [1/1] (0.00ns)   --->   "%specmemcore_ln0 = specmemcore void @_ssdm_op_SpecMemCore, i8 %b_row_major_7, i64 666, i64 23, i64 18446744073709551615"   --->   Operation 167 'specmemcore' 'specmemcore_ln0' <Predicate = true> <Delay = 0.00>
ST_1 : Operation 168 [1/1] (0.00ns)   --->   "%specmemcore_ln0 = specmemcore void @_ssdm_op_SpecMemCore, i8 %b_row_major_6, i64 666, i64 23, i64 18446744073709551615"   --->   Operation 168 'specmemcore' 'specmemcore_ln0' <Predicate = true> <Delay = 0.00>
ST_1 : Operation 169 [1/1] (0.00ns)   --->   "%specmemcore_ln0 = specmemcore void @_ssdm_op_SpecMemCore, i8 %b_row_major_5, i64 666, i64 23, i64 18446744073709551615"   --->   Operation 169 'specmemcore' 'specmemcore_ln0' <Predicate = true> <Delay = 0.00>
ST_1 : Operation 170 [1/1] (0.00ns)   --->   "%specmemcore_ln0 = specmemcore void @_ssdm_op_SpecMemCore, i8 %b_row_major_4, i64 666, i64 23, i64 18446744073709551615"   --->   Operation 170 'specmemcore' 'specmemcore_ln0' <Predicate = true> <Delay = 0.00>
ST_1 : Operation 171 [1/1] (0.00ns)   --->   "%specmemcore_ln0 = specmemcore void @_ssdm_op_SpecMemCore, i8 %b_row_major_3, i64 666, i64 23, i64 18446744073709551615"   --->   Operation 171 'specmemcore' 'specmemcore_ln0' <Predicate = true> <Delay = 0.00>
ST_1 : Operation 172 [1/1] (0.00ns)   --->   "%specmemcore_ln0 = specmemcore void @_ssdm_op_SpecMemCore, i8 %b_row_major_2, i64 666, i64 23, i64 18446744073709551615"   --->   Operation 172 'specmemcore' 'specmemcore_ln0' <Predicate = true> <Delay = 0.00>
ST_1 : Operation 173 [1/1] (0.00ns)   --->   "%specmemcore_ln0 = specmemcore void @_ssdm_op_SpecMemCore, i8 %b_row_major_1, i64 666, i64 23, i64 18446744073709551615"   --->   Operation 173 'specmemcore' 'specmemcore_ln0' <Predicate = true> <Delay = 0.00>
ST_1 : Operation 174 [1/1] (0.00ns)   --->   "%specmemcore_ln0 = specmemcore void @_ssdm_op_SpecMemCore, i8 %b_row_major_0, i64 666, i64 23, i64 18446744073709551615"   --->   Operation 174 'specmemcore' 'specmemcore_ln0' <Predicate = true> <Delay = 0.00>
ST_1 : Operation 175 [1/1] (0.42ns)   --->   "%store_ln81 = store i64 %zext_ln81_cast, i64 %k" [mmult.cpp:81]   --->   Operation 175 'store' 'store_ln81' <Predicate = true> <Delay = 0.42>
ST_1 : Operation 176 [1/1] (0.42ns)   --->   "%store_ln0 = store i16 %p_read635, i16 %c_row_major_7_7_0"   --->   Operation 176 'store' 'store_ln0' <Predicate = true> <Delay = 0.42>
ST_1 : Operation 177 [1/1] (0.42ns)   --->   "%store_ln0 = store i16 %p_read626, i16 %c_row_major_7_6_0"   --->   Operation 177 'store' 'store_ln0' <Predicate = true> <Delay = 0.42>
ST_1 : Operation 178 [1/1] (0.42ns)   --->   "%store_ln0 = store i16 %p_read617, i16 %c_row_major_7_5_0"   --->   Operation 178 'store' 'store_ln0' <Predicate = true> <Delay = 0.42>
ST_1 : Operation 179 [1/1] (0.42ns)   --->   "%store_ln0 = store i16 %p_read608, i16 %c_row_major_7_4_0"   --->   Operation 179 'store' 'store_ln0' <Predicate = true> <Delay = 0.42>
ST_1 : Operation 180 [1/1] (0.42ns)   --->   "%store_ln0 = store i16 %p_read_58, i16 %c_row_major_7_3_0"   --->   Operation 180 'store' 'store_ln0' <Predicate = true> <Delay = 0.42>
ST_1 : Operation 181 [1/1] (0.42ns)   --->   "%store_ln0 = store i16 %p_read_57, i16 %c_row_major_7_2_0"   --->   Operation 181 'store' 'store_ln0' <Predicate = true> <Delay = 0.42>
ST_1 : Operation 182 [1/1] (0.42ns)   --->   "%store_ln0 = store i16 %p_read_56, i16 %c_row_major_7_1_0"   --->   Operation 182 'store' 'store_ln0' <Predicate = true> <Delay = 0.42>
ST_1 : Operation 183 [1/1] (0.42ns)   --->   "%store_ln0 = store i16 %p_read_55, i16 %c_row_major_7_0_0"   --->   Operation 183 'store' 'store_ln0' <Predicate = true> <Delay = 0.42>
ST_1 : Operation 184 [1/1] (0.42ns)   --->   "%store_ln0 = store i16 %p_read_54, i16 %c_row_major_6_7_0"   --->   Operation 184 'store' 'store_ln0' <Predicate = true> <Delay = 0.42>
ST_1 : Operation 185 [1/1] (0.42ns)   --->   "%store_ln0 = store i16 %p_read_53, i16 %c_row_major_6_6_0"   --->   Operation 185 'store' 'store_ln0' <Predicate = true> <Delay = 0.42>
ST_1 : Operation 186 [1/1] (0.42ns)   --->   "%store_ln0 = store i16 %p_read_52, i16 %c_row_major_6_5_0"   --->   Operation 186 'store' 'store_ln0' <Predicate = true> <Delay = 0.42>
ST_1 : Operation 187 [1/1] (0.42ns)   --->   "%store_ln0 = store i16 %p_read_51, i16 %c_row_major_6_4_0"   --->   Operation 187 'store' 'store_ln0' <Predicate = true> <Delay = 0.42>
ST_1 : Operation 188 [1/1] (0.42ns)   --->   "%store_ln0 = store i16 %p_read_50, i16 %c_row_major_6_3_0"   --->   Operation 188 'store' 'store_ln0' <Predicate = true> <Delay = 0.42>
ST_1 : Operation 189 [1/1] (0.42ns)   --->   "%store_ln0 = store i16 %p_read5018, i16 %c_row_major_6_2_0"   --->   Operation 189 'store' 'store_ln0' <Predicate = true> <Delay = 0.42>
ST_1 : Operation 190 [1/1] (0.42ns)   --->   "%store_ln0 = store i16 %p_read_49, i16 %c_row_major_6_1_0"   --->   Operation 190 'store' 'store_ln0' <Predicate = true> <Delay = 0.42>
ST_1 : Operation 191 [1/1] (0.42ns)   --->   "%store_ln0 = store i16 %p_read_48, i16 %c_row_major_6_0_0"   --->   Operation 191 'store' 'store_ln0' <Predicate = true> <Delay = 0.42>
ST_1 : Operation 192 [1/1] (0.42ns)   --->   "%store_ln0 = store i16 %p_read_47, i16 %c_row_major_5_7_0"   --->   Operation 192 'store' 'store_ln0' <Predicate = true> <Delay = 0.42>
ST_1 : Operation 193 [1/1] (0.42ns)   --->   "%store_ln0 = store i16 %p_read_46, i16 %c_row_major_5_6_0"   --->   Operation 193 'store' 'store_ln0' <Predicate = true> <Delay = 0.42>
ST_1 : Operation 194 [1/1] (0.42ns)   --->   "%store_ln0 = store i16 %p_read_45, i16 %c_row_major_5_5_0"   --->   Operation 194 'store' 'store_ln0' <Predicate = true> <Delay = 0.42>
ST_1 : Operation 195 [1/1] (0.42ns)   --->   "%store_ln0 = store i16 %p_read_44, i16 %c_row_major_5_4_0"   --->   Operation 195 'store' 'store_ln0' <Predicate = true> <Delay = 0.42>
ST_1 : Operation 196 [1/1] (0.42ns)   --->   "%store_ln0 = store i16 %p_read_43, i16 %c_row_major_5_3_0"   --->   Operation 196 'store' 'store_ln0' <Predicate = true> <Delay = 0.42>
ST_1 : Operation 197 [1/1] (0.42ns)   --->   "%store_ln0 = store i16 %p_read_42, i16 %c_row_major_5_2_0"   --->   Operation 197 'store' 'store_ln0' <Predicate = true> <Delay = 0.42>
ST_1 : Operation 198 [1/1] (0.42ns)   --->   "%store_ln0 = store i16 %p_read_41, i16 %c_row_major_5_1_0"   --->   Operation 198 'store' 'store_ln0' <Predicate = true> <Delay = 0.42>
ST_1 : Operation 199 [1/1] (0.42ns)   --->   "%store_ln0 = store i16 %p_read4028, i16 %c_row_major_5_0_0"   --->   Operation 199 'store' 'store_ln0' <Predicate = true> <Delay = 0.42>
ST_1 : Operation 200 [1/1] (0.42ns)   --->   "%store_ln0 = store i16 %p_read_40, i16 %c_row_major_4_7_0"   --->   Operation 200 'store' 'store_ln0' <Predicate = true> <Delay = 0.42>
ST_1 : Operation 201 [1/1] (0.42ns)   --->   "%store_ln0 = store i16 %p_read_39, i16 %c_row_major_4_6_0"   --->   Operation 201 'store' 'store_ln0' <Predicate = true> <Delay = 0.42>
ST_1 : Operation 202 [1/1] (0.42ns)   --->   "%store_ln0 = store i16 %p_read_38, i16 %c_row_major_4_5_0"   --->   Operation 202 'store' 'store_ln0' <Predicate = true> <Delay = 0.42>
ST_1 : Operation 203 [1/1] (0.42ns)   --->   "%store_ln0 = store i16 %p_read_37, i16 %c_row_major_4_4_0"   --->   Operation 203 'store' 'store_ln0' <Predicate = true> <Delay = 0.42>
ST_1 : Operation 204 [1/1] (0.42ns)   --->   "%store_ln0 = store i16 %p_read_36, i16 %c_row_major_4_3_0"   --->   Operation 204 'store' 'store_ln0' <Predicate = true> <Delay = 0.42>
ST_1 : Operation 205 [1/1] (0.42ns)   --->   "%store_ln0 = store i16 %p_read_35, i16 %c_row_major_4_2_0"   --->   Operation 205 'store' 'store_ln0' <Predicate = true> <Delay = 0.42>
ST_1 : Operation 206 [1/1] (0.42ns)   --->   "%store_ln0 = store i16 %p_read_34, i16 %c_row_major_4_1_0"   --->   Operation 206 'store' 'store_ln0' <Predicate = true> <Delay = 0.42>
ST_1 : Operation 207 [1/1] (0.42ns)   --->   "%store_ln0 = store i16 %p_read_33, i16 %c_row_major_4_0_0"   --->   Operation 207 'store' 'store_ln0' <Predicate = true> <Delay = 0.42>
ST_1 : Operation 208 [1/1] (0.42ns)   --->   "%store_ln0 = store i16 %p_read_32, i16 %c_row_major_3_7_0"   --->   Operation 208 'store' 'store_ln0' <Predicate = true> <Delay = 0.42>
ST_1 : Operation 209 [1/1] (0.42ns)   --->   "%store_ln0 = store i16 %p_read_31, i16 %c_row_major_3_6_0"   --->   Operation 209 'store' 'store_ln0' <Predicate = true> <Delay = 0.42>
ST_1 : Operation 210 [1/1] (0.42ns)   --->   "%store_ln0 = store i16 %p_read_30, i16 %c_row_major_3_5_0"   --->   Operation 210 'store' 'store_ln0' <Predicate = true> <Delay = 0.42>
ST_1 : Operation 211 [1/1] (0.42ns)   --->   "%store_ln0 = store i16 %p_read_29, i16 %c_row_major_3_4_0"   --->   Operation 211 'store' 'store_ln0' <Predicate = true> <Delay = 0.42>
ST_1 : Operation 212 [1/1] (0.42ns)   --->   "%store_ln0 = store i16 %p_read_28, i16 %c_row_major_3_3_0"   --->   Operation 212 'store' 'store_ln0' <Predicate = true> <Delay = 0.42>
ST_1 : Operation 213 [1/1] (0.42ns)   --->   "%store_ln0 = store i16 %p_read_27, i16 %c_row_major_3_2_0"   --->   Operation 213 'store' 'store_ln0' <Predicate = true> <Delay = 0.42>
ST_1 : Operation 214 [1/1] (0.42ns)   --->   "%store_ln0 = store i16 %p_read_26, i16 %c_row_major_3_1_0"   --->   Operation 214 'store' 'store_ln0' <Predicate = true> <Delay = 0.42>
ST_1 : Operation 215 [1/1] (0.42ns)   --->   "%store_ln0 = store i16 %p_read_25, i16 %c_row_major_3_0_0"   --->   Operation 215 'store' 'store_ln0' <Predicate = true> <Delay = 0.42>
ST_1 : Operation 216 [1/1] (0.42ns)   --->   "%store_ln0 = store i16 %p_read_24, i16 %c_row_major_2_7_0"   --->   Operation 216 'store' 'store_ln0' <Predicate = true> <Delay = 0.42>
ST_1 : Operation 217 [1/1] (0.42ns)   --->   "%store_ln0 = store i16 %p_read_23, i16 %c_row_major_2_6_0"   --->   Operation 217 'store' 'store_ln0' <Predicate = true> <Delay = 0.42>
ST_1 : Operation 218 [1/1] (0.42ns)   --->   "%store_ln0 = store i16 %p_read_22, i16 %c_row_major_2_5_0"   --->   Operation 218 'store' 'store_ln0' <Predicate = true> <Delay = 0.42>
ST_1 : Operation 219 [1/1] (0.42ns)   --->   "%store_ln0 = store i16 %p_read_21, i16 %c_row_major_2_4_0"   --->   Operation 219 'store' 'store_ln0' <Predicate = true> <Delay = 0.42>
ST_1 : Operation 220 [1/1] (0.42ns)   --->   "%store_ln0 = store i16 %p_read_20, i16 %c_row_major_2_3_0"   --->   Operation 220 'store' 'store_ln0' <Predicate = true> <Delay = 0.42>
ST_1 : Operation 221 [1/1] (0.42ns)   --->   "%store_ln0 = store i16 %p_read_19, i16 %c_row_major_2_2_0"   --->   Operation 221 'store' 'store_ln0' <Predicate = true> <Delay = 0.42>
ST_1 : Operation 222 [1/1] (0.42ns)   --->   "%store_ln0 = store i16 %p_read_18, i16 %c_row_major_2_1_0"   --->   Operation 222 'store' 'store_ln0' <Predicate = true> <Delay = 0.42>
ST_1 : Operation 223 [1/1] (0.42ns)   --->   "%store_ln0 = store i16 %p_read_17, i16 %c_row_major_2_0_0"   --->   Operation 223 'store' 'store_ln0' <Predicate = true> <Delay = 0.42>
ST_1 : Operation 224 [1/1] (0.42ns)   --->   "%store_ln0 = store i16 %p_read_16, i16 %c_row_major_1_7_0"   --->   Operation 224 'store' 'store_ln0' <Predicate = true> <Delay = 0.42>
ST_1 : Operation 225 [1/1] (0.42ns)   --->   "%store_ln0 = store i16 %p_read_15, i16 %c_row_major_1_6_0"   --->   Operation 225 'store' 'store_ln0' <Predicate = true> <Delay = 0.42>
ST_1 : Operation 226 [1/1] (0.42ns)   --->   "%store_ln0 = store i16 %p_read_14, i16 %c_row_major_1_5_0"   --->   Operation 226 'store' 'store_ln0' <Predicate = true> <Delay = 0.42>
ST_1 : Operation 227 [1/1] (0.42ns)   --->   "%store_ln0 = store i16 %p_read_13, i16 %c_row_major_1_4_0"   --->   Operation 227 'store' 'store_ln0' <Predicate = true> <Delay = 0.42>
ST_1 : Operation 228 [1/1] (0.42ns)   --->   "%store_ln0 = store i16 %p_read_12, i16 %c_row_major_1_3_0"   --->   Operation 228 'store' 'store_ln0' <Predicate = true> <Delay = 0.42>
ST_1 : Operation 229 [1/1] (0.42ns)   --->   "%store_ln0 = store i16 %p_read_11, i16 %c_row_major_1_2_0"   --->   Operation 229 'store' 'store_ln0' <Predicate = true> <Delay = 0.42>
ST_1 : Operation 230 [1/1] (0.42ns)   --->   "%store_ln0 = store i16 %p_read_10, i16 %c_row_major_1_1_0"   --->   Operation 230 'store' 'store_ln0' <Predicate = true> <Delay = 0.42>
ST_1 : Operation 231 [1/1] (0.42ns)   --->   "%store_ln0 = store i16 %p_read_9, i16 %c_row_major_1_0_0"   --->   Operation 231 'store' 'store_ln0' <Predicate = true> <Delay = 0.42>
ST_1 : Operation 232 [1/1] (0.42ns)   --->   "%store_ln0 = store i16 %p_read_8, i16 %c_row_major_0_7_0"   --->   Operation 232 'store' 'store_ln0' <Predicate = true> <Delay = 0.42>
ST_1 : Operation 233 [1/1] (0.42ns)   --->   "%store_ln0 = store i16 %p_read_7, i16 %c_row_major_0_6_0"   --->   Operation 233 'store' 'store_ln0' <Predicate = true> <Delay = 0.42>
ST_1 : Operation 234 [1/1] (0.42ns)   --->   "%store_ln0 = store i16 %p_read_6, i16 %c_row_major_0_5_0"   --->   Operation 234 'store' 'store_ln0' <Predicate = true> <Delay = 0.42>
ST_1 : Operation 235 [1/1] (0.42ns)   --->   "%store_ln0 = store i16 %p_read_5, i16 %c_row_major_0_4_0"   --->   Operation 235 'store' 'store_ln0' <Predicate = true> <Delay = 0.42>
ST_1 : Operation 236 [1/1] (0.42ns)   --->   "%store_ln0 = store i16 %p_read_4, i16 %c_row_major_0_3_0"   --->   Operation 236 'store' 'store_ln0' <Predicate = true> <Delay = 0.42>
ST_1 : Operation 237 [1/1] (0.42ns)   --->   "%store_ln0 = store i16 %p_read_3, i16 %c_row_major_0_2_0"   --->   Operation 237 'store' 'store_ln0' <Predicate = true> <Delay = 0.42>
ST_1 : Operation 238 [1/1] (0.42ns)   --->   "%store_ln0 = store i16 %p_read_2, i16 %c_row_major_0_1_0"   --->   Operation 238 'store' 'store_ln0' <Predicate = true> <Delay = 0.42>
ST_1 : Operation 239 [1/1] (0.42ns)   --->   "%store_ln0 = store i16 %p_read_1, i16 %c_row_major_0_0_0"   --->   Operation 239 'store' 'store_ln0' <Predicate = true> <Delay = 0.42>
ST_1 : Operation 240 [1/1] (0.00ns)   --->   "%br_ln0 = br void %pe_array"   --->   Operation 240 'br' 'br_ln0' <Predicate = true> <Delay = 0.00>

State 2 <SV = 1> <Delay = 1.51>
ST_2 : Operation 241 [1/1] (0.00ns)   --->   "%k_1 = load i64 %k" [mmult.cpp:91]   --->   Operation 241 'load' 'k_1' <Predicate = true> <Delay = 0.00>
ST_2 : Operation 242 [1/1] (1.08ns)   --->   "%icmp_ln81 = icmp_eq  i64 %k_1, i64 %wide_trip_count_cast" [mmult.cpp:81]   --->   Operation 242 'icmp' 'icmp_ln81' <Predicate = true> <Delay = 1.08> <CoreInst = "Cmp">   --->   Core 9 'Cmp' <Latency = 0> <II = 1> <Delay = 1.08> <FuncUnit> <Opcode : 'icmp'> <InPorts = 2> <OutPorts = 1>
ST_2 : Operation 243 [1/1] (0.00ns)   --->   "%br_ln81 = br i1 %icmp_ln81, void %pe_array.split_ifconv, void %for.end36.loopexit.exitStub" [mmult.cpp:81]   --->   Operation 243 'br' 'br_ln81' <Predicate = true> <Delay = 0.00>
ST_2 : Operation 244 [1/1] (1.08ns)   --->   "%cmp13 = icmp_slt  i64 %k_1, i64 %sext_ln81_cast" [mmult.cpp:91]   --->   Operation 244 'icmp' 'cmp13' <Predicate = (!icmp_ln81)> <Delay = 1.08> <CoreInst = "Cmp">   --->   Core 9 'Cmp' <Latency = 0> <II = 1> <Delay = 1.08> <FuncUnit> <Opcode : 'icmp'> <InPorts = 2> <OutPorts = 1>
ST_2 : Operation 245 [1/1] (0.00ns)   --->   "%a_row_major_0_addr = getelementptr i8 %a_row_major_0, i64 0, i64 %k_1" [mmult.cpp:91]   --->   Operation 245 'getelementptr' 'a_row_major_0_addr' <Predicate = (!icmp_ln81)> <Delay = 0.00>
ST_2 : Operation 246 [1/1] (0.00ns)   --->   "%a_row_major_1_addr = getelementptr i8 %a_row_major_1, i64 0, i64 %k_1" [mmult.cpp:91]   --->   Operation 246 'getelementptr' 'a_row_major_1_addr' <Predicate = (!icmp_ln81)> <Delay = 0.00>
ST_2 : Operation 247 [1/1] (0.00ns)   --->   "%a_row_major_2_addr = getelementptr i8 %a_row_major_2, i64 0, i64 %k_1" [mmult.cpp:91]   --->   Operation 247 'getelementptr' 'a_row_major_2_addr' <Predicate = (!icmp_ln81)> <Delay = 0.00>
ST_2 : Operation 248 [1/1] (0.00ns)   --->   "%a_row_major_3_addr = getelementptr i8 %a_row_major_3, i64 0, i64 %k_1" [mmult.cpp:91]   --->   Operation 248 'getelementptr' 'a_row_major_3_addr' <Predicate = (!icmp_ln81)> <Delay = 0.00>
ST_2 : Operation 249 [1/1] (0.00ns)   --->   "%a_row_major_4_addr = getelementptr i8 %a_row_major_4, i64 0, i64 %k_1" [mmult.cpp:91]   --->   Operation 249 'getelementptr' 'a_row_major_4_addr' <Predicate = (!icmp_ln81)> <Delay = 0.00>
ST_2 : Operation 250 [1/1] (0.00ns)   --->   "%a_row_major_5_addr = getelementptr i8 %a_row_major_5, i64 0, i64 %k_1" [mmult.cpp:91]   --->   Operation 250 'getelementptr' 'a_row_major_5_addr' <Predicate = (!icmp_ln81)> <Delay = 0.00>
ST_2 : Operation 251 [1/1] (0.00ns)   --->   "%a_row_major_6_addr = getelementptr i8 %a_row_major_6, i64 0, i64 %k_1" [mmult.cpp:91]   --->   Operation 251 'getelementptr' 'a_row_major_6_addr' <Predicate = (!icmp_ln81)> <Delay = 0.00>
ST_2 : Operation 252 [1/1] (0.00ns)   --->   "%a_row_major_7_addr = getelementptr i8 %a_row_major_7, i64 0, i64 %k_1" [mmult.cpp:91]   --->   Operation 252 'getelementptr' 'a_row_major_7_addr' <Predicate = (!icmp_ln81)> <Delay = 0.00>
ST_2 : Operation 253 [1/1] (1.08ns)   --->   "%icmp_ln91 = icmp_slt  i64 %k_1, i64 %sext_ln81_cast" [mmult.cpp:91]   --->   Operation 253 'icmp' 'icmp_ln91' <Predicate = (!icmp_ln81)> <Delay = 1.08> <CoreInst = "Cmp">   --->   Core 9 'Cmp' <Latency = 0> <II = 1> <Delay = 1.08> <FuncUnit> <Opcode : 'icmp'> <InPorts = 2> <OutPorts = 1>
ST_2 : Operation 254 [2/2] (0.67ns)   --->   "%a_forwarded = load i3 %a_row_major_0_addr" [mmult.cpp:92]   --->   Operation 254 'load' 'a_forwarded' <Predicate = (!icmp_ln81)> <Delay = 0.67> <CoreInst = "RAM_2P_LUTRAM">   --->   Core 93 'RAM_2P_LUTRAM' <Latency = 1> <II = 1> <Delay = 0.67> <Storage> <Opcode : 'load' 'store'> <Ports = 2> <Width = 8> <Depth = 8> <RAM>
ST_2 : Operation 255 [1/1] (0.00ns)   --->   "%b_row_major_0_addr = getelementptr i8 %b_row_major_0, i64 0, i64 %k_1" [mmult.cpp:97]   --->   Operation 255 'getelementptr' 'b_row_major_0_addr' <Predicate = (!icmp_ln81)> <Delay = 0.00>
ST_2 : Operation 256 [2/2] (0.67ns)   --->   "%b_forwarded = load i3 %b_row_major_0_addr" [mmult.cpp:97]   --->   Operation 256 'load' 'b_forwarded' <Predicate = (!icmp_ln81)> <Delay = 0.67> <CoreInst = "RAM_2P_LUTRAM">   --->   Core 93 'RAM_2P_LUTRAM' <Latency = 1> <II = 1> <Delay = 0.67> <Storage> <Opcode : 'load' 'store'> <Ports = 2> <Width = 8> <Depth = 8> <RAM>
ST_2 : Operation 257 [1/1] (0.00ns)   --->   "%b_row_major_1_addr = getelementptr i8 %b_row_major_1, i64 0, i64 %k_1" [mmult.cpp:97]   --->   Operation 257 'getelementptr' 'b_row_major_1_addr' <Predicate = (!icmp_ln81)> <Delay = 0.00>
ST_2 : Operation 258 [2/2] (0.67ns)   --->   "%b_forwarded_2 = load i3 %b_row_major_1_addr" [mmult.cpp:97]   --->   Operation 258 'load' 'b_forwarded_2' <Predicate = (!icmp_ln81)> <Delay = 0.67> <CoreInst = "RAM_2P_LUTRAM">   --->   Core 93 'RAM_2P_LUTRAM' <Latency = 1> <II = 1> <Delay = 0.67> <Storage> <Opcode : 'load' 'store'> <Ports = 2> <Width = 8> <Depth = 8> <RAM>
ST_2 : Operation 259 [1/1] (0.00ns)   --->   "%b_row_major_2_addr = getelementptr i8 %b_row_major_2, i64 0, i64 %k_1" [mmult.cpp:97]   --->   Operation 259 'getelementptr' 'b_row_major_2_addr' <Predicate = (!icmp_ln81)> <Delay = 0.00>
ST_2 : Operation 260 [2/2] (0.67ns)   --->   "%b_forwarded_4 = load i3 %b_row_major_2_addr" [mmult.cpp:97]   --->   Operation 260 'load' 'b_forwarded_4' <Predicate = (!icmp_ln81)> <Delay = 0.67> <CoreInst = "RAM_2P_LUTRAM">   --->   Core 93 'RAM_2P_LUTRAM' <Latency = 1> <II = 1> <Delay = 0.67> <Storage> <Opcode : 'load' 'store'> <Ports = 2> <Width = 8> <Depth = 8> <RAM>
ST_2 : Operation 261 [1/1] (0.00ns)   --->   "%b_row_major_3_addr = getelementptr i8 %b_row_major_3, i64 0, i64 %k_1" [mmult.cpp:97]   --->   Operation 261 'getelementptr' 'b_row_major_3_addr' <Predicate = (!icmp_ln81)> <Delay = 0.00>
ST_2 : Operation 262 [2/2] (0.67ns)   --->   "%b_forwarded_6 = load i3 %b_row_major_3_addr" [mmult.cpp:97]   --->   Operation 262 'load' 'b_forwarded_6' <Predicate = (!icmp_ln81)> <Delay = 0.67> <CoreInst = "RAM_2P_LUTRAM">   --->   Core 93 'RAM_2P_LUTRAM' <Latency = 1> <II = 1> <Delay = 0.67> <Storage> <Opcode : 'load' 'store'> <Ports = 2> <Width = 8> <Depth = 8> <RAM>
ST_2 : Operation 263 [1/1] (0.00ns)   --->   "%b_row_major_4_addr = getelementptr i8 %b_row_major_4, i64 0, i64 %k_1" [mmult.cpp:97]   --->   Operation 263 'getelementptr' 'b_row_major_4_addr' <Predicate = (!icmp_ln81)> <Delay = 0.00>
ST_2 : Operation 264 [2/2] (0.67ns)   --->   "%b_forwarded_8 = load i3 %b_row_major_4_addr" [mmult.cpp:97]   --->   Operation 264 'load' 'b_forwarded_8' <Predicate = (!icmp_ln81)> <Delay = 0.67> <CoreInst = "RAM_2P_LUTRAM">   --->   Core 93 'RAM_2P_LUTRAM' <Latency = 1> <II = 1> <Delay = 0.67> <Storage> <Opcode : 'load' 'store'> <Ports = 2> <Width = 8> <Depth = 8> <RAM>
ST_2 : Operation 265 [1/1] (0.00ns)   --->   "%b_row_major_5_addr = getelementptr i8 %b_row_major_5, i64 0, i64 %k_1" [mmult.cpp:97]   --->   Operation 265 'getelementptr' 'b_row_major_5_addr' <Predicate = (!icmp_ln81)> <Delay = 0.00>
ST_2 : Operation 266 [2/2] (0.67ns)   --->   "%b_forwarded_10 = load i3 %b_row_major_5_addr" [mmult.cpp:97]   --->   Operation 266 'load' 'b_forwarded_10' <Predicate = (!icmp_ln81)> <Delay = 0.67> <CoreInst = "RAM_2P_LUTRAM">   --->   Core 93 'RAM_2P_LUTRAM' <Latency = 1> <II = 1> <Delay = 0.67> <Storage> <Opcode : 'load' 'store'> <Ports = 2> <Width = 8> <Depth = 8> <RAM>
ST_2 : Operation 267 [1/1] (0.00ns)   --->   "%b_row_major_6_addr = getelementptr i8 %b_row_major_6, i64 0, i64 %k_1" [mmult.cpp:97]   --->   Operation 267 'getelementptr' 'b_row_major_6_addr' <Predicate = (!icmp_ln81)> <Delay = 0.00>
ST_2 : Operation 268 [2/2] (0.67ns)   --->   "%b_forwarded_12 = load i3 %b_row_major_6_addr" [mmult.cpp:97]   --->   Operation 268 'load' 'b_forwarded_12' <Predicate = (!icmp_ln81)> <Delay = 0.67> <CoreInst = "RAM_2P_LUTRAM">   --->   Core 93 'RAM_2P_LUTRAM' <Latency = 1> <II = 1> <Delay = 0.67> <Storage> <Opcode : 'load' 'store'> <Ports = 2> <Width = 8> <Depth = 8> <RAM>
ST_2 : Operation 269 [1/1] (0.00ns)   --->   "%b_row_major_7_addr = getelementptr i8 %b_row_major_7, i64 0, i64 %k_1" [mmult.cpp:97]   --->   Operation 269 'getelementptr' 'b_row_major_7_addr' <Predicate = (!icmp_ln81)> <Delay = 0.00>
ST_2 : Operation 270 [2/2] (0.67ns)   --->   "%b_forwarded_14 = load i3 %b_row_major_7_addr" [mmult.cpp:97]   --->   Operation 270 'load' 'b_forwarded_14' <Predicate = (!icmp_ln81)> <Delay = 0.67> <CoreInst = "RAM_2P_LUTRAM">   --->   Core 93 'RAM_2P_LUTRAM' <Latency = 1> <II = 1> <Delay = 0.67> <Storage> <Opcode : 'load' 'store'> <Ports = 2> <Width = 8> <Depth = 8> <RAM>
ST_2 : Operation 271 [2/2] (0.67ns)   --->   "%a_forwarded_2 = load i3 %a_row_major_1_addr" [mmult.cpp:92]   --->   Operation 271 'load' 'a_forwarded_2' <Predicate = (!icmp_ln81)> <Delay = 0.67> <CoreInst = "RAM_2P_LUTRAM">   --->   Core 93 'RAM_2P_LUTRAM' <Latency = 1> <II = 1> <Delay = 0.67> <Storage> <Opcode : 'load' 'store'> <Ports = 2> <Width = 8> <Depth = 8> <RAM>
ST_2 : Operation 272 [2/2] (0.67ns)   --->   "%a_forwarded_4 = load i3 %a_row_major_2_addr" [mmult.cpp:92]   --->   Operation 272 'load' 'a_forwarded_4' <Predicate = (!icmp_ln81)> <Delay = 0.67> <CoreInst = "RAM_2P_LUTRAM">   --->   Core 93 'RAM_2P_LUTRAM' <Latency = 1> <II = 1> <Delay = 0.67> <Storage> <Opcode : 'load' 'store'> <Ports = 2> <Width = 8> <Depth = 8> <RAM>
ST_2 : Operation 273 [2/2] (0.67ns)   --->   "%a_forwarded_6 = load i3 %a_row_major_3_addr" [mmult.cpp:92]   --->   Operation 273 'load' 'a_forwarded_6' <Predicate = (!icmp_ln81)> <Delay = 0.67> <CoreInst = "RAM_2P_LUTRAM">   --->   Core 93 'RAM_2P_LUTRAM' <Latency = 1> <II = 1> <Delay = 0.67> <Storage> <Opcode : 'load' 'store'> <Ports = 2> <Width = 8> <Depth = 8> <RAM>
ST_2 : Operation 274 [2/2] (0.67ns)   --->   "%a_forwarded_8 = load i3 %a_row_major_4_addr" [mmult.cpp:92]   --->   Operation 274 'load' 'a_forwarded_8' <Predicate = (!icmp_ln81)> <Delay = 0.67> <CoreInst = "RAM_2P_LUTRAM">   --->   Core 93 'RAM_2P_LUTRAM' <Latency = 1> <II = 1> <Delay = 0.67> <Storage> <Opcode : 'load' 'store'> <Ports = 2> <Width = 8> <Depth = 8> <RAM>
ST_2 : Operation 275 [2/2] (0.67ns)   --->   "%a_forwarded_10 = load i3 %a_row_major_5_addr" [mmult.cpp:92]   --->   Operation 275 'load' 'a_forwarded_10' <Predicate = (!icmp_ln81)> <Delay = 0.67> <CoreInst = "RAM_2P_LUTRAM">   --->   Core 93 'RAM_2P_LUTRAM' <Latency = 1> <II = 1> <Delay = 0.67> <Storage> <Opcode : 'load' 'store'> <Ports = 2> <Width = 8> <Depth = 8> <RAM>
ST_2 : Operation 276 [2/2] (0.67ns)   --->   "%a_forwarded_12 = load i3 %a_row_major_6_addr" [mmult.cpp:92]   --->   Operation 276 'load' 'a_forwarded_12' <Predicate = (!icmp_ln81)> <Delay = 0.67> <CoreInst = "RAM_2P_LUTRAM">   --->   Core 93 'RAM_2P_LUTRAM' <Latency = 1> <II = 1> <Delay = 0.67> <Storage> <Opcode : 'load' 'store'> <Ports = 2> <Width = 8> <Depth = 8> <RAM>
ST_2 : Operation 277 [2/2] (0.67ns)   --->   "%a_forwarded_14 = load i3 %a_row_major_7_addr" [mmult.cpp:92]   --->   Operation 277 'load' 'a_forwarded_14' <Predicate = (!icmp_ln81)> <Delay = 0.67> <CoreInst = "RAM_2P_LUTRAM">   --->   Core 93 'RAM_2P_LUTRAM' <Latency = 1> <II = 1> <Delay = 0.67> <Storage> <Opcode : 'load' 'store'> <Ports = 2> <Width = 8> <Depth = 8> <RAM>
ST_2 : Operation 278 [1/1] (1.08ns)   --->   "%add_ln81 = add i64 %k_1, i64 1" [mmult.cpp:81]   --->   Operation 278 'add' 'add_ln81' <Predicate = (!icmp_ln81)> <Delay = 1.08> <CoreInst = "Adder">   --->   Core 1 'Adder' <Latency = 0> <II = 1> <Delay = 1.08> <FuncUnit> <Opcode : 'add' 'sub'> <InPorts = 2> <OutPorts = 1>
ST_2 : Operation 279 [1/1] (0.42ns)   --->   "%store_ln81 = store i64 %add_ln81, i64 %k" [mmult.cpp:81]   --->   Operation 279 'store' 'store_ln81' <Predicate = (!icmp_ln81)> <Delay = 0.42>

State 3 <SV = 2> <Delay = 2.06>
ST_3 : Operation 280 [1/1] (0.28ns)   --->   "%xor_ln91 = xor i1 %icmp_ln91, i1 1" [mmult.cpp:91]   --->   Operation 280 'xor' 'xor_ln91' <Predicate = true> <Delay = 0.28> <CoreInst = "LogicGate">   --->   Core 74 'LogicGate' <Latency = 0> <II = 1> <Delay = 0.28> <FuncUnit> <Opcode : 'and' 'or' 'xor'> <InPorts = 2> <OutPorts = 1>
ST_3 : Operation 281 [1/1] (0.00ns) (grouped into LUT with out node a_forwarded_1)   --->   "%or_ln91 = or i1 %cmp9_not_read, i1 %xor_ln91" [mmult.cpp:91]   --->   Operation 281 'or' 'or_ln91' <Predicate = true> <Delay = 0.00> <CoreInst = "LogicGate">   --->   Core 74 'LogicGate' <Latency = 0> <II = 1> <Delay = 0.28> <FuncUnit> <Opcode : 'and' 'or' 'xor'> <InPorts = 2> <OutPorts = 1>
ST_3 : Operation 282 [1/2] (0.67ns)   --->   "%a_forwarded = load i3 %a_row_major_0_addr" [mmult.cpp:92]   --->   Operation 282 'load' 'a_forwarded' <Predicate = true> <Delay = 0.67> <CoreInst = "RAM_2P_LUTRAM">   --->   Core 93 'RAM_2P_LUTRAM' <Latency = 1> <II = 1> <Delay = 0.67> <Storage> <Opcode : 'load' 'store'> <Ports = 2> <Width = 8> <Depth = 8> <RAM>
ST_3 : Operation 283 [1/1] (0.39ns) (out node of the LUT)   --->   "%a_forwarded_1 = select i1 %or_ln91, i8 0, i8 %a_forwarded" [mmult.cpp:91]   --->   Operation 283 'select' 'a_forwarded_1' <Predicate = true> <Delay = 0.39> <CoreInst = "Sel">   --->   Core 73 'Sel' <Latency = 0> <II = 1> <Delay = 0.39> <FuncUnit> <Opcode : 'select'> <InPorts = 3> <OutPorts = 1>
ST_3 : Operation 284 [1/1] (0.00ns) (grouped into LUT with out node b_forwarded_1)   --->   "%and_ln96 = and i1 %cmp13, i1 %cmp15_read" [mmult.cpp:96]   --->   Operation 284 'and' 'and_ln96' <Predicate = true> <Delay = 0.00> <CoreInst = "LogicGate">   --->   Core 74 'LogicGate' <Latency = 0> <II = 1> <Delay = 0.28> <FuncUnit> <Opcode : 'and' 'or' 'xor'> <InPorts = 2> <OutPorts = 1>
ST_3 : Operation 285 [1/2] (0.67ns)   --->   "%b_forwarded = load i3 %b_row_major_0_addr" [mmult.cpp:97]   --->   Operation 285 'load' 'b_forwarded' <Predicate = true> <Delay = 0.67> <CoreInst = "RAM_2P_LUTRAM">   --->   Core 93 'RAM_2P_LUTRAM' <Latency = 1> <II = 1> <Delay = 0.67> <Storage> <Opcode : 'load' 'store'> <Ports = 2> <Width = 8> <Depth = 8> <RAM>
ST_3 : Operation 286 [1/1] (0.39ns) (out node of the LUT)   --->   "%b_forwarded_1 = select i1 %and_ln96, i8 %b_forwarded, i8 0" [mmult.cpp:96]   --->   Operation 286 'select' 'b_forwarded_1' <Predicate = true> <Delay = 0.39> <CoreInst = "Sel">   --->   Core 73 'Sel' <Latency = 0> <II = 1> <Delay = 0.39> <FuncUnit> <Opcode : 'select'> <InPorts = 3> <OutPorts = 1>
ST_3 : Operation 287 [1/1] (0.00ns)   --->   "%sext_ln100 = sext i8 %a_forwarded_1" [mmult.cpp:100]   --->   Operation 287 'sext' 'sext_ln100' <Predicate = true> <Delay = 0.00>
ST_3 : Operation 288 [1/1] (0.00ns)   --->   "%sext_ln100_1 = sext i8 %b_forwarded_1" [mmult.cpp:100]   --->   Operation 288 'sext' 'sext_ln100_1' <Predicate = true> <Delay = 0.00>
ST_3 : Operation 289 [3/3] (0.99ns) (grouped into DSP with root node add_ln101)   --->   "%product = mul i16 %sext_ln100_1, i16 %sext_ln100" [mmult.cpp:100]   --->   Operation 289 'mul' 'product' <Predicate = true> <Delay = 0.99> <CoreInst = "DSP48">   --->   Core 127 'DSP48' <Latency = 3> <II = 1> <Delay = 0.53> <IPBlock> <Opcode : '' 'add' 'sub' 'mul' 'select'> <InPorts = 0> <OutPorts = 1> <Sync> <CReg>
ST_3 : Operation 290 [1/1] (0.00ns) (grouped into LUT with out node b_forwarded_3)   --->   "%and_ln96_1 = and i1 %cmp13, i1 %icmp_read" [mmult.cpp:96]   --->   Operation 290 'and' 'and_ln96_1' <Predicate = true> <Delay = 0.00> <CoreInst = "LogicGate">   --->   Core 74 'LogicGate' <Latency = 0> <II = 1> <Delay = 0.28> <FuncUnit> <Opcode : 'and' 'or' 'xor'> <InPorts = 2> <OutPorts = 1>
ST_3 : Operation 291 [1/2] (0.67ns)   --->   "%b_forwarded_2 = load i3 %b_row_major_1_addr" [mmult.cpp:97]   --->   Operation 291 'load' 'b_forwarded_2' <Predicate = true> <Delay = 0.67> <CoreInst = "RAM_2P_LUTRAM">   --->   Core 93 'RAM_2P_LUTRAM' <Latency = 1> <II = 1> <Delay = 0.67> <Storage> <Opcode : 'load' 'store'> <Ports = 2> <Width = 8> <Depth = 8> <RAM>
ST_3 : Operation 292 [1/1] (0.39ns) (out node of the LUT)   --->   "%b_forwarded_3 = select i1 %and_ln96_1, i8 %b_forwarded_2, i8 0" [mmult.cpp:96]   --->   Operation 292 'select' 'b_forwarded_3' <Predicate = true> <Delay = 0.39> <CoreInst = "Sel">   --->   Core 73 'Sel' <Latency = 0> <II = 1> <Delay = 0.39> <FuncUnit> <Opcode : 'select'> <InPorts = 3> <OutPorts = 1>
ST_3 : Operation 293 [1/1] (0.00ns)   --->   "%sext_ln100_2 = sext i8 %b_forwarded_3" [mmult.cpp:100]   --->   Operation 293 'sext' 'sext_ln100_2' <Predicate = true> <Delay = 0.00>
ST_3 : Operation 294 [3/3] (0.99ns) (grouped into DSP with root node add_ln101_1)   --->   "%product_1 = mul i16 %sext_ln100_2, i16 %sext_ln100" [mmult.cpp:100]   --->   Operation 294 'mul' 'product_1' <Predicate = true> <Delay = 0.99> <CoreInst = "DSP48">   --->   Core 127 'DSP48' <Latency = 3> <II = 1> <Delay = 0.53> <IPBlock> <Opcode : '' 'add' 'sub' 'mul' 'select'> <InPorts = 0> <OutPorts = 1> <Sync> <CReg>
ST_3 : Operation 295 [1/1] (0.00ns) (grouped into LUT with out node b_forwarded_5)   --->   "%and_ln96_2 = and i1 %cmp13, i1 %cmp15_240_read" [mmult.cpp:96]   --->   Operation 295 'and' 'and_ln96_2' <Predicate = true> <Delay = 0.00> <CoreInst = "LogicGate">   --->   Core 74 'LogicGate' <Latency = 0> <II = 1> <Delay = 0.28> <FuncUnit> <Opcode : 'and' 'or' 'xor'> <InPorts = 2> <OutPorts = 1>
ST_3 : Operation 296 [1/2] (0.67ns)   --->   "%b_forwarded_4 = load i3 %b_row_major_2_addr" [mmult.cpp:97]   --->   Operation 296 'load' 'b_forwarded_4' <Predicate = true> <Delay = 0.67> <CoreInst = "RAM_2P_LUTRAM">   --->   Core 93 'RAM_2P_LUTRAM' <Latency = 1> <II = 1> <Delay = 0.67> <Storage> <Opcode : 'load' 'store'> <Ports = 2> <Width = 8> <Depth = 8> <RAM>
ST_3 : Operation 297 [1/1] (0.39ns) (out node of the LUT)   --->   "%b_forwarded_5 = select i1 %and_ln96_2, i8 %b_forwarded_4, i8 0" [mmult.cpp:96]   --->   Operation 297 'select' 'b_forwarded_5' <Predicate = true> <Delay = 0.39> <CoreInst = "Sel">   --->   Core 73 'Sel' <Latency = 0> <II = 1> <Delay = 0.39> <FuncUnit> <Opcode : 'select'> <InPorts = 3> <OutPorts = 1>
ST_3 : Operation 298 [1/1] (0.00ns)   --->   "%sext_ln100_3 = sext i8 %b_forwarded_5" [mmult.cpp:100]   --->   Operation 298 'sext' 'sext_ln100_3' <Predicate = true> <Delay = 0.00>
ST_3 : Operation 299 [3/3] (0.99ns) (grouped into DSP with root node add_ln101_2)   --->   "%product_2 = mul i16 %sext_ln100_3, i16 %sext_ln100" [mmult.cpp:100]   --->   Operation 299 'mul' 'product_2' <Predicate = true> <Delay = 0.99> <CoreInst = "DSP48">   --->   Core 127 'DSP48' <Latency = 3> <II = 1> <Delay = 0.53> <IPBlock> <Opcode : '' 'add' 'sub' 'mul' 'select'> <InPorts = 0> <OutPorts = 1> <Sync> <CReg>
ST_3 : Operation 300 [1/1] (0.00ns) (grouped into LUT with out node b_forwarded_7)   --->   "%and_ln96_3 = and i1 %cmp13, i1 %icmp3_read" [mmult.cpp:96]   --->   Operation 300 'and' 'and_ln96_3' <Predicate = true> <Delay = 0.00> <CoreInst = "LogicGate">   --->   Core 74 'LogicGate' <Latency = 0> <II = 1> <Delay = 0.28> <FuncUnit> <Opcode : 'and' 'or' 'xor'> <InPorts = 2> <OutPorts = 1>
ST_3 : Operation 301 [1/2] (0.67ns)   --->   "%b_forwarded_6 = load i3 %b_row_major_3_addr" [mmult.cpp:97]   --->   Operation 301 'load' 'b_forwarded_6' <Predicate = true> <Delay = 0.67> <CoreInst = "RAM_2P_LUTRAM">   --->   Core 93 'RAM_2P_LUTRAM' <Latency = 1> <II = 1> <Delay = 0.67> <Storage> <Opcode : 'load' 'store'> <Ports = 2> <Width = 8> <Depth = 8> <RAM>
ST_3 : Operation 302 [1/1] (0.39ns) (out node of the LUT)   --->   "%b_forwarded_7 = select i1 %and_ln96_3, i8 %b_forwarded_6, i8 0" [mmult.cpp:96]   --->   Operation 302 'select' 'b_forwarded_7' <Predicate = true> <Delay = 0.39> <CoreInst = "Sel">   --->   Core 73 'Sel' <Latency = 0> <II = 1> <Delay = 0.39> <FuncUnit> <Opcode : 'select'> <InPorts = 3> <OutPorts = 1>
ST_3 : Operation 303 [1/1] (0.00ns)   --->   "%sext_ln100_4 = sext i8 %b_forwarded_7" [mmult.cpp:100]   --->   Operation 303 'sext' 'sext_ln100_4' <Predicate = true> <Delay = 0.00>
ST_3 : Operation 304 [3/3] (0.99ns) (grouped into DSP with root node add_ln101_3)   --->   "%product_3 = mul i16 %sext_ln100_4, i16 %sext_ln100" [mmult.cpp:100]   --->   Operation 304 'mul' 'product_3' <Predicate = true> <Delay = 0.99> <CoreInst = "DSP48">   --->   Core 127 'DSP48' <Latency = 3> <II = 1> <Delay = 0.53> <IPBlock> <Opcode : '' 'add' 'sub' 'mul' 'select'> <InPorts = 0> <OutPorts = 1> <Sync> <CReg>
ST_3 : Operation 305 [1/1] (0.00ns) (grouped into LUT with out node b_forwarded_9)   --->   "%and_ln96_4 = and i1 %cmp13, i1 %cmp15_496_read" [mmult.cpp:96]   --->   Operation 305 'and' 'and_ln96_4' <Predicate = true> <Delay = 0.00> <CoreInst = "LogicGate">   --->   Core 74 'LogicGate' <Latency = 0> <II = 1> <Delay = 0.28> <FuncUnit> <Opcode : 'and' 'or' 'xor'> <InPorts = 2> <OutPorts = 1>
ST_3 : Operation 306 [1/2] (0.67ns)   --->   "%b_forwarded_8 = load i3 %b_row_major_4_addr" [mmult.cpp:97]   --->   Operation 306 'load' 'b_forwarded_8' <Predicate = true> <Delay = 0.67> <CoreInst = "RAM_2P_LUTRAM">   --->   Core 93 'RAM_2P_LUTRAM' <Latency = 1> <II = 1> <Delay = 0.67> <Storage> <Opcode : 'load' 'store'> <Ports = 2> <Width = 8> <Depth = 8> <RAM>
ST_3 : Operation 307 [1/1] (0.39ns) (out node of the LUT)   --->   "%b_forwarded_9 = select i1 %and_ln96_4, i8 %b_forwarded_8, i8 0" [mmult.cpp:96]   --->   Operation 307 'select' 'b_forwarded_9' <Predicate = true> <Delay = 0.39> <CoreInst = "Sel">   --->   Core 73 'Sel' <Latency = 0> <II = 1> <Delay = 0.39> <FuncUnit> <Opcode : 'select'> <InPorts = 3> <OutPorts = 1>
ST_3 : Operation 308 [1/1] (0.00ns)   --->   "%sext_ln100_5 = sext i8 %b_forwarded_9" [mmult.cpp:100]   --->   Operation 308 'sext' 'sext_ln100_5' <Predicate = true> <Delay = 0.00>
ST_3 : Operation 309 [3/3] (0.99ns) (grouped into DSP with root node add_ln101_4)   --->   "%product_4 = mul i16 %sext_ln100_5, i16 %sext_ln100" [mmult.cpp:100]   --->   Operation 309 'mul' 'product_4' <Predicate = true> <Delay = 0.99> <CoreInst = "DSP48">   --->   Core 127 'DSP48' <Latency = 3> <II = 1> <Delay = 0.53> <IPBlock> <Opcode : '' 'add' 'sub' 'mul' 'select'> <InPorts = 0> <OutPorts = 1> <Sync> <CReg>
ST_3 : Operation 310 [1/1] (0.00ns) (grouped into LUT with out node b_forwarded_11)   --->   "%and_ln96_5 = and i1 %cmp13, i1 %cmp15_5124_read" [mmult.cpp:96]   --->   Operation 310 'and' 'and_ln96_5' <Predicate = true> <Delay = 0.00> <CoreInst = "LogicGate">   --->   Core 74 'LogicGate' <Latency = 0> <II = 1> <Delay = 0.28> <FuncUnit> <Opcode : 'and' 'or' 'xor'> <InPorts = 2> <OutPorts = 1>
ST_3 : Operation 311 [1/2] (0.67ns)   --->   "%b_forwarded_10 = load i3 %b_row_major_5_addr" [mmult.cpp:97]   --->   Operation 311 'load' 'b_forwarded_10' <Predicate = true> <Delay = 0.67> <CoreInst = "RAM_2P_LUTRAM">   --->   Core 93 'RAM_2P_LUTRAM' <Latency = 1> <II = 1> <Delay = 0.67> <Storage> <Opcode : 'load' 'store'> <Ports = 2> <Width = 8> <Depth = 8> <RAM>
ST_3 : Operation 312 [1/1] (0.39ns) (out node of the LUT)   --->   "%b_forwarded_11 = select i1 %and_ln96_5, i8 %b_forwarded_10, i8 0" [mmult.cpp:96]   --->   Operation 312 'select' 'b_forwarded_11' <Predicate = true> <Delay = 0.39> <CoreInst = "Sel">   --->   Core 73 'Sel' <Latency = 0> <II = 1> <Delay = 0.39> <FuncUnit> <Opcode : 'select'> <InPorts = 3> <OutPorts = 1>
ST_3 : Operation 313 [1/1] (0.00ns)   --->   "%sext_ln100_6 = sext i8 %b_forwarded_11" [mmult.cpp:100]   --->   Operation 313 'sext' 'sext_ln100_6' <Predicate = true> <Delay = 0.00>
ST_3 : Operation 314 [3/3] (0.99ns) (grouped into DSP with root node add_ln101_5)   --->   "%product_5 = mul i16 %sext_ln100_6, i16 %sext_ln100" [mmult.cpp:100]   --->   Operation 314 'mul' 'product_5' <Predicate = true> <Delay = 0.99> <CoreInst = "DSP48">   --->   Core 127 'DSP48' <Latency = 3> <II = 1> <Delay = 0.53> <IPBlock> <Opcode : '' 'add' 'sub' 'mul' 'select'> <InPorts = 0> <OutPorts = 1> <Sync> <CReg>
ST_3 : Operation 315 [1/1] (0.00ns) (grouped into LUT with out node b_forwarded_13)   --->   "%and_ln96_6 = and i1 %cmp13, i1 %cmp15_6152_read" [mmult.cpp:96]   --->   Operation 315 'and' 'and_ln96_6' <Predicate = true> <Delay = 0.00> <CoreInst = "LogicGate">   --->   Core 74 'LogicGate' <Latency = 0> <II = 1> <Delay = 0.28> <FuncUnit> <Opcode : 'and' 'or' 'xor'> <InPorts = 2> <OutPorts = 1>
ST_3 : Operation 316 [1/2] (0.67ns)   --->   "%b_forwarded_12 = load i3 %b_row_major_6_addr" [mmult.cpp:97]   --->   Operation 316 'load' 'b_forwarded_12' <Predicate = true> <Delay = 0.67> <CoreInst = "RAM_2P_LUTRAM">   --->   Core 93 'RAM_2P_LUTRAM' <Latency = 1> <II = 1> <Delay = 0.67> <Storage> <Opcode : 'load' 'store'> <Ports = 2> <Width = 8> <Depth = 8> <RAM>
ST_3 : Operation 317 [1/1] (0.39ns) (out node of the LUT)   --->   "%b_forwarded_13 = select i1 %and_ln96_6, i8 %b_forwarded_12, i8 0" [mmult.cpp:96]   --->   Operation 317 'select' 'b_forwarded_13' <Predicate = true> <Delay = 0.39> <CoreInst = "Sel">   --->   Core 73 'Sel' <Latency = 0> <II = 1> <Delay = 0.39> <FuncUnit> <Opcode : 'select'> <InPorts = 3> <OutPorts = 1>
ST_3 : Operation 318 [1/1] (0.00ns)   --->   "%sext_ln100_7 = sext i8 %b_forwarded_13" [mmult.cpp:100]   --->   Operation 318 'sext' 'sext_ln100_7' <Predicate = true> <Delay = 0.00>
ST_3 : Operation 319 [3/3] (0.99ns) (grouped into DSP with root node add_ln101_6)   --->   "%product_6 = mul i16 %sext_ln100_7, i16 %sext_ln100" [mmult.cpp:100]   --->   Operation 319 'mul' 'product_6' <Predicate = true> <Delay = 0.99> <CoreInst = "DSP48">   --->   Core 127 'DSP48' <Latency = 3> <II = 1> <Delay = 0.53> <IPBlock> <Opcode : '' 'add' 'sub' 'mul' 'select'> <InPorts = 0> <OutPorts = 1> <Sync> <CReg>
ST_3 : Operation 320 [1/1] (0.00ns) (grouped into LUT with out node b_forwarded_15)   --->   "%and_ln96_7 = and i1 %cmp13, i1 %icmp6_read" [mmult.cpp:96]   --->   Operation 320 'and' 'and_ln96_7' <Predicate = true> <Delay = 0.00> <CoreInst = "LogicGate">   --->   Core 74 'LogicGate' <Latency = 0> <II = 1> <Delay = 0.28> <FuncUnit> <Opcode : 'and' 'or' 'xor'> <InPorts = 2> <OutPorts = 1>
ST_3 : Operation 321 [1/2] (0.67ns)   --->   "%b_forwarded_14 = load i3 %b_row_major_7_addr" [mmult.cpp:97]   --->   Operation 321 'load' 'b_forwarded_14' <Predicate = true> <Delay = 0.67> <CoreInst = "RAM_2P_LUTRAM">   --->   Core 93 'RAM_2P_LUTRAM' <Latency = 1> <II = 1> <Delay = 0.67> <Storage> <Opcode : 'load' 'store'> <Ports = 2> <Width = 8> <Depth = 8> <RAM>
ST_3 : Operation 322 [1/1] (0.39ns) (out node of the LUT)   --->   "%b_forwarded_15 = select i1 %and_ln96_7, i8 %b_forwarded_14, i8 0" [mmult.cpp:96]   --->   Operation 322 'select' 'b_forwarded_15' <Predicate = true> <Delay = 0.39> <CoreInst = "Sel">   --->   Core 73 'Sel' <Latency = 0> <II = 1> <Delay = 0.39> <FuncUnit> <Opcode : 'select'> <InPorts = 3> <OutPorts = 1>
ST_3 : Operation 323 [1/1] (0.00ns)   --->   "%sext_ln100_8 = sext i8 %b_forwarded_15" [mmult.cpp:100]   --->   Operation 323 'sext' 'sext_ln100_8' <Predicate = true> <Delay = 0.00>
ST_3 : Operation 324 [3/3] (0.99ns) (grouped into DSP with root node add_ln101_7)   --->   "%product_7 = mul i16 %sext_ln100_8, i16 %sext_ln100" [mmult.cpp:100]   --->   Operation 324 'mul' 'product_7' <Predicate = true> <Delay = 0.99> <CoreInst = "DSP48">   --->   Core 127 'DSP48' <Latency = 3> <II = 1> <Delay = 0.53> <IPBlock> <Opcode : '' 'add' 'sub' 'mul' 'select'> <InPorts = 0> <OutPorts = 1> <Sync> <CReg>
ST_3 : Operation 325 [1/1] (0.00ns) (grouped into LUT with out node a_forwarded_3)   --->   "%or_ln91_1 = or i1 %icmp9_read, i1 %xor_ln91" [mmult.cpp:91]   --->   Operation 325 'or' 'or_ln91_1' <Predicate = true> <Delay = 0.00> <CoreInst = "LogicGate">   --->   Core 74 'LogicGate' <Latency = 0> <II = 1> <Delay = 0.28> <FuncUnit> <Opcode : 'and' 'or' 'xor'> <InPorts = 2> <OutPorts = 1>
ST_3 : Operation 326 [1/2] (0.67ns)   --->   "%a_forwarded_2 = load i3 %a_row_major_1_addr" [mmult.cpp:92]   --->   Operation 326 'load' 'a_forwarded_2' <Predicate = true> <Delay = 0.67> <CoreInst = "RAM_2P_LUTRAM">   --->   Core 93 'RAM_2P_LUTRAM' <Latency = 1> <II = 1> <Delay = 0.67> <Storage> <Opcode : 'load' 'store'> <Ports = 2> <Width = 8> <Depth = 8> <RAM>
ST_3 : Operation 327 [1/1] (0.39ns) (out node of the LUT)   --->   "%a_forwarded_3 = select i1 %or_ln91_1, i8 0, i8 %a_forwarded_2" [mmult.cpp:91]   --->   Operation 327 'select' 'a_forwarded_3' <Predicate = true> <Delay = 0.39> <CoreInst = "Sel">   --->   Core 73 'Sel' <Latency = 0> <II = 1> <Delay = 0.39> <FuncUnit> <Opcode : 'select'> <InPorts = 3> <OutPorts = 1>
ST_3 : Operation 328 [1/1] (0.00ns)   --->   "%sext_ln100_9 = sext i8 %a_forwarded_3" [mmult.cpp:100]   --->   Operation 328 'sext' 'sext_ln100_9' <Predicate = true> <Delay = 0.00>
ST_3 : Operation 329 [3/3] (0.99ns) (grouped into DSP with root node add_ln101_8)   --->   "%product_8 = mul i16 %sext_ln100_1, i16 %sext_ln100_9" [mmult.cpp:100]   --->   Operation 329 'mul' 'product_8' <Predicate = true> <Delay = 0.99> <CoreInst = "DSP48">   --->   Core 127 'DSP48' <Latency = 3> <II = 1> <Delay = 0.53> <IPBlock> <Opcode : '' 'add' 'sub' 'mul' 'select'> <InPorts = 0> <OutPorts = 1> <Sync> <CReg>
ST_3 : Operation 330 [3/3] (0.99ns) (grouped into DSP with root node add_ln101_9)   --->   "%product_9 = mul i16 %sext_ln100_2, i16 %sext_ln100_9" [mmult.cpp:100]   --->   Operation 330 'mul' 'product_9' <Predicate = true> <Delay = 0.99> <CoreInst = "DSP48">   --->   Core 127 'DSP48' <Latency = 3> <II = 1> <Delay = 0.53> <IPBlock> <Opcode : '' 'add' 'sub' 'mul' 'select'> <InPorts = 0> <OutPorts = 1> <Sync> <CReg>
ST_3 : Operation 331 [3/3] (0.99ns) (grouped into DSP with root node add_ln101_10)   --->   "%product_10 = mul i16 %sext_ln100_3, i16 %sext_ln100_9" [mmult.cpp:100]   --->   Operation 331 'mul' 'product_10' <Predicate = true> <Delay = 0.99> <CoreInst = "DSP48">   --->   Core 127 'DSP48' <Latency = 3> <II = 1> <Delay = 0.53> <IPBlock> <Opcode : '' 'add' 'sub' 'mul' 'select'> <InPorts = 0> <OutPorts = 1> <Sync> <CReg>
ST_3 : Operation 332 [3/3] (0.99ns) (grouped into DSP with root node add_ln101_11)   --->   "%product_11 = mul i16 %sext_ln100_4, i16 %sext_ln100_9" [mmult.cpp:100]   --->   Operation 332 'mul' 'product_11' <Predicate = true> <Delay = 0.99> <CoreInst = "DSP48">   --->   Core 127 'DSP48' <Latency = 3> <II = 1> <Delay = 0.53> <IPBlock> <Opcode : '' 'add' 'sub' 'mul' 'select'> <InPorts = 0> <OutPorts = 1> <Sync> <CReg>
ST_3 : Operation 333 [3/3] (0.99ns) (grouped into DSP with root node add_ln101_12)   --->   "%product_12 = mul i16 %sext_ln100_5, i16 %sext_ln100_9" [mmult.cpp:100]   --->   Operation 333 'mul' 'product_12' <Predicate = true> <Delay = 0.99> <CoreInst = "DSP48">   --->   Core 127 'DSP48' <Latency = 3> <II = 1> <Delay = 0.53> <IPBlock> <Opcode : '' 'add' 'sub' 'mul' 'select'> <InPorts = 0> <OutPorts = 1> <Sync> <CReg>
ST_3 : Operation 334 [3/3] (0.99ns) (grouped into DSP with root node add_ln101_13)   --->   "%product_13 = mul i16 %sext_ln100_6, i16 %sext_ln100_9" [mmult.cpp:100]   --->   Operation 334 'mul' 'product_13' <Predicate = true> <Delay = 0.99> <CoreInst = "DSP48">   --->   Core 127 'DSP48' <Latency = 3> <II = 1> <Delay = 0.53> <IPBlock> <Opcode : '' 'add' 'sub' 'mul' 'select'> <InPorts = 0> <OutPorts = 1> <Sync> <CReg>
ST_3 : Operation 335 [3/3] (0.99ns) (grouped into DSP with root node add_ln101_14)   --->   "%product_14 = mul i16 %sext_ln100_7, i16 %sext_ln100_9" [mmult.cpp:100]   --->   Operation 335 'mul' 'product_14' <Predicate = true> <Delay = 0.99> <CoreInst = "DSP48">   --->   Core 127 'DSP48' <Latency = 3> <II = 1> <Delay = 0.53> <IPBlock> <Opcode : '' 'add' 'sub' 'mul' 'select'> <InPorts = 0> <OutPorts = 1> <Sync> <CReg>
ST_3 : Operation 336 [3/3] (0.99ns) (grouped into DSP with root node add_ln101_15)   --->   "%product_15 = mul i16 %sext_ln100_8, i16 %sext_ln100_9" [mmult.cpp:100]   --->   Operation 336 'mul' 'product_15' <Predicate = true> <Delay = 0.99> <CoreInst = "DSP48">   --->   Core 127 'DSP48' <Latency = 3> <II = 1> <Delay = 0.53> <IPBlock> <Opcode : '' 'add' 'sub' 'mul' 'select'> <InPorts = 0> <OutPorts = 1> <Sync> <CReg>
ST_3 : Operation 337 [1/1] (0.00ns) (grouped into LUT with out node a_forwarded_5)   --->   "%or_ln91_2 = or i1 %cmp9_2_not_read, i1 %xor_ln91" [mmult.cpp:91]   --->   Operation 337 'or' 'or_ln91_2' <Predicate = true> <Delay = 0.00> <CoreInst = "LogicGate">   --->   Core 74 'LogicGate' <Latency = 0> <II = 1> <Delay = 0.28> <FuncUnit> <Opcode : 'and' 'or' 'xor'> <InPorts = 2> <OutPorts = 1>
ST_3 : Operation 338 [1/2] (0.67ns)   --->   "%a_forwarded_4 = load i3 %a_row_major_2_addr" [mmult.cpp:92]   --->   Operation 338 'load' 'a_forwarded_4' <Predicate = true> <Delay = 0.67> <CoreInst = "RAM_2P_LUTRAM">   --->   Core 93 'RAM_2P_LUTRAM' <Latency = 1> <II = 1> <Delay = 0.67> <Storage> <Opcode : 'load' 'store'> <Ports = 2> <Width = 8> <Depth = 8> <RAM>
ST_3 : Operation 339 [1/1] (0.39ns) (out node of the LUT)   --->   "%a_forwarded_5 = select i1 %or_ln91_2, i8 0, i8 %a_forwarded_4" [mmult.cpp:91]   --->   Operation 339 'select' 'a_forwarded_5' <Predicate = true> <Delay = 0.39> <CoreInst = "Sel">   --->   Core 73 'Sel' <Latency = 0> <II = 1> <Delay = 0.39> <FuncUnit> <Opcode : 'select'> <InPorts = 3> <OutPorts = 1>
ST_3 : Operation 340 [1/1] (0.00ns)   --->   "%sext_ln100_10 = sext i8 %a_forwarded_5" [mmult.cpp:100]   --->   Operation 340 'sext' 'sext_ln100_10' <Predicate = true> <Delay = 0.00>
ST_3 : Operation 341 [3/3] (0.99ns) (grouped into DSP with root node add_ln101_16)   --->   "%product_16 = mul i16 %sext_ln100_1, i16 %sext_ln100_10" [mmult.cpp:100]   --->   Operation 341 'mul' 'product_16' <Predicate = true> <Delay = 0.99> <CoreInst = "DSP48">   --->   Core 127 'DSP48' <Latency = 3> <II = 1> <Delay = 0.53> <IPBlock> <Opcode : '' 'add' 'sub' 'mul' 'select'> <InPorts = 0> <OutPorts = 1> <Sync> <CReg>
ST_3 : Operation 342 [3/3] (0.99ns) (grouped into DSP with root node add_ln101_17)   --->   "%product_17 = mul i16 %sext_ln100_2, i16 %sext_ln100_10" [mmult.cpp:100]   --->   Operation 342 'mul' 'product_17' <Predicate = true> <Delay = 0.99> <CoreInst = "DSP48">   --->   Core 127 'DSP48' <Latency = 3> <II = 1> <Delay = 0.53> <IPBlock> <Opcode : '' 'add' 'sub' 'mul' 'select'> <InPorts = 0> <OutPorts = 1> <Sync> <CReg>
ST_3 : Operation 343 [3/3] (0.99ns) (grouped into DSP with root node add_ln101_18)   --->   "%product_18 = mul i16 %sext_ln100_3, i16 %sext_ln100_10" [mmult.cpp:100]   --->   Operation 343 'mul' 'product_18' <Predicate = true> <Delay = 0.99> <CoreInst = "DSP48">   --->   Core 127 'DSP48' <Latency = 3> <II = 1> <Delay = 0.53> <IPBlock> <Opcode : '' 'add' 'sub' 'mul' 'select'> <InPorts = 0> <OutPorts = 1> <Sync> <CReg>
ST_3 : Operation 344 [3/3] (0.99ns) (grouped into DSP with root node add_ln101_19)   --->   "%product_19 = mul i16 %sext_ln100_4, i16 %sext_ln100_10" [mmult.cpp:100]   --->   Operation 344 'mul' 'product_19' <Predicate = true> <Delay = 0.99> <CoreInst = "DSP48">   --->   Core 127 'DSP48' <Latency = 3> <II = 1> <Delay = 0.53> <IPBlock> <Opcode : '' 'add' 'sub' 'mul' 'select'> <InPorts = 0> <OutPorts = 1> <Sync> <CReg>
ST_3 : Operation 345 [3/3] (0.99ns) (grouped into DSP with root node add_ln101_20)   --->   "%product_20 = mul i16 %sext_ln100_5, i16 %sext_ln100_10" [mmult.cpp:100]   --->   Operation 345 'mul' 'product_20' <Predicate = true> <Delay = 0.99> <CoreInst = "DSP48">   --->   Core 127 'DSP48' <Latency = 3> <II = 1> <Delay = 0.53> <IPBlock> <Opcode : '' 'add' 'sub' 'mul' 'select'> <InPorts = 0> <OutPorts = 1> <Sync> <CReg>
ST_3 : Operation 346 [3/3] (0.99ns) (grouped into DSP with root node add_ln101_21)   --->   "%product_21 = mul i16 %sext_ln100_6, i16 %sext_ln100_10" [mmult.cpp:100]   --->   Operation 346 'mul' 'product_21' <Predicate = true> <Delay = 0.99> <CoreInst = "DSP48">   --->   Core 127 'DSP48' <Latency = 3> <II = 1> <Delay = 0.53> <IPBlock> <Opcode : '' 'add' 'sub' 'mul' 'select'> <InPorts = 0> <OutPorts = 1> <Sync> <CReg>
ST_3 : Operation 347 [3/3] (0.99ns) (grouped into DSP with root node add_ln101_22)   --->   "%product_22 = mul i16 %sext_ln100_7, i16 %sext_ln100_10" [mmult.cpp:100]   --->   Operation 347 'mul' 'product_22' <Predicate = true> <Delay = 0.99> <CoreInst = "DSP48">   --->   Core 127 'DSP48' <Latency = 3> <II = 1> <Delay = 0.53> <IPBlock> <Opcode : '' 'add' 'sub' 'mul' 'select'> <InPorts = 0> <OutPorts = 1> <Sync> <CReg>
ST_3 : Operation 348 [3/3] (0.99ns) (grouped into DSP with root node add_ln101_23)   --->   "%product_23 = mul i16 %sext_ln100_8, i16 %sext_ln100_10" [mmult.cpp:100]   --->   Operation 348 'mul' 'product_23' <Predicate = true> <Delay = 0.99> <CoreInst = "DSP48">   --->   Core 127 'DSP48' <Latency = 3> <II = 1> <Delay = 0.53> <IPBlock> <Opcode : '' 'add' 'sub' 'mul' 'select'> <InPorts = 0> <OutPorts = 1> <Sync> <CReg>
ST_3 : Operation 349 [1/1] (0.00ns) (grouped into LUT with out node a_forwarded_7)   --->   "%or_ln91_3 = or i1 %icmp12_read, i1 %xor_ln91" [mmult.cpp:91]   --->   Operation 349 'or' 'or_ln91_3' <Predicate = true> <Delay = 0.00> <CoreInst = "LogicGate">   --->   Core 74 'LogicGate' <Latency = 0> <II = 1> <Delay = 0.28> <FuncUnit> <Opcode : 'and' 'or' 'xor'> <InPorts = 2> <OutPorts = 1>
ST_3 : Operation 350 [1/2] (0.67ns)   --->   "%a_forwarded_6 = load i3 %a_row_major_3_addr" [mmult.cpp:92]   --->   Operation 350 'load' 'a_forwarded_6' <Predicate = true> <Delay = 0.67> <CoreInst = "RAM_2P_LUTRAM">   --->   Core 93 'RAM_2P_LUTRAM' <Latency = 1> <II = 1> <Delay = 0.67> <Storage> <Opcode : 'load' 'store'> <Ports = 2> <Width = 8> <Depth = 8> <RAM>
ST_3 : Operation 351 [1/1] (0.39ns) (out node of the LUT)   --->   "%a_forwarded_7 = select i1 %or_ln91_3, i8 0, i8 %a_forwarded_6" [mmult.cpp:91]   --->   Operation 351 'select' 'a_forwarded_7' <Predicate = true> <Delay = 0.39> <CoreInst = "Sel">   --->   Core 73 'Sel' <Latency = 0> <II = 1> <Delay = 0.39> <FuncUnit> <Opcode : 'select'> <InPorts = 3> <OutPorts = 1>
ST_3 : Operation 352 [1/1] (0.00ns)   --->   "%sext_ln100_11 = sext i8 %a_forwarded_7" [mmult.cpp:100]   --->   Operation 352 'sext' 'sext_ln100_11' <Predicate = true> <Delay = 0.00>
ST_3 : Operation 353 [3/3] (0.99ns) (grouped into DSP with root node add_ln101_24)   --->   "%product_24 = mul i16 %sext_ln100_1, i16 %sext_ln100_11" [mmult.cpp:100]   --->   Operation 353 'mul' 'product_24' <Predicate = true> <Delay = 0.99> <CoreInst = "DSP48">   --->   Core 127 'DSP48' <Latency = 3> <II = 1> <Delay = 0.53> <IPBlock> <Opcode : '' 'add' 'sub' 'mul' 'select'> <InPorts = 0> <OutPorts = 1> <Sync> <CReg>
ST_3 : Operation 354 [3/3] (0.99ns) (grouped into DSP with root node add_ln101_25)   --->   "%product_25 = mul i16 %sext_ln100_2, i16 %sext_ln100_11" [mmult.cpp:100]   --->   Operation 354 'mul' 'product_25' <Predicate = true> <Delay = 0.99> <CoreInst = "DSP48">   --->   Core 127 'DSP48' <Latency = 3> <II = 1> <Delay = 0.53> <IPBlock> <Opcode : '' 'add' 'sub' 'mul' 'select'> <InPorts = 0> <OutPorts = 1> <Sync> <CReg>
ST_3 : Operation 355 [3/3] (0.99ns) (grouped into DSP with root node add_ln101_26)   --->   "%product_26 = mul i16 %sext_ln100_3, i16 %sext_ln100_11" [mmult.cpp:100]   --->   Operation 355 'mul' 'product_26' <Predicate = true> <Delay = 0.99> <CoreInst = "DSP48">   --->   Core 127 'DSP48' <Latency = 3> <II = 1> <Delay = 0.53> <IPBlock> <Opcode : '' 'add' 'sub' 'mul' 'select'> <InPorts = 0> <OutPorts = 1> <Sync> <CReg>
ST_3 : Operation 356 [3/3] (0.99ns) (grouped into DSP with root node add_ln101_27)   --->   "%product_27 = mul i16 %sext_ln100_4, i16 %sext_ln100_11" [mmult.cpp:100]   --->   Operation 356 'mul' 'product_27' <Predicate = true> <Delay = 0.99> <CoreInst = "DSP48">   --->   Core 127 'DSP48' <Latency = 3> <II = 1> <Delay = 0.53> <IPBlock> <Opcode : '' 'add' 'sub' 'mul' 'select'> <InPorts = 0> <OutPorts = 1> <Sync> <CReg>
ST_3 : Operation 357 [3/3] (0.99ns) (grouped into DSP with root node add_ln101_28)   --->   "%product_28 = mul i16 %sext_ln100_5, i16 %sext_ln100_11" [mmult.cpp:100]   --->   Operation 357 'mul' 'product_28' <Predicate = true> <Delay = 0.99> <CoreInst = "DSP48">   --->   Core 127 'DSP48' <Latency = 3> <II = 1> <Delay = 0.53> <IPBlock> <Opcode : '' 'add' 'sub' 'mul' 'select'> <InPorts = 0> <OutPorts = 1> <Sync> <CReg>
ST_3 : Operation 358 [3/3] (0.99ns) (grouped into DSP with root node add_ln101_29)   --->   "%product_29 = mul i16 %sext_ln100_6, i16 %sext_ln100_11" [mmult.cpp:100]   --->   Operation 358 'mul' 'product_29' <Predicate = true> <Delay = 0.99> <CoreInst = "DSP48">   --->   Core 127 'DSP48' <Latency = 3> <II = 1> <Delay = 0.53> <IPBlock> <Opcode : '' 'add' 'sub' 'mul' 'select'> <InPorts = 0> <OutPorts = 1> <Sync> <CReg>
ST_3 : Operation 359 [3/3] (0.99ns) (grouped into DSP with root node add_ln101_30)   --->   "%product_30 = mul i16 %sext_ln100_7, i16 %sext_ln100_11" [mmult.cpp:100]   --->   Operation 359 'mul' 'product_30' <Predicate = true> <Delay = 0.99> <CoreInst = "DSP48">   --->   Core 127 'DSP48' <Latency = 3> <II = 1> <Delay = 0.53> <IPBlock> <Opcode : '' 'add' 'sub' 'mul' 'select'> <InPorts = 0> <OutPorts = 1> <Sync> <CReg>
ST_3 : Operation 360 [3/3] (0.99ns) (grouped into DSP with root node add_ln101_31)   --->   "%product_31 = mul i16 %sext_ln100_8, i16 %sext_ln100_11" [mmult.cpp:100]   --->   Operation 360 'mul' 'product_31' <Predicate = true> <Delay = 0.99> <CoreInst = "DSP48">   --->   Core 127 'DSP48' <Latency = 3> <II = 1> <Delay = 0.53> <IPBlock> <Opcode : '' 'add' 'sub' 'mul' 'select'> <InPorts = 0> <OutPorts = 1> <Sync> <CReg>
ST_3 : Operation 361 [1/1] (0.00ns) (grouped into LUT with out node a_forwarded_9)   --->   "%or_ln91_4 = or i1 %cmp9_4_not_read, i1 %xor_ln91" [mmult.cpp:91]   --->   Operation 361 'or' 'or_ln91_4' <Predicate = true> <Delay = 0.00> <CoreInst = "LogicGate">   --->   Core 74 'LogicGate' <Latency = 0> <II = 1> <Delay = 0.28> <FuncUnit> <Opcode : 'and' 'or' 'xor'> <InPorts = 2> <OutPorts = 1>
ST_3 : Operation 362 [1/2] (0.67ns)   --->   "%a_forwarded_8 = load i3 %a_row_major_4_addr" [mmult.cpp:92]   --->   Operation 362 'load' 'a_forwarded_8' <Predicate = true> <Delay = 0.67> <CoreInst = "RAM_2P_LUTRAM">   --->   Core 93 'RAM_2P_LUTRAM' <Latency = 1> <II = 1> <Delay = 0.67> <Storage> <Opcode : 'load' 'store'> <Ports = 2> <Width = 8> <Depth = 8> <RAM>
ST_3 : Operation 363 [1/1] (0.39ns) (out node of the LUT)   --->   "%a_forwarded_9 = select i1 %or_ln91_4, i8 0, i8 %a_forwarded_8" [mmult.cpp:91]   --->   Operation 363 'select' 'a_forwarded_9' <Predicate = true> <Delay = 0.39> <CoreInst = "Sel">   --->   Core 73 'Sel' <Latency = 0> <II = 1> <Delay = 0.39> <FuncUnit> <Opcode : 'select'> <InPorts = 3> <OutPorts = 1>
ST_3 : Operation 364 [1/1] (0.00ns)   --->   "%sext_ln100_12 = sext i8 %a_forwarded_9" [mmult.cpp:100]   --->   Operation 364 'sext' 'sext_ln100_12' <Predicate = true> <Delay = 0.00>
ST_3 : Operation 365 [3/3] (0.99ns) (grouped into DSP with root node add_ln101_32)   --->   "%product_32 = mul i16 %sext_ln100_1, i16 %sext_ln100_12" [mmult.cpp:100]   --->   Operation 365 'mul' 'product_32' <Predicate = true> <Delay = 0.99> <CoreInst = "DSP48">   --->   Core 127 'DSP48' <Latency = 3> <II = 1> <Delay = 0.53> <IPBlock> <Opcode : '' 'add' 'sub' 'mul' 'select'> <InPorts = 0> <OutPorts = 1> <Sync> <CReg>
ST_3 : Operation 366 [3/3] (0.99ns) (grouped into DSP with root node add_ln101_33)   --->   "%product_33 = mul i16 %sext_ln100_2, i16 %sext_ln100_12" [mmult.cpp:100]   --->   Operation 366 'mul' 'product_33' <Predicate = true> <Delay = 0.99> <CoreInst = "DSP48">   --->   Core 127 'DSP48' <Latency = 3> <II = 1> <Delay = 0.53> <IPBlock> <Opcode : '' 'add' 'sub' 'mul' 'select'> <InPorts = 0> <OutPorts = 1> <Sync> <CReg>
ST_3 : Operation 367 [3/3] (0.99ns) (grouped into DSP with root node add_ln101_34)   --->   "%product_34 = mul i16 %sext_ln100_3, i16 %sext_ln100_12" [mmult.cpp:100]   --->   Operation 367 'mul' 'product_34' <Predicate = true> <Delay = 0.99> <CoreInst = "DSP48">   --->   Core 127 'DSP48' <Latency = 3> <II = 1> <Delay = 0.53> <IPBlock> <Opcode : '' 'add' 'sub' 'mul' 'select'> <InPorts = 0> <OutPorts = 1> <Sync> <CReg>
ST_3 : Operation 368 [3/3] (0.99ns) (grouped into DSP with root node add_ln101_35)   --->   "%product_35 = mul i16 %sext_ln100_4, i16 %sext_ln100_12" [mmult.cpp:100]   --->   Operation 368 'mul' 'product_35' <Predicate = true> <Delay = 0.99> <CoreInst = "DSP48">   --->   Core 127 'DSP48' <Latency = 3> <II = 1> <Delay = 0.53> <IPBlock> <Opcode : '' 'add' 'sub' 'mul' 'select'> <InPorts = 0> <OutPorts = 1> <Sync> <CReg>
ST_3 : Operation 369 [3/3] (0.99ns) (grouped into DSP with root node add_ln101_36)   --->   "%product_36 = mul i16 %sext_ln100_5, i16 %sext_ln100_12" [mmult.cpp:100]   --->   Operation 369 'mul' 'product_36' <Predicate = true> <Delay = 0.99> <CoreInst = "DSP48">   --->   Core 127 'DSP48' <Latency = 3> <II = 1> <Delay = 0.53> <IPBlock> <Opcode : '' 'add' 'sub' 'mul' 'select'> <InPorts = 0> <OutPorts = 1> <Sync> <CReg>
ST_3 : Operation 370 [3/3] (0.99ns) (grouped into DSP with root node add_ln101_37)   --->   "%product_37 = mul i16 %sext_ln100_6, i16 %sext_ln100_12" [mmult.cpp:100]   --->   Operation 370 'mul' 'product_37' <Predicate = true> <Delay = 0.99> <CoreInst = "DSP48">   --->   Core 127 'DSP48' <Latency = 3> <II = 1> <Delay = 0.53> <IPBlock> <Opcode : '' 'add' 'sub' 'mul' 'select'> <InPorts = 0> <OutPorts = 1> <Sync> <CReg>
ST_3 : Operation 371 [3/3] (0.99ns) (grouped into DSP with root node add_ln101_38)   --->   "%product_38 = mul i16 %sext_ln100_7, i16 %sext_ln100_12" [mmult.cpp:100]   --->   Operation 371 'mul' 'product_38' <Predicate = true> <Delay = 0.99> <CoreInst = "DSP48">   --->   Core 127 'DSP48' <Latency = 3> <II = 1> <Delay = 0.53> <IPBlock> <Opcode : '' 'add' 'sub' 'mul' 'select'> <InPorts = 0> <OutPorts = 1> <Sync> <CReg>
ST_3 : Operation 372 [3/3] (0.99ns) (grouped into DSP with root node add_ln101_39)   --->   "%product_39 = mul i16 %sext_ln100_8, i16 %sext_ln100_12" [mmult.cpp:100]   --->   Operation 372 'mul' 'product_39' <Predicate = true> <Delay = 0.99> <CoreInst = "DSP48">   --->   Core 127 'DSP48' <Latency = 3> <II = 1> <Delay = 0.53> <IPBlock> <Opcode : '' 'add' 'sub' 'mul' 'select'> <InPorts = 0> <OutPorts = 1> <Sync> <CReg>
ST_3 : Operation 373 [1/1] (0.00ns) (grouped into LUT with out node a_forwarded_11)   --->   "%or_ln91_5 = or i1 %cmp9_5_not_read, i1 %xor_ln91" [mmult.cpp:91]   --->   Operation 373 'or' 'or_ln91_5' <Predicate = true> <Delay = 0.00> <CoreInst = "LogicGate">   --->   Core 74 'LogicGate' <Latency = 0> <II = 1> <Delay = 0.28> <FuncUnit> <Opcode : 'and' 'or' 'xor'> <InPorts = 2> <OutPorts = 1>
ST_3 : Operation 374 [1/2] (0.67ns)   --->   "%a_forwarded_10 = load i3 %a_row_major_5_addr" [mmult.cpp:92]   --->   Operation 374 'load' 'a_forwarded_10' <Predicate = true> <Delay = 0.67> <CoreInst = "RAM_2P_LUTRAM">   --->   Core 93 'RAM_2P_LUTRAM' <Latency = 1> <II = 1> <Delay = 0.67> <Storage> <Opcode : 'load' 'store'> <Ports = 2> <Width = 8> <Depth = 8> <RAM>
ST_3 : Operation 375 [1/1] (0.39ns) (out node of the LUT)   --->   "%a_forwarded_11 = select i1 %or_ln91_5, i8 0, i8 %a_forwarded_10" [mmult.cpp:91]   --->   Operation 375 'select' 'a_forwarded_11' <Predicate = true> <Delay = 0.39> <CoreInst = "Sel">   --->   Core 73 'Sel' <Latency = 0> <II = 1> <Delay = 0.39> <FuncUnit> <Opcode : 'select'> <InPorts = 3> <OutPorts = 1>
ST_3 : Operation 376 [1/1] (0.00ns)   --->   "%sext_ln100_13 = sext i8 %a_forwarded_11" [mmult.cpp:100]   --->   Operation 376 'sext' 'sext_ln100_13' <Predicate = true> <Delay = 0.00>
ST_3 : Operation 377 [3/3] (0.99ns) (grouped into DSP with root node add_ln101_40)   --->   "%product_40 = mul i16 %sext_ln100_1, i16 %sext_ln100_13" [mmult.cpp:100]   --->   Operation 377 'mul' 'product_40' <Predicate = true> <Delay = 0.99> <CoreInst = "DSP48">   --->   Core 127 'DSP48' <Latency = 3> <II = 1> <Delay = 0.53> <IPBlock> <Opcode : '' 'add' 'sub' 'mul' 'select'> <InPorts = 0> <OutPorts = 1> <Sync> <CReg>
ST_3 : Operation 378 [3/3] (0.99ns) (grouped into DSP with root node add_ln101_41)   --->   "%product_41 = mul i16 %sext_ln100_2, i16 %sext_ln100_13" [mmult.cpp:100]   --->   Operation 378 'mul' 'product_41' <Predicate = true> <Delay = 0.99> <CoreInst = "DSP48">   --->   Core 127 'DSP48' <Latency = 3> <II = 1> <Delay = 0.53> <IPBlock> <Opcode : '' 'add' 'sub' 'mul' 'select'> <InPorts = 0> <OutPorts = 1> <Sync> <CReg>
ST_3 : Operation 379 [3/3] (0.99ns) (grouped into DSP with root node add_ln101_42)   --->   "%product_42 = mul i16 %sext_ln100_3, i16 %sext_ln100_13" [mmult.cpp:100]   --->   Operation 379 'mul' 'product_42' <Predicate = true> <Delay = 0.99> <CoreInst = "DSP48">   --->   Core 127 'DSP48' <Latency = 3> <II = 1> <Delay = 0.53> <IPBlock> <Opcode : '' 'add' 'sub' 'mul' 'select'> <InPorts = 0> <OutPorts = 1> <Sync> <CReg>
ST_3 : Operation 380 [3/3] (0.99ns) (grouped into DSP with root node add_ln101_43)   --->   "%product_43 = mul i16 %sext_ln100_4, i16 %sext_ln100_13" [mmult.cpp:100]   --->   Operation 380 'mul' 'product_43' <Predicate = true> <Delay = 0.99> <CoreInst = "DSP48">   --->   Core 127 'DSP48' <Latency = 3> <II = 1> <Delay = 0.53> <IPBlock> <Opcode : '' 'add' 'sub' 'mul' 'select'> <InPorts = 0> <OutPorts = 1> <Sync> <CReg>
ST_3 : Operation 381 [3/3] (0.99ns) (grouped into DSP with root node add_ln101_44)   --->   "%product_44 = mul i16 %sext_ln100_5, i16 %sext_ln100_13" [mmult.cpp:100]   --->   Operation 381 'mul' 'product_44' <Predicate = true> <Delay = 0.99> <CoreInst = "DSP48">   --->   Core 127 'DSP48' <Latency = 3> <II = 1> <Delay = 0.53> <IPBlock> <Opcode : '' 'add' 'sub' 'mul' 'select'> <InPorts = 0> <OutPorts = 1> <Sync> <CReg>
ST_3 : Operation 382 [3/3] (0.99ns) (grouped into DSP with root node add_ln101_45)   --->   "%product_45 = mul i16 %sext_ln100_6, i16 %sext_ln100_13" [mmult.cpp:100]   --->   Operation 382 'mul' 'product_45' <Predicate = true> <Delay = 0.99> <CoreInst = "DSP48">   --->   Core 127 'DSP48' <Latency = 3> <II = 1> <Delay = 0.53> <IPBlock> <Opcode : '' 'add' 'sub' 'mul' 'select'> <InPorts = 0> <OutPorts = 1> <Sync> <CReg>
ST_3 : Operation 383 [3/3] (0.99ns) (grouped into DSP with root node add_ln101_46)   --->   "%product_46 = mul i16 %sext_ln100_7, i16 %sext_ln100_13" [mmult.cpp:100]   --->   Operation 383 'mul' 'product_46' <Predicate = true> <Delay = 0.99> <CoreInst = "DSP48">   --->   Core 127 'DSP48' <Latency = 3> <II = 1> <Delay = 0.53> <IPBlock> <Opcode : '' 'add' 'sub' 'mul' 'select'> <InPorts = 0> <OutPorts = 1> <Sync> <CReg>
ST_3 : Operation 384 [3/3] (0.99ns) (grouped into DSP with root node add_ln101_47)   --->   "%product_47 = mul i16 %sext_ln100_8, i16 %sext_ln100_13" [mmult.cpp:100]   --->   Operation 384 'mul' 'product_47' <Predicate = true> <Delay = 0.99> <CoreInst = "DSP48">   --->   Core 127 'DSP48' <Latency = 3> <II = 1> <Delay = 0.53> <IPBlock> <Opcode : '' 'add' 'sub' 'mul' 'select'> <InPorts = 0> <OutPorts = 1> <Sync> <CReg>
ST_3 : Operation 385 [1/1] (0.00ns) (grouped into LUT with out node a_forwarded_13)   --->   "%or_ln91_6 = or i1 %cmp9_6_not_read, i1 %xor_ln91" [mmult.cpp:91]   --->   Operation 385 'or' 'or_ln91_6' <Predicate = true> <Delay = 0.00> <CoreInst = "LogicGate">   --->   Core 74 'LogicGate' <Latency = 0> <II = 1> <Delay = 0.28> <FuncUnit> <Opcode : 'and' 'or' 'xor'> <InPorts = 2> <OutPorts = 1>
ST_3 : Operation 386 [1/2] (0.67ns)   --->   "%a_forwarded_12 = load i3 %a_row_major_6_addr" [mmult.cpp:92]   --->   Operation 386 'load' 'a_forwarded_12' <Predicate = true> <Delay = 0.67> <CoreInst = "RAM_2P_LUTRAM">   --->   Core 93 'RAM_2P_LUTRAM' <Latency = 1> <II = 1> <Delay = 0.67> <Storage> <Opcode : 'load' 'store'> <Ports = 2> <Width = 8> <Depth = 8> <RAM>
ST_3 : Operation 387 [1/1] (0.39ns) (out node of the LUT)   --->   "%a_forwarded_13 = select i1 %or_ln91_6, i8 0, i8 %a_forwarded_12" [mmult.cpp:91]   --->   Operation 387 'select' 'a_forwarded_13' <Predicate = true> <Delay = 0.39> <CoreInst = "Sel">   --->   Core 73 'Sel' <Latency = 0> <II = 1> <Delay = 0.39> <FuncUnit> <Opcode : 'select'> <InPorts = 3> <OutPorts = 1>
ST_3 : Operation 388 [1/1] (0.00ns)   --->   "%sext_ln100_14 = sext i8 %a_forwarded_13" [mmult.cpp:100]   --->   Operation 388 'sext' 'sext_ln100_14' <Predicate = true> <Delay = 0.00>
ST_3 : Operation 389 [3/3] (0.99ns) (grouped into DSP with root node add_ln101_48)   --->   "%product_48 = mul i16 %sext_ln100_1, i16 %sext_ln100_14" [mmult.cpp:100]   --->   Operation 389 'mul' 'product_48' <Predicate = true> <Delay = 0.99> <CoreInst = "DSP48">   --->   Core 127 'DSP48' <Latency = 3> <II = 1> <Delay = 0.53> <IPBlock> <Opcode : '' 'add' 'sub' 'mul' 'select'> <InPorts = 0> <OutPorts = 1> <Sync> <CReg>
ST_3 : Operation 390 [3/3] (0.99ns) (grouped into DSP with root node add_ln101_49)   --->   "%product_49 = mul i16 %sext_ln100_2, i16 %sext_ln100_14" [mmult.cpp:100]   --->   Operation 390 'mul' 'product_49' <Predicate = true> <Delay = 0.99> <CoreInst = "DSP48">   --->   Core 127 'DSP48' <Latency = 3> <II = 1> <Delay = 0.53> <IPBlock> <Opcode : '' 'add' 'sub' 'mul' 'select'> <InPorts = 0> <OutPorts = 1> <Sync> <CReg>
ST_3 : Operation 391 [3/3] (0.99ns) (grouped into DSP with root node add_ln101_50)   --->   "%product_50 = mul i16 %sext_ln100_3, i16 %sext_ln100_14" [mmult.cpp:100]   --->   Operation 391 'mul' 'product_50' <Predicate = true> <Delay = 0.99> <CoreInst = "DSP48">   --->   Core 127 'DSP48' <Latency = 3> <II = 1> <Delay = 0.53> <IPBlock> <Opcode : '' 'add' 'sub' 'mul' 'select'> <InPorts = 0> <OutPorts = 1> <Sync> <CReg>
ST_3 : Operation 392 [3/3] (0.99ns) (grouped into DSP with root node add_ln101_51)   --->   "%product_51 = mul i16 %sext_ln100_4, i16 %sext_ln100_14" [mmult.cpp:100]   --->   Operation 392 'mul' 'product_51' <Predicate = true> <Delay = 0.99> <CoreInst = "DSP48">   --->   Core 127 'DSP48' <Latency = 3> <II = 1> <Delay = 0.53> <IPBlock> <Opcode : '' 'add' 'sub' 'mul' 'select'> <InPorts = 0> <OutPorts = 1> <Sync> <CReg>
ST_3 : Operation 393 [3/3] (0.99ns) (grouped into DSP with root node add_ln101_52)   --->   "%product_52 = mul i16 %sext_ln100_5, i16 %sext_ln100_14" [mmult.cpp:100]   --->   Operation 393 'mul' 'product_52' <Predicate = true> <Delay = 0.99> <CoreInst = "DSP48">   --->   Core 127 'DSP48' <Latency = 3> <II = 1> <Delay = 0.53> <IPBlock> <Opcode : '' 'add' 'sub' 'mul' 'select'> <InPorts = 0> <OutPorts = 1> <Sync> <CReg>
ST_3 : Operation 394 [3/3] (0.99ns) (grouped into DSP with root node add_ln101_53)   --->   "%product_53 = mul i16 %sext_ln100_6, i16 %sext_ln100_14" [mmult.cpp:100]   --->   Operation 394 'mul' 'product_53' <Predicate = true> <Delay = 0.99> <CoreInst = "DSP48">   --->   Core 127 'DSP48' <Latency = 3> <II = 1> <Delay = 0.53> <IPBlock> <Opcode : '' 'add' 'sub' 'mul' 'select'> <InPorts = 0> <OutPorts = 1> <Sync> <CReg>
ST_3 : Operation 395 [3/3] (0.99ns) (grouped into DSP with root node add_ln101_54)   --->   "%product_54 = mul i16 %sext_ln100_7, i16 %sext_ln100_14" [mmult.cpp:100]   --->   Operation 395 'mul' 'product_54' <Predicate = true> <Delay = 0.99> <CoreInst = "DSP48">   --->   Core 127 'DSP48' <Latency = 3> <II = 1> <Delay = 0.53> <IPBlock> <Opcode : '' 'add' 'sub' 'mul' 'select'> <InPorts = 0> <OutPorts = 1> <Sync> <CReg>
ST_3 : Operation 396 [3/3] (0.99ns) (grouped into DSP with root node add_ln101_55)   --->   "%product_55 = mul i16 %sext_ln100_8, i16 %sext_ln100_14" [mmult.cpp:100]   --->   Operation 396 'mul' 'product_55' <Predicate = true> <Delay = 0.99> <CoreInst = "DSP48">   --->   Core 127 'DSP48' <Latency = 3> <II = 1> <Delay = 0.53> <IPBlock> <Opcode : '' 'add' 'sub' 'mul' 'select'> <InPorts = 0> <OutPorts = 1> <Sync> <CReg>
ST_3 : Operation 397 [1/1] (0.00ns) (grouped into LUT with out node a_forwarded_15)   --->   "%or_ln91_7 = or i1 %icmp15_read, i1 %xor_ln91" [mmult.cpp:91]   --->   Operation 397 'or' 'or_ln91_7' <Predicate = true> <Delay = 0.00> <CoreInst = "LogicGate">   --->   Core 74 'LogicGate' <Latency = 0> <II = 1> <Delay = 0.28> <FuncUnit> <Opcode : 'and' 'or' 'xor'> <InPorts = 2> <OutPorts = 1>
ST_3 : Operation 398 [1/2] (0.67ns)   --->   "%a_forwarded_14 = load i3 %a_row_major_7_addr" [mmult.cpp:92]   --->   Operation 398 'load' 'a_forwarded_14' <Predicate = true> <Delay = 0.67> <CoreInst = "RAM_2P_LUTRAM">   --->   Core 93 'RAM_2P_LUTRAM' <Latency = 1> <II = 1> <Delay = 0.67> <Storage> <Opcode : 'load' 'store'> <Ports = 2> <Width = 8> <Depth = 8> <RAM>
ST_3 : Operation 399 [1/1] (0.39ns) (out node of the LUT)   --->   "%a_forwarded_15 = select i1 %or_ln91_7, i8 0, i8 %a_forwarded_14" [mmult.cpp:91]   --->   Operation 399 'select' 'a_forwarded_15' <Predicate = true> <Delay = 0.39> <CoreInst = "Sel">   --->   Core 73 'Sel' <Latency = 0> <II = 1> <Delay = 0.39> <FuncUnit> <Opcode : 'select'> <InPorts = 3> <OutPorts = 1>
ST_3 : Operation 400 [1/1] (0.00ns)   --->   "%sext_ln100_15 = sext i8 %a_forwarded_15" [mmult.cpp:100]   --->   Operation 400 'sext' 'sext_ln100_15' <Predicate = true> <Delay = 0.00>
ST_3 : Operation 401 [3/3] (0.99ns) (grouped into DSP with root node add_ln101_56)   --->   "%product_56 = mul i16 %sext_ln100_1, i16 %sext_ln100_15" [mmult.cpp:100]   --->   Operation 401 'mul' 'product_56' <Predicate = true> <Delay = 0.99> <CoreInst = "DSP48">   --->   Core 127 'DSP48' <Latency = 3> <II = 1> <Delay = 0.53> <IPBlock> <Opcode : '' 'add' 'sub' 'mul' 'select'> <InPorts = 0> <OutPorts = 1> <Sync> <CReg>
ST_3 : Operation 402 [3/3] (0.99ns) (grouped into DSP with root node add_ln101_57)   --->   "%product_57 = mul i16 %sext_ln100_2, i16 %sext_ln100_15" [mmult.cpp:100]   --->   Operation 402 'mul' 'product_57' <Predicate = true> <Delay = 0.99> <CoreInst = "DSP48">   --->   Core 127 'DSP48' <Latency = 3> <II = 1> <Delay = 0.53> <IPBlock> <Opcode : '' 'add' 'sub' 'mul' 'select'> <InPorts = 0> <OutPorts = 1> <Sync> <CReg>
ST_3 : Operation 403 [3/3] (0.99ns) (grouped into DSP with root node add_ln101_58)   --->   "%product_58 = mul i16 %sext_ln100_3, i16 %sext_ln100_15" [mmult.cpp:100]   --->   Operation 403 'mul' 'product_58' <Predicate = true> <Delay = 0.99> <CoreInst = "DSP48">   --->   Core 127 'DSP48' <Latency = 3> <II = 1> <Delay = 0.53> <IPBlock> <Opcode : '' 'add' 'sub' 'mul' 'select'> <InPorts = 0> <OutPorts = 1> <Sync> <CReg>
ST_3 : Operation 404 [3/3] (0.99ns) (grouped into DSP with root node add_ln101_59)   --->   "%product_59 = mul i16 %sext_ln100_4, i16 %sext_ln100_15" [mmult.cpp:100]   --->   Operation 404 'mul' 'product_59' <Predicate = true> <Delay = 0.99> <CoreInst = "DSP48">   --->   Core 127 'DSP48' <Latency = 3> <II = 1> <Delay = 0.53> <IPBlock> <Opcode : '' 'add' 'sub' 'mul' 'select'> <InPorts = 0> <OutPorts = 1> <Sync> <CReg>
ST_3 : Operation 405 [3/3] (0.99ns) (grouped into DSP with root node add_ln101_60)   --->   "%product_60 = mul i16 %sext_ln100_5, i16 %sext_ln100_15" [mmult.cpp:100]   --->   Operation 405 'mul' 'product_60' <Predicate = true> <Delay = 0.99> <CoreInst = "DSP48">   --->   Core 127 'DSP48' <Latency = 3> <II = 1> <Delay = 0.53> <IPBlock> <Opcode : '' 'add' 'sub' 'mul' 'select'> <InPorts = 0> <OutPorts = 1> <Sync> <CReg>
ST_3 : Operation 406 [3/3] (0.99ns) (grouped into DSP with root node add_ln101_61)   --->   "%product_61 = mul i16 %sext_ln100_6, i16 %sext_ln100_15" [mmult.cpp:100]   --->   Operation 406 'mul' 'product_61' <Predicate = true> <Delay = 0.99> <CoreInst = "DSP48">   --->   Core 127 'DSP48' <Latency = 3> <II = 1> <Delay = 0.53> <IPBlock> <Opcode : '' 'add' 'sub' 'mul' 'select'> <InPorts = 0> <OutPorts = 1> <Sync> <CReg>
ST_3 : Operation 407 [3/3] (0.99ns) (grouped into DSP with root node add_ln101_62)   --->   "%product_62 = mul i16 %sext_ln100_7, i16 %sext_ln100_15" [mmult.cpp:100]   --->   Operation 407 'mul' 'product_62' <Predicate = true> <Delay = 0.99> <CoreInst = "DSP48">   --->   Core 127 'DSP48' <Latency = 3> <II = 1> <Delay = 0.53> <IPBlock> <Opcode : '' 'add' 'sub' 'mul' 'select'> <InPorts = 0> <OutPorts = 1> <Sync> <CReg>
ST_3 : Operation 408 [3/3] (0.99ns) (grouped into DSP with root node add_ln101_63)   --->   "%product_63 = mul i16 %sext_ln100_8, i16 %sext_ln100_15" [mmult.cpp:100]   --->   Operation 408 'mul' 'product_63' <Predicate = true> <Delay = 0.99> <CoreInst = "DSP48">   --->   Core 127 'DSP48' <Latency = 3> <II = 1> <Delay = 0.53> <IPBlock> <Opcode : '' 'add' 'sub' 'mul' 'select'> <InPorts = 0> <OutPorts = 1> <Sync> <CReg>

State 4 <SV = 3> <Delay = 0.99>
ST_4 : Operation 409 [2/3] (0.99ns) (grouped into DSP with root node add_ln101)   --->   "%product = mul i16 %sext_ln100_1, i16 %sext_ln100" [mmult.cpp:100]   --->   Operation 409 'mul' 'product' <Predicate = true> <Delay = 0.99> <CoreInst = "DSP48">   --->   Core 127 'DSP48' <Latency = 3> <II = 1> <Delay = 0.53> <IPBlock> <Opcode : '' 'add' 'sub' 'mul' 'select'> <InPorts = 0> <OutPorts = 1> <Sync> <CReg>
ST_4 : Operation 410 [2/3] (0.99ns) (grouped into DSP with root node add_ln101_1)   --->   "%product_1 = mul i16 %sext_ln100_2, i16 %sext_ln100" [mmult.cpp:100]   --->   Operation 410 'mul' 'product_1' <Predicate = true> <Delay = 0.99> <CoreInst = "DSP48">   --->   Core 127 'DSP48' <Latency = 3> <II = 1> <Delay = 0.53> <IPBlock> <Opcode : '' 'add' 'sub' 'mul' 'select'> <InPorts = 0> <OutPorts = 1> <Sync> <CReg>
ST_4 : Operation 411 [2/3] (0.99ns) (grouped into DSP with root node add_ln101_2)   --->   "%product_2 = mul i16 %sext_ln100_3, i16 %sext_ln100" [mmult.cpp:100]   --->   Operation 411 'mul' 'product_2' <Predicate = true> <Delay = 0.99> <CoreInst = "DSP48">   --->   Core 127 'DSP48' <Latency = 3> <II = 1> <Delay = 0.53> <IPBlock> <Opcode : '' 'add' 'sub' 'mul' 'select'> <InPorts = 0> <OutPorts = 1> <Sync> <CReg>
ST_4 : Operation 412 [2/3] (0.99ns) (grouped into DSP with root node add_ln101_3)   --->   "%product_3 = mul i16 %sext_ln100_4, i16 %sext_ln100" [mmult.cpp:100]   --->   Operation 412 'mul' 'product_3' <Predicate = true> <Delay = 0.99> <CoreInst = "DSP48">   --->   Core 127 'DSP48' <Latency = 3> <II = 1> <Delay = 0.53> <IPBlock> <Opcode : '' 'add' 'sub' 'mul' 'select'> <InPorts = 0> <OutPorts = 1> <Sync> <CReg>
ST_4 : Operation 413 [2/3] (0.99ns) (grouped into DSP with root node add_ln101_4)   --->   "%product_4 = mul i16 %sext_ln100_5, i16 %sext_ln100" [mmult.cpp:100]   --->   Operation 413 'mul' 'product_4' <Predicate = true> <Delay = 0.99> <CoreInst = "DSP48">   --->   Core 127 'DSP48' <Latency = 3> <II = 1> <Delay = 0.53> <IPBlock> <Opcode : '' 'add' 'sub' 'mul' 'select'> <InPorts = 0> <OutPorts = 1> <Sync> <CReg>
ST_4 : Operation 414 [2/3] (0.99ns) (grouped into DSP with root node add_ln101_5)   --->   "%product_5 = mul i16 %sext_ln100_6, i16 %sext_ln100" [mmult.cpp:100]   --->   Operation 414 'mul' 'product_5' <Predicate = true> <Delay = 0.99> <CoreInst = "DSP48">   --->   Core 127 'DSP48' <Latency = 3> <II = 1> <Delay = 0.53> <IPBlock> <Opcode : '' 'add' 'sub' 'mul' 'select'> <InPorts = 0> <OutPorts = 1> <Sync> <CReg>
ST_4 : Operation 415 [2/3] (0.99ns) (grouped into DSP with root node add_ln101_6)   --->   "%product_6 = mul i16 %sext_ln100_7, i16 %sext_ln100" [mmult.cpp:100]   --->   Operation 415 'mul' 'product_6' <Predicate = true> <Delay = 0.99> <CoreInst = "DSP48">   --->   Core 127 'DSP48' <Latency = 3> <II = 1> <Delay = 0.53> <IPBlock> <Opcode : '' 'add' 'sub' 'mul' 'select'> <InPorts = 0> <OutPorts = 1> <Sync> <CReg>
ST_4 : Operation 416 [2/3] (0.99ns) (grouped into DSP with root node add_ln101_7)   --->   "%product_7 = mul i16 %sext_ln100_8, i16 %sext_ln100" [mmult.cpp:100]   --->   Operation 416 'mul' 'product_7' <Predicate = true> <Delay = 0.99> <CoreInst = "DSP48">   --->   Core 127 'DSP48' <Latency = 3> <II = 1> <Delay = 0.53> <IPBlock> <Opcode : '' 'add' 'sub' 'mul' 'select'> <InPorts = 0> <OutPorts = 1> <Sync> <CReg>
ST_4 : Operation 417 [2/3] (0.99ns) (grouped into DSP with root node add_ln101_8)   --->   "%product_8 = mul i16 %sext_ln100_1, i16 %sext_ln100_9" [mmult.cpp:100]   --->   Operation 417 'mul' 'product_8' <Predicate = true> <Delay = 0.99> <CoreInst = "DSP48">   --->   Core 127 'DSP48' <Latency = 3> <II = 1> <Delay = 0.53> <IPBlock> <Opcode : '' 'add' 'sub' 'mul' 'select'> <InPorts = 0> <OutPorts = 1> <Sync> <CReg>
ST_4 : Operation 418 [2/3] (0.99ns) (grouped into DSP with root node add_ln101_9)   --->   "%product_9 = mul i16 %sext_ln100_2, i16 %sext_ln100_9" [mmult.cpp:100]   --->   Operation 418 'mul' 'product_9' <Predicate = true> <Delay = 0.99> <CoreInst = "DSP48">   --->   Core 127 'DSP48' <Latency = 3> <II = 1> <Delay = 0.53> <IPBlock> <Opcode : '' 'add' 'sub' 'mul' 'select'> <InPorts = 0> <OutPorts = 1> <Sync> <CReg>
ST_4 : Operation 419 [2/3] (0.99ns) (grouped into DSP with root node add_ln101_10)   --->   "%product_10 = mul i16 %sext_ln100_3, i16 %sext_ln100_9" [mmult.cpp:100]   --->   Operation 419 'mul' 'product_10' <Predicate = true> <Delay = 0.99> <CoreInst = "DSP48">   --->   Core 127 'DSP48' <Latency = 3> <II = 1> <Delay = 0.53> <IPBlock> <Opcode : '' 'add' 'sub' 'mul' 'select'> <InPorts = 0> <OutPorts = 1> <Sync> <CReg>
ST_4 : Operation 420 [2/3] (0.99ns) (grouped into DSP with root node add_ln101_11)   --->   "%product_11 = mul i16 %sext_ln100_4, i16 %sext_ln100_9" [mmult.cpp:100]   --->   Operation 420 'mul' 'product_11' <Predicate = true> <Delay = 0.99> <CoreInst = "DSP48">   --->   Core 127 'DSP48' <Latency = 3> <II = 1> <Delay = 0.53> <IPBlock> <Opcode : '' 'add' 'sub' 'mul' 'select'> <InPorts = 0> <OutPorts = 1> <Sync> <CReg>
ST_4 : Operation 421 [2/3] (0.99ns) (grouped into DSP with root node add_ln101_12)   --->   "%product_12 = mul i16 %sext_ln100_5, i16 %sext_ln100_9" [mmult.cpp:100]   --->   Operation 421 'mul' 'product_12' <Predicate = true> <Delay = 0.99> <CoreInst = "DSP48">   --->   Core 127 'DSP48' <Latency = 3> <II = 1> <Delay = 0.53> <IPBlock> <Opcode : '' 'add' 'sub' 'mul' 'select'> <InPorts = 0> <OutPorts = 1> <Sync> <CReg>
ST_4 : Operation 422 [2/3] (0.99ns) (grouped into DSP with root node add_ln101_13)   --->   "%product_13 = mul i16 %sext_ln100_6, i16 %sext_ln100_9" [mmult.cpp:100]   --->   Operation 422 'mul' 'product_13' <Predicate = true> <Delay = 0.99> <CoreInst = "DSP48">   --->   Core 127 'DSP48' <Latency = 3> <II = 1> <Delay = 0.53> <IPBlock> <Opcode : '' 'add' 'sub' 'mul' 'select'> <InPorts = 0> <OutPorts = 1> <Sync> <CReg>
ST_4 : Operation 423 [2/3] (0.99ns) (grouped into DSP with root node add_ln101_14)   --->   "%product_14 = mul i16 %sext_ln100_7, i16 %sext_ln100_9" [mmult.cpp:100]   --->   Operation 423 'mul' 'product_14' <Predicate = true> <Delay = 0.99> <CoreInst = "DSP48">   --->   Core 127 'DSP48' <Latency = 3> <II = 1> <Delay = 0.53> <IPBlock> <Opcode : '' 'add' 'sub' 'mul' 'select'> <InPorts = 0> <OutPorts = 1> <Sync> <CReg>
ST_4 : Operation 424 [2/3] (0.99ns) (grouped into DSP with root node add_ln101_15)   --->   "%product_15 = mul i16 %sext_ln100_8, i16 %sext_ln100_9" [mmult.cpp:100]   --->   Operation 424 'mul' 'product_15' <Predicate = true> <Delay = 0.99> <CoreInst = "DSP48">   --->   Core 127 'DSP48' <Latency = 3> <II = 1> <Delay = 0.53> <IPBlock> <Opcode : '' 'add' 'sub' 'mul' 'select'> <InPorts = 0> <OutPorts = 1> <Sync> <CReg>
ST_4 : Operation 425 [2/3] (0.99ns) (grouped into DSP with root node add_ln101_16)   --->   "%product_16 = mul i16 %sext_ln100_1, i16 %sext_ln100_10" [mmult.cpp:100]   --->   Operation 425 'mul' 'product_16' <Predicate = true> <Delay = 0.99> <CoreInst = "DSP48">   --->   Core 127 'DSP48' <Latency = 3> <II = 1> <Delay = 0.53> <IPBlock> <Opcode : '' 'add' 'sub' 'mul' 'select'> <InPorts = 0> <OutPorts = 1> <Sync> <CReg>
ST_4 : Operation 426 [2/3] (0.99ns) (grouped into DSP with root node add_ln101_17)   --->   "%product_17 = mul i16 %sext_ln100_2, i16 %sext_ln100_10" [mmult.cpp:100]   --->   Operation 426 'mul' 'product_17' <Predicate = true> <Delay = 0.99> <CoreInst = "DSP48">   --->   Core 127 'DSP48' <Latency = 3> <II = 1> <Delay = 0.53> <IPBlock> <Opcode : '' 'add' 'sub' 'mul' 'select'> <InPorts = 0> <OutPorts = 1> <Sync> <CReg>
ST_4 : Operation 427 [2/3] (0.99ns) (grouped into DSP with root node add_ln101_18)   --->   "%product_18 = mul i16 %sext_ln100_3, i16 %sext_ln100_10" [mmult.cpp:100]   --->   Operation 427 'mul' 'product_18' <Predicate = true> <Delay = 0.99> <CoreInst = "DSP48">   --->   Core 127 'DSP48' <Latency = 3> <II = 1> <Delay = 0.53> <IPBlock> <Opcode : '' 'add' 'sub' 'mul' 'select'> <InPorts = 0> <OutPorts = 1> <Sync> <CReg>
ST_4 : Operation 428 [2/3] (0.99ns) (grouped into DSP with root node add_ln101_19)   --->   "%product_19 = mul i16 %sext_ln100_4, i16 %sext_ln100_10" [mmult.cpp:100]   --->   Operation 428 'mul' 'product_19' <Predicate = true> <Delay = 0.99> <CoreInst = "DSP48">   --->   Core 127 'DSP48' <Latency = 3> <II = 1> <Delay = 0.53> <IPBlock> <Opcode : '' 'add' 'sub' 'mul' 'select'> <InPorts = 0> <OutPorts = 1> <Sync> <CReg>
ST_4 : Operation 429 [2/3] (0.99ns) (grouped into DSP with root node add_ln101_20)   --->   "%product_20 = mul i16 %sext_ln100_5, i16 %sext_ln100_10" [mmult.cpp:100]   --->   Operation 429 'mul' 'product_20' <Predicate = true> <Delay = 0.99> <CoreInst = "DSP48">   --->   Core 127 'DSP48' <Latency = 3> <II = 1> <Delay = 0.53> <IPBlock> <Opcode : '' 'add' 'sub' 'mul' 'select'> <InPorts = 0> <OutPorts = 1> <Sync> <CReg>
ST_4 : Operation 430 [2/3] (0.99ns) (grouped into DSP with root node add_ln101_21)   --->   "%product_21 = mul i16 %sext_ln100_6, i16 %sext_ln100_10" [mmult.cpp:100]   --->   Operation 430 'mul' 'product_21' <Predicate = true> <Delay = 0.99> <CoreInst = "DSP48">   --->   Core 127 'DSP48' <Latency = 3> <II = 1> <Delay = 0.53> <IPBlock> <Opcode : '' 'add' 'sub' 'mul' 'select'> <InPorts = 0> <OutPorts = 1> <Sync> <CReg>
ST_4 : Operation 431 [2/3] (0.99ns) (grouped into DSP with root node add_ln101_22)   --->   "%product_22 = mul i16 %sext_ln100_7, i16 %sext_ln100_10" [mmult.cpp:100]   --->   Operation 431 'mul' 'product_22' <Predicate = true> <Delay = 0.99> <CoreInst = "DSP48">   --->   Core 127 'DSP48' <Latency = 3> <II = 1> <Delay = 0.53> <IPBlock> <Opcode : '' 'add' 'sub' 'mul' 'select'> <InPorts = 0> <OutPorts = 1> <Sync> <CReg>
ST_4 : Operation 432 [2/3] (0.99ns) (grouped into DSP with root node add_ln101_23)   --->   "%product_23 = mul i16 %sext_ln100_8, i16 %sext_ln100_10" [mmult.cpp:100]   --->   Operation 432 'mul' 'product_23' <Predicate = true> <Delay = 0.99> <CoreInst = "DSP48">   --->   Core 127 'DSP48' <Latency = 3> <II = 1> <Delay = 0.53> <IPBlock> <Opcode : '' 'add' 'sub' 'mul' 'select'> <InPorts = 0> <OutPorts = 1> <Sync> <CReg>
ST_4 : Operation 433 [2/3] (0.99ns) (grouped into DSP with root node add_ln101_24)   --->   "%product_24 = mul i16 %sext_ln100_1, i16 %sext_ln100_11" [mmult.cpp:100]   --->   Operation 433 'mul' 'product_24' <Predicate = true> <Delay = 0.99> <CoreInst = "DSP48">   --->   Core 127 'DSP48' <Latency = 3> <II = 1> <Delay = 0.53> <IPBlock> <Opcode : '' 'add' 'sub' 'mul' 'select'> <InPorts = 0> <OutPorts = 1> <Sync> <CReg>
ST_4 : Operation 434 [2/3] (0.99ns) (grouped into DSP with root node add_ln101_25)   --->   "%product_25 = mul i16 %sext_ln100_2, i16 %sext_ln100_11" [mmult.cpp:100]   --->   Operation 434 'mul' 'product_25' <Predicate = true> <Delay = 0.99> <CoreInst = "DSP48">   --->   Core 127 'DSP48' <Latency = 3> <II = 1> <Delay = 0.53> <IPBlock> <Opcode : '' 'add' 'sub' 'mul' 'select'> <InPorts = 0> <OutPorts = 1> <Sync> <CReg>
ST_4 : Operation 435 [2/3] (0.99ns) (grouped into DSP with root node add_ln101_26)   --->   "%product_26 = mul i16 %sext_ln100_3, i16 %sext_ln100_11" [mmult.cpp:100]   --->   Operation 435 'mul' 'product_26' <Predicate = true> <Delay = 0.99> <CoreInst = "DSP48">   --->   Core 127 'DSP48' <Latency = 3> <II = 1> <Delay = 0.53> <IPBlock> <Opcode : '' 'add' 'sub' 'mul' 'select'> <InPorts = 0> <OutPorts = 1> <Sync> <CReg>
ST_4 : Operation 436 [2/3] (0.99ns) (grouped into DSP with root node add_ln101_27)   --->   "%product_27 = mul i16 %sext_ln100_4, i16 %sext_ln100_11" [mmult.cpp:100]   --->   Operation 436 'mul' 'product_27' <Predicate = true> <Delay = 0.99> <CoreInst = "DSP48">   --->   Core 127 'DSP48' <Latency = 3> <II = 1> <Delay = 0.53> <IPBlock> <Opcode : '' 'add' 'sub' 'mul' 'select'> <InPorts = 0> <OutPorts = 1> <Sync> <CReg>
ST_4 : Operation 437 [2/3] (0.99ns) (grouped into DSP with root node add_ln101_28)   --->   "%product_28 = mul i16 %sext_ln100_5, i16 %sext_ln100_11" [mmult.cpp:100]   --->   Operation 437 'mul' 'product_28' <Predicate = true> <Delay = 0.99> <CoreInst = "DSP48">   --->   Core 127 'DSP48' <Latency = 3> <II = 1> <Delay = 0.53> <IPBlock> <Opcode : '' 'add' 'sub' 'mul' 'select'> <InPorts = 0> <OutPorts = 1> <Sync> <CReg>
ST_4 : Operation 438 [2/3] (0.99ns) (grouped into DSP with root node add_ln101_29)   --->   "%product_29 = mul i16 %sext_ln100_6, i16 %sext_ln100_11" [mmult.cpp:100]   --->   Operation 438 'mul' 'product_29' <Predicate = true> <Delay = 0.99> <CoreInst = "DSP48">   --->   Core 127 'DSP48' <Latency = 3> <II = 1> <Delay = 0.53> <IPBlock> <Opcode : '' 'add' 'sub' 'mul' 'select'> <InPorts = 0> <OutPorts = 1> <Sync> <CReg>
ST_4 : Operation 439 [2/3] (0.99ns) (grouped into DSP with root node add_ln101_30)   --->   "%product_30 = mul i16 %sext_ln100_7, i16 %sext_ln100_11" [mmult.cpp:100]   --->   Operation 439 'mul' 'product_30' <Predicate = true> <Delay = 0.99> <CoreInst = "DSP48">   --->   Core 127 'DSP48' <Latency = 3> <II = 1> <Delay = 0.53> <IPBlock> <Opcode : '' 'add' 'sub' 'mul' 'select'> <InPorts = 0> <OutPorts = 1> <Sync> <CReg>
ST_4 : Operation 440 [2/3] (0.99ns) (grouped into DSP with root node add_ln101_31)   --->   "%product_31 = mul i16 %sext_ln100_8, i16 %sext_ln100_11" [mmult.cpp:100]   --->   Operation 440 'mul' 'product_31' <Predicate = true> <Delay = 0.99> <CoreInst = "DSP48">   --->   Core 127 'DSP48' <Latency = 3> <II = 1> <Delay = 0.53> <IPBlock> <Opcode : '' 'add' 'sub' 'mul' 'select'> <InPorts = 0> <OutPorts = 1> <Sync> <CReg>
ST_4 : Operation 441 [2/3] (0.99ns) (grouped into DSP with root node add_ln101_32)   --->   "%product_32 = mul i16 %sext_ln100_1, i16 %sext_ln100_12" [mmult.cpp:100]   --->   Operation 441 'mul' 'product_32' <Predicate = true> <Delay = 0.99> <CoreInst = "DSP48">   --->   Core 127 'DSP48' <Latency = 3> <II = 1> <Delay = 0.53> <IPBlock> <Opcode : '' 'add' 'sub' 'mul' 'select'> <InPorts = 0> <OutPorts = 1> <Sync> <CReg>
ST_4 : Operation 442 [2/3] (0.99ns) (grouped into DSP with root node add_ln101_33)   --->   "%product_33 = mul i16 %sext_ln100_2, i16 %sext_ln100_12" [mmult.cpp:100]   --->   Operation 442 'mul' 'product_33' <Predicate = true> <Delay = 0.99> <CoreInst = "DSP48">   --->   Core 127 'DSP48' <Latency = 3> <II = 1> <Delay = 0.53> <IPBlock> <Opcode : '' 'add' 'sub' 'mul' 'select'> <InPorts = 0> <OutPorts = 1> <Sync> <CReg>
ST_4 : Operation 443 [2/3] (0.99ns) (grouped into DSP with root node add_ln101_34)   --->   "%product_34 = mul i16 %sext_ln100_3, i16 %sext_ln100_12" [mmult.cpp:100]   --->   Operation 443 'mul' 'product_34' <Predicate = true> <Delay = 0.99> <CoreInst = "DSP48">   --->   Core 127 'DSP48' <Latency = 3> <II = 1> <Delay = 0.53> <IPBlock> <Opcode : '' 'add' 'sub' 'mul' 'select'> <InPorts = 0> <OutPorts = 1> <Sync> <CReg>
ST_4 : Operation 444 [2/3] (0.99ns) (grouped into DSP with root node add_ln101_35)   --->   "%product_35 = mul i16 %sext_ln100_4, i16 %sext_ln100_12" [mmult.cpp:100]   --->   Operation 444 'mul' 'product_35' <Predicate = true> <Delay = 0.99> <CoreInst = "DSP48">   --->   Core 127 'DSP48' <Latency = 3> <II = 1> <Delay = 0.53> <IPBlock> <Opcode : '' 'add' 'sub' 'mul' 'select'> <InPorts = 0> <OutPorts = 1> <Sync> <CReg>
ST_4 : Operation 445 [2/3] (0.99ns) (grouped into DSP with root node add_ln101_36)   --->   "%product_36 = mul i16 %sext_ln100_5, i16 %sext_ln100_12" [mmult.cpp:100]   --->   Operation 445 'mul' 'product_36' <Predicate = true> <Delay = 0.99> <CoreInst = "DSP48">   --->   Core 127 'DSP48' <Latency = 3> <II = 1> <Delay = 0.53> <IPBlock> <Opcode : '' 'add' 'sub' 'mul' 'select'> <InPorts = 0> <OutPorts = 1> <Sync> <CReg>
ST_4 : Operation 446 [2/3] (0.99ns) (grouped into DSP with root node add_ln101_37)   --->   "%product_37 = mul i16 %sext_ln100_6, i16 %sext_ln100_12" [mmult.cpp:100]   --->   Operation 446 'mul' 'product_37' <Predicate = true> <Delay = 0.99> <CoreInst = "DSP48">   --->   Core 127 'DSP48' <Latency = 3> <II = 1> <Delay = 0.53> <IPBlock> <Opcode : '' 'add' 'sub' 'mul' 'select'> <InPorts = 0> <OutPorts = 1> <Sync> <CReg>
ST_4 : Operation 447 [2/3] (0.99ns) (grouped into DSP with root node add_ln101_38)   --->   "%product_38 = mul i16 %sext_ln100_7, i16 %sext_ln100_12" [mmult.cpp:100]   --->   Operation 447 'mul' 'product_38' <Predicate = true> <Delay = 0.99> <CoreInst = "DSP48">   --->   Core 127 'DSP48' <Latency = 3> <II = 1> <Delay = 0.53> <IPBlock> <Opcode : '' 'add' 'sub' 'mul' 'select'> <InPorts = 0> <OutPorts = 1> <Sync> <CReg>
ST_4 : Operation 448 [2/3] (0.99ns) (grouped into DSP with root node add_ln101_39)   --->   "%product_39 = mul i16 %sext_ln100_8, i16 %sext_ln100_12" [mmult.cpp:100]   --->   Operation 448 'mul' 'product_39' <Predicate = true> <Delay = 0.99> <CoreInst = "DSP48">   --->   Core 127 'DSP48' <Latency = 3> <II = 1> <Delay = 0.53> <IPBlock> <Opcode : '' 'add' 'sub' 'mul' 'select'> <InPorts = 0> <OutPorts = 1> <Sync> <CReg>
ST_4 : Operation 449 [2/3] (0.99ns) (grouped into DSP with root node add_ln101_40)   --->   "%product_40 = mul i16 %sext_ln100_1, i16 %sext_ln100_13" [mmult.cpp:100]   --->   Operation 449 'mul' 'product_40' <Predicate = true> <Delay = 0.99> <CoreInst = "DSP48">   --->   Core 127 'DSP48' <Latency = 3> <II = 1> <Delay = 0.53> <IPBlock> <Opcode : '' 'add' 'sub' 'mul' 'select'> <InPorts = 0> <OutPorts = 1> <Sync> <CReg>
ST_4 : Operation 450 [2/3] (0.99ns) (grouped into DSP with root node add_ln101_41)   --->   "%product_41 = mul i16 %sext_ln100_2, i16 %sext_ln100_13" [mmult.cpp:100]   --->   Operation 450 'mul' 'product_41' <Predicate = true> <Delay = 0.99> <CoreInst = "DSP48">   --->   Core 127 'DSP48' <Latency = 3> <II = 1> <Delay = 0.53> <IPBlock> <Opcode : '' 'add' 'sub' 'mul' 'select'> <InPorts = 0> <OutPorts = 1> <Sync> <CReg>
ST_4 : Operation 451 [2/3] (0.99ns) (grouped into DSP with root node add_ln101_42)   --->   "%product_42 = mul i16 %sext_ln100_3, i16 %sext_ln100_13" [mmult.cpp:100]   --->   Operation 451 'mul' 'product_42' <Predicate = true> <Delay = 0.99> <CoreInst = "DSP48">   --->   Core 127 'DSP48' <Latency = 3> <II = 1> <Delay = 0.53> <IPBlock> <Opcode : '' 'add' 'sub' 'mul' 'select'> <InPorts = 0> <OutPorts = 1> <Sync> <CReg>
ST_4 : Operation 452 [2/3] (0.99ns) (grouped into DSP with root node add_ln101_43)   --->   "%product_43 = mul i16 %sext_ln100_4, i16 %sext_ln100_13" [mmult.cpp:100]   --->   Operation 452 'mul' 'product_43' <Predicate = true> <Delay = 0.99> <CoreInst = "DSP48">   --->   Core 127 'DSP48' <Latency = 3> <II = 1> <Delay = 0.53> <IPBlock> <Opcode : '' 'add' 'sub' 'mul' 'select'> <InPorts = 0> <OutPorts = 1> <Sync> <CReg>
ST_4 : Operation 453 [2/3] (0.99ns) (grouped into DSP with root node add_ln101_44)   --->   "%product_44 = mul i16 %sext_ln100_5, i16 %sext_ln100_13" [mmult.cpp:100]   --->   Operation 453 'mul' 'product_44' <Predicate = true> <Delay = 0.99> <CoreInst = "DSP48">   --->   Core 127 'DSP48' <Latency = 3> <II = 1> <Delay = 0.53> <IPBlock> <Opcode : '' 'add' 'sub' 'mul' 'select'> <InPorts = 0> <OutPorts = 1> <Sync> <CReg>
ST_4 : Operation 454 [2/3] (0.99ns) (grouped into DSP with root node add_ln101_45)   --->   "%product_45 = mul i16 %sext_ln100_6, i16 %sext_ln100_13" [mmult.cpp:100]   --->   Operation 454 'mul' 'product_45' <Predicate = true> <Delay = 0.99> <CoreInst = "DSP48">   --->   Core 127 'DSP48' <Latency = 3> <II = 1> <Delay = 0.53> <IPBlock> <Opcode : '' 'add' 'sub' 'mul' 'select'> <InPorts = 0> <OutPorts = 1> <Sync> <CReg>
ST_4 : Operation 455 [2/3] (0.99ns) (grouped into DSP with root node add_ln101_46)   --->   "%product_46 = mul i16 %sext_ln100_7, i16 %sext_ln100_13" [mmult.cpp:100]   --->   Operation 455 'mul' 'product_46' <Predicate = true> <Delay = 0.99> <CoreInst = "DSP48">   --->   Core 127 'DSP48' <Latency = 3> <II = 1> <Delay = 0.53> <IPBlock> <Opcode : '' 'add' 'sub' 'mul' 'select'> <InPorts = 0> <OutPorts = 1> <Sync> <CReg>
ST_4 : Operation 456 [2/3] (0.99ns) (grouped into DSP with root node add_ln101_47)   --->   "%product_47 = mul i16 %sext_ln100_8, i16 %sext_ln100_13" [mmult.cpp:100]   --->   Operation 456 'mul' 'product_47' <Predicate = true> <Delay = 0.99> <CoreInst = "DSP48">   --->   Core 127 'DSP48' <Latency = 3> <II = 1> <Delay = 0.53> <IPBlock> <Opcode : '' 'add' 'sub' 'mul' 'select'> <InPorts = 0> <OutPorts = 1> <Sync> <CReg>
ST_4 : Operation 457 [2/3] (0.99ns) (grouped into DSP with root node add_ln101_48)   --->   "%product_48 = mul i16 %sext_ln100_1, i16 %sext_ln100_14" [mmult.cpp:100]   --->   Operation 457 'mul' 'product_48' <Predicate = true> <Delay = 0.99> <CoreInst = "DSP48">   --->   Core 127 'DSP48' <Latency = 3> <II = 1> <Delay = 0.53> <IPBlock> <Opcode : '' 'add' 'sub' 'mul' 'select'> <InPorts = 0> <OutPorts = 1> <Sync> <CReg>
ST_4 : Operation 458 [2/3] (0.99ns) (grouped into DSP with root node add_ln101_49)   --->   "%product_49 = mul i16 %sext_ln100_2, i16 %sext_ln100_14" [mmult.cpp:100]   --->   Operation 458 'mul' 'product_49' <Predicate = true> <Delay = 0.99> <CoreInst = "DSP48">   --->   Core 127 'DSP48' <Latency = 3> <II = 1> <Delay = 0.53> <IPBlock> <Opcode : '' 'add' 'sub' 'mul' 'select'> <InPorts = 0> <OutPorts = 1> <Sync> <CReg>
ST_4 : Operation 459 [2/3] (0.99ns) (grouped into DSP with root node add_ln101_50)   --->   "%product_50 = mul i16 %sext_ln100_3, i16 %sext_ln100_14" [mmult.cpp:100]   --->   Operation 459 'mul' 'product_50' <Predicate = true> <Delay = 0.99> <CoreInst = "DSP48">   --->   Core 127 'DSP48' <Latency = 3> <II = 1> <Delay = 0.53> <IPBlock> <Opcode : '' 'add' 'sub' 'mul' 'select'> <InPorts = 0> <OutPorts = 1> <Sync> <CReg>
ST_4 : Operation 460 [2/3] (0.99ns) (grouped into DSP with root node add_ln101_51)   --->   "%product_51 = mul i16 %sext_ln100_4, i16 %sext_ln100_14" [mmult.cpp:100]   --->   Operation 460 'mul' 'product_51' <Predicate = true> <Delay = 0.99> <CoreInst = "DSP48">   --->   Core 127 'DSP48' <Latency = 3> <II = 1> <Delay = 0.53> <IPBlock> <Opcode : '' 'add' 'sub' 'mul' 'select'> <InPorts = 0> <OutPorts = 1> <Sync> <CReg>
ST_4 : Operation 461 [2/3] (0.99ns) (grouped into DSP with root node add_ln101_52)   --->   "%product_52 = mul i16 %sext_ln100_5, i16 %sext_ln100_14" [mmult.cpp:100]   --->   Operation 461 'mul' 'product_52' <Predicate = true> <Delay = 0.99> <CoreInst = "DSP48">   --->   Core 127 'DSP48' <Latency = 3> <II = 1> <Delay = 0.53> <IPBlock> <Opcode : '' 'add' 'sub' 'mul' 'select'> <InPorts = 0> <OutPorts = 1> <Sync> <CReg>
ST_4 : Operation 462 [2/3] (0.99ns) (grouped into DSP with root node add_ln101_53)   --->   "%product_53 = mul i16 %sext_ln100_6, i16 %sext_ln100_14" [mmult.cpp:100]   --->   Operation 462 'mul' 'product_53' <Predicate = true> <Delay = 0.99> <CoreInst = "DSP48">   --->   Core 127 'DSP48' <Latency = 3> <II = 1> <Delay = 0.53> <IPBlock> <Opcode : '' 'add' 'sub' 'mul' 'select'> <InPorts = 0> <OutPorts = 1> <Sync> <CReg>
ST_4 : Operation 463 [2/3] (0.99ns) (grouped into DSP with root node add_ln101_54)   --->   "%product_54 = mul i16 %sext_ln100_7, i16 %sext_ln100_14" [mmult.cpp:100]   --->   Operation 463 'mul' 'product_54' <Predicate = true> <Delay = 0.99> <CoreInst = "DSP48">   --->   Core 127 'DSP48' <Latency = 3> <II = 1> <Delay = 0.53> <IPBlock> <Opcode : '' 'add' 'sub' 'mul' 'select'> <InPorts = 0> <OutPorts = 1> <Sync> <CReg>
ST_4 : Operation 464 [2/3] (0.99ns) (grouped into DSP with root node add_ln101_55)   --->   "%product_55 = mul i16 %sext_ln100_8, i16 %sext_ln100_14" [mmult.cpp:100]   --->   Operation 464 'mul' 'product_55' <Predicate = true> <Delay = 0.99> <CoreInst = "DSP48">   --->   Core 127 'DSP48' <Latency = 3> <II = 1> <Delay = 0.53> <IPBlock> <Opcode : '' 'add' 'sub' 'mul' 'select'> <InPorts = 0> <OutPorts = 1> <Sync> <CReg>
ST_4 : Operation 465 [2/3] (0.99ns) (grouped into DSP with root node add_ln101_56)   --->   "%product_56 = mul i16 %sext_ln100_1, i16 %sext_ln100_15" [mmult.cpp:100]   --->   Operation 465 'mul' 'product_56' <Predicate = true> <Delay = 0.99> <CoreInst = "DSP48">   --->   Core 127 'DSP48' <Latency = 3> <II = 1> <Delay = 0.53> <IPBlock> <Opcode : '' 'add' 'sub' 'mul' 'select'> <InPorts = 0> <OutPorts = 1> <Sync> <CReg>
ST_4 : Operation 466 [2/3] (0.99ns) (grouped into DSP with root node add_ln101_57)   --->   "%product_57 = mul i16 %sext_ln100_2, i16 %sext_ln100_15" [mmult.cpp:100]   --->   Operation 466 'mul' 'product_57' <Predicate = true> <Delay = 0.99> <CoreInst = "DSP48">   --->   Core 127 'DSP48' <Latency = 3> <II = 1> <Delay = 0.53> <IPBlock> <Opcode : '' 'add' 'sub' 'mul' 'select'> <InPorts = 0> <OutPorts = 1> <Sync> <CReg>
ST_4 : Operation 467 [2/3] (0.99ns) (grouped into DSP with root node add_ln101_58)   --->   "%product_58 = mul i16 %sext_ln100_3, i16 %sext_ln100_15" [mmult.cpp:100]   --->   Operation 467 'mul' 'product_58' <Predicate = true> <Delay = 0.99> <CoreInst = "DSP48">   --->   Core 127 'DSP48' <Latency = 3> <II = 1> <Delay = 0.53> <IPBlock> <Opcode : '' 'add' 'sub' 'mul' 'select'> <InPorts = 0> <OutPorts = 1> <Sync> <CReg>
ST_4 : Operation 468 [2/3] (0.99ns) (grouped into DSP with root node add_ln101_59)   --->   "%product_59 = mul i16 %sext_ln100_4, i16 %sext_ln100_15" [mmult.cpp:100]   --->   Operation 468 'mul' 'product_59' <Predicate = true> <Delay = 0.99> <CoreInst = "DSP48">   --->   Core 127 'DSP48' <Latency = 3> <II = 1> <Delay = 0.53> <IPBlock> <Opcode : '' 'add' 'sub' 'mul' 'select'> <InPorts = 0> <OutPorts = 1> <Sync> <CReg>
ST_4 : Operation 469 [2/3] (0.99ns) (grouped into DSP with root node add_ln101_60)   --->   "%product_60 = mul i16 %sext_ln100_5, i16 %sext_ln100_15" [mmult.cpp:100]   --->   Operation 469 'mul' 'product_60' <Predicate = true> <Delay = 0.99> <CoreInst = "DSP48">   --->   Core 127 'DSP48' <Latency = 3> <II = 1> <Delay = 0.53> <IPBlock> <Opcode : '' 'add' 'sub' 'mul' 'select'> <InPorts = 0> <OutPorts = 1> <Sync> <CReg>
ST_4 : Operation 470 [2/3] (0.99ns) (grouped into DSP with root node add_ln101_61)   --->   "%product_61 = mul i16 %sext_ln100_6, i16 %sext_ln100_15" [mmult.cpp:100]   --->   Operation 470 'mul' 'product_61' <Predicate = true> <Delay = 0.99> <CoreInst = "DSP48">   --->   Core 127 'DSP48' <Latency = 3> <II = 1> <Delay = 0.53> <IPBlock> <Opcode : '' 'add' 'sub' 'mul' 'select'> <InPorts = 0> <OutPorts = 1> <Sync> <CReg>
ST_4 : Operation 471 [2/3] (0.99ns) (grouped into DSP with root node add_ln101_62)   --->   "%product_62 = mul i16 %sext_ln100_7, i16 %sext_ln100_15" [mmult.cpp:100]   --->   Operation 471 'mul' 'product_62' <Predicate = true> <Delay = 0.99> <CoreInst = "DSP48">   --->   Core 127 'DSP48' <Latency = 3> <II = 1> <Delay = 0.53> <IPBlock> <Opcode : '' 'add' 'sub' 'mul' 'select'> <InPorts = 0> <OutPorts = 1> <Sync> <CReg>
ST_4 : Operation 472 [2/3] (0.99ns) (grouped into DSP with root node add_ln101_63)   --->   "%product_63 = mul i16 %sext_ln100_8, i16 %sext_ln100_15" [mmult.cpp:100]   --->   Operation 472 'mul' 'product_63' <Predicate = true> <Delay = 0.99> <CoreInst = "DSP48">   --->   Core 127 'DSP48' <Latency = 3> <II = 1> <Delay = 0.53> <IPBlock> <Opcode : '' 'add' 'sub' 'mul' 'select'> <InPorts = 0> <OutPorts = 1> <Sync> <CReg>

State 5 <SV = 4> <Delay = 0.64>
ST_5 : Operation 473 [1/1] (0.00ns)   --->   "%c_row_major_0_0_0_load = load i16 %c_row_major_0_0_0" [mmult.cpp:101]   --->   Operation 473 'load' 'c_row_major_0_0_0_load' <Predicate = true> <Delay = 0.00>
ST_5 : Operation 474 [1/1] (0.00ns)   --->   "%c_row_major_0_1_0_load = load i16 %c_row_major_0_1_0" [mmult.cpp:101]   --->   Operation 474 'load' 'c_row_major_0_1_0_load' <Predicate = true> <Delay = 0.00>
ST_5 : Operation 475 [1/1] (0.00ns)   --->   "%c_row_major_0_2_0_load = load i16 %c_row_major_0_2_0" [mmult.cpp:101]   --->   Operation 475 'load' 'c_row_major_0_2_0_load' <Predicate = true> <Delay = 0.00>
ST_5 : Operation 476 [1/1] (0.00ns)   --->   "%c_row_major_0_3_0_load = load i16 %c_row_major_0_3_0" [mmult.cpp:101]   --->   Operation 476 'load' 'c_row_major_0_3_0_load' <Predicate = true> <Delay = 0.00>
ST_5 : Operation 477 [1/1] (0.00ns)   --->   "%c_row_major_0_4_0_load = load i16 %c_row_major_0_4_0" [mmult.cpp:101]   --->   Operation 477 'load' 'c_row_major_0_4_0_load' <Predicate = true> <Delay = 0.00>
ST_5 : Operation 478 [1/1] (0.00ns)   --->   "%c_row_major_0_5_0_load = load i16 %c_row_major_0_5_0" [mmult.cpp:101]   --->   Operation 478 'load' 'c_row_major_0_5_0_load' <Predicate = true> <Delay = 0.00>
ST_5 : Operation 479 [1/1] (0.00ns)   --->   "%c_row_major_0_6_0_load = load i16 %c_row_major_0_6_0" [mmult.cpp:101]   --->   Operation 479 'load' 'c_row_major_0_6_0_load' <Predicate = true> <Delay = 0.00>
ST_5 : Operation 480 [1/1] (0.00ns)   --->   "%c_row_major_0_7_0_load = load i16 %c_row_major_0_7_0" [mmult.cpp:101]   --->   Operation 480 'load' 'c_row_major_0_7_0_load' <Predicate = true> <Delay = 0.00>
ST_5 : Operation 481 [1/1] (0.00ns)   --->   "%c_row_major_1_0_0_load = load i16 %c_row_major_1_0_0" [mmult.cpp:101]   --->   Operation 481 'load' 'c_row_major_1_0_0_load' <Predicate = true> <Delay = 0.00>
ST_5 : Operation 482 [1/1] (0.00ns)   --->   "%c_row_major_1_1_0_load = load i16 %c_row_major_1_1_0" [mmult.cpp:101]   --->   Operation 482 'load' 'c_row_major_1_1_0_load' <Predicate = true> <Delay = 0.00>
ST_5 : Operation 483 [1/1] (0.00ns)   --->   "%c_row_major_1_2_0_load = load i16 %c_row_major_1_2_0" [mmult.cpp:101]   --->   Operation 483 'load' 'c_row_major_1_2_0_load' <Predicate = true> <Delay = 0.00>
ST_5 : Operation 484 [1/1] (0.00ns)   --->   "%c_row_major_1_3_0_load = load i16 %c_row_major_1_3_0" [mmult.cpp:101]   --->   Operation 484 'load' 'c_row_major_1_3_0_load' <Predicate = true> <Delay = 0.00>
ST_5 : Operation 485 [1/1] (0.00ns)   --->   "%c_row_major_1_4_0_load = load i16 %c_row_major_1_4_0" [mmult.cpp:101]   --->   Operation 485 'load' 'c_row_major_1_4_0_load' <Predicate = true> <Delay = 0.00>
ST_5 : Operation 486 [1/1] (0.00ns)   --->   "%c_row_major_1_5_0_load = load i16 %c_row_major_1_5_0" [mmult.cpp:101]   --->   Operation 486 'load' 'c_row_major_1_5_0_load' <Predicate = true> <Delay = 0.00>
ST_5 : Operation 487 [1/1] (0.00ns)   --->   "%c_row_major_1_6_0_load = load i16 %c_row_major_1_6_0" [mmult.cpp:101]   --->   Operation 487 'load' 'c_row_major_1_6_0_load' <Predicate = true> <Delay = 0.00>
ST_5 : Operation 488 [1/1] (0.00ns)   --->   "%c_row_major_1_7_0_load = load i16 %c_row_major_1_7_0" [mmult.cpp:101]   --->   Operation 488 'load' 'c_row_major_1_7_0_load' <Predicate = true> <Delay = 0.00>
ST_5 : Operation 489 [1/1] (0.00ns)   --->   "%c_row_major_2_0_0_load = load i16 %c_row_major_2_0_0" [mmult.cpp:101]   --->   Operation 489 'load' 'c_row_major_2_0_0_load' <Predicate = true> <Delay = 0.00>
ST_5 : Operation 490 [1/1] (0.00ns)   --->   "%c_row_major_2_1_0_load = load i16 %c_row_major_2_1_0" [mmult.cpp:101]   --->   Operation 490 'load' 'c_row_major_2_1_0_load' <Predicate = true> <Delay = 0.00>
ST_5 : Operation 491 [1/1] (0.00ns)   --->   "%c_row_major_2_2_0_load = load i16 %c_row_major_2_2_0" [mmult.cpp:101]   --->   Operation 491 'load' 'c_row_major_2_2_0_load' <Predicate = true> <Delay = 0.00>
ST_5 : Operation 492 [1/1] (0.00ns)   --->   "%c_row_major_2_3_0_load = load i16 %c_row_major_2_3_0" [mmult.cpp:101]   --->   Operation 492 'load' 'c_row_major_2_3_0_load' <Predicate = true> <Delay = 0.00>
ST_5 : Operation 493 [1/1] (0.00ns)   --->   "%c_row_major_2_4_0_load = load i16 %c_row_major_2_4_0" [mmult.cpp:101]   --->   Operation 493 'load' 'c_row_major_2_4_0_load' <Predicate = true> <Delay = 0.00>
ST_5 : Operation 494 [1/1] (0.00ns)   --->   "%c_row_major_2_5_0_load = load i16 %c_row_major_2_5_0" [mmult.cpp:101]   --->   Operation 494 'load' 'c_row_major_2_5_0_load' <Predicate = true> <Delay = 0.00>
ST_5 : Operation 495 [1/1] (0.00ns)   --->   "%c_row_major_2_6_0_load = load i16 %c_row_major_2_6_0" [mmult.cpp:101]   --->   Operation 495 'load' 'c_row_major_2_6_0_load' <Predicate = true> <Delay = 0.00>
ST_5 : Operation 496 [1/1] (0.00ns)   --->   "%c_row_major_2_7_0_load = load i16 %c_row_major_2_7_0" [mmult.cpp:101]   --->   Operation 496 'load' 'c_row_major_2_7_0_load' <Predicate = true> <Delay = 0.00>
ST_5 : Operation 497 [1/1] (0.00ns)   --->   "%c_row_major_3_0_0_load = load i16 %c_row_major_3_0_0" [mmult.cpp:101]   --->   Operation 497 'load' 'c_row_major_3_0_0_load' <Predicate = true> <Delay = 0.00>
ST_5 : Operation 498 [1/1] (0.00ns)   --->   "%c_row_major_3_1_0_load = load i16 %c_row_major_3_1_0" [mmult.cpp:101]   --->   Operation 498 'load' 'c_row_major_3_1_0_load' <Predicate = true> <Delay = 0.00>
ST_5 : Operation 499 [1/1] (0.00ns)   --->   "%c_row_major_3_2_0_load = load i16 %c_row_major_3_2_0" [mmult.cpp:101]   --->   Operation 499 'load' 'c_row_major_3_2_0_load' <Predicate = true> <Delay = 0.00>
ST_5 : Operation 500 [1/1] (0.00ns)   --->   "%c_row_major_3_3_0_load = load i16 %c_row_major_3_3_0" [mmult.cpp:101]   --->   Operation 500 'load' 'c_row_major_3_3_0_load' <Predicate = true> <Delay = 0.00>
ST_5 : Operation 501 [1/1] (0.00ns)   --->   "%c_row_major_3_4_0_load = load i16 %c_row_major_3_4_0" [mmult.cpp:101]   --->   Operation 501 'load' 'c_row_major_3_4_0_load' <Predicate = true> <Delay = 0.00>
ST_5 : Operation 502 [1/1] (0.00ns)   --->   "%c_row_major_3_5_0_load = load i16 %c_row_major_3_5_0" [mmult.cpp:101]   --->   Operation 502 'load' 'c_row_major_3_5_0_load' <Predicate = true> <Delay = 0.00>
ST_5 : Operation 503 [1/1] (0.00ns)   --->   "%c_row_major_3_6_0_load = load i16 %c_row_major_3_6_0" [mmult.cpp:101]   --->   Operation 503 'load' 'c_row_major_3_6_0_load' <Predicate = true> <Delay = 0.00>
ST_5 : Operation 504 [1/1] (0.00ns)   --->   "%c_row_major_3_7_0_load = load i16 %c_row_major_3_7_0" [mmult.cpp:101]   --->   Operation 504 'load' 'c_row_major_3_7_0_load' <Predicate = true> <Delay = 0.00>
ST_5 : Operation 505 [1/1] (0.00ns)   --->   "%c_row_major_4_0_0_load = load i16 %c_row_major_4_0_0" [mmult.cpp:101]   --->   Operation 505 'load' 'c_row_major_4_0_0_load' <Predicate = true> <Delay = 0.00>
ST_5 : Operation 506 [1/1] (0.00ns)   --->   "%c_row_major_4_1_0_load = load i16 %c_row_major_4_1_0" [mmult.cpp:101]   --->   Operation 506 'load' 'c_row_major_4_1_0_load' <Predicate = true> <Delay = 0.00>
ST_5 : Operation 507 [1/1] (0.00ns)   --->   "%c_row_major_4_2_0_load = load i16 %c_row_major_4_2_0" [mmult.cpp:101]   --->   Operation 507 'load' 'c_row_major_4_2_0_load' <Predicate = true> <Delay = 0.00>
ST_5 : Operation 508 [1/1] (0.00ns)   --->   "%c_row_major_4_3_0_load = load i16 %c_row_major_4_3_0" [mmult.cpp:101]   --->   Operation 508 'load' 'c_row_major_4_3_0_load' <Predicate = true> <Delay = 0.00>
ST_5 : Operation 509 [1/1] (0.00ns)   --->   "%c_row_major_4_4_0_load = load i16 %c_row_major_4_4_0" [mmult.cpp:101]   --->   Operation 509 'load' 'c_row_major_4_4_0_load' <Predicate = true> <Delay = 0.00>
ST_5 : Operation 510 [1/1] (0.00ns)   --->   "%c_row_major_4_5_0_load = load i16 %c_row_major_4_5_0" [mmult.cpp:101]   --->   Operation 510 'load' 'c_row_major_4_5_0_load' <Predicate = true> <Delay = 0.00>
ST_5 : Operation 511 [1/1] (0.00ns)   --->   "%c_row_major_4_6_0_load = load i16 %c_row_major_4_6_0" [mmult.cpp:101]   --->   Operation 511 'load' 'c_row_major_4_6_0_load' <Predicate = true> <Delay = 0.00>
ST_5 : Operation 512 [1/1] (0.00ns)   --->   "%c_row_major_4_7_0_load = load i16 %c_row_major_4_7_0" [mmult.cpp:101]   --->   Operation 512 'load' 'c_row_major_4_7_0_load' <Predicate = true> <Delay = 0.00>
ST_5 : Operation 513 [1/1] (0.00ns)   --->   "%c_row_major_5_0_0_load = load i16 %c_row_major_5_0_0" [mmult.cpp:101]   --->   Operation 513 'load' 'c_row_major_5_0_0_load' <Predicate = true> <Delay = 0.00>
ST_5 : Operation 514 [1/1] (0.00ns)   --->   "%c_row_major_5_1_0_load = load i16 %c_row_major_5_1_0" [mmult.cpp:101]   --->   Operation 514 'load' 'c_row_major_5_1_0_load' <Predicate = true> <Delay = 0.00>
ST_5 : Operation 515 [1/1] (0.00ns)   --->   "%c_row_major_5_2_0_load = load i16 %c_row_major_5_2_0" [mmult.cpp:101]   --->   Operation 515 'load' 'c_row_major_5_2_0_load' <Predicate = true> <Delay = 0.00>
ST_5 : Operation 516 [1/1] (0.00ns)   --->   "%c_row_major_5_3_0_load = load i16 %c_row_major_5_3_0" [mmult.cpp:101]   --->   Operation 516 'load' 'c_row_major_5_3_0_load' <Predicate = true> <Delay = 0.00>
ST_5 : Operation 517 [1/1] (0.00ns)   --->   "%c_row_major_5_4_0_load = load i16 %c_row_major_5_4_0" [mmult.cpp:101]   --->   Operation 517 'load' 'c_row_major_5_4_0_load' <Predicate = true> <Delay = 0.00>
ST_5 : Operation 518 [1/1] (0.00ns)   --->   "%c_row_major_5_5_0_load = load i16 %c_row_major_5_5_0" [mmult.cpp:101]   --->   Operation 518 'load' 'c_row_major_5_5_0_load' <Predicate = true> <Delay = 0.00>
ST_5 : Operation 519 [1/1] (0.00ns)   --->   "%c_row_major_5_6_0_load = load i16 %c_row_major_5_6_0" [mmult.cpp:101]   --->   Operation 519 'load' 'c_row_major_5_6_0_load' <Predicate = true> <Delay = 0.00>
ST_5 : Operation 520 [1/1] (0.00ns)   --->   "%c_row_major_5_7_0_load = load i16 %c_row_major_5_7_0" [mmult.cpp:101]   --->   Operation 520 'load' 'c_row_major_5_7_0_load' <Predicate = true> <Delay = 0.00>
ST_5 : Operation 521 [1/1] (0.00ns)   --->   "%c_row_major_6_0_0_load = load i16 %c_row_major_6_0_0" [mmult.cpp:101]   --->   Operation 521 'load' 'c_row_major_6_0_0_load' <Predicate = true> <Delay = 0.00>
ST_5 : Operation 522 [1/1] (0.00ns)   --->   "%c_row_major_6_1_0_load = load i16 %c_row_major_6_1_0" [mmult.cpp:101]   --->   Operation 522 'load' 'c_row_major_6_1_0_load' <Predicate = true> <Delay = 0.00>
ST_5 : Operation 523 [1/1] (0.00ns)   --->   "%c_row_major_6_2_0_load = load i16 %c_row_major_6_2_0" [mmult.cpp:101]   --->   Operation 523 'load' 'c_row_major_6_2_0_load' <Predicate = true> <Delay = 0.00>
ST_5 : Operation 524 [1/1] (0.00ns)   --->   "%c_row_major_6_3_0_load = load i16 %c_row_major_6_3_0" [mmult.cpp:101]   --->   Operation 524 'load' 'c_row_major_6_3_0_load' <Predicate = true> <Delay = 0.00>
ST_5 : Operation 525 [1/1] (0.00ns)   --->   "%c_row_major_6_4_0_load = load i16 %c_row_major_6_4_0" [mmult.cpp:101]   --->   Operation 525 'load' 'c_row_major_6_4_0_load' <Predicate = true> <Delay = 0.00>
ST_5 : Operation 526 [1/1] (0.00ns)   --->   "%c_row_major_6_5_0_load = load i16 %c_row_major_6_5_0" [mmult.cpp:101]   --->   Operation 526 'load' 'c_row_major_6_5_0_load' <Predicate = true> <Delay = 0.00>
ST_5 : Operation 527 [1/1] (0.00ns)   --->   "%c_row_major_6_6_0_load = load i16 %c_row_major_6_6_0" [mmult.cpp:101]   --->   Operation 527 'load' 'c_row_major_6_6_0_load' <Predicate = true> <Delay = 0.00>
ST_5 : Operation 528 [1/1] (0.00ns)   --->   "%c_row_major_6_7_0_load = load i16 %c_row_major_6_7_0" [mmult.cpp:101]   --->   Operation 528 'load' 'c_row_major_6_7_0_load' <Predicate = true> <Delay = 0.00>
ST_5 : Operation 529 [1/1] (0.00ns)   --->   "%c_row_major_7_0_0_load = load i16 %c_row_major_7_0_0" [mmult.cpp:101]   --->   Operation 529 'load' 'c_row_major_7_0_0_load' <Predicate = true> <Delay = 0.00>
ST_5 : Operation 530 [1/1] (0.00ns)   --->   "%c_row_major_7_1_0_load = load i16 %c_row_major_7_1_0" [mmult.cpp:101]   --->   Operation 530 'load' 'c_row_major_7_1_0_load' <Predicate = true> <Delay = 0.00>
ST_5 : Operation 531 [1/1] (0.00ns)   --->   "%c_row_major_7_2_0_load = load i16 %c_row_major_7_2_0" [mmult.cpp:101]   --->   Operation 531 'load' 'c_row_major_7_2_0_load' <Predicate = true> <Delay = 0.00>
ST_5 : Operation 532 [1/1] (0.00ns)   --->   "%c_row_major_7_3_0_load = load i16 %c_row_major_7_3_0" [mmult.cpp:101]   --->   Operation 532 'load' 'c_row_major_7_3_0_load' <Predicate = true> <Delay = 0.00>
ST_5 : Operation 533 [1/1] (0.00ns)   --->   "%c_row_major_7_4_0_load = load i16 %c_row_major_7_4_0" [mmult.cpp:101]   --->   Operation 533 'load' 'c_row_major_7_4_0_load' <Predicate = true> <Delay = 0.00>
ST_5 : Operation 534 [1/1] (0.00ns)   --->   "%c_row_major_7_5_0_load = load i16 %c_row_major_7_5_0" [mmult.cpp:101]   --->   Operation 534 'load' 'c_row_major_7_5_0_load' <Predicate = true> <Delay = 0.00>
ST_5 : Operation 535 [1/1] (0.00ns)   --->   "%c_row_major_7_6_0_load = load i16 %c_row_major_7_6_0" [mmult.cpp:101]   --->   Operation 535 'load' 'c_row_major_7_6_0_load' <Predicate = true> <Delay = 0.00>
ST_5 : Operation 536 [1/1] (0.00ns)   --->   "%c_row_major_7_7_0_load = load i16 %c_row_major_7_7_0" [mmult.cpp:101]   --->   Operation 536 'load' 'c_row_major_7_7_0_load' <Predicate = true> <Delay = 0.00>
ST_5 : Operation 537 [1/3] (0.00ns) (grouped into DSP with root node add_ln101)   --->   "%product = mul i16 %sext_ln100_1, i16 %sext_ln100" [mmult.cpp:100]   --->   Operation 537 'mul' 'product' <Predicate = true> <Delay = 0.00> <CoreInst = "DSP48">   --->   Core 127 'DSP48' <Latency = 3> <II = 1> <Delay = 0.53> <IPBlock> <Opcode : '' 'add' 'sub' 'mul' 'select'> <InPorts = 0> <OutPorts = 1> <Sync> <CReg>
ST_5 : Operation 538 [2/2] (0.64ns) (root node of the DSP)   --->   "%add_ln101 = add i16 %product, i16 %c_row_major_0_0_0_load" [mmult.cpp:101]   --->   Operation 538 'add' 'add_ln101' <Predicate = true> <Delay = 0.64> <CoreInst = "DSP48">   --->   Core 127 'DSP48' <Latency = 3> <II = 1> <Delay = 0.53> <IPBlock> <Opcode : '' 'add' 'sub' 'mul' 'select'> <InPorts = 0> <OutPorts = 1> <Sync> <CReg>
ST_5 : Operation 539 [1/3] (0.00ns) (grouped into DSP with root node add_ln101_1)   --->   "%product_1 = mul i16 %sext_ln100_2, i16 %sext_ln100" [mmult.cpp:100]   --->   Operation 539 'mul' 'product_1' <Predicate = true> <Delay = 0.00> <CoreInst = "DSP48">   --->   Core 127 'DSP48' <Latency = 3> <II = 1> <Delay = 0.53> <IPBlock> <Opcode : '' 'add' 'sub' 'mul' 'select'> <InPorts = 0> <OutPorts = 1> <Sync> <CReg>
ST_5 : Operation 540 [2/2] (0.64ns) (root node of the DSP)   --->   "%add_ln101_1 = add i16 %product_1, i16 %c_row_major_0_1_0_load" [mmult.cpp:101]   --->   Operation 540 'add' 'add_ln101_1' <Predicate = true> <Delay = 0.64> <CoreInst = "DSP48">   --->   Core 127 'DSP48' <Latency = 3> <II = 1> <Delay = 0.53> <IPBlock> <Opcode : '' 'add' 'sub' 'mul' 'select'> <InPorts = 0> <OutPorts = 1> <Sync> <CReg>
ST_5 : Operation 541 [1/3] (0.00ns) (grouped into DSP with root node add_ln101_2)   --->   "%product_2 = mul i16 %sext_ln100_3, i16 %sext_ln100" [mmult.cpp:100]   --->   Operation 541 'mul' 'product_2' <Predicate = true> <Delay = 0.00> <CoreInst = "DSP48">   --->   Core 127 'DSP48' <Latency = 3> <II = 1> <Delay = 0.53> <IPBlock> <Opcode : '' 'add' 'sub' 'mul' 'select'> <InPorts = 0> <OutPorts = 1> <Sync> <CReg>
ST_5 : Operation 542 [2/2] (0.64ns) (root node of the DSP)   --->   "%add_ln101_2 = add i16 %product_2, i16 %c_row_major_0_2_0_load" [mmult.cpp:101]   --->   Operation 542 'add' 'add_ln101_2' <Predicate = true> <Delay = 0.64> <CoreInst = "DSP48">   --->   Core 127 'DSP48' <Latency = 3> <II = 1> <Delay = 0.53> <IPBlock> <Opcode : '' 'add' 'sub' 'mul' 'select'> <InPorts = 0> <OutPorts = 1> <Sync> <CReg>
ST_5 : Operation 543 [1/3] (0.00ns) (grouped into DSP with root node add_ln101_3)   --->   "%product_3 = mul i16 %sext_ln100_4, i16 %sext_ln100" [mmult.cpp:100]   --->   Operation 543 'mul' 'product_3' <Predicate = true> <Delay = 0.00> <CoreInst = "DSP48">   --->   Core 127 'DSP48' <Latency = 3> <II = 1> <Delay = 0.53> <IPBlock> <Opcode : '' 'add' 'sub' 'mul' 'select'> <InPorts = 0> <OutPorts = 1> <Sync> <CReg>
ST_5 : Operation 544 [2/2] (0.64ns) (root node of the DSP)   --->   "%add_ln101_3 = add i16 %product_3, i16 %c_row_major_0_3_0_load" [mmult.cpp:101]   --->   Operation 544 'add' 'add_ln101_3' <Predicate = true> <Delay = 0.64> <CoreInst = "DSP48">   --->   Core 127 'DSP48' <Latency = 3> <II = 1> <Delay = 0.53> <IPBlock> <Opcode : '' 'add' 'sub' 'mul' 'select'> <InPorts = 0> <OutPorts = 1> <Sync> <CReg>
ST_5 : Operation 545 [1/3] (0.00ns) (grouped into DSP with root node add_ln101_4)   --->   "%product_4 = mul i16 %sext_ln100_5, i16 %sext_ln100" [mmult.cpp:100]   --->   Operation 545 'mul' 'product_4' <Predicate = true> <Delay = 0.00> <CoreInst = "DSP48">   --->   Core 127 'DSP48' <Latency = 3> <II = 1> <Delay = 0.53> <IPBlock> <Opcode : '' 'add' 'sub' 'mul' 'select'> <InPorts = 0> <OutPorts = 1> <Sync> <CReg>
ST_5 : Operation 546 [2/2] (0.64ns) (root node of the DSP)   --->   "%add_ln101_4 = add i16 %product_4, i16 %c_row_major_0_4_0_load" [mmult.cpp:101]   --->   Operation 546 'add' 'add_ln101_4' <Predicate = true> <Delay = 0.64> <CoreInst = "DSP48">   --->   Core 127 'DSP48' <Latency = 3> <II = 1> <Delay = 0.53> <IPBlock> <Opcode : '' 'add' 'sub' 'mul' 'select'> <InPorts = 0> <OutPorts = 1> <Sync> <CReg>
ST_5 : Operation 547 [1/3] (0.00ns) (grouped into DSP with root node add_ln101_5)   --->   "%product_5 = mul i16 %sext_ln100_6, i16 %sext_ln100" [mmult.cpp:100]   --->   Operation 547 'mul' 'product_5' <Predicate = true> <Delay = 0.00> <CoreInst = "DSP48">   --->   Core 127 'DSP48' <Latency = 3> <II = 1> <Delay = 0.53> <IPBlock> <Opcode : '' 'add' 'sub' 'mul' 'select'> <InPorts = 0> <OutPorts = 1> <Sync> <CReg>
ST_5 : Operation 548 [2/2] (0.64ns) (root node of the DSP)   --->   "%add_ln101_5 = add i16 %product_5, i16 %c_row_major_0_5_0_load" [mmult.cpp:101]   --->   Operation 548 'add' 'add_ln101_5' <Predicate = true> <Delay = 0.64> <CoreInst = "DSP48">   --->   Core 127 'DSP48' <Latency = 3> <II = 1> <Delay = 0.53> <IPBlock> <Opcode : '' 'add' 'sub' 'mul' 'select'> <InPorts = 0> <OutPorts = 1> <Sync> <CReg>
ST_5 : Operation 549 [1/3] (0.00ns) (grouped into DSP with root node add_ln101_6)   --->   "%product_6 = mul i16 %sext_ln100_7, i16 %sext_ln100" [mmult.cpp:100]   --->   Operation 549 'mul' 'product_6' <Predicate = true> <Delay = 0.00> <CoreInst = "DSP48">   --->   Core 127 'DSP48' <Latency = 3> <II = 1> <Delay = 0.53> <IPBlock> <Opcode : '' 'add' 'sub' 'mul' 'select'> <InPorts = 0> <OutPorts = 1> <Sync> <CReg>
ST_5 : Operation 550 [2/2] (0.64ns) (root node of the DSP)   --->   "%add_ln101_6 = add i16 %product_6, i16 %c_row_major_0_6_0_load" [mmult.cpp:101]   --->   Operation 550 'add' 'add_ln101_6' <Predicate = true> <Delay = 0.64> <CoreInst = "DSP48">   --->   Core 127 'DSP48' <Latency = 3> <II = 1> <Delay = 0.53> <IPBlock> <Opcode : '' 'add' 'sub' 'mul' 'select'> <InPorts = 0> <OutPorts = 1> <Sync> <CReg>
ST_5 : Operation 551 [1/3] (0.00ns) (grouped into DSP with root node add_ln101_7)   --->   "%product_7 = mul i16 %sext_ln100_8, i16 %sext_ln100" [mmult.cpp:100]   --->   Operation 551 'mul' 'product_7' <Predicate = true> <Delay = 0.00> <CoreInst = "DSP48">   --->   Core 127 'DSP48' <Latency = 3> <II = 1> <Delay = 0.53> <IPBlock> <Opcode : '' 'add' 'sub' 'mul' 'select'> <InPorts = 0> <OutPorts = 1> <Sync> <CReg>
ST_5 : Operation 552 [2/2] (0.64ns) (root node of the DSP)   --->   "%add_ln101_7 = add i16 %product_7, i16 %c_row_major_0_7_0_load" [mmult.cpp:101]   --->   Operation 552 'add' 'add_ln101_7' <Predicate = true> <Delay = 0.64> <CoreInst = "DSP48">   --->   Core 127 'DSP48' <Latency = 3> <II = 1> <Delay = 0.53> <IPBlock> <Opcode : '' 'add' 'sub' 'mul' 'select'> <InPorts = 0> <OutPorts = 1> <Sync> <CReg>
ST_5 : Operation 553 [1/3] (0.00ns) (grouped into DSP with root node add_ln101_8)   --->   "%product_8 = mul i16 %sext_ln100_1, i16 %sext_ln100_9" [mmult.cpp:100]   --->   Operation 553 'mul' 'product_8' <Predicate = true> <Delay = 0.00> <CoreInst = "DSP48">   --->   Core 127 'DSP48' <Latency = 3> <II = 1> <Delay = 0.53> <IPBlock> <Opcode : '' 'add' 'sub' 'mul' 'select'> <InPorts = 0> <OutPorts = 1> <Sync> <CReg>
ST_5 : Operation 554 [2/2] (0.64ns) (root node of the DSP)   --->   "%add_ln101_8 = add i16 %product_8, i16 %c_row_major_1_0_0_load" [mmult.cpp:101]   --->   Operation 554 'add' 'add_ln101_8' <Predicate = true> <Delay = 0.64> <CoreInst = "DSP48">   --->   Core 127 'DSP48' <Latency = 3> <II = 1> <Delay = 0.53> <IPBlock> <Opcode : '' 'add' 'sub' 'mul' 'select'> <InPorts = 0> <OutPorts = 1> <Sync> <CReg>
ST_5 : Operation 555 [1/3] (0.00ns) (grouped into DSP with root node add_ln101_9)   --->   "%product_9 = mul i16 %sext_ln100_2, i16 %sext_ln100_9" [mmult.cpp:100]   --->   Operation 555 'mul' 'product_9' <Predicate = true> <Delay = 0.00> <CoreInst = "DSP48">   --->   Core 127 'DSP48' <Latency = 3> <II = 1> <Delay = 0.53> <IPBlock> <Opcode : '' 'add' 'sub' 'mul' 'select'> <InPorts = 0> <OutPorts = 1> <Sync> <CReg>
ST_5 : Operation 556 [2/2] (0.64ns) (root node of the DSP)   --->   "%add_ln101_9 = add i16 %product_9, i16 %c_row_major_1_1_0_load" [mmult.cpp:101]   --->   Operation 556 'add' 'add_ln101_9' <Predicate = true> <Delay = 0.64> <CoreInst = "DSP48">   --->   Core 127 'DSP48' <Latency = 3> <II = 1> <Delay = 0.53> <IPBlock> <Opcode : '' 'add' 'sub' 'mul' 'select'> <InPorts = 0> <OutPorts = 1> <Sync> <CReg>
ST_5 : Operation 557 [1/3] (0.00ns) (grouped into DSP with root node add_ln101_10)   --->   "%product_10 = mul i16 %sext_ln100_3, i16 %sext_ln100_9" [mmult.cpp:100]   --->   Operation 557 'mul' 'product_10' <Predicate = true> <Delay = 0.00> <CoreInst = "DSP48">   --->   Core 127 'DSP48' <Latency = 3> <II = 1> <Delay = 0.53> <IPBlock> <Opcode : '' 'add' 'sub' 'mul' 'select'> <InPorts = 0> <OutPorts = 1> <Sync> <CReg>
ST_5 : Operation 558 [2/2] (0.64ns) (root node of the DSP)   --->   "%add_ln101_10 = add i16 %product_10, i16 %c_row_major_1_2_0_load" [mmult.cpp:101]   --->   Operation 558 'add' 'add_ln101_10' <Predicate = true> <Delay = 0.64> <CoreInst = "DSP48">   --->   Core 127 'DSP48' <Latency = 3> <II = 1> <Delay = 0.53> <IPBlock> <Opcode : '' 'add' 'sub' 'mul' 'select'> <InPorts = 0> <OutPorts = 1> <Sync> <CReg>
ST_5 : Operation 559 [1/3] (0.00ns) (grouped into DSP with root node add_ln101_11)   --->   "%product_11 = mul i16 %sext_ln100_4, i16 %sext_ln100_9" [mmult.cpp:100]   --->   Operation 559 'mul' 'product_11' <Predicate = true> <Delay = 0.00> <CoreInst = "DSP48">   --->   Core 127 'DSP48' <Latency = 3> <II = 1> <Delay = 0.53> <IPBlock> <Opcode : '' 'add' 'sub' 'mul' 'select'> <InPorts = 0> <OutPorts = 1> <Sync> <CReg>
ST_5 : Operation 560 [2/2] (0.64ns) (root node of the DSP)   --->   "%add_ln101_11 = add i16 %product_11, i16 %c_row_major_1_3_0_load" [mmult.cpp:101]   --->   Operation 560 'add' 'add_ln101_11' <Predicate = true> <Delay = 0.64> <CoreInst = "DSP48">   --->   Core 127 'DSP48' <Latency = 3> <II = 1> <Delay = 0.53> <IPBlock> <Opcode : '' 'add' 'sub' 'mul' 'select'> <InPorts = 0> <OutPorts = 1> <Sync> <CReg>
ST_5 : Operation 561 [1/3] (0.00ns) (grouped into DSP with root node add_ln101_12)   --->   "%product_12 = mul i16 %sext_ln100_5, i16 %sext_ln100_9" [mmult.cpp:100]   --->   Operation 561 'mul' 'product_12' <Predicate = true> <Delay = 0.00> <CoreInst = "DSP48">   --->   Core 127 'DSP48' <Latency = 3> <II = 1> <Delay = 0.53> <IPBlock> <Opcode : '' 'add' 'sub' 'mul' 'select'> <InPorts = 0> <OutPorts = 1> <Sync> <CReg>
ST_5 : Operation 562 [2/2] (0.64ns) (root node of the DSP)   --->   "%add_ln101_12 = add i16 %product_12, i16 %c_row_major_1_4_0_load" [mmult.cpp:101]   --->   Operation 562 'add' 'add_ln101_12' <Predicate = true> <Delay = 0.64> <CoreInst = "DSP48">   --->   Core 127 'DSP48' <Latency = 3> <II = 1> <Delay = 0.53> <IPBlock> <Opcode : '' 'add' 'sub' 'mul' 'select'> <InPorts = 0> <OutPorts = 1> <Sync> <CReg>
ST_5 : Operation 563 [1/3] (0.00ns) (grouped into DSP with root node add_ln101_13)   --->   "%product_13 = mul i16 %sext_ln100_6, i16 %sext_ln100_9" [mmult.cpp:100]   --->   Operation 563 'mul' 'product_13' <Predicate = true> <Delay = 0.00> <CoreInst = "DSP48">   --->   Core 127 'DSP48' <Latency = 3> <II = 1> <Delay = 0.53> <IPBlock> <Opcode : '' 'add' 'sub' 'mul' 'select'> <InPorts = 0> <OutPorts = 1> <Sync> <CReg>
ST_5 : Operation 564 [2/2] (0.64ns) (root node of the DSP)   --->   "%add_ln101_13 = add i16 %product_13, i16 %c_row_major_1_5_0_load" [mmult.cpp:101]   --->   Operation 564 'add' 'add_ln101_13' <Predicate = true> <Delay = 0.64> <CoreInst = "DSP48">   --->   Core 127 'DSP48' <Latency = 3> <II = 1> <Delay = 0.53> <IPBlock> <Opcode : '' 'add' 'sub' 'mul' 'select'> <InPorts = 0> <OutPorts = 1> <Sync> <CReg>
ST_5 : Operation 565 [1/3] (0.00ns) (grouped into DSP with root node add_ln101_14)   --->   "%product_14 = mul i16 %sext_ln100_7, i16 %sext_ln100_9" [mmult.cpp:100]   --->   Operation 565 'mul' 'product_14' <Predicate = true> <Delay = 0.00> <CoreInst = "DSP48">   --->   Core 127 'DSP48' <Latency = 3> <II = 1> <Delay = 0.53> <IPBlock> <Opcode : '' 'add' 'sub' 'mul' 'select'> <InPorts = 0> <OutPorts = 1> <Sync> <CReg>
ST_5 : Operation 566 [2/2] (0.64ns) (root node of the DSP)   --->   "%add_ln101_14 = add i16 %product_14, i16 %c_row_major_1_6_0_load" [mmult.cpp:101]   --->   Operation 566 'add' 'add_ln101_14' <Predicate = true> <Delay = 0.64> <CoreInst = "DSP48">   --->   Core 127 'DSP48' <Latency = 3> <II = 1> <Delay = 0.53> <IPBlock> <Opcode : '' 'add' 'sub' 'mul' 'select'> <InPorts = 0> <OutPorts = 1> <Sync> <CReg>
ST_5 : Operation 567 [1/3] (0.00ns) (grouped into DSP with root node add_ln101_15)   --->   "%product_15 = mul i16 %sext_ln100_8, i16 %sext_ln100_9" [mmult.cpp:100]   --->   Operation 567 'mul' 'product_15' <Predicate = true> <Delay = 0.00> <CoreInst = "DSP48">   --->   Core 127 'DSP48' <Latency = 3> <II = 1> <Delay = 0.53> <IPBlock> <Opcode : '' 'add' 'sub' 'mul' 'select'> <InPorts = 0> <OutPorts = 1> <Sync> <CReg>
ST_5 : Operation 568 [2/2] (0.64ns) (root node of the DSP)   --->   "%add_ln101_15 = add i16 %product_15, i16 %c_row_major_1_7_0_load" [mmult.cpp:101]   --->   Operation 568 'add' 'add_ln101_15' <Predicate = true> <Delay = 0.64> <CoreInst = "DSP48">   --->   Core 127 'DSP48' <Latency = 3> <II = 1> <Delay = 0.53> <IPBlock> <Opcode : '' 'add' 'sub' 'mul' 'select'> <InPorts = 0> <OutPorts = 1> <Sync> <CReg>
ST_5 : Operation 569 [1/3] (0.00ns) (grouped into DSP with root node add_ln101_16)   --->   "%product_16 = mul i16 %sext_ln100_1, i16 %sext_ln100_10" [mmult.cpp:100]   --->   Operation 569 'mul' 'product_16' <Predicate = true> <Delay = 0.00> <CoreInst = "DSP48">   --->   Core 127 'DSP48' <Latency = 3> <II = 1> <Delay = 0.53> <IPBlock> <Opcode : '' 'add' 'sub' 'mul' 'select'> <InPorts = 0> <OutPorts = 1> <Sync> <CReg>
ST_5 : Operation 570 [2/2] (0.64ns) (root node of the DSP)   --->   "%add_ln101_16 = add i16 %product_16, i16 %c_row_major_2_0_0_load" [mmult.cpp:101]   --->   Operation 570 'add' 'add_ln101_16' <Predicate = true> <Delay = 0.64> <CoreInst = "DSP48">   --->   Core 127 'DSP48' <Latency = 3> <II = 1> <Delay = 0.53> <IPBlock> <Opcode : '' 'add' 'sub' 'mul' 'select'> <InPorts = 0> <OutPorts = 1> <Sync> <CReg>
ST_5 : Operation 571 [1/3] (0.00ns) (grouped into DSP with root node add_ln101_17)   --->   "%product_17 = mul i16 %sext_ln100_2, i16 %sext_ln100_10" [mmult.cpp:100]   --->   Operation 571 'mul' 'product_17' <Predicate = true> <Delay = 0.00> <CoreInst = "DSP48">   --->   Core 127 'DSP48' <Latency = 3> <II = 1> <Delay = 0.53> <IPBlock> <Opcode : '' 'add' 'sub' 'mul' 'select'> <InPorts = 0> <OutPorts = 1> <Sync> <CReg>
ST_5 : Operation 572 [2/2] (0.64ns) (root node of the DSP)   --->   "%add_ln101_17 = add i16 %product_17, i16 %c_row_major_2_1_0_load" [mmult.cpp:101]   --->   Operation 572 'add' 'add_ln101_17' <Predicate = true> <Delay = 0.64> <CoreInst = "DSP48">   --->   Core 127 'DSP48' <Latency = 3> <II = 1> <Delay = 0.53> <IPBlock> <Opcode : '' 'add' 'sub' 'mul' 'select'> <InPorts = 0> <OutPorts = 1> <Sync> <CReg>
ST_5 : Operation 573 [1/3] (0.00ns) (grouped into DSP with root node add_ln101_18)   --->   "%product_18 = mul i16 %sext_ln100_3, i16 %sext_ln100_10" [mmult.cpp:100]   --->   Operation 573 'mul' 'product_18' <Predicate = true> <Delay = 0.00> <CoreInst = "DSP48">   --->   Core 127 'DSP48' <Latency = 3> <II = 1> <Delay = 0.53> <IPBlock> <Opcode : '' 'add' 'sub' 'mul' 'select'> <InPorts = 0> <OutPorts = 1> <Sync> <CReg>
ST_5 : Operation 574 [2/2] (0.64ns) (root node of the DSP)   --->   "%add_ln101_18 = add i16 %product_18, i16 %c_row_major_2_2_0_load" [mmult.cpp:101]   --->   Operation 574 'add' 'add_ln101_18' <Predicate = true> <Delay = 0.64> <CoreInst = "DSP48">   --->   Core 127 'DSP48' <Latency = 3> <II = 1> <Delay = 0.53> <IPBlock> <Opcode : '' 'add' 'sub' 'mul' 'select'> <InPorts = 0> <OutPorts = 1> <Sync> <CReg>
ST_5 : Operation 575 [1/3] (0.00ns) (grouped into DSP with root node add_ln101_19)   --->   "%product_19 = mul i16 %sext_ln100_4, i16 %sext_ln100_10" [mmult.cpp:100]   --->   Operation 575 'mul' 'product_19' <Predicate = true> <Delay = 0.00> <CoreInst = "DSP48">   --->   Core 127 'DSP48' <Latency = 3> <II = 1> <Delay = 0.53> <IPBlock> <Opcode : '' 'add' 'sub' 'mul' 'select'> <InPorts = 0> <OutPorts = 1> <Sync> <CReg>
ST_5 : Operation 576 [2/2] (0.64ns) (root node of the DSP)   --->   "%add_ln101_19 = add i16 %product_19, i16 %c_row_major_2_3_0_load" [mmult.cpp:101]   --->   Operation 576 'add' 'add_ln101_19' <Predicate = true> <Delay = 0.64> <CoreInst = "DSP48">   --->   Core 127 'DSP48' <Latency = 3> <II = 1> <Delay = 0.53> <IPBlock> <Opcode : '' 'add' 'sub' 'mul' 'select'> <InPorts = 0> <OutPorts = 1> <Sync> <CReg>
ST_5 : Operation 577 [1/3] (0.00ns) (grouped into DSP with root node add_ln101_20)   --->   "%product_20 = mul i16 %sext_ln100_5, i16 %sext_ln100_10" [mmult.cpp:100]   --->   Operation 577 'mul' 'product_20' <Predicate = true> <Delay = 0.00> <CoreInst = "DSP48">   --->   Core 127 'DSP48' <Latency = 3> <II = 1> <Delay = 0.53> <IPBlock> <Opcode : '' 'add' 'sub' 'mul' 'select'> <InPorts = 0> <OutPorts = 1> <Sync> <CReg>
ST_5 : Operation 578 [2/2] (0.64ns) (root node of the DSP)   --->   "%add_ln101_20 = add i16 %product_20, i16 %c_row_major_2_4_0_load" [mmult.cpp:101]   --->   Operation 578 'add' 'add_ln101_20' <Predicate = true> <Delay = 0.64> <CoreInst = "DSP48">   --->   Core 127 'DSP48' <Latency = 3> <II = 1> <Delay = 0.53> <IPBlock> <Opcode : '' 'add' 'sub' 'mul' 'select'> <InPorts = 0> <OutPorts = 1> <Sync> <CReg>
ST_5 : Operation 579 [1/3] (0.00ns) (grouped into DSP with root node add_ln101_21)   --->   "%product_21 = mul i16 %sext_ln100_6, i16 %sext_ln100_10" [mmult.cpp:100]   --->   Operation 579 'mul' 'product_21' <Predicate = true> <Delay = 0.00> <CoreInst = "DSP48">   --->   Core 127 'DSP48' <Latency = 3> <II = 1> <Delay = 0.53> <IPBlock> <Opcode : '' 'add' 'sub' 'mul' 'select'> <InPorts = 0> <OutPorts = 1> <Sync> <CReg>
ST_5 : Operation 580 [2/2] (0.64ns) (root node of the DSP)   --->   "%add_ln101_21 = add i16 %product_21, i16 %c_row_major_2_5_0_load" [mmult.cpp:101]   --->   Operation 580 'add' 'add_ln101_21' <Predicate = true> <Delay = 0.64> <CoreInst = "DSP48">   --->   Core 127 'DSP48' <Latency = 3> <II = 1> <Delay = 0.53> <IPBlock> <Opcode : '' 'add' 'sub' 'mul' 'select'> <InPorts = 0> <OutPorts = 1> <Sync> <CReg>
ST_5 : Operation 581 [1/3] (0.00ns) (grouped into DSP with root node add_ln101_22)   --->   "%product_22 = mul i16 %sext_ln100_7, i16 %sext_ln100_10" [mmult.cpp:100]   --->   Operation 581 'mul' 'product_22' <Predicate = true> <Delay = 0.00> <CoreInst = "DSP48">   --->   Core 127 'DSP48' <Latency = 3> <II = 1> <Delay = 0.53> <IPBlock> <Opcode : '' 'add' 'sub' 'mul' 'select'> <InPorts = 0> <OutPorts = 1> <Sync> <CReg>
ST_5 : Operation 582 [2/2] (0.64ns) (root node of the DSP)   --->   "%add_ln101_22 = add i16 %product_22, i16 %c_row_major_2_6_0_load" [mmult.cpp:101]   --->   Operation 582 'add' 'add_ln101_22' <Predicate = true> <Delay = 0.64> <CoreInst = "DSP48">   --->   Core 127 'DSP48' <Latency = 3> <II = 1> <Delay = 0.53> <IPBlock> <Opcode : '' 'add' 'sub' 'mul' 'select'> <InPorts = 0> <OutPorts = 1> <Sync> <CReg>
ST_5 : Operation 583 [1/3] (0.00ns) (grouped into DSP with root node add_ln101_23)   --->   "%product_23 = mul i16 %sext_ln100_8, i16 %sext_ln100_10" [mmult.cpp:100]   --->   Operation 583 'mul' 'product_23' <Predicate = true> <Delay = 0.00> <CoreInst = "DSP48">   --->   Core 127 'DSP48' <Latency = 3> <II = 1> <Delay = 0.53> <IPBlock> <Opcode : '' 'add' 'sub' 'mul' 'select'> <InPorts = 0> <OutPorts = 1> <Sync> <CReg>
ST_5 : Operation 584 [2/2] (0.64ns) (root node of the DSP)   --->   "%add_ln101_23 = add i16 %product_23, i16 %c_row_major_2_7_0_load" [mmult.cpp:101]   --->   Operation 584 'add' 'add_ln101_23' <Predicate = true> <Delay = 0.64> <CoreInst = "DSP48">   --->   Core 127 'DSP48' <Latency = 3> <II = 1> <Delay = 0.53> <IPBlock> <Opcode : '' 'add' 'sub' 'mul' 'select'> <InPorts = 0> <OutPorts = 1> <Sync> <CReg>
ST_5 : Operation 585 [1/3] (0.00ns) (grouped into DSP with root node add_ln101_24)   --->   "%product_24 = mul i16 %sext_ln100_1, i16 %sext_ln100_11" [mmult.cpp:100]   --->   Operation 585 'mul' 'product_24' <Predicate = true> <Delay = 0.00> <CoreInst = "DSP48">   --->   Core 127 'DSP48' <Latency = 3> <II = 1> <Delay = 0.53> <IPBlock> <Opcode : '' 'add' 'sub' 'mul' 'select'> <InPorts = 0> <OutPorts = 1> <Sync> <CReg>
ST_5 : Operation 586 [2/2] (0.64ns) (root node of the DSP)   --->   "%add_ln101_24 = add i16 %product_24, i16 %c_row_major_3_0_0_load" [mmult.cpp:101]   --->   Operation 586 'add' 'add_ln101_24' <Predicate = true> <Delay = 0.64> <CoreInst = "DSP48">   --->   Core 127 'DSP48' <Latency = 3> <II = 1> <Delay = 0.53> <IPBlock> <Opcode : '' 'add' 'sub' 'mul' 'select'> <InPorts = 0> <OutPorts = 1> <Sync> <CReg>
ST_5 : Operation 587 [1/3] (0.00ns) (grouped into DSP with root node add_ln101_25)   --->   "%product_25 = mul i16 %sext_ln100_2, i16 %sext_ln100_11" [mmult.cpp:100]   --->   Operation 587 'mul' 'product_25' <Predicate = true> <Delay = 0.00> <CoreInst = "DSP48">   --->   Core 127 'DSP48' <Latency = 3> <II = 1> <Delay = 0.53> <IPBlock> <Opcode : '' 'add' 'sub' 'mul' 'select'> <InPorts = 0> <OutPorts = 1> <Sync> <CReg>
ST_5 : Operation 588 [2/2] (0.64ns) (root node of the DSP)   --->   "%add_ln101_25 = add i16 %product_25, i16 %c_row_major_3_1_0_load" [mmult.cpp:101]   --->   Operation 588 'add' 'add_ln101_25' <Predicate = true> <Delay = 0.64> <CoreInst = "DSP48">   --->   Core 127 'DSP48' <Latency = 3> <II = 1> <Delay = 0.53> <IPBlock> <Opcode : '' 'add' 'sub' 'mul' 'select'> <InPorts = 0> <OutPorts = 1> <Sync> <CReg>
ST_5 : Operation 589 [1/3] (0.00ns) (grouped into DSP with root node add_ln101_26)   --->   "%product_26 = mul i16 %sext_ln100_3, i16 %sext_ln100_11" [mmult.cpp:100]   --->   Operation 589 'mul' 'product_26' <Predicate = true> <Delay = 0.00> <CoreInst = "DSP48">   --->   Core 127 'DSP48' <Latency = 3> <II = 1> <Delay = 0.53> <IPBlock> <Opcode : '' 'add' 'sub' 'mul' 'select'> <InPorts = 0> <OutPorts = 1> <Sync> <CReg>
ST_5 : Operation 590 [2/2] (0.64ns) (root node of the DSP)   --->   "%add_ln101_26 = add i16 %product_26, i16 %c_row_major_3_2_0_load" [mmult.cpp:101]   --->   Operation 590 'add' 'add_ln101_26' <Predicate = true> <Delay = 0.64> <CoreInst = "DSP48">   --->   Core 127 'DSP48' <Latency = 3> <II = 1> <Delay = 0.53> <IPBlock> <Opcode : '' 'add' 'sub' 'mul' 'select'> <InPorts = 0> <OutPorts = 1> <Sync> <CReg>
ST_5 : Operation 591 [1/3] (0.00ns) (grouped into DSP with root node add_ln101_27)   --->   "%product_27 = mul i16 %sext_ln100_4, i16 %sext_ln100_11" [mmult.cpp:100]   --->   Operation 591 'mul' 'product_27' <Predicate = true> <Delay = 0.00> <CoreInst = "DSP48">   --->   Core 127 'DSP48' <Latency = 3> <II = 1> <Delay = 0.53> <IPBlock> <Opcode : '' 'add' 'sub' 'mul' 'select'> <InPorts = 0> <OutPorts = 1> <Sync> <CReg>
ST_5 : Operation 592 [2/2] (0.64ns) (root node of the DSP)   --->   "%add_ln101_27 = add i16 %product_27, i16 %c_row_major_3_3_0_load" [mmult.cpp:101]   --->   Operation 592 'add' 'add_ln101_27' <Predicate = true> <Delay = 0.64> <CoreInst = "DSP48">   --->   Core 127 'DSP48' <Latency = 3> <II = 1> <Delay = 0.53> <IPBlock> <Opcode : '' 'add' 'sub' 'mul' 'select'> <InPorts = 0> <OutPorts = 1> <Sync> <CReg>
ST_5 : Operation 593 [1/3] (0.00ns) (grouped into DSP with root node add_ln101_28)   --->   "%product_28 = mul i16 %sext_ln100_5, i16 %sext_ln100_11" [mmult.cpp:100]   --->   Operation 593 'mul' 'product_28' <Predicate = true> <Delay = 0.00> <CoreInst = "DSP48">   --->   Core 127 'DSP48' <Latency = 3> <II = 1> <Delay = 0.53> <IPBlock> <Opcode : '' 'add' 'sub' 'mul' 'select'> <InPorts = 0> <OutPorts = 1> <Sync> <CReg>
ST_5 : Operation 594 [2/2] (0.64ns) (root node of the DSP)   --->   "%add_ln101_28 = add i16 %product_28, i16 %c_row_major_3_4_0_load" [mmult.cpp:101]   --->   Operation 594 'add' 'add_ln101_28' <Predicate = true> <Delay = 0.64> <CoreInst = "DSP48">   --->   Core 127 'DSP48' <Latency = 3> <II = 1> <Delay = 0.53> <IPBlock> <Opcode : '' 'add' 'sub' 'mul' 'select'> <InPorts = 0> <OutPorts = 1> <Sync> <CReg>
ST_5 : Operation 595 [1/3] (0.00ns) (grouped into DSP with root node add_ln101_29)   --->   "%product_29 = mul i16 %sext_ln100_6, i16 %sext_ln100_11" [mmult.cpp:100]   --->   Operation 595 'mul' 'product_29' <Predicate = true> <Delay = 0.00> <CoreInst = "DSP48">   --->   Core 127 'DSP48' <Latency = 3> <II = 1> <Delay = 0.53> <IPBlock> <Opcode : '' 'add' 'sub' 'mul' 'select'> <InPorts = 0> <OutPorts = 1> <Sync> <CReg>
ST_5 : Operation 596 [2/2] (0.64ns) (root node of the DSP)   --->   "%add_ln101_29 = add i16 %product_29, i16 %c_row_major_3_5_0_load" [mmult.cpp:101]   --->   Operation 596 'add' 'add_ln101_29' <Predicate = true> <Delay = 0.64> <CoreInst = "DSP48">   --->   Core 127 'DSP48' <Latency = 3> <II = 1> <Delay = 0.53> <IPBlock> <Opcode : '' 'add' 'sub' 'mul' 'select'> <InPorts = 0> <OutPorts = 1> <Sync> <CReg>
ST_5 : Operation 597 [1/3] (0.00ns) (grouped into DSP with root node add_ln101_30)   --->   "%product_30 = mul i16 %sext_ln100_7, i16 %sext_ln100_11" [mmult.cpp:100]   --->   Operation 597 'mul' 'product_30' <Predicate = true> <Delay = 0.00> <CoreInst = "DSP48">   --->   Core 127 'DSP48' <Latency = 3> <II = 1> <Delay = 0.53> <IPBlock> <Opcode : '' 'add' 'sub' 'mul' 'select'> <InPorts = 0> <OutPorts = 1> <Sync> <CReg>
ST_5 : Operation 598 [2/2] (0.64ns) (root node of the DSP)   --->   "%add_ln101_30 = add i16 %product_30, i16 %c_row_major_3_6_0_load" [mmult.cpp:101]   --->   Operation 598 'add' 'add_ln101_30' <Predicate = true> <Delay = 0.64> <CoreInst = "DSP48">   --->   Core 127 'DSP48' <Latency = 3> <II = 1> <Delay = 0.53> <IPBlock> <Opcode : '' 'add' 'sub' 'mul' 'select'> <InPorts = 0> <OutPorts = 1> <Sync> <CReg>
ST_5 : Operation 599 [1/3] (0.00ns) (grouped into DSP with root node add_ln101_31)   --->   "%product_31 = mul i16 %sext_ln100_8, i16 %sext_ln100_11" [mmult.cpp:100]   --->   Operation 599 'mul' 'product_31' <Predicate = true> <Delay = 0.00> <CoreInst = "DSP48">   --->   Core 127 'DSP48' <Latency = 3> <II = 1> <Delay = 0.53> <IPBlock> <Opcode : '' 'add' 'sub' 'mul' 'select'> <InPorts = 0> <OutPorts = 1> <Sync> <CReg>
ST_5 : Operation 600 [2/2] (0.64ns) (root node of the DSP)   --->   "%add_ln101_31 = add i16 %product_31, i16 %c_row_major_3_7_0_load" [mmult.cpp:101]   --->   Operation 600 'add' 'add_ln101_31' <Predicate = true> <Delay = 0.64> <CoreInst = "DSP48">   --->   Core 127 'DSP48' <Latency = 3> <II = 1> <Delay = 0.53> <IPBlock> <Opcode : '' 'add' 'sub' 'mul' 'select'> <InPorts = 0> <OutPorts = 1> <Sync> <CReg>
ST_5 : Operation 601 [1/3] (0.00ns) (grouped into DSP with root node add_ln101_32)   --->   "%product_32 = mul i16 %sext_ln100_1, i16 %sext_ln100_12" [mmult.cpp:100]   --->   Operation 601 'mul' 'product_32' <Predicate = true> <Delay = 0.00> <CoreInst = "DSP48">   --->   Core 127 'DSP48' <Latency = 3> <II = 1> <Delay = 0.53> <IPBlock> <Opcode : '' 'add' 'sub' 'mul' 'select'> <InPorts = 0> <OutPorts = 1> <Sync> <CReg>
ST_5 : Operation 602 [2/2] (0.64ns) (root node of the DSP)   --->   "%add_ln101_32 = add i16 %product_32, i16 %c_row_major_4_0_0_load" [mmult.cpp:101]   --->   Operation 602 'add' 'add_ln101_32' <Predicate = true> <Delay = 0.64> <CoreInst = "DSP48">   --->   Core 127 'DSP48' <Latency = 3> <II = 1> <Delay = 0.53> <IPBlock> <Opcode : '' 'add' 'sub' 'mul' 'select'> <InPorts = 0> <OutPorts = 1> <Sync> <CReg>
ST_5 : Operation 603 [1/3] (0.00ns) (grouped into DSP with root node add_ln101_33)   --->   "%product_33 = mul i16 %sext_ln100_2, i16 %sext_ln100_12" [mmult.cpp:100]   --->   Operation 603 'mul' 'product_33' <Predicate = true> <Delay = 0.00> <CoreInst = "DSP48">   --->   Core 127 'DSP48' <Latency = 3> <II = 1> <Delay = 0.53> <IPBlock> <Opcode : '' 'add' 'sub' 'mul' 'select'> <InPorts = 0> <OutPorts = 1> <Sync> <CReg>
ST_5 : Operation 604 [2/2] (0.64ns) (root node of the DSP)   --->   "%add_ln101_33 = add i16 %product_33, i16 %c_row_major_4_1_0_load" [mmult.cpp:101]   --->   Operation 604 'add' 'add_ln101_33' <Predicate = true> <Delay = 0.64> <CoreInst = "DSP48">   --->   Core 127 'DSP48' <Latency = 3> <II = 1> <Delay = 0.53> <IPBlock> <Opcode : '' 'add' 'sub' 'mul' 'select'> <InPorts = 0> <OutPorts = 1> <Sync> <CReg>
ST_5 : Operation 605 [1/3] (0.00ns) (grouped into DSP with root node add_ln101_34)   --->   "%product_34 = mul i16 %sext_ln100_3, i16 %sext_ln100_12" [mmult.cpp:100]   --->   Operation 605 'mul' 'product_34' <Predicate = true> <Delay = 0.00> <CoreInst = "DSP48">   --->   Core 127 'DSP48' <Latency = 3> <II = 1> <Delay = 0.53> <IPBlock> <Opcode : '' 'add' 'sub' 'mul' 'select'> <InPorts = 0> <OutPorts = 1> <Sync> <CReg>
ST_5 : Operation 606 [2/2] (0.64ns) (root node of the DSP)   --->   "%add_ln101_34 = add i16 %product_34, i16 %c_row_major_4_2_0_load" [mmult.cpp:101]   --->   Operation 606 'add' 'add_ln101_34' <Predicate = true> <Delay = 0.64> <CoreInst = "DSP48">   --->   Core 127 'DSP48' <Latency = 3> <II = 1> <Delay = 0.53> <IPBlock> <Opcode : '' 'add' 'sub' 'mul' 'select'> <InPorts = 0> <OutPorts = 1> <Sync> <CReg>
ST_5 : Operation 607 [1/3] (0.00ns) (grouped into DSP with root node add_ln101_35)   --->   "%product_35 = mul i16 %sext_ln100_4, i16 %sext_ln100_12" [mmult.cpp:100]   --->   Operation 607 'mul' 'product_35' <Predicate = true> <Delay = 0.00> <CoreInst = "DSP48">   --->   Core 127 'DSP48' <Latency = 3> <II = 1> <Delay = 0.53> <IPBlock> <Opcode : '' 'add' 'sub' 'mul' 'select'> <InPorts = 0> <OutPorts = 1> <Sync> <CReg>
ST_5 : Operation 608 [2/2] (0.64ns) (root node of the DSP)   --->   "%add_ln101_35 = add i16 %product_35, i16 %c_row_major_4_3_0_load" [mmult.cpp:101]   --->   Operation 608 'add' 'add_ln101_35' <Predicate = true> <Delay = 0.64> <CoreInst = "DSP48">   --->   Core 127 'DSP48' <Latency = 3> <II = 1> <Delay = 0.53> <IPBlock> <Opcode : '' 'add' 'sub' 'mul' 'select'> <InPorts = 0> <OutPorts = 1> <Sync> <CReg>
ST_5 : Operation 609 [1/3] (0.00ns) (grouped into DSP with root node add_ln101_36)   --->   "%product_36 = mul i16 %sext_ln100_5, i16 %sext_ln100_12" [mmult.cpp:100]   --->   Operation 609 'mul' 'product_36' <Predicate = true> <Delay = 0.00> <CoreInst = "DSP48">   --->   Core 127 'DSP48' <Latency = 3> <II = 1> <Delay = 0.53> <IPBlock> <Opcode : '' 'add' 'sub' 'mul' 'select'> <InPorts = 0> <OutPorts = 1> <Sync> <CReg>
ST_5 : Operation 610 [2/2] (0.64ns) (root node of the DSP)   --->   "%add_ln101_36 = add i16 %product_36, i16 %c_row_major_4_4_0_load" [mmult.cpp:101]   --->   Operation 610 'add' 'add_ln101_36' <Predicate = true> <Delay = 0.64> <CoreInst = "DSP48">   --->   Core 127 'DSP48' <Latency = 3> <II = 1> <Delay = 0.53> <IPBlock> <Opcode : '' 'add' 'sub' 'mul' 'select'> <InPorts = 0> <OutPorts = 1> <Sync> <CReg>
ST_5 : Operation 611 [1/3] (0.00ns) (grouped into DSP with root node add_ln101_37)   --->   "%product_37 = mul i16 %sext_ln100_6, i16 %sext_ln100_12" [mmult.cpp:100]   --->   Operation 611 'mul' 'product_37' <Predicate = true> <Delay = 0.00> <CoreInst = "DSP48">   --->   Core 127 'DSP48' <Latency = 3> <II = 1> <Delay = 0.53> <IPBlock> <Opcode : '' 'add' 'sub' 'mul' 'select'> <InPorts = 0> <OutPorts = 1> <Sync> <CReg>
ST_5 : Operation 612 [2/2] (0.64ns) (root node of the DSP)   --->   "%add_ln101_37 = add i16 %product_37, i16 %c_row_major_4_5_0_load" [mmult.cpp:101]   --->   Operation 612 'add' 'add_ln101_37' <Predicate = true> <Delay = 0.64> <CoreInst = "DSP48">   --->   Core 127 'DSP48' <Latency = 3> <II = 1> <Delay = 0.53> <IPBlock> <Opcode : '' 'add' 'sub' 'mul' 'select'> <InPorts = 0> <OutPorts = 1> <Sync> <CReg>
ST_5 : Operation 613 [1/3] (0.00ns) (grouped into DSP with root node add_ln101_38)   --->   "%product_38 = mul i16 %sext_ln100_7, i16 %sext_ln100_12" [mmult.cpp:100]   --->   Operation 613 'mul' 'product_38' <Predicate = true> <Delay = 0.00> <CoreInst = "DSP48">   --->   Core 127 'DSP48' <Latency = 3> <II = 1> <Delay = 0.53> <IPBlock> <Opcode : '' 'add' 'sub' 'mul' 'select'> <InPorts = 0> <OutPorts = 1> <Sync> <CReg>
ST_5 : Operation 614 [2/2] (0.64ns) (root node of the DSP)   --->   "%add_ln101_38 = add i16 %product_38, i16 %c_row_major_4_6_0_load" [mmult.cpp:101]   --->   Operation 614 'add' 'add_ln101_38' <Predicate = true> <Delay = 0.64> <CoreInst = "DSP48">   --->   Core 127 'DSP48' <Latency = 3> <II = 1> <Delay = 0.53> <IPBlock> <Opcode : '' 'add' 'sub' 'mul' 'select'> <InPorts = 0> <OutPorts = 1> <Sync> <CReg>
ST_5 : Operation 615 [1/3] (0.00ns) (grouped into DSP with root node add_ln101_39)   --->   "%product_39 = mul i16 %sext_ln100_8, i16 %sext_ln100_12" [mmult.cpp:100]   --->   Operation 615 'mul' 'product_39' <Predicate = true> <Delay = 0.00> <CoreInst = "DSP48">   --->   Core 127 'DSP48' <Latency = 3> <II = 1> <Delay = 0.53> <IPBlock> <Opcode : '' 'add' 'sub' 'mul' 'select'> <InPorts = 0> <OutPorts = 1> <Sync> <CReg>
ST_5 : Operation 616 [2/2] (0.64ns) (root node of the DSP)   --->   "%add_ln101_39 = add i16 %product_39, i16 %c_row_major_4_7_0_load" [mmult.cpp:101]   --->   Operation 616 'add' 'add_ln101_39' <Predicate = true> <Delay = 0.64> <CoreInst = "DSP48">   --->   Core 127 'DSP48' <Latency = 3> <II = 1> <Delay = 0.53> <IPBlock> <Opcode : '' 'add' 'sub' 'mul' 'select'> <InPorts = 0> <OutPorts = 1> <Sync> <CReg>
ST_5 : Operation 617 [1/3] (0.00ns) (grouped into DSP with root node add_ln101_40)   --->   "%product_40 = mul i16 %sext_ln100_1, i16 %sext_ln100_13" [mmult.cpp:100]   --->   Operation 617 'mul' 'product_40' <Predicate = true> <Delay = 0.00> <CoreInst = "DSP48">   --->   Core 127 'DSP48' <Latency = 3> <II = 1> <Delay = 0.53> <IPBlock> <Opcode : '' 'add' 'sub' 'mul' 'select'> <InPorts = 0> <OutPorts = 1> <Sync> <CReg>
ST_5 : Operation 618 [2/2] (0.64ns) (root node of the DSP)   --->   "%add_ln101_40 = add i16 %product_40, i16 %c_row_major_5_0_0_load" [mmult.cpp:101]   --->   Operation 618 'add' 'add_ln101_40' <Predicate = true> <Delay = 0.64> <CoreInst = "DSP48">   --->   Core 127 'DSP48' <Latency = 3> <II = 1> <Delay = 0.53> <IPBlock> <Opcode : '' 'add' 'sub' 'mul' 'select'> <InPorts = 0> <OutPorts = 1> <Sync> <CReg>
ST_5 : Operation 619 [1/3] (0.00ns) (grouped into DSP with root node add_ln101_41)   --->   "%product_41 = mul i16 %sext_ln100_2, i16 %sext_ln100_13" [mmult.cpp:100]   --->   Operation 619 'mul' 'product_41' <Predicate = true> <Delay = 0.00> <CoreInst = "DSP48">   --->   Core 127 'DSP48' <Latency = 3> <II = 1> <Delay = 0.53> <IPBlock> <Opcode : '' 'add' 'sub' 'mul' 'select'> <InPorts = 0> <OutPorts = 1> <Sync> <CReg>
ST_5 : Operation 620 [2/2] (0.64ns) (root node of the DSP)   --->   "%add_ln101_41 = add i16 %product_41, i16 %c_row_major_5_1_0_load" [mmult.cpp:101]   --->   Operation 620 'add' 'add_ln101_41' <Predicate = true> <Delay = 0.64> <CoreInst = "DSP48">   --->   Core 127 'DSP48' <Latency = 3> <II = 1> <Delay = 0.53> <IPBlock> <Opcode : '' 'add' 'sub' 'mul' 'select'> <InPorts = 0> <OutPorts = 1> <Sync> <CReg>
ST_5 : Operation 621 [1/3] (0.00ns) (grouped into DSP with root node add_ln101_42)   --->   "%product_42 = mul i16 %sext_ln100_3, i16 %sext_ln100_13" [mmult.cpp:100]   --->   Operation 621 'mul' 'product_42' <Predicate = true> <Delay = 0.00> <CoreInst = "DSP48">   --->   Core 127 'DSP48' <Latency = 3> <II = 1> <Delay = 0.53> <IPBlock> <Opcode : '' 'add' 'sub' 'mul' 'select'> <InPorts = 0> <OutPorts = 1> <Sync> <CReg>
ST_5 : Operation 622 [2/2] (0.64ns) (root node of the DSP)   --->   "%add_ln101_42 = add i16 %product_42, i16 %c_row_major_5_2_0_load" [mmult.cpp:101]   --->   Operation 622 'add' 'add_ln101_42' <Predicate = true> <Delay = 0.64> <CoreInst = "DSP48">   --->   Core 127 'DSP48' <Latency = 3> <II = 1> <Delay = 0.53> <IPBlock> <Opcode : '' 'add' 'sub' 'mul' 'select'> <InPorts = 0> <OutPorts = 1> <Sync> <CReg>
ST_5 : Operation 623 [1/3] (0.00ns) (grouped into DSP with root node add_ln101_43)   --->   "%product_43 = mul i16 %sext_ln100_4, i16 %sext_ln100_13" [mmult.cpp:100]   --->   Operation 623 'mul' 'product_43' <Predicate = true> <Delay = 0.00> <CoreInst = "DSP48">   --->   Core 127 'DSP48' <Latency = 3> <II = 1> <Delay = 0.53> <IPBlock> <Opcode : '' 'add' 'sub' 'mul' 'select'> <InPorts = 0> <OutPorts = 1> <Sync> <CReg>
ST_5 : Operation 624 [2/2] (0.64ns) (root node of the DSP)   --->   "%add_ln101_43 = add i16 %product_43, i16 %c_row_major_5_3_0_load" [mmult.cpp:101]   --->   Operation 624 'add' 'add_ln101_43' <Predicate = true> <Delay = 0.64> <CoreInst = "DSP48">   --->   Core 127 'DSP48' <Latency = 3> <II = 1> <Delay = 0.53> <IPBlock> <Opcode : '' 'add' 'sub' 'mul' 'select'> <InPorts = 0> <OutPorts = 1> <Sync> <CReg>
ST_5 : Operation 625 [1/3] (0.00ns) (grouped into DSP with root node add_ln101_44)   --->   "%product_44 = mul i16 %sext_ln100_5, i16 %sext_ln100_13" [mmult.cpp:100]   --->   Operation 625 'mul' 'product_44' <Predicate = true> <Delay = 0.00> <CoreInst = "DSP48">   --->   Core 127 'DSP48' <Latency = 3> <II = 1> <Delay = 0.53> <IPBlock> <Opcode : '' 'add' 'sub' 'mul' 'select'> <InPorts = 0> <OutPorts = 1> <Sync> <CReg>
ST_5 : Operation 626 [2/2] (0.64ns) (root node of the DSP)   --->   "%add_ln101_44 = add i16 %product_44, i16 %c_row_major_5_4_0_load" [mmult.cpp:101]   --->   Operation 626 'add' 'add_ln101_44' <Predicate = true> <Delay = 0.64> <CoreInst = "DSP48">   --->   Core 127 'DSP48' <Latency = 3> <II = 1> <Delay = 0.53> <IPBlock> <Opcode : '' 'add' 'sub' 'mul' 'select'> <InPorts = 0> <OutPorts = 1> <Sync> <CReg>
ST_5 : Operation 627 [1/3] (0.00ns) (grouped into DSP with root node add_ln101_45)   --->   "%product_45 = mul i16 %sext_ln100_6, i16 %sext_ln100_13" [mmult.cpp:100]   --->   Operation 627 'mul' 'product_45' <Predicate = true> <Delay = 0.00> <CoreInst = "DSP48">   --->   Core 127 'DSP48' <Latency = 3> <II = 1> <Delay = 0.53> <IPBlock> <Opcode : '' 'add' 'sub' 'mul' 'select'> <InPorts = 0> <OutPorts = 1> <Sync> <CReg>
ST_5 : Operation 628 [2/2] (0.64ns) (root node of the DSP)   --->   "%add_ln101_45 = add i16 %product_45, i16 %c_row_major_5_5_0_load" [mmult.cpp:101]   --->   Operation 628 'add' 'add_ln101_45' <Predicate = true> <Delay = 0.64> <CoreInst = "DSP48">   --->   Core 127 'DSP48' <Latency = 3> <II = 1> <Delay = 0.53> <IPBlock> <Opcode : '' 'add' 'sub' 'mul' 'select'> <InPorts = 0> <OutPorts = 1> <Sync> <CReg>
ST_5 : Operation 629 [1/3] (0.00ns) (grouped into DSP with root node add_ln101_46)   --->   "%product_46 = mul i16 %sext_ln100_7, i16 %sext_ln100_13" [mmult.cpp:100]   --->   Operation 629 'mul' 'product_46' <Predicate = true> <Delay = 0.00> <CoreInst = "DSP48">   --->   Core 127 'DSP48' <Latency = 3> <II = 1> <Delay = 0.53> <IPBlock> <Opcode : '' 'add' 'sub' 'mul' 'select'> <InPorts = 0> <OutPorts = 1> <Sync> <CReg>
ST_5 : Operation 630 [2/2] (0.64ns) (root node of the DSP)   --->   "%add_ln101_46 = add i16 %product_46, i16 %c_row_major_5_6_0_load" [mmult.cpp:101]   --->   Operation 630 'add' 'add_ln101_46' <Predicate = true> <Delay = 0.64> <CoreInst = "DSP48">   --->   Core 127 'DSP48' <Latency = 3> <II = 1> <Delay = 0.53> <IPBlock> <Opcode : '' 'add' 'sub' 'mul' 'select'> <InPorts = 0> <OutPorts = 1> <Sync> <CReg>
ST_5 : Operation 631 [1/3] (0.00ns) (grouped into DSP with root node add_ln101_47)   --->   "%product_47 = mul i16 %sext_ln100_8, i16 %sext_ln100_13" [mmult.cpp:100]   --->   Operation 631 'mul' 'product_47' <Predicate = true> <Delay = 0.00> <CoreInst = "DSP48">   --->   Core 127 'DSP48' <Latency = 3> <II = 1> <Delay = 0.53> <IPBlock> <Opcode : '' 'add' 'sub' 'mul' 'select'> <InPorts = 0> <OutPorts = 1> <Sync> <CReg>
ST_5 : Operation 632 [2/2] (0.64ns) (root node of the DSP)   --->   "%add_ln101_47 = add i16 %product_47, i16 %c_row_major_5_7_0_load" [mmult.cpp:101]   --->   Operation 632 'add' 'add_ln101_47' <Predicate = true> <Delay = 0.64> <CoreInst = "DSP48">   --->   Core 127 'DSP48' <Latency = 3> <II = 1> <Delay = 0.53> <IPBlock> <Opcode : '' 'add' 'sub' 'mul' 'select'> <InPorts = 0> <OutPorts = 1> <Sync> <CReg>
ST_5 : Operation 633 [1/3] (0.00ns) (grouped into DSP with root node add_ln101_48)   --->   "%product_48 = mul i16 %sext_ln100_1, i16 %sext_ln100_14" [mmult.cpp:100]   --->   Operation 633 'mul' 'product_48' <Predicate = true> <Delay = 0.00> <CoreInst = "DSP48">   --->   Core 127 'DSP48' <Latency = 3> <II = 1> <Delay = 0.53> <IPBlock> <Opcode : '' 'add' 'sub' 'mul' 'select'> <InPorts = 0> <OutPorts = 1> <Sync> <CReg>
ST_5 : Operation 634 [2/2] (0.64ns) (root node of the DSP)   --->   "%add_ln101_48 = add i16 %product_48, i16 %c_row_major_6_0_0_load" [mmult.cpp:101]   --->   Operation 634 'add' 'add_ln101_48' <Predicate = true> <Delay = 0.64> <CoreInst = "DSP48">   --->   Core 127 'DSP48' <Latency = 3> <II = 1> <Delay = 0.53> <IPBlock> <Opcode : '' 'add' 'sub' 'mul' 'select'> <InPorts = 0> <OutPorts = 1> <Sync> <CReg>
ST_5 : Operation 635 [1/3] (0.00ns) (grouped into DSP with root node add_ln101_49)   --->   "%product_49 = mul i16 %sext_ln100_2, i16 %sext_ln100_14" [mmult.cpp:100]   --->   Operation 635 'mul' 'product_49' <Predicate = true> <Delay = 0.00> <CoreInst = "DSP48">   --->   Core 127 'DSP48' <Latency = 3> <II = 1> <Delay = 0.53> <IPBlock> <Opcode : '' 'add' 'sub' 'mul' 'select'> <InPorts = 0> <OutPorts = 1> <Sync> <CReg>
ST_5 : Operation 636 [2/2] (0.64ns) (root node of the DSP)   --->   "%add_ln101_49 = add i16 %product_49, i16 %c_row_major_6_1_0_load" [mmult.cpp:101]   --->   Operation 636 'add' 'add_ln101_49' <Predicate = true> <Delay = 0.64> <CoreInst = "DSP48">   --->   Core 127 'DSP48' <Latency = 3> <II = 1> <Delay = 0.53> <IPBlock> <Opcode : '' 'add' 'sub' 'mul' 'select'> <InPorts = 0> <OutPorts = 1> <Sync> <CReg>
ST_5 : Operation 637 [1/3] (0.00ns) (grouped into DSP with root node add_ln101_50)   --->   "%product_50 = mul i16 %sext_ln100_3, i16 %sext_ln100_14" [mmult.cpp:100]   --->   Operation 637 'mul' 'product_50' <Predicate = true> <Delay = 0.00> <CoreInst = "DSP48">   --->   Core 127 'DSP48' <Latency = 3> <II = 1> <Delay = 0.53> <IPBlock> <Opcode : '' 'add' 'sub' 'mul' 'select'> <InPorts = 0> <OutPorts = 1> <Sync> <CReg>
ST_5 : Operation 638 [2/2] (0.64ns) (root node of the DSP)   --->   "%add_ln101_50 = add i16 %product_50, i16 %c_row_major_6_2_0_load" [mmult.cpp:101]   --->   Operation 638 'add' 'add_ln101_50' <Predicate = true> <Delay = 0.64> <CoreInst = "DSP48">   --->   Core 127 'DSP48' <Latency = 3> <II = 1> <Delay = 0.53> <IPBlock> <Opcode : '' 'add' 'sub' 'mul' 'select'> <InPorts = 0> <OutPorts = 1> <Sync> <CReg>
ST_5 : Operation 639 [1/3] (0.00ns) (grouped into DSP with root node add_ln101_51)   --->   "%product_51 = mul i16 %sext_ln100_4, i16 %sext_ln100_14" [mmult.cpp:100]   --->   Operation 639 'mul' 'product_51' <Predicate = true> <Delay = 0.00> <CoreInst = "DSP48">   --->   Core 127 'DSP48' <Latency = 3> <II = 1> <Delay = 0.53> <IPBlock> <Opcode : '' 'add' 'sub' 'mul' 'select'> <InPorts = 0> <OutPorts = 1> <Sync> <CReg>
ST_5 : Operation 640 [2/2] (0.64ns) (root node of the DSP)   --->   "%add_ln101_51 = add i16 %product_51, i16 %c_row_major_6_3_0_load" [mmult.cpp:101]   --->   Operation 640 'add' 'add_ln101_51' <Predicate = true> <Delay = 0.64> <CoreInst = "DSP48">   --->   Core 127 'DSP48' <Latency = 3> <II = 1> <Delay = 0.53> <IPBlock> <Opcode : '' 'add' 'sub' 'mul' 'select'> <InPorts = 0> <OutPorts = 1> <Sync> <CReg>
ST_5 : Operation 641 [1/3] (0.00ns) (grouped into DSP with root node add_ln101_52)   --->   "%product_52 = mul i16 %sext_ln100_5, i16 %sext_ln100_14" [mmult.cpp:100]   --->   Operation 641 'mul' 'product_52' <Predicate = true> <Delay = 0.00> <CoreInst = "DSP48">   --->   Core 127 'DSP48' <Latency = 3> <II = 1> <Delay = 0.53> <IPBlock> <Opcode : '' 'add' 'sub' 'mul' 'select'> <InPorts = 0> <OutPorts = 1> <Sync> <CReg>
ST_5 : Operation 642 [2/2] (0.64ns) (root node of the DSP)   --->   "%add_ln101_52 = add i16 %product_52, i16 %c_row_major_6_4_0_load" [mmult.cpp:101]   --->   Operation 642 'add' 'add_ln101_52' <Predicate = true> <Delay = 0.64> <CoreInst = "DSP48">   --->   Core 127 'DSP48' <Latency = 3> <II = 1> <Delay = 0.53> <IPBlock> <Opcode : '' 'add' 'sub' 'mul' 'select'> <InPorts = 0> <OutPorts = 1> <Sync> <CReg>
ST_5 : Operation 643 [1/3] (0.00ns) (grouped into DSP with root node add_ln101_53)   --->   "%product_53 = mul i16 %sext_ln100_6, i16 %sext_ln100_14" [mmult.cpp:100]   --->   Operation 643 'mul' 'product_53' <Predicate = true> <Delay = 0.00> <CoreInst = "DSP48">   --->   Core 127 'DSP48' <Latency = 3> <II = 1> <Delay = 0.53> <IPBlock> <Opcode : '' 'add' 'sub' 'mul' 'select'> <InPorts = 0> <OutPorts = 1> <Sync> <CReg>
ST_5 : Operation 644 [2/2] (0.64ns) (root node of the DSP)   --->   "%add_ln101_53 = add i16 %product_53, i16 %c_row_major_6_5_0_load" [mmult.cpp:101]   --->   Operation 644 'add' 'add_ln101_53' <Predicate = true> <Delay = 0.64> <CoreInst = "DSP48">   --->   Core 127 'DSP48' <Latency = 3> <II = 1> <Delay = 0.53> <IPBlock> <Opcode : '' 'add' 'sub' 'mul' 'select'> <InPorts = 0> <OutPorts = 1> <Sync> <CReg>
ST_5 : Operation 645 [1/3] (0.00ns) (grouped into DSP with root node add_ln101_54)   --->   "%product_54 = mul i16 %sext_ln100_7, i16 %sext_ln100_14" [mmult.cpp:100]   --->   Operation 645 'mul' 'product_54' <Predicate = true> <Delay = 0.00> <CoreInst = "DSP48">   --->   Core 127 'DSP48' <Latency = 3> <II = 1> <Delay = 0.53> <IPBlock> <Opcode : '' 'add' 'sub' 'mul' 'select'> <InPorts = 0> <OutPorts = 1> <Sync> <CReg>
ST_5 : Operation 646 [2/2] (0.64ns) (root node of the DSP)   --->   "%add_ln101_54 = add i16 %product_54, i16 %c_row_major_6_6_0_load" [mmult.cpp:101]   --->   Operation 646 'add' 'add_ln101_54' <Predicate = true> <Delay = 0.64> <CoreInst = "DSP48">   --->   Core 127 'DSP48' <Latency = 3> <II = 1> <Delay = 0.53> <IPBlock> <Opcode : '' 'add' 'sub' 'mul' 'select'> <InPorts = 0> <OutPorts = 1> <Sync> <CReg>
ST_5 : Operation 647 [1/3] (0.00ns) (grouped into DSP with root node add_ln101_55)   --->   "%product_55 = mul i16 %sext_ln100_8, i16 %sext_ln100_14" [mmult.cpp:100]   --->   Operation 647 'mul' 'product_55' <Predicate = true> <Delay = 0.00> <CoreInst = "DSP48">   --->   Core 127 'DSP48' <Latency = 3> <II = 1> <Delay = 0.53> <IPBlock> <Opcode : '' 'add' 'sub' 'mul' 'select'> <InPorts = 0> <OutPorts = 1> <Sync> <CReg>
ST_5 : Operation 648 [2/2] (0.64ns) (root node of the DSP)   --->   "%add_ln101_55 = add i16 %product_55, i16 %c_row_major_6_7_0_load" [mmult.cpp:101]   --->   Operation 648 'add' 'add_ln101_55' <Predicate = true> <Delay = 0.64> <CoreInst = "DSP48">   --->   Core 127 'DSP48' <Latency = 3> <II = 1> <Delay = 0.53> <IPBlock> <Opcode : '' 'add' 'sub' 'mul' 'select'> <InPorts = 0> <OutPorts = 1> <Sync> <CReg>
ST_5 : Operation 649 [1/3] (0.00ns) (grouped into DSP with root node add_ln101_56)   --->   "%product_56 = mul i16 %sext_ln100_1, i16 %sext_ln100_15" [mmult.cpp:100]   --->   Operation 649 'mul' 'product_56' <Predicate = true> <Delay = 0.00> <CoreInst = "DSP48">   --->   Core 127 'DSP48' <Latency = 3> <II = 1> <Delay = 0.53> <IPBlock> <Opcode : '' 'add' 'sub' 'mul' 'select'> <InPorts = 0> <OutPorts = 1> <Sync> <CReg>
ST_5 : Operation 650 [2/2] (0.64ns) (root node of the DSP)   --->   "%add_ln101_56 = add i16 %product_56, i16 %c_row_major_7_0_0_load" [mmult.cpp:101]   --->   Operation 650 'add' 'add_ln101_56' <Predicate = true> <Delay = 0.64> <CoreInst = "DSP48">   --->   Core 127 'DSP48' <Latency = 3> <II = 1> <Delay = 0.53> <IPBlock> <Opcode : '' 'add' 'sub' 'mul' 'select'> <InPorts = 0> <OutPorts = 1> <Sync> <CReg>
ST_5 : Operation 651 [1/3] (0.00ns) (grouped into DSP with root node add_ln101_57)   --->   "%product_57 = mul i16 %sext_ln100_2, i16 %sext_ln100_15" [mmult.cpp:100]   --->   Operation 651 'mul' 'product_57' <Predicate = true> <Delay = 0.00> <CoreInst = "DSP48">   --->   Core 127 'DSP48' <Latency = 3> <II = 1> <Delay = 0.53> <IPBlock> <Opcode : '' 'add' 'sub' 'mul' 'select'> <InPorts = 0> <OutPorts = 1> <Sync> <CReg>
ST_5 : Operation 652 [2/2] (0.64ns) (root node of the DSP)   --->   "%add_ln101_57 = add i16 %product_57, i16 %c_row_major_7_1_0_load" [mmult.cpp:101]   --->   Operation 652 'add' 'add_ln101_57' <Predicate = true> <Delay = 0.64> <CoreInst = "DSP48">   --->   Core 127 'DSP48' <Latency = 3> <II = 1> <Delay = 0.53> <IPBlock> <Opcode : '' 'add' 'sub' 'mul' 'select'> <InPorts = 0> <OutPorts = 1> <Sync> <CReg>
ST_5 : Operation 653 [1/3] (0.00ns) (grouped into DSP with root node add_ln101_58)   --->   "%product_58 = mul i16 %sext_ln100_3, i16 %sext_ln100_15" [mmult.cpp:100]   --->   Operation 653 'mul' 'product_58' <Predicate = true> <Delay = 0.00> <CoreInst = "DSP48">   --->   Core 127 'DSP48' <Latency = 3> <II = 1> <Delay = 0.53> <IPBlock> <Opcode : '' 'add' 'sub' 'mul' 'select'> <InPorts = 0> <OutPorts = 1> <Sync> <CReg>
ST_5 : Operation 654 [2/2] (0.64ns) (root node of the DSP)   --->   "%add_ln101_58 = add i16 %product_58, i16 %c_row_major_7_2_0_load" [mmult.cpp:101]   --->   Operation 654 'add' 'add_ln101_58' <Predicate = true> <Delay = 0.64> <CoreInst = "DSP48">   --->   Core 127 'DSP48' <Latency = 3> <II = 1> <Delay = 0.53> <IPBlock> <Opcode : '' 'add' 'sub' 'mul' 'select'> <InPorts = 0> <OutPorts = 1> <Sync> <CReg>
ST_5 : Operation 655 [1/3] (0.00ns) (grouped into DSP with root node add_ln101_59)   --->   "%product_59 = mul i16 %sext_ln100_4, i16 %sext_ln100_15" [mmult.cpp:100]   --->   Operation 655 'mul' 'product_59' <Predicate = true> <Delay = 0.00> <CoreInst = "DSP48">   --->   Core 127 'DSP48' <Latency = 3> <II = 1> <Delay = 0.53> <IPBlock> <Opcode : '' 'add' 'sub' 'mul' 'select'> <InPorts = 0> <OutPorts = 1> <Sync> <CReg>
ST_5 : Operation 656 [2/2] (0.64ns) (root node of the DSP)   --->   "%add_ln101_59 = add i16 %product_59, i16 %c_row_major_7_3_0_load" [mmult.cpp:101]   --->   Operation 656 'add' 'add_ln101_59' <Predicate = true> <Delay = 0.64> <CoreInst = "DSP48">   --->   Core 127 'DSP48' <Latency = 3> <II = 1> <Delay = 0.53> <IPBlock> <Opcode : '' 'add' 'sub' 'mul' 'select'> <InPorts = 0> <OutPorts = 1> <Sync> <CReg>
ST_5 : Operation 657 [1/3] (0.00ns) (grouped into DSP with root node add_ln101_60)   --->   "%product_60 = mul i16 %sext_ln100_5, i16 %sext_ln100_15" [mmult.cpp:100]   --->   Operation 657 'mul' 'product_60' <Predicate = true> <Delay = 0.00> <CoreInst = "DSP48">   --->   Core 127 'DSP48' <Latency = 3> <II = 1> <Delay = 0.53> <IPBlock> <Opcode : '' 'add' 'sub' 'mul' 'select'> <InPorts = 0> <OutPorts = 1> <Sync> <CReg>
ST_5 : Operation 658 [2/2] (0.64ns) (root node of the DSP)   --->   "%add_ln101_60 = add i16 %product_60, i16 %c_row_major_7_4_0_load" [mmult.cpp:101]   --->   Operation 658 'add' 'add_ln101_60' <Predicate = true> <Delay = 0.64> <CoreInst = "DSP48">   --->   Core 127 'DSP48' <Latency = 3> <II = 1> <Delay = 0.53> <IPBlock> <Opcode : '' 'add' 'sub' 'mul' 'select'> <InPorts = 0> <OutPorts = 1> <Sync> <CReg>
ST_5 : Operation 659 [1/3] (0.00ns) (grouped into DSP with root node add_ln101_61)   --->   "%product_61 = mul i16 %sext_ln100_6, i16 %sext_ln100_15" [mmult.cpp:100]   --->   Operation 659 'mul' 'product_61' <Predicate = true> <Delay = 0.00> <CoreInst = "DSP48">   --->   Core 127 'DSP48' <Latency = 3> <II = 1> <Delay = 0.53> <IPBlock> <Opcode : '' 'add' 'sub' 'mul' 'select'> <InPorts = 0> <OutPorts = 1> <Sync> <CReg>
ST_5 : Operation 660 [2/2] (0.64ns) (root node of the DSP)   --->   "%add_ln101_61 = add i16 %product_61, i16 %c_row_major_7_5_0_load" [mmult.cpp:101]   --->   Operation 660 'add' 'add_ln101_61' <Predicate = true> <Delay = 0.64> <CoreInst = "DSP48">   --->   Core 127 'DSP48' <Latency = 3> <II = 1> <Delay = 0.53> <IPBlock> <Opcode : '' 'add' 'sub' 'mul' 'select'> <InPorts = 0> <OutPorts = 1> <Sync> <CReg>
ST_5 : Operation 661 [1/3] (0.00ns) (grouped into DSP with root node add_ln101_62)   --->   "%product_62 = mul i16 %sext_ln100_7, i16 %sext_ln100_15" [mmult.cpp:100]   --->   Operation 661 'mul' 'product_62' <Predicate = true> <Delay = 0.00> <CoreInst = "DSP48">   --->   Core 127 'DSP48' <Latency = 3> <II = 1> <Delay = 0.53> <IPBlock> <Opcode : '' 'add' 'sub' 'mul' 'select'> <InPorts = 0> <OutPorts = 1> <Sync> <CReg>
ST_5 : Operation 662 [2/2] (0.64ns) (root node of the DSP)   --->   "%add_ln101_62 = add i16 %product_62, i16 %c_row_major_7_6_0_load" [mmult.cpp:101]   --->   Operation 662 'add' 'add_ln101_62' <Predicate = true> <Delay = 0.64> <CoreInst = "DSP48">   --->   Core 127 'DSP48' <Latency = 3> <II = 1> <Delay = 0.53> <IPBlock> <Opcode : '' 'add' 'sub' 'mul' 'select'> <InPorts = 0> <OutPorts = 1> <Sync> <CReg>
ST_5 : Operation 663 [1/3] (0.00ns) (grouped into DSP with root node add_ln101_63)   --->   "%product_63 = mul i16 %sext_ln100_8, i16 %sext_ln100_15" [mmult.cpp:100]   --->   Operation 663 'mul' 'product_63' <Predicate = true> <Delay = 0.00> <CoreInst = "DSP48">   --->   Core 127 'DSP48' <Latency = 3> <II = 1> <Delay = 0.53> <IPBlock> <Opcode : '' 'add' 'sub' 'mul' 'select'> <InPorts = 0> <OutPorts = 1> <Sync> <CReg>
ST_5 : Operation 664 [2/2] (0.64ns) (root node of the DSP)   --->   "%add_ln101_63 = add i16 %product_63, i16 %c_row_major_7_7_0_load" [mmult.cpp:101]   --->   Operation 664 'add' 'add_ln101_63' <Predicate = true> <Delay = 0.64> <CoreInst = "DSP48">   --->   Core 127 'DSP48' <Latency = 3> <II = 1> <Delay = 0.53> <IPBlock> <Opcode : '' 'add' 'sub' 'mul' 'select'> <InPorts = 0> <OutPorts = 1> <Sync> <CReg>
ST_5 : Operation 797 [1/1] (0.00ns)   --->   "%c_row_major_0_0_0_load_1 = load i16 %c_row_major_0_0_0"   --->   Operation 797 'load' 'c_row_major_0_0_0_load_1' <Predicate = (icmp_ln81)> <Delay = 0.00>
ST_5 : Operation 798 [1/1] (0.00ns)   --->   "%c_row_major_0_1_0_load_1 = load i16 %c_row_major_0_1_0"   --->   Operation 798 'load' 'c_row_major_0_1_0_load_1' <Predicate = (icmp_ln81)> <Delay = 0.00>
ST_5 : Operation 799 [1/1] (0.00ns)   --->   "%c_row_major_0_2_0_load_1 = load i16 %c_row_major_0_2_0"   --->   Operation 799 'load' 'c_row_major_0_2_0_load_1' <Predicate = (icmp_ln81)> <Delay = 0.00>
ST_5 : Operation 800 [1/1] (0.00ns)   --->   "%c_row_major_0_3_0_load_1 = load i16 %c_row_major_0_3_0"   --->   Operation 800 'load' 'c_row_major_0_3_0_load_1' <Predicate = (icmp_ln81)> <Delay = 0.00>
ST_5 : Operation 801 [1/1] (0.00ns)   --->   "%c_row_major_0_4_0_load_1 = load i16 %c_row_major_0_4_0"   --->   Operation 801 'load' 'c_row_major_0_4_0_load_1' <Predicate = (icmp_ln81)> <Delay = 0.00>
ST_5 : Operation 802 [1/1] (0.00ns)   --->   "%c_row_major_0_5_0_load_1 = load i16 %c_row_major_0_5_0"   --->   Operation 802 'load' 'c_row_major_0_5_0_load_1' <Predicate = (icmp_ln81)> <Delay = 0.00>
ST_5 : Operation 803 [1/1] (0.00ns)   --->   "%c_row_major_0_6_0_load_1 = load i16 %c_row_major_0_6_0"   --->   Operation 803 'load' 'c_row_major_0_6_0_load_1' <Predicate = (icmp_ln81)> <Delay = 0.00>
ST_5 : Operation 804 [1/1] (0.00ns)   --->   "%c_row_major_0_7_0_load_1 = load i16 %c_row_major_0_7_0"   --->   Operation 804 'load' 'c_row_major_0_7_0_load_1' <Predicate = (icmp_ln81)> <Delay = 0.00>
ST_5 : Operation 805 [1/1] (0.00ns)   --->   "%c_row_major_1_0_0_load_1 = load i16 %c_row_major_1_0_0"   --->   Operation 805 'load' 'c_row_major_1_0_0_load_1' <Predicate = (icmp_ln81)> <Delay = 0.00>
ST_5 : Operation 806 [1/1] (0.00ns)   --->   "%c_row_major_1_1_0_load_1 = load i16 %c_row_major_1_1_0"   --->   Operation 806 'load' 'c_row_major_1_1_0_load_1' <Predicate = (icmp_ln81)> <Delay = 0.00>
ST_5 : Operation 807 [1/1] (0.00ns)   --->   "%c_row_major_1_2_0_load_1 = load i16 %c_row_major_1_2_0"   --->   Operation 807 'load' 'c_row_major_1_2_0_load_1' <Predicate = (icmp_ln81)> <Delay = 0.00>
ST_5 : Operation 808 [1/1] (0.00ns)   --->   "%c_row_major_1_3_0_load_1 = load i16 %c_row_major_1_3_0"   --->   Operation 808 'load' 'c_row_major_1_3_0_load_1' <Predicate = (icmp_ln81)> <Delay = 0.00>
ST_5 : Operation 809 [1/1] (0.00ns)   --->   "%c_row_major_1_4_0_load_1 = load i16 %c_row_major_1_4_0"   --->   Operation 809 'load' 'c_row_major_1_4_0_load_1' <Predicate = (icmp_ln81)> <Delay = 0.00>
ST_5 : Operation 810 [1/1] (0.00ns)   --->   "%c_row_major_1_5_0_load_1 = load i16 %c_row_major_1_5_0"   --->   Operation 810 'load' 'c_row_major_1_5_0_load_1' <Predicate = (icmp_ln81)> <Delay = 0.00>
ST_5 : Operation 811 [1/1] (0.00ns)   --->   "%c_row_major_1_6_0_load_1 = load i16 %c_row_major_1_6_0"   --->   Operation 811 'load' 'c_row_major_1_6_0_load_1' <Predicate = (icmp_ln81)> <Delay = 0.00>
ST_5 : Operation 812 [1/1] (0.00ns)   --->   "%c_row_major_1_7_0_load_1 = load i16 %c_row_major_1_7_0"   --->   Operation 812 'load' 'c_row_major_1_7_0_load_1' <Predicate = (icmp_ln81)> <Delay = 0.00>
ST_5 : Operation 813 [1/1] (0.00ns)   --->   "%c_row_major_2_0_0_load_1 = load i16 %c_row_major_2_0_0"   --->   Operation 813 'load' 'c_row_major_2_0_0_load_1' <Predicate = (icmp_ln81)> <Delay = 0.00>
ST_5 : Operation 814 [1/1] (0.00ns)   --->   "%c_row_major_2_1_0_load_1 = load i16 %c_row_major_2_1_0"   --->   Operation 814 'load' 'c_row_major_2_1_0_load_1' <Predicate = (icmp_ln81)> <Delay = 0.00>
ST_5 : Operation 815 [1/1] (0.00ns)   --->   "%c_row_major_2_2_0_load_1 = load i16 %c_row_major_2_2_0"   --->   Operation 815 'load' 'c_row_major_2_2_0_load_1' <Predicate = (icmp_ln81)> <Delay = 0.00>
ST_5 : Operation 816 [1/1] (0.00ns)   --->   "%c_row_major_2_3_0_load_1 = load i16 %c_row_major_2_3_0"   --->   Operation 816 'load' 'c_row_major_2_3_0_load_1' <Predicate = (icmp_ln81)> <Delay = 0.00>
ST_5 : Operation 817 [1/1] (0.00ns)   --->   "%c_row_major_2_4_0_load_1 = load i16 %c_row_major_2_4_0"   --->   Operation 817 'load' 'c_row_major_2_4_0_load_1' <Predicate = (icmp_ln81)> <Delay = 0.00>
ST_5 : Operation 818 [1/1] (0.00ns)   --->   "%c_row_major_2_5_0_load_1 = load i16 %c_row_major_2_5_0"   --->   Operation 818 'load' 'c_row_major_2_5_0_load_1' <Predicate = (icmp_ln81)> <Delay = 0.00>
ST_5 : Operation 819 [1/1] (0.00ns)   --->   "%c_row_major_2_6_0_load_1 = load i16 %c_row_major_2_6_0"   --->   Operation 819 'load' 'c_row_major_2_6_0_load_1' <Predicate = (icmp_ln81)> <Delay = 0.00>
ST_5 : Operation 820 [1/1] (0.00ns)   --->   "%c_row_major_2_7_0_load_1 = load i16 %c_row_major_2_7_0"   --->   Operation 820 'load' 'c_row_major_2_7_0_load_1' <Predicate = (icmp_ln81)> <Delay = 0.00>
ST_5 : Operation 821 [1/1] (0.00ns)   --->   "%c_row_major_3_0_0_load_1 = load i16 %c_row_major_3_0_0"   --->   Operation 821 'load' 'c_row_major_3_0_0_load_1' <Predicate = (icmp_ln81)> <Delay = 0.00>
ST_5 : Operation 822 [1/1] (0.00ns)   --->   "%c_row_major_3_1_0_load_1 = load i16 %c_row_major_3_1_0"   --->   Operation 822 'load' 'c_row_major_3_1_0_load_1' <Predicate = (icmp_ln81)> <Delay = 0.00>
ST_5 : Operation 823 [1/1] (0.00ns)   --->   "%c_row_major_3_2_0_load_1 = load i16 %c_row_major_3_2_0"   --->   Operation 823 'load' 'c_row_major_3_2_0_load_1' <Predicate = (icmp_ln81)> <Delay = 0.00>
ST_5 : Operation 824 [1/1] (0.00ns)   --->   "%c_row_major_3_3_0_load_1 = load i16 %c_row_major_3_3_0"   --->   Operation 824 'load' 'c_row_major_3_3_0_load_1' <Predicate = (icmp_ln81)> <Delay = 0.00>
ST_5 : Operation 825 [1/1] (0.00ns)   --->   "%c_row_major_3_4_0_load_1 = load i16 %c_row_major_3_4_0"   --->   Operation 825 'load' 'c_row_major_3_4_0_load_1' <Predicate = (icmp_ln81)> <Delay = 0.00>
ST_5 : Operation 826 [1/1] (0.00ns)   --->   "%c_row_major_3_5_0_load_1 = load i16 %c_row_major_3_5_0"   --->   Operation 826 'load' 'c_row_major_3_5_0_load_1' <Predicate = (icmp_ln81)> <Delay = 0.00>
ST_5 : Operation 827 [1/1] (0.00ns)   --->   "%c_row_major_3_6_0_load_1 = load i16 %c_row_major_3_6_0"   --->   Operation 827 'load' 'c_row_major_3_6_0_load_1' <Predicate = (icmp_ln81)> <Delay = 0.00>
ST_5 : Operation 828 [1/1] (0.00ns)   --->   "%c_row_major_3_7_0_load_1 = load i16 %c_row_major_3_7_0"   --->   Operation 828 'load' 'c_row_major_3_7_0_load_1' <Predicate = (icmp_ln81)> <Delay = 0.00>
ST_5 : Operation 829 [1/1] (0.00ns)   --->   "%c_row_major_4_0_0_load_1 = load i16 %c_row_major_4_0_0"   --->   Operation 829 'load' 'c_row_major_4_0_0_load_1' <Predicate = (icmp_ln81)> <Delay = 0.00>
ST_5 : Operation 830 [1/1] (0.00ns)   --->   "%c_row_major_4_1_0_load_1 = load i16 %c_row_major_4_1_0"   --->   Operation 830 'load' 'c_row_major_4_1_0_load_1' <Predicate = (icmp_ln81)> <Delay = 0.00>
ST_5 : Operation 831 [1/1] (0.00ns)   --->   "%c_row_major_4_2_0_load_1 = load i16 %c_row_major_4_2_0"   --->   Operation 831 'load' 'c_row_major_4_2_0_load_1' <Predicate = (icmp_ln81)> <Delay = 0.00>
ST_5 : Operation 832 [1/1] (0.00ns)   --->   "%c_row_major_4_3_0_load_1 = load i16 %c_row_major_4_3_0"   --->   Operation 832 'load' 'c_row_major_4_3_0_load_1' <Predicate = (icmp_ln81)> <Delay = 0.00>
ST_5 : Operation 833 [1/1] (0.00ns)   --->   "%c_row_major_4_4_0_load_1 = load i16 %c_row_major_4_4_0"   --->   Operation 833 'load' 'c_row_major_4_4_0_load_1' <Predicate = (icmp_ln81)> <Delay = 0.00>
ST_5 : Operation 834 [1/1] (0.00ns)   --->   "%c_row_major_4_5_0_load_1 = load i16 %c_row_major_4_5_0"   --->   Operation 834 'load' 'c_row_major_4_5_0_load_1' <Predicate = (icmp_ln81)> <Delay = 0.00>
ST_5 : Operation 835 [1/1] (0.00ns)   --->   "%c_row_major_4_6_0_load_1 = load i16 %c_row_major_4_6_0"   --->   Operation 835 'load' 'c_row_major_4_6_0_load_1' <Predicate = (icmp_ln81)> <Delay = 0.00>
ST_5 : Operation 836 [1/1] (0.00ns)   --->   "%c_row_major_4_7_0_load_1 = load i16 %c_row_major_4_7_0"   --->   Operation 836 'load' 'c_row_major_4_7_0_load_1' <Predicate = (icmp_ln81)> <Delay = 0.00>
ST_5 : Operation 837 [1/1] (0.00ns)   --->   "%c_row_major_5_0_0_load_1 = load i16 %c_row_major_5_0_0"   --->   Operation 837 'load' 'c_row_major_5_0_0_load_1' <Predicate = (icmp_ln81)> <Delay = 0.00>
ST_5 : Operation 838 [1/1] (0.00ns)   --->   "%c_row_major_5_1_0_load_1 = load i16 %c_row_major_5_1_0"   --->   Operation 838 'load' 'c_row_major_5_1_0_load_1' <Predicate = (icmp_ln81)> <Delay = 0.00>
ST_5 : Operation 839 [1/1] (0.00ns)   --->   "%c_row_major_5_2_0_load_1 = load i16 %c_row_major_5_2_0"   --->   Operation 839 'load' 'c_row_major_5_2_0_load_1' <Predicate = (icmp_ln81)> <Delay = 0.00>
ST_5 : Operation 840 [1/1] (0.00ns)   --->   "%c_row_major_5_3_0_load_1 = load i16 %c_row_major_5_3_0"   --->   Operation 840 'load' 'c_row_major_5_3_0_load_1' <Predicate = (icmp_ln81)> <Delay = 0.00>
ST_5 : Operation 841 [1/1] (0.00ns)   --->   "%c_row_major_5_4_0_load_1 = load i16 %c_row_major_5_4_0"   --->   Operation 841 'load' 'c_row_major_5_4_0_load_1' <Predicate = (icmp_ln81)> <Delay = 0.00>
ST_5 : Operation 842 [1/1] (0.00ns)   --->   "%c_row_major_5_5_0_load_1 = load i16 %c_row_major_5_5_0"   --->   Operation 842 'load' 'c_row_major_5_5_0_load_1' <Predicate = (icmp_ln81)> <Delay = 0.00>
ST_5 : Operation 843 [1/1] (0.00ns)   --->   "%c_row_major_5_6_0_load_1 = load i16 %c_row_major_5_6_0"   --->   Operation 843 'load' 'c_row_major_5_6_0_load_1' <Predicate = (icmp_ln81)> <Delay = 0.00>
ST_5 : Operation 844 [1/1] (0.00ns)   --->   "%c_row_major_5_7_0_load_1 = load i16 %c_row_major_5_7_0"   --->   Operation 844 'load' 'c_row_major_5_7_0_load_1' <Predicate = (icmp_ln81)> <Delay = 0.00>
ST_5 : Operation 845 [1/1] (0.00ns)   --->   "%c_row_major_6_0_0_load_1 = load i16 %c_row_major_6_0_0"   --->   Operation 845 'load' 'c_row_major_6_0_0_load_1' <Predicate = (icmp_ln81)> <Delay = 0.00>
ST_5 : Operation 846 [1/1] (0.00ns)   --->   "%c_row_major_6_1_0_load_1 = load i16 %c_row_major_6_1_0"   --->   Operation 846 'load' 'c_row_major_6_1_0_load_1' <Predicate = (icmp_ln81)> <Delay = 0.00>
ST_5 : Operation 847 [1/1] (0.00ns)   --->   "%c_row_major_6_2_0_load_1 = load i16 %c_row_major_6_2_0"   --->   Operation 847 'load' 'c_row_major_6_2_0_load_1' <Predicate = (icmp_ln81)> <Delay = 0.00>
ST_5 : Operation 848 [1/1] (0.00ns)   --->   "%c_row_major_6_3_0_load_1 = load i16 %c_row_major_6_3_0"   --->   Operation 848 'load' 'c_row_major_6_3_0_load_1' <Predicate = (icmp_ln81)> <Delay = 0.00>
ST_5 : Operation 849 [1/1] (0.00ns)   --->   "%c_row_major_6_4_0_load_1 = load i16 %c_row_major_6_4_0"   --->   Operation 849 'load' 'c_row_major_6_4_0_load_1' <Predicate = (icmp_ln81)> <Delay = 0.00>
ST_5 : Operation 850 [1/1] (0.00ns)   --->   "%c_row_major_6_5_0_load_1 = load i16 %c_row_major_6_5_0"   --->   Operation 850 'load' 'c_row_major_6_5_0_load_1' <Predicate = (icmp_ln81)> <Delay = 0.00>
ST_5 : Operation 851 [1/1] (0.00ns)   --->   "%c_row_major_6_6_0_load_1 = load i16 %c_row_major_6_6_0"   --->   Operation 851 'load' 'c_row_major_6_6_0_load_1' <Predicate = (icmp_ln81)> <Delay = 0.00>
ST_5 : Operation 852 [1/1] (0.00ns)   --->   "%c_row_major_6_7_0_load_1 = load i16 %c_row_major_6_7_0"   --->   Operation 852 'load' 'c_row_major_6_7_0_load_1' <Predicate = (icmp_ln81)> <Delay = 0.00>
ST_5 : Operation 853 [1/1] (0.00ns)   --->   "%c_row_major_7_0_0_load_1 = load i16 %c_row_major_7_0_0"   --->   Operation 853 'load' 'c_row_major_7_0_0_load_1' <Predicate = (icmp_ln81)> <Delay = 0.00>
ST_5 : Operation 854 [1/1] (0.00ns)   --->   "%c_row_major_7_1_0_load_1 = load i16 %c_row_major_7_1_0"   --->   Operation 854 'load' 'c_row_major_7_1_0_load_1' <Predicate = (icmp_ln81)> <Delay = 0.00>
ST_5 : Operation 855 [1/1] (0.00ns)   --->   "%c_row_major_7_2_0_load_1 = load i16 %c_row_major_7_2_0"   --->   Operation 855 'load' 'c_row_major_7_2_0_load_1' <Predicate = (icmp_ln81)> <Delay = 0.00>
ST_5 : Operation 856 [1/1] (0.00ns)   --->   "%c_row_major_7_3_0_load_1 = load i16 %c_row_major_7_3_0"   --->   Operation 856 'load' 'c_row_major_7_3_0_load_1' <Predicate = (icmp_ln81)> <Delay = 0.00>
ST_5 : Operation 857 [1/1] (0.00ns)   --->   "%c_row_major_7_4_0_load_1 = load i16 %c_row_major_7_4_0"   --->   Operation 857 'load' 'c_row_major_7_4_0_load_1' <Predicate = (icmp_ln81)> <Delay = 0.00>
ST_5 : Operation 858 [1/1] (0.00ns)   --->   "%c_row_major_7_5_0_load_1 = load i16 %c_row_major_7_5_0"   --->   Operation 858 'load' 'c_row_major_7_5_0_load_1' <Predicate = (icmp_ln81)> <Delay = 0.00>
ST_5 : Operation 859 [1/1] (0.00ns)   --->   "%c_row_major_7_6_0_load_1 = load i16 %c_row_major_7_6_0"   --->   Operation 859 'load' 'c_row_major_7_6_0_load_1' <Predicate = (icmp_ln81)> <Delay = 0.00>
ST_5 : Operation 860 [1/1] (0.00ns)   --->   "%c_row_major_7_7_0_load_1 = load i16 %c_row_major_7_7_0"   --->   Operation 860 'load' 'c_row_major_7_7_0_load_1' <Predicate = (icmp_ln81)> <Delay = 0.00>
ST_5 : Operation 861 [1/1] (0.00ns)   --->   "%write_ln0 = write void @_ssdm_op_Write.ap_auto.i16P0A, i16 %c_row_major_7_7_0_out, i16 %c_row_major_7_7_0_load_1"   --->   Operation 861 'write' 'write_ln0' <Predicate = (icmp_ln81)> <Delay = 0.00>
ST_5 : Operation 862 [1/1] (0.00ns)   --->   "%write_ln0 = write void @_ssdm_op_Write.ap_auto.i16P0A, i16 %c_row_major_7_6_0_out, i16 %c_row_major_7_6_0_load_1"   --->   Operation 862 'write' 'write_ln0' <Predicate = (icmp_ln81)> <Delay = 0.00>
ST_5 : Operation 863 [1/1] (0.00ns)   --->   "%write_ln0 = write void @_ssdm_op_Write.ap_auto.i16P0A, i16 %c_row_major_7_5_0_out, i16 %c_row_major_7_5_0_load_1"   --->   Operation 863 'write' 'write_ln0' <Predicate = (icmp_ln81)> <Delay = 0.00>
ST_5 : Operation 864 [1/1] (0.00ns)   --->   "%write_ln0 = write void @_ssdm_op_Write.ap_auto.i16P0A, i16 %c_row_major_7_4_0_out, i16 %c_row_major_7_4_0_load_1"   --->   Operation 864 'write' 'write_ln0' <Predicate = (icmp_ln81)> <Delay = 0.00>
ST_5 : Operation 865 [1/1] (0.00ns)   --->   "%write_ln0 = write void @_ssdm_op_Write.ap_auto.i16P0A, i16 %c_row_major_7_3_0_out, i16 %c_row_major_7_3_0_load_1"   --->   Operation 865 'write' 'write_ln0' <Predicate = (icmp_ln81)> <Delay = 0.00>
ST_5 : Operation 866 [1/1] (0.00ns)   --->   "%write_ln0 = write void @_ssdm_op_Write.ap_auto.i16P0A, i16 %c_row_major_7_2_0_out, i16 %c_row_major_7_2_0_load_1"   --->   Operation 866 'write' 'write_ln0' <Predicate = (icmp_ln81)> <Delay = 0.00>
ST_5 : Operation 867 [1/1] (0.00ns)   --->   "%write_ln0 = write void @_ssdm_op_Write.ap_auto.i16P0A, i16 %c_row_major_7_1_0_out, i16 %c_row_major_7_1_0_load_1"   --->   Operation 867 'write' 'write_ln0' <Predicate = (icmp_ln81)> <Delay = 0.00>
ST_5 : Operation 868 [1/1] (0.00ns)   --->   "%write_ln0 = write void @_ssdm_op_Write.ap_auto.i16P0A, i16 %c_row_major_7_0_0_out, i16 %c_row_major_7_0_0_load_1"   --->   Operation 868 'write' 'write_ln0' <Predicate = (icmp_ln81)> <Delay = 0.00>
ST_5 : Operation 869 [1/1] (0.00ns)   --->   "%write_ln0 = write void @_ssdm_op_Write.ap_auto.i16P0A, i16 %c_row_major_6_7_0_out, i16 %c_row_major_6_7_0_load_1"   --->   Operation 869 'write' 'write_ln0' <Predicate = (icmp_ln81)> <Delay = 0.00>
ST_5 : Operation 870 [1/1] (0.00ns)   --->   "%write_ln0 = write void @_ssdm_op_Write.ap_auto.i16P0A, i16 %c_row_major_6_6_0_out, i16 %c_row_major_6_6_0_load_1"   --->   Operation 870 'write' 'write_ln0' <Predicate = (icmp_ln81)> <Delay = 0.00>
ST_5 : Operation 871 [1/1] (0.00ns)   --->   "%write_ln0 = write void @_ssdm_op_Write.ap_auto.i16P0A, i16 %c_row_major_6_5_0_out, i16 %c_row_major_6_5_0_load_1"   --->   Operation 871 'write' 'write_ln0' <Predicate = (icmp_ln81)> <Delay = 0.00>
ST_5 : Operation 872 [1/1] (0.00ns)   --->   "%write_ln0 = write void @_ssdm_op_Write.ap_auto.i16P0A, i16 %c_row_major_6_4_0_out, i16 %c_row_major_6_4_0_load_1"   --->   Operation 872 'write' 'write_ln0' <Predicate = (icmp_ln81)> <Delay = 0.00>
ST_5 : Operation 873 [1/1] (0.00ns)   --->   "%write_ln0 = write void @_ssdm_op_Write.ap_auto.i16P0A, i16 %c_row_major_6_3_0_out, i16 %c_row_major_6_3_0_load_1"   --->   Operation 873 'write' 'write_ln0' <Predicate = (icmp_ln81)> <Delay = 0.00>
ST_5 : Operation 874 [1/1] (0.00ns)   --->   "%write_ln0 = write void @_ssdm_op_Write.ap_auto.i16P0A, i16 %c_row_major_6_2_0_out, i16 %c_row_major_6_2_0_load_1"   --->   Operation 874 'write' 'write_ln0' <Predicate = (icmp_ln81)> <Delay = 0.00>
ST_5 : Operation 875 [1/1] (0.00ns)   --->   "%write_ln0 = write void @_ssdm_op_Write.ap_auto.i16P0A, i16 %c_row_major_6_1_0_out, i16 %c_row_major_6_1_0_load_1"   --->   Operation 875 'write' 'write_ln0' <Predicate = (icmp_ln81)> <Delay = 0.00>
ST_5 : Operation 876 [1/1] (0.00ns)   --->   "%write_ln0 = write void @_ssdm_op_Write.ap_auto.i16P0A, i16 %c_row_major_6_0_0_out, i16 %c_row_major_6_0_0_load_1"   --->   Operation 876 'write' 'write_ln0' <Predicate = (icmp_ln81)> <Delay = 0.00>
ST_5 : Operation 877 [1/1] (0.00ns)   --->   "%write_ln0 = write void @_ssdm_op_Write.ap_auto.i16P0A, i16 %c_row_major_5_7_0_out, i16 %c_row_major_5_7_0_load_1"   --->   Operation 877 'write' 'write_ln0' <Predicate = (icmp_ln81)> <Delay = 0.00>
ST_5 : Operation 878 [1/1] (0.00ns)   --->   "%write_ln0 = write void @_ssdm_op_Write.ap_auto.i16P0A, i16 %c_row_major_5_6_0_out, i16 %c_row_major_5_6_0_load_1"   --->   Operation 878 'write' 'write_ln0' <Predicate = (icmp_ln81)> <Delay = 0.00>
ST_5 : Operation 879 [1/1] (0.00ns)   --->   "%write_ln0 = write void @_ssdm_op_Write.ap_auto.i16P0A, i16 %c_row_major_5_5_0_out, i16 %c_row_major_5_5_0_load_1"   --->   Operation 879 'write' 'write_ln0' <Predicate = (icmp_ln81)> <Delay = 0.00>
ST_5 : Operation 880 [1/1] (0.00ns)   --->   "%write_ln0 = write void @_ssdm_op_Write.ap_auto.i16P0A, i16 %c_row_major_5_4_0_out, i16 %c_row_major_5_4_0_load_1"   --->   Operation 880 'write' 'write_ln0' <Predicate = (icmp_ln81)> <Delay = 0.00>
ST_5 : Operation 881 [1/1] (0.00ns)   --->   "%write_ln0 = write void @_ssdm_op_Write.ap_auto.i16P0A, i16 %c_row_major_5_3_0_out, i16 %c_row_major_5_3_0_load_1"   --->   Operation 881 'write' 'write_ln0' <Predicate = (icmp_ln81)> <Delay = 0.00>
ST_5 : Operation 882 [1/1] (0.00ns)   --->   "%write_ln0 = write void @_ssdm_op_Write.ap_auto.i16P0A, i16 %c_row_major_5_2_0_out, i16 %c_row_major_5_2_0_load_1"   --->   Operation 882 'write' 'write_ln0' <Predicate = (icmp_ln81)> <Delay = 0.00>
ST_5 : Operation 883 [1/1] (0.00ns)   --->   "%write_ln0 = write void @_ssdm_op_Write.ap_auto.i16P0A, i16 %c_row_major_5_1_0_out, i16 %c_row_major_5_1_0_load_1"   --->   Operation 883 'write' 'write_ln0' <Predicate = (icmp_ln81)> <Delay = 0.00>
ST_5 : Operation 884 [1/1] (0.00ns)   --->   "%write_ln0 = write void @_ssdm_op_Write.ap_auto.i16P0A, i16 %c_row_major_5_0_0_out, i16 %c_row_major_5_0_0_load_1"   --->   Operation 884 'write' 'write_ln0' <Predicate = (icmp_ln81)> <Delay = 0.00>
ST_5 : Operation 885 [1/1] (0.00ns)   --->   "%write_ln0 = write void @_ssdm_op_Write.ap_auto.i16P0A, i16 %c_row_major_4_7_0_out, i16 %c_row_major_4_7_0_load_1"   --->   Operation 885 'write' 'write_ln0' <Predicate = (icmp_ln81)> <Delay = 0.00>
ST_5 : Operation 886 [1/1] (0.00ns)   --->   "%write_ln0 = write void @_ssdm_op_Write.ap_auto.i16P0A, i16 %c_row_major_4_6_0_out, i16 %c_row_major_4_6_0_load_1"   --->   Operation 886 'write' 'write_ln0' <Predicate = (icmp_ln81)> <Delay = 0.00>
ST_5 : Operation 887 [1/1] (0.00ns)   --->   "%write_ln0 = write void @_ssdm_op_Write.ap_auto.i16P0A, i16 %c_row_major_4_5_0_out, i16 %c_row_major_4_5_0_load_1"   --->   Operation 887 'write' 'write_ln0' <Predicate = (icmp_ln81)> <Delay = 0.00>
ST_5 : Operation 888 [1/1] (0.00ns)   --->   "%write_ln0 = write void @_ssdm_op_Write.ap_auto.i16P0A, i16 %c_row_major_4_4_0_out, i16 %c_row_major_4_4_0_load_1"   --->   Operation 888 'write' 'write_ln0' <Predicate = (icmp_ln81)> <Delay = 0.00>
ST_5 : Operation 889 [1/1] (0.00ns)   --->   "%write_ln0 = write void @_ssdm_op_Write.ap_auto.i16P0A, i16 %c_row_major_4_3_0_out, i16 %c_row_major_4_3_0_load_1"   --->   Operation 889 'write' 'write_ln0' <Predicate = (icmp_ln81)> <Delay = 0.00>
ST_5 : Operation 890 [1/1] (0.00ns)   --->   "%write_ln0 = write void @_ssdm_op_Write.ap_auto.i16P0A, i16 %c_row_major_4_2_0_out, i16 %c_row_major_4_2_0_load_1"   --->   Operation 890 'write' 'write_ln0' <Predicate = (icmp_ln81)> <Delay = 0.00>
ST_5 : Operation 891 [1/1] (0.00ns)   --->   "%write_ln0 = write void @_ssdm_op_Write.ap_auto.i16P0A, i16 %c_row_major_4_1_0_out, i16 %c_row_major_4_1_0_load_1"   --->   Operation 891 'write' 'write_ln0' <Predicate = (icmp_ln81)> <Delay = 0.00>
ST_5 : Operation 892 [1/1] (0.00ns)   --->   "%write_ln0 = write void @_ssdm_op_Write.ap_auto.i16P0A, i16 %c_row_major_4_0_0_out, i16 %c_row_major_4_0_0_load_1"   --->   Operation 892 'write' 'write_ln0' <Predicate = (icmp_ln81)> <Delay = 0.00>
ST_5 : Operation 893 [1/1] (0.00ns)   --->   "%write_ln0 = write void @_ssdm_op_Write.ap_auto.i16P0A, i16 %c_row_major_3_7_0_out, i16 %c_row_major_3_7_0_load_1"   --->   Operation 893 'write' 'write_ln0' <Predicate = (icmp_ln81)> <Delay = 0.00>
ST_5 : Operation 894 [1/1] (0.00ns)   --->   "%write_ln0 = write void @_ssdm_op_Write.ap_auto.i16P0A, i16 %c_row_major_3_6_0_out, i16 %c_row_major_3_6_0_load_1"   --->   Operation 894 'write' 'write_ln0' <Predicate = (icmp_ln81)> <Delay = 0.00>
ST_5 : Operation 895 [1/1] (0.00ns)   --->   "%write_ln0 = write void @_ssdm_op_Write.ap_auto.i16P0A, i16 %c_row_major_3_5_0_out, i16 %c_row_major_3_5_0_load_1"   --->   Operation 895 'write' 'write_ln0' <Predicate = (icmp_ln81)> <Delay = 0.00>
ST_5 : Operation 896 [1/1] (0.00ns)   --->   "%write_ln0 = write void @_ssdm_op_Write.ap_auto.i16P0A, i16 %c_row_major_3_4_0_out, i16 %c_row_major_3_4_0_load_1"   --->   Operation 896 'write' 'write_ln0' <Predicate = (icmp_ln81)> <Delay = 0.00>
ST_5 : Operation 897 [1/1] (0.00ns)   --->   "%write_ln0 = write void @_ssdm_op_Write.ap_auto.i16P0A, i16 %c_row_major_3_3_0_out, i16 %c_row_major_3_3_0_load_1"   --->   Operation 897 'write' 'write_ln0' <Predicate = (icmp_ln81)> <Delay = 0.00>
ST_5 : Operation 898 [1/1] (0.00ns)   --->   "%write_ln0 = write void @_ssdm_op_Write.ap_auto.i16P0A, i16 %c_row_major_3_2_0_out, i16 %c_row_major_3_2_0_load_1"   --->   Operation 898 'write' 'write_ln0' <Predicate = (icmp_ln81)> <Delay = 0.00>
ST_5 : Operation 899 [1/1] (0.00ns)   --->   "%write_ln0 = write void @_ssdm_op_Write.ap_auto.i16P0A, i16 %c_row_major_3_1_0_out, i16 %c_row_major_3_1_0_load_1"   --->   Operation 899 'write' 'write_ln0' <Predicate = (icmp_ln81)> <Delay = 0.00>
ST_5 : Operation 900 [1/1] (0.00ns)   --->   "%write_ln0 = write void @_ssdm_op_Write.ap_auto.i16P0A, i16 %c_row_major_3_0_0_out, i16 %c_row_major_3_0_0_load_1"   --->   Operation 900 'write' 'write_ln0' <Predicate = (icmp_ln81)> <Delay = 0.00>
ST_5 : Operation 901 [1/1] (0.00ns)   --->   "%write_ln0 = write void @_ssdm_op_Write.ap_auto.i16P0A, i16 %c_row_major_2_7_0_out, i16 %c_row_major_2_7_0_load_1"   --->   Operation 901 'write' 'write_ln0' <Predicate = (icmp_ln81)> <Delay = 0.00>
ST_5 : Operation 902 [1/1] (0.00ns)   --->   "%write_ln0 = write void @_ssdm_op_Write.ap_auto.i16P0A, i16 %c_row_major_2_6_0_out, i16 %c_row_major_2_6_0_load_1"   --->   Operation 902 'write' 'write_ln0' <Predicate = (icmp_ln81)> <Delay = 0.00>
ST_5 : Operation 903 [1/1] (0.00ns)   --->   "%write_ln0 = write void @_ssdm_op_Write.ap_auto.i16P0A, i16 %c_row_major_2_5_0_out, i16 %c_row_major_2_5_0_load_1"   --->   Operation 903 'write' 'write_ln0' <Predicate = (icmp_ln81)> <Delay = 0.00>
ST_5 : Operation 904 [1/1] (0.00ns)   --->   "%write_ln0 = write void @_ssdm_op_Write.ap_auto.i16P0A, i16 %c_row_major_2_4_0_out, i16 %c_row_major_2_4_0_load_1"   --->   Operation 904 'write' 'write_ln0' <Predicate = (icmp_ln81)> <Delay = 0.00>
ST_5 : Operation 905 [1/1] (0.00ns)   --->   "%write_ln0 = write void @_ssdm_op_Write.ap_auto.i16P0A, i16 %c_row_major_2_3_0_out, i16 %c_row_major_2_3_0_load_1"   --->   Operation 905 'write' 'write_ln0' <Predicate = (icmp_ln81)> <Delay = 0.00>
ST_5 : Operation 906 [1/1] (0.00ns)   --->   "%write_ln0 = write void @_ssdm_op_Write.ap_auto.i16P0A, i16 %c_row_major_2_2_0_out, i16 %c_row_major_2_2_0_load_1"   --->   Operation 906 'write' 'write_ln0' <Predicate = (icmp_ln81)> <Delay = 0.00>
ST_5 : Operation 907 [1/1] (0.00ns)   --->   "%write_ln0 = write void @_ssdm_op_Write.ap_auto.i16P0A, i16 %c_row_major_2_1_0_out, i16 %c_row_major_2_1_0_load_1"   --->   Operation 907 'write' 'write_ln0' <Predicate = (icmp_ln81)> <Delay = 0.00>
ST_5 : Operation 908 [1/1] (0.00ns)   --->   "%write_ln0 = write void @_ssdm_op_Write.ap_auto.i16P0A, i16 %c_row_major_2_0_0_out, i16 %c_row_major_2_0_0_load_1"   --->   Operation 908 'write' 'write_ln0' <Predicate = (icmp_ln81)> <Delay = 0.00>
ST_5 : Operation 909 [1/1] (0.00ns)   --->   "%write_ln0 = write void @_ssdm_op_Write.ap_auto.i16P0A, i16 %c_row_major_1_7_0_out, i16 %c_row_major_1_7_0_load_1"   --->   Operation 909 'write' 'write_ln0' <Predicate = (icmp_ln81)> <Delay = 0.00>
ST_5 : Operation 910 [1/1] (0.00ns)   --->   "%write_ln0 = write void @_ssdm_op_Write.ap_auto.i16P0A, i16 %c_row_major_1_6_0_out, i16 %c_row_major_1_6_0_load_1"   --->   Operation 910 'write' 'write_ln0' <Predicate = (icmp_ln81)> <Delay = 0.00>
ST_5 : Operation 911 [1/1] (0.00ns)   --->   "%write_ln0 = write void @_ssdm_op_Write.ap_auto.i16P0A, i16 %c_row_major_1_5_0_out, i16 %c_row_major_1_5_0_load_1"   --->   Operation 911 'write' 'write_ln0' <Predicate = (icmp_ln81)> <Delay = 0.00>
ST_5 : Operation 912 [1/1] (0.00ns)   --->   "%write_ln0 = write void @_ssdm_op_Write.ap_auto.i16P0A, i16 %c_row_major_1_4_0_out, i16 %c_row_major_1_4_0_load_1"   --->   Operation 912 'write' 'write_ln0' <Predicate = (icmp_ln81)> <Delay = 0.00>
ST_5 : Operation 913 [1/1] (0.00ns)   --->   "%write_ln0 = write void @_ssdm_op_Write.ap_auto.i16P0A, i16 %c_row_major_1_3_0_out, i16 %c_row_major_1_3_0_load_1"   --->   Operation 913 'write' 'write_ln0' <Predicate = (icmp_ln81)> <Delay = 0.00>
ST_5 : Operation 914 [1/1] (0.00ns)   --->   "%write_ln0 = write void @_ssdm_op_Write.ap_auto.i16P0A, i16 %c_row_major_1_2_0_out, i16 %c_row_major_1_2_0_load_1"   --->   Operation 914 'write' 'write_ln0' <Predicate = (icmp_ln81)> <Delay = 0.00>
ST_5 : Operation 915 [1/1] (0.00ns)   --->   "%write_ln0 = write void @_ssdm_op_Write.ap_auto.i16P0A, i16 %c_row_major_1_1_0_out, i16 %c_row_major_1_1_0_load_1"   --->   Operation 915 'write' 'write_ln0' <Predicate = (icmp_ln81)> <Delay = 0.00>
ST_5 : Operation 916 [1/1] (0.00ns)   --->   "%write_ln0 = write void @_ssdm_op_Write.ap_auto.i16P0A, i16 %c_row_major_1_0_0_out, i16 %c_row_major_1_0_0_load_1"   --->   Operation 916 'write' 'write_ln0' <Predicate = (icmp_ln81)> <Delay = 0.00>
ST_5 : Operation 917 [1/1] (0.00ns)   --->   "%write_ln0 = write void @_ssdm_op_Write.ap_auto.i16P0A, i16 %c_row_major_0_7_0_out, i16 %c_row_major_0_7_0_load_1"   --->   Operation 917 'write' 'write_ln0' <Predicate = (icmp_ln81)> <Delay = 0.00>
ST_5 : Operation 918 [1/1] (0.00ns)   --->   "%write_ln0 = write void @_ssdm_op_Write.ap_auto.i16P0A, i16 %c_row_major_0_6_0_out, i16 %c_row_major_0_6_0_load_1"   --->   Operation 918 'write' 'write_ln0' <Predicate = (icmp_ln81)> <Delay = 0.00>
ST_5 : Operation 919 [1/1] (0.00ns)   --->   "%write_ln0 = write void @_ssdm_op_Write.ap_auto.i16P0A, i16 %c_row_major_0_5_0_out, i16 %c_row_major_0_5_0_load_1"   --->   Operation 919 'write' 'write_ln0' <Predicate = (icmp_ln81)> <Delay = 0.00>
ST_5 : Operation 920 [1/1] (0.00ns)   --->   "%write_ln0 = write void @_ssdm_op_Write.ap_auto.i16P0A, i16 %c_row_major_0_4_0_out, i16 %c_row_major_0_4_0_load_1"   --->   Operation 920 'write' 'write_ln0' <Predicate = (icmp_ln81)> <Delay = 0.00>
ST_5 : Operation 921 [1/1] (0.00ns)   --->   "%write_ln0 = write void @_ssdm_op_Write.ap_auto.i16P0A, i16 %c_row_major_0_3_0_out, i16 %c_row_major_0_3_0_load_1"   --->   Operation 921 'write' 'write_ln0' <Predicate = (icmp_ln81)> <Delay = 0.00>
ST_5 : Operation 922 [1/1] (0.00ns)   --->   "%write_ln0 = write void @_ssdm_op_Write.ap_auto.i16P0A, i16 %c_row_major_0_2_0_out, i16 %c_row_major_0_2_0_load_1"   --->   Operation 922 'write' 'write_ln0' <Predicate = (icmp_ln81)> <Delay = 0.00>
ST_5 : Operation 923 [1/1] (0.00ns)   --->   "%write_ln0 = write void @_ssdm_op_Write.ap_auto.i16P0A, i16 %c_row_major_0_1_0_out, i16 %c_row_major_0_1_0_load_1"   --->   Operation 923 'write' 'write_ln0' <Predicate = (icmp_ln81)> <Delay = 0.00>
ST_5 : Operation 924 [1/1] (0.00ns)   --->   "%write_ln0 = write void @_ssdm_op_Write.ap_auto.i16P0A, i16 %c_row_major_0_0_0_out, i16 %c_row_major_0_0_0_load_1"   --->   Operation 924 'write' 'write_ln0' <Predicate = (icmp_ln81)> <Delay = 0.00>
ST_5 : Operation 925 [1/1] (0.00ns)   --->   "%ret_ln0 = ret"   --->   Operation 925 'ret' 'ret_ln0' <Predicate = (icmp_ln81)> <Delay = 0.00>

State 6 <SV = 5> <Delay = 1.07>
ST_6 : Operation 665 [1/1] (0.00ns)   --->   "%specpipeline_ln83 = specpipeline void @_ssdm_op_SpecPipeline, i32 1, i32 0, i32 0, i32 0, void @empty_3" [mmult.cpp:83]   --->   Operation 665 'specpipeline' 'specpipeline_ln83' <Predicate = true> <Delay = 0.00>
ST_6 : Operation 666 [1/1] (0.00ns)   --->   "%speclooptripcount_ln82 = speclooptripcount void @_ssdm_op_SpecLoopTripCount, i64 8, i64 8, i64 8" [mmult.cpp:82]   --->   Operation 666 'speclooptripcount' 'speclooptripcount_ln82' <Predicate = true> <Delay = 0.00>
ST_6 : Operation 667 [1/1] (0.00ns)   --->   "%specloopname_ln81 = specloopname void @_ssdm_op_SpecLoopName, void @empty_17" [mmult.cpp:81]   --->   Operation 667 'specloopname' 'specloopname_ln81' <Predicate = true> <Delay = 0.00>
ST_6 : Operation 668 [1/2] (0.64ns) (root node of the DSP)   --->   "%add_ln101 = add i16 %product, i16 %c_row_major_0_0_0_load" [mmult.cpp:101]   --->   Operation 668 'add' 'add_ln101' <Predicate = true> <Delay = 0.64> <CoreInst = "DSP48">   --->   Core 127 'DSP48' <Latency = 3> <II = 1> <Delay = 0.53> <IPBlock> <Opcode : '' 'add' 'sub' 'mul' 'select'> <InPorts = 0> <OutPorts = 1> <Sync> <CReg>
ST_6 : Operation 669 [1/2] (0.64ns) (root node of the DSP)   --->   "%add_ln101_1 = add i16 %product_1, i16 %c_row_major_0_1_0_load" [mmult.cpp:101]   --->   Operation 669 'add' 'add_ln101_1' <Predicate = true> <Delay = 0.64> <CoreInst = "DSP48">   --->   Core 127 'DSP48' <Latency = 3> <II = 1> <Delay = 0.53> <IPBlock> <Opcode : '' 'add' 'sub' 'mul' 'select'> <InPorts = 0> <OutPorts = 1> <Sync> <CReg>
ST_6 : Operation 670 [1/2] (0.64ns) (root node of the DSP)   --->   "%add_ln101_2 = add i16 %product_2, i16 %c_row_major_0_2_0_load" [mmult.cpp:101]   --->   Operation 670 'add' 'add_ln101_2' <Predicate = true> <Delay = 0.64> <CoreInst = "DSP48">   --->   Core 127 'DSP48' <Latency = 3> <II = 1> <Delay = 0.53> <IPBlock> <Opcode : '' 'add' 'sub' 'mul' 'select'> <InPorts = 0> <OutPorts = 1> <Sync> <CReg>
ST_6 : Operation 671 [1/2] (0.64ns) (root node of the DSP)   --->   "%add_ln101_3 = add i16 %product_3, i16 %c_row_major_0_3_0_load" [mmult.cpp:101]   --->   Operation 671 'add' 'add_ln101_3' <Predicate = true> <Delay = 0.64> <CoreInst = "DSP48">   --->   Core 127 'DSP48' <Latency = 3> <II = 1> <Delay = 0.53> <IPBlock> <Opcode : '' 'add' 'sub' 'mul' 'select'> <InPorts = 0> <OutPorts = 1> <Sync> <CReg>
ST_6 : Operation 672 [1/2] (0.64ns) (root node of the DSP)   --->   "%add_ln101_4 = add i16 %product_4, i16 %c_row_major_0_4_0_load" [mmult.cpp:101]   --->   Operation 672 'add' 'add_ln101_4' <Predicate = true> <Delay = 0.64> <CoreInst = "DSP48">   --->   Core 127 'DSP48' <Latency = 3> <II = 1> <Delay = 0.53> <IPBlock> <Opcode : '' 'add' 'sub' 'mul' 'select'> <InPorts = 0> <OutPorts = 1> <Sync> <CReg>
ST_6 : Operation 673 [1/2] (0.64ns) (root node of the DSP)   --->   "%add_ln101_5 = add i16 %product_5, i16 %c_row_major_0_5_0_load" [mmult.cpp:101]   --->   Operation 673 'add' 'add_ln101_5' <Predicate = true> <Delay = 0.64> <CoreInst = "DSP48">   --->   Core 127 'DSP48' <Latency = 3> <II = 1> <Delay = 0.53> <IPBlock> <Opcode : '' 'add' 'sub' 'mul' 'select'> <InPorts = 0> <OutPorts = 1> <Sync> <CReg>
ST_6 : Operation 674 [1/2] (0.64ns) (root node of the DSP)   --->   "%add_ln101_6 = add i16 %product_6, i16 %c_row_major_0_6_0_load" [mmult.cpp:101]   --->   Operation 674 'add' 'add_ln101_6' <Predicate = true> <Delay = 0.64> <CoreInst = "DSP48">   --->   Core 127 'DSP48' <Latency = 3> <II = 1> <Delay = 0.53> <IPBlock> <Opcode : '' 'add' 'sub' 'mul' 'select'> <InPorts = 0> <OutPorts = 1> <Sync> <CReg>
ST_6 : Operation 675 [1/2] (0.64ns) (root node of the DSP)   --->   "%add_ln101_7 = add i16 %product_7, i16 %c_row_major_0_7_0_load" [mmult.cpp:101]   --->   Operation 675 'add' 'add_ln101_7' <Predicate = true> <Delay = 0.64> <CoreInst = "DSP48">   --->   Core 127 'DSP48' <Latency = 3> <II = 1> <Delay = 0.53> <IPBlock> <Opcode : '' 'add' 'sub' 'mul' 'select'> <InPorts = 0> <OutPorts = 1> <Sync> <CReg>
ST_6 : Operation 676 [1/2] (0.64ns) (root node of the DSP)   --->   "%add_ln101_8 = add i16 %product_8, i16 %c_row_major_1_0_0_load" [mmult.cpp:101]   --->   Operation 676 'add' 'add_ln101_8' <Predicate = true> <Delay = 0.64> <CoreInst = "DSP48">   --->   Core 127 'DSP48' <Latency = 3> <II = 1> <Delay = 0.53> <IPBlock> <Opcode : '' 'add' 'sub' 'mul' 'select'> <InPorts = 0> <OutPorts = 1> <Sync> <CReg>
ST_6 : Operation 677 [1/2] (0.64ns) (root node of the DSP)   --->   "%add_ln101_9 = add i16 %product_9, i16 %c_row_major_1_1_0_load" [mmult.cpp:101]   --->   Operation 677 'add' 'add_ln101_9' <Predicate = true> <Delay = 0.64> <CoreInst = "DSP48">   --->   Core 127 'DSP48' <Latency = 3> <II = 1> <Delay = 0.53> <IPBlock> <Opcode : '' 'add' 'sub' 'mul' 'select'> <InPorts = 0> <OutPorts = 1> <Sync> <CReg>
ST_6 : Operation 678 [1/2] (0.64ns) (root node of the DSP)   --->   "%add_ln101_10 = add i16 %product_10, i16 %c_row_major_1_2_0_load" [mmult.cpp:101]   --->   Operation 678 'add' 'add_ln101_10' <Predicate = true> <Delay = 0.64> <CoreInst = "DSP48">   --->   Core 127 'DSP48' <Latency = 3> <II = 1> <Delay = 0.53> <IPBlock> <Opcode : '' 'add' 'sub' 'mul' 'select'> <InPorts = 0> <OutPorts = 1> <Sync> <CReg>
ST_6 : Operation 679 [1/2] (0.64ns) (root node of the DSP)   --->   "%add_ln101_11 = add i16 %product_11, i16 %c_row_major_1_3_0_load" [mmult.cpp:101]   --->   Operation 679 'add' 'add_ln101_11' <Predicate = true> <Delay = 0.64> <CoreInst = "DSP48">   --->   Core 127 'DSP48' <Latency = 3> <II = 1> <Delay = 0.53> <IPBlock> <Opcode : '' 'add' 'sub' 'mul' 'select'> <InPorts = 0> <OutPorts = 1> <Sync> <CReg>
ST_6 : Operation 680 [1/2] (0.64ns) (root node of the DSP)   --->   "%add_ln101_12 = add i16 %product_12, i16 %c_row_major_1_4_0_load" [mmult.cpp:101]   --->   Operation 680 'add' 'add_ln101_12' <Predicate = true> <Delay = 0.64> <CoreInst = "DSP48">   --->   Core 127 'DSP48' <Latency = 3> <II = 1> <Delay = 0.53> <IPBlock> <Opcode : '' 'add' 'sub' 'mul' 'select'> <InPorts = 0> <OutPorts = 1> <Sync> <CReg>
ST_6 : Operation 681 [1/2] (0.64ns) (root node of the DSP)   --->   "%add_ln101_13 = add i16 %product_13, i16 %c_row_major_1_5_0_load" [mmult.cpp:101]   --->   Operation 681 'add' 'add_ln101_13' <Predicate = true> <Delay = 0.64> <CoreInst = "DSP48">   --->   Core 127 'DSP48' <Latency = 3> <II = 1> <Delay = 0.53> <IPBlock> <Opcode : '' 'add' 'sub' 'mul' 'select'> <InPorts = 0> <OutPorts = 1> <Sync> <CReg>
ST_6 : Operation 682 [1/2] (0.64ns) (root node of the DSP)   --->   "%add_ln101_14 = add i16 %product_14, i16 %c_row_major_1_6_0_load" [mmult.cpp:101]   --->   Operation 682 'add' 'add_ln101_14' <Predicate = true> <Delay = 0.64> <CoreInst = "DSP48">   --->   Core 127 'DSP48' <Latency = 3> <II = 1> <Delay = 0.53> <IPBlock> <Opcode : '' 'add' 'sub' 'mul' 'select'> <InPorts = 0> <OutPorts = 1> <Sync> <CReg>
ST_6 : Operation 683 [1/2] (0.64ns) (root node of the DSP)   --->   "%add_ln101_15 = add i16 %product_15, i16 %c_row_major_1_7_0_load" [mmult.cpp:101]   --->   Operation 683 'add' 'add_ln101_15' <Predicate = true> <Delay = 0.64> <CoreInst = "DSP48">   --->   Core 127 'DSP48' <Latency = 3> <II = 1> <Delay = 0.53> <IPBlock> <Opcode : '' 'add' 'sub' 'mul' 'select'> <InPorts = 0> <OutPorts = 1> <Sync> <CReg>
ST_6 : Operation 684 [1/2] (0.64ns) (root node of the DSP)   --->   "%add_ln101_16 = add i16 %product_16, i16 %c_row_major_2_0_0_load" [mmult.cpp:101]   --->   Operation 684 'add' 'add_ln101_16' <Predicate = true> <Delay = 0.64> <CoreInst = "DSP48">   --->   Core 127 'DSP48' <Latency = 3> <II = 1> <Delay = 0.53> <IPBlock> <Opcode : '' 'add' 'sub' 'mul' 'select'> <InPorts = 0> <OutPorts = 1> <Sync> <CReg>
ST_6 : Operation 685 [1/2] (0.64ns) (root node of the DSP)   --->   "%add_ln101_17 = add i16 %product_17, i16 %c_row_major_2_1_0_load" [mmult.cpp:101]   --->   Operation 685 'add' 'add_ln101_17' <Predicate = true> <Delay = 0.64> <CoreInst = "DSP48">   --->   Core 127 'DSP48' <Latency = 3> <II = 1> <Delay = 0.53> <IPBlock> <Opcode : '' 'add' 'sub' 'mul' 'select'> <InPorts = 0> <OutPorts = 1> <Sync> <CReg>
ST_6 : Operation 686 [1/2] (0.64ns) (root node of the DSP)   --->   "%add_ln101_18 = add i16 %product_18, i16 %c_row_major_2_2_0_load" [mmult.cpp:101]   --->   Operation 686 'add' 'add_ln101_18' <Predicate = true> <Delay = 0.64> <CoreInst = "DSP48">   --->   Core 127 'DSP48' <Latency = 3> <II = 1> <Delay = 0.53> <IPBlock> <Opcode : '' 'add' 'sub' 'mul' 'select'> <InPorts = 0> <OutPorts = 1> <Sync> <CReg>
ST_6 : Operation 687 [1/2] (0.64ns) (root node of the DSP)   --->   "%add_ln101_19 = add i16 %product_19, i16 %c_row_major_2_3_0_load" [mmult.cpp:101]   --->   Operation 687 'add' 'add_ln101_19' <Predicate = true> <Delay = 0.64> <CoreInst = "DSP48">   --->   Core 127 'DSP48' <Latency = 3> <II = 1> <Delay = 0.53> <IPBlock> <Opcode : '' 'add' 'sub' 'mul' 'select'> <InPorts = 0> <OutPorts = 1> <Sync> <CReg>
ST_6 : Operation 688 [1/2] (0.64ns) (root node of the DSP)   --->   "%add_ln101_20 = add i16 %product_20, i16 %c_row_major_2_4_0_load" [mmult.cpp:101]   --->   Operation 688 'add' 'add_ln101_20' <Predicate = true> <Delay = 0.64> <CoreInst = "DSP48">   --->   Core 127 'DSP48' <Latency = 3> <II = 1> <Delay = 0.53> <IPBlock> <Opcode : '' 'add' 'sub' 'mul' 'select'> <InPorts = 0> <OutPorts = 1> <Sync> <CReg>
ST_6 : Operation 689 [1/2] (0.64ns) (root node of the DSP)   --->   "%add_ln101_21 = add i16 %product_21, i16 %c_row_major_2_5_0_load" [mmult.cpp:101]   --->   Operation 689 'add' 'add_ln101_21' <Predicate = true> <Delay = 0.64> <CoreInst = "DSP48">   --->   Core 127 'DSP48' <Latency = 3> <II = 1> <Delay = 0.53> <IPBlock> <Opcode : '' 'add' 'sub' 'mul' 'select'> <InPorts = 0> <OutPorts = 1> <Sync> <CReg>
ST_6 : Operation 690 [1/2] (0.64ns) (root node of the DSP)   --->   "%add_ln101_22 = add i16 %product_22, i16 %c_row_major_2_6_0_load" [mmult.cpp:101]   --->   Operation 690 'add' 'add_ln101_22' <Predicate = true> <Delay = 0.64> <CoreInst = "DSP48">   --->   Core 127 'DSP48' <Latency = 3> <II = 1> <Delay = 0.53> <IPBlock> <Opcode : '' 'add' 'sub' 'mul' 'select'> <InPorts = 0> <OutPorts = 1> <Sync> <CReg>
ST_6 : Operation 691 [1/2] (0.64ns) (root node of the DSP)   --->   "%add_ln101_23 = add i16 %product_23, i16 %c_row_major_2_7_0_load" [mmult.cpp:101]   --->   Operation 691 'add' 'add_ln101_23' <Predicate = true> <Delay = 0.64> <CoreInst = "DSP48">   --->   Core 127 'DSP48' <Latency = 3> <II = 1> <Delay = 0.53> <IPBlock> <Opcode : '' 'add' 'sub' 'mul' 'select'> <InPorts = 0> <OutPorts = 1> <Sync> <CReg>
ST_6 : Operation 692 [1/2] (0.64ns) (root node of the DSP)   --->   "%add_ln101_24 = add i16 %product_24, i16 %c_row_major_3_0_0_load" [mmult.cpp:101]   --->   Operation 692 'add' 'add_ln101_24' <Predicate = true> <Delay = 0.64> <CoreInst = "DSP48">   --->   Core 127 'DSP48' <Latency = 3> <II = 1> <Delay = 0.53> <IPBlock> <Opcode : '' 'add' 'sub' 'mul' 'select'> <InPorts = 0> <OutPorts = 1> <Sync> <CReg>
ST_6 : Operation 693 [1/2] (0.64ns) (root node of the DSP)   --->   "%add_ln101_25 = add i16 %product_25, i16 %c_row_major_3_1_0_load" [mmult.cpp:101]   --->   Operation 693 'add' 'add_ln101_25' <Predicate = true> <Delay = 0.64> <CoreInst = "DSP48">   --->   Core 127 'DSP48' <Latency = 3> <II = 1> <Delay = 0.53> <IPBlock> <Opcode : '' 'add' 'sub' 'mul' 'select'> <InPorts = 0> <OutPorts = 1> <Sync> <CReg>
ST_6 : Operation 694 [1/2] (0.64ns) (root node of the DSP)   --->   "%add_ln101_26 = add i16 %product_26, i16 %c_row_major_3_2_0_load" [mmult.cpp:101]   --->   Operation 694 'add' 'add_ln101_26' <Predicate = true> <Delay = 0.64> <CoreInst = "DSP48">   --->   Core 127 'DSP48' <Latency = 3> <II = 1> <Delay = 0.53> <IPBlock> <Opcode : '' 'add' 'sub' 'mul' 'select'> <InPorts = 0> <OutPorts = 1> <Sync> <CReg>
ST_6 : Operation 695 [1/2] (0.64ns) (root node of the DSP)   --->   "%add_ln101_27 = add i16 %product_27, i16 %c_row_major_3_3_0_load" [mmult.cpp:101]   --->   Operation 695 'add' 'add_ln101_27' <Predicate = true> <Delay = 0.64> <CoreInst = "DSP48">   --->   Core 127 'DSP48' <Latency = 3> <II = 1> <Delay = 0.53> <IPBlock> <Opcode : '' 'add' 'sub' 'mul' 'select'> <InPorts = 0> <OutPorts = 1> <Sync> <CReg>
ST_6 : Operation 696 [1/2] (0.64ns) (root node of the DSP)   --->   "%add_ln101_28 = add i16 %product_28, i16 %c_row_major_3_4_0_load" [mmult.cpp:101]   --->   Operation 696 'add' 'add_ln101_28' <Predicate = true> <Delay = 0.64> <CoreInst = "DSP48">   --->   Core 127 'DSP48' <Latency = 3> <II = 1> <Delay = 0.53> <IPBlock> <Opcode : '' 'add' 'sub' 'mul' 'select'> <InPorts = 0> <OutPorts = 1> <Sync> <CReg>
ST_6 : Operation 697 [1/2] (0.64ns) (root node of the DSP)   --->   "%add_ln101_29 = add i16 %product_29, i16 %c_row_major_3_5_0_load" [mmult.cpp:101]   --->   Operation 697 'add' 'add_ln101_29' <Predicate = true> <Delay = 0.64> <CoreInst = "DSP48">   --->   Core 127 'DSP48' <Latency = 3> <II = 1> <Delay = 0.53> <IPBlock> <Opcode : '' 'add' 'sub' 'mul' 'select'> <InPorts = 0> <OutPorts = 1> <Sync> <CReg>
ST_6 : Operation 698 [1/2] (0.64ns) (root node of the DSP)   --->   "%add_ln101_30 = add i16 %product_30, i16 %c_row_major_3_6_0_load" [mmult.cpp:101]   --->   Operation 698 'add' 'add_ln101_30' <Predicate = true> <Delay = 0.64> <CoreInst = "DSP48">   --->   Core 127 'DSP48' <Latency = 3> <II = 1> <Delay = 0.53> <IPBlock> <Opcode : '' 'add' 'sub' 'mul' 'select'> <InPorts = 0> <OutPorts = 1> <Sync> <CReg>
ST_6 : Operation 699 [1/2] (0.64ns) (root node of the DSP)   --->   "%add_ln101_31 = add i16 %product_31, i16 %c_row_major_3_7_0_load" [mmult.cpp:101]   --->   Operation 699 'add' 'add_ln101_31' <Predicate = true> <Delay = 0.64> <CoreInst = "DSP48">   --->   Core 127 'DSP48' <Latency = 3> <II = 1> <Delay = 0.53> <IPBlock> <Opcode : '' 'add' 'sub' 'mul' 'select'> <InPorts = 0> <OutPorts = 1> <Sync> <CReg>
ST_6 : Operation 700 [1/2] (0.64ns) (root node of the DSP)   --->   "%add_ln101_32 = add i16 %product_32, i16 %c_row_major_4_0_0_load" [mmult.cpp:101]   --->   Operation 700 'add' 'add_ln101_32' <Predicate = true> <Delay = 0.64> <CoreInst = "DSP48">   --->   Core 127 'DSP48' <Latency = 3> <II = 1> <Delay = 0.53> <IPBlock> <Opcode : '' 'add' 'sub' 'mul' 'select'> <InPorts = 0> <OutPorts = 1> <Sync> <CReg>
ST_6 : Operation 701 [1/2] (0.64ns) (root node of the DSP)   --->   "%add_ln101_33 = add i16 %product_33, i16 %c_row_major_4_1_0_load" [mmult.cpp:101]   --->   Operation 701 'add' 'add_ln101_33' <Predicate = true> <Delay = 0.64> <CoreInst = "DSP48">   --->   Core 127 'DSP48' <Latency = 3> <II = 1> <Delay = 0.53> <IPBlock> <Opcode : '' 'add' 'sub' 'mul' 'select'> <InPorts = 0> <OutPorts = 1> <Sync> <CReg>
ST_6 : Operation 702 [1/2] (0.64ns) (root node of the DSP)   --->   "%add_ln101_34 = add i16 %product_34, i16 %c_row_major_4_2_0_load" [mmult.cpp:101]   --->   Operation 702 'add' 'add_ln101_34' <Predicate = true> <Delay = 0.64> <CoreInst = "DSP48">   --->   Core 127 'DSP48' <Latency = 3> <II = 1> <Delay = 0.53> <IPBlock> <Opcode : '' 'add' 'sub' 'mul' 'select'> <InPorts = 0> <OutPorts = 1> <Sync> <CReg>
ST_6 : Operation 703 [1/2] (0.64ns) (root node of the DSP)   --->   "%add_ln101_35 = add i16 %product_35, i16 %c_row_major_4_3_0_load" [mmult.cpp:101]   --->   Operation 703 'add' 'add_ln101_35' <Predicate = true> <Delay = 0.64> <CoreInst = "DSP48">   --->   Core 127 'DSP48' <Latency = 3> <II = 1> <Delay = 0.53> <IPBlock> <Opcode : '' 'add' 'sub' 'mul' 'select'> <InPorts = 0> <OutPorts = 1> <Sync> <CReg>
ST_6 : Operation 704 [1/2] (0.64ns) (root node of the DSP)   --->   "%add_ln101_36 = add i16 %product_36, i16 %c_row_major_4_4_0_load" [mmult.cpp:101]   --->   Operation 704 'add' 'add_ln101_36' <Predicate = true> <Delay = 0.64> <CoreInst = "DSP48">   --->   Core 127 'DSP48' <Latency = 3> <II = 1> <Delay = 0.53> <IPBlock> <Opcode : '' 'add' 'sub' 'mul' 'select'> <InPorts = 0> <OutPorts = 1> <Sync> <CReg>
ST_6 : Operation 705 [1/2] (0.64ns) (root node of the DSP)   --->   "%add_ln101_37 = add i16 %product_37, i16 %c_row_major_4_5_0_load" [mmult.cpp:101]   --->   Operation 705 'add' 'add_ln101_37' <Predicate = true> <Delay = 0.64> <CoreInst = "DSP48">   --->   Core 127 'DSP48' <Latency = 3> <II = 1> <Delay = 0.53> <IPBlock> <Opcode : '' 'add' 'sub' 'mul' 'select'> <InPorts = 0> <OutPorts = 1> <Sync> <CReg>
ST_6 : Operation 706 [1/2] (0.64ns) (root node of the DSP)   --->   "%add_ln101_38 = add i16 %product_38, i16 %c_row_major_4_6_0_load" [mmult.cpp:101]   --->   Operation 706 'add' 'add_ln101_38' <Predicate = true> <Delay = 0.64> <CoreInst = "DSP48">   --->   Core 127 'DSP48' <Latency = 3> <II = 1> <Delay = 0.53> <IPBlock> <Opcode : '' 'add' 'sub' 'mul' 'select'> <InPorts = 0> <OutPorts = 1> <Sync> <CReg>
ST_6 : Operation 707 [1/2] (0.64ns) (root node of the DSP)   --->   "%add_ln101_39 = add i16 %product_39, i16 %c_row_major_4_7_0_load" [mmult.cpp:101]   --->   Operation 707 'add' 'add_ln101_39' <Predicate = true> <Delay = 0.64> <CoreInst = "DSP48">   --->   Core 127 'DSP48' <Latency = 3> <II = 1> <Delay = 0.53> <IPBlock> <Opcode : '' 'add' 'sub' 'mul' 'select'> <InPorts = 0> <OutPorts = 1> <Sync> <CReg>
ST_6 : Operation 708 [1/2] (0.64ns) (root node of the DSP)   --->   "%add_ln101_40 = add i16 %product_40, i16 %c_row_major_5_0_0_load" [mmult.cpp:101]   --->   Operation 708 'add' 'add_ln101_40' <Predicate = true> <Delay = 0.64> <CoreInst = "DSP48">   --->   Core 127 'DSP48' <Latency = 3> <II = 1> <Delay = 0.53> <IPBlock> <Opcode : '' 'add' 'sub' 'mul' 'select'> <InPorts = 0> <OutPorts = 1> <Sync> <CReg>
ST_6 : Operation 709 [1/2] (0.64ns) (root node of the DSP)   --->   "%add_ln101_41 = add i16 %product_41, i16 %c_row_major_5_1_0_load" [mmult.cpp:101]   --->   Operation 709 'add' 'add_ln101_41' <Predicate = true> <Delay = 0.64> <CoreInst = "DSP48">   --->   Core 127 'DSP48' <Latency = 3> <II = 1> <Delay = 0.53> <IPBlock> <Opcode : '' 'add' 'sub' 'mul' 'select'> <InPorts = 0> <OutPorts = 1> <Sync> <CReg>
ST_6 : Operation 710 [1/2] (0.64ns) (root node of the DSP)   --->   "%add_ln101_42 = add i16 %product_42, i16 %c_row_major_5_2_0_load" [mmult.cpp:101]   --->   Operation 710 'add' 'add_ln101_42' <Predicate = true> <Delay = 0.64> <CoreInst = "DSP48">   --->   Core 127 'DSP48' <Latency = 3> <II = 1> <Delay = 0.53> <IPBlock> <Opcode : '' 'add' 'sub' 'mul' 'select'> <InPorts = 0> <OutPorts = 1> <Sync> <CReg>
ST_6 : Operation 711 [1/2] (0.64ns) (root node of the DSP)   --->   "%add_ln101_43 = add i16 %product_43, i16 %c_row_major_5_3_0_load" [mmult.cpp:101]   --->   Operation 711 'add' 'add_ln101_43' <Predicate = true> <Delay = 0.64> <CoreInst = "DSP48">   --->   Core 127 'DSP48' <Latency = 3> <II = 1> <Delay = 0.53> <IPBlock> <Opcode : '' 'add' 'sub' 'mul' 'select'> <InPorts = 0> <OutPorts = 1> <Sync> <CReg>
ST_6 : Operation 712 [1/2] (0.64ns) (root node of the DSP)   --->   "%add_ln101_44 = add i16 %product_44, i16 %c_row_major_5_4_0_load" [mmult.cpp:101]   --->   Operation 712 'add' 'add_ln101_44' <Predicate = true> <Delay = 0.64> <CoreInst = "DSP48">   --->   Core 127 'DSP48' <Latency = 3> <II = 1> <Delay = 0.53> <IPBlock> <Opcode : '' 'add' 'sub' 'mul' 'select'> <InPorts = 0> <OutPorts = 1> <Sync> <CReg>
ST_6 : Operation 713 [1/2] (0.64ns) (root node of the DSP)   --->   "%add_ln101_45 = add i16 %product_45, i16 %c_row_major_5_5_0_load" [mmult.cpp:101]   --->   Operation 713 'add' 'add_ln101_45' <Predicate = true> <Delay = 0.64> <CoreInst = "DSP48">   --->   Core 127 'DSP48' <Latency = 3> <II = 1> <Delay = 0.53> <IPBlock> <Opcode : '' 'add' 'sub' 'mul' 'select'> <InPorts = 0> <OutPorts = 1> <Sync> <CReg>
ST_6 : Operation 714 [1/2] (0.64ns) (root node of the DSP)   --->   "%add_ln101_46 = add i16 %product_46, i16 %c_row_major_5_6_0_load" [mmult.cpp:101]   --->   Operation 714 'add' 'add_ln101_46' <Predicate = true> <Delay = 0.64> <CoreInst = "DSP48">   --->   Core 127 'DSP48' <Latency = 3> <II = 1> <Delay = 0.53> <IPBlock> <Opcode : '' 'add' 'sub' 'mul' 'select'> <InPorts = 0> <OutPorts = 1> <Sync> <CReg>
ST_6 : Operation 715 [1/2] (0.64ns) (root node of the DSP)   --->   "%add_ln101_47 = add i16 %product_47, i16 %c_row_major_5_7_0_load" [mmult.cpp:101]   --->   Operation 715 'add' 'add_ln101_47' <Predicate = true> <Delay = 0.64> <CoreInst = "DSP48">   --->   Core 127 'DSP48' <Latency = 3> <II = 1> <Delay = 0.53> <IPBlock> <Opcode : '' 'add' 'sub' 'mul' 'select'> <InPorts = 0> <OutPorts = 1> <Sync> <CReg>
ST_6 : Operation 716 [1/2] (0.64ns) (root node of the DSP)   --->   "%add_ln101_48 = add i16 %product_48, i16 %c_row_major_6_0_0_load" [mmult.cpp:101]   --->   Operation 716 'add' 'add_ln101_48' <Predicate = true> <Delay = 0.64> <CoreInst = "DSP48">   --->   Core 127 'DSP48' <Latency = 3> <II = 1> <Delay = 0.53> <IPBlock> <Opcode : '' 'add' 'sub' 'mul' 'select'> <InPorts = 0> <OutPorts = 1> <Sync> <CReg>
ST_6 : Operation 717 [1/2] (0.64ns) (root node of the DSP)   --->   "%add_ln101_49 = add i16 %product_49, i16 %c_row_major_6_1_0_load" [mmult.cpp:101]   --->   Operation 717 'add' 'add_ln101_49' <Predicate = true> <Delay = 0.64> <CoreInst = "DSP48">   --->   Core 127 'DSP48' <Latency = 3> <II = 1> <Delay = 0.53> <IPBlock> <Opcode : '' 'add' 'sub' 'mul' 'select'> <InPorts = 0> <OutPorts = 1> <Sync> <CReg>
ST_6 : Operation 718 [1/2] (0.64ns) (root node of the DSP)   --->   "%add_ln101_50 = add i16 %product_50, i16 %c_row_major_6_2_0_load" [mmult.cpp:101]   --->   Operation 718 'add' 'add_ln101_50' <Predicate = true> <Delay = 0.64> <CoreInst = "DSP48">   --->   Core 127 'DSP48' <Latency = 3> <II = 1> <Delay = 0.53> <IPBlock> <Opcode : '' 'add' 'sub' 'mul' 'select'> <InPorts = 0> <OutPorts = 1> <Sync> <CReg>
ST_6 : Operation 719 [1/2] (0.64ns) (root node of the DSP)   --->   "%add_ln101_51 = add i16 %product_51, i16 %c_row_major_6_3_0_load" [mmult.cpp:101]   --->   Operation 719 'add' 'add_ln101_51' <Predicate = true> <Delay = 0.64> <CoreInst = "DSP48">   --->   Core 127 'DSP48' <Latency = 3> <II = 1> <Delay = 0.53> <IPBlock> <Opcode : '' 'add' 'sub' 'mul' 'select'> <InPorts = 0> <OutPorts = 1> <Sync> <CReg>
ST_6 : Operation 720 [1/2] (0.64ns) (root node of the DSP)   --->   "%add_ln101_52 = add i16 %product_52, i16 %c_row_major_6_4_0_load" [mmult.cpp:101]   --->   Operation 720 'add' 'add_ln101_52' <Predicate = true> <Delay = 0.64> <CoreInst = "DSP48">   --->   Core 127 'DSP48' <Latency = 3> <II = 1> <Delay = 0.53> <IPBlock> <Opcode : '' 'add' 'sub' 'mul' 'select'> <InPorts = 0> <OutPorts = 1> <Sync> <CReg>
ST_6 : Operation 721 [1/2] (0.64ns) (root node of the DSP)   --->   "%add_ln101_53 = add i16 %product_53, i16 %c_row_major_6_5_0_load" [mmult.cpp:101]   --->   Operation 721 'add' 'add_ln101_53' <Predicate = true> <Delay = 0.64> <CoreInst = "DSP48">   --->   Core 127 'DSP48' <Latency = 3> <II = 1> <Delay = 0.53> <IPBlock> <Opcode : '' 'add' 'sub' 'mul' 'select'> <InPorts = 0> <OutPorts = 1> <Sync> <CReg>
ST_6 : Operation 722 [1/2] (0.64ns) (root node of the DSP)   --->   "%add_ln101_54 = add i16 %product_54, i16 %c_row_major_6_6_0_load" [mmult.cpp:101]   --->   Operation 722 'add' 'add_ln101_54' <Predicate = true> <Delay = 0.64> <CoreInst = "DSP48">   --->   Core 127 'DSP48' <Latency = 3> <II = 1> <Delay = 0.53> <IPBlock> <Opcode : '' 'add' 'sub' 'mul' 'select'> <InPorts = 0> <OutPorts = 1> <Sync> <CReg>
ST_6 : Operation 723 [1/2] (0.64ns) (root node of the DSP)   --->   "%add_ln101_55 = add i16 %product_55, i16 %c_row_major_6_7_0_load" [mmult.cpp:101]   --->   Operation 723 'add' 'add_ln101_55' <Predicate = true> <Delay = 0.64> <CoreInst = "DSP48">   --->   Core 127 'DSP48' <Latency = 3> <II = 1> <Delay = 0.53> <IPBlock> <Opcode : '' 'add' 'sub' 'mul' 'select'> <InPorts = 0> <OutPorts = 1> <Sync> <CReg>
ST_6 : Operation 724 [1/2] (0.64ns) (root node of the DSP)   --->   "%add_ln101_56 = add i16 %product_56, i16 %c_row_major_7_0_0_load" [mmult.cpp:101]   --->   Operation 724 'add' 'add_ln101_56' <Predicate = true> <Delay = 0.64> <CoreInst = "DSP48">   --->   Core 127 'DSP48' <Latency = 3> <II = 1> <Delay = 0.53> <IPBlock> <Opcode : '' 'add' 'sub' 'mul' 'select'> <InPorts = 0> <OutPorts = 1> <Sync> <CReg>
ST_6 : Operation 725 [1/2] (0.64ns) (root node of the DSP)   --->   "%add_ln101_57 = add i16 %product_57, i16 %c_row_major_7_1_0_load" [mmult.cpp:101]   --->   Operation 725 'add' 'add_ln101_57' <Predicate = true> <Delay = 0.64> <CoreInst = "DSP48">   --->   Core 127 'DSP48' <Latency = 3> <II = 1> <Delay = 0.53> <IPBlock> <Opcode : '' 'add' 'sub' 'mul' 'select'> <InPorts = 0> <OutPorts = 1> <Sync> <CReg>
ST_6 : Operation 726 [1/2] (0.64ns) (root node of the DSP)   --->   "%add_ln101_58 = add i16 %product_58, i16 %c_row_major_7_2_0_load" [mmult.cpp:101]   --->   Operation 726 'add' 'add_ln101_58' <Predicate = true> <Delay = 0.64> <CoreInst = "DSP48">   --->   Core 127 'DSP48' <Latency = 3> <II = 1> <Delay = 0.53> <IPBlock> <Opcode : '' 'add' 'sub' 'mul' 'select'> <InPorts = 0> <OutPorts = 1> <Sync> <CReg>
ST_6 : Operation 727 [1/2] (0.64ns) (root node of the DSP)   --->   "%add_ln101_59 = add i16 %product_59, i16 %c_row_major_7_3_0_load" [mmult.cpp:101]   --->   Operation 727 'add' 'add_ln101_59' <Predicate = true> <Delay = 0.64> <CoreInst = "DSP48">   --->   Core 127 'DSP48' <Latency = 3> <II = 1> <Delay = 0.53> <IPBlock> <Opcode : '' 'add' 'sub' 'mul' 'select'> <InPorts = 0> <OutPorts = 1> <Sync> <CReg>
ST_6 : Operation 728 [1/2] (0.64ns) (root node of the DSP)   --->   "%add_ln101_60 = add i16 %product_60, i16 %c_row_major_7_4_0_load" [mmult.cpp:101]   --->   Operation 728 'add' 'add_ln101_60' <Predicate = true> <Delay = 0.64> <CoreInst = "DSP48">   --->   Core 127 'DSP48' <Latency = 3> <II = 1> <Delay = 0.53> <IPBlock> <Opcode : '' 'add' 'sub' 'mul' 'select'> <InPorts = 0> <OutPorts = 1> <Sync> <CReg>
ST_6 : Operation 729 [1/2] (0.64ns) (root node of the DSP)   --->   "%add_ln101_61 = add i16 %product_61, i16 %c_row_major_7_5_0_load" [mmult.cpp:101]   --->   Operation 729 'add' 'add_ln101_61' <Predicate = true> <Delay = 0.64> <CoreInst = "DSP48">   --->   Core 127 'DSP48' <Latency = 3> <II = 1> <Delay = 0.53> <IPBlock> <Opcode : '' 'add' 'sub' 'mul' 'select'> <InPorts = 0> <OutPorts = 1> <Sync> <CReg>
ST_6 : Operation 730 [1/2] (0.64ns) (root node of the DSP)   --->   "%add_ln101_62 = add i16 %product_62, i16 %c_row_major_7_6_0_load" [mmult.cpp:101]   --->   Operation 730 'add' 'add_ln101_62' <Predicate = true> <Delay = 0.64> <CoreInst = "DSP48">   --->   Core 127 'DSP48' <Latency = 3> <II = 1> <Delay = 0.53> <IPBlock> <Opcode : '' 'add' 'sub' 'mul' 'select'> <InPorts = 0> <OutPorts = 1> <Sync> <CReg>
ST_6 : Operation 731 [1/2] (0.64ns) (root node of the DSP)   --->   "%add_ln101_63 = add i16 %product_63, i16 %c_row_major_7_7_0_load" [mmult.cpp:101]   --->   Operation 731 'add' 'add_ln101_63' <Predicate = true> <Delay = 0.64> <CoreInst = "DSP48">   --->   Core 127 'DSP48' <Latency = 3> <II = 1> <Delay = 0.53> <IPBlock> <Opcode : '' 'add' 'sub' 'mul' 'select'> <InPorts = 0> <OutPorts = 1> <Sync> <CReg>
ST_6 : Operation 732 [1/1] (0.42ns)   --->   "%store_ln101 = store i16 %add_ln101_63, i16 %c_row_major_7_7_0" [mmult.cpp:101]   --->   Operation 732 'store' 'store_ln101' <Predicate = true> <Delay = 0.42>
ST_6 : Operation 733 [1/1] (0.42ns)   --->   "%store_ln101 = store i16 %add_ln101_62, i16 %c_row_major_7_6_0" [mmult.cpp:101]   --->   Operation 733 'store' 'store_ln101' <Predicate = true> <Delay = 0.42>
ST_6 : Operation 734 [1/1] (0.42ns)   --->   "%store_ln101 = store i16 %add_ln101_61, i16 %c_row_major_7_5_0" [mmult.cpp:101]   --->   Operation 734 'store' 'store_ln101' <Predicate = true> <Delay = 0.42>
ST_6 : Operation 735 [1/1] (0.42ns)   --->   "%store_ln101 = store i16 %add_ln101_60, i16 %c_row_major_7_4_0" [mmult.cpp:101]   --->   Operation 735 'store' 'store_ln101' <Predicate = true> <Delay = 0.42>
ST_6 : Operation 736 [1/1] (0.42ns)   --->   "%store_ln101 = store i16 %add_ln101_59, i16 %c_row_major_7_3_0" [mmult.cpp:101]   --->   Operation 736 'store' 'store_ln101' <Predicate = true> <Delay = 0.42>
ST_6 : Operation 737 [1/1] (0.42ns)   --->   "%store_ln101 = store i16 %add_ln101_58, i16 %c_row_major_7_2_0" [mmult.cpp:101]   --->   Operation 737 'store' 'store_ln101' <Predicate = true> <Delay = 0.42>
ST_6 : Operation 738 [1/1] (0.42ns)   --->   "%store_ln101 = store i16 %add_ln101_57, i16 %c_row_major_7_1_0" [mmult.cpp:101]   --->   Operation 738 'store' 'store_ln101' <Predicate = true> <Delay = 0.42>
ST_6 : Operation 739 [1/1] (0.42ns)   --->   "%store_ln101 = store i16 %add_ln101_56, i16 %c_row_major_7_0_0" [mmult.cpp:101]   --->   Operation 739 'store' 'store_ln101' <Predicate = true> <Delay = 0.42>
ST_6 : Operation 740 [1/1] (0.42ns)   --->   "%store_ln101 = store i16 %add_ln101_55, i16 %c_row_major_6_7_0" [mmult.cpp:101]   --->   Operation 740 'store' 'store_ln101' <Predicate = true> <Delay = 0.42>
ST_6 : Operation 741 [1/1] (0.42ns)   --->   "%store_ln101 = store i16 %add_ln101_54, i16 %c_row_major_6_6_0" [mmult.cpp:101]   --->   Operation 741 'store' 'store_ln101' <Predicate = true> <Delay = 0.42>
ST_6 : Operation 742 [1/1] (0.42ns)   --->   "%store_ln101 = store i16 %add_ln101_53, i16 %c_row_major_6_5_0" [mmult.cpp:101]   --->   Operation 742 'store' 'store_ln101' <Predicate = true> <Delay = 0.42>
ST_6 : Operation 743 [1/1] (0.42ns)   --->   "%store_ln101 = store i16 %add_ln101_52, i16 %c_row_major_6_4_0" [mmult.cpp:101]   --->   Operation 743 'store' 'store_ln101' <Predicate = true> <Delay = 0.42>
ST_6 : Operation 744 [1/1] (0.42ns)   --->   "%store_ln101 = store i16 %add_ln101_51, i16 %c_row_major_6_3_0" [mmult.cpp:101]   --->   Operation 744 'store' 'store_ln101' <Predicate = true> <Delay = 0.42>
ST_6 : Operation 745 [1/1] (0.42ns)   --->   "%store_ln101 = store i16 %add_ln101_50, i16 %c_row_major_6_2_0" [mmult.cpp:101]   --->   Operation 745 'store' 'store_ln101' <Predicate = true> <Delay = 0.42>
ST_6 : Operation 746 [1/1] (0.42ns)   --->   "%store_ln101 = store i16 %add_ln101_49, i16 %c_row_major_6_1_0" [mmult.cpp:101]   --->   Operation 746 'store' 'store_ln101' <Predicate = true> <Delay = 0.42>
ST_6 : Operation 747 [1/1] (0.42ns)   --->   "%store_ln101 = store i16 %add_ln101_48, i16 %c_row_major_6_0_0" [mmult.cpp:101]   --->   Operation 747 'store' 'store_ln101' <Predicate = true> <Delay = 0.42>
ST_6 : Operation 748 [1/1] (0.42ns)   --->   "%store_ln101 = store i16 %add_ln101_47, i16 %c_row_major_5_7_0" [mmult.cpp:101]   --->   Operation 748 'store' 'store_ln101' <Predicate = true> <Delay = 0.42>
ST_6 : Operation 749 [1/1] (0.42ns)   --->   "%store_ln101 = store i16 %add_ln101_46, i16 %c_row_major_5_6_0" [mmult.cpp:101]   --->   Operation 749 'store' 'store_ln101' <Predicate = true> <Delay = 0.42>
ST_6 : Operation 750 [1/1] (0.42ns)   --->   "%store_ln101 = store i16 %add_ln101_45, i16 %c_row_major_5_5_0" [mmult.cpp:101]   --->   Operation 750 'store' 'store_ln101' <Predicate = true> <Delay = 0.42>
ST_6 : Operation 751 [1/1] (0.42ns)   --->   "%store_ln101 = store i16 %add_ln101_44, i16 %c_row_major_5_4_0" [mmult.cpp:101]   --->   Operation 751 'store' 'store_ln101' <Predicate = true> <Delay = 0.42>
ST_6 : Operation 752 [1/1] (0.42ns)   --->   "%store_ln101 = store i16 %add_ln101_43, i16 %c_row_major_5_3_0" [mmult.cpp:101]   --->   Operation 752 'store' 'store_ln101' <Predicate = true> <Delay = 0.42>
ST_6 : Operation 753 [1/1] (0.42ns)   --->   "%store_ln101 = store i16 %add_ln101_42, i16 %c_row_major_5_2_0" [mmult.cpp:101]   --->   Operation 753 'store' 'store_ln101' <Predicate = true> <Delay = 0.42>
ST_6 : Operation 754 [1/1] (0.42ns)   --->   "%store_ln101 = store i16 %add_ln101_41, i16 %c_row_major_5_1_0" [mmult.cpp:101]   --->   Operation 754 'store' 'store_ln101' <Predicate = true> <Delay = 0.42>
ST_6 : Operation 755 [1/1] (0.42ns)   --->   "%store_ln101 = store i16 %add_ln101_40, i16 %c_row_major_5_0_0" [mmult.cpp:101]   --->   Operation 755 'store' 'store_ln101' <Predicate = true> <Delay = 0.42>
ST_6 : Operation 756 [1/1] (0.42ns)   --->   "%store_ln101 = store i16 %add_ln101_39, i16 %c_row_major_4_7_0" [mmult.cpp:101]   --->   Operation 756 'store' 'store_ln101' <Predicate = true> <Delay = 0.42>
ST_6 : Operation 757 [1/1] (0.42ns)   --->   "%store_ln101 = store i16 %add_ln101_38, i16 %c_row_major_4_6_0" [mmult.cpp:101]   --->   Operation 757 'store' 'store_ln101' <Predicate = true> <Delay = 0.42>
ST_6 : Operation 758 [1/1] (0.42ns)   --->   "%store_ln101 = store i16 %add_ln101_37, i16 %c_row_major_4_5_0" [mmult.cpp:101]   --->   Operation 758 'store' 'store_ln101' <Predicate = true> <Delay = 0.42>
ST_6 : Operation 759 [1/1] (0.42ns)   --->   "%store_ln101 = store i16 %add_ln101_36, i16 %c_row_major_4_4_0" [mmult.cpp:101]   --->   Operation 759 'store' 'store_ln101' <Predicate = true> <Delay = 0.42>
ST_6 : Operation 760 [1/1] (0.42ns)   --->   "%store_ln101 = store i16 %add_ln101_35, i16 %c_row_major_4_3_0" [mmult.cpp:101]   --->   Operation 760 'store' 'store_ln101' <Predicate = true> <Delay = 0.42>
ST_6 : Operation 761 [1/1] (0.42ns)   --->   "%store_ln101 = store i16 %add_ln101_34, i16 %c_row_major_4_2_0" [mmult.cpp:101]   --->   Operation 761 'store' 'store_ln101' <Predicate = true> <Delay = 0.42>
ST_6 : Operation 762 [1/1] (0.42ns)   --->   "%store_ln101 = store i16 %add_ln101_33, i16 %c_row_major_4_1_0" [mmult.cpp:101]   --->   Operation 762 'store' 'store_ln101' <Predicate = true> <Delay = 0.42>
ST_6 : Operation 763 [1/1] (0.42ns)   --->   "%store_ln101 = store i16 %add_ln101_32, i16 %c_row_major_4_0_0" [mmult.cpp:101]   --->   Operation 763 'store' 'store_ln101' <Predicate = true> <Delay = 0.42>
ST_6 : Operation 764 [1/1] (0.42ns)   --->   "%store_ln101 = store i16 %add_ln101_31, i16 %c_row_major_3_7_0" [mmult.cpp:101]   --->   Operation 764 'store' 'store_ln101' <Predicate = true> <Delay = 0.42>
ST_6 : Operation 765 [1/1] (0.42ns)   --->   "%store_ln101 = store i16 %add_ln101_30, i16 %c_row_major_3_6_0" [mmult.cpp:101]   --->   Operation 765 'store' 'store_ln101' <Predicate = true> <Delay = 0.42>
ST_6 : Operation 766 [1/1] (0.42ns)   --->   "%store_ln101 = store i16 %add_ln101_29, i16 %c_row_major_3_5_0" [mmult.cpp:101]   --->   Operation 766 'store' 'store_ln101' <Predicate = true> <Delay = 0.42>
ST_6 : Operation 767 [1/1] (0.42ns)   --->   "%store_ln101 = store i16 %add_ln101_28, i16 %c_row_major_3_4_0" [mmult.cpp:101]   --->   Operation 767 'store' 'store_ln101' <Predicate = true> <Delay = 0.42>
ST_6 : Operation 768 [1/1] (0.42ns)   --->   "%store_ln101 = store i16 %add_ln101_27, i16 %c_row_major_3_3_0" [mmult.cpp:101]   --->   Operation 768 'store' 'store_ln101' <Predicate = true> <Delay = 0.42>
ST_6 : Operation 769 [1/1] (0.42ns)   --->   "%store_ln101 = store i16 %add_ln101_26, i16 %c_row_major_3_2_0" [mmult.cpp:101]   --->   Operation 769 'store' 'store_ln101' <Predicate = true> <Delay = 0.42>
ST_6 : Operation 770 [1/1] (0.42ns)   --->   "%store_ln101 = store i16 %add_ln101_25, i16 %c_row_major_3_1_0" [mmult.cpp:101]   --->   Operation 770 'store' 'store_ln101' <Predicate = true> <Delay = 0.42>
ST_6 : Operation 771 [1/1] (0.42ns)   --->   "%store_ln101 = store i16 %add_ln101_24, i16 %c_row_major_3_0_0" [mmult.cpp:101]   --->   Operation 771 'store' 'store_ln101' <Predicate = true> <Delay = 0.42>
ST_6 : Operation 772 [1/1] (0.42ns)   --->   "%store_ln101 = store i16 %add_ln101_23, i16 %c_row_major_2_7_0" [mmult.cpp:101]   --->   Operation 772 'store' 'store_ln101' <Predicate = true> <Delay = 0.42>
ST_6 : Operation 773 [1/1] (0.42ns)   --->   "%store_ln101 = store i16 %add_ln101_22, i16 %c_row_major_2_6_0" [mmult.cpp:101]   --->   Operation 773 'store' 'store_ln101' <Predicate = true> <Delay = 0.42>
ST_6 : Operation 774 [1/1] (0.42ns)   --->   "%store_ln101 = store i16 %add_ln101_21, i16 %c_row_major_2_5_0" [mmult.cpp:101]   --->   Operation 774 'store' 'store_ln101' <Predicate = true> <Delay = 0.42>
ST_6 : Operation 775 [1/1] (0.42ns)   --->   "%store_ln101 = store i16 %add_ln101_20, i16 %c_row_major_2_4_0" [mmult.cpp:101]   --->   Operation 775 'store' 'store_ln101' <Predicate = true> <Delay = 0.42>
ST_6 : Operation 776 [1/1] (0.42ns)   --->   "%store_ln101 = store i16 %add_ln101_19, i16 %c_row_major_2_3_0" [mmult.cpp:101]   --->   Operation 776 'store' 'store_ln101' <Predicate = true> <Delay = 0.42>
ST_6 : Operation 777 [1/1] (0.42ns)   --->   "%store_ln101 = store i16 %add_ln101_18, i16 %c_row_major_2_2_0" [mmult.cpp:101]   --->   Operation 777 'store' 'store_ln101' <Predicate = true> <Delay = 0.42>
ST_6 : Operation 778 [1/1] (0.42ns)   --->   "%store_ln101 = store i16 %add_ln101_17, i16 %c_row_major_2_1_0" [mmult.cpp:101]   --->   Operation 778 'store' 'store_ln101' <Predicate = true> <Delay = 0.42>
ST_6 : Operation 779 [1/1] (0.42ns)   --->   "%store_ln101 = store i16 %add_ln101_16, i16 %c_row_major_2_0_0" [mmult.cpp:101]   --->   Operation 779 'store' 'store_ln101' <Predicate = true> <Delay = 0.42>
ST_6 : Operation 780 [1/1] (0.42ns)   --->   "%store_ln101 = store i16 %add_ln101_15, i16 %c_row_major_1_7_0" [mmult.cpp:101]   --->   Operation 780 'store' 'store_ln101' <Predicate = true> <Delay = 0.42>
ST_6 : Operation 781 [1/1] (0.42ns)   --->   "%store_ln101 = store i16 %add_ln101_14, i16 %c_row_major_1_6_0" [mmult.cpp:101]   --->   Operation 781 'store' 'store_ln101' <Predicate = true> <Delay = 0.42>
ST_6 : Operation 782 [1/1] (0.42ns)   --->   "%store_ln101 = store i16 %add_ln101_13, i16 %c_row_major_1_5_0" [mmult.cpp:101]   --->   Operation 782 'store' 'store_ln101' <Predicate = true> <Delay = 0.42>
ST_6 : Operation 783 [1/1] (0.42ns)   --->   "%store_ln101 = store i16 %add_ln101_12, i16 %c_row_major_1_4_0" [mmult.cpp:101]   --->   Operation 783 'store' 'store_ln101' <Predicate = true> <Delay = 0.42>
ST_6 : Operation 784 [1/1] (0.42ns)   --->   "%store_ln101 = store i16 %add_ln101_11, i16 %c_row_major_1_3_0" [mmult.cpp:101]   --->   Operation 784 'store' 'store_ln101' <Predicate = true> <Delay = 0.42>
ST_6 : Operation 785 [1/1] (0.42ns)   --->   "%store_ln101 = store i16 %add_ln101_10, i16 %c_row_major_1_2_0" [mmult.cpp:101]   --->   Operation 785 'store' 'store_ln101' <Predicate = true> <Delay = 0.42>
ST_6 : Operation 786 [1/1] (0.42ns)   --->   "%store_ln101 = store i16 %add_ln101_9, i16 %c_row_major_1_1_0" [mmult.cpp:101]   --->   Operation 786 'store' 'store_ln101' <Predicate = true> <Delay = 0.42>
ST_6 : Operation 787 [1/1] (0.42ns)   --->   "%store_ln101 = store i16 %add_ln101_8, i16 %c_row_major_1_0_0" [mmult.cpp:101]   --->   Operation 787 'store' 'store_ln101' <Predicate = true> <Delay = 0.42>
ST_6 : Operation 788 [1/1] (0.42ns)   --->   "%store_ln101 = store i16 %add_ln101_7, i16 %c_row_major_0_7_0" [mmult.cpp:101]   --->   Operation 788 'store' 'store_ln101' <Predicate = true> <Delay = 0.42>
ST_6 : Operation 789 [1/1] (0.42ns)   --->   "%store_ln101 = store i16 %add_ln101_6, i16 %c_row_major_0_6_0" [mmult.cpp:101]   --->   Operation 789 'store' 'store_ln101' <Predicate = true> <Delay = 0.42>
ST_6 : Operation 790 [1/1] (0.42ns)   --->   "%store_ln101 = store i16 %add_ln101_5, i16 %c_row_major_0_5_0" [mmult.cpp:101]   --->   Operation 790 'store' 'store_ln101' <Predicate = true> <Delay = 0.42>
ST_6 : Operation 791 [1/1] (0.42ns)   --->   "%store_ln101 = store i16 %add_ln101_4, i16 %c_row_major_0_4_0" [mmult.cpp:101]   --->   Operation 791 'store' 'store_ln101' <Predicate = true> <Delay = 0.42>
ST_6 : Operation 792 [1/1] (0.42ns)   --->   "%store_ln101 = store i16 %add_ln101_3, i16 %c_row_major_0_3_0" [mmult.cpp:101]   --->   Operation 792 'store' 'store_ln101' <Predicate = true> <Delay = 0.42>
ST_6 : Operation 793 [1/1] (0.42ns)   --->   "%store_ln101 = store i16 %add_ln101_2, i16 %c_row_major_0_2_0" [mmult.cpp:101]   --->   Operation 793 'store' 'store_ln101' <Predicate = true> <Delay = 0.42>
ST_6 : Operation 794 [1/1] (0.42ns)   --->   "%store_ln101 = store i16 %add_ln101_1, i16 %c_row_major_0_1_0" [mmult.cpp:101]   --->   Operation 794 'store' 'store_ln101' <Predicate = true> <Delay = 0.42>
ST_6 : Operation 795 [1/1] (0.42ns)   --->   "%store_ln101 = store i16 %add_ln101, i16 %c_row_major_0_0_0" [mmult.cpp:101]   --->   Operation 795 'store' 'store_ln101' <Predicate = true> <Delay = 0.42>
ST_6 : Operation 796 [1/1] (0.00ns)   --->   "%br_ln81 = br void %pe_array" [mmult.cpp:81]   --->   Operation 796 'br' 'br_ln81' <Predicate = true> <Delay = 0.00>


============================================================
+ Verbose Summary: Binding
============================================================
STG Binding: 
---------------- STG Properties BEGIN ----------------
- Is combinational: 0
- Is one-state seq: 0
- Is datapath-only: 0
- Is pipelined: 0
- Is top level: 0
Port [ Return ] is wired: 1; IO mode=ap_ctrl_hs:ce=0
Port [ zext_ln81]:  wired=1; compound=0; hidden=0; nouse=0; global=0; static=0; extern=0; dir=0; type=0; pingpong=0; private_global=0; IO mode=ap_none:ce=0
Port [ p_read63]:  wired=1; compound=0; hidden=0; nouse=0; global=0; static=0; extern=0; dir=0; type=0; pingpong=0; private_global=0; IO mode=ap_none:ce=0
Port [ p_read62]:  wired=1; compound=0; hidden=0; nouse=0; global=0; static=0; extern=0; dir=0; type=0; pingpong=0; private_global=0; IO mode=ap_none:ce=0
Port [ p_read61]:  wired=1; compound=0; hidden=0; nouse=0; global=0; static=0; extern=0; dir=0; type=0; pingpong=0; private_global=0; IO mode=ap_none:ce=0
Port [ p_read60]:  wired=1; compound=0; hidden=0; nouse=0; global=0; static=0; extern=0; dir=0; type=0; pingpong=0; private_global=0; IO mode=ap_none:ce=0
Port [ p_read59]:  wired=1; compound=0; hidden=0; nouse=0; global=0; static=0; extern=0; dir=0; type=0; pingpong=0; private_global=0; IO mode=ap_none:ce=0
Port [ p_read58]:  wired=1; compound=0; hidden=0; nouse=0; global=0; static=0; extern=0; dir=0; type=0; pingpong=0; private_global=0; IO mode=ap_none:ce=0
Port [ p_read57]:  wired=1; compound=0; hidden=0; nouse=0; global=0; static=0; extern=0; dir=0; type=0; pingpong=0; private_global=0; IO mode=ap_none:ce=0
Port [ p_read56]:  wired=1; compound=0; hidden=0; nouse=0; global=0; static=0; extern=0; dir=0; type=0; pingpong=0; private_global=0; IO mode=ap_none:ce=0
Port [ p_read55]:  wired=1; compound=0; hidden=0; nouse=0; global=0; static=0; extern=0; dir=0; type=0; pingpong=0; private_global=0; IO mode=ap_none:ce=0
Port [ p_read54]:  wired=1; compound=0; hidden=0; nouse=0; global=0; static=0; extern=0; dir=0; type=0; pingpong=0; private_global=0; IO mode=ap_none:ce=0
Port [ p_read53]:  wired=1; compound=0; hidden=0; nouse=0; global=0; static=0; extern=0; dir=0; type=0; pingpong=0; private_global=0; IO mode=ap_none:ce=0
Port [ p_read52]:  wired=1; compound=0; hidden=0; nouse=0; global=0; static=0; extern=0; dir=0; type=0; pingpong=0; private_global=0; IO mode=ap_none:ce=0
Port [ p_read51]:  wired=1; compound=0; hidden=0; nouse=0; global=0; static=0; extern=0; dir=0; type=0; pingpong=0; private_global=0; IO mode=ap_none:ce=0
Port [ p_read50]:  wired=1; compound=0; hidden=0; nouse=0; global=0; static=0; extern=0; dir=0; type=0; pingpong=0; private_global=0; IO mode=ap_none:ce=0
Port [ p_read49]:  wired=1; compound=0; hidden=0; nouse=0; global=0; static=0; extern=0; dir=0; type=0; pingpong=0; private_global=0; IO mode=ap_none:ce=0
Port [ p_read48]:  wired=1; compound=0; hidden=0; nouse=0; global=0; static=0; extern=0; dir=0; type=0; pingpong=0; private_global=0; IO mode=ap_none:ce=0
Port [ p_read47]:  wired=1; compound=0; hidden=0; nouse=0; global=0; static=0; extern=0; dir=0; type=0; pingpong=0; private_global=0; IO mode=ap_none:ce=0
Port [ p_read46]:  wired=1; compound=0; hidden=0; nouse=0; global=0; static=0; extern=0; dir=0; type=0; pingpong=0; private_global=0; IO mode=ap_none:ce=0
Port [ p_read45]:  wired=1; compound=0; hidden=0; nouse=0; global=0; static=0; extern=0; dir=0; type=0; pingpong=0; private_global=0; IO mode=ap_none:ce=0
Port [ p_read44]:  wired=1; compound=0; hidden=0; nouse=0; global=0; static=0; extern=0; dir=0; type=0; pingpong=0; private_global=0; IO mode=ap_none:ce=0
Port [ p_read43]:  wired=1; compound=0; hidden=0; nouse=0; global=0; static=0; extern=0; dir=0; type=0; pingpong=0; private_global=0; IO mode=ap_none:ce=0
Port [ p_read42]:  wired=1; compound=0; hidden=0; nouse=0; global=0; static=0; extern=0; dir=0; type=0; pingpong=0; private_global=0; IO mode=ap_none:ce=0
Port [ p_read41]:  wired=1; compound=0; hidden=0; nouse=0; global=0; static=0; extern=0; dir=0; type=0; pingpong=0; private_global=0; IO mode=ap_none:ce=0
Port [ p_read40]:  wired=1; compound=0; hidden=0; nouse=0; global=0; static=0; extern=0; dir=0; type=0; pingpong=0; private_global=0; IO mode=ap_none:ce=0
Port [ p_read39]:  wired=1; compound=0; hidden=0; nouse=0; global=0; static=0; extern=0; dir=0; type=0; pingpong=0; private_global=0; IO mode=ap_none:ce=0
Port [ p_read38]:  wired=1; compound=0; hidden=0; nouse=0; global=0; static=0; extern=0; dir=0; type=0; pingpong=0; private_global=0; IO mode=ap_none:ce=0
Port [ p_read37]:  wired=1; compound=0; hidden=0; nouse=0; global=0; static=0; extern=0; dir=0; type=0; pingpong=0; private_global=0; IO mode=ap_none:ce=0
Port [ p_read36]:  wired=1; compound=0; hidden=0; nouse=0; global=0; static=0; extern=0; dir=0; type=0; pingpong=0; private_global=0; IO mode=ap_none:ce=0
Port [ p_read35]:  wired=1; compound=0; hidden=0; nouse=0; global=0; static=0; extern=0; dir=0; type=0; pingpong=0; private_global=0; IO mode=ap_none:ce=0
Port [ p_read34]:  wired=1; compound=0; hidden=0; nouse=0; global=0; static=0; extern=0; dir=0; type=0; pingpong=0; private_global=0; IO mode=ap_none:ce=0
Port [ p_read33]:  wired=1; compound=0; hidden=0; nouse=0; global=0; static=0; extern=0; dir=0; type=0; pingpong=0; private_global=0; IO mode=ap_none:ce=0
Port [ p_read32]:  wired=1; compound=0; hidden=0; nouse=0; global=0; static=0; extern=0; dir=0; type=0; pingpong=0; private_global=0; IO mode=ap_none:ce=0
Port [ p_read31]:  wired=1; compound=0; hidden=0; nouse=0; global=0; static=0; extern=0; dir=0; type=0; pingpong=0; private_global=0; IO mode=ap_none:ce=0
Port [ p_read30]:  wired=1; compound=0; hidden=0; nouse=0; global=0; static=0; extern=0; dir=0; type=0; pingpong=0; private_global=0; IO mode=ap_none:ce=0
Port [ p_read29]:  wired=1; compound=0; hidden=0; nouse=0; global=0; static=0; extern=0; dir=0; type=0; pingpong=0; private_global=0; IO mode=ap_none:ce=0
Port [ p_read28]:  wired=1; compound=0; hidden=0; nouse=0; global=0; static=0; extern=0; dir=0; type=0; pingpong=0; private_global=0; IO mode=ap_none:ce=0
Port [ p_read27]:  wired=1; compound=0; hidden=0; nouse=0; global=0; static=0; extern=0; dir=0; type=0; pingpong=0; private_global=0; IO mode=ap_none:ce=0
Port [ p_read26]:  wired=1; compound=0; hidden=0; nouse=0; global=0; static=0; extern=0; dir=0; type=0; pingpong=0; private_global=0; IO mode=ap_none:ce=0
Port [ p_read25]:  wired=1; compound=0; hidden=0; nouse=0; global=0; static=0; extern=0; dir=0; type=0; pingpong=0; private_global=0; IO mode=ap_none:ce=0
Port [ p_read24]:  wired=1; compound=0; hidden=0; nouse=0; global=0; static=0; extern=0; dir=0; type=0; pingpong=0; private_global=0; IO mode=ap_none:ce=0
Port [ p_read23]:  wired=1; compound=0; hidden=0; nouse=0; global=0; static=0; extern=0; dir=0; type=0; pingpong=0; private_global=0; IO mode=ap_none:ce=0
Port [ p_read22]:  wired=1; compound=0; hidden=0; nouse=0; global=0; static=0; extern=0; dir=0; type=0; pingpong=0; private_global=0; IO mode=ap_none:ce=0
Port [ p_read21]:  wired=1; compound=0; hidden=0; nouse=0; global=0; static=0; extern=0; dir=0; type=0; pingpong=0; private_global=0; IO mode=ap_none:ce=0
Port [ p_read20]:  wired=1; compound=0; hidden=0; nouse=0; global=0; static=0; extern=0; dir=0; type=0; pingpong=0; private_global=0; IO mode=ap_none:ce=0
Port [ p_read19]:  wired=1; compound=0; hidden=0; nouse=0; global=0; static=0; extern=0; dir=0; type=0; pingpong=0; private_global=0; IO mode=ap_none:ce=0
Port [ p_read18]:  wired=1; compound=0; hidden=0; nouse=0; global=0; static=0; extern=0; dir=0; type=0; pingpong=0; private_global=0; IO mode=ap_none:ce=0
Port [ p_read17]:  wired=1; compound=0; hidden=0; nouse=0; global=0; static=0; extern=0; dir=0; type=0; pingpong=0; private_global=0; IO mode=ap_none:ce=0
Port [ p_read16]:  wired=1; compound=0; hidden=0; nouse=0; global=0; static=0; extern=0; dir=0; type=0; pingpong=0; private_global=0; IO mode=ap_none:ce=0
Port [ p_read15]:  wired=1; compound=0; hidden=0; nouse=0; global=0; static=0; extern=0; dir=0; type=0; pingpong=0; private_global=0; IO mode=ap_none:ce=0
Port [ p_read14]:  wired=1; compound=0; hidden=0; nouse=0; global=0; static=0; extern=0; dir=0; type=0; pingpong=0; private_global=0; IO mode=ap_none:ce=0
Port [ p_read13]:  wired=1; compound=0; hidden=0; nouse=0; global=0; static=0; extern=0; dir=0; type=0; pingpong=0; private_global=0; IO mode=ap_none:ce=0
Port [ p_read12]:  wired=1; compound=0; hidden=0; nouse=0; global=0; static=0; extern=0; dir=0; type=0; pingpong=0; private_global=0; IO mode=ap_none:ce=0
Port [ p_read11]:  wired=1; compound=0; hidden=0; nouse=0; global=0; static=0; extern=0; dir=0; type=0; pingpong=0; private_global=0; IO mode=ap_none:ce=0
Port [ p_read10]:  wired=1; compound=0; hidden=0; nouse=0; global=0; static=0; extern=0; dir=0; type=0; pingpong=0; private_global=0; IO mode=ap_none:ce=0
Port [ p_read9]:  wired=1; compound=0; hidden=0; nouse=0; global=0; static=0; extern=0; dir=0; type=0; pingpong=0; private_global=0; IO mode=ap_none:ce=0
Port [ p_read8]:  wired=1; compound=0; hidden=0; nouse=0; global=0; static=0; extern=0; dir=0; type=0; pingpong=0; private_global=0; IO mode=ap_none:ce=0
Port [ p_read7]:  wired=1; compound=0; hidden=0; nouse=0; global=0; static=0; extern=0; dir=0; type=0; pingpong=0; private_global=0; IO mode=ap_none:ce=0
Port [ p_read6]:  wired=1; compound=0; hidden=0; nouse=0; global=0; static=0; extern=0; dir=0; type=0; pingpong=0; private_global=0; IO mode=ap_none:ce=0
Port [ p_read5]:  wired=1; compound=0; hidden=0; nouse=0; global=0; static=0; extern=0; dir=0; type=0; pingpong=0; private_global=0; IO mode=ap_none:ce=0
Port [ p_read4]:  wired=1; compound=0; hidden=0; nouse=0; global=0; static=0; extern=0; dir=0; type=0; pingpong=0; private_global=0; IO mode=ap_none:ce=0
Port [ p_read3]:  wired=1; compound=0; hidden=0; nouse=0; global=0; static=0; extern=0; dir=0; type=0; pingpong=0; private_global=0; IO mode=ap_none:ce=0
Port [ p_read2]:  wired=1; compound=0; hidden=0; nouse=0; global=0; static=0; extern=0; dir=0; type=0; pingpong=0; private_global=0; IO mode=ap_none:ce=0
Port [ p_read1]:  wired=1; compound=0; hidden=0; nouse=0; global=0; static=0; extern=0; dir=0; type=0; pingpong=0; private_global=0; IO mode=ap_none:ce=0
Port [ p_read]:  wired=1; compound=0; hidden=0; nouse=0; global=0; static=0; extern=0; dir=0; type=0; pingpong=0; private_global=0; IO mode=ap_none:ce=0
Port [ wide_trip_count]:  wired=1; compound=0; hidden=0; nouse=0; global=0; static=0; extern=0; dir=0; type=0; pingpong=0; private_global=0; IO mode=ap_none:ce=0
Port [ sext_ln81]:  wired=1; compound=0; hidden=0; nouse=0; global=0; static=0; extern=0; dir=0; type=0; pingpong=0; private_global=0; IO mode=ap_none:ce=0
Port [ a_row_major_0]:  wired=1; compound=1; hidden=0; nouse=0; global=0; static=0; extern=0; dir=0; type=1; pingpong=0; private_global=0; MemPort=[13]; IO mode=ap_memory:ce=0
Port [ a_row_major_1]:  wired=1; compound=1; hidden=0; nouse=0; global=0; static=0; extern=0; dir=0; type=1; pingpong=0; private_global=0; MemPort=[13]; IO mode=ap_memory:ce=0
Port [ a_row_major_2]:  wired=1; compound=1; hidden=0; nouse=0; global=0; static=0; extern=0; dir=0; type=1; pingpong=0; private_global=0; MemPort=[13]; IO mode=ap_memory:ce=0
Port [ a_row_major_3]:  wired=1; compound=1; hidden=0; nouse=0; global=0; static=0; extern=0; dir=0; type=1; pingpong=0; private_global=0; MemPort=[13]; IO mode=ap_memory:ce=0
Port [ a_row_major_4]:  wired=1; compound=1; hidden=0; nouse=0; global=0; static=0; extern=0; dir=0; type=1; pingpong=0; private_global=0; MemPort=[13]; IO mode=ap_memory:ce=0
Port [ a_row_major_5]:  wired=1; compound=1; hidden=0; nouse=0; global=0; static=0; extern=0; dir=0; type=1; pingpong=0; private_global=0; MemPort=[13]; IO mode=ap_memory:ce=0
Port [ a_row_major_6]:  wired=1; compound=1; hidden=0; nouse=0; global=0; static=0; extern=0; dir=0; type=1; pingpong=0; private_global=0; MemPort=[13]; IO mode=ap_memory:ce=0
Port [ a_row_major_7]:  wired=1; compound=1; hidden=0; nouse=0; global=0; static=0; extern=0; dir=0; type=1; pingpong=0; private_global=0; MemPort=[13]; IO mode=ap_memory:ce=0
Port [ cmp9_not]:  wired=1; compound=0; hidden=0; nouse=0; global=0; static=0; extern=0; dir=0; type=0; pingpong=0; private_global=0; IO mode=ap_none:ce=0
Port [ cmp15]:  wired=1; compound=0; hidden=0; nouse=0; global=0; static=0; extern=0; dir=0; type=0; pingpong=0; private_global=0; IO mode=ap_none:ce=0
Port [ b_row_major_0]:  wired=1; compound=1; hidden=0; nouse=0; global=0; static=0; extern=0; dir=0; type=1; pingpong=0; private_global=0; MemPort=[13]; IO mode=ap_memory:ce=0
Port [ icmp]:  wired=1; compound=0; hidden=0; nouse=0; global=0; static=0; extern=0; dir=0; type=0; pingpong=0; private_global=0; IO mode=ap_none:ce=0
Port [ b_row_major_1]:  wired=1; compound=1; hidden=0; nouse=0; global=0; static=0; extern=0; dir=0; type=1; pingpong=0; private_global=0; MemPort=[13]; IO mode=ap_memory:ce=0
Port [ cmp15_240]:  wired=1; compound=0; hidden=0; nouse=0; global=0; static=0; extern=0; dir=0; type=0; pingpong=0; private_global=0; IO mode=ap_none:ce=0
Port [ b_row_major_2]:  wired=1; compound=1; hidden=0; nouse=0; global=0; static=0; extern=0; dir=0; type=1; pingpong=0; private_global=0; MemPort=[13]; IO mode=ap_memory:ce=0
Port [ icmp3]:  wired=1; compound=0; hidden=0; nouse=0; global=0; static=0; extern=0; dir=0; type=0; pingpong=0; private_global=0; IO mode=ap_none:ce=0
Port [ b_row_major_3]:  wired=1; compound=1; hidden=0; nouse=0; global=0; static=0; extern=0; dir=0; type=1; pingpong=0; private_global=0; MemPort=[13]; IO mode=ap_memory:ce=0
Port [ cmp15_496]:  wired=1; compound=0; hidden=0; nouse=0; global=0; static=0; extern=0; dir=0; type=0; pingpong=0; private_global=0; IO mode=ap_none:ce=0
Port [ b_row_major_4]:  wired=1; compound=1; hidden=0; nouse=0; global=0; static=0; extern=0; dir=0; type=1; pingpong=0; private_global=0; MemPort=[13]; IO mode=ap_memory:ce=0
Port [ cmp15_5124]:  wired=1; compound=0; hidden=0; nouse=0; global=0; static=0; extern=0; dir=0; type=0; pingpong=0; private_global=0; IO mode=ap_none:ce=0
Port [ b_row_major_5]:  wired=1; compound=1; hidden=0; nouse=0; global=0; static=0; extern=0; dir=0; type=1; pingpong=0; private_global=0; MemPort=[13]; IO mode=ap_memory:ce=0
Port [ cmp15_6152]:  wired=1; compound=0; hidden=0; nouse=0; global=0; static=0; extern=0; dir=0; type=0; pingpong=0; private_global=0; IO mode=ap_none:ce=0
Port [ b_row_major_6]:  wired=1; compound=1; hidden=0; nouse=0; global=0; static=0; extern=0; dir=0; type=1; pingpong=0; private_global=0; MemPort=[13]; IO mode=ap_memory:ce=0
Port [ icmp6]:  wired=1; compound=0; hidden=0; nouse=0; global=0; static=0; extern=0; dir=0; type=0; pingpong=0; private_global=0; IO mode=ap_none:ce=0
Port [ b_row_major_7]:  wired=1; compound=1; hidden=0; nouse=0; global=0; static=0; extern=0; dir=0; type=1; pingpong=0; private_global=0; MemPort=[13]; IO mode=ap_memory:ce=0
Port [ icmp9]:  wired=1; compound=0; hidden=0; nouse=0; global=0; static=0; extern=0; dir=0; type=0; pingpong=0; private_global=0; IO mode=ap_none:ce=0
Port [ cmp9_2_not]:  wired=1; compound=0; hidden=0; nouse=0; global=0; static=0; extern=0; dir=0; type=0; pingpong=0; private_global=0; IO mode=ap_none:ce=0
Port [ icmp12]:  wired=1; compound=0; hidden=0; nouse=0; global=0; static=0; extern=0; dir=0; type=0; pingpong=0; private_global=0; IO mode=ap_none:ce=0
Port [ cmp9_4_not]:  wired=1; compound=0; hidden=0; nouse=0; global=0; static=0; extern=0; dir=0; type=0; pingpong=0; private_global=0; IO mode=ap_none:ce=0
Port [ cmp9_5_not]:  wired=1; compound=0; hidden=0; nouse=0; global=0; static=0; extern=0; dir=0; type=0; pingpong=0; private_global=0; IO mode=ap_none:ce=0
Port [ cmp9_6_not]:  wired=1; compound=0; hidden=0; nouse=0; global=0; static=0; extern=0; dir=0; type=0; pingpong=0; private_global=0; IO mode=ap_none:ce=0
Port [ icmp15]:  wired=1; compound=0; hidden=0; nouse=0; global=0; static=0; extern=0; dir=0; type=0; pingpong=0; private_global=0; IO mode=ap_none:ce=0
Port [ c_row_major_7_7_0_out]:  wired=1; compound=0; hidden=0; nouse=0; global=0; static=0; extern=0; dir=1; type=0; pingpong=0; private_global=0; IO mode=ap_vld:ce=0
Port [ c_row_major_7_6_0_out]:  wired=1; compound=0; hidden=0; nouse=0; global=0; static=0; extern=0; dir=1; type=0; pingpong=0; private_global=0; IO mode=ap_vld:ce=0
Port [ c_row_major_7_5_0_out]:  wired=1; compound=0; hidden=0; nouse=0; global=0; static=0; extern=0; dir=1; type=0; pingpong=0; private_global=0; IO mode=ap_vld:ce=0
Port [ c_row_major_7_4_0_out]:  wired=1; compound=0; hidden=0; nouse=0; global=0; static=0; extern=0; dir=1; type=0; pingpong=0; private_global=0; IO mode=ap_vld:ce=0
Port [ c_row_major_7_3_0_out]:  wired=1; compound=0; hidden=0; nouse=0; global=0; static=0; extern=0; dir=1; type=0; pingpong=0; private_global=0; IO mode=ap_vld:ce=0
Port [ c_row_major_7_2_0_out]:  wired=1; compound=0; hidden=0; nouse=0; global=0; static=0; extern=0; dir=1; type=0; pingpong=0; private_global=0; IO mode=ap_vld:ce=0
Port [ c_row_major_7_1_0_out]:  wired=1; compound=0; hidden=0; nouse=0; global=0; static=0; extern=0; dir=1; type=0; pingpong=0; private_global=0; IO mode=ap_vld:ce=0
Port [ c_row_major_7_0_0_out]:  wired=1; compound=0; hidden=0; nouse=0; global=0; static=0; extern=0; dir=1; type=0; pingpong=0; private_global=0; IO mode=ap_vld:ce=0
Port [ c_row_major_6_7_0_out]:  wired=1; compound=0; hidden=0; nouse=0; global=0; static=0; extern=0; dir=1; type=0; pingpong=0; private_global=0; IO mode=ap_vld:ce=0
Port [ c_row_major_6_6_0_out]:  wired=1; compound=0; hidden=0; nouse=0; global=0; static=0; extern=0; dir=1; type=0; pingpong=0; private_global=0; IO mode=ap_vld:ce=0
Port [ c_row_major_6_5_0_out]:  wired=1; compound=0; hidden=0; nouse=0; global=0; static=0; extern=0; dir=1; type=0; pingpong=0; private_global=0; IO mode=ap_vld:ce=0
Port [ c_row_major_6_4_0_out]:  wired=1; compound=0; hidden=0; nouse=0; global=0; static=0; extern=0; dir=1; type=0; pingpong=0; private_global=0; IO mode=ap_vld:ce=0
Port [ c_row_major_6_3_0_out]:  wired=1; compound=0; hidden=0; nouse=0; global=0; static=0; extern=0; dir=1; type=0; pingpong=0; private_global=0; IO mode=ap_vld:ce=0
Port [ c_row_major_6_2_0_out]:  wired=1; compound=0; hidden=0; nouse=0; global=0; static=0; extern=0; dir=1; type=0; pingpong=0; private_global=0; IO mode=ap_vld:ce=0
Port [ c_row_major_6_1_0_out]:  wired=1; compound=0; hidden=0; nouse=0; global=0; static=0; extern=0; dir=1; type=0; pingpong=0; private_global=0; IO mode=ap_vld:ce=0
Port [ c_row_major_6_0_0_out]:  wired=1; compound=0; hidden=0; nouse=0; global=0; static=0; extern=0; dir=1; type=0; pingpong=0; private_global=0; IO mode=ap_vld:ce=0
Port [ c_row_major_5_7_0_out]:  wired=1; compound=0; hidden=0; nouse=0; global=0; static=0; extern=0; dir=1; type=0; pingpong=0; private_global=0; IO mode=ap_vld:ce=0
Port [ c_row_major_5_6_0_out]:  wired=1; compound=0; hidden=0; nouse=0; global=0; static=0; extern=0; dir=1; type=0; pingpong=0; private_global=0; IO mode=ap_vld:ce=0
Port [ c_row_major_5_5_0_out]:  wired=1; compound=0; hidden=0; nouse=0; global=0; static=0; extern=0; dir=1; type=0; pingpong=0; private_global=0; IO mode=ap_vld:ce=0
Port [ c_row_major_5_4_0_out]:  wired=1; compound=0; hidden=0; nouse=0; global=0; static=0; extern=0; dir=1; type=0; pingpong=0; private_global=0; IO mode=ap_vld:ce=0
Port [ c_row_major_5_3_0_out]:  wired=1; compound=0; hidden=0; nouse=0; global=0; static=0; extern=0; dir=1; type=0; pingpong=0; private_global=0; IO mode=ap_vld:ce=0
Port [ c_row_major_5_2_0_out]:  wired=1; compound=0; hidden=0; nouse=0; global=0; static=0; extern=0; dir=1; type=0; pingpong=0; private_global=0; IO mode=ap_vld:ce=0
Port [ c_row_major_5_1_0_out]:  wired=1; compound=0; hidden=0; nouse=0; global=0; static=0; extern=0; dir=1; type=0; pingpong=0; private_global=0; IO mode=ap_vld:ce=0
Port [ c_row_major_5_0_0_out]:  wired=1; compound=0; hidden=0; nouse=0; global=0; static=0; extern=0; dir=1; type=0; pingpong=0; private_global=0; IO mode=ap_vld:ce=0
Port [ c_row_major_4_7_0_out]:  wired=1; compound=0; hidden=0; nouse=0; global=0; static=0; extern=0; dir=1; type=0; pingpong=0; private_global=0; IO mode=ap_vld:ce=0
Port [ c_row_major_4_6_0_out]:  wired=1; compound=0; hidden=0; nouse=0; global=0; static=0; extern=0; dir=1; type=0; pingpong=0; private_global=0; IO mode=ap_vld:ce=0
Port [ c_row_major_4_5_0_out]:  wired=1; compound=0; hidden=0; nouse=0; global=0; static=0; extern=0; dir=1; type=0; pingpong=0; private_global=0; IO mode=ap_vld:ce=0
Port [ c_row_major_4_4_0_out]:  wired=1; compound=0; hidden=0; nouse=0; global=0; static=0; extern=0; dir=1; type=0; pingpong=0; private_global=0; IO mode=ap_vld:ce=0
Port [ c_row_major_4_3_0_out]:  wired=1; compound=0; hidden=0; nouse=0; global=0; static=0; extern=0; dir=1; type=0; pingpong=0; private_global=0; IO mode=ap_vld:ce=0
Port [ c_row_major_4_2_0_out]:  wired=1; compound=0; hidden=0; nouse=0; global=0; static=0; extern=0; dir=1; type=0; pingpong=0; private_global=0; IO mode=ap_vld:ce=0
Port [ c_row_major_4_1_0_out]:  wired=1; compound=0; hidden=0; nouse=0; global=0; static=0; extern=0; dir=1; type=0; pingpong=0; private_global=0; IO mode=ap_vld:ce=0
Port [ c_row_major_4_0_0_out]:  wired=1; compound=0; hidden=0; nouse=0; global=0; static=0; extern=0; dir=1; type=0; pingpong=0; private_global=0; IO mode=ap_vld:ce=0
Port [ c_row_major_3_7_0_out]:  wired=1; compound=0; hidden=0; nouse=0; global=0; static=0; extern=0; dir=1; type=0; pingpong=0; private_global=0; IO mode=ap_vld:ce=0
Port [ c_row_major_3_6_0_out]:  wired=1; compound=0; hidden=0; nouse=0; global=0; static=0; extern=0; dir=1; type=0; pingpong=0; private_global=0; IO mode=ap_vld:ce=0
Port [ c_row_major_3_5_0_out]:  wired=1; compound=0; hidden=0; nouse=0; global=0; static=0; extern=0; dir=1; type=0; pingpong=0; private_global=0; IO mode=ap_vld:ce=0
Port [ c_row_major_3_4_0_out]:  wired=1; compound=0; hidden=0; nouse=0; global=0; static=0; extern=0; dir=1; type=0; pingpong=0; private_global=0; IO mode=ap_vld:ce=0
Port [ c_row_major_3_3_0_out]:  wired=1; compound=0; hidden=0; nouse=0; global=0; static=0; extern=0; dir=1; type=0; pingpong=0; private_global=0; IO mode=ap_vld:ce=0
Port [ c_row_major_3_2_0_out]:  wired=1; compound=0; hidden=0; nouse=0; global=0; static=0; extern=0; dir=1; type=0; pingpong=0; private_global=0; IO mode=ap_vld:ce=0
Port [ c_row_major_3_1_0_out]:  wired=1; compound=0; hidden=0; nouse=0; global=0; static=0; extern=0; dir=1; type=0; pingpong=0; private_global=0; IO mode=ap_vld:ce=0
Port [ c_row_major_3_0_0_out]:  wired=1; compound=0; hidden=0; nouse=0; global=0; static=0; extern=0; dir=1; type=0; pingpong=0; private_global=0; IO mode=ap_vld:ce=0
Port [ c_row_major_2_7_0_out]:  wired=1; compound=0; hidden=0; nouse=0; global=0; static=0; extern=0; dir=1; type=0; pingpong=0; private_global=0; IO mode=ap_vld:ce=0
Port [ c_row_major_2_6_0_out]:  wired=1; compound=0; hidden=0; nouse=0; global=0; static=0; extern=0; dir=1; type=0; pingpong=0; private_global=0; IO mode=ap_vld:ce=0
Port [ c_row_major_2_5_0_out]:  wired=1; compound=0; hidden=0; nouse=0; global=0; static=0; extern=0; dir=1; type=0; pingpong=0; private_global=0; IO mode=ap_vld:ce=0
Port [ c_row_major_2_4_0_out]:  wired=1; compound=0; hidden=0; nouse=0; global=0; static=0; extern=0; dir=1; type=0; pingpong=0; private_global=0; IO mode=ap_vld:ce=0
Port [ c_row_major_2_3_0_out]:  wired=1; compound=0; hidden=0; nouse=0; global=0; static=0; extern=0; dir=1; type=0; pingpong=0; private_global=0; IO mode=ap_vld:ce=0
Port [ c_row_major_2_2_0_out]:  wired=1; compound=0; hidden=0; nouse=0; global=0; static=0; extern=0; dir=1; type=0; pingpong=0; private_global=0; IO mode=ap_vld:ce=0
Port [ c_row_major_2_1_0_out]:  wired=1; compound=0; hidden=0; nouse=0; global=0; static=0; extern=0; dir=1; type=0; pingpong=0; private_global=0; IO mode=ap_vld:ce=0
Port [ c_row_major_2_0_0_out]:  wired=1; compound=0; hidden=0; nouse=0; global=0; static=0; extern=0; dir=1; type=0; pingpong=0; private_global=0; IO mode=ap_vld:ce=0
Port [ c_row_major_1_7_0_out]:  wired=1; compound=0; hidden=0; nouse=0; global=0; static=0; extern=0; dir=1; type=0; pingpong=0; private_global=0; IO mode=ap_vld:ce=0
Port [ c_row_major_1_6_0_out]:  wired=1; compound=0; hidden=0; nouse=0; global=0; static=0; extern=0; dir=1; type=0; pingpong=0; private_global=0; IO mode=ap_vld:ce=0
Port [ c_row_major_1_5_0_out]:  wired=1; compound=0; hidden=0; nouse=0; global=0; static=0; extern=0; dir=1; type=0; pingpong=0; private_global=0; IO mode=ap_vld:ce=0
Port [ c_row_major_1_4_0_out]:  wired=1; compound=0; hidden=0; nouse=0; global=0; static=0; extern=0; dir=1; type=0; pingpong=0; private_global=0; IO mode=ap_vld:ce=0
Port [ c_row_major_1_3_0_out]:  wired=1; compound=0; hidden=0; nouse=0; global=0; static=0; extern=0; dir=1; type=0; pingpong=0; private_global=0; IO mode=ap_vld:ce=0
Port [ c_row_major_1_2_0_out]:  wired=1; compound=0; hidden=0; nouse=0; global=0; static=0; extern=0; dir=1; type=0; pingpong=0; private_global=0; IO mode=ap_vld:ce=0
Port [ c_row_major_1_1_0_out]:  wired=1; compound=0; hidden=0; nouse=0; global=0; static=0; extern=0; dir=1; type=0; pingpong=0; private_global=0; IO mode=ap_vld:ce=0
Port [ c_row_major_1_0_0_out]:  wired=1; compound=0; hidden=0; nouse=0; global=0; static=0; extern=0; dir=1; type=0; pingpong=0; private_global=0; IO mode=ap_vld:ce=0
Port [ c_row_major_0_7_0_out]:  wired=1; compound=0; hidden=0; nouse=0; global=0; static=0; extern=0; dir=1; type=0; pingpong=0; private_global=0; IO mode=ap_vld:ce=0
Port [ c_row_major_0_6_0_out]:  wired=1; compound=0; hidden=0; nouse=0; global=0; static=0; extern=0; dir=1; type=0; pingpong=0; private_global=0; IO mode=ap_vld:ce=0
Port [ c_row_major_0_5_0_out]:  wired=1; compound=0; hidden=0; nouse=0; global=0; static=0; extern=0; dir=1; type=0; pingpong=0; private_global=0; IO mode=ap_vld:ce=0
Port [ c_row_major_0_4_0_out]:  wired=1; compound=0; hidden=0; nouse=0; global=0; static=0; extern=0; dir=1; type=0; pingpong=0; private_global=0; IO mode=ap_vld:ce=0
Port [ c_row_major_0_3_0_out]:  wired=1; compound=0; hidden=0; nouse=0; global=0; static=0; extern=0; dir=1; type=0; pingpong=0; private_global=0; IO mode=ap_vld:ce=0
Port [ c_row_major_0_2_0_out]:  wired=1; compound=0; hidden=0; nouse=0; global=0; static=0; extern=0; dir=1; type=0; pingpong=0; private_global=0; IO mode=ap_vld:ce=0
Port [ c_row_major_0_1_0_out]:  wired=1; compound=0; hidden=0; nouse=0; global=0; static=0; extern=0; dir=1; type=0; pingpong=0; private_global=0; IO mode=ap_vld:ce=0
Port [ c_row_major_0_0_0_out]:  wired=1; compound=0; hidden=0; nouse=0; global=0; static=0; extern=0; dir=1; type=0; pingpong=0; private_global=0; IO mode=ap_vld:ce=0
---------------- STG Properties END ------------------

---------------- Datapath Model BEGIN ----------------

<LifeTime>
<method=bitvector/>
c_row_major_0_0_0        (alloca           ) [ 0111111]
c_row_major_0_1_0        (alloca           ) [ 0111111]
c_row_major_0_2_0        (alloca           ) [ 0111111]
c_row_major_0_3_0        (alloca           ) [ 0111111]
c_row_major_0_4_0        (alloca           ) [ 0111111]
c_row_major_0_5_0        (alloca           ) [ 0111111]
c_row_major_0_6_0        (alloca           ) [ 0111111]
c_row_major_0_7_0        (alloca           ) [ 0111111]
c_row_major_1_0_0        (alloca           ) [ 0111111]
c_row_major_1_1_0        (alloca           ) [ 0111111]
c_row_major_1_2_0        (alloca           ) [ 0111111]
c_row_major_1_3_0        (alloca           ) [ 0111111]
c_row_major_1_4_0        (alloca           ) [ 0111111]
c_row_major_1_5_0        (alloca           ) [ 0111111]
c_row_major_1_6_0        (alloca           ) [ 0111111]
c_row_major_1_7_0        (alloca           ) [ 0111111]
c_row_major_2_0_0        (alloca           ) [ 0111111]
c_row_major_2_1_0        (alloca           ) [ 0111111]
c_row_major_2_2_0        (alloca           ) [ 0111111]
c_row_major_2_3_0        (alloca           ) [ 0111111]
c_row_major_2_4_0        (alloca           ) [ 0111111]
c_row_major_2_5_0        (alloca           ) [ 0111111]
c_row_major_2_6_0        (alloca           ) [ 0111111]
c_row_major_2_7_0        (alloca           ) [ 0111111]
c_row_major_3_0_0        (alloca           ) [ 0111111]
c_row_major_3_1_0        (alloca           ) [ 0111111]
c_row_major_3_2_0        (alloca           ) [ 0111111]
c_row_major_3_3_0        (alloca           ) [ 0111111]
c_row_major_3_4_0        (alloca           ) [ 0111111]
c_row_major_3_5_0        (alloca           ) [ 0111111]
c_row_major_3_6_0        (alloca           ) [ 0111111]
c_row_major_3_7_0        (alloca           ) [ 0111111]
c_row_major_4_0_0        (alloca           ) [ 0111111]
c_row_major_4_1_0        (alloca           ) [ 0111111]
c_row_major_4_2_0        (alloca           ) [ 0111111]
c_row_major_4_3_0        (alloca           ) [ 0111111]
c_row_major_4_4_0        (alloca           ) [ 0111111]
c_row_major_4_5_0        (alloca           ) [ 0111111]
c_row_major_4_6_0        (alloca           ) [ 0111111]
c_row_major_4_7_0        (alloca           ) [ 0111111]
c_row_major_5_0_0        (alloca           ) [ 0111111]
c_row_major_5_1_0        (alloca           ) [ 0111111]
c_row_major_5_2_0        (alloca           ) [ 0111111]
c_row_major_5_3_0        (alloca           ) [ 0111111]
c_row_major_5_4_0        (alloca           ) [ 0111111]
c_row_major_5_5_0        (alloca           ) [ 0111111]
c_row_major_5_6_0        (alloca           ) [ 0111111]
c_row_major_5_7_0        (alloca           ) [ 0111111]
c_row_major_6_0_0        (alloca           ) [ 0111111]
c_row_major_6_1_0        (alloca           ) [ 0111111]
c_row_major_6_2_0        (alloca           ) [ 0111111]
c_row_major_6_3_0        (alloca           ) [ 0111111]
c_row_major_6_4_0        (alloca           ) [ 0111111]
c_row_major_6_5_0        (alloca           ) [ 0111111]
c_row_major_6_6_0        (alloca           ) [ 0111111]
c_row_major_6_7_0        (alloca           ) [ 0111111]
c_row_major_7_0_0        (alloca           ) [ 0111111]
c_row_major_7_1_0        (alloca           ) [ 0111111]
c_row_major_7_2_0        (alloca           ) [ 0111111]
c_row_major_7_3_0        (alloca           ) [ 0111111]
c_row_major_7_4_0        (alloca           ) [ 0111111]
c_row_major_7_5_0        (alloca           ) [ 0111111]
c_row_major_7_6_0        (alloca           ) [ 0111111]
c_row_major_7_7_0        (alloca           ) [ 0111111]
k                        (alloca           ) [ 0110000]
icmp15_read              (read             ) [ 0111000]
cmp9_6_not_read          (read             ) [ 0111000]
cmp9_5_not_read          (read             ) [ 0111000]
cmp9_4_not_read          (read             ) [ 0111000]
icmp12_read              (read             ) [ 0111000]
cmp9_2_not_read          (read             ) [ 0111000]
icmp9_read               (read             ) [ 0111000]
icmp6_read               (read             ) [ 0111000]
cmp15_6152_read          (read             ) [ 0111000]
cmp15_5124_read          (read             ) [ 0111000]
cmp15_496_read           (read             ) [ 0111000]
icmp3_read               (read             ) [ 0111000]
cmp15_240_read           (read             ) [ 0111000]
icmp_read                (read             ) [ 0111000]
cmp15_read               (read             ) [ 0111000]
cmp9_not_read            (read             ) [ 0111000]
sext_ln81_read           (read             ) [ 0000000]
wide_trip_count_read     (read             ) [ 0000000]
p_read_1                 (read             ) [ 0000000]
p_read_2                 (read             ) [ 0000000]
p_read_3                 (read             ) [ 0000000]
p_read_4                 (read             ) [ 0000000]
p_read_5                 (read             ) [ 0000000]
p_read_6                 (read             ) [ 0000000]
p_read_7                 (read             ) [ 0000000]
p_read_8                 (read             ) [ 0000000]
p_read_9                 (read             ) [ 0000000]
p_read_10                (read             ) [ 0000000]
p_read_11                (read             ) [ 0000000]
p_read_12                (read             ) [ 0000000]
p_read_13                (read             ) [ 0000000]
p_read_14                (read             ) [ 0000000]
p_read_15                (read             ) [ 0000000]
p_read_16                (read             ) [ 0000000]
p_read_17                (read             ) [ 0000000]
p_read_18                (read             ) [ 0000000]
p_read_19                (read             ) [ 0000000]
p_read_20                (read             ) [ 0000000]
p_read_21                (read             ) [ 0000000]
p_read_22                (read             ) [ 0000000]
p_read_23                (read             ) [ 0000000]
p_read_24                (read             ) [ 0000000]
p_read_25                (read             ) [ 0000000]
p_read_26                (read             ) [ 0000000]
p_read_27                (read             ) [ 0000000]
p_read_28                (read             ) [ 0000000]
p_read_29                (read             ) [ 0000000]
p_read_30                (read             ) [ 0000000]
p_read_31                (read             ) [ 0000000]
p_read_32                (read             ) [ 0000000]
p_read_33                (read             ) [ 0000000]
p_read_34                (read             ) [ 0000000]
p_read_35                (read             ) [ 0000000]
p_read_36                (read             ) [ 0000000]
p_read_37                (read             ) [ 0000000]
p_read_38                (read             ) [ 0000000]
p_read_39                (read             ) [ 0000000]
p_read_40                (read             ) [ 0000000]
p_read4028               (read             ) [ 0000000]
p_read_41                (read             ) [ 0000000]
p_read_42                (read             ) [ 0000000]
p_read_43                (read             ) [ 0000000]
p_read_44                (read             ) [ 0000000]
p_read_45                (read             ) [ 0000000]
p_read_46                (read             ) [ 0000000]
p_read_47                (read             ) [ 0000000]
p_read_48                (read             ) [ 0000000]
p_read_49                (read             ) [ 0000000]
p_read5018               (read             ) [ 0000000]
p_read_50                (read             ) [ 0000000]
p_read_51                (read             ) [ 0000000]
p_read_52                (read             ) [ 0000000]
p_read_53                (read             ) [ 0000000]
p_read_54                (read             ) [ 0000000]
p_read_55                (read             ) [ 0000000]
p_read_56                (read             ) [ 0000000]
p_read_57                (read             ) [ 0000000]
p_read_58                (read             ) [ 0000000]
p_read608                (read             ) [ 0000000]
p_read617                (read             ) [ 0000000]
p_read626                (read             ) [ 0000000]
p_read635                (read             ) [ 0000000]
zext_ln81_read           (read             ) [ 0000000]
sext_ln81_cast           (sext             ) [ 0110000]
wide_trip_count_cast     (zext             ) [ 0110000]
zext_ln81_cast           (zext             ) [ 0000000]
specmemcore_ln0          (specmemcore      ) [ 0000000]
specmemcore_ln0          (specmemcore      ) [ 0000000]
specmemcore_ln0          (specmemcore      ) [ 0000000]
specmemcore_ln0          (specmemcore      ) [ 0000000]
specmemcore_ln0          (specmemcore      ) [ 0000000]
specmemcore_ln0          (specmemcore      ) [ 0000000]
specmemcore_ln0          (specmemcore      ) [ 0000000]
specmemcore_ln0          (specmemcore      ) [ 0000000]
specmemcore_ln0          (specmemcore      ) [ 0000000]
specmemcore_ln0          (specmemcore      ) [ 0000000]
specmemcore_ln0          (specmemcore      ) [ 0000000]
specmemcore_ln0          (specmemcore      ) [ 0000000]
specmemcore_ln0          (specmemcore      ) [ 0000000]
specmemcore_ln0          (specmemcore      ) [ 0000000]
specmemcore_ln0          (specmemcore      ) [ 0000000]
specmemcore_ln0          (specmemcore      ) [ 0000000]
store_ln81               (store            ) [ 0000000]
store_ln0                (store            ) [ 0000000]
store_ln0                (store            ) [ 0000000]
store_ln0                (store            ) [ 0000000]
store_ln0                (store            ) [ 0000000]
store_ln0                (store            ) [ 0000000]
store_ln0                (store            ) [ 0000000]
store_ln0                (store            ) [ 0000000]
store_ln0                (store            ) [ 0000000]
store_ln0                (store            ) [ 0000000]
store_ln0                (store            ) [ 0000000]
store_ln0                (store            ) [ 0000000]
store_ln0                (store            ) [ 0000000]
store_ln0                (store            ) [ 0000000]
store_ln0                (store            ) [ 0000000]
store_ln0                (store            ) [ 0000000]
store_ln0                (store            ) [ 0000000]
store_ln0                (store            ) [ 0000000]
store_ln0                (store            ) [ 0000000]
store_ln0                (store            ) [ 0000000]
store_ln0                (store            ) [ 0000000]
store_ln0                (store            ) [ 0000000]
store_ln0                (store            ) [ 0000000]
store_ln0                (store            ) [ 0000000]
store_ln0                (store            ) [ 0000000]
store_ln0                (store            ) [ 0000000]
store_ln0                (store            ) [ 0000000]
store_ln0                (store            ) [ 0000000]
store_ln0                (store            ) [ 0000000]
store_ln0                (store            ) [ 0000000]
store_ln0                (store            ) [ 0000000]
store_ln0                (store            ) [ 0000000]
store_ln0                (store            ) [ 0000000]
store_ln0                (store            ) [ 0000000]
store_ln0                (store            ) [ 0000000]
store_ln0                (store            ) [ 0000000]
store_ln0                (store            ) [ 0000000]
store_ln0                (store            ) [ 0000000]
store_ln0                (store            ) [ 0000000]
store_ln0                (store            ) [ 0000000]
store_ln0                (store            ) [ 0000000]
store_ln0                (store            ) [ 0000000]
store_ln0                (store            ) [ 0000000]
store_ln0                (store            ) [ 0000000]
store_ln0                (store            ) [ 0000000]
store_ln0                (store            ) [ 0000000]
store_ln0                (store            ) [ 0000000]
store_ln0                (store            ) [ 0000000]
store_ln0                (store            ) [ 0000000]
store_ln0                (store            ) [ 0000000]
store_ln0                (store            ) [ 0000000]
store_ln0                (store            ) [ 0000000]
store_ln0                (store            ) [ 0000000]
store_ln0                (store            ) [ 0000000]
store_ln0                (store            ) [ 0000000]
store_ln0                (store            ) [ 0000000]
store_ln0                (store            ) [ 0000000]
store_ln0                (store            ) [ 0000000]
store_ln0                (store            ) [ 0000000]
store_ln0                (store            ) [ 0000000]
store_ln0                (store            ) [ 0000000]
store_ln0                (store            ) [ 0000000]
store_ln0                (store            ) [ 0000000]
store_ln0                (store            ) [ 0000000]
store_ln0                (store            ) [ 0000000]
br_ln0                   (br               ) [ 0000000]
k_1                      (load             ) [ 0000000]
icmp_ln81                (icmp             ) [ 0111110]
br_ln81                  (br               ) [ 0000000]
cmp13                    (icmp             ) [ 0101000]
a_row_major_0_addr       (getelementptr    ) [ 0101000]
a_row_major_1_addr       (getelementptr    ) [ 0101000]
a_row_major_2_addr       (getelementptr    ) [ 0101000]
a_row_major_3_addr       (getelementptr    ) [ 0101000]
a_row_major_4_addr       (getelementptr    ) [ 0101000]
a_row_major_5_addr       (getelementptr    ) [ 0101000]
a_row_major_6_addr       (getelementptr    ) [ 0101000]
a_row_major_7_addr       (getelementptr    ) [ 0101000]
icmp_ln91                (icmp             ) [ 0101000]
b_row_major_0_addr       (getelementptr    ) [ 0101000]
b_row_major_1_addr       (getelementptr    ) [ 0101000]
b_row_major_2_addr       (getelementptr    ) [ 0101000]
b_row_major_3_addr       (getelementptr    ) [ 0101000]
b_row_major_4_addr       (getelementptr    ) [ 0101000]
b_row_major_5_addr       (getelementptr    ) [ 0101000]
b_row_major_6_addr       (getelementptr    ) [ 0101000]
b_row_major_7_addr       (getelementptr    ) [ 0101000]
add_ln81                 (add              ) [ 0000000]
store_ln81               (store            ) [ 0000000]
xor_ln91                 (xor              ) [ 0000000]
or_ln91                  (or               ) [ 0000000]
a_forwarded              (load             ) [ 0000000]
a_forwarded_1            (select           ) [ 0000000]
and_ln96                 (and              ) [ 0000000]
b_forwarded              (load             ) [ 0000000]
b_forwarded_1            (select           ) [ 0000000]
sext_ln100               (sext             ) [ 0100110]
sext_ln100_1             (sext             ) [ 0100110]
and_ln96_1               (and              ) [ 0000000]
b_forwarded_2            (load             ) [ 0000000]
b_forwarded_3            (select           ) [ 0000000]
sext_ln100_2             (sext             ) [ 0100110]
and_ln96_2               (and              ) [ 0000000]
b_forwarded_4            (load             ) [ 0000000]
b_forwarded_5            (select           ) [ 0000000]
sext_ln100_3             (sext             ) [ 0100110]
and_ln96_3               (and              ) [ 0000000]
b_forwarded_6            (load             ) [ 0000000]
b_forwarded_7            (select           ) [ 0000000]
sext_ln100_4             (sext             ) [ 0100110]
and_ln96_4               (and              ) [ 0000000]
b_forwarded_8            (load             ) [ 0000000]
b_forwarded_9            (select           ) [ 0000000]
sext_ln100_5             (sext             ) [ 0100110]
and_ln96_5               (and              ) [ 0000000]
b_forwarded_10           (load             ) [ 0000000]
b_forwarded_11           (select           ) [ 0000000]
sext_ln100_6             (sext             ) [ 0100110]
and_ln96_6               (and              ) [ 0000000]
b_forwarded_12           (load             ) [ 0000000]
b_forwarded_13           (select           ) [ 0000000]
sext_ln100_7             (sext             ) [ 0100110]
and_ln96_7               (and              ) [ 0000000]
b_forwarded_14           (load             ) [ 0000000]
b_forwarded_15           (select           ) [ 0000000]
sext_ln100_8             (sext             ) [ 0100110]
or_ln91_1                (or               ) [ 0000000]
a_forwarded_2            (load             ) [ 0000000]
a_forwarded_3            (select           ) [ 0000000]
sext_ln100_9             (sext             ) [ 0100110]
or_ln91_2                (or               ) [ 0000000]
a_forwarded_4            (load             ) [ 0000000]
a_forwarded_5            (select           ) [ 0000000]
sext_ln100_10            (sext             ) [ 0100110]
or_ln91_3                (or               ) [ 0000000]
a_forwarded_6            (load             ) [ 0000000]
a_forwarded_7            (select           ) [ 0000000]
sext_ln100_11            (sext             ) [ 0100110]
or_ln91_4                (or               ) [ 0000000]
a_forwarded_8            (load             ) [ 0000000]
a_forwarded_9            (select           ) [ 0000000]
sext_ln100_12            (sext             ) [ 0100110]
or_ln91_5                (or               ) [ 0000000]
a_forwarded_10           (load             ) [ 0000000]
a_forwarded_11           (select           ) [ 0000000]
sext_ln100_13            (sext             ) [ 0100110]
or_ln91_6                (or               ) [ 0000000]
a_forwarded_12           (load             ) [ 0000000]
a_forwarded_13           (select           ) [ 0000000]
sext_ln100_14            (sext             ) [ 0100110]
or_ln91_7                (or               ) [ 0000000]
a_forwarded_14           (load             ) [ 0000000]
a_forwarded_15           (select           ) [ 0000000]
sext_ln100_15            (sext             ) [ 0100110]
c_row_major_0_0_0_load   (load             ) [ 0100001]
c_row_major_0_1_0_load   (load             ) [ 0100001]
c_row_major_0_2_0_load   (load             ) [ 0100001]
c_row_major_0_3_0_load   (load             ) [ 0100001]
c_row_major_0_4_0_load   (load             ) [ 0100001]
c_row_major_0_5_0_load   (load             ) [ 0100001]
c_row_major_0_6_0_load   (load             ) [ 0100001]
c_row_major_0_7_0_load   (load             ) [ 0100001]
c_row_major_1_0_0_load   (load             ) [ 0100001]
c_row_major_1_1_0_load   (load             ) [ 0100001]
c_row_major_1_2_0_load   (load             ) [ 0100001]
c_row_major_1_3_0_load   (load             ) [ 0100001]
c_row_major_1_4_0_load   (load             ) [ 0100001]
c_row_major_1_5_0_load   (load             ) [ 0100001]
c_row_major_1_6_0_load   (load             ) [ 0100001]
c_row_major_1_7_0_load   (load             ) [ 0100001]
c_row_major_2_0_0_load   (load             ) [ 0100001]
c_row_major_2_1_0_load   (load             ) [ 0100001]
c_row_major_2_2_0_load   (load             ) [ 0100001]
c_row_major_2_3_0_load   (load             ) [ 0100001]
c_row_major_2_4_0_load   (load             ) [ 0100001]
c_row_major_2_5_0_load   (load             ) [ 0100001]
c_row_major_2_6_0_load   (load             ) [ 0100001]
c_row_major_2_7_0_load   (load             ) [ 0100001]
c_row_major_3_0_0_load   (load             ) [ 0100001]
c_row_major_3_1_0_load   (load             ) [ 0100001]
c_row_major_3_2_0_load   (load             ) [ 0100001]
c_row_major_3_3_0_load   (load             ) [ 0100001]
c_row_major_3_4_0_load   (load             ) [ 0100001]
c_row_major_3_5_0_load   (load             ) [ 0100001]
c_row_major_3_6_0_load   (load             ) [ 0100001]
c_row_major_3_7_0_load   (load             ) [ 0100001]
c_row_major_4_0_0_load   (load             ) [ 0100001]
c_row_major_4_1_0_load   (load             ) [ 0100001]
c_row_major_4_2_0_load   (load             ) [ 0100001]
c_row_major_4_3_0_load   (load             ) [ 0100001]
c_row_major_4_4_0_load   (load             ) [ 0100001]
c_row_major_4_5_0_load   (load             ) [ 0100001]
c_row_major_4_6_0_load   (load             ) [ 0100001]
c_row_major_4_7_0_load   (load             ) [ 0100001]
c_row_major_5_0_0_load   (load             ) [ 0100001]
c_row_major_5_1_0_load   (load             ) [ 0100001]
c_row_major_5_2_0_load   (load             ) [ 0100001]
c_row_major_5_3_0_load   (load             ) [ 0100001]
c_row_major_5_4_0_load   (load             ) [ 0100001]
c_row_major_5_5_0_load   (load             ) [ 0100001]
c_row_major_5_6_0_load   (load             ) [ 0100001]
c_row_major_5_7_0_load   (load             ) [ 0100001]
c_row_major_6_0_0_load   (load             ) [ 0100001]
c_row_major_6_1_0_load   (load             ) [ 0100001]
c_row_major_6_2_0_load   (load             ) [ 0100001]
c_row_major_6_3_0_load   (load             ) [ 0100001]
c_row_major_6_4_0_load   (load             ) [ 0100001]
c_row_major_6_5_0_load   (load             ) [ 0100001]
c_row_major_6_6_0_load   (load             ) [ 0100001]
c_row_major_6_7_0_load   (load             ) [ 0100001]
c_row_major_7_0_0_load   (load             ) [ 0100001]
c_row_major_7_1_0_load   (load             ) [ 0100001]
c_row_major_7_2_0_load   (load             ) [ 0100001]
c_row_major_7_3_0_load   (load             ) [ 0100001]
c_row_major_7_4_0_load   (load             ) [ 0100001]
c_row_major_7_5_0_load   (load             ) [ 0100001]
c_row_major_7_6_0_load   (load             ) [ 0100001]
c_row_major_7_7_0_load   (load             ) [ 0100001]
product                  (mul              ) [ 0100001]
product_1                (mul              ) [ 0100001]
product_2                (mul              ) [ 0100001]
product_3                (mul              ) [ 0100001]
product_4                (mul              ) [ 0100001]
product_5                (mul              ) [ 0100001]
product_6                (mul              ) [ 0100001]
product_7                (mul              ) [ 0100001]
product_8                (mul              ) [ 0100001]
product_9                (mul              ) [ 0100001]
product_10               (mul              ) [ 0100001]
product_11               (mul              ) [ 0100001]
product_12               (mul              ) [ 0100001]
product_13               (mul              ) [ 0100001]
product_14               (mul              ) [ 0100001]
product_15               (mul              ) [ 0100001]
product_16               (mul              ) [ 0100001]
product_17               (mul              ) [ 0100001]
product_18               (mul              ) [ 0100001]
product_19               (mul              ) [ 0100001]
product_20               (mul              ) [ 0100001]
product_21               (mul              ) [ 0100001]
product_22               (mul              ) [ 0100001]
product_23               (mul              ) [ 0100001]
product_24               (mul              ) [ 0100001]
product_25               (mul              ) [ 0100001]
product_26               (mul              ) [ 0100001]
product_27               (mul              ) [ 0100001]
product_28               (mul              ) [ 0100001]
product_29               (mul              ) [ 0100001]
product_30               (mul              ) [ 0100001]
product_31               (mul              ) [ 0100001]
product_32               (mul              ) [ 0100001]
product_33               (mul              ) [ 0100001]
product_34               (mul              ) [ 0100001]
product_35               (mul              ) [ 0100001]
product_36               (mul              ) [ 0100001]
product_37               (mul              ) [ 0100001]
product_38               (mul              ) [ 0100001]
product_39               (mul              ) [ 0100001]
product_40               (mul              ) [ 0100001]
product_41               (mul              ) [ 0100001]
product_42               (mul              ) [ 0100001]
product_43               (mul              ) [ 0100001]
product_44               (mul              ) [ 0100001]
product_45               (mul              ) [ 0100001]
product_46               (mul              ) [ 0100001]
product_47               (mul              ) [ 0100001]
product_48               (mul              ) [ 0100001]
product_49               (mul              ) [ 0100001]
product_50               (mul              ) [ 0100001]
product_51               (mul              ) [ 0100001]
product_52               (mul              ) [ 0100001]
product_53               (mul              ) [ 0100001]
product_54               (mul              ) [ 0100001]
product_55               (mul              ) [ 0100001]
product_56               (mul              ) [ 0100001]
product_57               (mul              ) [ 0100001]
product_58               (mul              ) [ 0100001]
product_59               (mul              ) [ 0100001]
product_60               (mul              ) [ 0100001]
product_61               (mul              ) [ 0100001]
product_62               (mul              ) [ 0100001]
product_63               (mul              ) [ 0100001]
specpipeline_ln83        (specpipeline     ) [ 0000000]
speclooptripcount_ln82   (speclooptripcount) [ 0000000]
specloopname_ln81        (specloopname     ) [ 0000000]
add_ln101                (add              ) [ 0000000]
add_ln101_1              (add              ) [ 0000000]
add_ln101_2              (add              ) [ 0000000]
add_ln101_3              (add              ) [ 0000000]
add_ln101_4              (add              ) [ 0000000]
add_ln101_5              (add              ) [ 0000000]
add_ln101_6              (add              ) [ 0000000]
add_ln101_7              (add              ) [ 0000000]
add_ln101_8              (add              ) [ 0000000]
add_ln101_9              (add              ) [ 0000000]
add_ln101_10             (add              ) [ 0000000]
add_ln101_11             (add              ) [ 0000000]
add_ln101_12             (add              ) [ 0000000]
add_ln101_13             (add              ) [ 0000000]
add_ln101_14             (add              ) [ 0000000]
add_ln101_15             (add              ) [ 0000000]
add_ln101_16             (add              ) [ 0000000]
add_ln101_17             (add              ) [ 0000000]
add_ln101_18             (add              ) [ 0000000]
add_ln101_19             (add              ) [ 0000000]
add_ln101_20             (add              ) [ 0000000]
add_ln101_21             (add              ) [ 0000000]
add_ln101_22             (add              ) [ 0000000]
add_ln101_23             (add              ) [ 0000000]
add_ln101_24             (add              ) [ 0000000]
add_ln101_25             (add              ) [ 0000000]
add_ln101_26             (add              ) [ 0000000]
add_ln101_27             (add              ) [ 0000000]
add_ln101_28             (add              ) [ 0000000]
add_ln101_29             (add              ) [ 0000000]
add_ln101_30             (add              ) [ 0000000]
add_ln101_31             (add              ) [ 0000000]
add_ln101_32             (add              ) [ 0000000]
add_ln101_33             (add              ) [ 0000000]
add_ln101_34             (add              ) [ 0000000]
add_ln101_35             (add              ) [ 0000000]
add_ln101_36             (add              ) [ 0000000]
add_ln101_37             (add              ) [ 0000000]
add_ln101_38             (add              ) [ 0000000]
add_ln101_39             (add              ) [ 0000000]
add_ln101_40             (add              ) [ 0000000]
add_ln101_41             (add              ) [ 0000000]
add_ln101_42             (add              ) [ 0000000]
add_ln101_43             (add              ) [ 0000000]
add_ln101_44             (add              ) [ 0000000]
add_ln101_45             (add              ) [ 0000000]
add_ln101_46             (add              ) [ 0000000]
add_ln101_47             (add              ) [ 0000000]
add_ln101_48             (add              ) [ 0000000]
add_ln101_49             (add              ) [ 0000000]
add_ln101_50             (add              ) [ 0000000]
add_ln101_51             (add              ) [ 0000000]
add_ln101_52             (add              ) [ 0000000]
add_ln101_53             (add              ) [ 0000000]
add_ln101_54             (add              ) [ 0000000]
add_ln101_55             (add              ) [ 0000000]
add_ln101_56             (add              ) [ 0000000]
add_ln101_57             (add              ) [ 0000000]
add_ln101_58             (add              ) [ 0000000]
add_ln101_59             (add              ) [ 0000000]
add_ln101_60             (add              ) [ 0000000]
add_ln101_61             (add              ) [ 0000000]
add_ln101_62             (add              ) [ 0000000]
add_ln101_63             (add              ) [ 0000000]
store_ln101              (store            ) [ 0000000]
store_ln101              (store            ) [ 0000000]
store_ln101              (store            ) [ 0000000]
store_ln101              (store            ) [ 0000000]
store_ln101              (store            ) [ 0000000]
store_ln101              (store            ) [ 0000000]
store_ln101              (store            ) [ 0000000]
store_ln101              (store            ) [ 0000000]
store_ln101              (store            ) [ 0000000]
store_ln101              (store            ) [ 0000000]
store_ln101              (store            ) [ 0000000]
store_ln101              (store            ) [ 0000000]
store_ln101              (store            ) [ 0000000]
store_ln101              (store            ) [ 0000000]
store_ln101              (store            ) [ 0000000]
store_ln101              (store            ) [ 0000000]
store_ln101              (store            ) [ 0000000]
store_ln101              (store            ) [ 0000000]
store_ln101              (store            ) [ 0000000]
store_ln101              (store            ) [ 0000000]
store_ln101              (store            ) [ 0000000]
store_ln101              (store            ) [ 0000000]
store_ln101              (store            ) [ 0000000]
store_ln101              (store            ) [ 0000000]
store_ln101              (store            ) [ 0000000]
store_ln101              (store            ) [ 0000000]
store_ln101              (store            ) [ 0000000]
store_ln101              (store            ) [ 0000000]
store_ln101              (store            ) [ 0000000]
store_ln101              (store            ) [ 0000000]
store_ln101              (store            ) [ 0000000]
store_ln101              (store            ) [ 0000000]
store_ln101              (store            ) [ 0000000]
store_ln101              (store            ) [ 0000000]
store_ln101              (store            ) [ 0000000]
store_ln101              (store            ) [ 0000000]
store_ln101              (store            ) [ 0000000]
store_ln101              (store            ) [ 0000000]
store_ln101              (store            ) [ 0000000]
store_ln101              (store            ) [ 0000000]
store_ln101              (store            ) [ 0000000]
store_ln101              (store            ) [ 0000000]
store_ln101              (store            ) [ 0000000]
store_ln101              (store            ) [ 0000000]
store_ln101              (store            ) [ 0000000]
store_ln101              (store            ) [ 0000000]
store_ln101              (store            ) [ 0000000]
store_ln101              (store            ) [ 0000000]
store_ln101              (store            ) [ 0000000]
store_ln101              (store            ) [ 0000000]
store_ln101              (store            ) [ 0000000]
store_ln101              (store            ) [ 0000000]
store_ln101              (store            ) [ 0000000]
store_ln101              (store            ) [ 0000000]
store_ln101              (store            ) [ 0000000]
store_ln101              (store            ) [ 0000000]
store_ln101              (store            ) [ 0000000]
store_ln101              (store            ) [ 0000000]
store_ln101              (store            ) [ 0000000]
store_ln101              (store            ) [ 0000000]
store_ln101              (store            ) [ 0000000]
store_ln101              (store            ) [ 0000000]
store_ln101              (store            ) [ 0000000]
store_ln101              (store            ) [ 0000000]
br_ln81                  (br               ) [ 0000000]
c_row_major_0_0_0_load_1 (load             ) [ 0000000]
c_row_major_0_1_0_load_1 (load             ) [ 0000000]
c_row_major_0_2_0_load_1 (load             ) [ 0000000]
c_row_major_0_3_0_load_1 (load             ) [ 0000000]
c_row_major_0_4_0_load_1 (load             ) [ 0000000]
c_row_major_0_5_0_load_1 (load             ) [ 0000000]
c_row_major_0_6_0_load_1 (load             ) [ 0000000]
c_row_major_0_7_0_load_1 (load             ) [ 0000000]
c_row_major_1_0_0_load_1 (load             ) [ 0000000]
c_row_major_1_1_0_load_1 (load             ) [ 0000000]
c_row_major_1_2_0_load_1 (load             ) [ 0000000]
c_row_major_1_3_0_load_1 (load             ) [ 0000000]
c_row_major_1_4_0_load_1 (load             ) [ 0000000]
c_row_major_1_5_0_load_1 (load             ) [ 0000000]
c_row_major_1_6_0_load_1 (load             ) [ 0000000]
c_row_major_1_7_0_load_1 (load             ) [ 0000000]
c_row_major_2_0_0_load_1 (load             ) [ 0000000]
c_row_major_2_1_0_load_1 (load             ) [ 0000000]
c_row_major_2_2_0_load_1 (load             ) [ 0000000]
c_row_major_2_3_0_load_1 (load             ) [ 0000000]
c_row_major_2_4_0_load_1 (load             ) [ 0000000]
c_row_major_2_5_0_load_1 (load             ) [ 0000000]
c_row_major_2_6_0_load_1 (load             ) [ 0000000]
c_row_major_2_7_0_load_1 (load             ) [ 0000000]
c_row_major_3_0_0_load_1 (load             ) [ 0000000]
c_row_major_3_1_0_load_1 (load             ) [ 0000000]
c_row_major_3_2_0_load_1 (load             ) [ 0000000]
c_row_major_3_3_0_load_1 (load             ) [ 0000000]
c_row_major_3_4_0_load_1 (load             ) [ 0000000]
c_row_major_3_5_0_load_1 (load             ) [ 0000000]
c_row_major_3_6_0_load_1 (load             ) [ 0000000]
c_row_major_3_7_0_load_1 (load             ) [ 0000000]
c_row_major_4_0_0_load_1 (load             ) [ 0000000]
c_row_major_4_1_0_load_1 (load             ) [ 0000000]
c_row_major_4_2_0_load_1 (load             ) [ 0000000]
c_row_major_4_3_0_load_1 (load             ) [ 0000000]
c_row_major_4_4_0_load_1 (load             ) [ 0000000]
c_row_major_4_5_0_load_1 (load             ) [ 0000000]
c_row_major_4_6_0_load_1 (load             ) [ 0000000]
c_row_major_4_7_0_load_1 (load             ) [ 0000000]
c_row_major_5_0_0_load_1 (load             ) [ 0000000]
c_row_major_5_1_0_load_1 (load             ) [ 0000000]
c_row_major_5_2_0_load_1 (load             ) [ 0000000]
c_row_major_5_3_0_load_1 (load             ) [ 0000000]
c_row_major_5_4_0_load_1 (load             ) [ 0000000]
c_row_major_5_5_0_load_1 (load             ) [ 0000000]
c_row_major_5_6_0_load_1 (load             ) [ 0000000]
c_row_major_5_7_0_load_1 (load             ) [ 0000000]
c_row_major_6_0_0_load_1 (load             ) [ 0000000]
c_row_major_6_1_0_load_1 (load             ) [ 0000000]
c_row_major_6_2_0_load_1 (load             ) [ 0000000]
c_row_major_6_3_0_load_1 (load             ) [ 0000000]
c_row_major_6_4_0_load_1 (load             ) [ 0000000]
c_row_major_6_5_0_load_1 (load             ) [ 0000000]
c_row_major_6_6_0_load_1 (load             ) [ 0000000]
c_row_major_6_7_0_load_1 (load             ) [ 0000000]
c_row_major_7_0_0_load_1 (load             ) [ 0000000]
c_row_major_7_1_0_load_1 (load             ) [ 0000000]
c_row_major_7_2_0_load_1 (load             ) [ 0000000]
c_row_major_7_3_0_load_1 (load             ) [ 0000000]
c_row_major_7_4_0_load_1 (load             ) [ 0000000]
c_row_major_7_5_0_load_1 (load             ) [ 0000000]
c_row_major_7_6_0_load_1 (load             ) [ 0000000]
c_row_major_7_7_0_load_1 (load             ) [ 0000000]
write_ln0                (write            ) [ 0000000]
write_ln0                (write            ) [ 0000000]
write_ln0                (write            ) [ 0000000]
write_ln0                (write            ) [ 0000000]
write_ln0                (write            ) [ 0000000]
write_ln0                (write            ) [ 0000000]
write_ln0                (write            ) [ 0000000]
write_ln0                (write            ) [ 0000000]
write_ln0                (write            ) [ 0000000]
write_ln0                (write            ) [ 0000000]
write_ln0                (write            ) [ 0000000]
write_ln0                (write            ) [ 0000000]
write_ln0                (write            ) [ 0000000]
write_ln0                (write            ) [ 0000000]
write_ln0                (write            ) [ 0000000]
write_ln0                (write            ) [ 0000000]
write_ln0                (write            ) [ 0000000]
write_ln0                (write            ) [ 0000000]
write_ln0                (write            ) [ 0000000]
write_ln0                (write            ) [ 0000000]
write_ln0                (write            ) [ 0000000]
write_ln0                (write            ) [ 0000000]
write_ln0                (write            ) [ 0000000]
write_ln0                (write            ) [ 0000000]
write_ln0                (write            ) [ 0000000]
write_ln0                (write            ) [ 0000000]
write_ln0                (write            ) [ 0000000]
write_ln0                (write            ) [ 0000000]
write_ln0                (write            ) [ 0000000]
write_ln0                (write            ) [ 0000000]
write_ln0                (write            ) [ 0000000]
write_ln0                (write            ) [ 0000000]
write_ln0                (write            ) [ 0000000]
write_ln0                (write            ) [ 0000000]
write_ln0                (write            ) [ 0000000]
write_ln0                (write            ) [ 0000000]
write_ln0                (write            ) [ 0000000]
write_ln0                (write            ) [ 0000000]
write_ln0                (write            ) [ 0000000]
write_ln0                (write            ) [ 0000000]
write_ln0                (write            ) [ 0000000]
write_ln0                (write            ) [ 0000000]
write_ln0                (write            ) [ 0000000]
write_ln0                (write            ) [ 0000000]
write_ln0                (write            ) [ 0000000]
write_ln0                (write            ) [ 0000000]
write_ln0                (write            ) [ 0000000]
write_ln0                (write            ) [ 0000000]
write_ln0                (write            ) [ 0000000]
write_ln0                (write            ) [ 0000000]
write_ln0                (write            ) [ 0000000]
write_ln0                (write            ) [ 0000000]
write_ln0                (write            ) [ 0000000]
write_ln0                (write            ) [ 0000000]
write_ln0                (write            ) [ 0000000]
write_ln0                (write            ) [ 0000000]
write_ln0                (write            ) [ 0000000]
write_ln0                (write            ) [ 0000000]
write_ln0                (write            ) [ 0000000]
write_ln0                (write            ) [ 0000000]
write_ln0                (write            ) [ 0000000]
write_ln0                (write            ) [ 0000000]
write_ln0                (write            ) [ 0000000]
write_ln0                (write            ) [ 0000000]
ret_ln0                  (ret              ) [ 0000000]
</LifeTime>

<model>

<comp_list>
<comp id="0" class="1000" name="zext_ln81">
<pin_list>
<pin id="1" dir="1" index="0" bw="1" slack="0"/>
</pin_list>
<bind>
<StgValue><ssdm name="zext_ln81"/></StgValue>
</bind>
</comp>

<comp id="2" class="1000" name="p_read63">
<pin_list>
<pin id="3" dir="1" index="0" bw="1" slack="0"/>
</pin_list>
<bind>
<StgValue><ssdm name="p_read63"/></StgValue>
</bind>
</comp>

<comp id="4" class="1000" name="p_read62">
<pin_list>
<pin id="5" dir="1" index="0" bw="1" slack="0"/>
</pin_list>
<bind>
<StgValue><ssdm name="p_read62"/></StgValue>
</bind>
</comp>

<comp id="6" class="1000" name="p_read61">
<pin_list>
<pin id="7" dir="1" index="0" bw="1" slack="0"/>
</pin_list>
<bind>
<StgValue><ssdm name="p_read61"/></StgValue>
</bind>
</comp>

<comp id="8" class="1000" name="p_read60">
<pin_list>
<pin id="9" dir="1" index="0" bw="1" slack="0"/>
</pin_list>
<bind>
<StgValue><ssdm name="p_read60"/></StgValue>
</bind>
</comp>

<comp id="10" class="1000" name="p_read59">
<pin_list>
<pin id="11" dir="1" index="0" bw="1" slack="0"/>
</pin_list>
<bind>
<StgValue><ssdm name="p_read59"/></StgValue>
</bind>
</comp>

<comp id="12" class="1000" name="p_read58">
<pin_list>
<pin id="13" dir="1" index="0" bw="1" slack="0"/>
</pin_list>
<bind>
<StgValue><ssdm name="p_read58"/></StgValue>
</bind>
</comp>

<comp id="14" class="1000" name="p_read57">
<pin_list>
<pin id="15" dir="1" index="0" bw="1" slack="0"/>
</pin_list>
<bind>
<StgValue><ssdm name="p_read57"/></StgValue>
</bind>
</comp>

<comp id="16" class="1000" name="p_read56">
<pin_list>
<pin id="17" dir="1" index="0" bw="1" slack="0"/>
</pin_list>
<bind>
<StgValue><ssdm name="p_read56"/></StgValue>
</bind>
</comp>

<comp id="18" class="1000" name="p_read55">
<pin_list>
<pin id="19" dir="1" index="0" bw="1" slack="0"/>
</pin_list>
<bind>
<StgValue><ssdm name="p_read55"/></StgValue>
</bind>
</comp>

<comp id="20" class="1000" name="p_read54">
<pin_list>
<pin id="21" dir="1" index="0" bw="1" slack="0"/>
</pin_list>
<bind>
<StgValue><ssdm name="p_read54"/></StgValue>
</bind>
</comp>

<comp id="22" class="1000" name="p_read53">
<pin_list>
<pin id="23" dir="1" index="0" bw="1" slack="0"/>
</pin_list>
<bind>
<StgValue><ssdm name="p_read53"/></StgValue>
</bind>
</comp>

<comp id="24" class="1000" name="p_read52">
<pin_list>
<pin id="25" dir="1" index="0" bw="1" slack="0"/>
</pin_list>
<bind>
<StgValue><ssdm name="p_read52"/></StgValue>
</bind>
</comp>

<comp id="26" class="1000" name="p_read51">
<pin_list>
<pin id="27" dir="1" index="0" bw="1" slack="0"/>
</pin_list>
<bind>
<StgValue><ssdm name="p_read51"/></StgValue>
</bind>
</comp>

<comp id="28" class="1000" name="p_read50">
<pin_list>
<pin id="29" dir="1" index="0" bw="1" slack="0"/>
</pin_list>
<bind>
<StgValue><ssdm name="p_read50"/></StgValue>
</bind>
</comp>

<comp id="30" class="1000" name="p_read49">
<pin_list>
<pin id="31" dir="1" index="0" bw="1" slack="0"/>
</pin_list>
<bind>
<StgValue><ssdm name="p_read49"/></StgValue>
</bind>
</comp>

<comp id="32" class="1000" name="p_read48">
<pin_list>
<pin id="33" dir="1" index="0" bw="1" slack="0"/>
</pin_list>
<bind>
<StgValue><ssdm name="p_read48"/></StgValue>
</bind>
</comp>

<comp id="34" class="1000" name="p_read47">
<pin_list>
<pin id="35" dir="1" index="0" bw="1" slack="0"/>
</pin_list>
<bind>
<StgValue><ssdm name="p_read47"/></StgValue>
</bind>
</comp>

<comp id="36" class="1000" name="p_read46">
<pin_list>
<pin id="37" dir="1" index="0" bw="1" slack="0"/>
</pin_list>
<bind>
<StgValue><ssdm name="p_read46"/></StgValue>
</bind>
</comp>

<comp id="38" class="1000" name="p_read45">
<pin_list>
<pin id="39" dir="1" index="0" bw="1" slack="0"/>
</pin_list>
<bind>
<StgValue><ssdm name="p_read45"/></StgValue>
</bind>
</comp>

<comp id="40" class="1000" name="p_read44">
<pin_list>
<pin id="41" dir="1" index="0" bw="1" slack="0"/>
</pin_list>
<bind>
<StgValue><ssdm name="p_read44"/></StgValue>
</bind>
</comp>

<comp id="42" class="1000" name="p_read43">
<pin_list>
<pin id="43" dir="1" index="0" bw="1" slack="0"/>
</pin_list>
<bind>
<StgValue><ssdm name="p_read43"/></StgValue>
</bind>
</comp>

<comp id="44" class="1000" name="p_read42">
<pin_list>
<pin id="45" dir="1" index="0" bw="1" slack="0"/>
</pin_list>
<bind>
<StgValue><ssdm name="p_read42"/></StgValue>
</bind>
</comp>

<comp id="46" class="1000" name="p_read41">
<pin_list>
<pin id="47" dir="1" index="0" bw="1" slack="0"/>
</pin_list>
<bind>
<StgValue><ssdm name="p_read41"/></StgValue>
</bind>
</comp>

<comp id="48" class="1000" name="p_read40">
<pin_list>
<pin id="49" dir="1" index="0" bw="1" slack="0"/>
</pin_list>
<bind>
<StgValue><ssdm name="p_read40"/></StgValue>
</bind>
</comp>

<comp id="50" class="1000" name="p_read39">
<pin_list>
<pin id="51" dir="1" index="0" bw="1" slack="0"/>
</pin_list>
<bind>
<StgValue><ssdm name="p_read39"/></StgValue>
</bind>
</comp>

<comp id="52" class="1000" name="p_read38">
<pin_list>
<pin id="53" dir="1" index="0" bw="1" slack="0"/>
</pin_list>
<bind>
<StgValue><ssdm name="p_read38"/></StgValue>
</bind>
</comp>

<comp id="54" class="1000" name="p_read37">
<pin_list>
<pin id="55" dir="1" index="0" bw="1" slack="0"/>
</pin_list>
<bind>
<StgValue><ssdm name="p_read37"/></StgValue>
</bind>
</comp>

<comp id="56" class="1000" name="p_read36">
<pin_list>
<pin id="57" dir="1" index="0" bw="1" slack="0"/>
</pin_list>
<bind>
<StgValue><ssdm name="p_read36"/></StgValue>
</bind>
</comp>

<comp id="58" class="1000" name="p_read35">
<pin_list>
<pin id="59" dir="1" index="0" bw="1" slack="0"/>
</pin_list>
<bind>
<StgValue><ssdm name="p_read35"/></StgValue>
</bind>
</comp>

<comp id="60" class="1000" name="p_read34">
<pin_list>
<pin id="61" dir="1" index="0" bw="1" slack="0"/>
</pin_list>
<bind>
<StgValue><ssdm name="p_read34"/></StgValue>
</bind>
</comp>

<comp id="62" class="1000" name="p_read33">
<pin_list>
<pin id="63" dir="1" index="0" bw="1" slack="0"/>
</pin_list>
<bind>
<StgValue><ssdm name="p_read33"/></StgValue>
</bind>
</comp>

<comp id="64" class="1000" name="p_read32">
<pin_list>
<pin id="65" dir="1" index="0" bw="1" slack="0"/>
</pin_list>
<bind>
<StgValue><ssdm name="p_read32"/></StgValue>
</bind>
</comp>

<comp id="66" class="1000" name="p_read31">
<pin_list>
<pin id="67" dir="1" index="0" bw="1" slack="0"/>
</pin_list>
<bind>
<StgValue><ssdm name="p_read31"/></StgValue>
</bind>
</comp>

<comp id="68" class="1000" name="p_read30">
<pin_list>
<pin id="69" dir="1" index="0" bw="1" slack="0"/>
</pin_list>
<bind>
<StgValue><ssdm name="p_read30"/></StgValue>
</bind>
</comp>

<comp id="70" class="1000" name="p_read29">
<pin_list>
<pin id="71" dir="1" index="0" bw="1" slack="0"/>
</pin_list>
<bind>
<StgValue><ssdm name="p_read29"/></StgValue>
</bind>
</comp>

<comp id="72" class="1000" name="p_read28">
<pin_list>
<pin id="73" dir="1" index="0" bw="1" slack="0"/>
</pin_list>
<bind>
<StgValue><ssdm name="p_read28"/></StgValue>
</bind>
</comp>

<comp id="74" class="1000" name="p_read27">
<pin_list>
<pin id="75" dir="1" index="0" bw="1" slack="0"/>
</pin_list>
<bind>
<StgValue><ssdm name="p_read27"/></StgValue>
</bind>
</comp>

<comp id="76" class="1000" name="p_read26">
<pin_list>
<pin id="77" dir="1" index="0" bw="1" slack="0"/>
</pin_list>
<bind>
<StgValue><ssdm name="p_read26"/></StgValue>
</bind>
</comp>

<comp id="78" class="1000" name="p_read25">
<pin_list>
<pin id="79" dir="1" index="0" bw="1" slack="0"/>
</pin_list>
<bind>
<StgValue><ssdm name="p_read25"/></StgValue>
</bind>
</comp>

<comp id="80" class="1000" name="p_read24">
<pin_list>
<pin id="81" dir="1" index="0" bw="1" slack="0"/>
</pin_list>
<bind>
<StgValue><ssdm name="p_read24"/></StgValue>
</bind>
</comp>

<comp id="82" class="1000" name="p_read23">
<pin_list>
<pin id="83" dir="1" index="0" bw="1" slack="0"/>
</pin_list>
<bind>
<StgValue><ssdm name="p_read23"/></StgValue>
</bind>
</comp>

<comp id="84" class="1000" name="p_read22">
<pin_list>
<pin id="85" dir="1" index="0" bw="1" slack="0"/>
</pin_list>
<bind>
<StgValue><ssdm name="p_read22"/></StgValue>
</bind>
</comp>

<comp id="86" class="1000" name="p_read21">
<pin_list>
<pin id="87" dir="1" index="0" bw="1" slack="0"/>
</pin_list>
<bind>
<StgValue><ssdm name="p_read21"/></StgValue>
</bind>
</comp>

<comp id="88" class="1000" name="p_read20">
<pin_list>
<pin id="89" dir="1" index="0" bw="1" slack="0"/>
</pin_list>
<bind>
<StgValue><ssdm name="p_read20"/></StgValue>
</bind>
</comp>

<comp id="90" class="1000" name="p_read19">
<pin_list>
<pin id="91" dir="1" index="0" bw="1" slack="0"/>
</pin_list>
<bind>
<StgValue><ssdm name="p_read19"/></StgValue>
</bind>
</comp>

<comp id="92" class="1000" name="p_read18">
<pin_list>
<pin id="93" dir="1" index="0" bw="1" slack="0"/>
</pin_list>
<bind>
<StgValue><ssdm name="p_read18"/></StgValue>
</bind>
</comp>

<comp id="94" class="1000" name="p_read17">
<pin_list>
<pin id="95" dir="1" index="0" bw="1" slack="0"/>
</pin_list>
<bind>
<StgValue><ssdm name="p_read17"/></StgValue>
</bind>
</comp>

<comp id="96" class="1000" name="p_read16">
<pin_list>
<pin id="97" dir="1" index="0" bw="1" slack="0"/>
</pin_list>
<bind>
<StgValue><ssdm name="p_read16"/></StgValue>
</bind>
</comp>

<comp id="98" class="1000" name="p_read15">
<pin_list>
<pin id="99" dir="1" index="0" bw="1" slack="0"/>
</pin_list>
<bind>
<StgValue><ssdm name="p_read15"/></StgValue>
</bind>
</comp>

<comp id="100" class="1000" name="p_read14">
<pin_list>
<pin id="101" dir="1" index="0" bw="1" slack="0"/>
</pin_list>
<bind>
<StgValue><ssdm name="p_read14"/></StgValue>
</bind>
</comp>

<comp id="102" class="1000" name="p_read13">
<pin_list>
<pin id="103" dir="1" index="0" bw="1" slack="0"/>
</pin_list>
<bind>
<StgValue><ssdm name="p_read13"/></StgValue>
</bind>
</comp>

<comp id="104" class="1000" name="p_read12">
<pin_list>
<pin id="105" dir="1" index="0" bw="1" slack="0"/>
</pin_list>
<bind>
<StgValue><ssdm name="p_read12"/></StgValue>
</bind>
</comp>

<comp id="106" class="1000" name="p_read11">
<pin_list>
<pin id="107" dir="1" index="0" bw="1" slack="0"/>
</pin_list>
<bind>
<StgValue><ssdm name="p_read11"/></StgValue>
</bind>
</comp>

<comp id="108" class="1000" name="p_read10">
<pin_list>
<pin id="109" dir="1" index="0" bw="1" slack="0"/>
</pin_list>
<bind>
<StgValue><ssdm name="p_read10"/></StgValue>
</bind>
</comp>

<comp id="110" class="1000" name="p_read9">
<pin_list>
<pin id="111" dir="1" index="0" bw="1" slack="0"/>
</pin_list>
<bind>
<StgValue><ssdm name="p_read9"/></StgValue>
</bind>
</comp>

<comp id="112" class="1000" name="p_read8">
<pin_list>
<pin id="113" dir="1" index="0" bw="1" slack="0"/>
</pin_list>
<bind>
<StgValue><ssdm name="p_read8"/></StgValue>
</bind>
</comp>

<comp id="114" class="1000" name="p_read7">
<pin_list>
<pin id="115" dir="1" index="0" bw="1" slack="0"/>
</pin_list>
<bind>
<StgValue><ssdm name="p_read7"/></StgValue>
</bind>
</comp>

<comp id="116" class="1000" name="p_read6">
<pin_list>
<pin id="117" dir="1" index="0" bw="1" slack="0"/>
</pin_list>
<bind>
<StgValue><ssdm name="p_read6"/></StgValue>
</bind>
</comp>

<comp id="118" class="1000" name="p_read5">
<pin_list>
<pin id="119" dir="1" index="0" bw="1" slack="0"/>
</pin_list>
<bind>
<StgValue><ssdm name="p_read5"/></StgValue>
</bind>
</comp>

<comp id="120" class="1000" name="p_read4">
<pin_list>
<pin id="121" dir="1" index="0" bw="1" slack="0"/>
</pin_list>
<bind>
<StgValue><ssdm name="p_read4"/></StgValue>
</bind>
</comp>

<comp id="122" class="1000" name="p_read3">
<pin_list>
<pin id="123" dir="1" index="0" bw="1" slack="0"/>
</pin_list>
<bind>
<StgValue><ssdm name="p_read3"/></StgValue>
</bind>
</comp>

<comp id="124" class="1000" name="p_read2">
<pin_list>
<pin id="125" dir="1" index="0" bw="1" slack="0"/>
</pin_list>
<bind>
<StgValue><ssdm name="p_read2"/></StgValue>
</bind>
</comp>

<comp id="126" class="1000" name="p_read1">
<pin_list>
<pin id="127" dir="1" index="0" bw="1" slack="0"/>
</pin_list>
<bind>
<StgValue><ssdm name="p_read1"/></StgValue>
</bind>
</comp>

<comp id="128" class="1000" name="p_read">
<pin_list>
<pin id="129" dir="1" index="0" bw="1" slack="0"/>
</pin_list>
<bind>
<StgValue><ssdm name="p_read"/></StgValue>
</bind>
</comp>

<comp id="130" class="1000" name="wide_trip_count">
<pin_list>
<pin id="131" dir="1" index="0" bw="1" slack="0"/>
</pin_list>
<bind>
<StgValue><ssdm name="wide_trip_count"/></StgValue>
</bind>
</comp>

<comp id="132" class="1000" name="sext_ln81">
<pin_list>
<pin id="133" dir="1" index="0" bw="1" slack="0"/>
</pin_list>
<bind>
<StgValue><ssdm name="sext_ln81"/></StgValue>
</bind>
</comp>

<comp id="134" class="1000" name="a_row_major_0">
<pin_list>
<pin id="135" dir="1" index="0" bw="1" slack="0"/>
</pin_list>
<bind>
<StgValue><ssdm name="a_row_major_0"/><MemPortTyVec>1 3 </MemPortTyVec>
</StgValue>
</bind>
</comp>

<comp id="136" class="1000" name="a_row_major_1">
<pin_list>
<pin id="137" dir="1" index="0" bw="1" slack="0"/>
</pin_list>
<bind>
<StgValue><ssdm name="a_row_major_1"/><MemPortTyVec>1 3 </MemPortTyVec>
</StgValue>
</bind>
</comp>

<comp id="138" class="1000" name="a_row_major_2">
<pin_list>
<pin id="139" dir="1" index="0" bw="1" slack="0"/>
</pin_list>
<bind>
<StgValue><ssdm name="a_row_major_2"/><MemPortTyVec>1 3 </MemPortTyVec>
</StgValue>
</bind>
</comp>

<comp id="140" class="1000" name="a_row_major_3">
<pin_list>
<pin id="141" dir="1" index="0" bw="1" slack="0"/>
</pin_list>
<bind>
<StgValue><ssdm name="a_row_major_3"/><MemPortTyVec>1 3 </MemPortTyVec>
</StgValue>
</bind>
</comp>

<comp id="142" class="1000" name="a_row_major_4">
<pin_list>
<pin id="143" dir="1" index="0" bw="1" slack="0"/>
</pin_list>
<bind>
<StgValue><ssdm name="a_row_major_4"/><MemPortTyVec>1 3 </MemPortTyVec>
</StgValue>
</bind>
</comp>

<comp id="144" class="1000" name="a_row_major_5">
<pin_list>
<pin id="145" dir="1" index="0" bw="1" slack="0"/>
</pin_list>
<bind>
<StgValue><ssdm name="a_row_major_5"/><MemPortTyVec>1 3 </MemPortTyVec>
</StgValue>
</bind>
</comp>

<comp id="146" class="1000" name="a_row_major_6">
<pin_list>
<pin id="147" dir="1" index="0" bw="1" slack="0"/>
</pin_list>
<bind>
<StgValue><ssdm name="a_row_major_6"/><MemPortTyVec>1 3 </MemPortTyVec>
</StgValue>
</bind>
</comp>

<comp id="148" class="1000" name="a_row_major_7">
<pin_list>
<pin id="149" dir="1" index="0" bw="1" slack="0"/>
</pin_list>
<bind>
<StgValue><ssdm name="a_row_major_7"/><MemPortTyVec>1 3 </MemPortTyVec>
</StgValue>
</bind>
</comp>

<comp id="150" class="1000" name="cmp9_not">
<pin_list>
<pin id="151" dir="1" index="0" bw="1" slack="0"/>
</pin_list>
<bind>
<StgValue><ssdm name="cmp9_not"/></StgValue>
</bind>
</comp>

<comp id="152" class="1000" name="cmp15">
<pin_list>
<pin id="153" dir="1" index="0" bw="1" slack="0"/>
</pin_list>
<bind>
<StgValue><ssdm name="cmp15"/></StgValue>
</bind>
</comp>

<comp id="154" class="1000" name="b_row_major_0">
<pin_list>
<pin id="155" dir="1" index="0" bw="1" slack="0"/>
</pin_list>
<bind>
<StgValue><ssdm name="b_row_major_0"/><MemPortTyVec>1 3 </MemPortTyVec>
</StgValue>
</bind>
</comp>

<comp id="156" class="1000" name="icmp">
<pin_list>
<pin id="157" dir="1" index="0" bw="1" slack="0"/>
</pin_list>
<bind>
<StgValue><ssdm name="icmp"/></StgValue>
</bind>
</comp>

<comp id="158" class="1000" name="b_row_major_1">
<pin_list>
<pin id="159" dir="1" index="0" bw="1" slack="0"/>
</pin_list>
<bind>
<StgValue><ssdm name="b_row_major_1"/><MemPortTyVec>1 3 </MemPortTyVec>
</StgValue>
</bind>
</comp>

<comp id="160" class="1000" name="cmp15_240">
<pin_list>
<pin id="161" dir="1" index="0" bw="1" slack="0"/>
</pin_list>
<bind>
<StgValue><ssdm name="cmp15_240"/></StgValue>
</bind>
</comp>

<comp id="162" class="1000" name="b_row_major_2">
<pin_list>
<pin id="163" dir="1" index="0" bw="1" slack="0"/>
</pin_list>
<bind>
<StgValue><ssdm name="b_row_major_2"/><MemPortTyVec>1 3 </MemPortTyVec>
</StgValue>
</bind>
</comp>

<comp id="164" class="1000" name="icmp3">
<pin_list>
<pin id="165" dir="1" index="0" bw="1" slack="0"/>
</pin_list>
<bind>
<StgValue><ssdm name="icmp3"/></StgValue>
</bind>
</comp>

<comp id="166" class="1000" name="b_row_major_3">
<pin_list>
<pin id="167" dir="1" index="0" bw="1" slack="0"/>
</pin_list>
<bind>
<StgValue><ssdm name="b_row_major_3"/><MemPortTyVec>1 3 </MemPortTyVec>
</StgValue>
</bind>
</comp>

<comp id="168" class="1000" name="cmp15_496">
<pin_list>
<pin id="169" dir="1" index="0" bw="1" slack="0"/>
</pin_list>
<bind>
<StgValue><ssdm name="cmp15_496"/></StgValue>
</bind>
</comp>

<comp id="170" class="1000" name="b_row_major_4">
<pin_list>
<pin id="171" dir="1" index="0" bw="1" slack="0"/>
</pin_list>
<bind>
<StgValue><ssdm name="b_row_major_4"/><MemPortTyVec>1 3 </MemPortTyVec>
</StgValue>
</bind>
</comp>

<comp id="172" class="1000" name="cmp15_5124">
<pin_list>
<pin id="173" dir="1" index="0" bw="1" slack="0"/>
</pin_list>
<bind>
<StgValue><ssdm name="cmp15_5124"/></StgValue>
</bind>
</comp>

<comp id="174" class="1000" name="b_row_major_5">
<pin_list>
<pin id="175" dir="1" index="0" bw="1" slack="0"/>
</pin_list>
<bind>
<StgValue><ssdm name="b_row_major_5"/><MemPortTyVec>1 3 </MemPortTyVec>
</StgValue>
</bind>
</comp>

<comp id="176" class="1000" name="cmp15_6152">
<pin_list>
<pin id="177" dir="1" index="0" bw="1" slack="0"/>
</pin_list>
<bind>
<StgValue><ssdm name="cmp15_6152"/></StgValue>
</bind>
</comp>

<comp id="178" class="1000" name="b_row_major_6">
<pin_list>
<pin id="179" dir="1" index="0" bw="1" slack="0"/>
</pin_list>
<bind>
<StgValue><ssdm name="b_row_major_6"/><MemPortTyVec>1 3 </MemPortTyVec>
</StgValue>
</bind>
</comp>

<comp id="180" class="1000" name="icmp6">
<pin_list>
<pin id="181" dir="1" index="0" bw="1" slack="0"/>
</pin_list>
<bind>
<StgValue><ssdm name="icmp6"/></StgValue>
</bind>
</comp>

<comp id="182" class="1000" name="b_row_major_7">
<pin_list>
<pin id="183" dir="1" index="0" bw="1" slack="0"/>
</pin_list>
<bind>
<StgValue><ssdm name="b_row_major_7"/><MemPortTyVec>1 3 </MemPortTyVec>
</StgValue>
</bind>
</comp>

<comp id="184" class="1000" name="icmp9">
<pin_list>
<pin id="185" dir="1" index="0" bw="1" slack="0"/>
</pin_list>
<bind>
<StgValue><ssdm name="icmp9"/></StgValue>
</bind>
</comp>

<comp id="186" class="1000" name="cmp9_2_not">
<pin_list>
<pin id="187" dir="1" index="0" bw="1" slack="0"/>
</pin_list>
<bind>
<StgValue><ssdm name="cmp9_2_not"/></StgValue>
</bind>
</comp>

<comp id="188" class="1000" name="icmp12">
<pin_list>
<pin id="189" dir="1" index="0" bw="1" slack="0"/>
</pin_list>
<bind>
<StgValue><ssdm name="icmp12"/></StgValue>
</bind>
</comp>

<comp id="190" class="1000" name="cmp9_4_not">
<pin_list>
<pin id="191" dir="1" index="0" bw="1" slack="0"/>
</pin_list>
<bind>
<StgValue><ssdm name="cmp9_4_not"/></StgValue>
</bind>
</comp>

<comp id="192" class="1000" name="cmp9_5_not">
<pin_list>
<pin id="193" dir="1" index="0" bw="1" slack="0"/>
</pin_list>
<bind>
<StgValue><ssdm name="cmp9_5_not"/></StgValue>
</bind>
</comp>

<comp id="194" class="1000" name="cmp9_6_not">
<pin_list>
<pin id="195" dir="1" index="0" bw="1" slack="0"/>
</pin_list>
<bind>
<StgValue><ssdm name="cmp9_6_not"/></StgValue>
</bind>
</comp>

<comp id="196" class="1000" name="icmp15">
<pin_list>
<pin id="197" dir="1" index="0" bw="1" slack="0"/>
</pin_list>
<bind>
<StgValue><ssdm name="icmp15"/></StgValue>
</bind>
</comp>

<comp id="198" class="1000" name="c_row_major_7_7_0_out">
<pin_list>
<pin id="199" dir="1" index="0" bw="1" slack="0"/>
</pin_list>
<bind>
<StgValue><ssdm name="c_row_major_7_7_0_out"/></StgValue>
</bind>
</comp>

<comp id="200" class="1000" name="c_row_major_7_6_0_out">
<pin_list>
<pin id="201" dir="1" index="0" bw="1" slack="0"/>
</pin_list>
<bind>
<StgValue><ssdm name="c_row_major_7_6_0_out"/></StgValue>
</bind>
</comp>

<comp id="202" class="1000" name="c_row_major_7_5_0_out">
<pin_list>
<pin id="203" dir="1" index="0" bw="1" slack="0"/>
</pin_list>
<bind>
<StgValue><ssdm name="c_row_major_7_5_0_out"/></StgValue>
</bind>
</comp>

<comp id="204" class="1000" name="c_row_major_7_4_0_out">
<pin_list>
<pin id="205" dir="1" index="0" bw="1" slack="0"/>
</pin_list>
<bind>
<StgValue><ssdm name="c_row_major_7_4_0_out"/></StgValue>
</bind>
</comp>

<comp id="206" class="1000" name="c_row_major_7_3_0_out">
<pin_list>
<pin id="207" dir="1" index="0" bw="1" slack="0"/>
</pin_list>
<bind>
<StgValue><ssdm name="c_row_major_7_3_0_out"/></StgValue>
</bind>
</comp>

<comp id="208" class="1000" name="c_row_major_7_2_0_out">
<pin_list>
<pin id="209" dir="1" index="0" bw="1" slack="0"/>
</pin_list>
<bind>
<StgValue><ssdm name="c_row_major_7_2_0_out"/></StgValue>
</bind>
</comp>

<comp id="210" class="1000" name="c_row_major_7_1_0_out">
<pin_list>
<pin id="211" dir="1" index="0" bw="1" slack="0"/>
</pin_list>
<bind>
<StgValue><ssdm name="c_row_major_7_1_0_out"/></StgValue>
</bind>
</comp>

<comp id="212" class="1000" name="c_row_major_7_0_0_out">
<pin_list>
<pin id="213" dir="1" index="0" bw="1" slack="0"/>
</pin_list>
<bind>
<StgValue><ssdm name="c_row_major_7_0_0_out"/></StgValue>
</bind>
</comp>

<comp id="214" class="1000" name="c_row_major_6_7_0_out">
<pin_list>
<pin id="215" dir="1" index="0" bw="1" slack="0"/>
</pin_list>
<bind>
<StgValue><ssdm name="c_row_major_6_7_0_out"/></StgValue>
</bind>
</comp>

<comp id="216" class="1000" name="c_row_major_6_6_0_out">
<pin_list>
<pin id="217" dir="1" index="0" bw="1" slack="0"/>
</pin_list>
<bind>
<StgValue><ssdm name="c_row_major_6_6_0_out"/></StgValue>
</bind>
</comp>

<comp id="218" class="1000" name="c_row_major_6_5_0_out">
<pin_list>
<pin id="219" dir="1" index="0" bw="1" slack="0"/>
</pin_list>
<bind>
<StgValue><ssdm name="c_row_major_6_5_0_out"/></StgValue>
</bind>
</comp>

<comp id="220" class="1000" name="c_row_major_6_4_0_out">
<pin_list>
<pin id="221" dir="1" index="0" bw="1" slack="0"/>
</pin_list>
<bind>
<StgValue><ssdm name="c_row_major_6_4_0_out"/></StgValue>
</bind>
</comp>

<comp id="222" class="1000" name="c_row_major_6_3_0_out">
<pin_list>
<pin id="223" dir="1" index="0" bw="1" slack="0"/>
</pin_list>
<bind>
<StgValue><ssdm name="c_row_major_6_3_0_out"/></StgValue>
</bind>
</comp>

<comp id="224" class="1000" name="c_row_major_6_2_0_out">
<pin_list>
<pin id="225" dir="1" index="0" bw="1" slack="0"/>
</pin_list>
<bind>
<StgValue><ssdm name="c_row_major_6_2_0_out"/></StgValue>
</bind>
</comp>

<comp id="226" class="1000" name="c_row_major_6_1_0_out">
<pin_list>
<pin id="227" dir="1" index="0" bw="1" slack="0"/>
</pin_list>
<bind>
<StgValue><ssdm name="c_row_major_6_1_0_out"/></StgValue>
</bind>
</comp>

<comp id="228" class="1000" name="c_row_major_6_0_0_out">
<pin_list>
<pin id="229" dir="1" index="0" bw="1" slack="0"/>
</pin_list>
<bind>
<StgValue><ssdm name="c_row_major_6_0_0_out"/></StgValue>
</bind>
</comp>

<comp id="230" class="1000" name="c_row_major_5_7_0_out">
<pin_list>
<pin id="231" dir="1" index="0" bw="1" slack="0"/>
</pin_list>
<bind>
<StgValue><ssdm name="c_row_major_5_7_0_out"/></StgValue>
</bind>
</comp>

<comp id="232" class="1000" name="c_row_major_5_6_0_out">
<pin_list>
<pin id="233" dir="1" index="0" bw="1" slack="0"/>
</pin_list>
<bind>
<StgValue><ssdm name="c_row_major_5_6_0_out"/></StgValue>
</bind>
</comp>

<comp id="234" class="1000" name="c_row_major_5_5_0_out">
<pin_list>
<pin id="235" dir="1" index="0" bw="1" slack="0"/>
</pin_list>
<bind>
<StgValue><ssdm name="c_row_major_5_5_0_out"/></StgValue>
</bind>
</comp>

<comp id="236" class="1000" name="c_row_major_5_4_0_out">
<pin_list>
<pin id="237" dir="1" index="0" bw="1" slack="0"/>
</pin_list>
<bind>
<StgValue><ssdm name="c_row_major_5_4_0_out"/></StgValue>
</bind>
</comp>

<comp id="238" class="1000" name="c_row_major_5_3_0_out">
<pin_list>
<pin id="239" dir="1" index="0" bw="1" slack="0"/>
</pin_list>
<bind>
<StgValue><ssdm name="c_row_major_5_3_0_out"/></StgValue>
</bind>
</comp>

<comp id="240" class="1000" name="c_row_major_5_2_0_out">
<pin_list>
<pin id="241" dir="1" index="0" bw="1" slack="0"/>
</pin_list>
<bind>
<StgValue><ssdm name="c_row_major_5_2_0_out"/></StgValue>
</bind>
</comp>

<comp id="242" class="1000" name="c_row_major_5_1_0_out">
<pin_list>
<pin id="243" dir="1" index="0" bw="1" slack="0"/>
</pin_list>
<bind>
<StgValue><ssdm name="c_row_major_5_1_0_out"/></StgValue>
</bind>
</comp>

<comp id="244" class="1000" name="c_row_major_5_0_0_out">
<pin_list>
<pin id="245" dir="1" index="0" bw="1" slack="0"/>
</pin_list>
<bind>
<StgValue><ssdm name="c_row_major_5_0_0_out"/></StgValue>
</bind>
</comp>

<comp id="246" class="1000" name="c_row_major_4_7_0_out">
<pin_list>
<pin id="247" dir="1" index="0" bw="1" slack="0"/>
</pin_list>
<bind>
<StgValue><ssdm name="c_row_major_4_7_0_out"/></StgValue>
</bind>
</comp>

<comp id="248" class="1000" name="c_row_major_4_6_0_out">
<pin_list>
<pin id="249" dir="1" index="0" bw="1" slack="0"/>
</pin_list>
<bind>
<StgValue><ssdm name="c_row_major_4_6_0_out"/></StgValue>
</bind>
</comp>

<comp id="250" class="1000" name="c_row_major_4_5_0_out">
<pin_list>
<pin id="251" dir="1" index="0" bw="1" slack="0"/>
</pin_list>
<bind>
<StgValue><ssdm name="c_row_major_4_5_0_out"/></StgValue>
</bind>
</comp>

<comp id="252" class="1000" name="c_row_major_4_4_0_out">
<pin_list>
<pin id="253" dir="1" index="0" bw="1" slack="0"/>
</pin_list>
<bind>
<StgValue><ssdm name="c_row_major_4_4_0_out"/></StgValue>
</bind>
</comp>

<comp id="254" class="1000" name="c_row_major_4_3_0_out">
<pin_list>
<pin id="255" dir="1" index="0" bw="1" slack="0"/>
</pin_list>
<bind>
<StgValue><ssdm name="c_row_major_4_3_0_out"/></StgValue>
</bind>
</comp>

<comp id="256" class="1000" name="c_row_major_4_2_0_out">
<pin_list>
<pin id="257" dir="1" index="0" bw="1" slack="0"/>
</pin_list>
<bind>
<StgValue><ssdm name="c_row_major_4_2_0_out"/></StgValue>
</bind>
</comp>

<comp id="258" class="1000" name="c_row_major_4_1_0_out">
<pin_list>
<pin id="259" dir="1" index="0" bw="1" slack="0"/>
</pin_list>
<bind>
<StgValue><ssdm name="c_row_major_4_1_0_out"/></StgValue>
</bind>
</comp>

<comp id="260" class="1000" name="c_row_major_4_0_0_out">
<pin_list>
<pin id="261" dir="1" index="0" bw="1" slack="0"/>
</pin_list>
<bind>
<StgValue><ssdm name="c_row_major_4_0_0_out"/></StgValue>
</bind>
</comp>

<comp id="262" class="1000" name="c_row_major_3_7_0_out">
<pin_list>
<pin id="263" dir="1" index="0" bw="1" slack="0"/>
</pin_list>
<bind>
<StgValue><ssdm name="c_row_major_3_7_0_out"/></StgValue>
</bind>
</comp>

<comp id="264" class="1000" name="c_row_major_3_6_0_out">
<pin_list>
<pin id="265" dir="1" index="0" bw="1" slack="0"/>
</pin_list>
<bind>
<StgValue><ssdm name="c_row_major_3_6_0_out"/></StgValue>
</bind>
</comp>

<comp id="266" class="1000" name="c_row_major_3_5_0_out">
<pin_list>
<pin id="267" dir="1" index="0" bw="1" slack="0"/>
</pin_list>
<bind>
<StgValue><ssdm name="c_row_major_3_5_0_out"/></StgValue>
</bind>
</comp>

<comp id="268" class="1000" name="c_row_major_3_4_0_out">
<pin_list>
<pin id="269" dir="1" index="0" bw="1" slack="0"/>
</pin_list>
<bind>
<StgValue><ssdm name="c_row_major_3_4_0_out"/></StgValue>
</bind>
</comp>

<comp id="270" class="1000" name="c_row_major_3_3_0_out">
<pin_list>
<pin id="271" dir="1" index="0" bw="1" slack="0"/>
</pin_list>
<bind>
<StgValue><ssdm name="c_row_major_3_3_0_out"/></StgValue>
</bind>
</comp>

<comp id="272" class="1000" name="c_row_major_3_2_0_out">
<pin_list>
<pin id="273" dir="1" index="0" bw="1" slack="0"/>
</pin_list>
<bind>
<StgValue><ssdm name="c_row_major_3_2_0_out"/></StgValue>
</bind>
</comp>

<comp id="274" class="1000" name="c_row_major_3_1_0_out">
<pin_list>
<pin id="275" dir="1" index="0" bw="1" slack="0"/>
</pin_list>
<bind>
<StgValue><ssdm name="c_row_major_3_1_0_out"/></StgValue>
</bind>
</comp>

<comp id="276" class="1000" name="c_row_major_3_0_0_out">
<pin_list>
<pin id="277" dir="1" index="0" bw="1" slack="0"/>
</pin_list>
<bind>
<StgValue><ssdm name="c_row_major_3_0_0_out"/></StgValue>
</bind>
</comp>

<comp id="278" class="1000" name="c_row_major_2_7_0_out">
<pin_list>
<pin id="279" dir="1" index="0" bw="1" slack="0"/>
</pin_list>
<bind>
<StgValue><ssdm name="c_row_major_2_7_0_out"/></StgValue>
</bind>
</comp>

<comp id="280" class="1000" name="c_row_major_2_6_0_out">
<pin_list>
<pin id="281" dir="1" index="0" bw="1" slack="0"/>
</pin_list>
<bind>
<StgValue><ssdm name="c_row_major_2_6_0_out"/></StgValue>
</bind>
</comp>

<comp id="282" class="1000" name="c_row_major_2_5_0_out">
<pin_list>
<pin id="283" dir="1" index="0" bw="1" slack="0"/>
</pin_list>
<bind>
<StgValue><ssdm name="c_row_major_2_5_0_out"/></StgValue>
</bind>
</comp>

<comp id="284" class="1000" name="c_row_major_2_4_0_out">
<pin_list>
<pin id="285" dir="1" index="0" bw="1" slack="0"/>
</pin_list>
<bind>
<StgValue><ssdm name="c_row_major_2_4_0_out"/></StgValue>
</bind>
</comp>

<comp id="286" class="1000" name="c_row_major_2_3_0_out">
<pin_list>
<pin id="287" dir="1" index="0" bw="1" slack="0"/>
</pin_list>
<bind>
<StgValue><ssdm name="c_row_major_2_3_0_out"/></StgValue>
</bind>
</comp>

<comp id="288" class="1000" name="c_row_major_2_2_0_out">
<pin_list>
<pin id="289" dir="1" index="0" bw="1" slack="0"/>
</pin_list>
<bind>
<StgValue><ssdm name="c_row_major_2_2_0_out"/></StgValue>
</bind>
</comp>

<comp id="290" class="1000" name="c_row_major_2_1_0_out">
<pin_list>
<pin id="291" dir="1" index="0" bw="1" slack="0"/>
</pin_list>
<bind>
<StgValue><ssdm name="c_row_major_2_1_0_out"/></StgValue>
</bind>
</comp>

<comp id="292" class="1000" name="c_row_major_2_0_0_out">
<pin_list>
<pin id="293" dir="1" index="0" bw="1" slack="0"/>
</pin_list>
<bind>
<StgValue><ssdm name="c_row_major_2_0_0_out"/></StgValue>
</bind>
</comp>

<comp id="294" class="1000" name="c_row_major_1_7_0_out">
<pin_list>
<pin id="295" dir="1" index="0" bw="1" slack="0"/>
</pin_list>
<bind>
<StgValue><ssdm name="c_row_major_1_7_0_out"/></StgValue>
</bind>
</comp>

<comp id="296" class="1000" name="c_row_major_1_6_0_out">
<pin_list>
<pin id="297" dir="1" index="0" bw="1" slack="0"/>
</pin_list>
<bind>
<StgValue><ssdm name="c_row_major_1_6_0_out"/></StgValue>
</bind>
</comp>

<comp id="298" class="1000" name="c_row_major_1_5_0_out">
<pin_list>
<pin id="299" dir="1" index="0" bw="1" slack="0"/>
</pin_list>
<bind>
<StgValue><ssdm name="c_row_major_1_5_0_out"/></StgValue>
</bind>
</comp>

<comp id="300" class="1000" name="c_row_major_1_4_0_out">
<pin_list>
<pin id="301" dir="1" index="0" bw="1" slack="0"/>
</pin_list>
<bind>
<StgValue><ssdm name="c_row_major_1_4_0_out"/></StgValue>
</bind>
</comp>

<comp id="302" class="1000" name="c_row_major_1_3_0_out">
<pin_list>
<pin id="303" dir="1" index="0" bw="1" slack="0"/>
</pin_list>
<bind>
<StgValue><ssdm name="c_row_major_1_3_0_out"/></StgValue>
</bind>
</comp>

<comp id="304" class="1000" name="c_row_major_1_2_0_out">
<pin_list>
<pin id="305" dir="1" index="0" bw="1" slack="0"/>
</pin_list>
<bind>
<StgValue><ssdm name="c_row_major_1_2_0_out"/></StgValue>
</bind>
</comp>

<comp id="306" class="1000" name="c_row_major_1_1_0_out">
<pin_list>
<pin id="307" dir="1" index="0" bw="1" slack="0"/>
</pin_list>
<bind>
<StgValue><ssdm name="c_row_major_1_1_0_out"/></StgValue>
</bind>
</comp>

<comp id="308" class="1000" name="c_row_major_1_0_0_out">
<pin_list>
<pin id="309" dir="1" index="0" bw="1" slack="0"/>
</pin_list>
<bind>
<StgValue><ssdm name="c_row_major_1_0_0_out"/></StgValue>
</bind>
</comp>

<comp id="310" class="1000" name="c_row_major_0_7_0_out">
<pin_list>
<pin id="311" dir="1" index="0" bw="1" slack="0"/>
</pin_list>
<bind>
<StgValue><ssdm name="c_row_major_0_7_0_out"/></StgValue>
</bind>
</comp>

<comp id="312" class="1000" name="c_row_major_0_6_0_out">
<pin_list>
<pin id="313" dir="1" index="0" bw="1" slack="0"/>
</pin_list>
<bind>
<StgValue><ssdm name="c_row_major_0_6_0_out"/></StgValue>
</bind>
</comp>

<comp id="314" class="1000" name="c_row_major_0_5_0_out">
<pin_list>
<pin id="315" dir="1" index="0" bw="1" slack="0"/>
</pin_list>
<bind>
<StgValue><ssdm name="c_row_major_0_5_0_out"/></StgValue>
</bind>
</comp>

<comp id="316" class="1000" name="c_row_major_0_4_0_out">
<pin_list>
<pin id="317" dir="1" index="0" bw="1" slack="0"/>
</pin_list>
<bind>
<StgValue><ssdm name="c_row_major_0_4_0_out"/></StgValue>
</bind>
</comp>

<comp id="318" class="1000" name="c_row_major_0_3_0_out">
<pin_list>
<pin id="319" dir="1" index="0" bw="1" slack="0"/>
</pin_list>
<bind>
<StgValue><ssdm name="c_row_major_0_3_0_out"/></StgValue>
</bind>
</comp>

<comp id="320" class="1000" name="c_row_major_0_2_0_out">
<pin_list>
<pin id="321" dir="1" index="0" bw="1" slack="0"/>
</pin_list>
<bind>
<StgValue><ssdm name="c_row_major_0_2_0_out"/></StgValue>
</bind>
</comp>

<comp id="322" class="1000" name="c_row_major_0_1_0_out">
<pin_list>
<pin id="323" dir="1" index="0" bw="1" slack="0"/>
</pin_list>
<bind>
<StgValue><ssdm name="c_row_major_0_1_0_out"/></StgValue>
</bind>
</comp>

<comp id="324" class="1000" name="c_row_major_0_0_0_out">
<pin_list>
<pin id="325" dir="1" index="0" bw="1" slack="0"/>
</pin_list>
<bind>
<StgValue><ssdm name="c_row_major_0_0_0_out"/></StgValue>
</bind>
</comp>

<comp id="326" class="1001" name="const_326">
<pin_list>
<pin id="327" dir="1" index="0" bw="1" slack="0"/>
</pin_list>
<bind>
<StgValue><ssdm name=""/></StgValue>
</bind>
</comp>

<comp id="328" class="1001" name="const_328">
<pin_list>
<pin id="329" dir="1" index="0" bw="1" slack="0"/>
</pin_list>
<bind>
<StgValue><ssdm name="_ssdm_op_Read.ap_auto.i1"/></StgValue>
</bind>
</comp>

<comp id="330" class="1001" name="const_330">
<pin_list>
<pin id="331" dir="1" index="0" bw="1" slack="0"/>
</pin_list>
<bind>
<StgValue><ssdm name="_ssdm_op_Read.ap_auto.i32"/></StgValue>
</bind>
</comp>

<comp id="332" class="1001" name="const_332">
<pin_list>
<pin id="333" dir="1" index="0" bw="1" slack="0"/>
</pin_list>
<bind>
<StgValue><ssdm name="_ssdm_op_Read.ap_auto.i4"/></StgValue>
</bind>
</comp>

<comp id="334" class="1001" name="const_334">
<pin_list>
<pin id="335" dir="1" index="0" bw="1" slack="0"/>
</pin_list>
<bind>
<StgValue><ssdm name="_ssdm_op_Read.ap_auto.i16"/></StgValue>
</bind>
</comp>

<comp id="336" class="1001" name="const_336">
<pin_list>
<pin id="337" dir="1" index="0" bw="1" slack="0"/>
</pin_list>
<bind>
<StgValue><ssdm name="_ssdm_op_Read.ap_auto.i3"/></StgValue>
</bind>
</comp>

<comp id="338" class="1001" name="const_338">
<pin_list>
<pin id="339" dir="1" index="0" bw="1" slack="2147483647"/>
</pin_list>
<bind>
<StgValue><ssdm name="_ssdm_op_SpecMemCore"/></StgValue>
</bind>
</comp>

<comp id="340" class="1001" name="const_340">
<pin_list>
<pin id="341" dir="1" index="0" bw="1" slack="2147483647"/>
</pin_list>
<bind>
<StgValue><ssdm name=""/></StgValue>
</bind>
</comp>

<comp id="342" class="1001" name="const_342">
<pin_list>
<pin id="343" dir="1" index="0" bw="1" slack="2147483647"/>
</pin_list>
<bind>
<StgValue><ssdm name=""/></StgValue>
</bind>
</comp>

<comp id="344" class="1001" name="const_344">
<pin_list>
<pin id="345" dir="1" index="0" bw="1" slack="2147483647"/>
</pin_list>
<bind>
<StgValue><ssdm name=""/></StgValue>
</bind>
</comp>

<comp id="346" class="1001" name="const_346">
<pin_list>
<pin id="347" dir="1" index="0" bw="1" slack="0"/>
</pin_list>
<bind>
<StgValue><ssdm name=""/></StgValue>
</bind>
</comp>

<comp id="348" class="1001" name="const_348">
<pin_list>
<pin id="349" dir="1" index="0" bw="1" slack="0"/>
</pin_list>
<bind>
<StgValue><ssdm name=""/></StgValue>
</bind>
</comp>

<comp id="350" class="1001" name="const_350">
<pin_list>
<pin id="351" dir="1" index="0" bw="1" slack="0"/>
</pin_list>
<bind>
<StgValue><ssdm name=""/></StgValue>
</bind>
</comp>

<comp id="352" class="1001" name="const_352">
<pin_list>
<pin id="353" dir="1" index="0" bw="1" slack="0"/>
</pin_list>
<bind>
<StgValue><ssdm name=""/></StgValue>
</bind>
</comp>

<comp id="354" class="1001" name="const_354">
<pin_list>
<pin id="355" dir="1" index="0" bw="1" slack="2147483647"/>
</pin_list>
<bind>
<StgValue><ssdm name="_ssdm_op_SpecPipeline"/></StgValue>
</bind>
</comp>

<comp id="356" class="1001" name="const_356">
<pin_list>
<pin id="357" dir="1" index="0" bw="1" slack="2147483647"/>
</pin_list>
<bind>
<StgValue><ssdm name=""/></StgValue>
</bind>
</comp>

<comp id="358" class="1001" name="const_358">
<pin_list>
<pin id="359" dir="1" index="0" bw="1" slack="2147483647"/>
</pin_list>
<bind>
<StgValue><ssdm name="empty_3"/></StgValue>
</bind>
</comp>

<comp id="360" class="1001" name="const_360">
<pin_list>
<pin id="361" dir="1" index="0" bw="1" slack="2147483647"/>
</pin_list>
<bind>
<StgValue><ssdm name="_ssdm_op_SpecLoopTripCount"/></StgValue>
</bind>
</comp>

<comp id="362" class="1001" name="const_362">
<pin_list>
<pin id="363" dir="1" index="0" bw="1" slack="2147483647"/>
</pin_list>
<bind>
<StgValue><ssdm name=""/></StgValue>
</bind>
</comp>

<comp id="364" class="1001" name="const_364">
<pin_list>
<pin id="365" dir="1" index="0" bw="1" slack="2147483647"/>
</pin_list>
<bind>
<StgValue><ssdm name="_ssdm_op_SpecLoopName"/></StgValue>
</bind>
</comp>

<comp id="366" class="1001" name="const_366">
<pin_list>
<pin id="367" dir="1" index="0" bw="1" slack="2147483647"/>
</pin_list>
<bind>
<StgValue><ssdm name="empty_17"/></StgValue>
</bind>
</comp>

<comp id="368" class="1001" name="const_368">
<pin_list>
<pin id="369" dir="1" index="0" bw="1" slack="0"/>
</pin_list>
<bind>
<StgValue><ssdm name="_ssdm_op_Write.ap_auto.i16P0A"/></StgValue>
</bind>
</comp>

<comp id="370" class="1004" name="c_row_major_0_0_0_fu_370">
<pin_list>
<pin id="371" dir="0" index="0" bw="1" slack="0"/>
<pin id="372" dir="1" index="1" bw="16" slack="0"/>
</pin_list>
<bind>
<opcode="alloca(26) " fcode="alloca"/>
<opset="c_row_major_0_0_0/1 "/>
</bind>
</comp>

<comp id="374" class="1004" name="c_row_major_0_1_0_fu_374">
<pin_list>
<pin id="375" dir="0" index="0" bw="1" slack="0"/>
<pin id="376" dir="1" index="1" bw="16" slack="0"/>
</pin_list>
<bind>
<opcode="alloca(26) " fcode="alloca"/>
<opset="c_row_major_0_1_0/1 "/>
</bind>
</comp>

<comp id="378" class="1004" name="c_row_major_0_2_0_fu_378">
<pin_list>
<pin id="379" dir="0" index="0" bw="1" slack="0"/>
<pin id="380" dir="1" index="1" bw="16" slack="0"/>
</pin_list>
<bind>
<opcode="alloca(26) " fcode="alloca"/>
<opset="c_row_major_0_2_0/1 "/>
</bind>
</comp>

<comp id="382" class="1004" name="c_row_major_0_3_0_fu_382">
<pin_list>
<pin id="383" dir="0" index="0" bw="1" slack="0"/>
<pin id="384" dir="1" index="1" bw="16" slack="0"/>
</pin_list>
<bind>
<opcode="alloca(26) " fcode="alloca"/>
<opset="c_row_major_0_3_0/1 "/>
</bind>
</comp>

<comp id="386" class="1004" name="c_row_major_0_4_0_fu_386">
<pin_list>
<pin id="387" dir="0" index="0" bw="1" slack="0"/>
<pin id="388" dir="1" index="1" bw="16" slack="0"/>
</pin_list>
<bind>
<opcode="alloca(26) " fcode="alloca"/>
<opset="c_row_major_0_4_0/1 "/>
</bind>
</comp>

<comp id="390" class="1004" name="c_row_major_0_5_0_fu_390">
<pin_list>
<pin id="391" dir="0" index="0" bw="1" slack="0"/>
<pin id="392" dir="1" index="1" bw="16" slack="0"/>
</pin_list>
<bind>
<opcode="alloca(26) " fcode="alloca"/>
<opset="c_row_major_0_5_0/1 "/>
</bind>
</comp>

<comp id="394" class="1004" name="c_row_major_0_6_0_fu_394">
<pin_list>
<pin id="395" dir="0" index="0" bw="1" slack="0"/>
<pin id="396" dir="1" index="1" bw="16" slack="0"/>
</pin_list>
<bind>
<opcode="alloca(26) " fcode="alloca"/>
<opset="c_row_major_0_6_0/1 "/>
</bind>
</comp>

<comp id="398" class="1004" name="c_row_major_0_7_0_fu_398">
<pin_list>
<pin id="399" dir="0" index="0" bw="1" slack="0"/>
<pin id="400" dir="1" index="1" bw="16" slack="0"/>
</pin_list>
<bind>
<opcode="alloca(26) " fcode="alloca"/>
<opset="c_row_major_0_7_0/1 "/>
</bind>
</comp>

<comp id="402" class="1004" name="c_row_major_1_0_0_fu_402">
<pin_list>
<pin id="403" dir="0" index="0" bw="1" slack="0"/>
<pin id="404" dir="1" index="1" bw="16" slack="0"/>
</pin_list>
<bind>
<opcode="alloca(26) " fcode="alloca"/>
<opset="c_row_major_1_0_0/1 "/>
</bind>
</comp>

<comp id="406" class="1004" name="c_row_major_1_1_0_fu_406">
<pin_list>
<pin id="407" dir="0" index="0" bw="1" slack="0"/>
<pin id="408" dir="1" index="1" bw="16" slack="0"/>
</pin_list>
<bind>
<opcode="alloca(26) " fcode="alloca"/>
<opset="c_row_major_1_1_0/1 "/>
</bind>
</comp>

<comp id="410" class="1004" name="c_row_major_1_2_0_fu_410">
<pin_list>
<pin id="411" dir="0" index="0" bw="1" slack="0"/>
<pin id="412" dir="1" index="1" bw="16" slack="0"/>
</pin_list>
<bind>
<opcode="alloca(26) " fcode="alloca"/>
<opset="c_row_major_1_2_0/1 "/>
</bind>
</comp>

<comp id="414" class="1004" name="c_row_major_1_3_0_fu_414">
<pin_list>
<pin id="415" dir="0" index="0" bw="1" slack="0"/>
<pin id="416" dir="1" index="1" bw="16" slack="0"/>
</pin_list>
<bind>
<opcode="alloca(26) " fcode="alloca"/>
<opset="c_row_major_1_3_0/1 "/>
</bind>
</comp>

<comp id="418" class="1004" name="c_row_major_1_4_0_fu_418">
<pin_list>
<pin id="419" dir="0" index="0" bw="1" slack="0"/>
<pin id="420" dir="1" index="1" bw="16" slack="0"/>
</pin_list>
<bind>
<opcode="alloca(26) " fcode="alloca"/>
<opset="c_row_major_1_4_0/1 "/>
</bind>
</comp>

<comp id="422" class="1004" name="c_row_major_1_5_0_fu_422">
<pin_list>
<pin id="423" dir="0" index="0" bw="1" slack="0"/>
<pin id="424" dir="1" index="1" bw="16" slack="0"/>
</pin_list>
<bind>
<opcode="alloca(26) " fcode="alloca"/>
<opset="c_row_major_1_5_0/1 "/>
</bind>
</comp>

<comp id="426" class="1004" name="c_row_major_1_6_0_fu_426">
<pin_list>
<pin id="427" dir="0" index="0" bw="1" slack="0"/>
<pin id="428" dir="1" index="1" bw="16" slack="0"/>
</pin_list>
<bind>
<opcode="alloca(26) " fcode="alloca"/>
<opset="c_row_major_1_6_0/1 "/>
</bind>
</comp>

<comp id="430" class="1004" name="c_row_major_1_7_0_fu_430">
<pin_list>
<pin id="431" dir="0" index="0" bw="1" slack="0"/>
<pin id="432" dir="1" index="1" bw="16" slack="0"/>
</pin_list>
<bind>
<opcode="alloca(26) " fcode="alloca"/>
<opset="c_row_major_1_7_0/1 "/>
</bind>
</comp>

<comp id="434" class="1004" name="c_row_major_2_0_0_fu_434">
<pin_list>
<pin id="435" dir="0" index="0" bw="1" slack="0"/>
<pin id="436" dir="1" index="1" bw="16" slack="0"/>
</pin_list>
<bind>
<opcode="alloca(26) " fcode="alloca"/>
<opset="c_row_major_2_0_0/1 "/>
</bind>
</comp>

<comp id="438" class="1004" name="c_row_major_2_1_0_fu_438">
<pin_list>
<pin id="439" dir="0" index="0" bw="1" slack="0"/>
<pin id="440" dir="1" index="1" bw="16" slack="0"/>
</pin_list>
<bind>
<opcode="alloca(26) " fcode="alloca"/>
<opset="c_row_major_2_1_0/1 "/>
</bind>
</comp>

<comp id="442" class="1004" name="c_row_major_2_2_0_fu_442">
<pin_list>
<pin id="443" dir="0" index="0" bw="1" slack="0"/>
<pin id="444" dir="1" index="1" bw="16" slack="0"/>
</pin_list>
<bind>
<opcode="alloca(26) " fcode="alloca"/>
<opset="c_row_major_2_2_0/1 "/>
</bind>
</comp>

<comp id="446" class="1004" name="c_row_major_2_3_0_fu_446">
<pin_list>
<pin id="447" dir="0" index="0" bw="1" slack="0"/>
<pin id="448" dir="1" index="1" bw="16" slack="0"/>
</pin_list>
<bind>
<opcode="alloca(26) " fcode="alloca"/>
<opset="c_row_major_2_3_0/1 "/>
</bind>
</comp>

<comp id="450" class="1004" name="c_row_major_2_4_0_fu_450">
<pin_list>
<pin id="451" dir="0" index="0" bw="1" slack="0"/>
<pin id="452" dir="1" index="1" bw="16" slack="0"/>
</pin_list>
<bind>
<opcode="alloca(26) " fcode="alloca"/>
<opset="c_row_major_2_4_0/1 "/>
</bind>
</comp>

<comp id="454" class="1004" name="c_row_major_2_5_0_fu_454">
<pin_list>
<pin id="455" dir="0" index="0" bw="1" slack="0"/>
<pin id="456" dir="1" index="1" bw="16" slack="0"/>
</pin_list>
<bind>
<opcode="alloca(26) " fcode="alloca"/>
<opset="c_row_major_2_5_0/1 "/>
</bind>
</comp>

<comp id="458" class="1004" name="c_row_major_2_6_0_fu_458">
<pin_list>
<pin id="459" dir="0" index="0" bw="1" slack="0"/>
<pin id="460" dir="1" index="1" bw="16" slack="0"/>
</pin_list>
<bind>
<opcode="alloca(26) " fcode="alloca"/>
<opset="c_row_major_2_6_0/1 "/>
</bind>
</comp>

<comp id="462" class="1004" name="c_row_major_2_7_0_fu_462">
<pin_list>
<pin id="463" dir="0" index="0" bw="1" slack="0"/>
<pin id="464" dir="1" index="1" bw="16" slack="0"/>
</pin_list>
<bind>
<opcode="alloca(26) " fcode="alloca"/>
<opset="c_row_major_2_7_0/1 "/>
</bind>
</comp>

<comp id="466" class="1004" name="c_row_major_3_0_0_fu_466">
<pin_list>
<pin id="467" dir="0" index="0" bw="1" slack="0"/>
<pin id="468" dir="1" index="1" bw="16" slack="0"/>
</pin_list>
<bind>
<opcode="alloca(26) " fcode="alloca"/>
<opset="c_row_major_3_0_0/1 "/>
</bind>
</comp>

<comp id="470" class="1004" name="c_row_major_3_1_0_fu_470">
<pin_list>
<pin id="471" dir="0" index="0" bw="1" slack="0"/>
<pin id="472" dir="1" index="1" bw="16" slack="0"/>
</pin_list>
<bind>
<opcode="alloca(26) " fcode="alloca"/>
<opset="c_row_major_3_1_0/1 "/>
</bind>
</comp>

<comp id="474" class="1004" name="c_row_major_3_2_0_fu_474">
<pin_list>
<pin id="475" dir="0" index="0" bw="1" slack="0"/>
<pin id="476" dir="1" index="1" bw="16" slack="0"/>
</pin_list>
<bind>
<opcode="alloca(26) " fcode="alloca"/>
<opset="c_row_major_3_2_0/1 "/>
</bind>
</comp>

<comp id="478" class="1004" name="c_row_major_3_3_0_fu_478">
<pin_list>
<pin id="479" dir="0" index="0" bw="1" slack="0"/>
<pin id="480" dir="1" index="1" bw="16" slack="0"/>
</pin_list>
<bind>
<opcode="alloca(26) " fcode="alloca"/>
<opset="c_row_major_3_3_0/1 "/>
</bind>
</comp>

<comp id="482" class="1004" name="c_row_major_3_4_0_fu_482">
<pin_list>
<pin id="483" dir="0" index="0" bw="1" slack="0"/>
<pin id="484" dir="1" index="1" bw="16" slack="0"/>
</pin_list>
<bind>
<opcode="alloca(26) " fcode="alloca"/>
<opset="c_row_major_3_4_0/1 "/>
</bind>
</comp>

<comp id="486" class="1004" name="c_row_major_3_5_0_fu_486">
<pin_list>
<pin id="487" dir="0" index="0" bw="1" slack="0"/>
<pin id="488" dir="1" index="1" bw="16" slack="0"/>
</pin_list>
<bind>
<opcode="alloca(26) " fcode="alloca"/>
<opset="c_row_major_3_5_0/1 "/>
</bind>
</comp>

<comp id="490" class="1004" name="c_row_major_3_6_0_fu_490">
<pin_list>
<pin id="491" dir="0" index="0" bw="1" slack="0"/>
<pin id="492" dir="1" index="1" bw="16" slack="0"/>
</pin_list>
<bind>
<opcode="alloca(26) " fcode="alloca"/>
<opset="c_row_major_3_6_0/1 "/>
</bind>
</comp>

<comp id="494" class="1004" name="c_row_major_3_7_0_fu_494">
<pin_list>
<pin id="495" dir="0" index="0" bw="1" slack="0"/>
<pin id="496" dir="1" index="1" bw="16" slack="0"/>
</pin_list>
<bind>
<opcode="alloca(26) " fcode="alloca"/>
<opset="c_row_major_3_7_0/1 "/>
</bind>
</comp>

<comp id="498" class="1004" name="c_row_major_4_0_0_fu_498">
<pin_list>
<pin id="499" dir="0" index="0" bw="1" slack="0"/>
<pin id="500" dir="1" index="1" bw="16" slack="0"/>
</pin_list>
<bind>
<opcode="alloca(26) " fcode="alloca"/>
<opset="c_row_major_4_0_0/1 "/>
</bind>
</comp>

<comp id="502" class="1004" name="c_row_major_4_1_0_fu_502">
<pin_list>
<pin id="503" dir="0" index="0" bw="1" slack="0"/>
<pin id="504" dir="1" index="1" bw="16" slack="0"/>
</pin_list>
<bind>
<opcode="alloca(26) " fcode="alloca"/>
<opset="c_row_major_4_1_0/1 "/>
</bind>
</comp>

<comp id="506" class="1004" name="c_row_major_4_2_0_fu_506">
<pin_list>
<pin id="507" dir="0" index="0" bw="1" slack="0"/>
<pin id="508" dir="1" index="1" bw="16" slack="0"/>
</pin_list>
<bind>
<opcode="alloca(26) " fcode="alloca"/>
<opset="c_row_major_4_2_0/1 "/>
</bind>
</comp>

<comp id="510" class="1004" name="c_row_major_4_3_0_fu_510">
<pin_list>
<pin id="511" dir="0" index="0" bw="1" slack="0"/>
<pin id="512" dir="1" index="1" bw="16" slack="0"/>
</pin_list>
<bind>
<opcode="alloca(26) " fcode="alloca"/>
<opset="c_row_major_4_3_0/1 "/>
</bind>
</comp>

<comp id="514" class="1004" name="c_row_major_4_4_0_fu_514">
<pin_list>
<pin id="515" dir="0" index="0" bw="1" slack="0"/>
<pin id="516" dir="1" index="1" bw="16" slack="0"/>
</pin_list>
<bind>
<opcode="alloca(26) " fcode="alloca"/>
<opset="c_row_major_4_4_0/1 "/>
</bind>
</comp>

<comp id="518" class="1004" name="c_row_major_4_5_0_fu_518">
<pin_list>
<pin id="519" dir="0" index="0" bw="1" slack="0"/>
<pin id="520" dir="1" index="1" bw="16" slack="0"/>
</pin_list>
<bind>
<opcode="alloca(26) " fcode="alloca"/>
<opset="c_row_major_4_5_0/1 "/>
</bind>
</comp>

<comp id="522" class="1004" name="c_row_major_4_6_0_fu_522">
<pin_list>
<pin id="523" dir="0" index="0" bw="1" slack="0"/>
<pin id="524" dir="1" index="1" bw="16" slack="0"/>
</pin_list>
<bind>
<opcode="alloca(26) " fcode="alloca"/>
<opset="c_row_major_4_6_0/1 "/>
</bind>
</comp>

<comp id="526" class="1004" name="c_row_major_4_7_0_fu_526">
<pin_list>
<pin id="527" dir="0" index="0" bw="1" slack="0"/>
<pin id="528" dir="1" index="1" bw="16" slack="0"/>
</pin_list>
<bind>
<opcode="alloca(26) " fcode="alloca"/>
<opset="c_row_major_4_7_0/1 "/>
</bind>
</comp>

<comp id="530" class="1004" name="c_row_major_5_0_0_fu_530">
<pin_list>
<pin id="531" dir="0" index="0" bw="1" slack="0"/>
<pin id="532" dir="1" index="1" bw="16" slack="0"/>
</pin_list>
<bind>
<opcode="alloca(26) " fcode="alloca"/>
<opset="c_row_major_5_0_0/1 "/>
</bind>
</comp>

<comp id="534" class="1004" name="c_row_major_5_1_0_fu_534">
<pin_list>
<pin id="535" dir="0" index="0" bw="1" slack="0"/>
<pin id="536" dir="1" index="1" bw="16" slack="0"/>
</pin_list>
<bind>
<opcode="alloca(26) " fcode="alloca"/>
<opset="c_row_major_5_1_0/1 "/>
</bind>
</comp>

<comp id="538" class="1004" name="c_row_major_5_2_0_fu_538">
<pin_list>
<pin id="539" dir="0" index="0" bw="1" slack="0"/>
<pin id="540" dir="1" index="1" bw="16" slack="0"/>
</pin_list>
<bind>
<opcode="alloca(26) " fcode="alloca"/>
<opset="c_row_major_5_2_0/1 "/>
</bind>
</comp>

<comp id="542" class="1004" name="c_row_major_5_3_0_fu_542">
<pin_list>
<pin id="543" dir="0" index="0" bw="1" slack="0"/>
<pin id="544" dir="1" index="1" bw="16" slack="0"/>
</pin_list>
<bind>
<opcode="alloca(26) " fcode="alloca"/>
<opset="c_row_major_5_3_0/1 "/>
</bind>
</comp>

<comp id="546" class="1004" name="c_row_major_5_4_0_fu_546">
<pin_list>
<pin id="547" dir="0" index="0" bw="1" slack="0"/>
<pin id="548" dir="1" index="1" bw="16" slack="0"/>
</pin_list>
<bind>
<opcode="alloca(26) " fcode="alloca"/>
<opset="c_row_major_5_4_0/1 "/>
</bind>
</comp>

<comp id="550" class="1004" name="c_row_major_5_5_0_fu_550">
<pin_list>
<pin id="551" dir="0" index="0" bw="1" slack="0"/>
<pin id="552" dir="1" index="1" bw="16" slack="0"/>
</pin_list>
<bind>
<opcode="alloca(26) " fcode="alloca"/>
<opset="c_row_major_5_5_0/1 "/>
</bind>
</comp>

<comp id="554" class="1004" name="c_row_major_5_6_0_fu_554">
<pin_list>
<pin id="555" dir="0" index="0" bw="1" slack="0"/>
<pin id="556" dir="1" index="1" bw="16" slack="0"/>
</pin_list>
<bind>
<opcode="alloca(26) " fcode="alloca"/>
<opset="c_row_major_5_6_0/1 "/>
</bind>
</comp>

<comp id="558" class="1004" name="c_row_major_5_7_0_fu_558">
<pin_list>
<pin id="559" dir="0" index="0" bw="1" slack="0"/>
<pin id="560" dir="1" index="1" bw="16" slack="0"/>
</pin_list>
<bind>
<opcode="alloca(26) " fcode="alloca"/>
<opset="c_row_major_5_7_0/1 "/>
</bind>
</comp>

<comp id="562" class="1004" name="c_row_major_6_0_0_fu_562">
<pin_list>
<pin id="563" dir="0" index="0" bw="1" slack="0"/>
<pin id="564" dir="1" index="1" bw="16" slack="0"/>
</pin_list>
<bind>
<opcode="alloca(26) " fcode="alloca"/>
<opset="c_row_major_6_0_0/1 "/>
</bind>
</comp>

<comp id="566" class="1004" name="c_row_major_6_1_0_fu_566">
<pin_list>
<pin id="567" dir="0" index="0" bw="1" slack="0"/>
<pin id="568" dir="1" index="1" bw="16" slack="0"/>
</pin_list>
<bind>
<opcode="alloca(26) " fcode="alloca"/>
<opset="c_row_major_6_1_0/1 "/>
</bind>
</comp>

<comp id="570" class="1004" name="c_row_major_6_2_0_fu_570">
<pin_list>
<pin id="571" dir="0" index="0" bw="1" slack="0"/>
<pin id="572" dir="1" index="1" bw="16" slack="0"/>
</pin_list>
<bind>
<opcode="alloca(26) " fcode="alloca"/>
<opset="c_row_major_6_2_0/1 "/>
</bind>
</comp>

<comp id="574" class="1004" name="c_row_major_6_3_0_fu_574">
<pin_list>
<pin id="575" dir="0" index="0" bw="1" slack="0"/>
<pin id="576" dir="1" index="1" bw="16" slack="0"/>
</pin_list>
<bind>
<opcode="alloca(26) " fcode="alloca"/>
<opset="c_row_major_6_3_0/1 "/>
</bind>
</comp>

<comp id="578" class="1004" name="c_row_major_6_4_0_fu_578">
<pin_list>
<pin id="579" dir="0" index="0" bw="1" slack="0"/>
<pin id="580" dir="1" index="1" bw="16" slack="0"/>
</pin_list>
<bind>
<opcode="alloca(26) " fcode="alloca"/>
<opset="c_row_major_6_4_0/1 "/>
</bind>
</comp>

<comp id="582" class="1004" name="c_row_major_6_5_0_fu_582">
<pin_list>
<pin id="583" dir="0" index="0" bw="1" slack="0"/>
<pin id="584" dir="1" index="1" bw="16" slack="0"/>
</pin_list>
<bind>
<opcode="alloca(26) " fcode="alloca"/>
<opset="c_row_major_6_5_0/1 "/>
</bind>
</comp>

<comp id="586" class="1004" name="c_row_major_6_6_0_fu_586">
<pin_list>
<pin id="587" dir="0" index="0" bw="1" slack="0"/>
<pin id="588" dir="1" index="1" bw="16" slack="0"/>
</pin_list>
<bind>
<opcode="alloca(26) " fcode="alloca"/>
<opset="c_row_major_6_6_0/1 "/>
</bind>
</comp>

<comp id="590" class="1004" name="c_row_major_6_7_0_fu_590">
<pin_list>
<pin id="591" dir="0" index="0" bw="1" slack="0"/>
<pin id="592" dir="1" index="1" bw="16" slack="0"/>
</pin_list>
<bind>
<opcode="alloca(26) " fcode="alloca"/>
<opset="c_row_major_6_7_0/1 "/>
</bind>
</comp>

<comp id="594" class="1004" name="c_row_major_7_0_0_fu_594">
<pin_list>
<pin id="595" dir="0" index="0" bw="1" slack="0"/>
<pin id="596" dir="1" index="1" bw="16" slack="0"/>
</pin_list>
<bind>
<opcode="alloca(26) " fcode="alloca"/>
<opset="c_row_major_7_0_0/1 "/>
</bind>
</comp>

<comp id="598" class="1004" name="c_row_major_7_1_0_fu_598">
<pin_list>
<pin id="599" dir="0" index="0" bw="1" slack="0"/>
<pin id="600" dir="1" index="1" bw="16" slack="0"/>
</pin_list>
<bind>
<opcode="alloca(26) " fcode="alloca"/>
<opset="c_row_major_7_1_0/1 "/>
</bind>
</comp>

<comp id="602" class="1004" name="c_row_major_7_2_0_fu_602">
<pin_list>
<pin id="603" dir="0" index="0" bw="1" slack="0"/>
<pin id="604" dir="1" index="1" bw="16" slack="0"/>
</pin_list>
<bind>
<opcode="alloca(26) " fcode="alloca"/>
<opset="c_row_major_7_2_0/1 "/>
</bind>
</comp>

<comp id="606" class="1004" name="c_row_major_7_3_0_fu_606">
<pin_list>
<pin id="607" dir="0" index="0" bw="1" slack="0"/>
<pin id="608" dir="1" index="1" bw="16" slack="0"/>
</pin_list>
<bind>
<opcode="alloca(26) " fcode="alloca"/>
<opset="c_row_major_7_3_0/1 "/>
</bind>
</comp>

<comp id="610" class="1004" name="c_row_major_7_4_0_fu_610">
<pin_list>
<pin id="611" dir="0" index="0" bw="1" slack="0"/>
<pin id="612" dir="1" index="1" bw="16" slack="0"/>
</pin_list>
<bind>
<opcode="alloca(26) " fcode="alloca"/>
<opset="c_row_major_7_4_0/1 "/>
</bind>
</comp>

<comp id="614" class="1004" name="c_row_major_7_5_0_fu_614">
<pin_list>
<pin id="615" dir="0" index="0" bw="1" slack="0"/>
<pin id="616" dir="1" index="1" bw="16" slack="0"/>
</pin_list>
<bind>
<opcode="alloca(26) " fcode="alloca"/>
<opset="c_row_major_7_5_0/1 "/>
</bind>
</comp>

<comp id="618" class="1004" name="c_row_major_7_6_0_fu_618">
<pin_list>
<pin id="619" dir="0" index="0" bw="1" slack="0"/>
<pin id="620" dir="1" index="1" bw="16" slack="0"/>
</pin_list>
<bind>
<opcode="alloca(26) " fcode="alloca"/>
<opset="c_row_major_7_6_0/1 "/>
</bind>
</comp>

<comp id="622" class="1004" name="c_row_major_7_7_0_fu_622">
<pin_list>
<pin id="623" dir="0" index="0" bw="1" slack="0"/>
<pin id="624" dir="1" index="1" bw="16" slack="0"/>
</pin_list>
<bind>
<opcode="alloca(26) " fcode="alloca"/>
<opset="c_row_major_7_7_0/1 "/>
</bind>
</comp>

<comp id="626" class="1004" name="k_fu_626">
<pin_list>
<pin id="627" dir="0" index="0" bw="1" slack="0"/>
<pin id="628" dir="1" index="1" bw="64" slack="0"/>
</pin_list>
<bind>
<opcode="alloca(26) " fcode="alloca"/>
<opset="k/1 "/>
</bind>
</comp>

<comp id="630" class="1004" name="icmp15_read_read_fu_630">
<pin_list>
<pin id="631" dir="0" index="0" bw="1" slack="0"/>
<pin id="632" dir="0" index="1" bw="1" slack="0"/>
<pin id="633" dir="1" index="2" bw="1" slack="2"/>
</pin_list>
<bind>
<opcode="read(1150) " fcode="read"/>
<opset="icmp15_read/1 "/>
</bind>
</comp>

<comp id="636" class="1004" name="cmp9_6_not_read_read_fu_636">
<pin_list>
<pin id="637" dir="0" index="0" bw="1" slack="0"/>
<pin id="638" dir="0" index="1" bw="1" slack="0"/>
<pin id="639" dir="1" index="2" bw="1" slack="2"/>
</pin_list>
<bind>
<opcode="read(1150) " fcode="read"/>
<opset="cmp9_6_not_read/1 "/>
</bind>
</comp>

<comp id="642" class="1004" name="cmp9_5_not_read_read_fu_642">
<pin_list>
<pin id="643" dir="0" index="0" bw="1" slack="0"/>
<pin id="644" dir="0" index="1" bw="1" slack="0"/>
<pin id="645" dir="1" index="2" bw="1" slack="2"/>
</pin_list>
<bind>
<opcode="read(1150) " fcode="read"/>
<opset="cmp9_5_not_read/1 "/>
</bind>
</comp>

<comp id="648" class="1004" name="cmp9_4_not_read_read_fu_648">
<pin_list>
<pin id="649" dir="0" index="0" bw="1" slack="0"/>
<pin id="650" dir="0" index="1" bw="1" slack="0"/>
<pin id="651" dir="1" index="2" bw="1" slack="2"/>
</pin_list>
<bind>
<opcode="read(1150) " fcode="read"/>
<opset="cmp9_4_not_read/1 "/>
</bind>
</comp>

<comp id="654" class="1004" name="icmp12_read_read_fu_654">
<pin_list>
<pin id="655" dir="0" index="0" bw="1" slack="0"/>
<pin id="656" dir="0" index="1" bw="1" slack="0"/>
<pin id="657" dir="1" index="2" bw="1" slack="2"/>
</pin_list>
<bind>
<opcode="read(1150) " fcode="read"/>
<opset="icmp12_read/1 "/>
</bind>
</comp>

<comp id="660" class="1004" name="cmp9_2_not_read_read_fu_660">
<pin_list>
<pin id="661" dir="0" index="0" bw="1" slack="0"/>
<pin id="662" dir="0" index="1" bw="1" slack="0"/>
<pin id="663" dir="1" index="2" bw="1" slack="2"/>
</pin_list>
<bind>
<opcode="read(1150) " fcode="read"/>
<opset="cmp9_2_not_read/1 "/>
</bind>
</comp>

<comp id="666" class="1004" name="icmp9_read_read_fu_666">
<pin_list>
<pin id="667" dir="0" index="0" bw="1" slack="0"/>
<pin id="668" dir="0" index="1" bw="1" slack="0"/>
<pin id="669" dir="1" index="2" bw="1" slack="2"/>
</pin_list>
<bind>
<opcode="read(1150) " fcode="read"/>
<opset="icmp9_read/1 "/>
</bind>
</comp>

<comp id="672" class="1004" name="icmp6_read_read_fu_672">
<pin_list>
<pin id="673" dir="0" index="0" bw="1" slack="0"/>
<pin id="674" dir="0" index="1" bw="1" slack="0"/>
<pin id="675" dir="1" index="2" bw="1" slack="2"/>
</pin_list>
<bind>
<opcode="read(1150) " fcode="read"/>
<opset="icmp6_read/1 "/>
</bind>
</comp>

<comp id="678" class="1004" name="cmp15_6152_read_read_fu_678">
<pin_list>
<pin id="679" dir="0" index="0" bw="1" slack="0"/>
<pin id="680" dir="0" index="1" bw="1" slack="0"/>
<pin id="681" dir="1" index="2" bw="1" slack="2"/>
</pin_list>
<bind>
<opcode="read(1150) " fcode="read"/>
<opset="cmp15_6152_read/1 "/>
</bind>
</comp>

<comp id="684" class="1004" name="cmp15_5124_read_read_fu_684">
<pin_list>
<pin id="685" dir="0" index="0" bw="1" slack="0"/>
<pin id="686" dir="0" index="1" bw="1" slack="0"/>
<pin id="687" dir="1" index="2" bw="1" slack="2"/>
</pin_list>
<bind>
<opcode="read(1150) " fcode="read"/>
<opset="cmp15_5124_read/1 "/>
</bind>
</comp>

<comp id="690" class="1004" name="cmp15_496_read_read_fu_690">
<pin_list>
<pin id="691" dir="0" index="0" bw="1" slack="0"/>
<pin id="692" dir="0" index="1" bw="1" slack="0"/>
<pin id="693" dir="1" index="2" bw="1" slack="2"/>
</pin_list>
<bind>
<opcode="read(1150) " fcode="read"/>
<opset="cmp15_496_read/1 "/>
</bind>
</comp>

<comp id="696" class="1004" name="icmp3_read_read_fu_696">
<pin_list>
<pin id="697" dir="0" index="0" bw="1" slack="0"/>
<pin id="698" dir="0" index="1" bw="1" slack="0"/>
<pin id="699" dir="1" index="2" bw="1" slack="2"/>
</pin_list>
<bind>
<opcode="read(1150) " fcode="read"/>
<opset="icmp3_read/1 "/>
</bind>
</comp>

<comp id="702" class="1004" name="cmp15_240_read_read_fu_702">
<pin_list>
<pin id="703" dir="0" index="0" bw="1" slack="0"/>
<pin id="704" dir="0" index="1" bw="1" slack="0"/>
<pin id="705" dir="1" index="2" bw="1" slack="2"/>
</pin_list>
<bind>
<opcode="read(1150) " fcode="read"/>
<opset="cmp15_240_read/1 "/>
</bind>
</comp>

<comp id="708" class="1004" name="icmp_read_read_fu_708">
<pin_list>
<pin id="709" dir="0" index="0" bw="1" slack="0"/>
<pin id="710" dir="0" index="1" bw="1" slack="0"/>
<pin id="711" dir="1" index="2" bw="1" slack="2"/>
</pin_list>
<bind>
<opcode="read(1150) " fcode="read"/>
<opset="icmp_read/1 "/>
</bind>
</comp>

<comp id="714" class="1004" name="cmp15_read_read_fu_714">
<pin_list>
<pin id="715" dir="0" index="0" bw="1" slack="0"/>
<pin id="716" dir="0" index="1" bw="1" slack="0"/>
<pin id="717" dir="1" index="2" bw="1" slack="2"/>
</pin_list>
<bind>
<opcode="read(1150) " fcode="read"/>
<opset="cmp15_read/1 "/>
</bind>
</comp>

<comp id="720" class="1004" name="cmp9_not_read_read_fu_720">
<pin_list>
<pin id="721" dir="0" index="0" bw="1" slack="0"/>
<pin id="722" dir="0" index="1" bw="1" slack="0"/>
<pin id="723" dir="1" index="2" bw="1" slack="2"/>
</pin_list>
<bind>
<opcode="read(1150) " fcode="read"/>
<opset="cmp9_not_read/1 "/>
</bind>
</comp>

<comp id="726" class="1004" name="sext_ln81_read_read_fu_726">
<pin_list>
<pin id="727" dir="0" index="0" bw="32" slack="0"/>
<pin id="728" dir="0" index="1" bw="32" slack="0"/>
<pin id="729" dir="1" index="2" bw="32" slack="0"/>
</pin_list>
<bind>
<opcode="read(1150) " fcode="read"/>
<opset="sext_ln81_read/1 "/>
</bind>
</comp>

<comp id="732" class="1004" name="wide_trip_count_read_read_fu_732">
<pin_list>
<pin id="733" dir="0" index="0" bw="4" slack="0"/>
<pin id="734" dir="0" index="1" bw="4" slack="0"/>
<pin id="735" dir="1" index="2" bw="4" slack="0"/>
</pin_list>
<bind>
<opcode="read(1150) " fcode="read"/>
<opset="wide_trip_count_read/1 "/>
</bind>
</comp>

<comp id="738" class="1004" name="p_read_1_read_fu_738">
<pin_list>
<pin id="739" dir="0" index="0" bw="16" slack="0"/>
<pin id="740" dir="0" index="1" bw="16" slack="0"/>
<pin id="741" dir="1" index="2" bw="16" slack="0"/>
</pin_list>
<bind>
<opcode="read(1150) " fcode="read"/>
<opset="p_read_1/1 "/>
</bind>
</comp>

<comp id="744" class="1004" name="p_read_2_read_fu_744">
<pin_list>
<pin id="745" dir="0" index="0" bw="16" slack="0"/>
<pin id="746" dir="0" index="1" bw="16" slack="0"/>
<pin id="747" dir="1" index="2" bw="16" slack="0"/>
</pin_list>
<bind>
<opcode="read(1150) " fcode="read"/>
<opset="p_read_2/1 "/>
</bind>
</comp>

<comp id="750" class="1004" name="p_read_3_read_fu_750">
<pin_list>
<pin id="751" dir="0" index="0" bw="16" slack="0"/>
<pin id="752" dir="0" index="1" bw="16" slack="0"/>
<pin id="753" dir="1" index="2" bw="16" slack="0"/>
</pin_list>
<bind>
<opcode="read(1150) " fcode="read"/>
<opset="p_read_3/1 "/>
</bind>
</comp>

<comp id="756" class="1004" name="p_read_4_read_fu_756">
<pin_list>
<pin id="757" dir="0" index="0" bw="16" slack="0"/>
<pin id="758" dir="0" index="1" bw="16" slack="0"/>
<pin id="759" dir="1" index="2" bw="16" slack="0"/>
</pin_list>
<bind>
<opcode="read(1150) " fcode="read"/>
<opset="p_read_4/1 "/>
</bind>
</comp>

<comp id="762" class="1004" name="p_read_5_read_fu_762">
<pin_list>
<pin id="763" dir="0" index="0" bw="16" slack="0"/>
<pin id="764" dir="0" index="1" bw="16" slack="0"/>
<pin id="765" dir="1" index="2" bw="16" slack="0"/>
</pin_list>
<bind>
<opcode="read(1150) " fcode="read"/>
<opset="p_read_5/1 "/>
</bind>
</comp>

<comp id="768" class="1004" name="p_read_6_read_fu_768">
<pin_list>
<pin id="769" dir="0" index="0" bw="16" slack="0"/>
<pin id="770" dir="0" index="1" bw="16" slack="0"/>
<pin id="771" dir="1" index="2" bw="16" slack="0"/>
</pin_list>
<bind>
<opcode="read(1150) " fcode="read"/>
<opset="p_read_6/1 "/>
</bind>
</comp>

<comp id="774" class="1004" name="p_read_7_read_fu_774">
<pin_list>
<pin id="775" dir="0" index="0" bw="16" slack="0"/>
<pin id="776" dir="0" index="1" bw="16" slack="0"/>
<pin id="777" dir="1" index="2" bw="16" slack="0"/>
</pin_list>
<bind>
<opcode="read(1150) " fcode="read"/>
<opset="p_read_7/1 "/>
</bind>
</comp>

<comp id="780" class="1004" name="p_read_8_read_fu_780">
<pin_list>
<pin id="781" dir="0" index="0" bw="16" slack="0"/>
<pin id="782" dir="0" index="1" bw="16" slack="0"/>
<pin id="783" dir="1" index="2" bw="16" slack="0"/>
</pin_list>
<bind>
<opcode="read(1150) " fcode="read"/>
<opset="p_read_8/1 "/>
</bind>
</comp>

<comp id="786" class="1004" name="p_read_9_read_fu_786">
<pin_list>
<pin id="787" dir="0" index="0" bw="16" slack="0"/>
<pin id="788" dir="0" index="1" bw="16" slack="0"/>
<pin id="789" dir="1" index="2" bw="16" slack="0"/>
</pin_list>
<bind>
<opcode="read(1150) " fcode="read"/>
<opset="p_read_9/1 "/>
</bind>
</comp>

<comp id="792" class="1004" name="p_read_10_read_fu_792">
<pin_list>
<pin id="793" dir="0" index="0" bw="16" slack="0"/>
<pin id="794" dir="0" index="1" bw="16" slack="0"/>
<pin id="795" dir="1" index="2" bw="16" slack="0"/>
</pin_list>
<bind>
<opcode="read(1150) " fcode="read"/>
<opset="p_read_10/1 "/>
</bind>
</comp>

<comp id="798" class="1004" name="p_read_11_read_fu_798">
<pin_list>
<pin id="799" dir="0" index="0" bw="16" slack="0"/>
<pin id="800" dir="0" index="1" bw="16" slack="0"/>
<pin id="801" dir="1" index="2" bw="16" slack="0"/>
</pin_list>
<bind>
<opcode="read(1150) " fcode="read"/>
<opset="p_read_11/1 "/>
</bind>
</comp>

<comp id="804" class="1004" name="p_read_12_read_fu_804">
<pin_list>
<pin id="805" dir="0" index="0" bw="16" slack="0"/>
<pin id="806" dir="0" index="1" bw="16" slack="0"/>
<pin id="807" dir="1" index="2" bw="16" slack="0"/>
</pin_list>
<bind>
<opcode="read(1150) " fcode="read"/>
<opset="p_read_12/1 "/>
</bind>
</comp>

<comp id="810" class="1004" name="p_read_13_read_fu_810">
<pin_list>
<pin id="811" dir="0" index="0" bw="16" slack="0"/>
<pin id="812" dir="0" index="1" bw="16" slack="0"/>
<pin id="813" dir="1" index="2" bw="16" slack="0"/>
</pin_list>
<bind>
<opcode="read(1150) " fcode="read"/>
<opset="p_read_13/1 "/>
</bind>
</comp>

<comp id="816" class="1004" name="p_read_14_read_fu_816">
<pin_list>
<pin id="817" dir="0" index="0" bw="16" slack="0"/>
<pin id="818" dir="0" index="1" bw="16" slack="0"/>
<pin id="819" dir="1" index="2" bw="16" slack="0"/>
</pin_list>
<bind>
<opcode="read(1150) " fcode="read"/>
<opset="p_read_14/1 "/>
</bind>
</comp>

<comp id="822" class="1004" name="p_read_15_read_fu_822">
<pin_list>
<pin id="823" dir="0" index="0" bw="16" slack="0"/>
<pin id="824" dir="0" index="1" bw="16" slack="0"/>
<pin id="825" dir="1" index="2" bw="16" slack="0"/>
</pin_list>
<bind>
<opcode="read(1150) " fcode="read"/>
<opset="p_read_15/1 "/>
</bind>
</comp>

<comp id="828" class="1004" name="p_read_16_read_fu_828">
<pin_list>
<pin id="829" dir="0" index="0" bw="16" slack="0"/>
<pin id="830" dir="0" index="1" bw="16" slack="0"/>
<pin id="831" dir="1" index="2" bw="16" slack="0"/>
</pin_list>
<bind>
<opcode="read(1150) " fcode="read"/>
<opset="p_read_16/1 "/>
</bind>
</comp>

<comp id="834" class="1004" name="p_read_17_read_fu_834">
<pin_list>
<pin id="835" dir="0" index="0" bw="16" slack="0"/>
<pin id="836" dir="0" index="1" bw="16" slack="0"/>
<pin id="837" dir="1" index="2" bw="16" slack="0"/>
</pin_list>
<bind>
<opcode="read(1150) " fcode="read"/>
<opset="p_read_17/1 "/>
</bind>
</comp>

<comp id="840" class="1004" name="p_read_18_read_fu_840">
<pin_list>
<pin id="841" dir="0" index="0" bw="16" slack="0"/>
<pin id="842" dir="0" index="1" bw="16" slack="0"/>
<pin id="843" dir="1" index="2" bw="16" slack="0"/>
</pin_list>
<bind>
<opcode="read(1150) " fcode="read"/>
<opset="p_read_18/1 "/>
</bind>
</comp>

<comp id="846" class="1004" name="p_read_19_read_fu_846">
<pin_list>
<pin id="847" dir="0" index="0" bw="16" slack="0"/>
<pin id="848" dir="0" index="1" bw="16" slack="0"/>
<pin id="849" dir="1" index="2" bw="16" slack="0"/>
</pin_list>
<bind>
<opcode="read(1150) " fcode="read"/>
<opset="p_read_19/1 "/>
</bind>
</comp>

<comp id="852" class="1004" name="p_read_20_read_fu_852">
<pin_list>
<pin id="853" dir="0" index="0" bw="16" slack="0"/>
<pin id="854" dir="0" index="1" bw="16" slack="0"/>
<pin id="855" dir="1" index="2" bw="16" slack="0"/>
</pin_list>
<bind>
<opcode="read(1150) " fcode="read"/>
<opset="p_read_20/1 "/>
</bind>
</comp>

<comp id="858" class="1004" name="p_read_21_read_fu_858">
<pin_list>
<pin id="859" dir="0" index="0" bw="16" slack="0"/>
<pin id="860" dir="0" index="1" bw="16" slack="0"/>
<pin id="861" dir="1" index="2" bw="16" slack="0"/>
</pin_list>
<bind>
<opcode="read(1150) " fcode="read"/>
<opset="p_read_21/1 "/>
</bind>
</comp>

<comp id="864" class="1004" name="p_read_22_read_fu_864">
<pin_list>
<pin id="865" dir="0" index="0" bw="16" slack="0"/>
<pin id="866" dir="0" index="1" bw="16" slack="0"/>
<pin id="867" dir="1" index="2" bw="16" slack="0"/>
</pin_list>
<bind>
<opcode="read(1150) " fcode="read"/>
<opset="p_read_22/1 "/>
</bind>
</comp>

<comp id="870" class="1004" name="p_read_23_read_fu_870">
<pin_list>
<pin id="871" dir="0" index="0" bw="16" slack="0"/>
<pin id="872" dir="0" index="1" bw="16" slack="0"/>
<pin id="873" dir="1" index="2" bw="16" slack="0"/>
</pin_list>
<bind>
<opcode="read(1150) " fcode="read"/>
<opset="p_read_23/1 "/>
</bind>
</comp>

<comp id="876" class="1004" name="p_read_24_read_fu_876">
<pin_list>
<pin id="877" dir="0" index="0" bw="16" slack="0"/>
<pin id="878" dir="0" index="1" bw="16" slack="0"/>
<pin id="879" dir="1" index="2" bw="16" slack="0"/>
</pin_list>
<bind>
<opcode="read(1150) " fcode="read"/>
<opset="p_read_24/1 "/>
</bind>
</comp>

<comp id="882" class="1004" name="p_read_25_read_fu_882">
<pin_list>
<pin id="883" dir="0" index="0" bw="16" slack="0"/>
<pin id="884" dir="0" index="1" bw="16" slack="0"/>
<pin id="885" dir="1" index="2" bw="16" slack="0"/>
</pin_list>
<bind>
<opcode="read(1150) " fcode="read"/>
<opset="p_read_25/1 "/>
</bind>
</comp>

<comp id="888" class="1004" name="p_read_26_read_fu_888">
<pin_list>
<pin id="889" dir="0" index="0" bw="16" slack="0"/>
<pin id="890" dir="0" index="1" bw="16" slack="0"/>
<pin id="891" dir="1" index="2" bw="16" slack="0"/>
</pin_list>
<bind>
<opcode="read(1150) " fcode="read"/>
<opset="p_read_26/1 "/>
</bind>
</comp>

<comp id="894" class="1004" name="p_read_27_read_fu_894">
<pin_list>
<pin id="895" dir="0" index="0" bw="16" slack="0"/>
<pin id="896" dir="0" index="1" bw="16" slack="0"/>
<pin id="897" dir="1" index="2" bw="16" slack="0"/>
</pin_list>
<bind>
<opcode="read(1150) " fcode="read"/>
<opset="p_read_27/1 "/>
</bind>
</comp>

<comp id="900" class="1004" name="p_read_28_read_fu_900">
<pin_list>
<pin id="901" dir="0" index="0" bw="16" slack="0"/>
<pin id="902" dir="0" index="1" bw="16" slack="0"/>
<pin id="903" dir="1" index="2" bw="16" slack="0"/>
</pin_list>
<bind>
<opcode="read(1150) " fcode="read"/>
<opset="p_read_28/1 "/>
</bind>
</comp>

<comp id="906" class="1004" name="p_read_29_read_fu_906">
<pin_list>
<pin id="907" dir="0" index="0" bw="16" slack="0"/>
<pin id="908" dir="0" index="1" bw="16" slack="0"/>
<pin id="909" dir="1" index="2" bw="16" slack="0"/>
</pin_list>
<bind>
<opcode="read(1150) " fcode="read"/>
<opset="p_read_29/1 "/>
</bind>
</comp>

<comp id="912" class="1004" name="p_read_30_read_fu_912">
<pin_list>
<pin id="913" dir="0" index="0" bw="16" slack="0"/>
<pin id="914" dir="0" index="1" bw="16" slack="0"/>
<pin id="915" dir="1" index="2" bw="16" slack="0"/>
</pin_list>
<bind>
<opcode="read(1150) " fcode="read"/>
<opset="p_read_30/1 "/>
</bind>
</comp>

<comp id="918" class="1004" name="p_read_31_read_fu_918">
<pin_list>
<pin id="919" dir="0" index="0" bw="16" slack="0"/>
<pin id="920" dir="0" index="1" bw="16" slack="0"/>
<pin id="921" dir="1" index="2" bw="16" slack="0"/>
</pin_list>
<bind>
<opcode="read(1150) " fcode="read"/>
<opset="p_read_31/1 "/>
</bind>
</comp>

<comp id="924" class="1004" name="p_read_32_read_fu_924">
<pin_list>
<pin id="925" dir="0" index="0" bw="16" slack="0"/>
<pin id="926" dir="0" index="1" bw="16" slack="0"/>
<pin id="927" dir="1" index="2" bw="16" slack="0"/>
</pin_list>
<bind>
<opcode="read(1150) " fcode="read"/>
<opset="p_read_32/1 "/>
</bind>
</comp>

<comp id="930" class="1004" name="p_read_33_read_fu_930">
<pin_list>
<pin id="931" dir="0" index="0" bw="16" slack="0"/>
<pin id="932" dir="0" index="1" bw="16" slack="0"/>
<pin id="933" dir="1" index="2" bw="16" slack="0"/>
</pin_list>
<bind>
<opcode="read(1150) " fcode="read"/>
<opset="p_read_33/1 "/>
</bind>
</comp>

<comp id="936" class="1004" name="p_read_34_read_fu_936">
<pin_list>
<pin id="937" dir="0" index="0" bw="16" slack="0"/>
<pin id="938" dir="0" index="1" bw="16" slack="0"/>
<pin id="939" dir="1" index="2" bw="16" slack="0"/>
</pin_list>
<bind>
<opcode="read(1150) " fcode="read"/>
<opset="p_read_34/1 "/>
</bind>
</comp>

<comp id="942" class="1004" name="p_read_35_read_fu_942">
<pin_list>
<pin id="943" dir="0" index="0" bw="16" slack="0"/>
<pin id="944" dir="0" index="1" bw="16" slack="0"/>
<pin id="945" dir="1" index="2" bw="16" slack="0"/>
</pin_list>
<bind>
<opcode="read(1150) " fcode="read"/>
<opset="p_read_35/1 "/>
</bind>
</comp>

<comp id="948" class="1004" name="p_read_36_read_fu_948">
<pin_list>
<pin id="949" dir="0" index="0" bw="16" slack="0"/>
<pin id="950" dir="0" index="1" bw="16" slack="0"/>
<pin id="951" dir="1" index="2" bw="16" slack="0"/>
</pin_list>
<bind>
<opcode="read(1150) " fcode="read"/>
<opset="p_read_36/1 "/>
</bind>
</comp>

<comp id="954" class="1004" name="p_read_37_read_fu_954">
<pin_list>
<pin id="955" dir="0" index="0" bw="16" slack="0"/>
<pin id="956" dir="0" index="1" bw="16" slack="0"/>
<pin id="957" dir="1" index="2" bw="16" slack="0"/>
</pin_list>
<bind>
<opcode="read(1150) " fcode="read"/>
<opset="p_read_37/1 "/>
</bind>
</comp>

<comp id="960" class="1004" name="p_read_38_read_fu_960">
<pin_list>
<pin id="961" dir="0" index="0" bw="16" slack="0"/>
<pin id="962" dir="0" index="1" bw="16" slack="0"/>
<pin id="963" dir="1" index="2" bw="16" slack="0"/>
</pin_list>
<bind>
<opcode="read(1150) " fcode="read"/>
<opset="p_read_38/1 "/>
</bind>
</comp>

<comp id="966" class="1004" name="p_read_39_read_fu_966">
<pin_list>
<pin id="967" dir="0" index="0" bw="16" slack="0"/>
<pin id="968" dir="0" index="1" bw="16" slack="0"/>
<pin id="969" dir="1" index="2" bw="16" slack="0"/>
</pin_list>
<bind>
<opcode="read(1150) " fcode="read"/>
<opset="p_read_39/1 "/>
</bind>
</comp>

<comp id="972" class="1004" name="p_read_40_read_fu_972">
<pin_list>
<pin id="973" dir="0" index="0" bw="16" slack="0"/>
<pin id="974" dir="0" index="1" bw="16" slack="0"/>
<pin id="975" dir="1" index="2" bw="16" slack="0"/>
</pin_list>
<bind>
<opcode="read(1150) " fcode="read"/>
<opset="p_read_40/1 "/>
</bind>
</comp>

<comp id="978" class="1004" name="p_read4028_read_fu_978">
<pin_list>
<pin id="979" dir="0" index="0" bw="16" slack="0"/>
<pin id="980" dir="0" index="1" bw="16" slack="0"/>
<pin id="981" dir="1" index="2" bw="16" slack="0"/>
</pin_list>
<bind>
<opcode="read(1150) " fcode="read"/>
<opset="p_read4028/1 "/>
</bind>
</comp>

<comp id="984" class="1004" name="p_read_41_read_fu_984">
<pin_list>
<pin id="985" dir="0" index="0" bw="16" slack="0"/>
<pin id="986" dir="0" index="1" bw="16" slack="0"/>
<pin id="987" dir="1" index="2" bw="16" slack="0"/>
</pin_list>
<bind>
<opcode="read(1150) " fcode="read"/>
<opset="p_read_41/1 "/>
</bind>
</comp>

<comp id="990" class="1004" name="p_read_42_read_fu_990">
<pin_list>
<pin id="991" dir="0" index="0" bw="16" slack="0"/>
<pin id="992" dir="0" index="1" bw="16" slack="0"/>
<pin id="993" dir="1" index="2" bw="16" slack="0"/>
</pin_list>
<bind>
<opcode="read(1150) " fcode="read"/>
<opset="p_read_42/1 "/>
</bind>
</comp>

<comp id="996" class="1004" name="p_read_43_read_fu_996">
<pin_list>
<pin id="997" dir="0" index="0" bw="16" slack="0"/>
<pin id="998" dir="0" index="1" bw="16" slack="0"/>
<pin id="999" dir="1" index="2" bw="16" slack="0"/>
</pin_list>
<bind>
<opcode="read(1150) " fcode="read"/>
<opset="p_read_43/1 "/>
</bind>
</comp>

<comp id="1002" class="1004" name="p_read_44_read_fu_1002">
<pin_list>
<pin id="1003" dir="0" index="0" bw="16" slack="0"/>
<pin id="1004" dir="0" index="1" bw="16" slack="0"/>
<pin id="1005" dir="1" index="2" bw="16" slack="0"/>
</pin_list>
<bind>
<opcode="read(1150) " fcode="read"/>
<opset="p_read_44/1 "/>
</bind>
</comp>

<comp id="1008" class="1004" name="p_read_45_read_fu_1008">
<pin_list>
<pin id="1009" dir="0" index="0" bw="16" slack="0"/>
<pin id="1010" dir="0" index="1" bw="16" slack="0"/>
<pin id="1011" dir="1" index="2" bw="16" slack="0"/>
</pin_list>
<bind>
<opcode="read(1150) " fcode="read"/>
<opset="p_read_45/1 "/>
</bind>
</comp>

<comp id="1014" class="1004" name="p_read_46_read_fu_1014">
<pin_list>
<pin id="1015" dir="0" index="0" bw="16" slack="0"/>
<pin id="1016" dir="0" index="1" bw="16" slack="0"/>
<pin id="1017" dir="1" index="2" bw="16" slack="0"/>
</pin_list>
<bind>
<opcode="read(1150) " fcode="read"/>
<opset="p_read_46/1 "/>
</bind>
</comp>

<comp id="1020" class="1004" name="p_read_47_read_fu_1020">
<pin_list>
<pin id="1021" dir="0" index="0" bw="16" slack="0"/>
<pin id="1022" dir="0" index="1" bw="16" slack="0"/>
<pin id="1023" dir="1" index="2" bw="16" slack="0"/>
</pin_list>
<bind>
<opcode="read(1150) " fcode="read"/>
<opset="p_read_47/1 "/>
</bind>
</comp>

<comp id="1026" class="1004" name="p_read_48_read_fu_1026">
<pin_list>
<pin id="1027" dir="0" index="0" bw="16" slack="0"/>
<pin id="1028" dir="0" index="1" bw="16" slack="0"/>
<pin id="1029" dir="1" index="2" bw="16" slack="0"/>
</pin_list>
<bind>
<opcode="read(1150) " fcode="read"/>
<opset="p_read_48/1 "/>
</bind>
</comp>

<comp id="1032" class="1004" name="p_read_49_read_fu_1032">
<pin_list>
<pin id="1033" dir="0" index="0" bw="16" slack="0"/>
<pin id="1034" dir="0" index="1" bw="16" slack="0"/>
<pin id="1035" dir="1" index="2" bw="16" slack="0"/>
</pin_list>
<bind>
<opcode="read(1150) " fcode="read"/>
<opset="p_read_49/1 "/>
</bind>
</comp>

<comp id="1038" class="1004" name="p_read5018_read_fu_1038">
<pin_list>
<pin id="1039" dir="0" index="0" bw="16" slack="0"/>
<pin id="1040" dir="0" index="1" bw="16" slack="0"/>
<pin id="1041" dir="1" index="2" bw="16" slack="0"/>
</pin_list>
<bind>
<opcode="read(1150) " fcode="read"/>
<opset="p_read5018/1 "/>
</bind>
</comp>

<comp id="1044" class="1004" name="p_read_50_read_fu_1044">
<pin_list>
<pin id="1045" dir="0" index="0" bw="16" slack="0"/>
<pin id="1046" dir="0" index="1" bw="16" slack="0"/>
<pin id="1047" dir="1" index="2" bw="16" slack="0"/>
</pin_list>
<bind>
<opcode="read(1150) " fcode="read"/>
<opset="p_read_50/1 "/>
</bind>
</comp>

<comp id="1050" class="1004" name="p_read_51_read_fu_1050">
<pin_list>
<pin id="1051" dir="0" index="0" bw="16" slack="0"/>
<pin id="1052" dir="0" index="1" bw="16" slack="0"/>
<pin id="1053" dir="1" index="2" bw="16" slack="0"/>
</pin_list>
<bind>
<opcode="read(1150) " fcode="read"/>
<opset="p_read_51/1 "/>
</bind>
</comp>

<comp id="1056" class="1004" name="p_read_52_read_fu_1056">
<pin_list>
<pin id="1057" dir="0" index="0" bw="16" slack="0"/>
<pin id="1058" dir="0" index="1" bw="16" slack="0"/>
<pin id="1059" dir="1" index="2" bw="16" slack="0"/>
</pin_list>
<bind>
<opcode="read(1150) " fcode="read"/>
<opset="p_read_52/1 "/>
</bind>
</comp>

<comp id="1062" class="1004" name="p_read_53_read_fu_1062">
<pin_list>
<pin id="1063" dir="0" index="0" bw="16" slack="0"/>
<pin id="1064" dir="0" index="1" bw="16" slack="0"/>
<pin id="1065" dir="1" index="2" bw="16" slack="0"/>
</pin_list>
<bind>
<opcode="read(1150) " fcode="read"/>
<opset="p_read_53/1 "/>
</bind>
</comp>

<comp id="1068" class="1004" name="p_read_54_read_fu_1068">
<pin_list>
<pin id="1069" dir="0" index="0" bw="16" slack="0"/>
<pin id="1070" dir="0" index="1" bw="16" slack="0"/>
<pin id="1071" dir="1" index="2" bw="16" slack="0"/>
</pin_list>
<bind>
<opcode="read(1150) " fcode="read"/>
<opset="p_read_54/1 "/>
</bind>
</comp>

<comp id="1074" class="1004" name="p_read_55_read_fu_1074">
<pin_list>
<pin id="1075" dir="0" index="0" bw="16" slack="0"/>
<pin id="1076" dir="0" index="1" bw="16" slack="0"/>
<pin id="1077" dir="1" index="2" bw="16" slack="0"/>
</pin_list>
<bind>
<opcode="read(1150) " fcode="read"/>
<opset="p_read_55/1 "/>
</bind>
</comp>

<comp id="1080" class="1004" name="p_read_56_read_fu_1080">
<pin_list>
<pin id="1081" dir="0" index="0" bw="16" slack="0"/>
<pin id="1082" dir="0" index="1" bw="16" slack="0"/>
<pin id="1083" dir="1" index="2" bw="16" slack="0"/>
</pin_list>
<bind>
<opcode="read(1150) " fcode="read"/>
<opset="p_read_56/1 "/>
</bind>
</comp>

<comp id="1086" class="1004" name="p_read_57_read_fu_1086">
<pin_list>
<pin id="1087" dir="0" index="0" bw="16" slack="0"/>
<pin id="1088" dir="0" index="1" bw="16" slack="0"/>
<pin id="1089" dir="1" index="2" bw="16" slack="0"/>
</pin_list>
<bind>
<opcode="read(1150) " fcode="read"/>
<opset="p_read_57/1 "/>
</bind>
</comp>

<comp id="1092" class="1004" name="p_read_58_read_fu_1092">
<pin_list>
<pin id="1093" dir="0" index="0" bw="16" slack="0"/>
<pin id="1094" dir="0" index="1" bw="16" slack="0"/>
<pin id="1095" dir="1" index="2" bw="16" slack="0"/>
</pin_list>
<bind>
<opcode="read(1150) " fcode="read"/>
<opset="p_read_58/1 "/>
</bind>
</comp>

<comp id="1098" class="1004" name="p_read608_read_fu_1098">
<pin_list>
<pin id="1099" dir="0" index="0" bw="16" slack="0"/>
<pin id="1100" dir="0" index="1" bw="16" slack="0"/>
<pin id="1101" dir="1" index="2" bw="16" slack="0"/>
</pin_list>
<bind>
<opcode="read(1150) " fcode="read"/>
<opset="p_read608/1 "/>
</bind>
</comp>

<comp id="1104" class="1004" name="p_read617_read_fu_1104">
<pin_list>
<pin id="1105" dir="0" index="0" bw="16" slack="0"/>
<pin id="1106" dir="0" index="1" bw="16" slack="0"/>
<pin id="1107" dir="1" index="2" bw="16" slack="0"/>
</pin_list>
<bind>
<opcode="read(1150) " fcode="read"/>
<opset="p_read617/1 "/>
</bind>
</comp>

<comp id="1110" class="1004" name="p_read626_read_fu_1110">
<pin_list>
<pin id="1111" dir="0" index="0" bw="16" slack="0"/>
<pin id="1112" dir="0" index="1" bw="16" slack="0"/>
<pin id="1113" dir="1" index="2" bw="16" slack="0"/>
</pin_list>
<bind>
<opcode="read(1150) " fcode="read"/>
<opset="p_read626/1 "/>
</bind>
</comp>

<comp id="1116" class="1004" name="p_read635_read_fu_1116">
<pin_list>
<pin id="1117" dir="0" index="0" bw="16" slack="0"/>
<pin id="1118" dir="0" index="1" bw="16" slack="0"/>
<pin id="1119" dir="1" index="2" bw="16" slack="0"/>
</pin_list>
<bind>
<opcode="read(1150) " fcode="read"/>
<opset="p_read635/1 "/>
</bind>
</comp>

<comp id="1122" class="1004" name="zext_ln81_read_read_fu_1122">
<pin_list>
<pin id="1123" dir="0" index="0" bw="3" slack="0"/>
<pin id="1124" dir="0" index="1" bw="3" slack="0"/>
<pin id="1125" dir="1" index="2" bw="3" slack="0"/>
</pin_list>
<bind>
<opcode="read(1150) " fcode="read"/>
<opset="zext_ln81_read/1 "/>
</bind>
</comp>

<comp id="1128" class="1004" name="write_ln0_write_fu_1128">
<pin_list>
<pin id="1129" dir="0" index="0" bw="0" slack="0"/>
<pin id="1130" dir="0" index="1" bw="16" slack="0"/>
<pin id="1131" dir="0" index="2" bw="16" slack="0"/>
<pin id="1132" dir="1" index="3" bw="0" slack="2147483647"/>
</pin_list>
<bind>
<opcode="write(1151) " fcode="write"/>
<opset="write_ln0/5 "/>
</bind>
</comp>

<comp id="1135" class="1004" name="write_ln0_write_fu_1135">
<pin_list>
<pin id="1136" dir="0" index="0" bw="0" slack="0"/>
<pin id="1137" dir="0" index="1" bw="16" slack="0"/>
<pin id="1138" dir="0" index="2" bw="16" slack="0"/>
<pin id="1139" dir="1" index="3" bw="0" slack="2147483647"/>
</pin_list>
<bind>
<opcode="write(1151) " fcode="write"/>
<opset="write_ln0/5 "/>
</bind>
</comp>

<comp id="1142" class="1004" name="write_ln0_write_fu_1142">
<pin_list>
<pin id="1143" dir="0" index="0" bw="0" slack="0"/>
<pin id="1144" dir="0" index="1" bw="16" slack="0"/>
<pin id="1145" dir="0" index="2" bw="16" slack="0"/>
<pin id="1146" dir="1" index="3" bw="0" slack="2147483647"/>
</pin_list>
<bind>
<opcode="write(1151) " fcode="write"/>
<opset="write_ln0/5 "/>
</bind>
</comp>

<comp id="1149" class="1004" name="write_ln0_write_fu_1149">
<pin_list>
<pin id="1150" dir="0" index="0" bw="0" slack="0"/>
<pin id="1151" dir="0" index="1" bw="16" slack="0"/>
<pin id="1152" dir="0" index="2" bw="16" slack="0"/>
<pin id="1153" dir="1" index="3" bw="0" slack="2147483647"/>
</pin_list>
<bind>
<opcode="write(1151) " fcode="write"/>
<opset="write_ln0/5 "/>
</bind>
</comp>

<comp id="1156" class="1004" name="write_ln0_write_fu_1156">
<pin_list>
<pin id="1157" dir="0" index="0" bw="0" slack="0"/>
<pin id="1158" dir="0" index="1" bw="16" slack="0"/>
<pin id="1159" dir="0" index="2" bw="16" slack="0"/>
<pin id="1160" dir="1" index="3" bw="0" slack="2147483647"/>
</pin_list>
<bind>
<opcode="write(1151) " fcode="write"/>
<opset="write_ln0/5 "/>
</bind>
</comp>

<comp id="1163" class="1004" name="write_ln0_write_fu_1163">
<pin_list>
<pin id="1164" dir="0" index="0" bw="0" slack="0"/>
<pin id="1165" dir="0" index="1" bw="16" slack="0"/>
<pin id="1166" dir="0" index="2" bw="16" slack="0"/>
<pin id="1167" dir="1" index="3" bw="0" slack="2147483647"/>
</pin_list>
<bind>
<opcode="write(1151) " fcode="write"/>
<opset="write_ln0/5 "/>
</bind>
</comp>

<comp id="1170" class="1004" name="write_ln0_write_fu_1170">
<pin_list>
<pin id="1171" dir="0" index="0" bw="0" slack="0"/>
<pin id="1172" dir="0" index="1" bw="16" slack="0"/>
<pin id="1173" dir="0" index="2" bw="16" slack="0"/>
<pin id="1174" dir="1" index="3" bw="0" slack="2147483647"/>
</pin_list>
<bind>
<opcode="write(1151) " fcode="write"/>
<opset="write_ln0/5 "/>
</bind>
</comp>

<comp id="1177" class="1004" name="write_ln0_write_fu_1177">
<pin_list>
<pin id="1178" dir="0" index="0" bw="0" slack="0"/>
<pin id="1179" dir="0" index="1" bw="16" slack="0"/>
<pin id="1180" dir="0" index="2" bw="16" slack="0"/>
<pin id="1181" dir="1" index="3" bw="0" slack="2147483647"/>
</pin_list>
<bind>
<opcode="write(1151) " fcode="write"/>
<opset="write_ln0/5 "/>
</bind>
</comp>

<comp id="1184" class="1004" name="write_ln0_write_fu_1184">
<pin_list>
<pin id="1185" dir="0" index="0" bw="0" slack="0"/>
<pin id="1186" dir="0" index="1" bw="16" slack="0"/>
<pin id="1187" dir="0" index="2" bw="16" slack="0"/>
<pin id="1188" dir="1" index="3" bw="0" slack="2147483647"/>
</pin_list>
<bind>
<opcode="write(1151) " fcode="write"/>
<opset="write_ln0/5 "/>
</bind>
</comp>

<comp id="1191" class="1004" name="write_ln0_write_fu_1191">
<pin_list>
<pin id="1192" dir="0" index="0" bw="0" slack="0"/>
<pin id="1193" dir="0" index="1" bw="16" slack="0"/>
<pin id="1194" dir="0" index="2" bw="16" slack="0"/>
<pin id="1195" dir="1" index="3" bw="0" slack="2147483647"/>
</pin_list>
<bind>
<opcode="write(1151) " fcode="write"/>
<opset="write_ln0/5 "/>
</bind>
</comp>

<comp id="1198" class="1004" name="write_ln0_write_fu_1198">
<pin_list>
<pin id="1199" dir="0" index="0" bw="0" slack="0"/>
<pin id="1200" dir="0" index="1" bw="16" slack="0"/>
<pin id="1201" dir="0" index="2" bw="16" slack="0"/>
<pin id="1202" dir="1" index="3" bw="0" slack="2147483647"/>
</pin_list>
<bind>
<opcode="write(1151) " fcode="write"/>
<opset="write_ln0/5 "/>
</bind>
</comp>

<comp id="1205" class="1004" name="write_ln0_write_fu_1205">
<pin_list>
<pin id="1206" dir="0" index="0" bw="0" slack="0"/>
<pin id="1207" dir="0" index="1" bw="16" slack="0"/>
<pin id="1208" dir="0" index="2" bw="16" slack="0"/>
<pin id="1209" dir="1" index="3" bw="0" slack="2147483647"/>
</pin_list>
<bind>
<opcode="write(1151) " fcode="write"/>
<opset="write_ln0/5 "/>
</bind>
</comp>

<comp id="1212" class="1004" name="write_ln0_write_fu_1212">
<pin_list>
<pin id="1213" dir="0" index="0" bw="0" slack="0"/>
<pin id="1214" dir="0" index="1" bw="16" slack="0"/>
<pin id="1215" dir="0" index="2" bw="16" slack="0"/>
<pin id="1216" dir="1" index="3" bw="0" slack="2147483647"/>
</pin_list>
<bind>
<opcode="write(1151) " fcode="write"/>
<opset="write_ln0/5 "/>
</bind>
</comp>

<comp id="1219" class="1004" name="write_ln0_write_fu_1219">
<pin_list>
<pin id="1220" dir="0" index="0" bw="0" slack="0"/>
<pin id="1221" dir="0" index="1" bw="16" slack="0"/>
<pin id="1222" dir="0" index="2" bw="16" slack="0"/>
<pin id="1223" dir="1" index="3" bw="0" slack="2147483647"/>
</pin_list>
<bind>
<opcode="write(1151) " fcode="write"/>
<opset="write_ln0/5 "/>
</bind>
</comp>

<comp id="1226" class="1004" name="write_ln0_write_fu_1226">
<pin_list>
<pin id="1227" dir="0" index="0" bw="0" slack="0"/>
<pin id="1228" dir="0" index="1" bw="16" slack="0"/>
<pin id="1229" dir="0" index="2" bw="16" slack="0"/>
<pin id="1230" dir="1" index="3" bw="0" slack="2147483647"/>
</pin_list>
<bind>
<opcode="write(1151) " fcode="write"/>
<opset="write_ln0/5 "/>
</bind>
</comp>

<comp id="1233" class="1004" name="write_ln0_write_fu_1233">
<pin_list>
<pin id="1234" dir="0" index="0" bw="0" slack="0"/>
<pin id="1235" dir="0" index="1" bw="16" slack="0"/>
<pin id="1236" dir="0" index="2" bw="16" slack="0"/>
<pin id="1237" dir="1" index="3" bw="0" slack="2147483647"/>
</pin_list>
<bind>
<opcode="write(1151) " fcode="write"/>
<opset="write_ln0/5 "/>
</bind>
</comp>

<comp id="1240" class="1004" name="write_ln0_write_fu_1240">
<pin_list>
<pin id="1241" dir="0" index="0" bw="0" slack="0"/>
<pin id="1242" dir="0" index="1" bw="16" slack="0"/>
<pin id="1243" dir="0" index="2" bw="16" slack="0"/>
<pin id="1244" dir="1" index="3" bw="0" slack="2147483647"/>
</pin_list>
<bind>
<opcode="write(1151) " fcode="write"/>
<opset="write_ln0/5 "/>
</bind>
</comp>

<comp id="1247" class="1004" name="write_ln0_write_fu_1247">
<pin_list>
<pin id="1248" dir="0" index="0" bw="0" slack="0"/>
<pin id="1249" dir="0" index="1" bw="16" slack="0"/>
<pin id="1250" dir="0" index="2" bw="16" slack="0"/>
<pin id="1251" dir="1" index="3" bw="0" slack="2147483647"/>
</pin_list>
<bind>
<opcode="write(1151) " fcode="write"/>
<opset="write_ln0/5 "/>
</bind>
</comp>

<comp id="1254" class="1004" name="write_ln0_write_fu_1254">
<pin_list>
<pin id="1255" dir="0" index="0" bw="0" slack="0"/>
<pin id="1256" dir="0" index="1" bw="16" slack="0"/>
<pin id="1257" dir="0" index="2" bw="16" slack="0"/>
<pin id="1258" dir="1" index="3" bw="0" slack="2147483647"/>
</pin_list>
<bind>
<opcode="write(1151) " fcode="write"/>
<opset="write_ln0/5 "/>
</bind>
</comp>

<comp id="1261" class="1004" name="write_ln0_write_fu_1261">
<pin_list>
<pin id="1262" dir="0" index="0" bw="0" slack="0"/>
<pin id="1263" dir="0" index="1" bw="16" slack="0"/>
<pin id="1264" dir="0" index="2" bw="16" slack="0"/>
<pin id="1265" dir="1" index="3" bw="0" slack="2147483647"/>
</pin_list>
<bind>
<opcode="write(1151) " fcode="write"/>
<opset="write_ln0/5 "/>
</bind>
</comp>

<comp id="1268" class="1004" name="write_ln0_write_fu_1268">
<pin_list>
<pin id="1269" dir="0" index="0" bw="0" slack="0"/>
<pin id="1270" dir="0" index="1" bw="16" slack="0"/>
<pin id="1271" dir="0" index="2" bw="16" slack="0"/>
<pin id="1272" dir="1" index="3" bw="0" slack="2147483647"/>
</pin_list>
<bind>
<opcode="write(1151) " fcode="write"/>
<opset="write_ln0/5 "/>
</bind>
</comp>

<comp id="1275" class="1004" name="write_ln0_write_fu_1275">
<pin_list>
<pin id="1276" dir="0" index="0" bw="0" slack="0"/>
<pin id="1277" dir="0" index="1" bw="16" slack="0"/>
<pin id="1278" dir="0" index="2" bw="16" slack="0"/>
<pin id="1279" dir="1" index="3" bw="0" slack="2147483647"/>
</pin_list>
<bind>
<opcode="write(1151) " fcode="write"/>
<opset="write_ln0/5 "/>
</bind>
</comp>

<comp id="1282" class="1004" name="write_ln0_write_fu_1282">
<pin_list>
<pin id="1283" dir="0" index="0" bw="0" slack="0"/>
<pin id="1284" dir="0" index="1" bw="16" slack="0"/>
<pin id="1285" dir="0" index="2" bw="16" slack="0"/>
<pin id="1286" dir="1" index="3" bw="0" slack="2147483647"/>
</pin_list>
<bind>
<opcode="write(1151) " fcode="write"/>
<opset="write_ln0/5 "/>
</bind>
</comp>

<comp id="1289" class="1004" name="write_ln0_write_fu_1289">
<pin_list>
<pin id="1290" dir="0" index="0" bw="0" slack="0"/>
<pin id="1291" dir="0" index="1" bw="16" slack="0"/>
<pin id="1292" dir="0" index="2" bw="16" slack="0"/>
<pin id="1293" dir="1" index="3" bw="0" slack="2147483647"/>
</pin_list>
<bind>
<opcode="write(1151) " fcode="write"/>
<opset="write_ln0/5 "/>
</bind>
</comp>

<comp id="1296" class="1004" name="write_ln0_write_fu_1296">
<pin_list>
<pin id="1297" dir="0" index="0" bw="0" slack="0"/>
<pin id="1298" dir="0" index="1" bw="16" slack="0"/>
<pin id="1299" dir="0" index="2" bw="16" slack="0"/>
<pin id="1300" dir="1" index="3" bw="0" slack="2147483647"/>
</pin_list>
<bind>
<opcode="write(1151) " fcode="write"/>
<opset="write_ln0/5 "/>
</bind>
</comp>

<comp id="1303" class="1004" name="write_ln0_write_fu_1303">
<pin_list>
<pin id="1304" dir="0" index="0" bw="0" slack="0"/>
<pin id="1305" dir="0" index="1" bw="16" slack="0"/>
<pin id="1306" dir="0" index="2" bw="16" slack="0"/>
<pin id="1307" dir="1" index="3" bw="0" slack="2147483647"/>
</pin_list>
<bind>
<opcode="write(1151) " fcode="write"/>
<opset="write_ln0/5 "/>
</bind>
</comp>

<comp id="1310" class="1004" name="write_ln0_write_fu_1310">
<pin_list>
<pin id="1311" dir="0" index="0" bw="0" slack="0"/>
<pin id="1312" dir="0" index="1" bw="16" slack="0"/>
<pin id="1313" dir="0" index="2" bw="16" slack="0"/>
<pin id="1314" dir="1" index="3" bw="0" slack="2147483647"/>
</pin_list>
<bind>
<opcode="write(1151) " fcode="write"/>
<opset="write_ln0/5 "/>
</bind>
</comp>

<comp id="1317" class="1004" name="write_ln0_write_fu_1317">
<pin_list>
<pin id="1318" dir="0" index="0" bw="0" slack="0"/>
<pin id="1319" dir="0" index="1" bw="16" slack="0"/>
<pin id="1320" dir="0" index="2" bw="16" slack="0"/>
<pin id="1321" dir="1" index="3" bw="0" slack="2147483647"/>
</pin_list>
<bind>
<opcode="write(1151) " fcode="write"/>
<opset="write_ln0/5 "/>
</bind>
</comp>

<comp id="1324" class="1004" name="write_ln0_write_fu_1324">
<pin_list>
<pin id="1325" dir="0" index="0" bw="0" slack="0"/>
<pin id="1326" dir="0" index="1" bw="16" slack="0"/>
<pin id="1327" dir="0" index="2" bw="16" slack="0"/>
<pin id="1328" dir="1" index="3" bw="0" slack="2147483647"/>
</pin_list>
<bind>
<opcode="write(1151) " fcode="write"/>
<opset="write_ln0/5 "/>
</bind>
</comp>

<comp id="1331" class="1004" name="write_ln0_write_fu_1331">
<pin_list>
<pin id="1332" dir="0" index="0" bw="0" slack="0"/>
<pin id="1333" dir="0" index="1" bw="16" slack="0"/>
<pin id="1334" dir="0" index="2" bw="16" slack="0"/>
<pin id="1335" dir="1" index="3" bw="0" slack="2147483647"/>
</pin_list>
<bind>
<opcode="write(1151) " fcode="write"/>
<opset="write_ln0/5 "/>
</bind>
</comp>

<comp id="1338" class="1004" name="write_ln0_write_fu_1338">
<pin_list>
<pin id="1339" dir="0" index="0" bw="0" slack="0"/>
<pin id="1340" dir="0" index="1" bw="16" slack="0"/>
<pin id="1341" dir="0" index="2" bw="16" slack="0"/>
<pin id="1342" dir="1" index="3" bw="0" slack="2147483647"/>
</pin_list>
<bind>
<opcode="write(1151) " fcode="write"/>
<opset="write_ln0/5 "/>
</bind>
</comp>

<comp id="1345" class="1004" name="write_ln0_write_fu_1345">
<pin_list>
<pin id="1346" dir="0" index="0" bw="0" slack="0"/>
<pin id="1347" dir="0" index="1" bw="16" slack="0"/>
<pin id="1348" dir="0" index="2" bw="16" slack="0"/>
<pin id="1349" dir="1" index="3" bw="0" slack="2147483647"/>
</pin_list>
<bind>
<opcode="write(1151) " fcode="write"/>
<opset="write_ln0/5 "/>
</bind>
</comp>

<comp id="1352" class="1004" name="write_ln0_write_fu_1352">
<pin_list>
<pin id="1353" dir="0" index="0" bw="0" slack="0"/>
<pin id="1354" dir="0" index="1" bw="16" slack="0"/>
<pin id="1355" dir="0" index="2" bw="16" slack="0"/>
<pin id="1356" dir="1" index="3" bw="0" slack="2147483647"/>
</pin_list>
<bind>
<opcode="write(1151) " fcode="write"/>
<opset="write_ln0/5 "/>
</bind>
</comp>

<comp id="1359" class="1004" name="write_ln0_write_fu_1359">
<pin_list>
<pin id="1360" dir="0" index="0" bw="0" slack="0"/>
<pin id="1361" dir="0" index="1" bw="16" slack="0"/>
<pin id="1362" dir="0" index="2" bw="16" slack="0"/>
<pin id="1363" dir="1" index="3" bw="0" slack="2147483647"/>
</pin_list>
<bind>
<opcode="write(1151) " fcode="write"/>
<opset="write_ln0/5 "/>
</bind>
</comp>

<comp id="1366" class="1004" name="write_ln0_write_fu_1366">
<pin_list>
<pin id="1367" dir="0" index="0" bw="0" slack="0"/>
<pin id="1368" dir="0" index="1" bw="16" slack="0"/>
<pin id="1369" dir="0" index="2" bw="16" slack="0"/>
<pin id="1370" dir="1" index="3" bw="0" slack="2147483647"/>
</pin_list>
<bind>
<opcode="write(1151) " fcode="write"/>
<opset="write_ln0/5 "/>
</bind>
</comp>

<comp id="1373" class="1004" name="write_ln0_write_fu_1373">
<pin_list>
<pin id="1374" dir="0" index="0" bw="0" slack="0"/>
<pin id="1375" dir="0" index="1" bw="16" slack="0"/>
<pin id="1376" dir="0" index="2" bw="16" slack="0"/>
<pin id="1377" dir="1" index="3" bw="0" slack="2147483647"/>
</pin_list>
<bind>
<opcode="write(1151) " fcode="write"/>
<opset="write_ln0/5 "/>
</bind>
</comp>

<comp id="1380" class="1004" name="write_ln0_write_fu_1380">
<pin_list>
<pin id="1381" dir="0" index="0" bw="0" slack="0"/>
<pin id="1382" dir="0" index="1" bw="16" slack="0"/>
<pin id="1383" dir="0" index="2" bw="16" slack="0"/>
<pin id="1384" dir="1" index="3" bw="0" slack="2147483647"/>
</pin_list>
<bind>
<opcode="write(1151) " fcode="write"/>
<opset="write_ln0/5 "/>
</bind>
</comp>

<comp id="1387" class="1004" name="write_ln0_write_fu_1387">
<pin_list>
<pin id="1388" dir="0" index="0" bw="0" slack="0"/>
<pin id="1389" dir="0" index="1" bw="16" slack="0"/>
<pin id="1390" dir="0" index="2" bw="16" slack="0"/>
<pin id="1391" dir="1" index="3" bw="0" slack="2147483647"/>
</pin_list>
<bind>
<opcode="write(1151) " fcode="write"/>
<opset="write_ln0/5 "/>
</bind>
</comp>

<comp id="1394" class="1004" name="write_ln0_write_fu_1394">
<pin_list>
<pin id="1395" dir="0" index="0" bw="0" slack="0"/>
<pin id="1396" dir="0" index="1" bw="16" slack="0"/>
<pin id="1397" dir="0" index="2" bw="16" slack="0"/>
<pin id="1398" dir="1" index="3" bw="0" slack="2147483647"/>
</pin_list>
<bind>
<opcode="write(1151) " fcode="write"/>
<opset="write_ln0/5 "/>
</bind>
</comp>

<comp id="1401" class="1004" name="write_ln0_write_fu_1401">
<pin_list>
<pin id="1402" dir="0" index="0" bw="0" slack="0"/>
<pin id="1403" dir="0" index="1" bw="16" slack="0"/>
<pin id="1404" dir="0" index="2" bw="16" slack="0"/>
<pin id="1405" dir="1" index="3" bw="0" slack="2147483647"/>
</pin_list>
<bind>
<opcode="write(1151) " fcode="write"/>
<opset="write_ln0/5 "/>
</bind>
</comp>

<comp id="1408" class="1004" name="write_ln0_write_fu_1408">
<pin_list>
<pin id="1409" dir="0" index="0" bw="0" slack="0"/>
<pin id="1410" dir="0" index="1" bw="16" slack="0"/>
<pin id="1411" dir="0" index="2" bw="16" slack="0"/>
<pin id="1412" dir="1" index="3" bw="0" slack="2147483647"/>
</pin_list>
<bind>
<opcode="write(1151) " fcode="write"/>
<opset="write_ln0/5 "/>
</bind>
</comp>

<comp id="1415" class="1004" name="write_ln0_write_fu_1415">
<pin_list>
<pin id="1416" dir="0" index="0" bw="0" slack="0"/>
<pin id="1417" dir="0" index="1" bw="16" slack="0"/>
<pin id="1418" dir="0" index="2" bw="16" slack="0"/>
<pin id="1419" dir="1" index="3" bw="0" slack="2147483647"/>
</pin_list>
<bind>
<opcode="write(1151) " fcode="write"/>
<opset="write_ln0/5 "/>
</bind>
</comp>

<comp id="1422" class="1004" name="write_ln0_write_fu_1422">
<pin_list>
<pin id="1423" dir="0" index="0" bw="0" slack="0"/>
<pin id="1424" dir="0" index="1" bw="16" slack="0"/>
<pin id="1425" dir="0" index="2" bw="16" slack="0"/>
<pin id="1426" dir="1" index="3" bw="0" slack="2147483647"/>
</pin_list>
<bind>
<opcode="write(1151) " fcode="write"/>
<opset="write_ln0/5 "/>
</bind>
</comp>

<comp id="1429" class="1004" name="write_ln0_write_fu_1429">
<pin_list>
<pin id="1430" dir="0" index="0" bw="0" slack="0"/>
<pin id="1431" dir="0" index="1" bw="16" slack="0"/>
<pin id="1432" dir="0" index="2" bw="16" slack="0"/>
<pin id="1433" dir="1" index="3" bw="0" slack="2147483647"/>
</pin_list>
<bind>
<opcode="write(1151) " fcode="write"/>
<opset="write_ln0/5 "/>
</bind>
</comp>

<comp id="1436" class="1004" name="write_ln0_write_fu_1436">
<pin_list>
<pin id="1437" dir="0" index="0" bw="0" slack="0"/>
<pin id="1438" dir="0" index="1" bw="16" slack="0"/>
<pin id="1439" dir="0" index="2" bw="16" slack="0"/>
<pin id="1440" dir="1" index="3" bw="0" slack="2147483647"/>
</pin_list>
<bind>
<opcode="write(1151) " fcode="write"/>
<opset="write_ln0/5 "/>
</bind>
</comp>

<comp id="1443" class="1004" name="write_ln0_write_fu_1443">
<pin_list>
<pin id="1444" dir="0" index="0" bw="0" slack="0"/>
<pin id="1445" dir="0" index="1" bw="16" slack="0"/>
<pin id="1446" dir="0" index="2" bw="16" slack="0"/>
<pin id="1447" dir="1" index="3" bw="0" slack="2147483647"/>
</pin_list>
<bind>
<opcode="write(1151) " fcode="write"/>
<opset="write_ln0/5 "/>
</bind>
</comp>

<comp id="1450" class="1004" name="write_ln0_write_fu_1450">
<pin_list>
<pin id="1451" dir="0" index="0" bw="0" slack="0"/>
<pin id="1452" dir="0" index="1" bw="16" slack="0"/>
<pin id="1453" dir="0" index="2" bw="16" slack="0"/>
<pin id="1454" dir="1" index="3" bw="0" slack="2147483647"/>
</pin_list>
<bind>
<opcode="write(1151) " fcode="write"/>
<opset="write_ln0/5 "/>
</bind>
</comp>

<comp id="1457" class="1004" name="write_ln0_write_fu_1457">
<pin_list>
<pin id="1458" dir="0" index="0" bw="0" slack="0"/>
<pin id="1459" dir="0" index="1" bw="16" slack="0"/>
<pin id="1460" dir="0" index="2" bw="16" slack="0"/>
<pin id="1461" dir="1" index="3" bw="0" slack="2147483647"/>
</pin_list>
<bind>
<opcode="write(1151) " fcode="write"/>
<opset="write_ln0/5 "/>
</bind>
</comp>

<comp id="1464" class="1004" name="write_ln0_write_fu_1464">
<pin_list>
<pin id="1465" dir="0" index="0" bw="0" slack="0"/>
<pin id="1466" dir="0" index="1" bw="16" slack="0"/>
<pin id="1467" dir="0" index="2" bw="16" slack="0"/>
<pin id="1468" dir="1" index="3" bw="0" slack="2147483647"/>
</pin_list>
<bind>
<opcode="write(1151) " fcode="write"/>
<opset="write_ln0/5 "/>
</bind>
</comp>

<comp id="1471" class="1004" name="write_ln0_write_fu_1471">
<pin_list>
<pin id="1472" dir="0" index="0" bw="0" slack="0"/>
<pin id="1473" dir="0" index="1" bw="16" slack="0"/>
<pin id="1474" dir="0" index="2" bw="16" slack="0"/>
<pin id="1475" dir="1" index="3" bw="0" slack="2147483647"/>
</pin_list>
<bind>
<opcode="write(1151) " fcode="write"/>
<opset="write_ln0/5 "/>
</bind>
</comp>

<comp id="1478" class="1004" name="write_ln0_write_fu_1478">
<pin_list>
<pin id="1479" dir="0" index="0" bw="0" slack="0"/>
<pin id="1480" dir="0" index="1" bw="16" slack="0"/>
<pin id="1481" dir="0" index="2" bw="16" slack="0"/>
<pin id="1482" dir="1" index="3" bw="0" slack="2147483647"/>
</pin_list>
<bind>
<opcode="write(1151) " fcode="write"/>
<opset="write_ln0/5 "/>
</bind>
</comp>

<comp id="1485" class="1004" name="write_ln0_write_fu_1485">
<pin_list>
<pin id="1486" dir="0" index="0" bw="0" slack="0"/>
<pin id="1487" dir="0" index="1" bw="16" slack="0"/>
<pin id="1488" dir="0" index="2" bw="16" slack="0"/>
<pin id="1489" dir="1" index="3" bw="0" slack="2147483647"/>
</pin_list>
<bind>
<opcode="write(1151) " fcode="write"/>
<opset="write_ln0/5 "/>
</bind>
</comp>

<comp id="1492" class="1004" name="write_ln0_write_fu_1492">
<pin_list>
<pin id="1493" dir="0" index="0" bw="0" slack="0"/>
<pin id="1494" dir="0" index="1" bw="16" slack="0"/>
<pin id="1495" dir="0" index="2" bw="16" slack="0"/>
<pin id="1496" dir="1" index="3" bw="0" slack="2147483647"/>
</pin_list>
<bind>
<opcode="write(1151) " fcode="write"/>
<opset="write_ln0/5 "/>
</bind>
</comp>

<comp id="1499" class="1004" name="write_ln0_write_fu_1499">
<pin_list>
<pin id="1500" dir="0" index="0" bw="0" slack="0"/>
<pin id="1501" dir="0" index="1" bw="16" slack="0"/>
<pin id="1502" dir="0" index="2" bw="16" slack="0"/>
<pin id="1503" dir="1" index="3" bw="0" slack="2147483647"/>
</pin_list>
<bind>
<opcode="write(1151) " fcode="write"/>
<opset="write_ln0/5 "/>
</bind>
</comp>

<comp id="1506" class="1004" name="write_ln0_write_fu_1506">
<pin_list>
<pin id="1507" dir="0" index="0" bw="0" slack="0"/>
<pin id="1508" dir="0" index="1" bw="16" slack="0"/>
<pin id="1509" dir="0" index="2" bw="16" slack="0"/>
<pin id="1510" dir="1" index="3" bw="0" slack="2147483647"/>
</pin_list>
<bind>
<opcode="write(1151) " fcode="write"/>
<opset="write_ln0/5 "/>
</bind>
</comp>

<comp id="1513" class="1004" name="write_ln0_write_fu_1513">
<pin_list>
<pin id="1514" dir="0" index="0" bw="0" slack="0"/>
<pin id="1515" dir="0" index="1" bw="16" slack="0"/>
<pin id="1516" dir="0" index="2" bw="16" slack="0"/>
<pin id="1517" dir="1" index="3" bw="0" slack="2147483647"/>
</pin_list>
<bind>
<opcode="write(1151) " fcode="write"/>
<opset="write_ln0/5 "/>
</bind>
</comp>

<comp id="1520" class="1004" name="write_ln0_write_fu_1520">
<pin_list>
<pin id="1521" dir="0" index="0" bw="0" slack="0"/>
<pin id="1522" dir="0" index="1" bw="16" slack="0"/>
<pin id="1523" dir="0" index="2" bw="16" slack="0"/>
<pin id="1524" dir="1" index="3" bw="0" slack="2147483647"/>
</pin_list>
<bind>
<opcode="write(1151) " fcode="write"/>
<opset="write_ln0/5 "/>
</bind>
</comp>

<comp id="1527" class="1004" name="write_ln0_write_fu_1527">
<pin_list>
<pin id="1528" dir="0" index="0" bw="0" slack="0"/>
<pin id="1529" dir="0" index="1" bw="16" slack="0"/>
<pin id="1530" dir="0" index="2" bw="16" slack="0"/>
<pin id="1531" dir="1" index="3" bw="0" slack="2147483647"/>
</pin_list>
<bind>
<opcode="write(1151) " fcode="write"/>
<opset="write_ln0/5 "/>
</bind>
</comp>

<comp id="1534" class="1004" name="write_ln0_write_fu_1534">
<pin_list>
<pin id="1535" dir="0" index="0" bw="0" slack="0"/>
<pin id="1536" dir="0" index="1" bw="16" slack="0"/>
<pin id="1537" dir="0" index="2" bw="16" slack="0"/>
<pin id="1538" dir="1" index="3" bw="0" slack="2147483647"/>
</pin_list>
<bind>
<opcode="write(1151) " fcode="write"/>
<opset="write_ln0/5 "/>
</bind>
</comp>

<comp id="1541" class="1004" name="write_ln0_write_fu_1541">
<pin_list>
<pin id="1542" dir="0" index="0" bw="0" slack="0"/>
<pin id="1543" dir="0" index="1" bw="16" slack="0"/>
<pin id="1544" dir="0" index="2" bw="16" slack="0"/>
<pin id="1545" dir="1" index="3" bw="0" slack="2147483647"/>
</pin_list>
<bind>
<opcode="write(1151) " fcode="write"/>
<opset="write_ln0/5 "/>
</bind>
</comp>

<comp id="1548" class="1004" name="write_ln0_write_fu_1548">
<pin_list>
<pin id="1549" dir="0" index="0" bw="0" slack="0"/>
<pin id="1550" dir="0" index="1" bw="16" slack="0"/>
<pin id="1551" dir="0" index="2" bw="16" slack="0"/>
<pin id="1552" dir="1" index="3" bw="0" slack="2147483647"/>
</pin_list>
<bind>
<opcode="write(1151) " fcode="write"/>
<opset="write_ln0/5 "/>
</bind>
</comp>

<comp id="1555" class="1004" name="write_ln0_write_fu_1555">
<pin_list>
<pin id="1556" dir="0" index="0" bw="0" slack="0"/>
<pin id="1557" dir="0" index="1" bw="16" slack="0"/>
<pin id="1558" dir="0" index="2" bw="16" slack="0"/>
<pin id="1559" dir="1" index="3" bw="0" slack="2147483647"/>
</pin_list>
<bind>
<opcode="write(1151) " fcode="write"/>
<opset="write_ln0/5 "/>
</bind>
</comp>

<comp id="1562" class="1004" name="write_ln0_write_fu_1562">
<pin_list>
<pin id="1563" dir="0" index="0" bw="0" slack="0"/>
<pin id="1564" dir="0" index="1" bw="16" slack="0"/>
<pin id="1565" dir="0" index="2" bw="16" slack="0"/>
<pin id="1566" dir="1" index="3" bw="0" slack="2147483647"/>
</pin_list>
<bind>
<opcode="write(1151) " fcode="write"/>
<opset="write_ln0/5 "/>
</bind>
</comp>

<comp id="1569" class="1004" name="write_ln0_write_fu_1569">
<pin_list>
<pin id="1570" dir="0" index="0" bw="0" slack="0"/>
<pin id="1571" dir="0" index="1" bw="16" slack="0"/>
<pin id="1572" dir="0" index="2" bw="16" slack="0"/>
<pin id="1573" dir="1" index="3" bw="0" slack="2147483647"/>
</pin_list>
<bind>
<opcode="write(1151) " fcode="write"/>
<opset="write_ln0/5 "/>
</bind>
</comp>

<comp id="1576" class="1004" name="a_row_major_0_addr_gep_fu_1576">
<pin_list>
<pin id="1577" dir="0" index="0" bw="8" slack="0"/>
<pin id="1578" dir="0" index="1" bw="1" slack="0"/>
<pin id="1579" dir="0" index="2" bw="64" slack="0"/>
<pin id="1580" dir="1" index="3" bw="3" slack="0"/>
</pin_list>
<bind>
<opcode="getelementptr(29) " fcode="getelementptr"/>
<opset="a_row_major_0_addr/2 "/>
</bind>
</comp>

<comp id="1583" class="1004" name="a_row_major_1_addr_gep_fu_1583">
<pin_list>
<pin id="1584" dir="0" index="0" bw="8" slack="0"/>
<pin id="1585" dir="0" index="1" bw="1" slack="0"/>
<pin id="1586" dir="0" index="2" bw="64" slack="0"/>
<pin id="1587" dir="1" index="3" bw="3" slack="0"/>
</pin_list>
<bind>
<opcode="getelementptr(29) " fcode="getelementptr"/>
<opset="a_row_major_1_addr/2 "/>
</bind>
</comp>

<comp id="1590" class="1004" name="a_row_major_2_addr_gep_fu_1590">
<pin_list>
<pin id="1591" dir="0" index="0" bw="8" slack="0"/>
<pin id="1592" dir="0" index="1" bw="1" slack="0"/>
<pin id="1593" dir="0" index="2" bw="64" slack="0"/>
<pin id="1594" dir="1" index="3" bw="3" slack="0"/>
</pin_list>
<bind>
<opcode="getelementptr(29) " fcode="getelementptr"/>
<opset="a_row_major_2_addr/2 "/>
</bind>
</comp>

<comp id="1597" class="1004" name="a_row_major_3_addr_gep_fu_1597">
<pin_list>
<pin id="1598" dir="0" index="0" bw="8" slack="0"/>
<pin id="1599" dir="0" index="1" bw="1" slack="0"/>
<pin id="1600" dir="0" index="2" bw="64" slack="0"/>
<pin id="1601" dir="1" index="3" bw="3" slack="0"/>
</pin_list>
<bind>
<opcode="getelementptr(29) " fcode="getelementptr"/>
<opset="a_row_major_3_addr/2 "/>
</bind>
</comp>

<comp id="1604" class="1004" name="a_row_major_4_addr_gep_fu_1604">
<pin_list>
<pin id="1605" dir="0" index="0" bw="8" slack="0"/>
<pin id="1606" dir="0" index="1" bw="1" slack="0"/>
<pin id="1607" dir="0" index="2" bw="64" slack="0"/>
<pin id="1608" dir="1" index="3" bw="3" slack="0"/>
</pin_list>
<bind>
<opcode="getelementptr(29) " fcode="getelementptr"/>
<opset="a_row_major_4_addr/2 "/>
</bind>
</comp>

<comp id="1611" class="1004" name="a_row_major_5_addr_gep_fu_1611">
<pin_list>
<pin id="1612" dir="0" index="0" bw="8" slack="0"/>
<pin id="1613" dir="0" index="1" bw="1" slack="0"/>
<pin id="1614" dir="0" index="2" bw="64" slack="0"/>
<pin id="1615" dir="1" index="3" bw="3" slack="0"/>
</pin_list>
<bind>
<opcode="getelementptr(29) " fcode="getelementptr"/>
<opset="a_row_major_5_addr/2 "/>
</bind>
</comp>

<comp id="1618" class="1004" name="a_row_major_6_addr_gep_fu_1618">
<pin_list>
<pin id="1619" dir="0" index="0" bw="8" slack="0"/>
<pin id="1620" dir="0" index="1" bw="1" slack="0"/>
<pin id="1621" dir="0" index="2" bw="64" slack="0"/>
<pin id="1622" dir="1" index="3" bw="3" slack="0"/>
</pin_list>
<bind>
<opcode="getelementptr(29) " fcode="getelementptr"/>
<opset="a_row_major_6_addr/2 "/>
</bind>
</comp>

<comp id="1625" class="1004" name="a_row_major_7_addr_gep_fu_1625">
<pin_list>
<pin id="1626" dir="0" index="0" bw="8" slack="0"/>
<pin id="1627" dir="0" index="1" bw="1" slack="0"/>
<pin id="1628" dir="0" index="2" bw="64" slack="0"/>
<pin id="1629" dir="1" index="3" bw="3" slack="0"/>
</pin_list>
<bind>
<opcode="getelementptr(29) " fcode="getelementptr"/>
<opset="a_row_major_7_addr/2 "/>
</bind>
</comp>

<comp id="1632" class="1004" name="grp_access_fu_1632">
<pin_list>
<pin id="1633" dir="0" index="0" bw="3" slack="0"/>
<pin id="1634" dir="0" index="1" bw="8" slack="2147483647"/>
<pin id="1635" dir="0" index="2" bw="0" slack="2147483647"/>
<pin id="1636" dir="1" index="3" bw="8" slack="0"/>
</pin_list>
<bind>
<opcode="load(27) " fcode="load"/>
<opset="a_forwarded/2 "/>
</bind>
</comp>

<comp id="1638" class="1004" name="b_row_major_0_addr_gep_fu_1638">
<pin_list>
<pin id="1639" dir="0" index="0" bw="8" slack="0"/>
<pin id="1640" dir="0" index="1" bw="1" slack="0"/>
<pin id="1641" dir="0" index="2" bw="64" slack="0"/>
<pin id="1642" dir="1" index="3" bw="3" slack="0"/>
</pin_list>
<bind>
<opcode="getelementptr(29) " fcode="getelementptr"/>
<opset="b_row_major_0_addr/2 "/>
</bind>
</comp>

<comp id="1645" class="1004" name="grp_access_fu_1645">
<pin_list>
<pin id="1646" dir="0" index="0" bw="3" slack="0"/>
<pin id="1647" dir="0" index="1" bw="8" slack="2147483647"/>
<pin id="1648" dir="0" index="2" bw="0" slack="2147483647"/>
<pin id="1649" dir="1" index="3" bw="8" slack="0"/>
</pin_list>
<bind>
<opcode="load(27) " fcode="load"/>
<opset="b_forwarded/2 "/>
</bind>
</comp>

<comp id="1651" class="1004" name="b_row_major_1_addr_gep_fu_1651">
<pin_list>
<pin id="1652" dir="0" index="0" bw="8" slack="0"/>
<pin id="1653" dir="0" index="1" bw="1" slack="0"/>
<pin id="1654" dir="0" index="2" bw="64" slack="0"/>
<pin id="1655" dir="1" index="3" bw="3" slack="0"/>
</pin_list>
<bind>
<opcode="getelementptr(29) " fcode="getelementptr"/>
<opset="b_row_major_1_addr/2 "/>
</bind>
</comp>

<comp id="1658" class="1004" name="grp_access_fu_1658">
<pin_list>
<pin id="1659" dir="0" index="0" bw="3" slack="0"/>
<pin id="1660" dir="0" index="1" bw="8" slack="2147483647"/>
<pin id="1661" dir="0" index="2" bw="0" slack="2147483647"/>
<pin id="1662" dir="1" index="3" bw="8" slack="0"/>
</pin_list>
<bind>
<opcode="load(27) " fcode="load"/>
<opset="b_forwarded_2/2 "/>
</bind>
</comp>

<comp id="1664" class="1004" name="b_row_major_2_addr_gep_fu_1664">
<pin_list>
<pin id="1665" dir="0" index="0" bw="8" slack="0"/>
<pin id="1666" dir="0" index="1" bw="1" slack="0"/>
<pin id="1667" dir="0" index="2" bw="64" slack="0"/>
<pin id="1668" dir="1" index="3" bw="3" slack="0"/>
</pin_list>
<bind>
<opcode="getelementptr(29) " fcode="getelementptr"/>
<opset="b_row_major_2_addr/2 "/>
</bind>
</comp>

<comp id="1671" class="1004" name="grp_access_fu_1671">
<pin_list>
<pin id="1672" dir="0" index="0" bw="3" slack="0"/>
<pin id="1673" dir="0" index="1" bw="8" slack="2147483647"/>
<pin id="1674" dir="0" index="2" bw="0" slack="2147483647"/>
<pin id="1675" dir="1" index="3" bw="8" slack="0"/>
</pin_list>
<bind>
<opcode="load(27) " fcode="load"/>
<opset="b_forwarded_4/2 "/>
</bind>
</comp>

<comp id="1677" class="1004" name="b_row_major_3_addr_gep_fu_1677">
<pin_list>
<pin id="1678" dir="0" index="0" bw="8" slack="0"/>
<pin id="1679" dir="0" index="1" bw="1" slack="0"/>
<pin id="1680" dir="0" index="2" bw="64" slack="0"/>
<pin id="1681" dir="1" index="3" bw="3" slack="0"/>
</pin_list>
<bind>
<opcode="getelementptr(29) " fcode="getelementptr"/>
<opset="b_row_major_3_addr/2 "/>
</bind>
</comp>

<comp id="1684" class="1004" name="grp_access_fu_1684">
<pin_list>
<pin id="1685" dir="0" index="0" bw="3" slack="0"/>
<pin id="1686" dir="0" index="1" bw="8" slack="2147483647"/>
<pin id="1687" dir="0" index="2" bw="0" slack="2147483647"/>
<pin id="1688" dir="1" index="3" bw="8" slack="0"/>
</pin_list>
<bind>
<opcode="load(27) " fcode="load"/>
<opset="b_forwarded_6/2 "/>
</bind>
</comp>

<comp id="1690" class="1004" name="b_row_major_4_addr_gep_fu_1690">
<pin_list>
<pin id="1691" dir="0" index="0" bw="8" slack="0"/>
<pin id="1692" dir="0" index="1" bw="1" slack="0"/>
<pin id="1693" dir="0" index="2" bw="64" slack="0"/>
<pin id="1694" dir="1" index="3" bw="3" slack="0"/>
</pin_list>
<bind>
<opcode="getelementptr(29) " fcode="getelementptr"/>
<opset="b_row_major_4_addr/2 "/>
</bind>
</comp>

<comp id="1697" class="1004" name="grp_access_fu_1697">
<pin_list>
<pin id="1698" dir="0" index="0" bw="3" slack="0"/>
<pin id="1699" dir="0" index="1" bw="8" slack="2147483647"/>
<pin id="1700" dir="0" index="2" bw="0" slack="2147483647"/>
<pin id="1701" dir="1" index="3" bw="8" slack="0"/>
</pin_list>
<bind>
<opcode="load(27) " fcode="load"/>
<opset="b_forwarded_8/2 "/>
</bind>
</comp>

<comp id="1703" class="1004" name="b_row_major_5_addr_gep_fu_1703">
<pin_list>
<pin id="1704" dir="0" index="0" bw="8" slack="0"/>
<pin id="1705" dir="0" index="1" bw="1" slack="0"/>
<pin id="1706" dir="0" index="2" bw="64" slack="0"/>
<pin id="1707" dir="1" index="3" bw="3" slack="0"/>
</pin_list>
<bind>
<opcode="getelementptr(29) " fcode="getelementptr"/>
<opset="b_row_major_5_addr/2 "/>
</bind>
</comp>

<comp id="1710" class="1004" name="grp_access_fu_1710">
<pin_list>
<pin id="1711" dir="0" index="0" bw="3" slack="0"/>
<pin id="1712" dir="0" index="1" bw="8" slack="2147483647"/>
<pin id="1713" dir="0" index="2" bw="0" slack="2147483647"/>
<pin id="1714" dir="1" index="3" bw="8" slack="0"/>
</pin_list>
<bind>
<opcode="load(27) " fcode="load"/>
<opset="b_forwarded_10/2 "/>
</bind>
</comp>

<comp id="1716" class="1004" name="b_row_major_6_addr_gep_fu_1716">
<pin_list>
<pin id="1717" dir="0" index="0" bw="8" slack="0"/>
<pin id="1718" dir="0" index="1" bw="1" slack="0"/>
<pin id="1719" dir="0" index="2" bw="64" slack="0"/>
<pin id="1720" dir="1" index="3" bw="3" slack="0"/>
</pin_list>
<bind>
<opcode="getelementptr(29) " fcode="getelementptr"/>
<opset="b_row_major_6_addr/2 "/>
</bind>
</comp>

<comp id="1723" class="1004" name="grp_access_fu_1723">
<pin_list>
<pin id="1724" dir="0" index="0" bw="3" slack="0"/>
<pin id="1725" dir="0" index="1" bw="8" slack="2147483647"/>
<pin id="1726" dir="0" index="2" bw="0" slack="2147483647"/>
<pin id="1727" dir="1" index="3" bw="8" slack="0"/>
</pin_list>
<bind>
<opcode="load(27) " fcode="load"/>
<opset="b_forwarded_12/2 "/>
</bind>
</comp>

<comp id="1729" class="1004" name="b_row_major_7_addr_gep_fu_1729">
<pin_list>
<pin id="1730" dir="0" index="0" bw="8" slack="0"/>
<pin id="1731" dir="0" index="1" bw="1" slack="0"/>
<pin id="1732" dir="0" index="2" bw="64" slack="0"/>
<pin id="1733" dir="1" index="3" bw="3" slack="0"/>
</pin_list>
<bind>
<opcode="getelementptr(29) " fcode="getelementptr"/>
<opset="b_row_major_7_addr/2 "/>
</bind>
</comp>

<comp id="1736" class="1004" name="grp_access_fu_1736">
<pin_list>
<pin id="1737" dir="0" index="0" bw="3" slack="0"/>
<pin id="1738" dir="0" index="1" bw="8" slack="2147483647"/>
<pin id="1739" dir="0" index="2" bw="0" slack="2147483647"/>
<pin id="1740" dir="1" index="3" bw="8" slack="0"/>
</pin_list>
<bind>
<opcode="load(27) " fcode="load"/>
<opset="b_forwarded_14/2 "/>
</bind>
</comp>

<comp id="1742" class="1004" name="grp_access_fu_1742">
<pin_list>
<pin id="1743" dir="0" index="0" bw="3" slack="0"/>
<pin id="1744" dir="0" index="1" bw="8" slack="2147483647"/>
<pin id="1745" dir="0" index="2" bw="0" slack="2147483647"/>
<pin id="1746" dir="1" index="3" bw="8" slack="0"/>
</pin_list>
<bind>
<opcode="load(27) " fcode="load"/>
<opset="a_forwarded_2/2 "/>
</bind>
</comp>

<comp id="1748" class="1004" name="grp_access_fu_1748">
<pin_list>
<pin id="1749" dir="0" index="0" bw="3" slack="0"/>
<pin id="1750" dir="0" index="1" bw="8" slack="2147483647"/>
<pin id="1751" dir="0" index="2" bw="0" slack="2147483647"/>
<pin id="1752" dir="1" index="3" bw="8" slack="0"/>
</pin_list>
<bind>
<opcode="load(27) " fcode="load"/>
<opset="a_forwarded_4/2 "/>
</bind>
</comp>

<comp id="1754" class="1004" name="grp_access_fu_1754">
<pin_list>
<pin id="1755" dir="0" index="0" bw="3" slack="0"/>
<pin id="1756" dir="0" index="1" bw="8" slack="2147483647"/>
<pin id="1757" dir="0" index="2" bw="0" slack="2147483647"/>
<pin id="1758" dir="1" index="3" bw="8" slack="0"/>
</pin_list>
<bind>
<opcode="load(27) " fcode="load"/>
<opset="a_forwarded_6/2 "/>
</bind>
</comp>

<comp id="1760" class="1004" name="grp_access_fu_1760">
<pin_list>
<pin id="1761" dir="0" index="0" bw="3" slack="0"/>
<pin id="1762" dir="0" index="1" bw="8" slack="2147483647"/>
<pin id="1763" dir="0" index="2" bw="0" slack="2147483647"/>
<pin id="1764" dir="1" index="3" bw="8" slack="0"/>
</pin_list>
<bind>
<opcode="load(27) " fcode="load"/>
<opset="a_forwarded_8/2 "/>
</bind>
</comp>

<comp id="1766" class="1004" name="grp_access_fu_1766">
<pin_list>
<pin id="1767" dir="0" index="0" bw="3" slack="0"/>
<pin id="1768" dir="0" index="1" bw="8" slack="2147483647"/>
<pin id="1769" dir="0" index="2" bw="0" slack="2147483647"/>
<pin id="1770" dir="1" index="3" bw="8" slack="0"/>
</pin_list>
<bind>
<opcode="load(27) " fcode="load"/>
<opset="a_forwarded_10/2 "/>
</bind>
</comp>

<comp id="1772" class="1004" name="grp_access_fu_1772">
<pin_list>
<pin id="1773" dir="0" index="0" bw="3" slack="0"/>
<pin id="1774" dir="0" index="1" bw="8" slack="2147483647"/>
<pin id="1775" dir="0" index="2" bw="0" slack="2147483647"/>
<pin id="1776" dir="1" index="3" bw="8" slack="0"/>
</pin_list>
<bind>
<opcode="load(27) " fcode="load"/>
<opset="a_forwarded_12/2 "/>
</bind>
</comp>

<comp id="1778" class="1004" name="grp_access_fu_1778">
<pin_list>
<pin id="1779" dir="0" index="0" bw="3" slack="0"/>
<pin id="1780" dir="0" index="1" bw="8" slack="2147483647"/>
<pin id="1781" dir="0" index="2" bw="0" slack="2147483647"/>
<pin id="1782" dir="1" index="3" bw="8" slack="0"/>
</pin_list>
<bind>
<opcode="load(27) " fcode="load"/>
<opset="a_forwarded_14/2 "/>
</bind>
</comp>

<comp id="1784" class="1004" name="sext_ln81_cast_fu_1784">
<pin_list>
<pin id="1785" dir="0" index="0" bw="32" slack="0"/>
<pin id="1786" dir="1" index="1" bw="64" slack="1"/>
</pin_list>
<bind>
<opcode="sext(35) " fcode="sext"/>
<opset="sext_ln81_cast/1 "/>
</bind>
</comp>

<comp id="1788" class="1004" name="wide_trip_count_cast_fu_1788">
<pin_list>
<pin id="1789" dir="0" index="0" bw="4" slack="0"/>
<pin id="1790" dir="1" index="1" bw="64" slack="1"/>
</pin_list>
<bind>
<opcode="zext(34) " fcode="zext"/>
<opset="wide_trip_count_cast/1 "/>
</bind>
</comp>

<comp id="1792" class="1004" name="zext_ln81_cast_fu_1792">
<pin_list>
<pin id="1793" dir="0" index="0" bw="3" slack="0"/>
<pin id="1794" dir="1" index="1" bw="64" slack="0"/>
</pin_list>
<bind>
<opcode="zext(34) " fcode="zext"/>
<opset="zext_ln81_cast/1 "/>
</bind>
</comp>

<comp id="1796" class="1004" name="store_ln81_store_fu_1796">
<pin_list>
<pin id="1797" dir="0" index="0" bw="3" slack="0"/>
<pin id="1798" dir="0" index="1" bw="64" slack="0"/>
<pin id="1799" dir="1" index="2" bw="0" slack="2147483647"/>
</pin_list>
<bind>
<opcode="store(28) " fcode="store"/>
<opset="store_ln81/1 "/>
</bind>
</comp>

<comp id="1801" class="1004" name="store_ln0_store_fu_1801">
<pin_list>
<pin id="1802" dir="0" index="0" bw="16" slack="0"/>
<pin id="1803" dir="0" index="1" bw="16" slack="0"/>
<pin id="1804" dir="1" index="2" bw="0" slack="2147483647"/>
</pin_list>
<bind>
<opcode="store(28) " fcode="store"/>
<opset="store_ln0/1 "/>
</bind>
</comp>

<comp id="1806" class="1004" name="store_ln0_store_fu_1806">
<pin_list>
<pin id="1807" dir="0" index="0" bw="16" slack="0"/>
<pin id="1808" dir="0" index="1" bw="16" slack="0"/>
<pin id="1809" dir="1" index="2" bw="0" slack="2147483647"/>
</pin_list>
<bind>
<opcode="store(28) " fcode="store"/>
<opset="store_ln0/1 "/>
</bind>
</comp>

<comp id="1811" class="1004" name="store_ln0_store_fu_1811">
<pin_list>
<pin id="1812" dir="0" index="0" bw="16" slack="0"/>
<pin id="1813" dir="0" index="1" bw="16" slack="0"/>
<pin id="1814" dir="1" index="2" bw="0" slack="2147483647"/>
</pin_list>
<bind>
<opcode="store(28) " fcode="store"/>
<opset="store_ln0/1 "/>
</bind>
</comp>

<comp id="1816" class="1004" name="store_ln0_store_fu_1816">
<pin_list>
<pin id="1817" dir="0" index="0" bw="16" slack="0"/>
<pin id="1818" dir="0" index="1" bw="16" slack="0"/>
<pin id="1819" dir="1" index="2" bw="0" slack="2147483647"/>
</pin_list>
<bind>
<opcode="store(28) " fcode="store"/>
<opset="store_ln0/1 "/>
</bind>
</comp>

<comp id="1821" class="1004" name="store_ln0_store_fu_1821">
<pin_list>
<pin id="1822" dir="0" index="0" bw="16" slack="0"/>
<pin id="1823" dir="0" index="1" bw="16" slack="0"/>
<pin id="1824" dir="1" index="2" bw="0" slack="2147483647"/>
</pin_list>
<bind>
<opcode="store(28) " fcode="store"/>
<opset="store_ln0/1 "/>
</bind>
</comp>

<comp id="1826" class="1004" name="store_ln0_store_fu_1826">
<pin_list>
<pin id="1827" dir="0" index="0" bw="16" slack="0"/>
<pin id="1828" dir="0" index="1" bw="16" slack="0"/>
<pin id="1829" dir="1" index="2" bw="0" slack="2147483647"/>
</pin_list>
<bind>
<opcode="store(28) " fcode="store"/>
<opset="store_ln0/1 "/>
</bind>
</comp>

<comp id="1831" class="1004" name="store_ln0_store_fu_1831">
<pin_list>
<pin id="1832" dir="0" index="0" bw="16" slack="0"/>
<pin id="1833" dir="0" index="1" bw="16" slack="0"/>
<pin id="1834" dir="1" index="2" bw="0" slack="2147483647"/>
</pin_list>
<bind>
<opcode="store(28) " fcode="store"/>
<opset="store_ln0/1 "/>
</bind>
</comp>

<comp id="1836" class="1004" name="store_ln0_store_fu_1836">
<pin_list>
<pin id="1837" dir="0" index="0" bw="16" slack="0"/>
<pin id="1838" dir="0" index="1" bw="16" slack="0"/>
<pin id="1839" dir="1" index="2" bw="0" slack="2147483647"/>
</pin_list>
<bind>
<opcode="store(28) " fcode="store"/>
<opset="store_ln0/1 "/>
</bind>
</comp>

<comp id="1841" class="1004" name="store_ln0_store_fu_1841">
<pin_list>
<pin id="1842" dir="0" index="0" bw="16" slack="0"/>
<pin id="1843" dir="0" index="1" bw="16" slack="0"/>
<pin id="1844" dir="1" index="2" bw="0" slack="2147483647"/>
</pin_list>
<bind>
<opcode="store(28) " fcode="store"/>
<opset="store_ln0/1 "/>
</bind>
</comp>

<comp id="1846" class="1004" name="store_ln0_store_fu_1846">
<pin_list>
<pin id="1847" dir="0" index="0" bw="16" slack="0"/>
<pin id="1848" dir="0" index="1" bw="16" slack="0"/>
<pin id="1849" dir="1" index="2" bw="0" slack="2147483647"/>
</pin_list>
<bind>
<opcode="store(28) " fcode="store"/>
<opset="store_ln0/1 "/>
</bind>
</comp>

<comp id="1851" class="1004" name="store_ln0_store_fu_1851">
<pin_list>
<pin id="1852" dir="0" index="0" bw="16" slack="0"/>
<pin id="1853" dir="0" index="1" bw="16" slack="0"/>
<pin id="1854" dir="1" index="2" bw="0" slack="2147483647"/>
</pin_list>
<bind>
<opcode="store(28) " fcode="store"/>
<opset="store_ln0/1 "/>
</bind>
</comp>

<comp id="1856" class="1004" name="store_ln0_store_fu_1856">
<pin_list>
<pin id="1857" dir="0" index="0" bw="16" slack="0"/>
<pin id="1858" dir="0" index="1" bw="16" slack="0"/>
<pin id="1859" dir="1" index="2" bw="0" slack="2147483647"/>
</pin_list>
<bind>
<opcode="store(28) " fcode="store"/>
<opset="store_ln0/1 "/>
</bind>
</comp>

<comp id="1861" class="1004" name="store_ln0_store_fu_1861">
<pin_list>
<pin id="1862" dir="0" index="0" bw="16" slack="0"/>
<pin id="1863" dir="0" index="1" bw="16" slack="0"/>
<pin id="1864" dir="1" index="2" bw="0" slack="2147483647"/>
</pin_list>
<bind>
<opcode="store(28) " fcode="store"/>
<opset="store_ln0/1 "/>
</bind>
</comp>

<comp id="1866" class="1004" name="store_ln0_store_fu_1866">
<pin_list>
<pin id="1867" dir="0" index="0" bw="16" slack="0"/>
<pin id="1868" dir="0" index="1" bw="16" slack="0"/>
<pin id="1869" dir="1" index="2" bw="0" slack="2147483647"/>
</pin_list>
<bind>
<opcode="store(28) " fcode="store"/>
<opset="store_ln0/1 "/>
</bind>
</comp>

<comp id="1871" class="1004" name="store_ln0_store_fu_1871">
<pin_list>
<pin id="1872" dir="0" index="0" bw="16" slack="0"/>
<pin id="1873" dir="0" index="1" bw="16" slack="0"/>
<pin id="1874" dir="1" index="2" bw="0" slack="2147483647"/>
</pin_list>
<bind>
<opcode="store(28) " fcode="store"/>
<opset="store_ln0/1 "/>
</bind>
</comp>

<comp id="1876" class="1004" name="store_ln0_store_fu_1876">
<pin_list>
<pin id="1877" dir="0" index="0" bw="16" slack="0"/>
<pin id="1878" dir="0" index="1" bw="16" slack="0"/>
<pin id="1879" dir="1" index="2" bw="0" slack="2147483647"/>
</pin_list>
<bind>
<opcode="store(28) " fcode="store"/>
<opset="store_ln0/1 "/>
</bind>
</comp>

<comp id="1881" class="1004" name="store_ln0_store_fu_1881">
<pin_list>
<pin id="1882" dir="0" index="0" bw="16" slack="0"/>
<pin id="1883" dir="0" index="1" bw="16" slack="0"/>
<pin id="1884" dir="1" index="2" bw="0" slack="2147483647"/>
</pin_list>
<bind>
<opcode="store(28) " fcode="store"/>
<opset="store_ln0/1 "/>
</bind>
</comp>

<comp id="1886" class="1004" name="store_ln0_store_fu_1886">
<pin_list>
<pin id="1887" dir="0" index="0" bw="16" slack="0"/>
<pin id="1888" dir="0" index="1" bw="16" slack="0"/>
<pin id="1889" dir="1" index="2" bw="0" slack="2147483647"/>
</pin_list>
<bind>
<opcode="store(28) " fcode="store"/>
<opset="store_ln0/1 "/>
</bind>
</comp>

<comp id="1891" class="1004" name="store_ln0_store_fu_1891">
<pin_list>
<pin id="1892" dir="0" index="0" bw="16" slack="0"/>
<pin id="1893" dir="0" index="1" bw="16" slack="0"/>
<pin id="1894" dir="1" index="2" bw="0" slack="2147483647"/>
</pin_list>
<bind>
<opcode="store(28) " fcode="store"/>
<opset="store_ln0/1 "/>
</bind>
</comp>

<comp id="1896" class="1004" name="store_ln0_store_fu_1896">
<pin_list>
<pin id="1897" dir="0" index="0" bw="16" slack="0"/>
<pin id="1898" dir="0" index="1" bw="16" slack="0"/>
<pin id="1899" dir="1" index="2" bw="0" slack="2147483647"/>
</pin_list>
<bind>
<opcode="store(28) " fcode="store"/>
<opset="store_ln0/1 "/>
</bind>
</comp>

<comp id="1901" class="1004" name="store_ln0_store_fu_1901">
<pin_list>
<pin id="1902" dir="0" index="0" bw="16" slack="0"/>
<pin id="1903" dir="0" index="1" bw="16" slack="0"/>
<pin id="1904" dir="1" index="2" bw="0" slack="2147483647"/>
</pin_list>
<bind>
<opcode="store(28) " fcode="store"/>
<opset="store_ln0/1 "/>
</bind>
</comp>

<comp id="1906" class="1004" name="store_ln0_store_fu_1906">
<pin_list>
<pin id="1907" dir="0" index="0" bw="16" slack="0"/>
<pin id="1908" dir="0" index="1" bw="16" slack="0"/>
<pin id="1909" dir="1" index="2" bw="0" slack="2147483647"/>
</pin_list>
<bind>
<opcode="store(28) " fcode="store"/>
<opset="store_ln0/1 "/>
</bind>
</comp>

<comp id="1911" class="1004" name="store_ln0_store_fu_1911">
<pin_list>
<pin id="1912" dir="0" index="0" bw="16" slack="0"/>
<pin id="1913" dir="0" index="1" bw="16" slack="0"/>
<pin id="1914" dir="1" index="2" bw="0" slack="2147483647"/>
</pin_list>
<bind>
<opcode="store(28) " fcode="store"/>
<opset="store_ln0/1 "/>
</bind>
</comp>

<comp id="1916" class="1004" name="store_ln0_store_fu_1916">
<pin_list>
<pin id="1917" dir="0" index="0" bw="16" slack="0"/>
<pin id="1918" dir="0" index="1" bw="16" slack="0"/>
<pin id="1919" dir="1" index="2" bw="0" slack="2147483647"/>
</pin_list>
<bind>
<opcode="store(28) " fcode="store"/>
<opset="store_ln0/1 "/>
</bind>
</comp>

<comp id="1921" class="1004" name="store_ln0_store_fu_1921">
<pin_list>
<pin id="1922" dir="0" index="0" bw="16" slack="0"/>
<pin id="1923" dir="0" index="1" bw="16" slack="0"/>
<pin id="1924" dir="1" index="2" bw="0" slack="2147483647"/>
</pin_list>
<bind>
<opcode="store(28) " fcode="store"/>
<opset="store_ln0/1 "/>
</bind>
</comp>

<comp id="1926" class="1004" name="store_ln0_store_fu_1926">
<pin_list>
<pin id="1927" dir="0" index="0" bw="16" slack="0"/>
<pin id="1928" dir="0" index="1" bw="16" slack="0"/>
<pin id="1929" dir="1" index="2" bw="0" slack="2147483647"/>
</pin_list>
<bind>
<opcode="store(28) " fcode="store"/>
<opset="store_ln0/1 "/>
</bind>
</comp>

<comp id="1931" class="1004" name="store_ln0_store_fu_1931">
<pin_list>
<pin id="1932" dir="0" index="0" bw="16" slack="0"/>
<pin id="1933" dir="0" index="1" bw="16" slack="0"/>
<pin id="1934" dir="1" index="2" bw="0" slack="2147483647"/>
</pin_list>
<bind>
<opcode="store(28) " fcode="store"/>
<opset="store_ln0/1 "/>
</bind>
</comp>

<comp id="1936" class="1004" name="store_ln0_store_fu_1936">
<pin_list>
<pin id="1937" dir="0" index="0" bw="16" slack="0"/>
<pin id="1938" dir="0" index="1" bw="16" slack="0"/>
<pin id="1939" dir="1" index="2" bw="0" slack="2147483647"/>
</pin_list>
<bind>
<opcode="store(28) " fcode="store"/>
<opset="store_ln0/1 "/>
</bind>
</comp>

<comp id="1941" class="1004" name="store_ln0_store_fu_1941">
<pin_list>
<pin id="1942" dir="0" index="0" bw="16" slack="0"/>
<pin id="1943" dir="0" index="1" bw="16" slack="0"/>
<pin id="1944" dir="1" index="2" bw="0" slack="2147483647"/>
</pin_list>
<bind>
<opcode="store(28) " fcode="store"/>
<opset="store_ln0/1 "/>
</bind>
</comp>

<comp id="1946" class="1004" name="store_ln0_store_fu_1946">
<pin_list>
<pin id="1947" dir="0" index="0" bw="16" slack="0"/>
<pin id="1948" dir="0" index="1" bw="16" slack="0"/>
<pin id="1949" dir="1" index="2" bw="0" slack="2147483647"/>
</pin_list>
<bind>
<opcode="store(28) " fcode="store"/>
<opset="store_ln0/1 "/>
</bind>
</comp>

<comp id="1951" class="1004" name="store_ln0_store_fu_1951">
<pin_list>
<pin id="1952" dir="0" index="0" bw="16" slack="0"/>
<pin id="1953" dir="0" index="1" bw="16" slack="0"/>
<pin id="1954" dir="1" index="2" bw="0" slack="2147483647"/>
</pin_list>
<bind>
<opcode="store(28) " fcode="store"/>
<opset="store_ln0/1 "/>
</bind>
</comp>

<comp id="1956" class="1004" name="store_ln0_store_fu_1956">
<pin_list>
<pin id="1957" dir="0" index="0" bw="16" slack="0"/>
<pin id="1958" dir="0" index="1" bw="16" slack="0"/>
<pin id="1959" dir="1" index="2" bw="0" slack="2147483647"/>
</pin_list>
<bind>
<opcode="store(28) " fcode="store"/>
<opset="store_ln0/1 "/>
</bind>
</comp>

<comp id="1961" class="1004" name="store_ln0_store_fu_1961">
<pin_list>
<pin id="1962" dir="0" index="0" bw="16" slack="0"/>
<pin id="1963" dir="0" index="1" bw="16" slack="0"/>
<pin id="1964" dir="1" index="2" bw="0" slack="2147483647"/>
</pin_list>
<bind>
<opcode="store(28) " fcode="store"/>
<opset="store_ln0/1 "/>
</bind>
</comp>

<comp id="1966" class="1004" name="store_ln0_store_fu_1966">
<pin_list>
<pin id="1967" dir="0" index="0" bw="16" slack="0"/>
<pin id="1968" dir="0" index="1" bw="16" slack="0"/>
<pin id="1969" dir="1" index="2" bw="0" slack="2147483647"/>
</pin_list>
<bind>
<opcode="store(28) " fcode="store"/>
<opset="store_ln0/1 "/>
</bind>
</comp>

<comp id="1971" class="1004" name="store_ln0_store_fu_1971">
<pin_list>
<pin id="1972" dir="0" index="0" bw="16" slack="0"/>
<pin id="1973" dir="0" index="1" bw="16" slack="0"/>
<pin id="1974" dir="1" index="2" bw="0" slack="2147483647"/>
</pin_list>
<bind>
<opcode="store(28) " fcode="store"/>
<opset="store_ln0/1 "/>
</bind>
</comp>

<comp id="1976" class="1004" name="store_ln0_store_fu_1976">
<pin_list>
<pin id="1977" dir="0" index="0" bw="16" slack="0"/>
<pin id="1978" dir="0" index="1" bw="16" slack="0"/>
<pin id="1979" dir="1" index="2" bw="0" slack="2147483647"/>
</pin_list>
<bind>
<opcode="store(28) " fcode="store"/>
<opset="store_ln0/1 "/>
</bind>
</comp>

<comp id="1981" class="1004" name="store_ln0_store_fu_1981">
<pin_list>
<pin id="1982" dir="0" index="0" bw="16" slack="0"/>
<pin id="1983" dir="0" index="1" bw="16" slack="0"/>
<pin id="1984" dir="1" index="2" bw="0" slack="2147483647"/>
</pin_list>
<bind>
<opcode="store(28) " fcode="store"/>
<opset="store_ln0/1 "/>
</bind>
</comp>

<comp id="1986" class="1004" name="store_ln0_store_fu_1986">
<pin_list>
<pin id="1987" dir="0" index="0" bw="16" slack="0"/>
<pin id="1988" dir="0" index="1" bw="16" slack="0"/>
<pin id="1989" dir="1" index="2" bw="0" slack="2147483647"/>
</pin_list>
<bind>
<opcode="store(28) " fcode="store"/>
<opset="store_ln0/1 "/>
</bind>
</comp>

<comp id="1991" class="1004" name="store_ln0_store_fu_1991">
<pin_list>
<pin id="1992" dir="0" index="0" bw="16" slack="0"/>
<pin id="1993" dir="0" index="1" bw="16" slack="0"/>
<pin id="1994" dir="1" index="2" bw="0" slack="2147483647"/>
</pin_list>
<bind>
<opcode="store(28) " fcode="store"/>
<opset="store_ln0/1 "/>
</bind>
</comp>

<comp id="1996" class="1004" name="store_ln0_store_fu_1996">
<pin_list>
<pin id="1997" dir="0" index="0" bw="16" slack="0"/>
<pin id="1998" dir="0" index="1" bw="16" slack="0"/>
<pin id="1999" dir="1" index="2" bw="0" slack="2147483647"/>
</pin_list>
<bind>
<opcode="store(28) " fcode="store"/>
<opset="store_ln0/1 "/>
</bind>
</comp>

<comp id="2001" class="1004" name="store_ln0_store_fu_2001">
<pin_list>
<pin id="2002" dir="0" index="0" bw="16" slack="0"/>
<pin id="2003" dir="0" index="1" bw="16" slack="0"/>
<pin id="2004" dir="1" index="2" bw="0" slack="2147483647"/>
</pin_list>
<bind>
<opcode="store(28) " fcode="store"/>
<opset="store_ln0/1 "/>
</bind>
</comp>

<comp id="2006" class="1004" name="store_ln0_store_fu_2006">
<pin_list>
<pin id="2007" dir="0" index="0" bw="16" slack="0"/>
<pin id="2008" dir="0" index="1" bw="16" slack="0"/>
<pin id="2009" dir="1" index="2" bw="0" slack="2147483647"/>
</pin_list>
<bind>
<opcode="store(28) " fcode="store"/>
<opset="store_ln0/1 "/>
</bind>
</comp>

<comp id="2011" class="1004" name="store_ln0_store_fu_2011">
<pin_list>
<pin id="2012" dir="0" index="0" bw="16" slack="0"/>
<pin id="2013" dir="0" index="1" bw="16" slack="0"/>
<pin id="2014" dir="1" index="2" bw="0" slack="2147483647"/>
</pin_list>
<bind>
<opcode="store(28) " fcode="store"/>
<opset="store_ln0/1 "/>
</bind>
</comp>

<comp id="2016" class="1004" name="store_ln0_store_fu_2016">
<pin_list>
<pin id="2017" dir="0" index="0" bw="16" slack="0"/>
<pin id="2018" dir="0" index="1" bw="16" slack="0"/>
<pin id="2019" dir="1" index="2" bw="0" slack="2147483647"/>
</pin_list>
<bind>
<opcode="store(28) " fcode="store"/>
<opset="store_ln0/1 "/>
</bind>
</comp>

<comp id="2021" class="1004" name="store_ln0_store_fu_2021">
<pin_list>
<pin id="2022" dir="0" index="0" bw="16" slack="0"/>
<pin id="2023" dir="0" index="1" bw="16" slack="0"/>
<pin id="2024" dir="1" index="2" bw="0" slack="2147483647"/>
</pin_list>
<bind>
<opcode="store(28) " fcode="store"/>
<opset="store_ln0/1 "/>
</bind>
</comp>

<comp id="2026" class="1004" name="store_ln0_store_fu_2026">
<pin_list>
<pin id="2027" dir="0" index="0" bw="16" slack="0"/>
<pin id="2028" dir="0" index="1" bw="16" slack="0"/>
<pin id="2029" dir="1" index="2" bw="0" slack="2147483647"/>
</pin_list>
<bind>
<opcode="store(28) " fcode="store"/>
<opset="store_ln0/1 "/>
</bind>
</comp>

<comp id="2031" class="1004" name="store_ln0_store_fu_2031">
<pin_list>
<pin id="2032" dir="0" index="0" bw="16" slack="0"/>
<pin id="2033" dir="0" index="1" bw="16" slack="0"/>
<pin id="2034" dir="1" index="2" bw="0" slack="2147483647"/>
</pin_list>
<bind>
<opcode="store(28) " fcode="store"/>
<opset="store_ln0/1 "/>
</bind>
</comp>

<comp id="2036" class="1004" name="store_ln0_store_fu_2036">
<pin_list>
<pin id="2037" dir="0" index="0" bw="16" slack="0"/>
<pin id="2038" dir="0" index="1" bw="16" slack="0"/>
<pin id="2039" dir="1" index="2" bw="0" slack="2147483647"/>
</pin_list>
<bind>
<opcode="store(28) " fcode="store"/>
<opset="store_ln0/1 "/>
</bind>
</comp>

<comp id="2041" class="1004" name="store_ln0_store_fu_2041">
<pin_list>
<pin id="2042" dir="0" index="0" bw="16" slack="0"/>
<pin id="2043" dir="0" index="1" bw="16" slack="0"/>
<pin id="2044" dir="1" index="2" bw="0" slack="2147483647"/>
</pin_list>
<bind>
<opcode="store(28) " fcode="store"/>
<opset="store_ln0/1 "/>
</bind>
</comp>

<comp id="2046" class="1004" name="store_ln0_store_fu_2046">
<pin_list>
<pin id="2047" dir="0" index="0" bw="16" slack="0"/>
<pin id="2048" dir="0" index="1" bw="16" slack="0"/>
<pin id="2049" dir="1" index="2" bw="0" slack="2147483647"/>
</pin_list>
<bind>
<opcode="store(28) " fcode="store"/>
<opset="store_ln0/1 "/>
</bind>
</comp>

<comp id="2051" class="1004" name="store_ln0_store_fu_2051">
<pin_list>
<pin id="2052" dir="0" index="0" bw="16" slack="0"/>
<pin id="2053" dir="0" index="1" bw="16" slack="0"/>
<pin id="2054" dir="1" index="2" bw="0" slack="2147483647"/>
</pin_list>
<bind>
<opcode="store(28) " fcode="store"/>
<opset="store_ln0/1 "/>
</bind>
</comp>

<comp id="2056" class="1004" name="store_ln0_store_fu_2056">
<pin_list>
<pin id="2057" dir="0" index="0" bw="16" slack="0"/>
<pin id="2058" dir="0" index="1" bw="16" slack="0"/>
<pin id="2059" dir="1" index="2" bw="0" slack="2147483647"/>
</pin_list>
<bind>
<opcode="store(28) " fcode="store"/>
<opset="store_ln0/1 "/>
</bind>
</comp>

<comp id="2061" class="1004" name="store_ln0_store_fu_2061">
<pin_list>
<pin id="2062" dir="0" index="0" bw="16" slack="0"/>
<pin id="2063" dir="0" index="1" bw="16" slack="0"/>
<pin id="2064" dir="1" index="2" bw="0" slack="2147483647"/>
</pin_list>
<bind>
<opcode="store(28) " fcode="store"/>
<opset="store_ln0/1 "/>
</bind>
</comp>

<comp id="2066" class="1004" name="store_ln0_store_fu_2066">
<pin_list>
<pin id="2067" dir="0" index="0" bw="16" slack="0"/>
<pin id="2068" dir="0" index="1" bw="16" slack="0"/>
<pin id="2069" dir="1" index="2" bw="0" slack="2147483647"/>
</pin_list>
<bind>
<opcode="store(28) " fcode="store"/>
<opset="store_ln0/1 "/>
</bind>
</comp>

<comp id="2071" class="1004" name="store_ln0_store_fu_2071">
<pin_list>
<pin id="2072" dir="0" index="0" bw="16" slack="0"/>
<pin id="2073" dir="0" index="1" bw="16" slack="0"/>
<pin id="2074" dir="1" index="2" bw="0" slack="2147483647"/>
</pin_list>
<bind>
<opcode="store(28) " fcode="store"/>
<opset="store_ln0/1 "/>
</bind>
</comp>

<comp id="2076" class="1004" name="store_ln0_store_fu_2076">
<pin_list>
<pin id="2077" dir="0" index="0" bw="16" slack="0"/>
<pin id="2078" dir="0" index="1" bw="16" slack="0"/>
<pin id="2079" dir="1" index="2" bw="0" slack="2147483647"/>
</pin_list>
<bind>
<opcode="store(28) " fcode="store"/>
<opset="store_ln0/1 "/>
</bind>
</comp>

<comp id="2081" class="1004" name="store_ln0_store_fu_2081">
<pin_list>
<pin id="2082" dir="0" index="0" bw="16" slack="0"/>
<pin id="2083" dir="0" index="1" bw="16" slack="0"/>
<pin id="2084" dir="1" index="2" bw="0" slack="2147483647"/>
</pin_list>
<bind>
<opcode="store(28) " fcode="store"/>
<opset="store_ln0/1 "/>
</bind>
</comp>

<comp id="2086" class="1004" name="store_ln0_store_fu_2086">
<pin_list>
<pin id="2087" dir="0" index="0" bw="16" slack="0"/>
<pin id="2088" dir="0" index="1" bw="16" slack="0"/>
<pin id="2089" dir="1" index="2" bw="0" slack="2147483647"/>
</pin_list>
<bind>
<opcode="store(28) " fcode="store"/>
<opset="store_ln0/1 "/>
</bind>
</comp>

<comp id="2091" class="1004" name="store_ln0_store_fu_2091">
<pin_list>
<pin id="2092" dir="0" index="0" bw="16" slack="0"/>
<pin id="2093" dir="0" index="1" bw="16" slack="0"/>
<pin id="2094" dir="1" index="2" bw="0" slack="2147483647"/>
</pin_list>
<bind>
<opcode="store(28) " fcode="store"/>
<opset="store_ln0/1 "/>
</bind>
</comp>

<comp id="2096" class="1004" name="store_ln0_store_fu_2096">
<pin_list>
<pin id="2097" dir="0" index="0" bw="16" slack="0"/>
<pin id="2098" dir="0" index="1" bw="16" slack="0"/>
<pin id="2099" dir="1" index="2" bw="0" slack="2147483647"/>
</pin_list>
<bind>
<opcode="store(28) " fcode="store"/>
<opset="store_ln0/1 "/>
</bind>
</comp>

<comp id="2101" class="1004" name="store_ln0_store_fu_2101">
<pin_list>
<pin id="2102" dir="0" index="0" bw="16" slack="0"/>
<pin id="2103" dir="0" index="1" bw="16" slack="0"/>
<pin id="2104" dir="1" index="2" bw="0" slack="2147483647"/>
</pin_list>
<bind>
<opcode="store(28) " fcode="store"/>
<opset="store_ln0/1 "/>
</bind>
</comp>

<comp id="2106" class="1004" name="store_ln0_store_fu_2106">
<pin_list>
<pin id="2107" dir="0" index="0" bw="16" slack="0"/>
<pin id="2108" dir="0" index="1" bw="16" slack="0"/>
<pin id="2109" dir="1" index="2" bw="0" slack="2147483647"/>
</pin_list>
<bind>
<opcode="store(28) " fcode="store"/>
<opset="store_ln0/1 "/>
</bind>
</comp>

<comp id="2111" class="1004" name="store_ln0_store_fu_2111">
<pin_list>
<pin id="2112" dir="0" index="0" bw="16" slack="0"/>
<pin id="2113" dir="0" index="1" bw="16" slack="0"/>
<pin id="2114" dir="1" index="2" bw="0" slack="2147483647"/>
</pin_list>
<bind>
<opcode="store(28) " fcode="store"/>
<opset="store_ln0/1 "/>
</bind>
</comp>

<comp id="2116" class="1004" name="store_ln0_store_fu_2116">
<pin_list>
<pin id="2117" dir="0" index="0" bw="16" slack="0"/>
<pin id="2118" dir="0" index="1" bw="16" slack="0"/>
<pin id="2119" dir="1" index="2" bw="0" slack="2147483647"/>
</pin_list>
<bind>
<opcode="store(28) " fcode="store"/>
<opset="store_ln0/1 "/>
</bind>
</comp>

<comp id="2121" class="1004" name="k_1_load_fu_2121">
<pin_list>
<pin id="2122" dir="0" index="0" bw="64" slack="1"/>
<pin id="2123" dir="1" index="1" bw="64" slack="0"/>
</pin_list>
<bind>
<opcode="load(27) " fcode="load"/>
<opset="k_1/2 "/>
</bind>
</comp>

<comp id="2140" class="1004" name="icmp_ln81_fu_2140">
<pin_list>
<pin id="2141" dir="0" index="0" bw="64" slack="0"/>
<pin id="2142" dir="0" index="1" bw="64" slack="1"/>
<pin id="2143" dir="1" index="2" bw="1" slack="3"/>
</pin_list>
<bind>
<opcode="icmp(45) " fcode="icmp"/>
<opset="icmp_ln81/2 "/>
</bind>
</comp>

<comp id="2145" class="1004" name="cmp13_fu_2145">
<pin_list>
<pin id="2146" dir="0" index="0" bw="64" slack="0"/>
<pin id="2147" dir="0" index="1" bw="64" slack="1"/>
<pin id="2148" dir="1" index="2" bw="1" slack="1"/>
</pin_list>
<bind>
<opcode="icmp(45) " fcode="icmp"/>
<opset="cmp13/2 "/>
</bind>
</comp>

<comp id="2150" class="1004" name="icmp_ln91_fu_2150">
<pin_list>
<pin id="2151" dir="0" index="0" bw="64" slack="0"/>
<pin id="2152" dir="0" index="1" bw="64" slack="1"/>
<pin id="2153" dir="1" index="2" bw="1" slack="1"/>
</pin_list>
<bind>
<opcode="icmp(45) " fcode="icmp"/>
<opset="icmp_ln91/2 "/>
</bind>
</comp>

<comp id="2155" class="1004" name="add_ln81_fu_2155">
<pin_list>
<pin id="2156" dir="0" index="0" bw="64" slack="0"/>
<pin id="2157" dir="0" index="1" bw="1" slack="0"/>
<pin id="2158" dir="1" index="2" bw="64" slack="0"/>
</pin_list>
<bind>
<opcode="add(8) " fcode="add"/>
<opset="add_ln81/2 "/>
</bind>
</comp>

<comp id="2161" class="1004" name="store_ln81_store_fu_2161">
<pin_list>
<pin id="2162" dir="0" index="0" bw="64" slack="0"/>
<pin id="2163" dir="0" index="1" bw="64" slack="1"/>
<pin id="2164" dir="1" index="2" bw="0" slack="2147483647"/>
</pin_list>
<bind>
<opcode="store(28) " fcode="store"/>
<opset="store_ln81/2 "/>
</bind>
</comp>

<comp id="2166" class="1004" name="xor_ln91_fu_2166">
<pin_list>
<pin id="2167" dir="0" index="0" bw="1" slack="1"/>
<pin id="2168" dir="0" index="1" bw="1" slack="0"/>
<pin id="2169" dir="1" index="2" bw="1" slack="0"/>
</pin_list>
<bind>
<opcode="xor(25) " fcode="xor"/>
<opset="xor_ln91/3 "/>
</bind>
</comp>

<comp id="2171" class="1004" name="or_ln91_fu_2171">
<pin_list>
<pin id="2172" dir="0" index="0" bw="1" slack="2"/>
<pin id="2173" dir="0" index="1" bw="1" slack="0"/>
<pin id="2174" dir="1" index="2" bw="1" slack="0"/>
</pin_list>
<bind>
<opcode="or(24) " fcode="or"/>
<opset="or_ln91/3 "/>
</bind>
</comp>

<comp id="2176" class="1004" name="a_forwarded_1_fu_2176">
<pin_list>
<pin id="2177" dir="0" index="0" bw="1" slack="0"/>
<pin id="2178" dir="0" index="1" bw="8" slack="0"/>
<pin id="2179" dir="0" index="2" bw="8" slack="0"/>
<pin id="2180" dir="1" index="3" bw="8" slack="0"/>
</pin_list>
<bind>
<opcode="select(49) " fcode="select"/>
<opset="a_forwarded_1/3 "/>
</bind>
</comp>

<comp id="2184" class="1004" name="and_ln96_fu_2184">
<pin_list>
<pin id="2185" dir="0" index="0" bw="1" slack="1"/>
<pin id="2186" dir="0" index="1" bw="1" slack="2"/>
<pin id="2187" dir="1" index="2" bw="1" slack="0"/>
</pin_list>
<bind>
<opcode="and(23) " fcode="and"/>
<opset="and_ln96/3 "/>
</bind>
</comp>

<comp id="2188" class="1004" name="b_forwarded_1_fu_2188">
<pin_list>
<pin id="2189" dir="0" index="0" bw="1" slack="0"/>
<pin id="2190" dir="0" index="1" bw="8" slack="0"/>
<pin id="2191" dir="0" index="2" bw="8" slack="0"/>
<pin id="2192" dir="1" index="3" bw="8" slack="0"/>
</pin_list>
<bind>
<opcode="select(49) " fcode="select"/>
<opset="b_forwarded_1/3 "/>
</bind>
</comp>

<comp id="2196" class="1004" name="sext_ln100_fu_2196">
<pin_list>
<pin id="2197" dir="0" index="0" bw="8" slack="0"/>
<pin id="2198" dir="1" index="1" bw="16" slack="0"/>
</pin_list>
<bind>
<opcode="sext(35) " fcode="sext"/>
<opset="sext_ln100/3 "/>
</bind>
</comp>

<comp id="2200" class="1004" name="sext_ln100_1_fu_2200">
<pin_list>
<pin id="2201" dir="0" index="0" bw="8" slack="0"/>
<pin id="2202" dir="1" index="1" bw="16" slack="0"/>
</pin_list>
<bind>
<opcode="sext(35) " fcode="sext"/>
<opset="sext_ln100_1/3 "/>
</bind>
</comp>

<comp id="2204" class="1004" name="and_ln96_1_fu_2204">
<pin_list>
<pin id="2205" dir="0" index="0" bw="1" slack="1"/>
<pin id="2206" dir="0" index="1" bw="1" slack="2"/>
<pin id="2207" dir="1" index="2" bw="1" slack="0"/>
</pin_list>
<bind>
<opcode="and(23) " fcode="and"/>
<opset="and_ln96_1/3 "/>
</bind>
</comp>

<comp id="2208" class="1004" name="b_forwarded_3_fu_2208">
<pin_list>
<pin id="2209" dir="0" index="0" bw="1" slack="0"/>
<pin id="2210" dir="0" index="1" bw="8" slack="0"/>
<pin id="2211" dir="0" index="2" bw="8" slack="0"/>
<pin id="2212" dir="1" index="3" bw="8" slack="0"/>
</pin_list>
<bind>
<opcode="select(49) " fcode="select"/>
<opset="b_forwarded_3/3 "/>
</bind>
</comp>

<comp id="2216" class="1004" name="sext_ln100_2_fu_2216">
<pin_list>
<pin id="2217" dir="0" index="0" bw="8" slack="0"/>
<pin id="2218" dir="1" index="1" bw="16" slack="0"/>
</pin_list>
<bind>
<opcode="sext(35) " fcode="sext"/>
<opset="sext_ln100_2/3 "/>
</bind>
</comp>

<comp id="2220" class="1004" name="and_ln96_2_fu_2220">
<pin_list>
<pin id="2221" dir="0" index="0" bw="1" slack="1"/>
<pin id="2222" dir="0" index="1" bw="1" slack="2"/>
<pin id="2223" dir="1" index="2" bw="1" slack="0"/>
</pin_list>
<bind>
<opcode="and(23) " fcode="and"/>
<opset="and_ln96_2/3 "/>
</bind>
</comp>

<comp id="2224" class="1004" name="b_forwarded_5_fu_2224">
<pin_list>
<pin id="2225" dir="0" index="0" bw="1" slack="0"/>
<pin id="2226" dir="0" index="1" bw="8" slack="0"/>
<pin id="2227" dir="0" index="2" bw="8" slack="0"/>
<pin id="2228" dir="1" index="3" bw="8" slack="0"/>
</pin_list>
<bind>
<opcode="select(49) " fcode="select"/>
<opset="b_forwarded_5/3 "/>
</bind>
</comp>

<comp id="2232" class="1004" name="sext_ln100_3_fu_2232">
<pin_list>
<pin id="2233" dir="0" index="0" bw="8" slack="0"/>
<pin id="2234" dir="1" index="1" bw="16" slack="0"/>
</pin_list>
<bind>
<opcode="sext(35) " fcode="sext"/>
<opset="sext_ln100_3/3 "/>
</bind>
</comp>

<comp id="2236" class="1004" name="and_ln96_3_fu_2236">
<pin_list>
<pin id="2237" dir="0" index="0" bw="1" slack="1"/>
<pin id="2238" dir="0" index="1" bw="1" slack="2"/>
<pin id="2239" dir="1" index="2" bw="1" slack="0"/>
</pin_list>
<bind>
<opcode="and(23) " fcode="and"/>
<opset="and_ln96_3/3 "/>
</bind>
</comp>

<comp id="2240" class="1004" name="b_forwarded_7_fu_2240">
<pin_list>
<pin id="2241" dir="0" index="0" bw="1" slack="0"/>
<pin id="2242" dir="0" index="1" bw="8" slack="0"/>
<pin id="2243" dir="0" index="2" bw="8" slack="0"/>
<pin id="2244" dir="1" index="3" bw="8" slack="0"/>
</pin_list>
<bind>
<opcode="select(49) " fcode="select"/>
<opset="b_forwarded_7/3 "/>
</bind>
</comp>

<comp id="2248" class="1004" name="sext_ln100_4_fu_2248">
<pin_list>
<pin id="2249" dir="0" index="0" bw="8" slack="0"/>
<pin id="2250" dir="1" index="1" bw="16" slack="0"/>
</pin_list>
<bind>
<opcode="sext(35) " fcode="sext"/>
<opset="sext_ln100_4/3 "/>
</bind>
</comp>

<comp id="2252" class="1004" name="and_ln96_4_fu_2252">
<pin_list>
<pin id="2253" dir="0" index="0" bw="1" slack="1"/>
<pin id="2254" dir="0" index="1" bw="1" slack="2"/>
<pin id="2255" dir="1" index="2" bw="1" slack="0"/>
</pin_list>
<bind>
<opcode="and(23) " fcode="and"/>
<opset="and_ln96_4/3 "/>
</bind>
</comp>

<comp id="2256" class="1004" name="b_forwarded_9_fu_2256">
<pin_list>
<pin id="2257" dir="0" index="0" bw="1" slack="0"/>
<pin id="2258" dir="0" index="1" bw="8" slack="0"/>
<pin id="2259" dir="0" index="2" bw="8" slack="0"/>
<pin id="2260" dir="1" index="3" bw="8" slack="0"/>
</pin_list>
<bind>
<opcode="select(49) " fcode="select"/>
<opset="b_forwarded_9/3 "/>
</bind>
</comp>

<comp id="2264" class="1004" name="sext_ln100_5_fu_2264">
<pin_list>
<pin id="2265" dir="0" index="0" bw="8" slack="0"/>
<pin id="2266" dir="1" index="1" bw="16" slack="0"/>
</pin_list>
<bind>
<opcode="sext(35) " fcode="sext"/>
<opset="sext_ln100_5/3 "/>
</bind>
</comp>

<comp id="2268" class="1004" name="and_ln96_5_fu_2268">
<pin_list>
<pin id="2269" dir="0" index="0" bw="1" slack="1"/>
<pin id="2270" dir="0" index="1" bw="1" slack="2"/>
<pin id="2271" dir="1" index="2" bw="1" slack="0"/>
</pin_list>
<bind>
<opcode="and(23) " fcode="and"/>
<opset="and_ln96_5/3 "/>
</bind>
</comp>

<comp id="2272" class="1004" name="b_forwarded_11_fu_2272">
<pin_list>
<pin id="2273" dir="0" index="0" bw="1" slack="0"/>
<pin id="2274" dir="0" index="1" bw="8" slack="0"/>
<pin id="2275" dir="0" index="2" bw="8" slack="0"/>
<pin id="2276" dir="1" index="3" bw="8" slack="0"/>
</pin_list>
<bind>
<opcode="select(49) " fcode="select"/>
<opset="b_forwarded_11/3 "/>
</bind>
</comp>

<comp id="2280" class="1004" name="sext_ln100_6_fu_2280">
<pin_list>
<pin id="2281" dir="0" index="0" bw="8" slack="0"/>
<pin id="2282" dir="1" index="1" bw="16" slack="0"/>
</pin_list>
<bind>
<opcode="sext(35) " fcode="sext"/>
<opset="sext_ln100_6/3 "/>
</bind>
</comp>

<comp id="2284" class="1004" name="and_ln96_6_fu_2284">
<pin_list>
<pin id="2285" dir="0" index="0" bw="1" slack="1"/>
<pin id="2286" dir="0" index="1" bw="1" slack="2"/>
<pin id="2287" dir="1" index="2" bw="1" slack="0"/>
</pin_list>
<bind>
<opcode="and(23) " fcode="and"/>
<opset="and_ln96_6/3 "/>
</bind>
</comp>

<comp id="2288" class="1004" name="b_forwarded_13_fu_2288">
<pin_list>
<pin id="2289" dir="0" index="0" bw="1" slack="0"/>
<pin id="2290" dir="0" index="1" bw="8" slack="0"/>
<pin id="2291" dir="0" index="2" bw="8" slack="0"/>
<pin id="2292" dir="1" index="3" bw="8" slack="0"/>
</pin_list>
<bind>
<opcode="select(49) " fcode="select"/>
<opset="b_forwarded_13/3 "/>
</bind>
</comp>

<comp id="2296" class="1004" name="sext_ln100_7_fu_2296">
<pin_list>
<pin id="2297" dir="0" index="0" bw="8" slack="0"/>
<pin id="2298" dir="1" index="1" bw="16" slack="0"/>
</pin_list>
<bind>
<opcode="sext(35) " fcode="sext"/>
<opset="sext_ln100_7/3 "/>
</bind>
</comp>

<comp id="2300" class="1004" name="and_ln96_7_fu_2300">
<pin_list>
<pin id="2301" dir="0" index="0" bw="1" slack="1"/>
<pin id="2302" dir="0" index="1" bw="1" slack="2"/>
<pin id="2303" dir="1" index="2" bw="1" slack="0"/>
</pin_list>
<bind>
<opcode="and(23) " fcode="and"/>
<opset="and_ln96_7/3 "/>
</bind>
</comp>

<comp id="2304" class="1004" name="b_forwarded_15_fu_2304">
<pin_list>
<pin id="2305" dir="0" index="0" bw="1" slack="0"/>
<pin id="2306" dir="0" index="1" bw="8" slack="0"/>
<pin id="2307" dir="0" index="2" bw="8" slack="0"/>
<pin id="2308" dir="1" index="3" bw="8" slack="0"/>
</pin_list>
<bind>
<opcode="select(49) " fcode="select"/>
<opset="b_forwarded_15/3 "/>
</bind>
</comp>

<comp id="2312" class="1004" name="sext_ln100_8_fu_2312">
<pin_list>
<pin id="2313" dir="0" index="0" bw="8" slack="0"/>
<pin id="2314" dir="1" index="1" bw="16" slack="0"/>
</pin_list>
<bind>
<opcode="sext(35) " fcode="sext"/>
<opset="sext_ln100_8/3 "/>
</bind>
</comp>

<comp id="2316" class="1004" name="or_ln91_1_fu_2316">
<pin_list>
<pin id="2317" dir="0" index="0" bw="1" slack="2"/>
<pin id="2318" dir="0" index="1" bw="1" slack="0"/>
<pin id="2319" dir="1" index="2" bw="1" slack="0"/>
</pin_list>
<bind>
<opcode="or(24) " fcode="or"/>
<opset="or_ln91_1/3 "/>
</bind>
</comp>

<comp id="2321" class="1004" name="a_forwarded_3_fu_2321">
<pin_list>
<pin id="2322" dir="0" index="0" bw="1" slack="0"/>
<pin id="2323" dir="0" index="1" bw="8" slack="0"/>
<pin id="2324" dir="0" index="2" bw="8" slack="0"/>
<pin id="2325" dir="1" index="3" bw="8" slack="0"/>
</pin_list>
<bind>
<opcode="select(49) " fcode="select"/>
<opset="a_forwarded_3/3 "/>
</bind>
</comp>

<comp id="2329" class="1004" name="sext_ln100_9_fu_2329">
<pin_list>
<pin id="2330" dir="0" index="0" bw="8" slack="0"/>
<pin id="2331" dir="1" index="1" bw="16" slack="0"/>
</pin_list>
<bind>
<opcode="sext(35) " fcode="sext"/>
<opset="sext_ln100_9/3 "/>
</bind>
</comp>

<comp id="2333" class="1004" name="or_ln91_2_fu_2333">
<pin_list>
<pin id="2334" dir="0" index="0" bw="1" slack="2"/>
<pin id="2335" dir="0" index="1" bw="1" slack="0"/>
<pin id="2336" dir="1" index="2" bw="1" slack="0"/>
</pin_list>
<bind>
<opcode="or(24) " fcode="or"/>
<opset="or_ln91_2/3 "/>
</bind>
</comp>

<comp id="2338" class="1004" name="a_forwarded_5_fu_2338">
<pin_list>
<pin id="2339" dir="0" index="0" bw="1" slack="0"/>
<pin id="2340" dir="0" index="1" bw="8" slack="0"/>
<pin id="2341" dir="0" index="2" bw="8" slack="0"/>
<pin id="2342" dir="1" index="3" bw="8" slack="0"/>
</pin_list>
<bind>
<opcode="select(49) " fcode="select"/>
<opset="a_forwarded_5/3 "/>
</bind>
</comp>

<comp id="2346" class="1004" name="sext_ln100_10_fu_2346">
<pin_list>
<pin id="2347" dir="0" index="0" bw="8" slack="0"/>
<pin id="2348" dir="1" index="1" bw="16" slack="0"/>
</pin_list>
<bind>
<opcode="sext(35) " fcode="sext"/>
<opset="sext_ln100_10/3 "/>
</bind>
</comp>

<comp id="2350" class="1004" name="or_ln91_3_fu_2350">
<pin_list>
<pin id="2351" dir="0" index="0" bw="1" slack="2"/>
<pin id="2352" dir="0" index="1" bw="1" slack="0"/>
<pin id="2353" dir="1" index="2" bw="1" slack="0"/>
</pin_list>
<bind>
<opcode="or(24) " fcode="or"/>
<opset="or_ln91_3/3 "/>
</bind>
</comp>

<comp id="2355" class="1004" name="a_forwarded_7_fu_2355">
<pin_list>
<pin id="2356" dir="0" index="0" bw="1" slack="0"/>
<pin id="2357" dir="0" index="1" bw="8" slack="0"/>
<pin id="2358" dir="0" index="2" bw="8" slack="0"/>
<pin id="2359" dir="1" index="3" bw="8" slack="0"/>
</pin_list>
<bind>
<opcode="select(49) " fcode="select"/>
<opset="a_forwarded_7/3 "/>
</bind>
</comp>

<comp id="2363" class="1004" name="sext_ln100_11_fu_2363">
<pin_list>
<pin id="2364" dir="0" index="0" bw="8" slack="0"/>
<pin id="2365" dir="1" index="1" bw="16" slack="0"/>
</pin_list>
<bind>
<opcode="sext(35) " fcode="sext"/>
<opset="sext_ln100_11/3 "/>
</bind>
</comp>

<comp id="2367" class="1004" name="or_ln91_4_fu_2367">
<pin_list>
<pin id="2368" dir="0" index="0" bw="1" slack="2"/>
<pin id="2369" dir="0" index="1" bw="1" slack="0"/>
<pin id="2370" dir="1" index="2" bw="1" slack="0"/>
</pin_list>
<bind>
<opcode="or(24) " fcode="or"/>
<opset="or_ln91_4/3 "/>
</bind>
</comp>

<comp id="2372" class="1004" name="a_forwarded_9_fu_2372">
<pin_list>
<pin id="2373" dir="0" index="0" bw="1" slack="0"/>
<pin id="2374" dir="0" index="1" bw="8" slack="0"/>
<pin id="2375" dir="0" index="2" bw="8" slack="0"/>
<pin id="2376" dir="1" index="3" bw="8" slack="0"/>
</pin_list>
<bind>
<opcode="select(49) " fcode="select"/>
<opset="a_forwarded_9/3 "/>
</bind>
</comp>

<comp id="2380" class="1004" name="sext_ln100_12_fu_2380">
<pin_list>
<pin id="2381" dir="0" index="0" bw="8" slack="0"/>
<pin id="2382" dir="1" index="1" bw="16" slack="0"/>
</pin_list>
<bind>
<opcode="sext(35) " fcode="sext"/>
<opset="sext_ln100_12/3 "/>
</bind>
</comp>

<comp id="2384" class="1004" name="or_ln91_5_fu_2384">
<pin_list>
<pin id="2385" dir="0" index="0" bw="1" slack="2"/>
<pin id="2386" dir="0" index="1" bw="1" slack="0"/>
<pin id="2387" dir="1" index="2" bw="1" slack="0"/>
</pin_list>
<bind>
<opcode="or(24) " fcode="or"/>
<opset="or_ln91_5/3 "/>
</bind>
</comp>

<comp id="2389" class="1004" name="a_forwarded_11_fu_2389">
<pin_list>
<pin id="2390" dir="0" index="0" bw="1" slack="0"/>
<pin id="2391" dir="0" index="1" bw="8" slack="0"/>
<pin id="2392" dir="0" index="2" bw="8" slack="0"/>
<pin id="2393" dir="1" index="3" bw="8" slack="0"/>
</pin_list>
<bind>
<opcode="select(49) " fcode="select"/>
<opset="a_forwarded_11/3 "/>
</bind>
</comp>

<comp id="2397" class="1004" name="sext_ln100_13_fu_2397">
<pin_list>
<pin id="2398" dir="0" index="0" bw="8" slack="0"/>
<pin id="2399" dir="1" index="1" bw="16" slack="0"/>
</pin_list>
<bind>
<opcode="sext(35) " fcode="sext"/>
<opset="sext_ln100_13/3 "/>
</bind>
</comp>

<comp id="2401" class="1004" name="or_ln91_6_fu_2401">
<pin_list>
<pin id="2402" dir="0" index="0" bw="1" slack="2"/>
<pin id="2403" dir="0" index="1" bw="1" slack="0"/>
<pin id="2404" dir="1" index="2" bw="1" slack="0"/>
</pin_list>
<bind>
<opcode="or(24) " fcode="or"/>
<opset="or_ln91_6/3 "/>
</bind>
</comp>

<comp id="2406" class="1004" name="a_forwarded_13_fu_2406">
<pin_list>
<pin id="2407" dir="0" index="0" bw="1" slack="0"/>
<pin id="2408" dir="0" index="1" bw="8" slack="0"/>
<pin id="2409" dir="0" index="2" bw="8" slack="0"/>
<pin id="2410" dir="1" index="3" bw="8" slack="0"/>
</pin_list>
<bind>
<opcode="select(49) " fcode="select"/>
<opset="a_forwarded_13/3 "/>
</bind>
</comp>

<comp id="2414" class="1004" name="sext_ln100_14_fu_2414">
<pin_list>
<pin id="2415" dir="0" index="0" bw="8" slack="0"/>
<pin id="2416" dir="1" index="1" bw="16" slack="0"/>
</pin_list>
<bind>
<opcode="sext(35) " fcode="sext"/>
<opset="sext_ln100_14/3 "/>
</bind>
</comp>

<comp id="2418" class="1004" name="or_ln91_7_fu_2418">
<pin_list>
<pin id="2419" dir="0" index="0" bw="1" slack="2"/>
<pin id="2420" dir="0" index="1" bw="1" slack="0"/>
<pin id="2421" dir="1" index="2" bw="1" slack="0"/>
</pin_list>
<bind>
<opcode="or(24) " fcode="or"/>
<opset="or_ln91_7/3 "/>
</bind>
</comp>

<comp id="2423" class="1004" name="a_forwarded_15_fu_2423">
<pin_list>
<pin id="2424" dir="0" index="0" bw="1" slack="0"/>
<pin id="2425" dir="0" index="1" bw="8" slack="0"/>
<pin id="2426" dir="0" index="2" bw="8" slack="0"/>
<pin id="2427" dir="1" index="3" bw="8" slack="0"/>
</pin_list>
<bind>
<opcode="select(49) " fcode="select"/>
<opset="a_forwarded_15/3 "/>
</bind>
</comp>

<comp id="2431" class="1004" name="sext_ln100_15_fu_2431">
<pin_list>
<pin id="2432" dir="0" index="0" bw="8" slack="0"/>
<pin id="2433" dir="1" index="1" bw="16" slack="0"/>
</pin_list>
<bind>
<opcode="sext(35) " fcode="sext"/>
<opset="sext_ln100_15/3 "/>
</bind>
</comp>

<comp id="2435" class="1004" name="c_row_major_0_0_0_load_load_fu_2435">
<pin_list>
<pin id="2436" dir="0" index="0" bw="16" slack="4"/>
<pin id="2437" dir="1" index="1" bw="16" slack="0"/>
</pin_list>
<bind>
<opcode="load(27) " fcode="load"/>
<opset="c_row_major_0_0_0_load/5 "/>
</bind>
</comp>

<comp id="2438" class="1004" name="c_row_major_0_1_0_load_load_fu_2438">
<pin_list>
<pin id="2439" dir="0" index="0" bw="16" slack="4"/>
<pin id="2440" dir="1" index="1" bw="16" slack="0"/>
</pin_list>
<bind>
<opcode="load(27) " fcode="load"/>
<opset="c_row_major_0_1_0_load/5 "/>
</bind>
</comp>

<comp id="2441" class="1004" name="c_row_major_0_2_0_load_load_fu_2441">
<pin_list>
<pin id="2442" dir="0" index="0" bw="16" slack="4"/>
<pin id="2443" dir="1" index="1" bw="16" slack="0"/>
</pin_list>
<bind>
<opcode="load(27) " fcode="load"/>
<opset="c_row_major_0_2_0_load/5 "/>
</bind>
</comp>

<comp id="2444" class="1004" name="c_row_major_0_3_0_load_load_fu_2444">
<pin_list>
<pin id="2445" dir="0" index="0" bw="16" slack="4"/>
<pin id="2446" dir="1" index="1" bw="16" slack="0"/>
</pin_list>
<bind>
<opcode="load(27) " fcode="load"/>
<opset="c_row_major_0_3_0_load/5 "/>
</bind>
</comp>

<comp id="2447" class="1004" name="c_row_major_0_4_0_load_load_fu_2447">
<pin_list>
<pin id="2448" dir="0" index="0" bw="16" slack="4"/>
<pin id="2449" dir="1" index="1" bw="16" slack="0"/>
</pin_list>
<bind>
<opcode="load(27) " fcode="load"/>
<opset="c_row_major_0_4_0_load/5 "/>
</bind>
</comp>

<comp id="2450" class="1004" name="c_row_major_0_5_0_load_load_fu_2450">
<pin_list>
<pin id="2451" dir="0" index="0" bw="16" slack="4"/>
<pin id="2452" dir="1" index="1" bw="16" slack="0"/>
</pin_list>
<bind>
<opcode="load(27) " fcode="load"/>
<opset="c_row_major_0_5_0_load/5 "/>
</bind>
</comp>

<comp id="2453" class="1004" name="c_row_major_0_6_0_load_load_fu_2453">
<pin_list>
<pin id="2454" dir="0" index="0" bw="16" slack="4"/>
<pin id="2455" dir="1" index="1" bw="16" slack="0"/>
</pin_list>
<bind>
<opcode="load(27) " fcode="load"/>
<opset="c_row_major_0_6_0_load/5 "/>
</bind>
</comp>

<comp id="2456" class="1004" name="c_row_major_0_7_0_load_load_fu_2456">
<pin_list>
<pin id="2457" dir="0" index="0" bw="16" slack="4"/>
<pin id="2458" dir="1" index="1" bw="16" slack="0"/>
</pin_list>
<bind>
<opcode="load(27) " fcode="load"/>
<opset="c_row_major_0_7_0_load/5 "/>
</bind>
</comp>

<comp id="2459" class="1004" name="c_row_major_1_0_0_load_load_fu_2459">
<pin_list>
<pin id="2460" dir="0" index="0" bw="16" slack="4"/>
<pin id="2461" dir="1" index="1" bw="16" slack="0"/>
</pin_list>
<bind>
<opcode="load(27) " fcode="load"/>
<opset="c_row_major_1_0_0_load/5 "/>
</bind>
</comp>

<comp id="2462" class="1004" name="c_row_major_1_1_0_load_load_fu_2462">
<pin_list>
<pin id="2463" dir="0" index="0" bw="16" slack="4"/>
<pin id="2464" dir="1" index="1" bw="16" slack="0"/>
</pin_list>
<bind>
<opcode="load(27) " fcode="load"/>
<opset="c_row_major_1_1_0_load/5 "/>
</bind>
</comp>

<comp id="2465" class="1004" name="c_row_major_1_2_0_load_load_fu_2465">
<pin_list>
<pin id="2466" dir="0" index="0" bw="16" slack="4"/>
<pin id="2467" dir="1" index="1" bw="16" slack="0"/>
</pin_list>
<bind>
<opcode="load(27) " fcode="load"/>
<opset="c_row_major_1_2_0_load/5 "/>
</bind>
</comp>

<comp id="2468" class="1004" name="c_row_major_1_3_0_load_load_fu_2468">
<pin_list>
<pin id="2469" dir="0" index="0" bw="16" slack="4"/>
<pin id="2470" dir="1" index="1" bw="16" slack="0"/>
</pin_list>
<bind>
<opcode="load(27) " fcode="load"/>
<opset="c_row_major_1_3_0_load/5 "/>
</bind>
</comp>

<comp id="2471" class="1004" name="c_row_major_1_4_0_load_load_fu_2471">
<pin_list>
<pin id="2472" dir="0" index="0" bw="16" slack="4"/>
<pin id="2473" dir="1" index="1" bw="16" slack="0"/>
</pin_list>
<bind>
<opcode="load(27) " fcode="load"/>
<opset="c_row_major_1_4_0_load/5 "/>
</bind>
</comp>

<comp id="2474" class="1004" name="c_row_major_1_5_0_load_load_fu_2474">
<pin_list>
<pin id="2475" dir="0" index="0" bw="16" slack="4"/>
<pin id="2476" dir="1" index="1" bw="16" slack="0"/>
</pin_list>
<bind>
<opcode="load(27) " fcode="load"/>
<opset="c_row_major_1_5_0_load/5 "/>
</bind>
</comp>

<comp id="2477" class="1004" name="c_row_major_1_6_0_load_load_fu_2477">
<pin_list>
<pin id="2478" dir="0" index="0" bw="16" slack="4"/>
<pin id="2479" dir="1" index="1" bw="16" slack="0"/>
</pin_list>
<bind>
<opcode="load(27) " fcode="load"/>
<opset="c_row_major_1_6_0_load/5 "/>
</bind>
</comp>

<comp id="2480" class="1004" name="c_row_major_1_7_0_load_load_fu_2480">
<pin_list>
<pin id="2481" dir="0" index="0" bw="16" slack="4"/>
<pin id="2482" dir="1" index="1" bw="16" slack="0"/>
</pin_list>
<bind>
<opcode="load(27) " fcode="load"/>
<opset="c_row_major_1_7_0_load/5 "/>
</bind>
</comp>

<comp id="2483" class="1004" name="c_row_major_2_0_0_load_load_fu_2483">
<pin_list>
<pin id="2484" dir="0" index="0" bw="16" slack="4"/>
<pin id="2485" dir="1" index="1" bw="16" slack="0"/>
</pin_list>
<bind>
<opcode="load(27) " fcode="load"/>
<opset="c_row_major_2_0_0_load/5 "/>
</bind>
</comp>

<comp id="2486" class="1004" name="c_row_major_2_1_0_load_load_fu_2486">
<pin_list>
<pin id="2487" dir="0" index="0" bw="16" slack="4"/>
<pin id="2488" dir="1" index="1" bw="16" slack="0"/>
</pin_list>
<bind>
<opcode="load(27) " fcode="load"/>
<opset="c_row_major_2_1_0_load/5 "/>
</bind>
</comp>

<comp id="2489" class="1004" name="c_row_major_2_2_0_load_load_fu_2489">
<pin_list>
<pin id="2490" dir="0" index="0" bw="16" slack="4"/>
<pin id="2491" dir="1" index="1" bw="16" slack="0"/>
</pin_list>
<bind>
<opcode="load(27) " fcode="load"/>
<opset="c_row_major_2_2_0_load/5 "/>
</bind>
</comp>

<comp id="2492" class="1004" name="c_row_major_2_3_0_load_load_fu_2492">
<pin_list>
<pin id="2493" dir="0" index="0" bw="16" slack="4"/>
<pin id="2494" dir="1" index="1" bw="16" slack="0"/>
</pin_list>
<bind>
<opcode="load(27) " fcode="load"/>
<opset="c_row_major_2_3_0_load/5 "/>
</bind>
</comp>

<comp id="2495" class="1004" name="c_row_major_2_4_0_load_load_fu_2495">
<pin_list>
<pin id="2496" dir="0" index="0" bw="16" slack="4"/>
<pin id="2497" dir="1" index="1" bw="16" slack="0"/>
</pin_list>
<bind>
<opcode="load(27) " fcode="load"/>
<opset="c_row_major_2_4_0_load/5 "/>
</bind>
</comp>

<comp id="2498" class="1004" name="c_row_major_2_5_0_load_load_fu_2498">
<pin_list>
<pin id="2499" dir="0" index="0" bw="16" slack="4"/>
<pin id="2500" dir="1" index="1" bw="16" slack="0"/>
</pin_list>
<bind>
<opcode="load(27) " fcode="load"/>
<opset="c_row_major_2_5_0_load/5 "/>
</bind>
</comp>

<comp id="2501" class="1004" name="c_row_major_2_6_0_load_load_fu_2501">
<pin_list>
<pin id="2502" dir="0" index="0" bw="16" slack="4"/>
<pin id="2503" dir="1" index="1" bw="16" slack="0"/>
</pin_list>
<bind>
<opcode="load(27) " fcode="load"/>
<opset="c_row_major_2_6_0_load/5 "/>
</bind>
</comp>

<comp id="2504" class="1004" name="c_row_major_2_7_0_load_load_fu_2504">
<pin_list>
<pin id="2505" dir="0" index="0" bw="16" slack="4"/>
<pin id="2506" dir="1" index="1" bw="16" slack="0"/>
</pin_list>
<bind>
<opcode="load(27) " fcode="load"/>
<opset="c_row_major_2_7_0_load/5 "/>
</bind>
</comp>

<comp id="2507" class="1004" name="c_row_major_3_0_0_load_load_fu_2507">
<pin_list>
<pin id="2508" dir="0" index="0" bw="16" slack="4"/>
<pin id="2509" dir="1" index="1" bw="16" slack="0"/>
</pin_list>
<bind>
<opcode="load(27) " fcode="load"/>
<opset="c_row_major_3_0_0_load/5 "/>
</bind>
</comp>

<comp id="2510" class="1004" name="c_row_major_3_1_0_load_load_fu_2510">
<pin_list>
<pin id="2511" dir="0" index="0" bw="16" slack="4"/>
<pin id="2512" dir="1" index="1" bw="16" slack="0"/>
</pin_list>
<bind>
<opcode="load(27) " fcode="load"/>
<opset="c_row_major_3_1_0_load/5 "/>
</bind>
</comp>

<comp id="2513" class="1004" name="c_row_major_3_2_0_load_load_fu_2513">
<pin_list>
<pin id="2514" dir="0" index="0" bw="16" slack="4"/>
<pin id="2515" dir="1" index="1" bw="16" slack="0"/>
</pin_list>
<bind>
<opcode="load(27) " fcode="load"/>
<opset="c_row_major_3_2_0_load/5 "/>
</bind>
</comp>

<comp id="2516" class="1004" name="c_row_major_3_3_0_load_load_fu_2516">
<pin_list>
<pin id="2517" dir="0" index="0" bw="16" slack="4"/>
<pin id="2518" dir="1" index="1" bw="16" slack="0"/>
</pin_list>
<bind>
<opcode="load(27) " fcode="load"/>
<opset="c_row_major_3_3_0_load/5 "/>
</bind>
</comp>

<comp id="2519" class="1004" name="c_row_major_3_4_0_load_load_fu_2519">
<pin_list>
<pin id="2520" dir="0" index="0" bw="16" slack="4"/>
<pin id="2521" dir="1" index="1" bw="16" slack="0"/>
</pin_list>
<bind>
<opcode="load(27) " fcode="load"/>
<opset="c_row_major_3_4_0_load/5 "/>
</bind>
</comp>

<comp id="2522" class="1004" name="c_row_major_3_5_0_load_load_fu_2522">
<pin_list>
<pin id="2523" dir="0" index="0" bw="16" slack="4"/>
<pin id="2524" dir="1" index="1" bw="16" slack="0"/>
</pin_list>
<bind>
<opcode="load(27) " fcode="load"/>
<opset="c_row_major_3_5_0_load/5 "/>
</bind>
</comp>

<comp id="2525" class="1004" name="c_row_major_3_6_0_load_load_fu_2525">
<pin_list>
<pin id="2526" dir="0" index="0" bw="16" slack="4"/>
<pin id="2527" dir="1" index="1" bw="16" slack="0"/>
</pin_list>
<bind>
<opcode="load(27) " fcode="load"/>
<opset="c_row_major_3_6_0_load/5 "/>
</bind>
</comp>

<comp id="2528" class="1004" name="c_row_major_3_7_0_load_load_fu_2528">
<pin_list>
<pin id="2529" dir="0" index="0" bw="16" slack="4"/>
<pin id="2530" dir="1" index="1" bw="16" slack="0"/>
</pin_list>
<bind>
<opcode="load(27) " fcode="load"/>
<opset="c_row_major_3_7_0_load/5 "/>
</bind>
</comp>

<comp id="2531" class="1004" name="c_row_major_4_0_0_load_load_fu_2531">
<pin_list>
<pin id="2532" dir="0" index="0" bw="16" slack="4"/>
<pin id="2533" dir="1" index="1" bw="16" slack="0"/>
</pin_list>
<bind>
<opcode="load(27) " fcode="load"/>
<opset="c_row_major_4_0_0_load/5 "/>
</bind>
</comp>

<comp id="2534" class="1004" name="c_row_major_4_1_0_load_load_fu_2534">
<pin_list>
<pin id="2535" dir="0" index="0" bw="16" slack="4"/>
<pin id="2536" dir="1" index="1" bw="16" slack="0"/>
</pin_list>
<bind>
<opcode="load(27) " fcode="load"/>
<opset="c_row_major_4_1_0_load/5 "/>
</bind>
</comp>

<comp id="2537" class="1004" name="c_row_major_4_2_0_load_load_fu_2537">
<pin_list>
<pin id="2538" dir="0" index="0" bw="16" slack="4"/>
<pin id="2539" dir="1" index="1" bw="16" slack="0"/>
</pin_list>
<bind>
<opcode="load(27) " fcode="load"/>
<opset="c_row_major_4_2_0_load/5 "/>
</bind>
</comp>

<comp id="2540" class="1004" name="c_row_major_4_3_0_load_load_fu_2540">
<pin_list>
<pin id="2541" dir="0" index="0" bw="16" slack="4"/>
<pin id="2542" dir="1" index="1" bw="16" slack="0"/>
</pin_list>
<bind>
<opcode="load(27) " fcode="load"/>
<opset="c_row_major_4_3_0_load/5 "/>
</bind>
</comp>

<comp id="2543" class="1004" name="c_row_major_4_4_0_load_load_fu_2543">
<pin_list>
<pin id="2544" dir="0" index="0" bw="16" slack="4"/>
<pin id="2545" dir="1" index="1" bw="16" slack="0"/>
</pin_list>
<bind>
<opcode="load(27) " fcode="load"/>
<opset="c_row_major_4_4_0_load/5 "/>
</bind>
</comp>

<comp id="2546" class="1004" name="c_row_major_4_5_0_load_load_fu_2546">
<pin_list>
<pin id="2547" dir="0" index="0" bw="16" slack="4"/>
<pin id="2548" dir="1" index="1" bw="16" slack="0"/>
</pin_list>
<bind>
<opcode="load(27) " fcode="load"/>
<opset="c_row_major_4_5_0_load/5 "/>
</bind>
</comp>

<comp id="2549" class="1004" name="c_row_major_4_6_0_load_load_fu_2549">
<pin_list>
<pin id="2550" dir="0" index="0" bw="16" slack="4"/>
<pin id="2551" dir="1" index="1" bw="16" slack="0"/>
</pin_list>
<bind>
<opcode="load(27) " fcode="load"/>
<opset="c_row_major_4_6_0_load/5 "/>
</bind>
</comp>

<comp id="2552" class="1004" name="c_row_major_4_7_0_load_load_fu_2552">
<pin_list>
<pin id="2553" dir="0" index="0" bw="16" slack="4"/>
<pin id="2554" dir="1" index="1" bw="16" slack="0"/>
</pin_list>
<bind>
<opcode="load(27) " fcode="load"/>
<opset="c_row_major_4_7_0_load/5 "/>
</bind>
</comp>

<comp id="2555" class="1004" name="c_row_major_5_0_0_load_load_fu_2555">
<pin_list>
<pin id="2556" dir="0" index="0" bw="16" slack="4"/>
<pin id="2557" dir="1" index="1" bw="16" slack="0"/>
</pin_list>
<bind>
<opcode="load(27) " fcode="load"/>
<opset="c_row_major_5_0_0_load/5 "/>
</bind>
</comp>

<comp id="2558" class="1004" name="c_row_major_5_1_0_load_load_fu_2558">
<pin_list>
<pin id="2559" dir="0" index="0" bw="16" slack="4"/>
<pin id="2560" dir="1" index="1" bw="16" slack="0"/>
</pin_list>
<bind>
<opcode="load(27) " fcode="load"/>
<opset="c_row_major_5_1_0_load/5 "/>
</bind>
</comp>

<comp id="2561" class="1004" name="c_row_major_5_2_0_load_load_fu_2561">
<pin_list>
<pin id="2562" dir="0" index="0" bw="16" slack="4"/>
<pin id="2563" dir="1" index="1" bw="16" slack="0"/>
</pin_list>
<bind>
<opcode="load(27) " fcode="load"/>
<opset="c_row_major_5_2_0_load/5 "/>
</bind>
</comp>

<comp id="2564" class="1004" name="c_row_major_5_3_0_load_load_fu_2564">
<pin_list>
<pin id="2565" dir="0" index="0" bw="16" slack="4"/>
<pin id="2566" dir="1" index="1" bw="16" slack="0"/>
</pin_list>
<bind>
<opcode="load(27) " fcode="load"/>
<opset="c_row_major_5_3_0_load/5 "/>
</bind>
</comp>

<comp id="2567" class="1004" name="c_row_major_5_4_0_load_load_fu_2567">
<pin_list>
<pin id="2568" dir="0" index="0" bw="16" slack="4"/>
<pin id="2569" dir="1" index="1" bw="16" slack="0"/>
</pin_list>
<bind>
<opcode="load(27) " fcode="load"/>
<opset="c_row_major_5_4_0_load/5 "/>
</bind>
</comp>

<comp id="2570" class="1004" name="c_row_major_5_5_0_load_load_fu_2570">
<pin_list>
<pin id="2571" dir="0" index="0" bw="16" slack="4"/>
<pin id="2572" dir="1" index="1" bw="16" slack="0"/>
</pin_list>
<bind>
<opcode="load(27) " fcode="load"/>
<opset="c_row_major_5_5_0_load/5 "/>
</bind>
</comp>

<comp id="2573" class="1004" name="c_row_major_5_6_0_load_load_fu_2573">
<pin_list>
<pin id="2574" dir="0" index="0" bw="16" slack="4"/>
<pin id="2575" dir="1" index="1" bw="16" slack="0"/>
</pin_list>
<bind>
<opcode="load(27) " fcode="load"/>
<opset="c_row_major_5_6_0_load/5 "/>
</bind>
</comp>

<comp id="2576" class="1004" name="c_row_major_5_7_0_load_load_fu_2576">
<pin_list>
<pin id="2577" dir="0" index="0" bw="16" slack="4"/>
<pin id="2578" dir="1" index="1" bw="16" slack="0"/>
</pin_list>
<bind>
<opcode="load(27) " fcode="load"/>
<opset="c_row_major_5_7_0_load/5 "/>
</bind>
</comp>

<comp id="2579" class="1004" name="c_row_major_6_0_0_load_load_fu_2579">
<pin_list>
<pin id="2580" dir="0" index="0" bw="16" slack="4"/>
<pin id="2581" dir="1" index="1" bw="16" slack="0"/>
</pin_list>
<bind>
<opcode="load(27) " fcode="load"/>
<opset="c_row_major_6_0_0_load/5 "/>
</bind>
</comp>

<comp id="2582" class="1004" name="c_row_major_6_1_0_load_load_fu_2582">
<pin_list>
<pin id="2583" dir="0" index="0" bw="16" slack="4"/>
<pin id="2584" dir="1" index="1" bw="16" slack="0"/>
</pin_list>
<bind>
<opcode="load(27) " fcode="load"/>
<opset="c_row_major_6_1_0_load/5 "/>
</bind>
</comp>

<comp id="2585" class="1004" name="c_row_major_6_2_0_load_load_fu_2585">
<pin_list>
<pin id="2586" dir="0" index="0" bw="16" slack="4"/>
<pin id="2587" dir="1" index="1" bw="16" slack="0"/>
</pin_list>
<bind>
<opcode="load(27) " fcode="load"/>
<opset="c_row_major_6_2_0_load/5 "/>
</bind>
</comp>

<comp id="2588" class="1004" name="c_row_major_6_3_0_load_load_fu_2588">
<pin_list>
<pin id="2589" dir="0" index="0" bw="16" slack="4"/>
<pin id="2590" dir="1" index="1" bw="16" slack="0"/>
</pin_list>
<bind>
<opcode="load(27) " fcode="load"/>
<opset="c_row_major_6_3_0_load/5 "/>
</bind>
</comp>

<comp id="2591" class="1004" name="c_row_major_6_4_0_load_load_fu_2591">
<pin_list>
<pin id="2592" dir="0" index="0" bw="16" slack="4"/>
<pin id="2593" dir="1" index="1" bw="16" slack="0"/>
</pin_list>
<bind>
<opcode="load(27) " fcode="load"/>
<opset="c_row_major_6_4_0_load/5 "/>
</bind>
</comp>

<comp id="2594" class="1004" name="c_row_major_6_5_0_load_load_fu_2594">
<pin_list>
<pin id="2595" dir="0" index="0" bw="16" slack="4"/>
<pin id="2596" dir="1" index="1" bw="16" slack="0"/>
</pin_list>
<bind>
<opcode="load(27) " fcode="load"/>
<opset="c_row_major_6_5_0_load/5 "/>
</bind>
</comp>

<comp id="2597" class="1004" name="c_row_major_6_6_0_load_load_fu_2597">
<pin_list>
<pin id="2598" dir="0" index="0" bw="16" slack="4"/>
<pin id="2599" dir="1" index="1" bw="16" slack="0"/>
</pin_list>
<bind>
<opcode="load(27) " fcode="load"/>
<opset="c_row_major_6_6_0_load/5 "/>
</bind>
</comp>

<comp id="2600" class="1004" name="c_row_major_6_7_0_load_load_fu_2600">
<pin_list>
<pin id="2601" dir="0" index="0" bw="16" slack="4"/>
<pin id="2602" dir="1" index="1" bw="16" slack="0"/>
</pin_list>
<bind>
<opcode="load(27) " fcode="load"/>
<opset="c_row_major_6_7_0_load/5 "/>
</bind>
</comp>

<comp id="2603" class="1004" name="c_row_major_7_0_0_load_load_fu_2603">
<pin_list>
<pin id="2604" dir="0" index="0" bw="16" slack="4"/>
<pin id="2605" dir="1" index="1" bw="16" slack="0"/>
</pin_list>
<bind>
<opcode="load(27) " fcode="load"/>
<opset="c_row_major_7_0_0_load/5 "/>
</bind>
</comp>

<comp id="2606" class="1004" name="c_row_major_7_1_0_load_load_fu_2606">
<pin_list>
<pin id="2607" dir="0" index="0" bw="16" slack="4"/>
<pin id="2608" dir="1" index="1" bw="16" slack="0"/>
</pin_list>
<bind>
<opcode="load(27) " fcode="load"/>
<opset="c_row_major_7_1_0_load/5 "/>
</bind>
</comp>

<comp id="2609" class="1004" name="c_row_major_7_2_0_load_load_fu_2609">
<pin_list>
<pin id="2610" dir="0" index="0" bw="16" slack="4"/>
<pin id="2611" dir="1" index="1" bw="16" slack="0"/>
</pin_list>
<bind>
<opcode="load(27) " fcode="load"/>
<opset="c_row_major_7_2_0_load/5 "/>
</bind>
</comp>

<comp id="2612" class="1004" name="c_row_major_7_3_0_load_load_fu_2612">
<pin_list>
<pin id="2613" dir="0" index="0" bw="16" slack="4"/>
<pin id="2614" dir="1" index="1" bw="16" slack="0"/>
</pin_list>
<bind>
<opcode="load(27) " fcode="load"/>
<opset="c_row_major_7_3_0_load/5 "/>
</bind>
</comp>

<comp id="2615" class="1004" name="c_row_major_7_4_0_load_load_fu_2615">
<pin_list>
<pin id="2616" dir="0" index="0" bw="16" slack="4"/>
<pin id="2617" dir="1" index="1" bw="16" slack="0"/>
</pin_list>
<bind>
<opcode="load(27) " fcode="load"/>
<opset="c_row_major_7_4_0_load/5 "/>
</bind>
</comp>

<comp id="2618" class="1004" name="c_row_major_7_5_0_load_load_fu_2618">
<pin_list>
<pin id="2619" dir="0" index="0" bw="16" slack="4"/>
<pin id="2620" dir="1" index="1" bw="16" slack="0"/>
</pin_list>
<bind>
<opcode="load(27) " fcode="load"/>
<opset="c_row_major_7_5_0_load/5 "/>
</bind>
</comp>

<comp id="2621" class="1004" name="c_row_major_7_6_0_load_load_fu_2621">
<pin_list>
<pin id="2622" dir="0" index="0" bw="16" slack="4"/>
<pin id="2623" dir="1" index="1" bw="16" slack="0"/>
</pin_list>
<bind>
<opcode="load(27) " fcode="load"/>
<opset="c_row_major_7_6_0_load/5 "/>
</bind>
</comp>

<comp id="2624" class="1004" name="c_row_major_7_7_0_load_load_fu_2624">
<pin_list>
<pin id="2625" dir="0" index="0" bw="16" slack="4"/>
<pin id="2626" dir="1" index="1" bw="16" slack="0"/>
</pin_list>
<bind>
<opcode="load(27) " fcode="load"/>
<opset="c_row_major_7_7_0_load/5 "/>
</bind>
</comp>

<comp id="2627" class="1004" name="store_ln101_store_fu_2627">
<pin_list>
<pin id="2628" dir="0" index="0" bw="16" slack="0"/>
<pin id="2629" dir="0" index="1" bw="16" slack="5"/>
<pin id="2630" dir="1" index="2" bw="0" slack="2147483647"/>
</pin_list>
<bind>
<opcode="store(28) " fcode="store"/>
<opset="store_ln101/6 "/>
</bind>
</comp>

<comp id="2631" class="1004" name="store_ln101_store_fu_2631">
<pin_list>
<pin id="2632" dir="0" index="0" bw="16" slack="0"/>
<pin id="2633" dir="0" index="1" bw="16" slack="5"/>
<pin id="2634" dir="1" index="2" bw="0" slack="2147483647"/>
</pin_list>
<bind>
<opcode="store(28) " fcode="store"/>
<opset="store_ln101/6 "/>
</bind>
</comp>

<comp id="2635" class="1004" name="store_ln101_store_fu_2635">
<pin_list>
<pin id="2636" dir="0" index="0" bw="16" slack="0"/>
<pin id="2637" dir="0" index="1" bw="16" slack="5"/>
<pin id="2638" dir="1" index="2" bw="0" slack="2147483647"/>
</pin_list>
<bind>
<opcode="store(28) " fcode="store"/>
<opset="store_ln101/6 "/>
</bind>
</comp>

<comp id="2639" class="1004" name="store_ln101_store_fu_2639">
<pin_list>
<pin id="2640" dir="0" index="0" bw="16" slack="0"/>
<pin id="2641" dir="0" index="1" bw="16" slack="5"/>
<pin id="2642" dir="1" index="2" bw="0" slack="2147483647"/>
</pin_list>
<bind>
<opcode="store(28) " fcode="store"/>
<opset="store_ln101/6 "/>
</bind>
</comp>

<comp id="2643" class="1004" name="store_ln101_store_fu_2643">
<pin_list>
<pin id="2644" dir="0" index="0" bw="16" slack="0"/>
<pin id="2645" dir="0" index="1" bw="16" slack="5"/>
<pin id="2646" dir="1" index="2" bw="0" slack="2147483647"/>
</pin_list>
<bind>
<opcode="store(28) " fcode="store"/>
<opset="store_ln101/6 "/>
</bind>
</comp>

<comp id="2647" class="1004" name="store_ln101_store_fu_2647">
<pin_list>
<pin id="2648" dir="0" index="0" bw="16" slack="0"/>
<pin id="2649" dir="0" index="1" bw="16" slack="5"/>
<pin id="2650" dir="1" index="2" bw="0" slack="2147483647"/>
</pin_list>
<bind>
<opcode="store(28) " fcode="store"/>
<opset="store_ln101/6 "/>
</bind>
</comp>

<comp id="2651" class="1004" name="store_ln101_store_fu_2651">
<pin_list>
<pin id="2652" dir="0" index="0" bw="16" slack="0"/>
<pin id="2653" dir="0" index="1" bw="16" slack="5"/>
<pin id="2654" dir="1" index="2" bw="0" slack="2147483647"/>
</pin_list>
<bind>
<opcode="store(28) " fcode="store"/>
<opset="store_ln101/6 "/>
</bind>
</comp>

<comp id="2655" class="1004" name="store_ln101_store_fu_2655">
<pin_list>
<pin id="2656" dir="0" index="0" bw="16" slack="0"/>
<pin id="2657" dir="0" index="1" bw="16" slack="5"/>
<pin id="2658" dir="1" index="2" bw="0" slack="2147483647"/>
</pin_list>
<bind>
<opcode="store(28) " fcode="store"/>
<opset="store_ln101/6 "/>
</bind>
</comp>

<comp id="2659" class="1004" name="store_ln101_store_fu_2659">
<pin_list>
<pin id="2660" dir="0" index="0" bw="16" slack="0"/>
<pin id="2661" dir="0" index="1" bw="16" slack="5"/>
<pin id="2662" dir="1" index="2" bw="0" slack="2147483647"/>
</pin_list>
<bind>
<opcode="store(28) " fcode="store"/>
<opset="store_ln101/6 "/>
</bind>
</comp>

<comp id="2663" class="1004" name="store_ln101_store_fu_2663">
<pin_list>
<pin id="2664" dir="0" index="0" bw="16" slack="0"/>
<pin id="2665" dir="0" index="1" bw="16" slack="5"/>
<pin id="2666" dir="1" index="2" bw="0" slack="2147483647"/>
</pin_list>
<bind>
<opcode="store(28) " fcode="store"/>
<opset="store_ln101/6 "/>
</bind>
</comp>

<comp id="2667" class="1004" name="store_ln101_store_fu_2667">
<pin_list>
<pin id="2668" dir="0" index="0" bw="16" slack="0"/>
<pin id="2669" dir="0" index="1" bw="16" slack="5"/>
<pin id="2670" dir="1" index="2" bw="0" slack="2147483647"/>
</pin_list>
<bind>
<opcode="store(28) " fcode="store"/>
<opset="store_ln101/6 "/>
</bind>
</comp>

<comp id="2671" class="1004" name="store_ln101_store_fu_2671">
<pin_list>
<pin id="2672" dir="0" index="0" bw="16" slack="0"/>
<pin id="2673" dir="0" index="1" bw="16" slack="5"/>
<pin id="2674" dir="1" index="2" bw="0" slack="2147483647"/>
</pin_list>
<bind>
<opcode="store(28) " fcode="store"/>
<opset="store_ln101/6 "/>
</bind>
</comp>

<comp id="2675" class="1004" name="store_ln101_store_fu_2675">
<pin_list>
<pin id="2676" dir="0" index="0" bw="16" slack="0"/>
<pin id="2677" dir="0" index="1" bw="16" slack="5"/>
<pin id="2678" dir="1" index="2" bw="0" slack="2147483647"/>
</pin_list>
<bind>
<opcode="store(28) " fcode="store"/>
<opset="store_ln101/6 "/>
</bind>
</comp>

<comp id="2679" class="1004" name="store_ln101_store_fu_2679">
<pin_list>
<pin id="2680" dir="0" index="0" bw="16" slack="0"/>
<pin id="2681" dir="0" index="1" bw="16" slack="5"/>
<pin id="2682" dir="1" index="2" bw="0" slack="2147483647"/>
</pin_list>
<bind>
<opcode="store(28) " fcode="store"/>
<opset="store_ln101/6 "/>
</bind>
</comp>

<comp id="2683" class="1004" name="store_ln101_store_fu_2683">
<pin_list>
<pin id="2684" dir="0" index="0" bw="16" slack="0"/>
<pin id="2685" dir="0" index="1" bw="16" slack="5"/>
<pin id="2686" dir="1" index="2" bw="0" slack="2147483647"/>
</pin_list>
<bind>
<opcode="store(28) " fcode="store"/>
<opset="store_ln101/6 "/>
</bind>
</comp>

<comp id="2687" class="1004" name="store_ln101_store_fu_2687">
<pin_list>
<pin id="2688" dir="0" index="0" bw="16" slack="0"/>
<pin id="2689" dir="0" index="1" bw="16" slack="5"/>
<pin id="2690" dir="1" index="2" bw="0" slack="2147483647"/>
</pin_list>
<bind>
<opcode="store(28) " fcode="store"/>
<opset="store_ln101/6 "/>
</bind>
</comp>

<comp id="2691" class="1004" name="store_ln101_store_fu_2691">
<pin_list>
<pin id="2692" dir="0" index="0" bw="16" slack="0"/>
<pin id="2693" dir="0" index="1" bw="16" slack="5"/>
<pin id="2694" dir="1" index="2" bw="0" slack="2147483647"/>
</pin_list>
<bind>
<opcode="store(28) " fcode="store"/>
<opset="store_ln101/6 "/>
</bind>
</comp>

<comp id="2695" class="1004" name="store_ln101_store_fu_2695">
<pin_list>
<pin id="2696" dir="0" index="0" bw="16" slack="0"/>
<pin id="2697" dir="0" index="1" bw="16" slack="5"/>
<pin id="2698" dir="1" index="2" bw="0" slack="2147483647"/>
</pin_list>
<bind>
<opcode="store(28) " fcode="store"/>
<opset="store_ln101/6 "/>
</bind>
</comp>

<comp id="2699" class="1004" name="store_ln101_store_fu_2699">
<pin_list>
<pin id="2700" dir="0" index="0" bw="16" slack="0"/>
<pin id="2701" dir="0" index="1" bw="16" slack="5"/>
<pin id="2702" dir="1" index="2" bw="0" slack="2147483647"/>
</pin_list>
<bind>
<opcode="store(28) " fcode="store"/>
<opset="store_ln101/6 "/>
</bind>
</comp>

<comp id="2703" class="1004" name="store_ln101_store_fu_2703">
<pin_list>
<pin id="2704" dir="0" index="0" bw="16" slack="0"/>
<pin id="2705" dir="0" index="1" bw="16" slack="5"/>
<pin id="2706" dir="1" index="2" bw="0" slack="2147483647"/>
</pin_list>
<bind>
<opcode="store(28) " fcode="store"/>
<opset="store_ln101/6 "/>
</bind>
</comp>

<comp id="2707" class="1004" name="store_ln101_store_fu_2707">
<pin_list>
<pin id="2708" dir="0" index="0" bw="16" slack="0"/>
<pin id="2709" dir="0" index="1" bw="16" slack="5"/>
<pin id="2710" dir="1" index="2" bw="0" slack="2147483647"/>
</pin_list>
<bind>
<opcode="store(28) " fcode="store"/>
<opset="store_ln101/6 "/>
</bind>
</comp>

<comp id="2711" class="1004" name="store_ln101_store_fu_2711">
<pin_list>
<pin id="2712" dir="0" index="0" bw="16" slack="0"/>
<pin id="2713" dir="0" index="1" bw="16" slack="5"/>
<pin id="2714" dir="1" index="2" bw="0" slack="2147483647"/>
</pin_list>
<bind>
<opcode="store(28) " fcode="store"/>
<opset="store_ln101/6 "/>
</bind>
</comp>

<comp id="2715" class="1004" name="store_ln101_store_fu_2715">
<pin_list>
<pin id="2716" dir="0" index="0" bw="16" slack="0"/>
<pin id="2717" dir="0" index="1" bw="16" slack="5"/>
<pin id="2718" dir="1" index="2" bw="0" slack="2147483647"/>
</pin_list>
<bind>
<opcode="store(28) " fcode="store"/>
<opset="store_ln101/6 "/>
</bind>
</comp>

<comp id="2719" class="1004" name="store_ln101_store_fu_2719">
<pin_list>
<pin id="2720" dir="0" index="0" bw="16" slack="0"/>
<pin id="2721" dir="0" index="1" bw="16" slack="5"/>
<pin id="2722" dir="1" index="2" bw="0" slack="2147483647"/>
</pin_list>
<bind>
<opcode="store(28) " fcode="store"/>
<opset="store_ln101/6 "/>
</bind>
</comp>

<comp id="2723" class="1004" name="store_ln101_store_fu_2723">
<pin_list>
<pin id="2724" dir="0" index="0" bw="16" slack="0"/>
<pin id="2725" dir="0" index="1" bw="16" slack="5"/>
<pin id="2726" dir="1" index="2" bw="0" slack="2147483647"/>
</pin_list>
<bind>
<opcode="store(28) " fcode="store"/>
<opset="store_ln101/6 "/>
</bind>
</comp>

<comp id="2727" class="1004" name="store_ln101_store_fu_2727">
<pin_list>
<pin id="2728" dir="0" index="0" bw="16" slack="0"/>
<pin id="2729" dir="0" index="1" bw="16" slack="5"/>
<pin id="2730" dir="1" index="2" bw="0" slack="2147483647"/>
</pin_list>
<bind>
<opcode="store(28) " fcode="store"/>
<opset="store_ln101/6 "/>
</bind>
</comp>

<comp id="2731" class="1004" name="store_ln101_store_fu_2731">
<pin_list>
<pin id="2732" dir="0" index="0" bw="16" slack="0"/>
<pin id="2733" dir="0" index="1" bw="16" slack="5"/>
<pin id="2734" dir="1" index="2" bw="0" slack="2147483647"/>
</pin_list>
<bind>
<opcode="store(28) " fcode="store"/>
<opset="store_ln101/6 "/>
</bind>
</comp>

<comp id="2735" class="1004" name="store_ln101_store_fu_2735">
<pin_list>
<pin id="2736" dir="0" index="0" bw="16" slack="0"/>
<pin id="2737" dir="0" index="1" bw="16" slack="5"/>
<pin id="2738" dir="1" index="2" bw="0" slack="2147483647"/>
</pin_list>
<bind>
<opcode="store(28) " fcode="store"/>
<opset="store_ln101/6 "/>
</bind>
</comp>

<comp id="2739" class="1004" name="store_ln101_store_fu_2739">
<pin_list>
<pin id="2740" dir="0" index="0" bw="16" slack="0"/>
<pin id="2741" dir="0" index="1" bw="16" slack="5"/>
<pin id="2742" dir="1" index="2" bw="0" slack="2147483647"/>
</pin_list>
<bind>
<opcode="store(28) " fcode="store"/>
<opset="store_ln101/6 "/>
</bind>
</comp>

<comp id="2743" class="1004" name="store_ln101_store_fu_2743">
<pin_list>
<pin id="2744" dir="0" index="0" bw="16" slack="0"/>
<pin id="2745" dir="0" index="1" bw="16" slack="5"/>
<pin id="2746" dir="1" index="2" bw="0" slack="2147483647"/>
</pin_list>
<bind>
<opcode="store(28) " fcode="store"/>
<opset="store_ln101/6 "/>
</bind>
</comp>

<comp id="2747" class="1004" name="store_ln101_store_fu_2747">
<pin_list>
<pin id="2748" dir="0" index="0" bw="16" slack="0"/>
<pin id="2749" dir="0" index="1" bw="16" slack="5"/>
<pin id="2750" dir="1" index="2" bw="0" slack="2147483647"/>
</pin_list>
<bind>
<opcode="store(28) " fcode="store"/>
<opset="store_ln101/6 "/>
</bind>
</comp>

<comp id="2751" class="1004" name="store_ln101_store_fu_2751">
<pin_list>
<pin id="2752" dir="0" index="0" bw="16" slack="0"/>
<pin id="2753" dir="0" index="1" bw="16" slack="5"/>
<pin id="2754" dir="1" index="2" bw="0" slack="2147483647"/>
</pin_list>
<bind>
<opcode="store(28) " fcode="store"/>
<opset="store_ln101/6 "/>
</bind>
</comp>

<comp id="2755" class="1004" name="store_ln101_store_fu_2755">
<pin_list>
<pin id="2756" dir="0" index="0" bw="16" slack="0"/>
<pin id="2757" dir="0" index="1" bw="16" slack="5"/>
<pin id="2758" dir="1" index="2" bw="0" slack="2147483647"/>
</pin_list>
<bind>
<opcode="store(28) " fcode="store"/>
<opset="store_ln101/6 "/>
</bind>
</comp>

<comp id="2759" class="1004" name="store_ln101_store_fu_2759">
<pin_list>
<pin id="2760" dir="0" index="0" bw="16" slack="0"/>
<pin id="2761" dir="0" index="1" bw="16" slack="5"/>
<pin id="2762" dir="1" index="2" bw="0" slack="2147483647"/>
</pin_list>
<bind>
<opcode="store(28) " fcode="store"/>
<opset="store_ln101/6 "/>
</bind>
</comp>

<comp id="2763" class="1004" name="store_ln101_store_fu_2763">
<pin_list>
<pin id="2764" dir="0" index="0" bw="16" slack="0"/>
<pin id="2765" dir="0" index="1" bw="16" slack="5"/>
<pin id="2766" dir="1" index="2" bw="0" slack="2147483647"/>
</pin_list>
<bind>
<opcode="store(28) " fcode="store"/>
<opset="store_ln101/6 "/>
</bind>
</comp>

<comp id="2767" class="1004" name="store_ln101_store_fu_2767">
<pin_list>
<pin id="2768" dir="0" index="0" bw="16" slack="0"/>
<pin id="2769" dir="0" index="1" bw="16" slack="5"/>
<pin id="2770" dir="1" index="2" bw="0" slack="2147483647"/>
</pin_list>
<bind>
<opcode="store(28) " fcode="store"/>
<opset="store_ln101/6 "/>
</bind>
</comp>

<comp id="2771" class="1004" name="store_ln101_store_fu_2771">
<pin_list>
<pin id="2772" dir="0" index="0" bw="16" slack="0"/>
<pin id="2773" dir="0" index="1" bw="16" slack="5"/>
<pin id="2774" dir="1" index="2" bw="0" slack="2147483647"/>
</pin_list>
<bind>
<opcode="store(28) " fcode="store"/>
<opset="store_ln101/6 "/>
</bind>
</comp>

<comp id="2775" class="1004" name="store_ln101_store_fu_2775">
<pin_list>
<pin id="2776" dir="0" index="0" bw="16" slack="0"/>
<pin id="2777" dir="0" index="1" bw="16" slack="5"/>
<pin id="2778" dir="1" index="2" bw="0" slack="2147483647"/>
</pin_list>
<bind>
<opcode="store(28) " fcode="store"/>
<opset="store_ln101/6 "/>
</bind>
</comp>

<comp id="2779" class="1004" name="store_ln101_store_fu_2779">
<pin_list>
<pin id="2780" dir="0" index="0" bw="16" slack="0"/>
<pin id="2781" dir="0" index="1" bw="16" slack="5"/>
<pin id="2782" dir="1" index="2" bw="0" slack="2147483647"/>
</pin_list>
<bind>
<opcode="store(28) " fcode="store"/>
<opset="store_ln101/6 "/>
</bind>
</comp>

<comp id="2783" class="1004" name="store_ln101_store_fu_2783">
<pin_list>
<pin id="2784" dir="0" index="0" bw="16" slack="0"/>
<pin id="2785" dir="0" index="1" bw="16" slack="5"/>
<pin id="2786" dir="1" index="2" bw="0" slack="2147483647"/>
</pin_list>
<bind>
<opcode="store(28) " fcode="store"/>
<opset="store_ln101/6 "/>
</bind>
</comp>

<comp id="2787" class="1004" name="store_ln101_store_fu_2787">
<pin_list>
<pin id="2788" dir="0" index="0" bw="16" slack="0"/>
<pin id="2789" dir="0" index="1" bw="16" slack="5"/>
<pin id="2790" dir="1" index="2" bw="0" slack="2147483647"/>
</pin_list>
<bind>
<opcode="store(28) " fcode="store"/>
<opset="store_ln101/6 "/>
</bind>
</comp>

<comp id="2791" class="1004" name="store_ln101_store_fu_2791">
<pin_list>
<pin id="2792" dir="0" index="0" bw="16" slack="0"/>
<pin id="2793" dir="0" index="1" bw="16" slack="5"/>
<pin id="2794" dir="1" index="2" bw="0" slack="2147483647"/>
</pin_list>
<bind>
<opcode="store(28) " fcode="store"/>
<opset="store_ln101/6 "/>
</bind>
</comp>

<comp id="2795" class="1004" name="store_ln101_store_fu_2795">
<pin_list>
<pin id="2796" dir="0" index="0" bw="16" slack="0"/>
<pin id="2797" dir="0" index="1" bw="16" slack="5"/>
<pin id="2798" dir="1" index="2" bw="0" slack="2147483647"/>
</pin_list>
<bind>
<opcode="store(28) " fcode="store"/>
<opset="store_ln101/6 "/>
</bind>
</comp>

<comp id="2799" class="1004" name="store_ln101_store_fu_2799">
<pin_list>
<pin id="2800" dir="0" index="0" bw="16" slack="0"/>
<pin id="2801" dir="0" index="1" bw="16" slack="5"/>
<pin id="2802" dir="1" index="2" bw="0" slack="2147483647"/>
</pin_list>
<bind>
<opcode="store(28) " fcode="store"/>
<opset="store_ln101/6 "/>
</bind>
</comp>

<comp id="2803" class="1004" name="store_ln101_store_fu_2803">
<pin_list>
<pin id="2804" dir="0" index="0" bw="16" slack="0"/>
<pin id="2805" dir="0" index="1" bw="16" slack="5"/>
<pin id="2806" dir="1" index="2" bw="0" slack="2147483647"/>
</pin_list>
<bind>
<opcode="store(28) " fcode="store"/>
<opset="store_ln101/6 "/>
</bind>
</comp>

<comp id="2807" class="1004" name="store_ln101_store_fu_2807">
<pin_list>
<pin id="2808" dir="0" index="0" bw="16" slack="0"/>
<pin id="2809" dir="0" index="1" bw="16" slack="5"/>
<pin id="2810" dir="1" index="2" bw="0" slack="2147483647"/>
</pin_list>
<bind>
<opcode="store(28) " fcode="store"/>
<opset="store_ln101/6 "/>
</bind>
</comp>

<comp id="2811" class="1004" name="store_ln101_store_fu_2811">
<pin_list>
<pin id="2812" dir="0" index="0" bw="16" slack="0"/>
<pin id="2813" dir="0" index="1" bw="16" slack="5"/>
<pin id="2814" dir="1" index="2" bw="0" slack="2147483647"/>
</pin_list>
<bind>
<opcode="store(28) " fcode="store"/>
<opset="store_ln101/6 "/>
</bind>
</comp>

<comp id="2815" class="1004" name="store_ln101_store_fu_2815">
<pin_list>
<pin id="2816" dir="0" index="0" bw="16" slack="0"/>
<pin id="2817" dir="0" index="1" bw="16" slack="5"/>
<pin id="2818" dir="1" index="2" bw="0" slack="2147483647"/>
</pin_list>
<bind>
<opcode="store(28) " fcode="store"/>
<opset="store_ln101/6 "/>
</bind>
</comp>

<comp id="2819" class="1004" name="store_ln101_store_fu_2819">
<pin_list>
<pin id="2820" dir="0" index="0" bw="16" slack="0"/>
<pin id="2821" dir="0" index="1" bw="16" slack="5"/>
<pin id="2822" dir="1" index="2" bw="0" slack="2147483647"/>
</pin_list>
<bind>
<opcode="store(28) " fcode="store"/>
<opset="store_ln101/6 "/>
</bind>
</comp>

<comp id="2823" class="1004" name="store_ln101_store_fu_2823">
<pin_list>
<pin id="2824" dir="0" index="0" bw="16" slack="0"/>
<pin id="2825" dir="0" index="1" bw="16" slack="5"/>
<pin id="2826" dir="1" index="2" bw="0" slack="2147483647"/>
</pin_list>
<bind>
<opcode="store(28) " fcode="store"/>
<opset="store_ln101/6 "/>
</bind>
</comp>

<comp id="2827" class="1004" name="store_ln101_store_fu_2827">
<pin_list>
<pin id="2828" dir="0" index="0" bw="16" slack="0"/>
<pin id="2829" dir="0" index="1" bw="16" slack="5"/>
<pin id="2830" dir="1" index="2" bw="0" slack="2147483647"/>
</pin_list>
<bind>
<opcode="store(28) " fcode="store"/>
<opset="store_ln101/6 "/>
</bind>
</comp>

<comp id="2831" class="1004" name="store_ln101_store_fu_2831">
<pin_list>
<pin id="2832" dir="0" index="0" bw="16" slack="0"/>
<pin id="2833" dir="0" index="1" bw="16" slack="5"/>
<pin id="2834" dir="1" index="2" bw="0" slack="2147483647"/>
</pin_list>
<bind>
<opcode="store(28) " fcode="store"/>
<opset="store_ln101/6 "/>
</bind>
</comp>

<comp id="2835" class="1004" name="store_ln101_store_fu_2835">
<pin_list>
<pin id="2836" dir="0" index="0" bw="16" slack="0"/>
<pin id="2837" dir="0" index="1" bw="16" slack="5"/>
<pin id="2838" dir="1" index="2" bw="0" slack="2147483647"/>
</pin_list>
<bind>
<opcode="store(28) " fcode="store"/>
<opset="store_ln101/6 "/>
</bind>
</comp>

<comp id="2839" class="1004" name="store_ln101_store_fu_2839">
<pin_list>
<pin id="2840" dir="0" index="0" bw="16" slack="0"/>
<pin id="2841" dir="0" index="1" bw="16" slack="5"/>
<pin id="2842" dir="1" index="2" bw="0" slack="2147483647"/>
</pin_list>
<bind>
<opcode="store(28) " fcode="store"/>
<opset="store_ln101/6 "/>
</bind>
</comp>

<comp id="2843" class="1004" name="store_ln101_store_fu_2843">
<pin_list>
<pin id="2844" dir="0" index="0" bw="16" slack="0"/>
<pin id="2845" dir="0" index="1" bw="16" slack="5"/>
<pin id="2846" dir="1" index="2" bw="0" slack="2147483647"/>
</pin_list>
<bind>
<opcode="store(28) " fcode="store"/>
<opset="store_ln101/6 "/>
</bind>
</comp>

<comp id="2847" class="1004" name="store_ln101_store_fu_2847">
<pin_list>
<pin id="2848" dir="0" index="0" bw="16" slack="0"/>
<pin id="2849" dir="0" index="1" bw="16" slack="5"/>
<pin id="2850" dir="1" index="2" bw="0" slack="2147483647"/>
</pin_list>
<bind>
<opcode="store(28) " fcode="store"/>
<opset="store_ln101/6 "/>
</bind>
</comp>

<comp id="2851" class="1004" name="store_ln101_store_fu_2851">
<pin_list>
<pin id="2852" dir="0" index="0" bw="16" slack="0"/>
<pin id="2853" dir="0" index="1" bw="16" slack="5"/>
<pin id="2854" dir="1" index="2" bw="0" slack="2147483647"/>
</pin_list>
<bind>
<opcode="store(28) " fcode="store"/>
<opset="store_ln101/6 "/>
</bind>
</comp>

<comp id="2855" class="1004" name="store_ln101_store_fu_2855">
<pin_list>
<pin id="2856" dir="0" index="0" bw="16" slack="0"/>
<pin id="2857" dir="0" index="1" bw="16" slack="5"/>
<pin id="2858" dir="1" index="2" bw="0" slack="2147483647"/>
</pin_list>
<bind>
<opcode="store(28) " fcode="store"/>
<opset="store_ln101/6 "/>
</bind>
</comp>

<comp id="2859" class="1004" name="store_ln101_store_fu_2859">
<pin_list>
<pin id="2860" dir="0" index="0" bw="16" slack="0"/>
<pin id="2861" dir="0" index="1" bw="16" slack="5"/>
<pin id="2862" dir="1" index="2" bw="0" slack="2147483647"/>
</pin_list>
<bind>
<opcode="store(28) " fcode="store"/>
<opset="store_ln101/6 "/>
</bind>
</comp>

<comp id="2863" class="1004" name="store_ln101_store_fu_2863">
<pin_list>
<pin id="2864" dir="0" index="0" bw="16" slack="0"/>
<pin id="2865" dir="0" index="1" bw="16" slack="5"/>
<pin id="2866" dir="1" index="2" bw="0" slack="2147483647"/>
</pin_list>
<bind>
<opcode="store(28) " fcode="store"/>
<opset="store_ln101/6 "/>
</bind>
</comp>

<comp id="2867" class="1004" name="store_ln101_store_fu_2867">
<pin_list>
<pin id="2868" dir="0" index="0" bw="16" slack="0"/>
<pin id="2869" dir="0" index="1" bw="16" slack="5"/>
<pin id="2870" dir="1" index="2" bw="0" slack="2147483647"/>
</pin_list>
<bind>
<opcode="store(28) " fcode="store"/>
<opset="store_ln101/6 "/>
</bind>
</comp>

<comp id="2871" class="1004" name="store_ln101_store_fu_2871">
<pin_list>
<pin id="2872" dir="0" index="0" bw="16" slack="0"/>
<pin id="2873" dir="0" index="1" bw="16" slack="5"/>
<pin id="2874" dir="1" index="2" bw="0" slack="2147483647"/>
</pin_list>
<bind>
<opcode="store(28) " fcode="store"/>
<opset="store_ln101/6 "/>
</bind>
</comp>

<comp id="2875" class="1004" name="store_ln101_store_fu_2875">
<pin_list>
<pin id="2876" dir="0" index="0" bw="16" slack="0"/>
<pin id="2877" dir="0" index="1" bw="16" slack="5"/>
<pin id="2878" dir="1" index="2" bw="0" slack="2147483647"/>
</pin_list>
<bind>
<opcode="store(28) " fcode="store"/>
<opset="store_ln101/6 "/>
</bind>
</comp>

<comp id="2879" class="1004" name="store_ln101_store_fu_2879">
<pin_list>
<pin id="2880" dir="0" index="0" bw="16" slack="0"/>
<pin id="2881" dir="0" index="1" bw="16" slack="5"/>
<pin id="2882" dir="1" index="2" bw="0" slack="2147483647"/>
</pin_list>
<bind>
<opcode="store(28) " fcode="store"/>
<opset="store_ln101/6 "/>
</bind>
</comp>

<comp id="2883" class="1004" name="c_row_major_0_0_0_load_1_load_fu_2883">
<pin_list>
<pin id="2884" dir="0" index="0" bw="16" slack="4"/>
<pin id="2885" dir="1" index="1" bw="16" slack="0"/>
</pin_list>
<bind>
<opcode="load(27) " fcode="load"/>
<opset="c_row_major_0_0_0_load_1/5 "/>
</bind>
</comp>

<comp id="2887" class="1004" name="c_row_major_0_1_0_load_1_load_fu_2887">
<pin_list>
<pin id="2888" dir="0" index="0" bw="16" slack="4"/>
<pin id="2889" dir="1" index="1" bw="16" slack="0"/>
</pin_list>
<bind>
<opcode="load(27) " fcode="load"/>
<opset="c_row_major_0_1_0_load_1/5 "/>
</bind>
</comp>

<comp id="2891" class="1004" name="c_row_major_0_2_0_load_1_load_fu_2891">
<pin_list>
<pin id="2892" dir="0" index="0" bw="16" slack="4"/>
<pin id="2893" dir="1" index="1" bw="16" slack="0"/>
</pin_list>
<bind>
<opcode="load(27) " fcode="load"/>
<opset="c_row_major_0_2_0_load_1/5 "/>
</bind>
</comp>

<comp id="2895" class="1004" name="c_row_major_0_3_0_load_1_load_fu_2895">
<pin_list>
<pin id="2896" dir="0" index="0" bw="16" slack="4"/>
<pin id="2897" dir="1" index="1" bw="16" slack="0"/>
</pin_list>
<bind>
<opcode="load(27) " fcode="load"/>
<opset="c_row_major_0_3_0_load_1/5 "/>
</bind>
</comp>

<comp id="2899" class="1004" name="c_row_major_0_4_0_load_1_load_fu_2899">
<pin_list>
<pin id="2900" dir="0" index="0" bw="16" slack="4"/>
<pin id="2901" dir="1" index="1" bw="16" slack="0"/>
</pin_list>
<bind>
<opcode="load(27) " fcode="load"/>
<opset="c_row_major_0_4_0_load_1/5 "/>
</bind>
</comp>

<comp id="2903" class="1004" name="c_row_major_0_5_0_load_1_load_fu_2903">
<pin_list>
<pin id="2904" dir="0" index="0" bw="16" slack="4"/>
<pin id="2905" dir="1" index="1" bw="16" slack="0"/>
</pin_list>
<bind>
<opcode="load(27) " fcode="load"/>
<opset="c_row_major_0_5_0_load_1/5 "/>
</bind>
</comp>

<comp id="2907" class="1004" name="c_row_major_0_6_0_load_1_load_fu_2907">
<pin_list>
<pin id="2908" dir="0" index="0" bw="16" slack="4"/>
<pin id="2909" dir="1" index="1" bw="16" slack="0"/>
</pin_list>
<bind>
<opcode="load(27) " fcode="load"/>
<opset="c_row_major_0_6_0_load_1/5 "/>
</bind>
</comp>

<comp id="2911" class="1004" name="c_row_major_0_7_0_load_1_load_fu_2911">
<pin_list>
<pin id="2912" dir="0" index="0" bw="16" slack="4"/>
<pin id="2913" dir="1" index="1" bw="16" slack="0"/>
</pin_list>
<bind>
<opcode="load(27) " fcode="load"/>
<opset="c_row_major_0_7_0_load_1/5 "/>
</bind>
</comp>

<comp id="2915" class="1004" name="c_row_major_1_0_0_load_1_load_fu_2915">
<pin_list>
<pin id="2916" dir="0" index="0" bw="16" slack="4"/>
<pin id="2917" dir="1" index="1" bw="16" slack="0"/>
</pin_list>
<bind>
<opcode="load(27) " fcode="load"/>
<opset="c_row_major_1_0_0_load_1/5 "/>
</bind>
</comp>

<comp id="2919" class="1004" name="c_row_major_1_1_0_load_1_load_fu_2919">
<pin_list>
<pin id="2920" dir="0" index="0" bw="16" slack="4"/>
<pin id="2921" dir="1" index="1" bw="16" slack="0"/>
</pin_list>
<bind>
<opcode="load(27) " fcode="load"/>
<opset="c_row_major_1_1_0_load_1/5 "/>
</bind>
</comp>

<comp id="2923" class="1004" name="c_row_major_1_2_0_load_1_load_fu_2923">
<pin_list>
<pin id="2924" dir="0" index="0" bw="16" slack="4"/>
<pin id="2925" dir="1" index="1" bw="16" slack="0"/>
</pin_list>
<bind>
<opcode="load(27) " fcode="load"/>
<opset="c_row_major_1_2_0_load_1/5 "/>
</bind>
</comp>

<comp id="2927" class="1004" name="c_row_major_1_3_0_load_1_load_fu_2927">
<pin_list>
<pin id="2928" dir="0" index="0" bw="16" slack="4"/>
<pin id="2929" dir="1" index="1" bw="16" slack="0"/>
</pin_list>
<bind>
<opcode="load(27) " fcode="load"/>
<opset="c_row_major_1_3_0_load_1/5 "/>
</bind>
</comp>

<comp id="2931" class="1004" name="c_row_major_1_4_0_load_1_load_fu_2931">
<pin_list>
<pin id="2932" dir="0" index="0" bw="16" slack="4"/>
<pin id="2933" dir="1" index="1" bw="16" slack="0"/>
</pin_list>
<bind>
<opcode="load(27) " fcode="load"/>
<opset="c_row_major_1_4_0_load_1/5 "/>
</bind>
</comp>

<comp id="2935" class="1004" name="c_row_major_1_5_0_load_1_load_fu_2935">
<pin_list>
<pin id="2936" dir="0" index="0" bw="16" slack="4"/>
<pin id="2937" dir="1" index="1" bw="16" slack="0"/>
</pin_list>
<bind>
<opcode="load(27) " fcode="load"/>
<opset="c_row_major_1_5_0_load_1/5 "/>
</bind>
</comp>

<comp id="2939" class="1004" name="c_row_major_1_6_0_load_1_load_fu_2939">
<pin_list>
<pin id="2940" dir="0" index="0" bw="16" slack="4"/>
<pin id="2941" dir="1" index="1" bw="16" slack="0"/>
</pin_list>
<bind>
<opcode="load(27) " fcode="load"/>
<opset="c_row_major_1_6_0_load_1/5 "/>
</bind>
</comp>

<comp id="2943" class="1004" name="c_row_major_1_7_0_load_1_load_fu_2943">
<pin_list>
<pin id="2944" dir="0" index="0" bw="16" slack="4"/>
<pin id="2945" dir="1" index="1" bw="16" slack="0"/>
</pin_list>
<bind>
<opcode="load(27) " fcode="load"/>
<opset="c_row_major_1_7_0_load_1/5 "/>
</bind>
</comp>

<comp id="2947" class="1004" name="c_row_major_2_0_0_load_1_load_fu_2947">
<pin_list>
<pin id="2948" dir="0" index="0" bw="16" slack="4"/>
<pin id="2949" dir="1" index="1" bw="16" slack="0"/>
</pin_list>
<bind>
<opcode="load(27) " fcode="load"/>
<opset="c_row_major_2_0_0_load_1/5 "/>
</bind>
</comp>

<comp id="2951" class="1004" name="c_row_major_2_1_0_load_1_load_fu_2951">
<pin_list>
<pin id="2952" dir="0" index="0" bw="16" slack="4"/>
<pin id="2953" dir="1" index="1" bw="16" slack="0"/>
</pin_list>
<bind>
<opcode="load(27) " fcode="load"/>
<opset="c_row_major_2_1_0_load_1/5 "/>
</bind>
</comp>

<comp id="2955" class="1004" name="c_row_major_2_2_0_load_1_load_fu_2955">
<pin_list>
<pin id="2956" dir="0" index="0" bw="16" slack="4"/>
<pin id="2957" dir="1" index="1" bw="16" slack="0"/>
</pin_list>
<bind>
<opcode="load(27) " fcode="load"/>
<opset="c_row_major_2_2_0_load_1/5 "/>
</bind>
</comp>

<comp id="2959" class="1004" name="c_row_major_2_3_0_load_1_load_fu_2959">
<pin_list>
<pin id="2960" dir="0" index="0" bw="16" slack="4"/>
<pin id="2961" dir="1" index="1" bw="16" slack="0"/>
</pin_list>
<bind>
<opcode="load(27) " fcode="load"/>
<opset="c_row_major_2_3_0_load_1/5 "/>
</bind>
</comp>

<comp id="2963" class="1004" name="c_row_major_2_4_0_load_1_load_fu_2963">
<pin_list>
<pin id="2964" dir="0" index="0" bw="16" slack="4"/>
<pin id="2965" dir="1" index="1" bw="16" slack="0"/>
</pin_list>
<bind>
<opcode="load(27) " fcode="load"/>
<opset="c_row_major_2_4_0_load_1/5 "/>
</bind>
</comp>

<comp id="2967" class="1004" name="c_row_major_2_5_0_load_1_load_fu_2967">
<pin_list>
<pin id="2968" dir="0" index="0" bw="16" slack="4"/>
<pin id="2969" dir="1" index="1" bw="16" slack="0"/>
</pin_list>
<bind>
<opcode="load(27) " fcode="load"/>
<opset="c_row_major_2_5_0_load_1/5 "/>
</bind>
</comp>

<comp id="2971" class="1004" name="c_row_major_2_6_0_load_1_load_fu_2971">
<pin_list>
<pin id="2972" dir="0" index="0" bw="16" slack="4"/>
<pin id="2973" dir="1" index="1" bw="16" slack="0"/>
</pin_list>
<bind>
<opcode="load(27) " fcode="load"/>
<opset="c_row_major_2_6_0_load_1/5 "/>
</bind>
</comp>

<comp id="2975" class="1004" name="c_row_major_2_7_0_load_1_load_fu_2975">
<pin_list>
<pin id="2976" dir="0" index="0" bw="16" slack="4"/>
<pin id="2977" dir="1" index="1" bw="16" slack="0"/>
</pin_list>
<bind>
<opcode="load(27) " fcode="load"/>
<opset="c_row_major_2_7_0_load_1/5 "/>
</bind>
</comp>

<comp id="2979" class="1004" name="c_row_major_3_0_0_load_1_load_fu_2979">
<pin_list>
<pin id="2980" dir="0" index="0" bw="16" slack="4"/>
<pin id="2981" dir="1" index="1" bw="16" slack="0"/>
</pin_list>
<bind>
<opcode="load(27) " fcode="load"/>
<opset="c_row_major_3_0_0_load_1/5 "/>
</bind>
</comp>

<comp id="2983" class="1004" name="c_row_major_3_1_0_load_1_load_fu_2983">
<pin_list>
<pin id="2984" dir="0" index="0" bw="16" slack="4"/>
<pin id="2985" dir="1" index="1" bw="16" slack="0"/>
</pin_list>
<bind>
<opcode="load(27) " fcode="load"/>
<opset="c_row_major_3_1_0_load_1/5 "/>
</bind>
</comp>

<comp id="2987" class="1004" name="c_row_major_3_2_0_load_1_load_fu_2987">
<pin_list>
<pin id="2988" dir="0" index="0" bw="16" slack="4"/>
<pin id="2989" dir="1" index="1" bw="16" slack="0"/>
</pin_list>
<bind>
<opcode="load(27) " fcode="load"/>
<opset="c_row_major_3_2_0_load_1/5 "/>
</bind>
</comp>

<comp id="2991" class="1004" name="c_row_major_3_3_0_load_1_load_fu_2991">
<pin_list>
<pin id="2992" dir="0" index="0" bw="16" slack="4"/>
<pin id="2993" dir="1" index="1" bw="16" slack="0"/>
</pin_list>
<bind>
<opcode="load(27) " fcode="load"/>
<opset="c_row_major_3_3_0_load_1/5 "/>
</bind>
</comp>

<comp id="2995" class="1004" name="c_row_major_3_4_0_load_1_load_fu_2995">
<pin_list>
<pin id="2996" dir="0" index="0" bw="16" slack="4"/>
<pin id="2997" dir="1" index="1" bw="16" slack="0"/>
</pin_list>
<bind>
<opcode="load(27) " fcode="load"/>
<opset="c_row_major_3_4_0_load_1/5 "/>
</bind>
</comp>

<comp id="2999" class="1004" name="c_row_major_3_5_0_load_1_load_fu_2999">
<pin_list>
<pin id="3000" dir="0" index="0" bw="16" slack="4"/>
<pin id="3001" dir="1" index="1" bw="16" slack="0"/>
</pin_list>
<bind>
<opcode="load(27) " fcode="load"/>
<opset="c_row_major_3_5_0_load_1/5 "/>
</bind>
</comp>

<comp id="3003" class="1004" name="c_row_major_3_6_0_load_1_load_fu_3003">
<pin_list>
<pin id="3004" dir="0" index="0" bw="16" slack="4"/>
<pin id="3005" dir="1" index="1" bw="16" slack="0"/>
</pin_list>
<bind>
<opcode="load(27) " fcode="load"/>
<opset="c_row_major_3_6_0_load_1/5 "/>
</bind>
</comp>

<comp id="3007" class="1004" name="c_row_major_3_7_0_load_1_load_fu_3007">
<pin_list>
<pin id="3008" dir="0" index="0" bw="16" slack="4"/>
<pin id="3009" dir="1" index="1" bw="16" slack="0"/>
</pin_list>
<bind>
<opcode="load(27) " fcode="load"/>
<opset="c_row_major_3_7_0_load_1/5 "/>
</bind>
</comp>

<comp id="3011" class="1004" name="c_row_major_4_0_0_load_1_load_fu_3011">
<pin_list>
<pin id="3012" dir="0" index="0" bw="16" slack="4"/>
<pin id="3013" dir="1" index="1" bw="16" slack="0"/>
</pin_list>
<bind>
<opcode="load(27) " fcode="load"/>
<opset="c_row_major_4_0_0_load_1/5 "/>
</bind>
</comp>

<comp id="3015" class="1004" name="c_row_major_4_1_0_load_1_load_fu_3015">
<pin_list>
<pin id="3016" dir="0" index="0" bw="16" slack="4"/>
<pin id="3017" dir="1" index="1" bw="16" slack="0"/>
</pin_list>
<bind>
<opcode="load(27) " fcode="load"/>
<opset="c_row_major_4_1_0_load_1/5 "/>
</bind>
</comp>

<comp id="3019" class="1004" name="c_row_major_4_2_0_load_1_load_fu_3019">
<pin_list>
<pin id="3020" dir="0" index="0" bw="16" slack="4"/>
<pin id="3021" dir="1" index="1" bw="16" slack="0"/>
</pin_list>
<bind>
<opcode="load(27) " fcode="load"/>
<opset="c_row_major_4_2_0_load_1/5 "/>
</bind>
</comp>

<comp id="3023" class="1004" name="c_row_major_4_3_0_load_1_load_fu_3023">
<pin_list>
<pin id="3024" dir="0" index="0" bw="16" slack="4"/>
<pin id="3025" dir="1" index="1" bw="16" slack="0"/>
</pin_list>
<bind>
<opcode="load(27) " fcode="load"/>
<opset="c_row_major_4_3_0_load_1/5 "/>
</bind>
</comp>

<comp id="3027" class="1004" name="c_row_major_4_4_0_load_1_load_fu_3027">
<pin_list>
<pin id="3028" dir="0" index="0" bw="16" slack="4"/>
<pin id="3029" dir="1" index="1" bw="16" slack="0"/>
</pin_list>
<bind>
<opcode="load(27) " fcode="load"/>
<opset="c_row_major_4_4_0_load_1/5 "/>
</bind>
</comp>

<comp id="3031" class="1004" name="c_row_major_4_5_0_load_1_load_fu_3031">
<pin_list>
<pin id="3032" dir="0" index="0" bw="16" slack="4"/>
<pin id="3033" dir="1" index="1" bw="16" slack="0"/>
</pin_list>
<bind>
<opcode="load(27) " fcode="load"/>
<opset="c_row_major_4_5_0_load_1/5 "/>
</bind>
</comp>

<comp id="3035" class="1004" name="c_row_major_4_6_0_load_1_load_fu_3035">
<pin_list>
<pin id="3036" dir="0" index="0" bw="16" slack="4"/>
<pin id="3037" dir="1" index="1" bw="16" slack="0"/>
</pin_list>
<bind>
<opcode="load(27) " fcode="load"/>
<opset="c_row_major_4_6_0_load_1/5 "/>
</bind>
</comp>

<comp id="3039" class="1004" name="c_row_major_4_7_0_load_1_load_fu_3039">
<pin_list>
<pin id="3040" dir="0" index="0" bw="16" slack="4"/>
<pin id="3041" dir="1" index="1" bw="16" slack="0"/>
</pin_list>
<bind>
<opcode="load(27) " fcode="load"/>
<opset="c_row_major_4_7_0_load_1/5 "/>
</bind>
</comp>

<comp id="3043" class="1004" name="c_row_major_5_0_0_load_1_load_fu_3043">
<pin_list>
<pin id="3044" dir="0" index="0" bw="16" slack="4"/>
<pin id="3045" dir="1" index="1" bw="16" slack="0"/>
</pin_list>
<bind>
<opcode="load(27) " fcode="load"/>
<opset="c_row_major_5_0_0_load_1/5 "/>
</bind>
</comp>

<comp id="3047" class="1004" name="c_row_major_5_1_0_load_1_load_fu_3047">
<pin_list>
<pin id="3048" dir="0" index="0" bw="16" slack="4"/>
<pin id="3049" dir="1" index="1" bw="16" slack="0"/>
</pin_list>
<bind>
<opcode="load(27) " fcode="load"/>
<opset="c_row_major_5_1_0_load_1/5 "/>
</bind>
</comp>

<comp id="3051" class="1004" name="c_row_major_5_2_0_load_1_load_fu_3051">
<pin_list>
<pin id="3052" dir="0" index="0" bw="16" slack="4"/>
<pin id="3053" dir="1" index="1" bw="16" slack="0"/>
</pin_list>
<bind>
<opcode="load(27) " fcode="load"/>
<opset="c_row_major_5_2_0_load_1/5 "/>
</bind>
</comp>

<comp id="3055" class="1004" name="c_row_major_5_3_0_load_1_load_fu_3055">
<pin_list>
<pin id="3056" dir="0" index="0" bw="16" slack="4"/>
<pin id="3057" dir="1" index="1" bw="16" slack="0"/>
</pin_list>
<bind>
<opcode="load(27) " fcode="load"/>
<opset="c_row_major_5_3_0_load_1/5 "/>
</bind>
</comp>

<comp id="3059" class="1004" name="c_row_major_5_4_0_load_1_load_fu_3059">
<pin_list>
<pin id="3060" dir="0" index="0" bw="16" slack="4"/>
<pin id="3061" dir="1" index="1" bw="16" slack="0"/>
</pin_list>
<bind>
<opcode="load(27) " fcode="load"/>
<opset="c_row_major_5_4_0_load_1/5 "/>
</bind>
</comp>

<comp id="3063" class="1004" name="c_row_major_5_5_0_load_1_load_fu_3063">
<pin_list>
<pin id="3064" dir="0" index="0" bw="16" slack="4"/>
<pin id="3065" dir="1" index="1" bw="16" slack="0"/>
</pin_list>
<bind>
<opcode="load(27) " fcode="load"/>
<opset="c_row_major_5_5_0_load_1/5 "/>
</bind>
</comp>

<comp id="3067" class="1004" name="c_row_major_5_6_0_load_1_load_fu_3067">
<pin_list>
<pin id="3068" dir="0" index="0" bw="16" slack="4"/>
<pin id="3069" dir="1" index="1" bw="16" slack="0"/>
</pin_list>
<bind>
<opcode="load(27) " fcode="load"/>
<opset="c_row_major_5_6_0_load_1/5 "/>
</bind>
</comp>

<comp id="3071" class="1004" name="c_row_major_5_7_0_load_1_load_fu_3071">
<pin_list>
<pin id="3072" dir="0" index="0" bw="16" slack="4"/>
<pin id="3073" dir="1" index="1" bw="16" slack="0"/>
</pin_list>
<bind>
<opcode="load(27) " fcode="load"/>
<opset="c_row_major_5_7_0_load_1/5 "/>
</bind>
</comp>

<comp id="3075" class="1004" name="c_row_major_6_0_0_load_1_load_fu_3075">
<pin_list>
<pin id="3076" dir="0" index="0" bw="16" slack="4"/>
<pin id="3077" dir="1" index="1" bw="16" slack="0"/>
</pin_list>
<bind>
<opcode="load(27) " fcode="load"/>
<opset="c_row_major_6_0_0_load_1/5 "/>
</bind>
</comp>

<comp id="3079" class="1004" name="c_row_major_6_1_0_load_1_load_fu_3079">
<pin_list>
<pin id="3080" dir="0" index="0" bw="16" slack="4"/>
<pin id="3081" dir="1" index="1" bw="16" slack="0"/>
</pin_list>
<bind>
<opcode="load(27) " fcode="load"/>
<opset="c_row_major_6_1_0_load_1/5 "/>
</bind>
</comp>

<comp id="3083" class="1004" name="c_row_major_6_2_0_load_1_load_fu_3083">
<pin_list>
<pin id="3084" dir="0" index="0" bw="16" slack="4"/>
<pin id="3085" dir="1" index="1" bw="16" slack="0"/>
</pin_list>
<bind>
<opcode="load(27) " fcode="load"/>
<opset="c_row_major_6_2_0_load_1/5 "/>
</bind>
</comp>

<comp id="3087" class="1004" name="c_row_major_6_3_0_load_1_load_fu_3087">
<pin_list>
<pin id="3088" dir="0" index="0" bw="16" slack="4"/>
<pin id="3089" dir="1" index="1" bw="16" slack="0"/>
</pin_list>
<bind>
<opcode="load(27) " fcode="load"/>
<opset="c_row_major_6_3_0_load_1/5 "/>
</bind>
</comp>

<comp id="3091" class="1004" name="c_row_major_6_4_0_load_1_load_fu_3091">
<pin_list>
<pin id="3092" dir="0" index="0" bw="16" slack="4"/>
<pin id="3093" dir="1" index="1" bw="16" slack="0"/>
</pin_list>
<bind>
<opcode="load(27) " fcode="load"/>
<opset="c_row_major_6_4_0_load_1/5 "/>
</bind>
</comp>

<comp id="3095" class="1004" name="c_row_major_6_5_0_load_1_load_fu_3095">
<pin_list>
<pin id="3096" dir="0" index="0" bw="16" slack="4"/>
<pin id="3097" dir="1" index="1" bw="16" slack="0"/>
</pin_list>
<bind>
<opcode="load(27) " fcode="load"/>
<opset="c_row_major_6_5_0_load_1/5 "/>
</bind>
</comp>

<comp id="3099" class="1004" name="c_row_major_6_6_0_load_1_load_fu_3099">
<pin_list>
<pin id="3100" dir="0" index="0" bw="16" slack="4"/>
<pin id="3101" dir="1" index="1" bw="16" slack="0"/>
</pin_list>
<bind>
<opcode="load(27) " fcode="load"/>
<opset="c_row_major_6_6_0_load_1/5 "/>
</bind>
</comp>

<comp id="3103" class="1004" name="c_row_major_6_7_0_load_1_load_fu_3103">
<pin_list>
<pin id="3104" dir="0" index="0" bw="16" slack="4"/>
<pin id="3105" dir="1" index="1" bw="16" slack="0"/>
</pin_list>
<bind>
<opcode="load(27) " fcode="load"/>
<opset="c_row_major_6_7_0_load_1/5 "/>
</bind>
</comp>

<comp id="3107" class="1004" name="c_row_major_7_0_0_load_1_load_fu_3107">
<pin_list>
<pin id="3108" dir="0" index="0" bw="16" slack="4"/>
<pin id="3109" dir="1" index="1" bw="16" slack="0"/>
</pin_list>
<bind>
<opcode="load(27) " fcode="load"/>
<opset="c_row_major_7_0_0_load_1/5 "/>
</bind>
</comp>

<comp id="3111" class="1004" name="c_row_major_7_1_0_load_1_load_fu_3111">
<pin_list>
<pin id="3112" dir="0" index="0" bw="16" slack="4"/>
<pin id="3113" dir="1" index="1" bw="16" slack="0"/>
</pin_list>
<bind>
<opcode="load(27) " fcode="load"/>
<opset="c_row_major_7_1_0_load_1/5 "/>
</bind>
</comp>

<comp id="3115" class="1004" name="c_row_major_7_2_0_load_1_load_fu_3115">
<pin_list>
<pin id="3116" dir="0" index="0" bw="16" slack="4"/>
<pin id="3117" dir="1" index="1" bw="16" slack="0"/>
</pin_list>
<bind>
<opcode="load(27) " fcode="load"/>
<opset="c_row_major_7_2_0_load_1/5 "/>
</bind>
</comp>

<comp id="3119" class="1004" name="c_row_major_7_3_0_load_1_load_fu_3119">
<pin_list>
<pin id="3120" dir="0" index="0" bw="16" slack="4"/>
<pin id="3121" dir="1" index="1" bw="16" slack="0"/>
</pin_list>
<bind>
<opcode="load(27) " fcode="load"/>
<opset="c_row_major_7_3_0_load_1/5 "/>
</bind>
</comp>

<comp id="3123" class="1004" name="c_row_major_7_4_0_load_1_load_fu_3123">
<pin_list>
<pin id="3124" dir="0" index="0" bw="16" slack="4"/>
<pin id="3125" dir="1" index="1" bw="16" slack="0"/>
</pin_list>
<bind>
<opcode="load(27) " fcode="load"/>
<opset="c_row_major_7_4_0_load_1/5 "/>
</bind>
</comp>

<comp id="3127" class="1004" name="c_row_major_7_5_0_load_1_load_fu_3127">
<pin_list>
<pin id="3128" dir="0" index="0" bw="16" slack="4"/>
<pin id="3129" dir="1" index="1" bw="16" slack="0"/>
</pin_list>
<bind>
<opcode="load(27) " fcode="load"/>
<opset="c_row_major_7_5_0_load_1/5 "/>
</bind>
</comp>

<comp id="3131" class="1004" name="c_row_major_7_6_0_load_1_load_fu_3131">
<pin_list>
<pin id="3132" dir="0" index="0" bw="16" slack="4"/>
<pin id="3133" dir="1" index="1" bw="16" slack="0"/>
</pin_list>
<bind>
<opcode="load(27) " fcode="load"/>
<opset="c_row_major_7_6_0_load_1/5 "/>
</bind>
</comp>

<comp id="3135" class="1004" name="c_row_major_7_7_0_load_1_load_fu_3135">
<pin_list>
<pin id="3136" dir="0" index="0" bw="16" slack="4"/>
<pin id="3137" dir="1" index="1" bw="16" slack="0"/>
</pin_list>
<bind>
<opcode="load(27) " fcode="load"/>
<opset="c_row_major_7_7_0_load_1/5 "/>
</bind>
</comp>

<comp id="3139" class="1007" name="grp_fu_3139">
<pin_list>
<pin id="3140" dir="0" index="0" bw="8" slack="0"/>
<pin id="3141" dir="0" index="1" bw="8" slack="0"/>
<pin id="3142" dir="0" index="2" bw="16" slack="0"/>
<pin id="3143" dir="1" index="3" bw="16" slack="0"/>
</pin_list>
<bind>
<opcode="muladd(1172) " fcode="muladd"/>
<opset="product/3 add_ln101/5 "/>
</bind>
</comp>

<comp id="3148" class="1007" name="grp_fu_3148">
<pin_list>
<pin id="3149" dir="0" index="0" bw="8" slack="0"/>
<pin id="3150" dir="0" index="1" bw="8" slack="0"/>
<pin id="3151" dir="0" index="2" bw="16" slack="0"/>
<pin id="3152" dir="1" index="3" bw="16" slack="0"/>
</pin_list>
<bind>
<opcode="muladd(1172) " fcode="muladd"/>
<opset="product_1/3 add_ln101_1/5 "/>
</bind>
</comp>

<comp id="3157" class="1007" name="grp_fu_3157">
<pin_list>
<pin id="3158" dir="0" index="0" bw="8" slack="0"/>
<pin id="3159" dir="0" index="1" bw="8" slack="0"/>
<pin id="3160" dir="0" index="2" bw="16" slack="0"/>
<pin id="3161" dir="1" index="3" bw="16" slack="0"/>
</pin_list>
<bind>
<opcode="muladd(1172) " fcode="muladd"/>
<opset="product_2/3 add_ln101_2/5 "/>
</bind>
</comp>

<comp id="3166" class="1007" name="grp_fu_3166">
<pin_list>
<pin id="3167" dir="0" index="0" bw="8" slack="0"/>
<pin id="3168" dir="0" index="1" bw="8" slack="0"/>
<pin id="3169" dir="0" index="2" bw="16" slack="0"/>
<pin id="3170" dir="1" index="3" bw="16" slack="0"/>
</pin_list>
<bind>
<opcode="muladd(1172) " fcode="muladd"/>
<opset="product_3/3 add_ln101_3/5 "/>
</bind>
</comp>

<comp id="3175" class="1007" name="grp_fu_3175">
<pin_list>
<pin id="3176" dir="0" index="0" bw="8" slack="0"/>
<pin id="3177" dir="0" index="1" bw="8" slack="0"/>
<pin id="3178" dir="0" index="2" bw="16" slack="0"/>
<pin id="3179" dir="1" index="3" bw="16" slack="0"/>
</pin_list>
<bind>
<opcode="muladd(1172) " fcode="muladd"/>
<opset="product_4/3 add_ln101_4/5 "/>
</bind>
</comp>

<comp id="3184" class="1007" name="grp_fu_3184">
<pin_list>
<pin id="3185" dir="0" index="0" bw="8" slack="0"/>
<pin id="3186" dir="0" index="1" bw="8" slack="0"/>
<pin id="3187" dir="0" index="2" bw="16" slack="0"/>
<pin id="3188" dir="1" index="3" bw="16" slack="0"/>
</pin_list>
<bind>
<opcode="muladd(1172) " fcode="muladd"/>
<opset="product_5/3 add_ln101_5/5 "/>
</bind>
</comp>

<comp id="3193" class="1007" name="grp_fu_3193">
<pin_list>
<pin id="3194" dir="0" index="0" bw="8" slack="0"/>
<pin id="3195" dir="0" index="1" bw="8" slack="0"/>
<pin id="3196" dir="0" index="2" bw="16" slack="0"/>
<pin id="3197" dir="1" index="3" bw="16" slack="0"/>
</pin_list>
<bind>
<opcode="muladd(1172) " fcode="muladd"/>
<opset="product_6/3 add_ln101_6/5 "/>
</bind>
</comp>

<comp id="3202" class="1007" name="grp_fu_3202">
<pin_list>
<pin id="3203" dir="0" index="0" bw="8" slack="0"/>
<pin id="3204" dir="0" index="1" bw="8" slack="0"/>
<pin id="3205" dir="0" index="2" bw="16" slack="0"/>
<pin id="3206" dir="1" index="3" bw="16" slack="0"/>
</pin_list>
<bind>
<opcode="muladd(1172) " fcode="muladd"/>
<opset="product_7/3 add_ln101_7/5 "/>
</bind>
</comp>

<comp id="3211" class="1007" name="grp_fu_3211">
<pin_list>
<pin id="3212" dir="0" index="0" bw="8" slack="0"/>
<pin id="3213" dir="0" index="1" bw="8" slack="0"/>
<pin id="3214" dir="0" index="2" bw="16" slack="0"/>
<pin id="3215" dir="1" index="3" bw="16" slack="0"/>
</pin_list>
<bind>
<opcode="muladd(1172) " fcode="muladd"/>
<opset="product_8/3 add_ln101_8/5 "/>
</bind>
</comp>

<comp id="3220" class="1007" name="grp_fu_3220">
<pin_list>
<pin id="3221" dir="0" index="0" bw="8" slack="0"/>
<pin id="3222" dir="0" index="1" bw="8" slack="0"/>
<pin id="3223" dir="0" index="2" bw="16" slack="0"/>
<pin id="3224" dir="1" index="3" bw="16" slack="0"/>
</pin_list>
<bind>
<opcode="muladd(1172) " fcode="muladd"/>
<opset="product_9/3 add_ln101_9/5 "/>
</bind>
</comp>

<comp id="3229" class="1007" name="grp_fu_3229">
<pin_list>
<pin id="3230" dir="0" index="0" bw="8" slack="0"/>
<pin id="3231" dir="0" index="1" bw="8" slack="0"/>
<pin id="3232" dir="0" index="2" bw="16" slack="0"/>
<pin id="3233" dir="1" index="3" bw="16" slack="0"/>
</pin_list>
<bind>
<opcode="muladd(1172) " fcode="muladd"/>
<opset="product_10/3 add_ln101_10/5 "/>
</bind>
</comp>

<comp id="3238" class="1007" name="grp_fu_3238">
<pin_list>
<pin id="3239" dir="0" index="0" bw="8" slack="0"/>
<pin id="3240" dir="0" index="1" bw="8" slack="0"/>
<pin id="3241" dir="0" index="2" bw="16" slack="0"/>
<pin id="3242" dir="1" index="3" bw="16" slack="0"/>
</pin_list>
<bind>
<opcode="muladd(1172) " fcode="muladd"/>
<opset="product_11/3 add_ln101_11/5 "/>
</bind>
</comp>

<comp id="3247" class="1007" name="grp_fu_3247">
<pin_list>
<pin id="3248" dir="0" index="0" bw="8" slack="0"/>
<pin id="3249" dir="0" index="1" bw="8" slack="0"/>
<pin id="3250" dir="0" index="2" bw="16" slack="0"/>
<pin id="3251" dir="1" index="3" bw="16" slack="0"/>
</pin_list>
<bind>
<opcode="muladd(1172) " fcode="muladd"/>
<opset="product_12/3 add_ln101_12/5 "/>
</bind>
</comp>

<comp id="3256" class="1007" name="grp_fu_3256">
<pin_list>
<pin id="3257" dir="0" index="0" bw="8" slack="0"/>
<pin id="3258" dir="0" index="1" bw="8" slack="0"/>
<pin id="3259" dir="0" index="2" bw="16" slack="0"/>
<pin id="3260" dir="1" index="3" bw="16" slack="0"/>
</pin_list>
<bind>
<opcode="muladd(1172) " fcode="muladd"/>
<opset="product_13/3 add_ln101_13/5 "/>
</bind>
</comp>

<comp id="3265" class="1007" name="grp_fu_3265">
<pin_list>
<pin id="3266" dir="0" index="0" bw="8" slack="0"/>
<pin id="3267" dir="0" index="1" bw="8" slack="0"/>
<pin id="3268" dir="0" index="2" bw="16" slack="0"/>
<pin id="3269" dir="1" index="3" bw="16" slack="0"/>
</pin_list>
<bind>
<opcode="muladd(1172) " fcode="muladd"/>
<opset="product_14/3 add_ln101_14/5 "/>
</bind>
</comp>

<comp id="3274" class="1007" name="grp_fu_3274">
<pin_list>
<pin id="3275" dir="0" index="0" bw="8" slack="0"/>
<pin id="3276" dir="0" index="1" bw="8" slack="0"/>
<pin id="3277" dir="0" index="2" bw="16" slack="0"/>
<pin id="3278" dir="1" index="3" bw="16" slack="0"/>
</pin_list>
<bind>
<opcode="muladd(1172) " fcode="muladd"/>
<opset="product_15/3 add_ln101_15/5 "/>
</bind>
</comp>

<comp id="3283" class="1007" name="grp_fu_3283">
<pin_list>
<pin id="3284" dir="0" index="0" bw="8" slack="0"/>
<pin id="3285" dir="0" index="1" bw="8" slack="0"/>
<pin id="3286" dir="0" index="2" bw="16" slack="0"/>
<pin id="3287" dir="1" index="3" bw="16" slack="0"/>
</pin_list>
<bind>
<opcode="muladd(1172) " fcode="muladd"/>
<opset="product_16/3 add_ln101_16/5 "/>
</bind>
</comp>

<comp id="3292" class="1007" name="grp_fu_3292">
<pin_list>
<pin id="3293" dir="0" index="0" bw="8" slack="0"/>
<pin id="3294" dir="0" index="1" bw="8" slack="0"/>
<pin id="3295" dir="0" index="2" bw="16" slack="0"/>
<pin id="3296" dir="1" index="3" bw="16" slack="0"/>
</pin_list>
<bind>
<opcode="muladd(1172) " fcode="muladd"/>
<opset="product_17/3 add_ln101_17/5 "/>
</bind>
</comp>

<comp id="3301" class="1007" name="grp_fu_3301">
<pin_list>
<pin id="3302" dir="0" index="0" bw="8" slack="0"/>
<pin id="3303" dir="0" index="1" bw="8" slack="0"/>
<pin id="3304" dir="0" index="2" bw="16" slack="0"/>
<pin id="3305" dir="1" index="3" bw="16" slack="0"/>
</pin_list>
<bind>
<opcode="muladd(1172) " fcode="muladd"/>
<opset="product_18/3 add_ln101_18/5 "/>
</bind>
</comp>

<comp id="3310" class="1007" name="grp_fu_3310">
<pin_list>
<pin id="3311" dir="0" index="0" bw="8" slack="0"/>
<pin id="3312" dir="0" index="1" bw="8" slack="0"/>
<pin id="3313" dir="0" index="2" bw="16" slack="0"/>
<pin id="3314" dir="1" index="3" bw="16" slack="0"/>
</pin_list>
<bind>
<opcode="muladd(1172) " fcode="muladd"/>
<opset="product_19/3 add_ln101_19/5 "/>
</bind>
</comp>

<comp id="3319" class="1007" name="grp_fu_3319">
<pin_list>
<pin id="3320" dir="0" index="0" bw="8" slack="0"/>
<pin id="3321" dir="0" index="1" bw="8" slack="0"/>
<pin id="3322" dir="0" index="2" bw="16" slack="0"/>
<pin id="3323" dir="1" index="3" bw="16" slack="0"/>
</pin_list>
<bind>
<opcode="muladd(1172) " fcode="muladd"/>
<opset="product_20/3 add_ln101_20/5 "/>
</bind>
</comp>

<comp id="3328" class="1007" name="grp_fu_3328">
<pin_list>
<pin id="3329" dir="0" index="0" bw="8" slack="0"/>
<pin id="3330" dir="0" index="1" bw="8" slack="0"/>
<pin id="3331" dir="0" index="2" bw="16" slack="0"/>
<pin id="3332" dir="1" index="3" bw="16" slack="0"/>
</pin_list>
<bind>
<opcode="muladd(1172) " fcode="muladd"/>
<opset="product_21/3 add_ln101_21/5 "/>
</bind>
</comp>

<comp id="3337" class="1007" name="grp_fu_3337">
<pin_list>
<pin id="3338" dir="0" index="0" bw="8" slack="0"/>
<pin id="3339" dir="0" index="1" bw="8" slack="0"/>
<pin id="3340" dir="0" index="2" bw="16" slack="0"/>
<pin id="3341" dir="1" index="3" bw="16" slack="0"/>
</pin_list>
<bind>
<opcode="muladd(1172) " fcode="muladd"/>
<opset="product_22/3 add_ln101_22/5 "/>
</bind>
</comp>

<comp id="3346" class="1007" name="grp_fu_3346">
<pin_list>
<pin id="3347" dir="0" index="0" bw="8" slack="0"/>
<pin id="3348" dir="0" index="1" bw="8" slack="0"/>
<pin id="3349" dir="0" index="2" bw="16" slack="0"/>
<pin id="3350" dir="1" index="3" bw="16" slack="0"/>
</pin_list>
<bind>
<opcode="muladd(1172) " fcode="muladd"/>
<opset="product_23/3 add_ln101_23/5 "/>
</bind>
</comp>

<comp id="3355" class="1007" name="grp_fu_3355">
<pin_list>
<pin id="3356" dir="0" index="0" bw="8" slack="0"/>
<pin id="3357" dir="0" index="1" bw="8" slack="0"/>
<pin id="3358" dir="0" index="2" bw="16" slack="0"/>
<pin id="3359" dir="1" index="3" bw="16" slack="0"/>
</pin_list>
<bind>
<opcode="muladd(1172) " fcode="muladd"/>
<opset="product_24/3 add_ln101_24/5 "/>
</bind>
</comp>

<comp id="3364" class="1007" name="grp_fu_3364">
<pin_list>
<pin id="3365" dir="0" index="0" bw="8" slack="0"/>
<pin id="3366" dir="0" index="1" bw="8" slack="0"/>
<pin id="3367" dir="0" index="2" bw="16" slack="0"/>
<pin id="3368" dir="1" index="3" bw="16" slack="0"/>
</pin_list>
<bind>
<opcode="muladd(1172) " fcode="muladd"/>
<opset="product_25/3 add_ln101_25/5 "/>
</bind>
</comp>

<comp id="3373" class="1007" name="grp_fu_3373">
<pin_list>
<pin id="3374" dir="0" index="0" bw="8" slack="0"/>
<pin id="3375" dir="0" index="1" bw="8" slack="0"/>
<pin id="3376" dir="0" index="2" bw="16" slack="0"/>
<pin id="3377" dir="1" index="3" bw="16" slack="0"/>
</pin_list>
<bind>
<opcode="muladd(1172) " fcode="muladd"/>
<opset="product_26/3 add_ln101_26/5 "/>
</bind>
</comp>

<comp id="3382" class="1007" name="grp_fu_3382">
<pin_list>
<pin id="3383" dir="0" index="0" bw="8" slack="0"/>
<pin id="3384" dir="0" index="1" bw="8" slack="0"/>
<pin id="3385" dir="0" index="2" bw="16" slack="0"/>
<pin id="3386" dir="1" index="3" bw="16" slack="0"/>
</pin_list>
<bind>
<opcode="muladd(1172) " fcode="muladd"/>
<opset="product_27/3 add_ln101_27/5 "/>
</bind>
</comp>

<comp id="3391" class="1007" name="grp_fu_3391">
<pin_list>
<pin id="3392" dir="0" index="0" bw="8" slack="0"/>
<pin id="3393" dir="0" index="1" bw="8" slack="0"/>
<pin id="3394" dir="0" index="2" bw="16" slack="0"/>
<pin id="3395" dir="1" index="3" bw="16" slack="0"/>
</pin_list>
<bind>
<opcode="muladd(1172) " fcode="muladd"/>
<opset="product_28/3 add_ln101_28/5 "/>
</bind>
</comp>

<comp id="3400" class="1007" name="grp_fu_3400">
<pin_list>
<pin id="3401" dir="0" index="0" bw="8" slack="0"/>
<pin id="3402" dir="0" index="1" bw="8" slack="0"/>
<pin id="3403" dir="0" index="2" bw="16" slack="0"/>
<pin id="3404" dir="1" index="3" bw="16" slack="0"/>
</pin_list>
<bind>
<opcode="muladd(1172) " fcode="muladd"/>
<opset="product_29/3 add_ln101_29/5 "/>
</bind>
</comp>

<comp id="3409" class="1007" name="grp_fu_3409">
<pin_list>
<pin id="3410" dir="0" index="0" bw="8" slack="0"/>
<pin id="3411" dir="0" index="1" bw="8" slack="0"/>
<pin id="3412" dir="0" index="2" bw="16" slack="0"/>
<pin id="3413" dir="1" index="3" bw="16" slack="0"/>
</pin_list>
<bind>
<opcode="muladd(1172) " fcode="muladd"/>
<opset="product_30/3 add_ln101_30/5 "/>
</bind>
</comp>

<comp id="3418" class="1007" name="grp_fu_3418">
<pin_list>
<pin id="3419" dir="0" index="0" bw="8" slack="0"/>
<pin id="3420" dir="0" index="1" bw="8" slack="0"/>
<pin id="3421" dir="0" index="2" bw="16" slack="0"/>
<pin id="3422" dir="1" index="3" bw="16" slack="0"/>
</pin_list>
<bind>
<opcode="muladd(1172) " fcode="muladd"/>
<opset="product_31/3 add_ln101_31/5 "/>
</bind>
</comp>

<comp id="3427" class="1007" name="grp_fu_3427">
<pin_list>
<pin id="3428" dir="0" index="0" bw="8" slack="0"/>
<pin id="3429" dir="0" index="1" bw="8" slack="0"/>
<pin id="3430" dir="0" index="2" bw="16" slack="0"/>
<pin id="3431" dir="1" index="3" bw="16" slack="0"/>
</pin_list>
<bind>
<opcode="muladd(1172) " fcode="muladd"/>
<opset="product_32/3 add_ln101_32/5 "/>
</bind>
</comp>

<comp id="3436" class="1007" name="grp_fu_3436">
<pin_list>
<pin id="3437" dir="0" index="0" bw="8" slack="0"/>
<pin id="3438" dir="0" index="1" bw="8" slack="0"/>
<pin id="3439" dir="0" index="2" bw="16" slack="0"/>
<pin id="3440" dir="1" index="3" bw="16" slack="0"/>
</pin_list>
<bind>
<opcode="muladd(1172) " fcode="muladd"/>
<opset="product_33/3 add_ln101_33/5 "/>
</bind>
</comp>

<comp id="3445" class="1007" name="grp_fu_3445">
<pin_list>
<pin id="3446" dir="0" index="0" bw="8" slack="0"/>
<pin id="3447" dir="0" index="1" bw="8" slack="0"/>
<pin id="3448" dir="0" index="2" bw="16" slack="0"/>
<pin id="3449" dir="1" index="3" bw="16" slack="0"/>
</pin_list>
<bind>
<opcode="muladd(1172) " fcode="muladd"/>
<opset="product_34/3 add_ln101_34/5 "/>
</bind>
</comp>

<comp id="3454" class="1007" name="grp_fu_3454">
<pin_list>
<pin id="3455" dir="0" index="0" bw="8" slack="0"/>
<pin id="3456" dir="0" index="1" bw="8" slack="0"/>
<pin id="3457" dir="0" index="2" bw="16" slack="0"/>
<pin id="3458" dir="1" index="3" bw="16" slack="0"/>
</pin_list>
<bind>
<opcode="muladd(1172) " fcode="muladd"/>
<opset="product_35/3 add_ln101_35/5 "/>
</bind>
</comp>

<comp id="3463" class="1007" name="grp_fu_3463">
<pin_list>
<pin id="3464" dir="0" index="0" bw="8" slack="0"/>
<pin id="3465" dir="0" index="1" bw="8" slack="0"/>
<pin id="3466" dir="0" index="2" bw="16" slack="0"/>
<pin id="3467" dir="1" index="3" bw="16" slack="0"/>
</pin_list>
<bind>
<opcode="muladd(1172) " fcode="muladd"/>
<opset="product_36/3 add_ln101_36/5 "/>
</bind>
</comp>

<comp id="3472" class="1007" name="grp_fu_3472">
<pin_list>
<pin id="3473" dir="0" index="0" bw="8" slack="0"/>
<pin id="3474" dir="0" index="1" bw="8" slack="0"/>
<pin id="3475" dir="0" index="2" bw="16" slack="0"/>
<pin id="3476" dir="1" index="3" bw="16" slack="0"/>
</pin_list>
<bind>
<opcode="muladd(1172) " fcode="muladd"/>
<opset="product_37/3 add_ln101_37/5 "/>
</bind>
</comp>

<comp id="3481" class="1007" name="grp_fu_3481">
<pin_list>
<pin id="3482" dir="0" index="0" bw="8" slack="0"/>
<pin id="3483" dir="0" index="1" bw="8" slack="0"/>
<pin id="3484" dir="0" index="2" bw="16" slack="0"/>
<pin id="3485" dir="1" index="3" bw="16" slack="0"/>
</pin_list>
<bind>
<opcode="muladd(1172) " fcode="muladd"/>
<opset="product_38/3 add_ln101_38/5 "/>
</bind>
</comp>

<comp id="3490" class="1007" name="grp_fu_3490">
<pin_list>
<pin id="3491" dir="0" index="0" bw="8" slack="0"/>
<pin id="3492" dir="0" index="1" bw="8" slack="0"/>
<pin id="3493" dir="0" index="2" bw="16" slack="0"/>
<pin id="3494" dir="1" index="3" bw="16" slack="0"/>
</pin_list>
<bind>
<opcode="muladd(1172) " fcode="muladd"/>
<opset="product_39/3 add_ln101_39/5 "/>
</bind>
</comp>

<comp id="3499" class="1007" name="grp_fu_3499">
<pin_list>
<pin id="3500" dir="0" index="0" bw="8" slack="0"/>
<pin id="3501" dir="0" index="1" bw="8" slack="0"/>
<pin id="3502" dir="0" index="2" bw="16" slack="0"/>
<pin id="3503" dir="1" index="3" bw="16" slack="0"/>
</pin_list>
<bind>
<opcode="muladd(1172) " fcode="muladd"/>
<opset="product_40/3 add_ln101_40/5 "/>
</bind>
</comp>

<comp id="3508" class="1007" name="grp_fu_3508">
<pin_list>
<pin id="3509" dir="0" index="0" bw="8" slack="0"/>
<pin id="3510" dir="0" index="1" bw="8" slack="0"/>
<pin id="3511" dir="0" index="2" bw="16" slack="0"/>
<pin id="3512" dir="1" index="3" bw="16" slack="0"/>
</pin_list>
<bind>
<opcode="muladd(1172) " fcode="muladd"/>
<opset="product_41/3 add_ln101_41/5 "/>
</bind>
</comp>

<comp id="3517" class="1007" name="grp_fu_3517">
<pin_list>
<pin id="3518" dir="0" index="0" bw="8" slack="0"/>
<pin id="3519" dir="0" index="1" bw="8" slack="0"/>
<pin id="3520" dir="0" index="2" bw="16" slack="0"/>
<pin id="3521" dir="1" index="3" bw="16" slack="0"/>
</pin_list>
<bind>
<opcode="muladd(1172) " fcode="muladd"/>
<opset="product_42/3 add_ln101_42/5 "/>
</bind>
</comp>

<comp id="3526" class="1007" name="grp_fu_3526">
<pin_list>
<pin id="3527" dir="0" index="0" bw="8" slack="0"/>
<pin id="3528" dir="0" index="1" bw="8" slack="0"/>
<pin id="3529" dir="0" index="2" bw="16" slack="0"/>
<pin id="3530" dir="1" index="3" bw="16" slack="0"/>
</pin_list>
<bind>
<opcode="muladd(1172) " fcode="muladd"/>
<opset="product_43/3 add_ln101_43/5 "/>
</bind>
</comp>

<comp id="3535" class="1007" name="grp_fu_3535">
<pin_list>
<pin id="3536" dir="0" index="0" bw="8" slack="0"/>
<pin id="3537" dir="0" index="1" bw="8" slack="0"/>
<pin id="3538" dir="0" index="2" bw="16" slack="0"/>
<pin id="3539" dir="1" index="3" bw="16" slack="0"/>
</pin_list>
<bind>
<opcode="muladd(1172) " fcode="muladd"/>
<opset="product_44/3 add_ln101_44/5 "/>
</bind>
</comp>

<comp id="3544" class="1007" name="grp_fu_3544">
<pin_list>
<pin id="3545" dir="0" index="0" bw="8" slack="0"/>
<pin id="3546" dir="0" index="1" bw="8" slack="0"/>
<pin id="3547" dir="0" index="2" bw="16" slack="0"/>
<pin id="3548" dir="1" index="3" bw="16" slack="0"/>
</pin_list>
<bind>
<opcode="muladd(1172) " fcode="muladd"/>
<opset="product_45/3 add_ln101_45/5 "/>
</bind>
</comp>

<comp id="3553" class="1007" name="grp_fu_3553">
<pin_list>
<pin id="3554" dir="0" index="0" bw="8" slack="0"/>
<pin id="3555" dir="0" index="1" bw="8" slack="0"/>
<pin id="3556" dir="0" index="2" bw="16" slack="0"/>
<pin id="3557" dir="1" index="3" bw="16" slack="0"/>
</pin_list>
<bind>
<opcode="muladd(1172) " fcode="muladd"/>
<opset="product_46/3 add_ln101_46/5 "/>
</bind>
</comp>

<comp id="3562" class="1007" name="grp_fu_3562">
<pin_list>
<pin id="3563" dir="0" index="0" bw="8" slack="0"/>
<pin id="3564" dir="0" index="1" bw="8" slack="0"/>
<pin id="3565" dir="0" index="2" bw="16" slack="0"/>
<pin id="3566" dir="1" index="3" bw="16" slack="0"/>
</pin_list>
<bind>
<opcode="muladd(1172) " fcode="muladd"/>
<opset="product_47/3 add_ln101_47/5 "/>
</bind>
</comp>

<comp id="3571" class="1007" name="grp_fu_3571">
<pin_list>
<pin id="3572" dir="0" index="0" bw="8" slack="0"/>
<pin id="3573" dir="0" index="1" bw="8" slack="0"/>
<pin id="3574" dir="0" index="2" bw="16" slack="0"/>
<pin id="3575" dir="1" index="3" bw="16" slack="0"/>
</pin_list>
<bind>
<opcode="muladd(1172) " fcode="muladd"/>
<opset="product_48/3 add_ln101_48/5 "/>
</bind>
</comp>

<comp id="3580" class="1007" name="grp_fu_3580">
<pin_list>
<pin id="3581" dir="0" index="0" bw="8" slack="0"/>
<pin id="3582" dir="0" index="1" bw="8" slack="0"/>
<pin id="3583" dir="0" index="2" bw="16" slack="0"/>
<pin id="3584" dir="1" index="3" bw="16" slack="0"/>
</pin_list>
<bind>
<opcode="muladd(1172) " fcode="muladd"/>
<opset="product_49/3 add_ln101_49/5 "/>
</bind>
</comp>

<comp id="3589" class="1007" name="grp_fu_3589">
<pin_list>
<pin id="3590" dir="0" index="0" bw="8" slack="0"/>
<pin id="3591" dir="0" index="1" bw="8" slack="0"/>
<pin id="3592" dir="0" index="2" bw="16" slack="0"/>
<pin id="3593" dir="1" index="3" bw="16" slack="0"/>
</pin_list>
<bind>
<opcode="muladd(1172) " fcode="muladd"/>
<opset="product_50/3 add_ln101_50/5 "/>
</bind>
</comp>

<comp id="3598" class="1007" name="grp_fu_3598">
<pin_list>
<pin id="3599" dir="0" index="0" bw="8" slack="0"/>
<pin id="3600" dir="0" index="1" bw="8" slack="0"/>
<pin id="3601" dir="0" index="2" bw="16" slack="0"/>
<pin id="3602" dir="1" index="3" bw="16" slack="0"/>
</pin_list>
<bind>
<opcode="muladd(1172) " fcode="muladd"/>
<opset="product_51/3 add_ln101_51/5 "/>
</bind>
</comp>

<comp id="3607" class="1007" name="grp_fu_3607">
<pin_list>
<pin id="3608" dir="0" index="0" bw="8" slack="0"/>
<pin id="3609" dir="0" index="1" bw="8" slack="0"/>
<pin id="3610" dir="0" index="2" bw="16" slack="0"/>
<pin id="3611" dir="1" index="3" bw="16" slack="0"/>
</pin_list>
<bind>
<opcode="muladd(1172) " fcode="muladd"/>
<opset="product_52/3 add_ln101_52/5 "/>
</bind>
</comp>

<comp id="3616" class="1007" name="grp_fu_3616">
<pin_list>
<pin id="3617" dir="0" index="0" bw="8" slack="0"/>
<pin id="3618" dir="0" index="1" bw="8" slack="0"/>
<pin id="3619" dir="0" index="2" bw="16" slack="0"/>
<pin id="3620" dir="1" index="3" bw="16" slack="0"/>
</pin_list>
<bind>
<opcode="muladd(1172) " fcode="muladd"/>
<opset="product_53/3 add_ln101_53/5 "/>
</bind>
</comp>

<comp id="3625" class="1007" name="grp_fu_3625">
<pin_list>
<pin id="3626" dir="0" index="0" bw="8" slack="0"/>
<pin id="3627" dir="0" index="1" bw="8" slack="0"/>
<pin id="3628" dir="0" index="2" bw="16" slack="0"/>
<pin id="3629" dir="1" index="3" bw="16" slack="0"/>
</pin_list>
<bind>
<opcode="muladd(1172) " fcode="muladd"/>
<opset="product_54/3 add_ln101_54/5 "/>
</bind>
</comp>

<comp id="3634" class="1007" name="grp_fu_3634">
<pin_list>
<pin id="3635" dir="0" index="0" bw="8" slack="0"/>
<pin id="3636" dir="0" index="1" bw="8" slack="0"/>
<pin id="3637" dir="0" index="2" bw="16" slack="0"/>
<pin id="3638" dir="1" index="3" bw="16" slack="0"/>
</pin_list>
<bind>
<opcode="muladd(1172) " fcode="muladd"/>
<opset="product_55/3 add_ln101_55/5 "/>
</bind>
</comp>

<comp id="3643" class="1007" name="grp_fu_3643">
<pin_list>
<pin id="3644" dir="0" index="0" bw="8" slack="0"/>
<pin id="3645" dir="0" index="1" bw="8" slack="0"/>
<pin id="3646" dir="0" index="2" bw="16" slack="0"/>
<pin id="3647" dir="1" index="3" bw="16" slack="0"/>
</pin_list>
<bind>
<opcode="muladd(1172) " fcode="muladd"/>
<opset="product_56/3 add_ln101_56/5 "/>
</bind>
</comp>

<comp id="3652" class="1007" name="grp_fu_3652">
<pin_list>
<pin id="3653" dir="0" index="0" bw="8" slack="0"/>
<pin id="3654" dir="0" index="1" bw="8" slack="0"/>
<pin id="3655" dir="0" index="2" bw="16" slack="0"/>
<pin id="3656" dir="1" index="3" bw="16" slack="0"/>
</pin_list>
<bind>
<opcode="muladd(1172) " fcode="muladd"/>
<opset="product_57/3 add_ln101_57/5 "/>
</bind>
</comp>

<comp id="3661" class="1007" name="grp_fu_3661">
<pin_list>
<pin id="3662" dir="0" index="0" bw="8" slack="0"/>
<pin id="3663" dir="0" index="1" bw="8" slack="0"/>
<pin id="3664" dir="0" index="2" bw="16" slack="0"/>
<pin id="3665" dir="1" index="3" bw="16" slack="0"/>
</pin_list>
<bind>
<opcode="muladd(1172) " fcode="muladd"/>
<opset="product_58/3 add_ln101_58/5 "/>
</bind>
</comp>

<comp id="3670" class="1007" name="grp_fu_3670">
<pin_list>
<pin id="3671" dir="0" index="0" bw="8" slack="0"/>
<pin id="3672" dir="0" index="1" bw="8" slack="0"/>
<pin id="3673" dir="0" index="2" bw="16" slack="0"/>
<pin id="3674" dir="1" index="3" bw="16" slack="0"/>
</pin_list>
<bind>
<opcode="muladd(1172) " fcode="muladd"/>
<opset="product_59/3 add_ln101_59/5 "/>
</bind>
</comp>

<comp id="3679" class="1007" name="grp_fu_3679">
<pin_list>
<pin id="3680" dir="0" index="0" bw="8" slack="0"/>
<pin id="3681" dir="0" index="1" bw="8" slack="0"/>
<pin id="3682" dir="0" index="2" bw="16" slack="0"/>
<pin id="3683" dir="1" index="3" bw="16" slack="0"/>
</pin_list>
<bind>
<opcode="muladd(1172) " fcode="muladd"/>
<opset="product_60/3 add_ln101_60/5 "/>
</bind>
</comp>

<comp id="3688" class="1007" name="grp_fu_3688">
<pin_list>
<pin id="3689" dir="0" index="0" bw="8" slack="0"/>
<pin id="3690" dir="0" index="1" bw="8" slack="0"/>
<pin id="3691" dir="0" index="2" bw="16" slack="0"/>
<pin id="3692" dir="1" index="3" bw="16" slack="0"/>
</pin_list>
<bind>
<opcode="muladd(1172) " fcode="muladd"/>
<opset="product_61/3 add_ln101_61/5 "/>
</bind>
</comp>

<comp id="3697" class="1007" name="grp_fu_3697">
<pin_list>
<pin id="3698" dir="0" index="0" bw="8" slack="0"/>
<pin id="3699" dir="0" index="1" bw="8" slack="0"/>
<pin id="3700" dir="0" index="2" bw="16" slack="0"/>
<pin id="3701" dir="1" index="3" bw="16" slack="0"/>
</pin_list>
<bind>
<opcode="muladd(1172) " fcode="muladd"/>
<opset="product_62/3 add_ln101_62/5 "/>
</bind>
</comp>

<comp id="3706" class="1007" name="grp_fu_3706">
<pin_list>
<pin id="3707" dir="0" index="0" bw="8" slack="0"/>
<pin id="3708" dir="0" index="1" bw="8" slack="0"/>
<pin id="3709" dir="0" index="2" bw="16" slack="0"/>
<pin id="3710" dir="1" index="3" bw="16" slack="0"/>
</pin_list>
<bind>
<opcode="muladd(1172) " fcode="muladd"/>
<opset="product_63/3 add_ln101_63/5 "/>
</bind>
</comp>

<comp id="3715" class="1005" name="c_row_major_0_0_0_reg_3715">
<pin_list>
<pin id="3716" dir="0" index="0" bw="16" slack="0"/>
<pin id="3717" dir="1" index="1" bw="16" slack="0"/>
</pin_list>
<bind>
<opset="c_row_major_0_0_0 "/>
</bind>
</comp>

<comp id="3723" class="1005" name="c_row_major_0_1_0_reg_3723">
<pin_list>
<pin id="3724" dir="0" index="0" bw="16" slack="0"/>
<pin id="3725" dir="1" index="1" bw="16" slack="0"/>
</pin_list>
<bind>
<opset="c_row_major_0_1_0 "/>
</bind>
</comp>

<comp id="3731" class="1005" name="c_row_major_0_2_0_reg_3731">
<pin_list>
<pin id="3732" dir="0" index="0" bw="16" slack="0"/>
<pin id="3733" dir="1" index="1" bw="16" slack="0"/>
</pin_list>
<bind>
<opset="c_row_major_0_2_0 "/>
</bind>
</comp>

<comp id="3739" class="1005" name="c_row_major_0_3_0_reg_3739">
<pin_list>
<pin id="3740" dir="0" index="0" bw="16" slack="0"/>
<pin id="3741" dir="1" index="1" bw="16" slack="0"/>
</pin_list>
<bind>
<opset="c_row_major_0_3_0 "/>
</bind>
</comp>

<comp id="3747" class="1005" name="c_row_major_0_4_0_reg_3747">
<pin_list>
<pin id="3748" dir="0" index="0" bw="16" slack="0"/>
<pin id="3749" dir="1" index="1" bw="16" slack="0"/>
</pin_list>
<bind>
<opset="c_row_major_0_4_0 "/>
</bind>
</comp>

<comp id="3755" class="1005" name="c_row_major_0_5_0_reg_3755">
<pin_list>
<pin id="3756" dir="0" index="0" bw="16" slack="0"/>
<pin id="3757" dir="1" index="1" bw="16" slack="0"/>
</pin_list>
<bind>
<opset="c_row_major_0_5_0 "/>
</bind>
</comp>

<comp id="3763" class="1005" name="c_row_major_0_6_0_reg_3763">
<pin_list>
<pin id="3764" dir="0" index="0" bw="16" slack="0"/>
<pin id="3765" dir="1" index="1" bw="16" slack="0"/>
</pin_list>
<bind>
<opset="c_row_major_0_6_0 "/>
</bind>
</comp>

<comp id="3771" class="1005" name="c_row_major_0_7_0_reg_3771">
<pin_list>
<pin id="3772" dir="0" index="0" bw="16" slack="0"/>
<pin id="3773" dir="1" index="1" bw="16" slack="0"/>
</pin_list>
<bind>
<opset="c_row_major_0_7_0 "/>
</bind>
</comp>

<comp id="3779" class="1005" name="c_row_major_1_0_0_reg_3779">
<pin_list>
<pin id="3780" dir="0" index="0" bw="16" slack="0"/>
<pin id="3781" dir="1" index="1" bw="16" slack="0"/>
</pin_list>
<bind>
<opset="c_row_major_1_0_0 "/>
</bind>
</comp>

<comp id="3787" class="1005" name="c_row_major_1_1_0_reg_3787">
<pin_list>
<pin id="3788" dir="0" index="0" bw="16" slack="0"/>
<pin id="3789" dir="1" index="1" bw="16" slack="0"/>
</pin_list>
<bind>
<opset="c_row_major_1_1_0 "/>
</bind>
</comp>

<comp id="3795" class="1005" name="c_row_major_1_2_0_reg_3795">
<pin_list>
<pin id="3796" dir="0" index="0" bw="16" slack="0"/>
<pin id="3797" dir="1" index="1" bw="16" slack="0"/>
</pin_list>
<bind>
<opset="c_row_major_1_2_0 "/>
</bind>
</comp>

<comp id="3803" class="1005" name="c_row_major_1_3_0_reg_3803">
<pin_list>
<pin id="3804" dir="0" index="0" bw="16" slack="0"/>
<pin id="3805" dir="1" index="1" bw="16" slack="0"/>
</pin_list>
<bind>
<opset="c_row_major_1_3_0 "/>
</bind>
</comp>

<comp id="3811" class="1005" name="c_row_major_1_4_0_reg_3811">
<pin_list>
<pin id="3812" dir="0" index="0" bw="16" slack="0"/>
<pin id="3813" dir="1" index="1" bw="16" slack="0"/>
</pin_list>
<bind>
<opset="c_row_major_1_4_0 "/>
</bind>
</comp>

<comp id="3819" class="1005" name="c_row_major_1_5_0_reg_3819">
<pin_list>
<pin id="3820" dir="0" index="0" bw="16" slack="0"/>
<pin id="3821" dir="1" index="1" bw="16" slack="0"/>
</pin_list>
<bind>
<opset="c_row_major_1_5_0 "/>
</bind>
</comp>

<comp id="3827" class="1005" name="c_row_major_1_6_0_reg_3827">
<pin_list>
<pin id="3828" dir="0" index="0" bw="16" slack="0"/>
<pin id="3829" dir="1" index="1" bw="16" slack="0"/>
</pin_list>
<bind>
<opset="c_row_major_1_6_0 "/>
</bind>
</comp>

<comp id="3835" class="1005" name="c_row_major_1_7_0_reg_3835">
<pin_list>
<pin id="3836" dir="0" index="0" bw="16" slack="0"/>
<pin id="3837" dir="1" index="1" bw="16" slack="0"/>
</pin_list>
<bind>
<opset="c_row_major_1_7_0 "/>
</bind>
</comp>

<comp id="3843" class="1005" name="c_row_major_2_0_0_reg_3843">
<pin_list>
<pin id="3844" dir="0" index="0" bw="16" slack="0"/>
<pin id="3845" dir="1" index="1" bw="16" slack="0"/>
</pin_list>
<bind>
<opset="c_row_major_2_0_0 "/>
</bind>
</comp>

<comp id="3851" class="1005" name="c_row_major_2_1_0_reg_3851">
<pin_list>
<pin id="3852" dir="0" index="0" bw="16" slack="0"/>
<pin id="3853" dir="1" index="1" bw="16" slack="0"/>
</pin_list>
<bind>
<opset="c_row_major_2_1_0 "/>
</bind>
</comp>

<comp id="3859" class="1005" name="c_row_major_2_2_0_reg_3859">
<pin_list>
<pin id="3860" dir="0" index="0" bw="16" slack="0"/>
<pin id="3861" dir="1" index="1" bw="16" slack="0"/>
</pin_list>
<bind>
<opset="c_row_major_2_2_0 "/>
</bind>
</comp>

<comp id="3867" class="1005" name="c_row_major_2_3_0_reg_3867">
<pin_list>
<pin id="3868" dir="0" index="0" bw="16" slack="0"/>
<pin id="3869" dir="1" index="1" bw="16" slack="0"/>
</pin_list>
<bind>
<opset="c_row_major_2_3_0 "/>
</bind>
</comp>

<comp id="3875" class="1005" name="c_row_major_2_4_0_reg_3875">
<pin_list>
<pin id="3876" dir="0" index="0" bw="16" slack="0"/>
<pin id="3877" dir="1" index="1" bw="16" slack="0"/>
</pin_list>
<bind>
<opset="c_row_major_2_4_0 "/>
</bind>
</comp>

<comp id="3883" class="1005" name="c_row_major_2_5_0_reg_3883">
<pin_list>
<pin id="3884" dir="0" index="0" bw="16" slack="0"/>
<pin id="3885" dir="1" index="1" bw="16" slack="0"/>
</pin_list>
<bind>
<opset="c_row_major_2_5_0 "/>
</bind>
</comp>

<comp id="3891" class="1005" name="c_row_major_2_6_0_reg_3891">
<pin_list>
<pin id="3892" dir="0" index="0" bw="16" slack="0"/>
<pin id="3893" dir="1" index="1" bw="16" slack="0"/>
</pin_list>
<bind>
<opset="c_row_major_2_6_0 "/>
</bind>
</comp>

<comp id="3899" class="1005" name="c_row_major_2_7_0_reg_3899">
<pin_list>
<pin id="3900" dir="0" index="0" bw="16" slack="0"/>
<pin id="3901" dir="1" index="1" bw="16" slack="0"/>
</pin_list>
<bind>
<opset="c_row_major_2_7_0 "/>
</bind>
</comp>

<comp id="3907" class="1005" name="c_row_major_3_0_0_reg_3907">
<pin_list>
<pin id="3908" dir="0" index="0" bw="16" slack="0"/>
<pin id="3909" dir="1" index="1" bw="16" slack="0"/>
</pin_list>
<bind>
<opset="c_row_major_3_0_0 "/>
</bind>
</comp>

<comp id="3915" class="1005" name="c_row_major_3_1_0_reg_3915">
<pin_list>
<pin id="3916" dir="0" index="0" bw="16" slack="0"/>
<pin id="3917" dir="1" index="1" bw="16" slack="0"/>
</pin_list>
<bind>
<opset="c_row_major_3_1_0 "/>
</bind>
</comp>

<comp id="3923" class="1005" name="c_row_major_3_2_0_reg_3923">
<pin_list>
<pin id="3924" dir="0" index="0" bw="16" slack="0"/>
<pin id="3925" dir="1" index="1" bw="16" slack="0"/>
</pin_list>
<bind>
<opset="c_row_major_3_2_0 "/>
</bind>
</comp>

<comp id="3931" class="1005" name="c_row_major_3_3_0_reg_3931">
<pin_list>
<pin id="3932" dir="0" index="0" bw="16" slack="0"/>
<pin id="3933" dir="1" index="1" bw="16" slack="0"/>
</pin_list>
<bind>
<opset="c_row_major_3_3_0 "/>
</bind>
</comp>

<comp id="3939" class="1005" name="c_row_major_3_4_0_reg_3939">
<pin_list>
<pin id="3940" dir="0" index="0" bw="16" slack="0"/>
<pin id="3941" dir="1" index="1" bw="16" slack="0"/>
</pin_list>
<bind>
<opset="c_row_major_3_4_0 "/>
</bind>
</comp>

<comp id="3947" class="1005" name="c_row_major_3_5_0_reg_3947">
<pin_list>
<pin id="3948" dir="0" index="0" bw="16" slack="0"/>
<pin id="3949" dir="1" index="1" bw="16" slack="0"/>
</pin_list>
<bind>
<opset="c_row_major_3_5_0 "/>
</bind>
</comp>

<comp id="3955" class="1005" name="c_row_major_3_6_0_reg_3955">
<pin_list>
<pin id="3956" dir="0" index="0" bw="16" slack="0"/>
<pin id="3957" dir="1" index="1" bw="16" slack="0"/>
</pin_list>
<bind>
<opset="c_row_major_3_6_0 "/>
</bind>
</comp>

<comp id="3963" class="1005" name="c_row_major_3_7_0_reg_3963">
<pin_list>
<pin id="3964" dir="0" index="0" bw="16" slack="0"/>
<pin id="3965" dir="1" index="1" bw="16" slack="0"/>
</pin_list>
<bind>
<opset="c_row_major_3_7_0 "/>
</bind>
</comp>

<comp id="3971" class="1005" name="c_row_major_4_0_0_reg_3971">
<pin_list>
<pin id="3972" dir="0" index="0" bw="16" slack="0"/>
<pin id="3973" dir="1" index="1" bw="16" slack="0"/>
</pin_list>
<bind>
<opset="c_row_major_4_0_0 "/>
</bind>
</comp>

<comp id="3979" class="1005" name="c_row_major_4_1_0_reg_3979">
<pin_list>
<pin id="3980" dir="0" index="0" bw="16" slack="0"/>
<pin id="3981" dir="1" index="1" bw="16" slack="0"/>
</pin_list>
<bind>
<opset="c_row_major_4_1_0 "/>
</bind>
</comp>

<comp id="3987" class="1005" name="c_row_major_4_2_0_reg_3987">
<pin_list>
<pin id="3988" dir="0" index="0" bw="16" slack="0"/>
<pin id="3989" dir="1" index="1" bw="16" slack="0"/>
</pin_list>
<bind>
<opset="c_row_major_4_2_0 "/>
</bind>
</comp>

<comp id="3995" class="1005" name="c_row_major_4_3_0_reg_3995">
<pin_list>
<pin id="3996" dir="0" index="0" bw="16" slack="0"/>
<pin id="3997" dir="1" index="1" bw="16" slack="0"/>
</pin_list>
<bind>
<opset="c_row_major_4_3_0 "/>
</bind>
</comp>

<comp id="4003" class="1005" name="c_row_major_4_4_0_reg_4003">
<pin_list>
<pin id="4004" dir="0" index="0" bw="16" slack="0"/>
<pin id="4005" dir="1" index="1" bw="16" slack="0"/>
</pin_list>
<bind>
<opset="c_row_major_4_4_0 "/>
</bind>
</comp>

<comp id="4011" class="1005" name="c_row_major_4_5_0_reg_4011">
<pin_list>
<pin id="4012" dir="0" index="0" bw="16" slack="0"/>
<pin id="4013" dir="1" index="1" bw="16" slack="0"/>
</pin_list>
<bind>
<opset="c_row_major_4_5_0 "/>
</bind>
</comp>

<comp id="4019" class="1005" name="c_row_major_4_6_0_reg_4019">
<pin_list>
<pin id="4020" dir="0" index="0" bw="16" slack="0"/>
<pin id="4021" dir="1" index="1" bw="16" slack="0"/>
</pin_list>
<bind>
<opset="c_row_major_4_6_0 "/>
</bind>
</comp>

<comp id="4027" class="1005" name="c_row_major_4_7_0_reg_4027">
<pin_list>
<pin id="4028" dir="0" index="0" bw="16" slack="0"/>
<pin id="4029" dir="1" index="1" bw="16" slack="0"/>
</pin_list>
<bind>
<opset="c_row_major_4_7_0 "/>
</bind>
</comp>

<comp id="4035" class="1005" name="c_row_major_5_0_0_reg_4035">
<pin_list>
<pin id="4036" dir="0" index="0" bw="16" slack="0"/>
<pin id="4037" dir="1" index="1" bw="16" slack="0"/>
</pin_list>
<bind>
<opset="c_row_major_5_0_0 "/>
</bind>
</comp>

<comp id="4043" class="1005" name="c_row_major_5_1_0_reg_4043">
<pin_list>
<pin id="4044" dir="0" index="0" bw="16" slack="0"/>
<pin id="4045" dir="1" index="1" bw="16" slack="0"/>
</pin_list>
<bind>
<opset="c_row_major_5_1_0 "/>
</bind>
</comp>

<comp id="4051" class="1005" name="c_row_major_5_2_0_reg_4051">
<pin_list>
<pin id="4052" dir="0" index="0" bw="16" slack="0"/>
<pin id="4053" dir="1" index="1" bw="16" slack="0"/>
</pin_list>
<bind>
<opset="c_row_major_5_2_0 "/>
</bind>
</comp>

<comp id="4059" class="1005" name="c_row_major_5_3_0_reg_4059">
<pin_list>
<pin id="4060" dir="0" index="0" bw="16" slack="0"/>
<pin id="4061" dir="1" index="1" bw="16" slack="0"/>
</pin_list>
<bind>
<opset="c_row_major_5_3_0 "/>
</bind>
</comp>

<comp id="4067" class="1005" name="c_row_major_5_4_0_reg_4067">
<pin_list>
<pin id="4068" dir="0" index="0" bw="16" slack="0"/>
<pin id="4069" dir="1" index="1" bw="16" slack="0"/>
</pin_list>
<bind>
<opset="c_row_major_5_4_0 "/>
</bind>
</comp>

<comp id="4075" class="1005" name="c_row_major_5_5_0_reg_4075">
<pin_list>
<pin id="4076" dir="0" index="0" bw="16" slack="0"/>
<pin id="4077" dir="1" index="1" bw="16" slack="0"/>
</pin_list>
<bind>
<opset="c_row_major_5_5_0 "/>
</bind>
</comp>

<comp id="4083" class="1005" name="c_row_major_5_6_0_reg_4083">
<pin_list>
<pin id="4084" dir="0" index="0" bw="16" slack="0"/>
<pin id="4085" dir="1" index="1" bw="16" slack="0"/>
</pin_list>
<bind>
<opset="c_row_major_5_6_0 "/>
</bind>
</comp>

<comp id="4091" class="1005" name="c_row_major_5_7_0_reg_4091">
<pin_list>
<pin id="4092" dir="0" index="0" bw="16" slack="0"/>
<pin id="4093" dir="1" index="1" bw="16" slack="0"/>
</pin_list>
<bind>
<opset="c_row_major_5_7_0 "/>
</bind>
</comp>

<comp id="4099" class="1005" name="c_row_major_6_0_0_reg_4099">
<pin_list>
<pin id="4100" dir="0" index="0" bw="16" slack="0"/>
<pin id="4101" dir="1" index="1" bw="16" slack="0"/>
</pin_list>
<bind>
<opset="c_row_major_6_0_0 "/>
</bind>
</comp>

<comp id="4107" class="1005" name="c_row_major_6_1_0_reg_4107">
<pin_list>
<pin id="4108" dir="0" index="0" bw="16" slack="0"/>
<pin id="4109" dir="1" index="1" bw="16" slack="0"/>
</pin_list>
<bind>
<opset="c_row_major_6_1_0 "/>
</bind>
</comp>

<comp id="4115" class="1005" name="c_row_major_6_2_0_reg_4115">
<pin_list>
<pin id="4116" dir="0" index="0" bw="16" slack="0"/>
<pin id="4117" dir="1" index="1" bw="16" slack="0"/>
</pin_list>
<bind>
<opset="c_row_major_6_2_0 "/>
</bind>
</comp>

<comp id="4123" class="1005" name="c_row_major_6_3_0_reg_4123">
<pin_list>
<pin id="4124" dir="0" index="0" bw="16" slack="0"/>
<pin id="4125" dir="1" index="1" bw="16" slack="0"/>
</pin_list>
<bind>
<opset="c_row_major_6_3_0 "/>
</bind>
</comp>

<comp id="4131" class="1005" name="c_row_major_6_4_0_reg_4131">
<pin_list>
<pin id="4132" dir="0" index="0" bw="16" slack="0"/>
<pin id="4133" dir="1" index="1" bw="16" slack="0"/>
</pin_list>
<bind>
<opset="c_row_major_6_4_0 "/>
</bind>
</comp>

<comp id="4139" class="1005" name="c_row_major_6_5_0_reg_4139">
<pin_list>
<pin id="4140" dir="0" index="0" bw="16" slack="0"/>
<pin id="4141" dir="1" index="1" bw="16" slack="0"/>
</pin_list>
<bind>
<opset="c_row_major_6_5_0 "/>
</bind>
</comp>

<comp id="4147" class="1005" name="c_row_major_6_6_0_reg_4147">
<pin_list>
<pin id="4148" dir="0" index="0" bw="16" slack="0"/>
<pin id="4149" dir="1" index="1" bw="16" slack="0"/>
</pin_list>
<bind>
<opset="c_row_major_6_6_0 "/>
</bind>
</comp>

<comp id="4155" class="1005" name="c_row_major_6_7_0_reg_4155">
<pin_list>
<pin id="4156" dir="0" index="0" bw="16" slack="0"/>
<pin id="4157" dir="1" index="1" bw="16" slack="0"/>
</pin_list>
<bind>
<opset="c_row_major_6_7_0 "/>
</bind>
</comp>

<comp id="4163" class="1005" name="c_row_major_7_0_0_reg_4163">
<pin_list>
<pin id="4164" dir="0" index="0" bw="16" slack="0"/>
<pin id="4165" dir="1" index="1" bw="16" slack="0"/>
</pin_list>
<bind>
<opset="c_row_major_7_0_0 "/>
</bind>
</comp>

<comp id="4171" class="1005" name="c_row_major_7_1_0_reg_4171">
<pin_list>
<pin id="4172" dir="0" index="0" bw="16" slack="0"/>
<pin id="4173" dir="1" index="1" bw="16" slack="0"/>
</pin_list>
<bind>
<opset="c_row_major_7_1_0 "/>
</bind>
</comp>

<comp id="4179" class="1005" name="c_row_major_7_2_0_reg_4179">
<pin_list>
<pin id="4180" dir="0" index="0" bw="16" slack="0"/>
<pin id="4181" dir="1" index="1" bw="16" slack="0"/>
</pin_list>
<bind>
<opset="c_row_major_7_2_0 "/>
</bind>
</comp>

<comp id="4187" class="1005" name="c_row_major_7_3_0_reg_4187">
<pin_list>
<pin id="4188" dir="0" index="0" bw="16" slack="0"/>
<pin id="4189" dir="1" index="1" bw="16" slack="0"/>
</pin_list>
<bind>
<opset="c_row_major_7_3_0 "/>
</bind>
</comp>

<comp id="4195" class="1005" name="c_row_major_7_4_0_reg_4195">
<pin_list>
<pin id="4196" dir="0" index="0" bw="16" slack="0"/>
<pin id="4197" dir="1" index="1" bw="16" slack="0"/>
</pin_list>
<bind>
<opset="c_row_major_7_4_0 "/>
</bind>
</comp>

<comp id="4203" class="1005" name="c_row_major_7_5_0_reg_4203">
<pin_list>
<pin id="4204" dir="0" index="0" bw="16" slack="0"/>
<pin id="4205" dir="1" index="1" bw="16" slack="0"/>
</pin_list>
<bind>
<opset="c_row_major_7_5_0 "/>
</bind>
</comp>

<comp id="4211" class="1005" name="c_row_major_7_6_0_reg_4211">
<pin_list>
<pin id="4212" dir="0" index="0" bw="16" slack="0"/>
<pin id="4213" dir="1" index="1" bw="16" slack="0"/>
</pin_list>
<bind>
<opset="c_row_major_7_6_0 "/>
</bind>
</comp>

<comp id="4219" class="1005" name="c_row_major_7_7_0_reg_4219">
<pin_list>
<pin id="4220" dir="0" index="0" bw="16" slack="0"/>
<pin id="4221" dir="1" index="1" bw="16" slack="0"/>
</pin_list>
<bind>
<opset="c_row_major_7_7_0 "/>
</bind>
</comp>

<comp id="4227" class="1005" name="k_reg_4227">
<pin_list>
<pin id="4228" dir="0" index="0" bw="64" slack="0"/>
<pin id="4229" dir="1" index="1" bw="64" slack="0"/>
</pin_list>
<bind>
<opset="k "/>
</bind>
</comp>

<comp id="4234" class="1005" name="icmp15_read_reg_4234">
<pin_list>
<pin id="4235" dir="0" index="0" bw="1" slack="2"/>
<pin id="4236" dir="1" index="1" bw="1" slack="2"/>
</pin_list>
<bind>
<opset="icmp15_read "/>
</bind>
</comp>

<comp id="4239" class="1005" name="cmp9_6_not_read_reg_4239">
<pin_list>
<pin id="4240" dir="0" index="0" bw="1" slack="2"/>
<pin id="4241" dir="1" index="1" bw="1" slack="2"/>
</pin_list>
<bind>
<opset="cmp9_6_not_read "/>
</bind>
</comp>

<comp id="4244" class="1005" name="cmp9_5_not_read_reg_4244">
<pin_list>
<pin id="4245" dir="0" index="0" bw="1" slack="2"/>
<pin id="4246" dir="1" index="1" bw="1" slack="2"/>
</pin_list>
<bind>
<opset="cmp9_5_not_read "/>
</bind>
</comp>

<comp id="4249" class="1005" name="cmp9_4_not_read_reg_4249">
<pin_list>
<pin id="4250" dir="0" index="0" bw="1" slack="2"/>
<pin id="4251" dir="1" index="1" bw="1" slack="2"/>
</pin_list>
<bind>
<opset="cmp9_4_not_read "/>
</bind>
</comp>

<comp id="4254" class="1005" name="icmp12_read_reg_4254">
<pin_list>
<pin id="4255" dir="0" index="0" bw="1" slack="2"/>
<pin id="4256" dir="1" index="1" bw="1" slack="2"/>
</pin_list>
<bind>
<opset="icmp12_read "/>
</bind>
</comp>

<comp id="4259" class="1005" name="cmp9_2_not_read_reg_4259">
<pin_list>
<pin id="4260" dir="0" index="0" bw="1" slack="2"/>
<pin id="4261" dir="1" index="1" bw="1" slack="2"/>
</pin_list>
<bind>
<opset="cmp9_2_not_read "/>
</bind>
</comp>

<comp id="4264" class="1005" name="icmp9_read_reg_4264">
<pin_list>
<pin id="4265" dir="0" index="0" bw="1" slack="2"/>
<pin id="4266" dir="1" index="1" bw="1" slack="2"/>
</pin_list>
<bind>
<opset="icmp9_read "/>
</bind>
</comp>

<comp id="4269" class="1005" name="icmp6_read_reg_4269">
<pin_list>
<pin id="4270" dir="0" index="0" bw="1" slack="2"/>
<pin id="4271" dir="1" index="1" bw="1" slack="2"/>
</pin_list>
<bind>
<opset="icmp6_read "/>
</bind>
</comp>

<comp id="4274" class="1005" name="cmp15_6152_read_reg_4274">
<pin_list>
<pin id="4275" dir="0" index="0" bw="1" slack="2"/>
<pin id="4276" dir="1" index="1" bw="1" slack="2"/>
</pin_list>
<bind>
<opset="cmp15_6152_read "/>
</bind>
</comp>

<comp id="4279" class="1005" name="cmp15_5124_read_reg_4279">
<pin_list>
<pin id="4280" dir="0" index="0" bw="1" slack="2"/>
<pin id="4281" dir="1" index="1" bw="1" slack="2"/>
</pin_list>
<bind>
<opset="cmp15_5124_read "/>
</bind>
</comp>

<comp id="4284" class="1005" name="cmp15_496_read_reg_4284">
<pin_list>
<pin id="4285" dir="0" index="0" bw="1" slack="2"/>
<pin id="4286" dir="1" index="1" bw="1" slack="2"/>
</pin_list>
<bind>
<opset="cmp15_496_read "/>
</bind>
</comp>

<comp id="4289" class="1005" name="icmp3_read_reg_4289">
<pin_list>
<pin id="4290" dir="0" index="0" bw="1" slack="2"/>
<pin id="4291" dir="1" index="1" bw="1" slack="2"/>
</pin_list>
<bind>
<opset="icmp3_read "/>
</bind>
</comp>

<comp id="4294" class="1005" name="cmp15_240_read_reg_4294">
<pin_list>
<pin id="4295" dir="0" index="0" bw="1" slack="2"/>
<pin id="4296" dir="1" index="1" bw="1" slack="2"/>
</pin_list>
<bind>
<opset="cmp15_240_read "/>
</bind>
</comp>

<comp id="4299" class="1005" name="icmp_read_reg_4299">
<pin_list>
<pin id="4300" dir="0" index="0" bw="1" slack="2"/>
<pin id="4301" dir="1" index="1" bw="1" slack="2"/>
</pin_list>
<bind>
<opset="icmp_read "/>
</bind>
</comp>

<comp id="4304" class="1005" name="cmp15_read_reg_4304">
<pin_list>
<pin id="4305" dir="0" index="0" bw="1" slack="2"/>
<pin id="4306" dir="1" index="1" bw="1" slack="2"/>
</pin_list>
<bind>
<opset="cmp15_read "/>
</bind>
</comp>

<comp id="4309" class="1005" name="cmp9_not_read_reg_4309">
<pin_list>
<pin id="4310" dir="0" index="0" bw="1" slack="2"/>
<pin id="4311" dir="1" index="1" bw="1" slack="2"/>
</pin_list>
<bind>
<opset="cmp9_not_read "/>
</bind>
</comp>

<comp id="4314" class="1005" name="sext_ln81_cast_reg_4314">
<pin_list>
<pin id="4315" dir="0" index="0" bw="64" slack="1"/>
<pin id="4316" dir="1" index="1" bw="64" slack="1"/>
</pin_list>
<bind>
<opset="sext_ln81_cast "/>
</bind>
</comp>

<comp id="4320" class="1005" name="wide_trip_count_cast_reg_4320">
<pin_list>
<pin id="4321" dir="0" index="0" bw="64" slack="1"/>
<pin id="4322" dir="1" index="1" bw="64" slack="1"/>
</pin_list>
<bind>
<opset="wide_trip_count_cast "/>
</bind>
</comp>

<comp id="4325" class="1005" name="icmp_ln81_reg_4325">
<pin_list>
<pin id="4326" dir="0" index="0" bw="1" slack="3"/>
<pin id="4327" dir="1" index="1" bw="1" slack="2147483647"/>
</pin_list>
<bind>
<opset="icmp_ln81 "/>
</bind>
</comp>

<comp id="4329" class="1005" name="cmp13_reg_4329">
<pin_list>
<pin id="4330" dir="0" index="0" bw="1" slack="1"/>
<pin id="4331" dir="1" index="1" bw="1" slack="1"/>
</pin_list>
<bind>
<opset="cmp13 "/>
</bind>
</comp>

<comp id="4341" class="1005" name="a_row_major_0_addr_reg_4341">
<pin_list>
<pin id="4342" dir="0" index="0" bw="3" slack="1"/>
<pin id="4343" dir="1" index="1" bw="3" slack="1"/>
</pin_list>
<bind>
<opset="a_row_major_0_addr "/>
</bind>
</comp>

<comp id="4346" class="1005" name="a_row_major_1_addr_reg_4346">
<pin_list>
<pin id="4347" dir="0" index="0" bw="3" slack="1"/>
<pin id="4348" dir="1" index="1" bw="3" slack="1"/>
</pin_list>
<bind>
<opset="a_row_major_1_addr "/>
</bind>
</comp>

<comp id="4351" class="1005" name="a_row_major_2_addr_reg_4351">
<pin_list>
<pin id="4352" dir="0" index="0" bw="3" slack="1"/>
<pin id="4353" dir="1" index="1" bw="3" slack="1"/>
</pin_list>
<bind>
<opset="a_row_major_2_addr "/>
</bind>
</comp>

<comp id="4356" class="1005" name="a_row_major_3_addr_reg_4356">
<pin_list>
<pin id="4357" dir="0" index="0" bw="3" slack="1"/>
<pin id="4358" dir="1" index="1" bw="3" slack="1"/>
</pin_list>
<bind>
<opset="a_row_major_3_addr "/>
</bind>
</comp>

<comp id="4361" class="1005" name="a_row_major_4_addr_reg_4361">
<pin_list>
<pin id="4362" dir="0" index="0" bw="3" slack="1"/>
<pin id="4363" dir="1" index="1" bw="3" slack="1"/>
</pin_list>
<bind>
<opset="a_row_major_4_addr "/>
</bind>
</comp>

<comp id="4366" class="1005" name="a_row_major_5_addr_reg_4366">
<pin_list>
<pin id="4367" dir="0" index="0" bw="3" slack="1"/>
<pin id="4368" dir="1" index="1" bw="3" slack="1"/>
</pin_list>
<bind>
<opset="a_row_major_5_addr "/>
</bind>
</comp>

<comp id="4371" class="1005" name="a_row_major_6_addr_reg_4371">
<pin_list>
<pin id="4372" dir="0" index="0" bw="3" slack="1"/>
<pin id="4373" dir="1" index="1" bw="3" slack="1"/>
</pin_list>
<bind>
<opset="a_row_major_6_addr "/>
</bind>
</comp>

<comp id="4376" class="1005" name="a_row_major_7_addr_reg_4376">
<pin_list>
<pin id="4377" dir="0" index="0" bw="3" slack="1"/>
<pin id="4378" dir="1" index="1" bw="3" slack="1"/>
</pin_list>
<bind>
<opset="a_row_major_7_addr "/>
</bind>
</comp>

<comp id="4381" class="1005" name="icmp_ln91_reg_4381">
<pin_list>
<pin id="4382" dir="0" index="0" bw="1" slack="1"/>
<pin id="4383" dir="1" index="1" bw="1" slack="1"/>
</pin_list>
<bind>
<opset="icmp_ln91 "/>
</bind>
</comp>

<comp id="4386" class="1005" name="b_row_major_0_addr_reg_4386">
<pin_list>
<pin id="4387" dir="0" index="0" bw="3" slack="1"/>
<pin id="4388" dir="1" index="1" bw="3" slack="1"/>
</pin_list>
<bind>
<opset="b_row_major_0_addr "/>
</bind>
</comp>

<comp id="4391" class="1005" name="b_row_major_1_addr_reg_4391">
<pin_list>
<pin id="4392" dir="0" index="0" bw="3" slack="1"/>
<pin id="4393" dir="1" index="1" bw="3" slack="1"/>
</pin_list>
<bind>
<opset="b_row_major_1_addr "/>
</bind>
</comp>

<comp id="4396" class="1005" name="b_row_major_2_addr_reg_4396">
<pin_list>
<pin id="4397" dir="0" index="0" bw="3" slack="1"/>
<pin id="4398" dir="1" index="1" bw="3" slack="1"/>
</pin_list>
<bind>
<opset="b_row_major_2_addr "/>
</bind>
</comp>

<comp id="4401" class="1005" name="b_row_major_3_addr_reg_4401">
<pin_list>
<pin id="4402" dir="0" index="0" bw="3" slack="1"/>
<pin id="4403" dir="1" index="1" bw="3" slack="1"/>
</pin_list>
<bind>
<opset="b_row_major_3_addr "/>
</bind>
</comp>

<comp id="4406" class="1005" name="b_row_major_4_addr_reg_4406">
<pin_list>
<pin id="4407" dir="0" index="0" bw="3" slack="1"/>
<pin id="4408" dir="1" index="1" bw="3" slack="1"/>
</pin_list>
<bind>
<opset="b_row_major_4_addr "/>
</bind>
</comp>

<comp id="4411" class="1005" name="b_row_major_5_addr_reg_4411">
<pin_list>
<pin id="4412" dir="0" index="0" bw="3" slack="1"/>
<pin id="4413" dir="1" index="1" bw="3" slack="1"/>
</pin_list>
<bind>
<opset="b_row_major_5_addr "/>
</bind>
</comp>

<comp id="4416" class="1005" name="b_row_major_6_addr_reg_4416">
<pin_list>
<pin id="4417" dir="0" index="0" bw="3" slack="1"/>
<pin id="4418" dir="1" index="1" bw="3" slack="1"/>
</pin_list>
<bind>
<opset="b_row_major_6_addr "/>
</bind>
</comp>

<comp id="4421" class="1005" name="b_row_major_7_addr_reg_4421">
<pin_list>
<pin id="4422" dir="0" index="0" bw="3" slack="1"/>
<pin id="4423" dir="1" index="1" bw="3" slack="1"/>
</pin_list>
<bind>
<opset="b_row_major_7_addr "/>
</bind>
</comp>

<comp id="4426" class="1005" name="sext_ln100_reg_4426">
<pin_list>
<pin id="4427" dir="0" index="0" bw="16" slack="1"/>
<pin id="4428" dir="1" index="1" bw="16" slack="1"/>
</pin_list>
<bind>
<opset="sext_ln100 "/>
</bind>
</comp>

<comp id="4438" class="1005" name="sext_ln100_1_reg_4438">
<pin_list>
<pin id="4439" dir="0" index="0" bw="16" slack="1"/>
<pin id="4440" dir="1" index="1" bw="16" slack="1"/>
</pin_list>
<bind>
<opset="sext_ln100_1 "/>
</bind>
</comp>

<comp id="4450" class="1005" name="sext_ln100_2_reg_4450">
<pin_list>
<pin id="4451" dir="0" index="0" bw="16" slack="1"/>
<pin id="4452" dir="1" index="1" bw="16" slack="1"/>
</pin_list>
<bind>
<opset="sext_ln100_2 "/>
</bind>
</comp>

<comp id="4462" class="1005" name="sext_ln100_3_reg_4462">
<pin_list>
<pin id="4463" dir="0" index="0" bw="16" slack="1"/>
<pin id="4464" dir="1" index="1" bw="16" slack="1"/>
</pin_list>
<bind>
<opset="sext_ln100_3 "/>
</bind>
</comp>

<comp id="4474" class="1005" name="sext_ln100_4_reg_4474">
<pin_list>
<pin id="4475" dir="0" index="0" bw="16" slack="1"/>
<pin id="4476" dir="1" index="1" bw="16" slack="1"/>
</pin_list>
<bind>
<opset="sext_ln100_4 "/>
</bind>
</comp>

<comp id="4486" class="1005" name="sext_ln100_5_reg_4486">
<pin_list>
<pin id="4487" dir="0" index="0" bw="16" slack="1"/>
<pin id="4488" dir="1" index="1" bw="16" slack="1"/>
</pin_list>
<bind>
<opset="sext_ln100_5 "/>
</bind>
</comp>

<comp id="4498" class="1005" name="sext_ln100_6_reg_4498">
<pin_list>
<pin id="4499" dir="0" index="0" bw="16" slack="1"/>
<pin id="4500" dir="1" index="1" bw="16" slack="1"/>
</pin_list>
<bind>
<opset="sext_ln100_6 "/>
</bind>
</comp>

<comp id="4510" class="1005" name="sext_ln100_7_reg_4510">
<pin_list>
<pin id="4511" dir="0" index="0" bw="16" slack="1"/>
<pin id="4512" dir="1" index="1" bw="16" slack="1"/>
</pin_list>
<bind>
<opset="sext_ln100_7 "/>
</bind>
</comp>

<comp id="4522" class="1005" name="sext_ln100_8_reg_4522">
<pin_list>
<pin id="4523" dir="0" index="0" bw="16" slack="1"/>
<pin id="4524" dir="1" index="1" bw="16" slack="1"/>
</pin_list>
<bind>
<opset="sext_ln100_8 "/>
</bind>
</comp>

<comp id="4534" class="1005" name="sext_ln100_9_reg_4534">
<pin_list>
<pin id="4535" dir="0" index="0" bw="16" slack="1"/>
<pin id="4536" dir="1" index="1" bw="16" slack="1"/>
</pin_list>
<bind>
<opset="sext_ln100_9 "/>
</bind>
</comp>

<comp id="4546" class="1005" name="sext_ln100_10_reg_4546">
<pin_list>
<pin id="4547" dir="0" index="0" bw="16" slack="1"/>
<pin id="4548" dir="1" index="1" bw="16" slack="1"/>
</pin_list>
<bind>
<opset="sext_ln100_10 "/>
</bind>
</comp>

<comp id="4558" class="1005" name="sext_ln100_11_reg_4558">
<pin_list>
<pin id="4559" dir="0" index="0" bw="16" slack="1"/>
<pin id="4560" dir="1" index="1" bw="16" slack="1"/>
</pin_list>
<bind>
<opset="sext_ln100_11 "/>
</bind>
</comp>

<comp id="4570" class="1005" name="sext_ln100_12_reg_4570">
<pin_list>
<pin id="4571" dir="0" index="0" bw="16" slack="1"/>
<pin id="4572" dir="1" index="1" bw="16" slack="1"/>
</pin_list>
<bind>
<opset="sext_ln100_12 "/>
</bind>
</comp>

<comp id="4582" class="1005" name="sext_ln100_13_reg_4582">
<pin_list>
<pin id="4583" dir="0" index="0" bw="16" slack="1"/>
<pin id="4584" dir="1" index="1" bw="16" slack="1"/>
</pin_list>
<bind>
<opset="sext_ln100_13 "/>
</bind>
</comp>

<comp id="4594" class="1005" name="sext_ln100_14_reg_4594">
<pin_list>
<pin id="4595" dir="0" index="0" bw="16" slack="1"/>
<pin id="4596" dir="1" index="1" bw="16" slack="1"/>
</pin_list>
<bind>
<opset="sext_ln100_14 "/>
</bind>
</comp>

<comp id="4606" class="1005" name="sext_ln100_15_reg_4606">
<pin_list>
<pin id="4607" dir="0" index="0" bw="16" slack="1"/>
<pin id="4608" dir="1" index="1" bw="16" slack="1"/>
</pin_list>
<bind>
<opset="sext_ln100_15 "/>
</bind>
</comp>

<comp id="4618" class="1005" name="c_row_major_0_0_0_load_reg_4618">
<pin_list>
<pin id="4619" dir="0" index="0" bw="16" slack="1"/>
<pin id="4620" dir="1" index="1" bw="16" slack="1"/>
</pin_list>
<bind>
<opset="c_row_major_0_0_0_load "/>
</bind>
</comp>

<comp id="4623" class="1005" name="c_row_major_0_1_0_load_reg_4623">
<pin_list>
<pin id="4624" dir="0" index="0" bw="16" slack="1"/>
<pin id="4625" dir="1" index="1" bw="16" slack="1"/>
</pin_list>
<bind>
<opset="c_row_major_0_1_0_load "/>
</bind>
</comp>

<comp id="4628" class="1005" name="c_row_major_0_2_0_load_reg_4628">
<pin_list>
<pin id="4629" dir="0" index="0" bw="16" slack="1"/>
<pin id="4630" dir="1" index="1" bw="16" slack="1"/>
</pin_list>
<bind>
<opset="c_row_major_0_2_0_load "/>
</bind>
</comp>

<comp id="4633" class="1005" name="c_row_major_0_3_0_load_reg_4633">
<pin_list>
<pin id="4634" dir="0" index="0" bw="16" slack="1"/>
<pin id="4635" dir="1" index="1" bw="16" slack="1"/>
</pin_list>
<bind>
<opset="c_row_major_0_3_0_load "/>
</bind>
</comp>

<comp id="4638" class="1005" name="c_row_major_0_4_0_load_reg_4638">
<pin_list>
<pin id="4639" dir="0" index="0" bw="16" slack="1"/>
<pin id="4640" dir="1" index="1" bw="16" slack="1"/>
</pin_list>
<bind>
<opset="c_row_major_0_4_0_load "/>
</bind>
</comp>

<comp id="4643" class="1005" name="c_row_major_0_5_0_load_reg_4643">
<pin_list>
<pin id="4644" dir="0" index="0" bw="16" slack="1"/>
<pin id="4645" dir="1" index="1" bw="16" slack="1"/>
</pin_list>
<bind>
<opset="c_row_major_0_5_0_load "/>
</bind>
</comp>

<comp id="4648" class="1005" name="c_row_major_0_6_0_load_reg_4648">
<pin_list>
<pin id="4649" dir="0" index="0" bw="16" slack="1"/>
<pin id="4650" dir="1" index="1" bw="16" slack="1"/>
</pin_list>
<bind>
<opset="c_row_major_0_6_0_load "/>
</bind>
</comp>

<comp id="4653" class="1005" name="c_row_major_0_7_0_load_reg_4653">
<pin_list>
<pin id="4654" dir="0" index="0" bw="16" slack="1"/>
<pin id="4655" dir="1" index="1" bw="16" slack="1"/>
</pin_list>
<bind>
<opset="c_row_major_0_7_0_load "/>
</bind>
</comp>

<comp id="4658" class="1005" name="c_row_major_1_0_0_load_reg_4658">
<pin_list>
<pin id="4659" dir="0" index="0" bw="16" slack="1"/>
<pin id="4660" dir="1" index="1" bw="16" slack="1"/>
</pin_list>
<bind>
<opset="c_row_major_1_0_0_load "/>
</bind>
</comp>

<comp id="4663" class="1005" name="c_row_major_1_1_0_load_reg_4663">
<pin_list>
<pin id="4664" dir="0" index="0" bw="16" slack="1"/>
<pin id="4665" dir="1" index="1" bw="16" slack="1"/>
</pin_list>
<bind>
<opset="c_row_major_1_1_0_load "/>
</bind>
</comp>

<comp id="4668" class="1005" name="c_row_major_1_2_0_load_reg_4668">
<pin_list>
<pin id="4669" dir="0" index="0" bw="16" slack="1"/>
<pin id="4670" dir="1" index="1" bw="16" slack="1"/>
</pin_list>
<bind>
<opset="c_row_major_1_2_0_load "/>
</bind>
</comp>

<comp id="4673" class="1005" name="c_row_major_1_3_0_load_reg_4673">
<pin_list>
<pin id="4674" dir="0" index="0" bw="16" slack="1"/>
<pin id="4675" dir="1" index="1" bw="16" slack="1"/>
</pin_list>
<bind>
<opset="c_row_major_1_3_0_load "/>
</bind>
</comp>

<comp id="4678" class="1005" name="c_row_major_1_4_0_load_reg_4678">
<pin_list>
<pin id="4679" dir="0" index="0" bw="16" slack="1"/>
<pin id="4680" dir="1" index="1" bw="16" slack="1"/>
</pin_list>
<bind>
<opset="c_row_major_1_4_0_load "/>
</bind>
</comp>

<comp id="4683" class="1005" name="c_row_major_1_5_0_load_reg_4683">
<pin_list>
<pin id="4684" dir="0" index="0" bw="16" slack="1"/>
<pin id="4685" dir="1" index="1" bw="16" slack="1"/>
</pin_list>
<bind>
<opset="c_row_major_1_5_0_load "/>
</bind>
</comp>

<comp id="4688" class="1005" name="c_row_major_1_6_0_load_reg_4688">
<pin_list>
<pin id="4689" dir="0" index="0" bw="16" slack="1"/>
<pin id="4690" dir="1" index="1" bw="16" slack="1"/>
</pin_list>
<bind>
<opset="c_row_major_1_6_0_load "/>
</bind>
</comp>

<comp id="4693" class="1005" name="c_row_major_1_7_0_load_reg_4693">
<pin_list>
<pin id="4694" dir="0" index="0" bw="16" slack="1"/>
<pin id="4695" dir="1" index="1" bw="16" slack="1"/>
</pin_list>
<bind>
<opset="c_row_major_1_7_0_load "/>
</bind>
</comp>

<comp id="4698" class="1005" name="c_row_major_2_0_0_load_reg_4698">
<pin_list>
<pin id="4699" dir="0" index="0" bw="16" slack="1"/>
<pin id="4700" dir="1" index="1" bw="16" slack="1"/>
</pin_list>
<bind>
<opset="c_row_major_2_0_0_load "/>
</bind>
</comp>

<comp id="4703" class="1005" name="c_row_major_2_1_0_load_reg_4703">
<pin_list>
<pin id="4704" dir="0" index="0" bw="16" slack="1"/>
<pin id="4705" dir="1" index="1" bw="16" slack="1"/>
</pin_list>
<bind>
<opset="c_row_major_2_1_0_load "/>
</bind>
</comp>

<comp id="4708" class="1005" name="c_row_major_2_2_0_load_reg_4708">
<pin_list>
<pin id="4709" dir="0" index="0" bw="16" slack="1"/>
<pin id="4710" dir="1" index="1" bw="16" slack="1"/>
</pin_list>
<bind>
<opset="c_row_major_2_2_0_load "/>
</bind>
</comp>

<comp id="4713" class="1005" name="c_row_major_2_3_0_load_reg_4713">
<pin_list>
<pin id="4714" dir="0" index="0" bw="16" slack="1"/>
<pin id="4715" dir="1" index="1" bw="16" slack="1"/>
</pin_list>
<bind>
<opset="c_row_major_2_3_0_load "/>
</bind>
</comp>

<comp id="4718" class="1005" name="c_row_major_2_4_0_load_reg_4718">
<pin_list>
<pin id="4719" dir="0" index="0" bw="16" slack="1"/>
<pin id="4720" dir="1" index="1" bw="16" slack="1"/>
</pin_list>
<bind>
<opset="c_row_major_2_4_0_load "/>
</bind>
</comp>

<comp id="4723" class="1005" name="c_row_major_2_5_0_load_reg_4723">
<pin_list>
<pin id="4724" dir="0" index="0" bw="16" slack="1"/>
<pin id="4725" dir="1" index="1" bw="16" slack="1"/>
</pin_list>
<bind>
<opset="c_row_major_2_5_0_load "/>
</bind>
</comp>

<comp id="4728" class="1005" name="c_row_major_2_6_0_load_reg_4728">
<pin_list>
<pin id="4729" dir="0" index="0" bw="16" slack="1"/>
<pin id="4730" dir="1" index="1" bw="16" slack="1"/>
</pin_list>
<bind>
<opset="c_row_major_2_6_0_load "/>
</bind>
</comp>

<comp id="4733" class="1005" name="c_row_major_2_7_0_load_reg_4733">
<pin_list>
<pin id="4734" dir="0" index="0" bw="16" slack="1"/>
<pin id="4735" dir="1" index="1" bw="16" slack="1"/>
</pin_list>
<bind>
<opset="c_row_major_2_7_0_load "/>
</bind>
</comp>

<comp id="4738" class="1005" name="c_row_major_3_0_0_load_reg_4738">
<pin_list>
<pin id="4739" dir="0" index="0" bw="16" slack="1"/>
<pin id="4740" dir="1" index="1" bw="16" slack="1"/>
</pin_list>
<bind>
<opset="c_row_major_3_0_0_load "/>
</bind>
</comp>

<comp id="4743" class="1005" name="c_row_major_3_1_0_load_reg_4743">
<pin_list>
<pin id="4744" dir="0" index="0" bw="16" slack="1"/>
<pin id="4745" dir="1" index="1" bw="16" slack="1"/>
</pin_list>
<bind>
<opset="c_row_major_3_1_0_load "/>
</bind>
</comp>

<comp id="4748" class="1005" name="c_row_major_3_2_0_load_reg_4748">
<pin_list>
<pin id="4749" dir="0" index="0" bw="16" slack="1"/>
<pin id="4750" dir="1" index="1" bw="16" slack="1"/>
</pin_list>
<bind>
<opset="c_row_major_3_2_0_load "/>
</bind>
</comp>

<comp id="4753" class="1005" name="c_row_major_3_3_0_load_reg_4753">
<pin_list>
<pin id="4754" dir="0" index="0" bw="16" slack="1"/>
<pin id="4755" dir="1" index="1" bw="16" slack="1"/>
</pin_list>
<bind>
<opset="c_row_major_3_3_0_load "/>
</bind>
</comp>

<comp id="4758" class="1005" name="c_row_major_3_4_0_load_reg_4758">
<pin_list>
<pin id="4759" dir="0" index="0" bw="16" slack="1"/>
<pin id="4760" dir="1" index="1" bw="16" slack="1"/>
</pin_list>
<bind>
<opset="c_row_major_3_4_0_load "/>
</bind>
</comp>

<comp id="4763" class="1005" name="c_row_major_3_5_0_load_reg_4763">
<pin_list>
<pin id="4764" dir="0" index="0" bw="16" slack="1"/>
<pin id="4765" dir="1" index="1" bw="16" slack="1"/>
</pin_list>
<bind>
<opset="c_row_major_3_5_0_load "/>
</bind>
</comp>

<comp id="4768" class="1005" name="c_row_major_3_6_0_load_reg_4768">
<pin_list>
<pin id="4769" dir="0" index="0" bw="16" slack="1"/>
<pin id="4770" dir="1" index="1" bw="16" slack="1"/>
</pin_list>
<bind>
<opset="c_row_major_3_6_0_load "/>
</bind>
</comp>

<comp id="4773" class="1005" name="c_row_major_3_7_0_load_reg_4773">
<pin_list>
<pin id="4774" dir="0" index="0" bw="16" slack="1"/>
<pin id="4775" dir="1" index="1" bw="16" slack="1"/>
</pin_list>
<bind>
<opset="c_row_major_3_7_0_load "/>
</bind>
</comp>

<comp id="4778" class="1005" name="c_row_major_4_0_0_load_reg_4778">
<pin_list>
<pin id="4779" dir="0" index="0" bw="16" slack="1"/>
<pin id="4780" dir="1" index="1" bw="16" slack="1"/>
</pin_list>
<bind>
<opset="c_row_major_4_0_0_load "/>
</bind>
</comp>

<comp id="4783" class="1005" name="c_row_major_4_1_0_load_reg_4783">
<pin_list>
<pin id="4784" dir="0" index="0" bw="16" slack="1"/>
<pin id="4785" dir="1" index="1" bw="16" slack="1"/>
</pin_list>
<bind>
<opset="c_row_major_4_1_0_load "/>
</bind>
</comp>

<comp id="4788" class="1005" name="c_row_major_4_2_0_load_reg_4788">
<pin_list>
<pin id="4789" dir="0" index="0" bw="16" slack="1"/>
<pin id="4790" dir="1" index="1" bw="16" slack="1"/>
</pin_list>
<bind>
<opset="c_row_major_4_2_0_load "/>
</bind>
</comp>

<comp id="4793" class="1005" name="c_row_major_4_3_0_load_reg_4793">
<pin_list>
<pin id="4794" dir="0" index="0" bw="16" slack="1"/>
<pin id="4795" dir="1" index="1" bw="16" slack="1"/>
</pin_list>
<bind>
<opset="c_row_major_4_3_0_load "/>
</bind>
</comp>

<comp id="4798" class="1005" name="c_row_major_4_4_0_load_reg_4798">
<pin_list>
<pin id="4799" dir="0" index="0" bw="16" slack="1"/>
<pin id="4800" dir="1" index="1" bw="16" slack="1"/>
</pin_list>
<bind>
<opset="c_row_major_4_4_0_load "/>
</bind>
</comp>

<comp id="4803" class="1005" name="c_row_major_4_5_0_load_reg_4803">
<pin_list>
<pin id="4804" dir="0" index="0" bw="16" slack="1"/>
<pin id="4805" dir="1" index="1" bw="16" slack="1"/>
</pin_list>
<bind>
<opset="c_row_major_4_5_0_load "/>
</bind>
</comp>

<comp id="4808" class="1005" name="c_row_major_4_6_0_load_reg_4808">
<pin_list>
<pin id="4809" dir="0" index="0" bw="16" slack="1"/>
<pin id="4810" dir="1" index="1" bw="16" slack="1"/>
</pin_list>
<bind>
<opset="c_row_major_4_6_0_load "/>
</bind>
</comp>

<comp id="4813" class="1005" name="c_row_major_4_7_0_load_reg_4813">
<pin_list>
<pin id="4814" dir="0" index="0" bw="16" slack="1"/>
<pin id="4815" dir="1" index="1" bw="16" slack="1"/>
</pin_list>
<bind>
<opset="c_row_major_4_7_0_load "/>
</bind>
</comp>

<comp id="4818" class="1005" name="c_row_major_5_0_0_load_reg_4818">
<pin_list>
<pin id="4819" dir="0" index="0" bw="16" slack="1"/>
<pin id="4820" dir="1" index="1" bw="16" slack="1"/>
</pin_list>
<bind>
<opset="c_row_major_5_0_0_load "/>
</bind>
</comp>

<comp id="4823" class="1005" name="c_row_major_5_1_0_load_reg_4823">
<pin_list>
<pin id="4824" dir="0" index="0" bw="16" slack="1"/>
<pin id="4825" dir="1" index="1" bw="16" slack="1"/>
</pin_list>
<bind>
<opset="c_row_major_5_1_0_load "/>
</bind>
</comp>

<comp id="4828" class="1005" name="c_row_major_5_2_0_load_reg_4828">
<pin_list>
<pin id="4829" dir="0" index="0" bw="16" slack="1"/>
<pin id="4830" dir="1" index="1" bw="16" slack="1"/>
</pin_list>
<bind>
<opset="c_row_major_5_2_0_load "/>
</bind>
</comp>

<comp id="4833" class="1005" name="c_row_major_5_3_0_load_reg_4833">
<pin_list>
<pin id="4834" dir="0" index="0" bw="16" slack="1"/>
<pin id="4835" dir="1" index="1" bw="16" slack="1"/>
</pin_list>
<bind>
<opset="c_row_major_5_3_0_load "/>
</bind>
</comp>

<comp id="4838" class="1005" name="c_row_major_5_4_0_load_reg_4838">
<pin_list>
<pin id="4839" dir="0" index="0" bw="16" slack="1"/>
<pin id="4840" dir="1" index="1" bw="16" slack="1"/>
</pin_list>
<bind>
<opset="c_row_major_5_4_0_load "/>
</bind>
</comp>

<comp id="4843" class="1005" name="c_row_major_5_5_0_load_reg_4843">
<pin_list>
<pin id="4844" dir="0" index="0" bw="16" slack="1"/>
<pin id="4845" dir="1" index="1" bw="16" slack="1"/>
</pin_list>
<bind>
<opset="c_row_major_5_5_0_load "/>
</bind>
</comp>

<comp id="4848" class="1005" name="c_row_major_5_6_0_load_reg_4848">
<pin_list>
<pin id="4849" dir="0" index="0" bw="16" slack="1"/>
<pin id="4850" dir="1" index="1" bw="16" slack="1"/>
</pin_list>
<bind>
<opset="c_row_major_5_6_0_load "/>
</bind>
</comp>

<comp id="4853" class="1005" name="c_row_major_5_7_0_load_reg_4853">
<pin_list>
<pin id="4854" dir="0" index="0" bw="16" slack="1"/>
<pin id="4855" dir="1" index="1" bw="16" slack="1"/>
</pin_list>
<bind>
<opset="c_row_major_5_7_0_load "/>
</bind>
</comp>

<comp id="4858" class="1005" name="c_row_major_6_0_0_load_reg_4858">
<pin_list>
<pin id="4859" dir="0" index="0" bw="16" slack="1"/>
<pin id="4860" dir="1" index="1" bw="16" slack="1"/>
</pin_list>
<bind>
<opset="c_row_major_6_0_0_load "/>
</bind>
</comp>

<comp id="4863" class="1005" name="c_row_major_6_1_0_load_reg_4863">
<pin_list>
<pin id="4864" dir="0" index="0" bw="16" slack="1"/>
<pin id="4865" dir="1" index="1" bw="16" slack="1"/>
</pin_list>
<bind>
<opset="c_row_major_6_1_0_load "/>
</bind>
</comp>

<comp id="4868" class="1005" name="c_row_major_6_2_0_load_reg_4868">
<pin_list>
<pin id="4869" dir="0" index="0" bw="16" slack="1"/>
<pin id="4870" dir="1" index="1" bw="16" slack="1"/>
</pin_list>
<bind>
<opset="c_row_major_6_2_0_load "/>
</bind>
</comp>

<comp id="4873" class="1005" name="c_row_major_6_3_0_load_reg_4873">
<pin_list>
<pin id="4874" dir="0" index="0" bw="16" slack="1"/>
<pin id="4875" dir="1" index="1" bw="16" slack="1"/>
</pin_list>
<bind>
<opset="c_row_major_6_3_0_load "/>
</bind>
</comp>

<comp id="4878" class="1005" name="c_row_major_6_4_0_load_reg_4878">
<pin_list>
<pin id="4879" dir="0" index="0" bw="16" slack="1"/>
<pin id="4880" dir="1" index="1" bw="16" slack="1"/>
</pin_list>
<bind>
<opset="c_row_major_6_4_0_load "/>
</bind>
</comp>

<comp id="4883" class="1005" name="c_row_major_6_5_0_load_reg_4883">
<pin_list>
<pin id="4884" dir="0" index="0" bw="16" slack="1"/>
<pin id="4885" dir="1" index="1" bw="16" slack="1"/>
</pin_list>
<bind>
<opset="c_row_major_6_5_0_load "/>
</bind>
</comp>

<comp id="4888" class="1005" name="c_row_major_6_6_0_load_reg_4888">
<pin_list>
<pin id="4889" dir="0" index="0" bw="16" slack="1"/>
<pin id="4890" dir="1" index="1" bw="16" slack="1"/>
</pin_list>
<bind>
<opset="c_row_major_6_6_0_load "/>
</bind>
</comp>

<comp id="4893" class="1005" name="c_row_major_6_7_0_load_reg_4893">
<pin_list>
<pin id="4894" dir="0" index="0" bw="16" slack="1"/>
<pin id="4895" dir="1" index="1" bw="16" slack="1"/>
</pin_list>
<bind>
<opset="c_row_major_6_7_0_load "/>
</bind>
</comp>

<comp id="4898" class="1005" name="c_row_major_7_0_0_load_reg_4898">
<pin_list>
<pin id="4899" dir="0" index="0" bw="16" slack="1"/>
<pin id="4900" dir="1" index="1" bw="16" slack="1"/>
</pin_list>
<bind>
<opset="c_row_major_7_0_0_load "/>
</bind>
</comp>

<comp id="4903" class="1005" name="c_row_major_7_1_0_load_reg_4903">
<pin_list>
<pin id="4904" dir="0" index="0" bw="16" slack="1"/>
<pin id="4905" dir="1" index="1" bw="16" slack="1"/>
</pin_list>
<bind>
<opset="c_row_major_7_1_0_load "/>
</bind>
</comp>

<comp id="4908" class="1005" name="c_row_major_7_2_0_load_reg_4908">
<pin_list>
<pin id="4909" dir="0" index="0" bw="16" slack="1"/>
<pin id="4910" dir="1" index="1" bw="16" slack="1"/>
</pin_list>
<bind>
<opset="c_row_major_7_2_0_load "/>
</bind>
</comp>

<comp id="4913" class="1005" name="c_row_major_7_3_0_load_reg_4913">
<pin_list>
<pin id="4914" dir="0" index="0" bw="16" slack="1"/>
<pin id="4915" dir="1" index="1" bw="16" slack="1"/>
</pin_list>
<bind>
<opset="c_row_major_7_3_0_load "/>
</bind>
</comp>

<comp id="4918" class="1005" name="c_row_major_7_4_0_load_reg_4918">
<pin_list>
<pin id="4919" dir="0" index="0" bw="16" slack="1"/>
<pin id="4920" dir="1" index="1" bw="16" slack="1"/>
</pin_list>
<bind>
<opset="c_row_major_7_4_0_load "/>
</bind>
</comp>

<comp id="4923" class="1005" name="c_row_major_7_5_0_load_reg_4923">
<pin_list>
<pin id="4924" dir="0" index="0" bw="16" slack="1"/>
<pin id="4925" dir="1" index="1" bw="16" slack="1"/>
</pin_list>
<bind>
<opset="c_row_major_7_5_0_load "/>
</bind>
</comp>

<comp id="4928" class="1005" name="c_row_major_7_6_0_load_reg_4928">
<pin_list>
<pin id="4929" dir="0" index="0" bw="16" slack="1"/>
<pin id="4930" dir="1" index="1" bw="16" slack="1"/>
</pin_list>
<bind>
<opset="c_row_major_7_6_0_load "/>
</bind>
</comp>

<comp id="4933" class="1005" name="c_row_major_7_7_0_load_reg_4933">
<pin_list>
<pin id="4934" dir="0" index="0" bw="16" slack="1"/>
<pin id="4935" dir="1" index="1" bw="16" slack="1"/>
</pin_list>
<bind>
<opset="c_row_major_7_7_0_load "/>
</bind>
</comp>

</comp_list>

<net_list>
<net id="373"><net_src comp="326" pin="0"/><net_sink comp="370" pin=0"/></net>

<net id="377"><net_src comp="326" pin="0"/><net_sink comp="374" pin=0"/></net>

<net id="381"><net_src comp="326" pin="0"/><net_sink comp="378" pin=0"/></net>

<net id="385"><net_src comp="326" pin="0"/><net_sink comp="382" pin=0"/></net>

<net id="389"><net_src comp="326" pin="0"/><net_sink comp="386" pin=0"/></net>

<net id="393"><net_src comp="326" pin="0"/><net_sink comp="390" pin=0"/></net>

<net id="397"><net_src comp="326" pin="0"/><net_sink comp="394" pin=0"/></net>

<net id="401"><net_src comp="326" pin="0"/><net_sink comp="398" pin=0"/></net>

<net id="405"><net_src comp="326" pin="0"/><net_sink comp="402" pin=0"/></net>

<net id="409"><net_src comp="326" pin="0"/><net_sink comp="406" pin=0"/></net>

<net id="413"><net_src comp="326" pin="0"/><net_sink comp="410" pin=0"/></net>

<net id="417"><net_src comp="326" pin="0"/><net_sink comp="414" pin=0"/></net>

<net id="421"><net_src comp="326" pin="0"/><net_sink comp="418" pin=0"/></net>

<net id="425"><net_src comp="326" pin="0"/><net_sink comp="422" pin=0"/></net>

<net id="429"><net_src comp="326" pin="0"/><net_sink comp="426" pin=0"/></net>

<net id="433"><net_src comp="326" pin="0"/><net_sink comp="430" pin=0"/></net>

<net id="437"><net_src comp="326" pin="0"/><net_sink comp="434" pin=0"/></net>

<net id="441"><net_src comp="326" pin="0"/><net_sink comp="438" pin=0"/></net>

<net id="445"><net_src comp="326" pin="0"/><net_sink comp="442" pin=0"/></net>

<net id="449"><net_src comp="326" pin="0"/><net_sink comp="446" pin=0"/></net>

<net id="453"><net_src comp="326" pin="0"/><net_sink comp="450" pin=0"/></net>

<net id="457"><net_src comp="326" pin="0"/><net_sink comp="454" pin=0"/></net>

<net id="461"><net_src comp="326" pin="0"/><net_sink comp="458" pin=0"/></net>

<net id="465"><net_src comp="326" pin="0"/><net_sink comp="462" pin=0"/></net>

<net id="469"><net_src comp="326" pin="0"/><net_sink comp="466" pin=0"/></net>

<net id="473"><net_src comp="326" pin="0"/><net_sink comp="470" pin=0"/></net>

<net id="477"><net_src comp="326" pin="0"/><net_sink comp="474" pin=0"/></net>

<net id="481"><net_src comp="326" pin="0"/><net_sink comp="478" pin=0"/></net>

<net id="485"><net_src comp="326" pin="0"/><net_sink comp="482" pin=0"/></net>

<net id="489"><net_src comp="326" pin="0"/><net_sink comp="486" pin=0"/></net>

<net id="493"><net_src comp="326" pin="0"/><net_sink comp="490" pin=0"/></net>

<net id="497"><net_src comp="326" pin="0"/><net_sink comp="494" pin=0"/></net>

<net id="501"><net_src comp="326" pin="0"/><net_sink comp="498" pin=0"/></net>

<net id="505"><net_src comp="326" pin="0"/><net_sink comp="502" pin=0"/></net>

<net id="509"><net_src comp="326" pin="0"/><net_sink comp="506" pin=0"/></net>

<net id="513"><net_src comp="326" pin="0"/><net_sink comp="510" pin=0"/></net>

<net id="517"><net_src comp="326" pin="0"/><net_sink comp="514" pin=0"/></net>

<net id="521"><net_src comp="326" pin="0"/><net_sink comp="518" pin=0"/></net>

<net id="525"><net_src comp="326" pin="0"/><net_sink comp="522" pin=0"/></net>

<net id="529"><net_src comp="326" pin="0"/><net_sink comp="526" pin=0"/></net>

<net id="533"><net_src comp="326" pin="0"/><net_sink comp="530" pin=0"/></net>

<net id="537"><net_src comp="326" pin="0"/><net_sink comp="534" pin=0"/></net>

<net id="541"><net_src comp="326" pin="0"/><net_sink comp="538" pin=0"/></net>

<net id="545"><net_src comp="326" pin="0"/><net_sink comp="542" pin=0"/></net>

<net id="549"><net_src comp="326" pin="0"/><net_sink comp="546" pin=0"/></net>

<net id="553"><net_src comp="326" pin="0"/><net_sink comp="550" pin=0"/></net>

<net id="557"><net_src comp="326" pin="0"/><net_sink comp="554" pin=0"/></net>

<net id="561"><net_src comp="326" pin="0"/><net_sink comp="558" pin=0"/></net>

<net id="565"><net_src comp="326" pin="0"/><net_sink comp="562" pin=0"/></net>

<net id="569"><net_src comp="326" pin="0"/><net_sink comp="566" pin=0"/></net>

<net id="573"><net_src comp="326" pin="0"/><net_sink comp="570" pin=0"/></net>

<net id="577"><net_src comp="326" pin="0"/><net_sink comp="574" pin=0"/></net>

<net id="581"><net_src comp="326" pin="0"/><net_sink comp="578" pin=0"/></net>

<net id="585"><net_src comp="326" pin="0"/><net_sink comp="582" pin=0"/></net>

<net id="589"><net_src comp="326" pin="0"/><net_sink comp="586" pin=0"/></net>

<net id="593"><net_src comp="326" pin="0"/><net_sink comp="590" pin=0"/></net>

<net id="597"><net_src comp="326" pin="0"/><net_sink comp="594" pin=0"/></net>

<net id="601"><net_src comp="326" pin="0"/><net_sink comp="598" pin=0"/></net>

<net id="605"><net_src comp="326" pin="0"/><net_sink comp="602" pin=0"/></net>

<net id="609"><net_src comp="326" pin="0"/><net_sink comp="606" pin=0"/></net>

<net id="613"><net_src comp="326" pin="0"/><net_sink comp="610" pin=0"/></net>

<net id="617"><net_src comp="326" pin="0"/><net_sink comp="614" pin=0"/></net>

<net id="621"><net_src comp="326" pin="0"/><net_sink comp="618" pin=0"/></net>

<net id="625"><net_src comp="326" pin="0"/><net_sink comp="622" pin=0"/></net>

<net id="629"><net_src comp="326" pin="0"/><net_sink comp="626" pin=0"/></net>

<net id="634"><net_src comp="328" pin="0"/><net_sink comp="630" pin=0"/></net>

<net id="635"><net_src comp="196" pin="0"/><net_sink comp="630" pin=1"/></net>

<net id="640"><net_src comp="328" pin="0"/><net_sink comp="636" pin=0"/></net>

<net id="641"><net_src comp="194" pin="0"/><net_sink comp="636" pin=1"/></net>

<net id="646"><net_src comp="328" pin="0"/><net_sink comp="642" pin=0"/></net>

<net id="647"><net_src comp="192" pin="0"/><net_sink comp="642" pin=1"/></net>

<net id="652"><net_src comp="328" pin="0"/><net_sink comp="648" pin=0"/></net>

<net id="653"><net_src comp="190" pin="0"/><net_sink comp="648" pin=1"/></net>

<net id="658"><net_src comp="328" pin="0"/><net_sink comp="654" pin=0"/></net>

<net id="659"><net_src comp="188" pin="0"/><net_sink comp="654" pin=1"/></net>

<net id="664"><net_src comp="328" pin="0"/><net_sink comp="660" pin=0"/></net>

<net id="665"><net_src comp="186" pin="0"/><net_sink comp="660" pin=1"/></net>

<net id="670"><net_src comp="328" pin="0"/><net_sink comp="666" pin=0"/></net>

<net id="671"><net_src comp="184" pin="0"/><net_sink comp="666" pin=1"/></net>

<net id="676"><net_src comp="328" pin="0"/><net_sink comp="672" pin=0"/></net>

<net id="677"><net_src comp="180" pin="0"/><net_sink comp="672" pin=1"/></net>

<net id="682"><net_src comp="328" pin="0"/><net_sink comp="678" pin=0"/></net>

<net id="683"><net_src comp="176" pin="0"/><net_sink comp="678" pin=1"/></net>

<net id="688"><net_src comp="328" pin="0"/><net_sink comp="684" pin=0"/></net>

<net id="689"><net_src comp="172" pin="0"/><net_sink comp="684" pin=1"/></net>

<net id="694"><net_src comp="328" pin="0"/><net_sink comp="690" pin=0"/></net>

<net id="695"><net_src comp="168" pin="0"/><net_sink comp="690" pin=1"/></net>

<net id="700"><net_src comp="328" pin="0"/><net_sink comp="696" pin=0"/></net>

<net id="701"><net_src comp="164" pin="0"/><net_sink comp="696" pin=1"/></net>

<net id="706"><net_src comp="328" pin="0"/><net_sink comp="702" pin=0"/></net>

<net id="707"><net_src comp="160" pin="0"/><net_sink comp="702" pin=1"/></net>

<net id="712"><net_src comp="328" pin="0"/><net_sink comp="708" pin=0"/></net>

<net id="713"><net_src comp="156" pin="0"/><net_sink comp="708" pin=1"/></net>

<net id="718"><net_src comp="328" pin="0"/><net_sink comp="714" pin=0"/></net>

<net id="719"><net_src comp="152" pin="0"/><net_sink comp="714" pin=1"/></net>

<net id="724"><net_src comp="328" pin="0"/><net_sink comp="720" pin=0"/></net>

<net id="725"><net_src comp="150" pin="0"/><net_sink comp="720" pin=1"/></net>

<net id="730"><net_src comp="330" pin="0"/><net_sink comp="726" pin=0"/></net>

<net id="731"><net_src comp="132" pin="0"/><net_sink comp="726" pin=1"/></net>

<net id="736"><net_src comp="332" pin="0"/><net_sink comp="732" pin=0"/></net>

<net id="737"><net_src comp="130" pin="0"/><net_sink comp="732" pin=1"/></net>

<net id="742"><net_src comp="334" pin="0"/><net_sink comp="738" pin=0"/></net>

<net id="743"><net_src comp="128" pin="0"/><net_sink comp="738" pin=1"/></net>

<net id="748"><net_src comp="334" pin="0"/><net_sink comp="744" pin=0"/></net>

<net id="749"><net_src comp="126" pin="0"/><net_sink comp="744" pin=1"/></net>

<net id="754"><net_src comp="334" pin="0"/><net_sink comp="750" pin=0"/></net>

<net id="755"><net_src comp="124" pin="0"/><net_sink comp="750" pin=1"/></net>

<net id="760"><net_src comp="334" pin="0"/><net_sink comp="756" pin=0"/></net>

<net id="761"><net_src comp="122" pin="0"/><net_sink comp="756" pin=1"/></net>

<net id="766"><net_src comp="334" pin="0"/><net_sink comp="762" pin=0"/></net>

<net id="767"><net_src comp="120" pin="0"/><net_sink comp="762" pin=1"/></net>

<net id="772"><net_src comp="334" pin="0"/><net_sink comp="768" pin=0"/></net>

<net id="773"><net_src comp="118" pin="0"/><net_sink comp="768" pin=1"/></net>

<net id="778"><net_src comp="334" pin="0"/><net_sink comp="774" pin=0"/></net>

<net id="779"><net_src comp="116" pin="0"/><net_sink comp="774" pin=1"/></net>

<net id="784"><net_src comp="334" pin="0"/><net_sink comp="780" pin=0"/></net>

<net id="785"><net_src comp="114" pin="0"/><net_sink comp="780" pin=1"/></net>

<net id="790"><net_src comp="334" pin="0"/><net_sink comp="786" pin=0"/></net>

<net id="791"><net_src comp="112" pin="0"/><net_sink comp="786" pin=1"/></net>

<net id="796"><net_src comp="334" pin="0"/><net_sink comp="792" pin=0"/></net>

<net id="797"><net_src comp="110" pin="0"/><net_sink comp="792" pin=1"/></net>

<net id="802"><net_src comp="334" pin="0"/><net_sink comp="798" pin=0"/></net>

<net id="803"><net_src comp="108" pin="0"/><net_sink comp="798" pin=1"/></net>

<net id="808"><net_src comp="334" pin="0"/><net_sink comp="804" pin=0"/></net>

<net id="809"><net_src comp="106" pin="0"/><net_sink comp="804" pin=1"/></net>

<net id="814"><net_src comp="334" pin="0"/><net_sink comp="810" pin=0"/></net>

<net id="815"><net_src comp="104" pin="0"/><net_sink comp="810" pin=1"/></net>

<net id="820"><net_src comp="334" pin="0"/><net_sink comp="816" pin=0"/></net>

<net id="821"><net_src comp="102" pin="0"/><net_sink comp="816" pin=1"/></net>

<net id="826"><net_src comp="334" pin="0"/><net_sink comp="822" pin=0"/></net>

<net id="827"><net_src comp="100" pin="0"/><net_sink comp="822" pin=1"/></net>

<net id="832"><net_src comp="334" pin="0"/><net_sink comp="828" pin=0"/></net>

<net id="833"><net_src comp="98" pin="0"/><net_sink comp="828" pin=1"/></net>

<net id="838"><net_src comp="334" pin="0"/><net_sink comp="834" pin=0"/></net>

<net id="839"><net_src comp="96" pin="0"/><net_sink comp="834" pin=1"/></net>

<net id="844"><net_src comp="334" pin="0"/><net_sink comp="840" pin=0"/></net>

<net id="845"><net_src comp="94" pin="0"/><net_sink comp="840" pin=1"/></net>

<net id="850"><net_src comp="334" pin="0"/><net_sink comp="846" pin=0"/></net>

<net id="851"><net_src comp="92" pin="0"/><net_sink comp="846" pin=1"/></net>

<net id="856"><net_src comp="334" pin="0"/><net_sink comp="852" pin=0"/></net>

<net id="857"><net_src comp="90" pin="0"/><net_sink comp="852" pin=1"/></net>

<net id="862"><net_src comp="334" pin="0"/><net_sink comp="858" pin=0"/></net>

<net id="863"><net_src comp="88" pin="0"/><net_sink comp="858" pin=1"/></net>

<net id="868"><net_src comp="334" pin="0"/><net_sink comp="864" pin=0"/></net>

<net id="869"><net_src comp="86" pin="0"/><net_sink comp="864" pin=1"/></net>

<net id="874"><net_src comp="334" pin="0"/><net_sink comp="870" pin=0"/></net>

<net id="875"><net_src comp="84" pin="0"/><net_sink comp="870" pin=1"/></net>

<net id="880"><net_src comp="334" pin="0"/><net_sink comp="876" pin=0"/></net>

<net id="881"><net_src comp="82" pin="0"/><net_sink comp="876" pin=1"/></net>

<net id="886"><net_src comp="334" pin="0"/><net_sink comp="882" pin=0"/></net>

<net id="887"><net_src comp="80" pin="0"/><net_sink comp="882" pin=1"/></net>

<net id="892"><net_src comp="334" pin="0"/><net_sink comp="888" pin=0"/></net>

<net id="893"><net_src comp="78" pin="0"/><net_sink comp="888" pin=1"/></net>

<net id="898"><net_src comp="334" pin="0"/><net_sink comp="894" pin=0"/></net>

<net id="899"><net_src comp="76" pin="0"/><net_sink comp="894" pin=1"/></net>

<net id="904"><net_src comp="334" pin="0"/><net_sink comp="900" pin=0"/></net>

<net id="905"><net_src comp="74" pin="0"/><net_sink comp="900" pin=1"/></net>

<net id="910"><net_src comp="334" pin="0"/><net_sink comp="906" pin=0"/></net>

<net id="911"><net_src comp="72" pin="0"/><net_sink comp="906" pin=1"/></net>

<net id="916"><net_src comp="334" pin="0"/><net_sink comp="912" pin=0"/></net>

<net id="917"><net_src comp="70" pin="0"/><net_sink comp="912" pin=1"/></net>

<net id="922"><net_src comp="334" pin="0"/><net_sink comp="918" pin=0"/></net>

<net id="923"><net_src comp="68" pin="0"/><net_sink comp="918" pin=1"/></net>

<net id="928"><net_src comp="334" pin="0"/><net_sink comp="924" pin=0"/></net>

<net id="929"><net_src comp="66" pin="0"/><net_sink comp="924" pin=1"/></net>

<net id="934"><net_src comp="334" pin="0"/><net_sink comp="930" pin=0"/></net>

<net id="935"><net_src comp="64" pin="0"/><net_sink comp="930" pin=1"/></net>

<net id="940"><net_src comp="334" pin="0"/><net_sink comp="936" pin=0"/></net>

<net id="941"><net_src comp="62" pin="0"/><net_sink comp="936" pin=1"/></net>

<net id="946"><net_src comp="334" pin="0"/><net_sink comp="942" pin=0"/></net>

<net id="947"><net_src comp="60" pin="0"/><net_sink comp="942" pin=1"/></net>

<net id="952"><net_src comp="334" pin="0"/><net_sink comp="948" pin=0"/></net>

<net id="953"><net_src comp="58" pin="0"/><net_sink comp="948" pin=1"/></net>

<net id="958"><net_src comp="334" pin="0"/><net_sink comp="954" pin=0"/></net>

<net id="959"><net_src comp="56" pin="0"/><net_sink comp="954" pin=1"/></net>

<net id="964"><net_src comp="334" pin="0"/><net_sink comp="960" pin=0"/></net>

<net id="965"><net_src comp="54" pin="0"/><net_sink comp="960" pin=1"/></net>

<net id="970"><net_src comp="334" pin="0"/><net_sink comp="966" pin=0"/></net>

<net id="971"><net_src comp="52" pin="0"/><net_sink comp="966" pin=1"/></net>

<net id="976"><net_src comp="334" pin="0"/><net_sink comp="972" pin=0"/></net>

<net id="977"><net_src comp="50" pin="0"/><net_sink comp="972" pin=1"/></net>

<net id="982"><net_src comp="334" pin="0"/><net_sink comp="978" pin=0"/></net>

<net id="983"><net_src comp="48" pin="0"/><net_sink comp="978" pin=1"/></net>

<net id="988"><net_src comp="334" pin="0"/><net_sink comp="984" pin=0"/></net>

<net id="989"><net_src comp="46" pin="0"/><net_sink comp="984" pin=1"/></net>

<net id="994"><net_src comp="334" pin="0"/><net_sink comp="990" pin=0"/></net>

<net id="995"><net_src comp="44" pin="0"/><net_sink comp="990" pin=1"/></net>

<net id="1000"><net_src comp="334" pin="0"/><net_sink comp="996" pin=0"/></net>

<net id="1001"><net_src comp="42" pin="0"/><net_sink comp="996" pin=1"/></net>

<net id="1006"><net_src comp="334" pin="0"/><net_sink comp="1002" pin=0"/></net>

<net id="1007"><net_src comp="40" pin="0"/><net_sink comp="1002" pin=1"/></net>

<net id="1012"><net_src comp="334" pin="0"/><net_sink comp="1008" pin=0"/></net>

<net id="1013"><net_src comp="38" pin="0"/><net_sink comp="1008" pin=1"/></net>

<net id="1018"><net_src comp="334" pin="0"/><net_sink comp="1014" pin=0"/></net>

<net id="1019"><net_src comp="36" pin="0"/><net_sink comp="1014" pin=1"/></net>

<net id="1024"><net_src comp="334" pin="0"/><net_sink comp="1020" pin=0"/></net>

<net id="1025"><net_src comp="34" pin="0"/><net_sink comp="1020" pin=1"/></net>

<net id="1030"><net_src comp="334" pin="0"/><net_sink comp="1026" pin=0"/></net>

<net id="1031"><net_src comp="32" pin="0"/><net_sink comp="1026" pin=1"/></net>

<net id="1036"><net_src comp="334" pin="0"/><net_sink comp="1032" pin=0"/></net>

<net id="1037"><net_src comp="30" pin="0"/><net_sink comp="1032" pin=1"/></net>

<net id="1042"><net_src comp="334" pin="0"/><net_sink comp="1038" pin=0"/></net>

<net id="1043"><net_src comp="28" pin="0"/><net_sink comp="1038" pin=1"/></net>

<net id="1048"><net_src comp="334" pin="0"/><net_sink comp="1044" pin=0"/></net>

<net id="1049"><net_src comp="26" pin="0"/><net_sink comp="1044" pin=1"/></net>

<net id="1054"><net_src comp="334" pin="0"/><net_sink comp="1050" pin=0"/></net>

<net id="1055"><net_src comp="24" pin="0"/><net_sink comp="1050" pin=1"/></net>

<net id="1060"><net_src comp="334" pin="0"/><net_sink comp="1056" pin=0"/></net>

<net id="1061"><net_src comp="22" pin="0"/><net_sink comp="1056" pin=1"/></net>

<net id="1066"><net_src comp="334" pin="0"/><net_sink comp="1062" pin=0"/></net>

<net id="1067"><net_src comp="20" pin="0"/><net_sink comp="1062" pin=1"/></net>

<net id="1072"><net_src comp="334" pin="0"/><net_sink comp="1068" pin=0"/></net>

<net id="1073"><net_src comp="18" pin="0"/><net_sink comp="1068" pin=1"/></net>

<net id="1078"><net_src comp="334" pin="0"/><net_sink comp="1074" pin=0"/></net>

<net id="1079"><net_src comp="16" pin="0"/><net_sink comp="1074" pin=1"/></net>

<net id="1084"><net_src comp="334" pin="0"/><net_sink comp="1080" pin=0"/></net>

<net id="1085"><net_src comp="14" pin="0"/><net_sink comp="1080" pin=1"/></net>

<net id="1090"><net_src comp="334" pin="0"/><net_sink comp="1086" pin=0"/></net>

<net id="1091"><net_src comp="12" pin="0"/><net_sink comp="1086" pin=1"/></net>

<net id="1096"><net_src comp="334" pin="0"/><net_sink comp="1092" pin=0"/></net>

<net id="1097"><net_src comp="10" pin="0"/><net_sink comp="1092" pin=1"/></net>

<net id="1102"><net_src comp="334" pin="0"/><net_sink comp="1098" pin=0"/></net>

<net id="1103"><net_src comp="8" pin="0"/><net_sink comp="1098" pin=1"/></net>

<net id="1108"><net_src comp="334" pin="0"/><net_sink comp="1104" pin=0"/></net>

<net id="1109"><net_src comp="6" pin="0"/><net_sink comp="1104" pin=1"/></net>

<net id="1114"><net_src comp="334" pin="0"/><net_sink comp="1110" pin=0"/></net>

<net id="1115"><net_src comp="4" pin="0"/><net_sink comp="1110" pin=1"/></net>

<net id="1120"><net_src comp="334" pin="0"/><net_sink comp="1116" pin=0"/></net>

<net id="1121"><net_src comp="2" pin="0"/><net_sink comp="1116" pin=1"/></net>

<net id="1126"><net_src comp="336" pin="0"/><net_sink comp="1122" pin=0"/></net>

<net id="1127"><net_src comp="0" pin="0"/><net_sink comp="1122" pin=1"/></net>

<net id="1133"><net_src comp="368" pin="0"/><net_sink comp="1128" pin=0"/></net>

<net id="1134"><net_src comp="198" pin="0"/><net_sink comp="1128" pin=1"/></net>

<net id="1140"><net_src comp="368" pin="0"/><net_sink comp="1135" pin=0"/></net>

<net id="1141"><net_src comp="200" pin="0"/><net_sink comp="1135" pin=1"/></net>

<net id="1147"><net_src comp="368" pin="0"/><net_sink comp="1142" pin=0"/></net>

<net id="1148"><net_src comp="202" pin="0"/><net_sink comp="1142" pin=1"/></net>

<net id="1154"><net_src comp="368" pin="0"/><net_sink comp="1149" pin=0"/></net>

<net id="1155"><net_src comp="204" pin="0"/><net_sink comp="1149" pin=1"/></net>

<net id="1161"><net_src comp="368" pin="0"/><net_sink comp="1156" pin=0"/></net>

<net id="1162"><net_src comp="206" pin="0"/><net_sink comp="1156" pin=1"/></net>

<net id="1168"><net_src comp="368" pin="0"/><net_sink comp="1163" pin=0"/></net>

<net id="1169"><net_src comp="208" pin="0"/><net_sink comp="1163" pin=1"/></net>

<net id="1175"><net_src comp="368" pin="0"/><net_sink comp="1170" pin=0"/></net>

<net id="1176"><net_src comp="210" pin="0"/><net_sink comp="1170" pin=1"/></net>

<net id="1182"><net_src comp="368" pin="0"/><net_sink comp="1177" pin=0"/></net>

<net id="1183"><net_src comp="212" pin="0"/><net_sink comp="1177" pin=1"/></net>

<net id="1189"><net_src comp="368" pin="0"/><net_sink comp="1184" pin=0"/></net>

<net id="1190"><net_src comp="214" pin="0"/><net_sink comp="1184" pin=1"/></net>

<net id="1196"><net_src comp="368" pin="0"/><net_sink comp="1191" pin=0"/></net>

<net id="1197"><net_src comp="216" pin="0"/><net_sink comp="1191" pin=1"/></net>

<net id="1203"><net_src comp="368" pin="0"/><net_sink comp="1198" pin=0"/></net>

<net id="1204"><net_src comp="218" pin="0"/><net_sink comp="1198" pin=1"/></net>

<net id="1210"><net_src comp="368" pin="0"/><net_sink comp="1205" pin=0"/></net>

<net id="1211"><net_src comp="220" pin="0"/><net_sink comp="1205" pin=1"/></net>

<net id="1217"><net_src comp="368" pin="0"/><net_sink comp="1212" pin=0"/></net>

<net id="1218"><net_src comp="222" pin="0"/><net_sink comp="1212" pin=1"/></net>

<net id="1224"><net_src comp="368" pin="0"/><net_sink comp="1219" pin=0"/></net>

<net id="1225"><net_src comp="224" pin="0"/><net_sink comp="1219" pin=1"/></net>

<net id="1231"><net_src comp="368" pin="0"/><net_sink comp="1226" pin=0"/></net>

<net id="1232"><net_src comp="226" pin="0"/><net_sink comp="1226" pin=1"/></net>

<net id="1238"><net_src comp="368" pin="0"/><net_sink comp="1233" pin=0"/></net>

<net id="1239"><net_src comp="228" pin="0"/><net_sink comp="1233" pin=1"/></net>

<net id="1245"><net_src comp="368" pin="0"/><net_sink comp="1240" pin=0"/></net>

<net id="1246"><net_src comp="230" pin="0"/><net_sink comp="1240" pin=1"/></net>

<net id="1252"><net_src comp="368" pin="0"/><net_sink comp="1247" pin=0"/></net>

<net id="1253"><net_src comp="232" pin="0"/><net_sink comp="1247" pin=1"/></net>

<net id="1259"><net_src comp="368" pin="0"/><net_sink comp="1254" pin=0"/></net>

<net id="1260"><net_src comp="234" pin="0"/><net_sink comp="1254" pin=1"/></net>

<net id="1266"><net_src comp="368" pin="0"/><net_sink comp="1261" pin=0"/></net>

<net id="1267"><net_src comp="236" pin="0"/><net_sink comp="1261" pin=1"/></net>

<net id="1273"><net_src comp="368" pin="0"/><net_sink comp="1268" pin=0"/></net>

<net id="1274"><net_src comp="238" pin="0"/><net_sink comp="1268" pin=1"/></net>

<net id="1280"><net_src comp="368" pin="0"/><net_sink comp="1275" pin=0"/></net>

<net id="1281"><net_src comp="240" pin="0"/><net_sink comp="1275" pin=1"/></net>

<net id="1287"><net_src comp="368" pin="0"/><net_sink comp="1282" pin=0"/></net>

<net id="1288"><net_src comp="242" pin="0"/><net_sink comp="1282" pin=1"/></net>

<net id="1294"><net_src comp="368" pin="0"/><net_sink comp="1289" pin=0"/></net>

<net id="1295"><net_src comp="244" pin="0"/><net_sink comp="1289" pin=1"/></net>

<net id="1301"><net_src comp="368" pin="0"/><net_sink comp="1296" pin=0"/></net>

<net id="1302"><net_src comp="246" pin="0"/><net_sink comp="1296" pin=1"/></net>

<net id="1308"><net_src comp="368" pin="0"/><net_sink comp="1303" pin=0"/></net>

<net id="1309"><net_src comp="248" pin="0"/><net_sink comp="1303" pin=1"/></net>

<net id="1315"><net_src comp="368" pin="0"/><net_sink comp="1310" pin=0"/></net>

<net id="1316"><net_src comp="250" pin="0"/><net_sink comp="1310" pin=1"/></net>

<net id="1322"><net_src comp="368" pin="0"/><net_sink comp="1317" pin=0"/></net>

<net id="1323"><net_src comp="252" pin="0"/><net_sink comp="1317" pin=1"/></net>

<net id="1329"><net_src comp="368" pin="0"/><net_sink comp="1324" pin=0"/></net>

<net id="1330"><net_src comp="254" pin="0"/><net_sink comp="1324" pin=1"/></net>

<net id="1336"><net_src comp="368" pin="0"/><net_sink comp="1331" pin=0"/></net>

<net id="1337"><net_src comp="256" pin="0"/><net_sink comp="1331" pin=1"/></net>

<net id="1343"><net_src comp="368" pin="0"/><net_sink comp="1338" pin=0"/></net>

<net id="1344"><net_src comp="258" pin="0"/><net_sink comp="1338" pin=1"/></net>

<net id="1350"><net_src comp="368" pin="0"/><net_sink comp="1345" pin=0"/></net>

<net id="1351"><net_src comp="260" pin="0"/><net_sink comp="1345" pin=1"/></net>

<net id="1357"><net_src comp="368" pin="0"/><net_sink comp="1352" pin=0"/></net>

<net id="1358"><net_src comp="262" pin="0"/><net_sink comp="1352" pin=1"/></net>

<net id="1364"><net_src comp="368" pin="0"/><net_sink comp="1359" pin=0"/></net>

<net id="1365"><net_src comp="264" pin="0"/><net_sink comp="1359" pin=1"/></net>

<net id="1371"><net_src comp="368" pin="0"/><net_sink comp="1366" pin=0"/></net>

<net id="1372"><net_src comp="266" pin="0"/><net_sink comp="1366" pin=1"/></net>

<net id="1378"><net_src comp="368" pin="0"/><net_sink comp="1373" pin=0"/></net>

<net id="1379"><net_src comp="268" pin="0"/><net_sink comp="1373" pin=1"/></net>

<net id="1385"><net_src comp="368" pin="0"/><net_sink comp="1380" pin=0"/></net>

<net id="1386"><net_src comp="270" pin="0"/><net_sink comp="1380" pin=1"/></net>

<net id="1392"><net_src comp="368" pin="0"/><net_sink comp="1387" pin=0"/></net>

<net id="1393"><net_src comp="272" pin="0"/><net_sink comp="1387" pin=1"/></net>

<net id="1399"><net_src comp="368" pin="0"/><net_sink comp="1394" pin=0"/></net>

<net id="1400"><net_src comp="274" pin="0"/><net_sink comp="1394" pin=1"/></net>

<net id="1406"><net_src comp="368" pin="0"/><net_sink comp="1401" pin=0"/></net>

<net id="1407"><net_src comp="276" pin="0"/><net_sink comp="1401" pin=1"/></net>

<net id="1413"><net_src comp="368" pin="0"/><net_sink comp="1408" pin=0"/></net>

<net id="1414"><net_src comp="278" pin="0"/><net_sink comp="1408" pin=1"/></net>

<net id="1420"><net_src comp="368" pin="0"/><net_sink comp="1415" pin=0"/></net>

<net id="1421"><net_src comp="280" pin="0"/><net_sink comp="1415" pin=1"/></net>

<net id="1427"><net_src comp="368" pin="0"/><net_sink comp="1422" pin=0"/></net>

<net id="1428"><net_src comp="282" pin="0"/><net_sink comp="1422" pin=1"/></net>

<net id="1434"><net_src comp="368" pin="0"/><net_sink comp="1429" pin=0"/></net>

<net id="1435"><net_src comp="284" pin="0"/><net_sink comp="1429" pin=1"/></net>

<net id="1441"><net_src comp="368" pin="0"/><net_sink comp="1436" pin=0"/></net>

<net id="1442"><net_src comp="286" pin="0"/><net_sink comp="1436" pin=1"/></net>

<net id="1448"><net_src comp="368" pin="0"/><net_sink comp="1443" pin=0"/></net>

<net id="1449"><net_src comp="288" pin="0"/><net_sink comp="1443" pin=1"/></net>

<net id="1455"><net_src comp="368" pin="0"/><net_sink comp="1450" pin=0"/></net>

<net id="1456"><net_src comp="290" pin="0"/><net_sink comp="1450" pin=1"/></net>

<net id="1462"><net_src comp="368" pin="0"/><net_sink comp="1457" pin=0"/></net>

<net id="1463"><net_src comp="292" pin="0"/><net_sink comp="1457" pin=1"/></net>

<net id="1469"><net_src comp="368" pin="0"/><net_sink comp="1464" pin=0"/></net>

<net id="1470"><net_src comp="294" pin="0"/><net_sink comp="1464" pin=1"/></net>

<net id="1476"><net_src comp="368" pin="0"/><net_sink comp="1471" pin=0"/></net>

<net id="1477"><net_src comp="296" pin="0"/><net_sink comp="1471" pin=1"/></net>

<net id="1483"><net_src comp="368" pin="0"/><net_sink comp="1478" pin=0"/></net>

<net id="1484"><net_src comp="298" pin="0"/><net_sink comp="1478" pin=1"/></net>

<net id="1490"><net_src comp="368" pin="0"/><net_sink comp="1485" pin=0"/></net>

<net id="1491"><net_src comp="300" pin="0"/><net_sink comp="1485" pin=1"/></net>

<net id="1497"><net_src comp="368" pin="0"/><net_sink comp="1492" pin=0"/></net>

<net id="1498"><net_src comp="302" pin="0"/><net_sink comp="1492" pin=1"/></net>

<net id="1504"><net_src comp="368" pin="0"/><net_sink comp="1499" pin=0"/></net>

<net id="1505"><net_src comp="304" pin="0"/><net_sink comp="1499" pin=1"/></net>

<net id="1511"><net_src comp="368" pin="0"/><net_sink comp="1506" pin=0"/></net>

<net id="1512"><net_src comp="306" pin="0"/><net_sink comp="1506" pin=1"/></net>

<net id="1518"><net_src comp="368" pin="0"/><net_sink comp="1513" pin=0"/></net>

<net id="1519"><net_src comp="308" pin="0"/><net_sink comp="1513" pin=1"/></net>

<net id="1525"><net_src comp="368" pin="0"/><net_sink comp="1520" pin=0"/></net>

<net id="1526"><net_src comp="310" pin="0"/><net_sink comp="1520" pin=1"/></net>

<net id="1532"><net_src comp="368" pin="0"/><net_sink comp="1527" pin=0"/></net>

<net id="1533"><net_src comp="312" pin="0"/><net_sink comp="1527" pin=1"/></net>

<net id="1539"><net_src comp="368" pin="0"/><net_sink comp="1534" pin=0"/></net>

<net id="1540"><net_src comp="314" pin="0"/><net_sink comp="1534" pin=1"/></net>

<net id="1546"><net_src comp="368" pin="0"/><net_sink comp="1541" pin=0"/></net>

<net id="1547"><net_src comp="316" pin="0"/><net_sink comp="1541" pin=1"/></net>

<net id="1553"><net_src comp="368" pin="0"/><net_sink comp="1548" pin=0"/></net>

<net id="1554"><net_src comp="318" pin="0"/><net_sink comp="1548" pin=1"/></net>

<net id="1560"><net_src comp="368" pin="0"/><net_sink comp="1555" pin=0"/></net>

<net id="1561"><net_src comp="320" pin="0"/><net_sink comp="1555" pin=1"/></net>

<net id="1567"><net_src comp="368" pin="0"/><net_sink comp="1562" pin=0"/></net>

<net id="1568"><net_src comp="322" pin="0"/><net_sink comp="1562" pin=1"/></net>

<net id="1574"><net_src comp="368" pin="0"/><net_sink comp="1569" pin=0"/></net>

<net id="1575"><net_src comp="324" pin="0"/><net_sink comp="1569" pin=1"/></net>

<net id="1581"><net_src comp="134" pin="0"/><net_sink comp="1576" pin=0"/></net>

<net id="1582"><net_src comp="346" pin="0"/><net_sink comp="1576" pin=1"/></net>

<net id="1588"><net_src comp="136" pin="0"/><net_sink comp="1583" pin=0"/></net>

<net id="1589"><net_src comp="346" pin="0"/><net_sink comp="1583" pin=1"/></net>

<net id="1595"><net_src comp="138" pin="0"/><net_sink comp="1590" pin=0"/></net>

<net id="1596"><net_src comp="346" pin="0"/><net_sink comp="1590" pin=1"/></net>

<net id="1602"><net_src comp="140" pin="0"/><net_sink comp="1597" pin=0"/></net>

<net id="1603"><net_src comp="346" pin="0"/><net_sink comp="1597" pin=1"/></net>

<net id="1609"><net_src comp="142" pin="0"/><net_sink comp="1604" pin=0"/></net>

<net id="1610"><net_src comp="346" pin="0"/><net_sink comp="1604" pin=1"/></net>

<net id="1616"><net_src comp="144" pin="0"/><net_sink comp="1611" pin=0"/></net>

<net id="1617"><net_src comp="346" pin="0"/><net_sink comp="1611" pin=1"/></net>

<net id="1623"><net_src comp="146" pin="0"/><net_sink comp="1618" pin=0"/></net>

<net id="1624"><net_src comp="346" pin="0"/><net_sink comp="1618" pin=1"/></net>

<net id="1630"><net_src comp="148" pin="0"/><net_sink comp="1625" pin=0"/></net>

<net id="1631"><net_src comp="346" pin="0"/><net_sink comp="1625" pin=1"/></net>

<net id="1637"><net_src comp="1576" pin="3"/><net_sink comp="1632" pin=0"/></net>

<net id="1643"><net_src comp="154" pin="0"/><net_sink comp="1638" pin=0"/></net>

<net id="1644"><net_src comp="346" pin="0"/><net_sink comp="1638" pin=1"/></net>

<net id="1650"><net_src comp="1638" pin="3"/><net_sink comp="1645" pin=0"/></net>

<net id="1656"><net_src comp="158" pin="0"/><net_sink comp="1651" pin=0"/></net>

<net id="1657"><net_src comp="346" pin="0"/><net_sink comp="1651" pin=1"/></net>

<net id="1663"><net_src comp="1651" pin="3"/><net_sink comp="1658" pin=0"/></net>

<net id="1669"><net_src comp="162" pin="0"/><net_sink comp="1664" pin=0"/></net>

<net id="1670"><net_src comp="346" pin="0"/><net_sink comp="1664" pin=1"/></net>

<net id="1676"><net_src comp="1664" pin="3"/><net_sink comp="1671" pin=0"/></net>

<net id="1682"><net_src comp="166" pin="0"/><net_sink comp="1677" pin=0"/></net>

<net id="1683"><net_src comp="346" pin="0"/><net_sink comp="1677" pin=1"/></net>

<net id="1689"><net_src comp="1677" pin="3"/><net_sink comp="1684" pin=0"/></net>

<net id="1695"><net_src comp="170" pin="0"/><net_sink comp="1690" pin=0"/></net>

<net id="1696"><net_src comp="346" pin="0"/><net_sink comp="1690" pin=1"/></net>

<net id="1702"><net_src comp="1690" pin="3"/><net_sink comp="1697" pin=0"/></net>

<net id="1708"><net_src comp="174" pin="0"/><net_sink comp="1703" pin=0"/></net>

<net id="1709"><net_src comp="346" pin="0"/><net_sink comp="1703" pin=1"/></net>

<net id="1715"><net_src comp="1703" pin="3"/><net_sink comp="1710" pin=0"/></net>

<net id="1721"><net_src comp="178" pin="0"/><net_sink comp="1716" pin=0"/></net>

<net id="1722"><net_src comp="346" pin="0"/><net_sink comp="1716" pin=1"/></net>

<net id="1728"><net_src comp="1716" pin="3"/><net_sink comp="1723" pin=0"/></net>

<net id="1734"><net_src comp="182" pin="0"/><net_sink comp="1729" pin=0"/></net>

<net id="1735"><net_src comp="346" pin="0"/><net_sink comp="1729" pin=1"/></net>

<net id="1741"><net_src comp="1729" pin="3"/><net_sink comp="1736" pin=0"/></net>

<net id="1747"><net_src comp="1583" pin="3"/><net_sink comp="1742" pin=0"/></net>

<net id="1753"><net_src comp="1590" pin="3"/><net_sink comp="1748" pin=0"/></net>

<net id="1759"><net_src comp="1597" pin="3"/><net_sink comp="1754" pin=0"/></net>

<net id="1765"><net_src comp="1604" pin="3"/><net_sink comp="1760" pin=0"/></net>

<net id="1771"><net_src comp="1611" pin="3"/><net_sink comp="1766" pin=0"/></net>

<net id="1777"><net_src comp="1618" pin="3"/><net_sink comp="1772" pin=0"/></net>

<net id="1783"><net_src comp="1625" pin="3"/><net_sink comp="1778" pin=0"/></net>

<net id="1787"><net_src comp="726" pin="2"/><net_sink comp="1784" pin=0"/></net>

<net id="1791"><net_src comp="732" pin="2"/><net_sink comp="1788" pin=0"/></net>

<net id="1795"><net_src comp="1122" pin="2"/><net_sink comp="1792" pin=0"/></net>

<net id="1800"><net_src comp="1792" pin="1"/><net_sink comp="1796" pin=0"/></net>

<net id="1805"><net_src comp="1116" pin="2"/><net_sink comp="1801" pin=0"/></net>

<net id="1810"><net_src comp="1110" pin="2"/><net_sink comp="1806" pin=0"/></net>

<net id="1815"><net_src comp="1104" pin="2"/><net_sink comp="1811" pin=0"/></net>

<net id="1820"><net_src comp="1098" pin="2"/><net_sink comp="1816" pin=0"/></net>

<net id="1825"><net_src comp="1092" pin="2"/><net_sink comp="1821" pin=0"/></net>

<net id="1830"><net_src comp="1086" pin="2"/><net_sink comp="1826" pin=0"/></net>

<net id="1835"><net_src comp="1080" pin="2"/><net_sink comp="1831" pin=0"/></net>

<net id="1840"><net_src comp="1074" pin="2"/><net_sink comp="1836" pin=0"/></net>

<net id="1845"><net_src comp="1068" pin="2"/><net_sink comp="1841" pin=0"/></net>

<net id="1850"><net_src comp="1062" pin="2"/><net_sink comp="1846" pin=0"/></net>

<net id="1855"><net_src comp="1056" pin="2"/><net_sink comp="1851" pin=0"/></net>

<net id="1860"><net_src comp="1050" pin="2"/><net_sink comp="1856" pin=0"/></net>

<net id="1865"><net_src comp="1044" pin="2"/><net_sink comp="1861" pin=0"/></net>

<net id="1870"><net_src comp="1038" pin="2"/><net_sink comp="1866" pin=0"/></net>

<net id="1875"><net_src comp="1032" pin="2"/><net_sink comp="1871" pin=0"/></net>

<net id="1880"><net_src comp="1026" pin="2"/><net_sink comp="1876" pin=0"/></net>

<net id="1885"><net_src comp="1020" pin="2"/><net_sink comp="1881" pin=0"/></net>

<net id="1890"><net_src comp="1014" pin="2"/><net_sink comp="1886" pin=0"/></net>

<net id="1895"><net_src comp="1008" pin="2"/><net_sink comp="1891" pin=0"/></net>

<net id="1900"><net_src comp="1002" pin="2"/><net_sink comp="1896" pin=0"/></net>

<net id="1905"><net_src comp="996" pin="2"/><net_sink comp="1901" pin=0"/></net>

<net id="1910"><net_src comp="990" pin="2"/><net_sink comp="1906" pin=0"/></net>

<net id="1915"><net_src comp="984" pin="2"/><net_sink comp="1911" pin=0"/></net>

<net id="1920"><net_src comp="978" pin="2"/><net_sink comp="1916" pin=0"/></net>

<net id="1925"><net_src comp="972" pin="2"/><net_sink comp="1921" pin=0"/></net>

<net id="1930"><net_src comp="966" pin="2"/><net_sink comp="1926" pin=0"/></net>

<net id="1935"><net_src comp="960" pin="2"/><net_sink comp="1931" pin=0"/></net>

<net id="1940"><net_src comp="954" pin="2"/><net_sink comp="1936" pin=0"/></net>

<net id="1945"><net_src comp="948" pin="2"/><net_sink comp="1941" pin=0"/></net>

<net id="1950"><net_src comp="942" pin="2"/><net_sink comp="1946" pin=0"/></net>

<net id="1955"><net_src comp="936" pin="2"/><net_sink comp="1951" pin=0"/></net>

<net id="1960"><net_src comp="930" pin="2"/><net_sink comp="1956" pin=0"/></net>

<net id="1965"><net_src comp="924" pin="2"/><net_sink comp="1961" pin=0"/></net>

<net id="1970"><net_src comp="918" pin="2"/><net_sink comp="1966" pin=0"/></net>

<net id="1975"><net_src comp="912" pin="2"/><net_sink comp="1971" pin=0"/></net>

<net id="1980"><net_src comp="906" pin="2"/><net_sink comp="1976" pin=0"/></net>

<net id="1985"><net_src comp="900" pin="2"/><net_sink comp="1981" pin=0"/></net>

<net id="1990"><net_src comp="894" pin="2"/><net_sink comp="1986" pin=0"/></net>

<net id="1995"><net_src comp="888" pin="2"/><net_sink comp="1991" pin=0"/></net>

<net id="2000"><net_src comp="882" pin="2"/><net_sink comp="1996" pin=0"/></net>

<net id="2005"><net_src comp="876" pin="2"/><net_sink comp="2001" pin=0"/></net>

<net id="2010"><net_src comp="870" pin="2"/><net_sink comp="2006" pin=0"/></net>

<net id="2015"><net_src comp="864" pin="2"/><net_sink comp="2011" pin=0"/></net>

<net id="2020"><net_src comp="858" pin="2"/><net_sink comp="2016" pin=0"/></net>

<net id="2025"><net_src comp="852" pin="2"/><net_sink comp="2021" pin=0"/></net>

<net id="2030"><net_src comp="846" pin="2"/><net_sink comp="2026" pin=0"/></net>

<net id="2035"><net_src comp="840" pin="2"/><net_sink comp="2031" pin=0"/></net>

<net id="2040"><net_src comp="834" pin="2"/><net_sink comp="2036" pin=0"/></net>

<net id="2045"><net_src comp="828" pin="2"/><net_sink comp="2041" pin=0"/></net>

<net id="2050"><net_src comp="822" pin="2"/><net_sink comp="2046" pin=0"/></net>

<net id="2055"><net_src comp="816" pin="2"/><net_sink comp="2051" pin=0"/></net>

<net id="2060"><net_src comp="810" pin="2"/><net_sink comp="2056" pin=0"/></net>

<net id="2065"><net_src comp="804" pin="2"/><net_sink comp="2061" pin=0"/></net>

<net id="2070"><net_src comp="798" pin="2"/><net_sink comp="2066" pin=0"/></net>

<net id="2075"><net_src comp="792" pin="2"/><net_sink comp="2071" pin=0"/></net>

<net id="2080"><net_src comp="786" pin="2"/><net_sink comp="2076" pin=0"/></net>

<net id="2085"><net_src comp="780" pin="2"/><net_sink comp="2081" pin=0"/></net>

<net id="2090"><net_src comp="774" pin="2"/><net_sink comp="2086" pin=0"/></net>

<net id="2095"><net_src comp="768" pin="2"/><net_sink comp="2091" pin=0"/></net>

<net id="2100"><net_src comp="762" pin="2"/><net_sink comp="2096" pin=0"/></net>

<net id="2105"><net_src comp="756" pin="2"/><net_sink comp="2101" pin=0"/></net>

<net id="2110"><net_src comp="750" pin="2"/><net_sink comp="2106" pin=0"/></net>

<net id="2115"><net_src comp="744" pin="2"/><net_sink comp="2111" pin=0"/></net>

<net id="2120"><net_src comp="738" pin="2"/><net_sink comp="2116" pin=0"/></net>

<net id="2124"><net_src comp="2121" pin="1"/><net_sink comp="1576" pin=2"/></net>

<net id="2125"><net_src comp="2121" pin="1"/><net_sink comp="1583" pin=2"/></net>

<net id="2126"><net_src comp="2121" pin="1"/><net_sink comp="1590" pin=2"/></net>

<net id="2127"><net_src comp="2121" pin="1"/><net_sink comp="1597" pin=2"/></net>

<net id="2128"><net_src comp="2121" pin="1"/><net_sink comp="1604" pin=2"/></net>

<net id="2129"><net_src comp="2121" pin="1"/><net_sink comp="1611" pin=2"/></net>

<net id="2130"><net_src comp="2121" pin="1"/><net_sink comp="1618" pin=2"/></net>

<net id="2131"><net_src comp="2121" pin="1"/><net_sink comp="1625" pin=2"/></net>

<net id="2132"><net_src comp="2121" pin="1"/><net_sink comp="1638" pin=2"/></net>

<net id="2133"><net_src comp="2121" pin="1"/><net_sink comp="1651" pin=2"/></net>

<net id="2134"><net_src comp="2121" pin="1"/><net_sink comp="1664" pin=2"/></net>

<net id="2135"><net_src comp="2121" pin="1"/><net_sink comp="1677" pin=2"/></net>

<net id="2136"><net_src comp="2121" pin="1"/><net_sink comp="1690" pin=2"/></net>

<net id="2137"><net_src comp="2121" pin="1"/><net_sink comp="1703" pin=2"/></net>

<net id="2138"><net_src comp="2121" pin="1"/><net_sink comp="1716" pin=2"/></net>

<net id="2139"><net_src comp="2121" pin="1"/><net_sink comp="1729" pin=2"/></net>

<net id="2144"><net_src comp="2121" pin="1"/><net_sink comp="2140" pin=0"/></net>

<net id="2149"><net_src comp="2121" pin="1"/><net_sink comp="2145" pin=0"/></net>

<net id="2154"><net_src comp="2121" pin="1"/><net_sink comp="2150" pin=0"/></net>

<net id="2159"><net_src comp="2121" pin="1"/><net_sink comp="2155" pin=0"/></net>

<net id="2160"><net_src comp="348" pin="0"/><net_sink comp="2155" pin=1"/></net>

<net id="2165"><net_src comp="2155" pin="2"/><net_sink comp="2161" pin=0"/></net>

<net id="2170"><net_src comp="350" pin="0"/><net_sink comp="2166" pin=1"/></net>

<net id="2175"><net_src comp="2166" pin="2"/><net_sink comp="2171" pin=1"/></net>

<net id="2181"><net_src comp="2171" pin="2"/><net_sink comp="2176" pin=0"/></net>

<net id="2182"><net_src comp="352" pin="0"/><net_sink comp="2176" pin=1"/></net>

<net id="2183"><net_src comp="1632" pin="3"/><net_sink comp="2176" pin=2"/></net>

<net id="2193"><net_src comp="2184" pin="2"/><net_sink comp="2188" pin=0"/></net>

<net id="2194"><net_src comp="1645" pin="3"/><net_sink comp="2188" pin=1"/></net>

<net id="2195"><net_src comp="352" pin="0"/><net_sink comp="2188" pin=2"/></net>

<net id="2199"><net_src comp="2176" pin="3"/><net_sink comp="2196" pin=0"/></net>

<net id="2203"><net_src comp="2188" pin="3"/><net_sink comp="2200" pin=0"/></net>

<net id="2213"><net_src comp="2204" pin="2"/><net_sink comp="2208" pin=0"/></net>

<net id="2214"><net_src comp="1658" pin="3"/><net_sink comp="2208" pin=1"/></net>

<net id="2215"><net_src comp="352" pin="0"/><net_sink comp="2208" pin=2"/></net>

<net id="2219"><net_src comp="2208" pin="3"/><net_sink comp="2216" pin=0"/></net>

<net id="2229"><net_src comp="2220" pin="2"/><net_sink comp="2224" pin=0"/></net>

<net id="2230"><net_src comp="1671" pin="3"/><net_sink comp="2224" pin=1"/></net>

<net id="2231"><net_src comp="352" pin="0"/><net_sink comp="2224" pin=2"/></net>

<net id="2235"><net_src comp="2224" pin="3"/><net_sink comp="2232" pin=0"/></net>

<net id="2245"><net_src comp="2236" pin="2"/><net_sink comp="2240" pin=0"/></net>

<net id="2246"><net_src comp="1684" pin="3"/><net_sink comp="2240" pin=1"/></net>

<net id="2247"><net_src comp="352" pin="0"/><net_sink comp="2240" pin=2"/></net>

<net id="2251"><net_src comp="2240" pin="3"/><net_sink comp="2248" pin=0"/></net>

<net id="2261"><net_src comp="2252" pin="2"/><net_sink comp="2256" pin=0"/></net>

<net id="2262"><net_src comp="1697" pin="3"/><net_sink comp="2256" pin=1"/></net>

<net id="2263"><net_src comp="352" pin="0"/><net_sink comp="2256" pin=2"/></net>

<net id="2267"><net_src comp="2256" pin="3"/><net_sink comp="2264" pin=0"/></net>

<net id="2277"><net_src comp="2268" pin="2"/><net_sink comp="2272" pin=0"/></net>

<net id="2278"><net_src comp="1710" pin="3"/><net_sink comp="2272" pin=1"/></net>

<net id="2279"><net_src comp="352" pin="0"/><net_sink comp="2272" pin=2"/></net>

<net id="2283"><net_src comp="2272" pin="3"/><net_sink comp="2280" pin=0"/></net>

<net id="2293"><net_src comp="2284" pin="2"/><net_sink comp="2288" pin=0"/></net>

<net id="2294"><net_src comp="1723" pin="3"/><net_sink comp="2288" pin=1"/></net>

<net id="2295"><net_src comp="352" pin="0"/><net_sink comp="2288" pin=2"/></net>

<net id="2299"><net_src comp="2288" pin="3"/><net_sink comp="2296" pin=0"/></net>

<net id="2309"><net_src comp="2300" pin="2"/><net_sink comp="2304" pin=0"/></net>

<net id="2310"><net_src comp="1736" pin="3"/><net_sink comp="2304" pin=1"/></net>

<net id="2311"><net_src comp="352" pin="0"/><net_sink comp="2304" pin=2"/></net>

<net id="2315"><net_src comp="2304" pin="3"/><net_sink comp="2312" pin=0"/></net>

<net id="2320"><net_src comp="2166" pin="2"/><net_sink comp="2316" pin=1"/></net>

<net id="2326"><net_src comp="2316" pin="2"/><net_sink comp="2321" pin=0"/></net>

<net id="2327"><net_src comp="352" pin="0"/><net_sink comp="2321" pin=1"/></net>

<net id="2328"><net_src comp="1742" pin="3"/><net_sink comp="2321" pin=2"/></net>

<net id="2332"><net_src comp="2321" pin="3"/><net_sink comp="2329" pin=0"/></net>

<net id="2337"><net_src comp="2166" pin="2"/><net_sink comp="2333" pin=1"/></net>

<net id="2343"><net_src comp="2333" pin="2"/><net_sink comp="2338" pin=0"/></net>

<net id="2344"><net_src comp="352" pin="0"/><net_sink comp="2338" pin=1"/></net>

<net id="2345"><net_src comp="1748" pin="3"/><net_sink comp="2338" pin=2"/></net>

<net id="2349"><net_src comp="2338" pin="3"/><net_sink comp="2346" pin=0"/></net>

<net id="2354"><net_src comp="2166" pin="2"/><net_sink comp="2350" pin=1"/></net>

<net id="2360"><net_src comp="2350" pin="2"/><net_sink comp="2355" pin=0"/></net>

<net id="2361"><net_src comp="352" pin="0"/><net_sink comp="2355" pin=1"/></net>

<net id="2362"><net_src comp="1754" pin="3"/><net_sink comp="2355" pin=2"/></net>

<net id="2366"><net_src comp="2355" pin="3"/><net_sink comp="2363" pin=0"/></net>

<net id="2371"><net_src comp="2166" pin="2"/><net_sink comp="2367" pin=1"/></net>

<net id="2377"><net_src comp="2367" pin="2"/><net_sink comp="2372" pin=0"/></net>

<net id="2378"><net_src comp="352" pin="0"/><net_sink comp="2372" pin=1"/></net>

<net id="2379"><net_src comp="1760" pin="3"/><net_sink comp="2372" pin=2"/></net>

<net id="2383"><net_src comp="2372" pin="3"/><net_sink comp="2380" pin=0"/></net>

<net id="2388"><net_src comp="2166" pin="2"/><net_sink comp="2384" pin=1"/></net>

<net id="2394"><net_src comp="2384" pin="2"/><net_sink comp="2389" pin=0"/></net>

<net id="2395"><net_src comp="352" pin="0"/><net_sink comp="2389" pin=1"/></net>

<net id="2396"><net_src comp="1766" pin="3"/><net_sink comp="2389" pin=2"/></net>

<net id="2400"><net_src comp="2389" pin="3"/><net_sink comp="2397" pin=0"/></net>

<net id="2405"><net_src comp="2166" pin="2"/><net_sink comp="2401" pin=1"/></net>

<net id="2411"><net_src comp="2401" pin="2"/><net_sink comp="2406" pin=0"/></net>

<net id="2412"><net_src comp="352" pin="0"/><net_sink comp="2406" pin=1"/></net>

<net id="2413"><net_src comp="1772" pin="3"/><net_sink comp="2406" pin=2"/></net>

<net id="2417"><net_src comp="2406" pin="3"/><net_sink comp="2414" pin=0"/></net>

<net id="2422"><net_src comp="2166" pin="2"/><net_sink comp="2418" pin=1"/></net>

<net id="2428"><net_src comp="2418" pin="2"/><net_sink comp="2423" pin=0"/></net>

<net id="2429"><net_src comp="352" pin="0"/><net_sink comp="2423" pin=1"/></net>

<net id="2430"><net_src comp="1778" pin="3"/><net_sink comp="2423" pin=2"/></net>

<net id="2434"><net_src comp="2423" pin="3"/><net_sink comp="2431" pin=0"/></net>

<net id="2886"><net_src comp="2883" pin="1"/><net_sink comp="1569" pin=2"/></net>

<net id="2890"><net_src comp="2887" pin="1"/><net_sink comp="1562" pin=2"/></net>

<net id="2894"><net_src comp="2891" pin="1"/><net_sink comp="1555" pin=2"/></net>

<net id="2898"><net_src comp="2895" pin="1"/><net_sink comp="1548" pin=2"/></net>

<net id="2902"><net_src comp="2899" pin="1"/><net_sink comp="1541" pin=2"/></net>

<net id="2906"><net_src comp="2903" pin="1"/><net_sink comp="1534" pin=2"/></net>

<net id="2910"><net_src comp="2907" pin="1"/><net_sink comp="1527" pin=2"/></net>

<net id="2914"><net_src comp="2911" pin="1"/><net_sink comp="1520" pin=2"/></net>

<net id="2918"><net_src comp="2915" pin="1"/><net_sink comp="1513" pin=2"/></net>

<net id="2922"><net_src comp="2919" pin="1"/><net_sink comp="1506" pin=2"/></net>

<net id="2926"><net_src comp="2923" pin="1"/><net_sink comp="1499" pin=2"/></net>

<net id="2930"><net_src comp="2927" pin="1"/><net_sink comp="1492" pin=2"/></net>

<net id="2934"><net_src comp="2931" pin="1"/><net_sink comp="1485" pin=2"/></net>

<net id="2938"><net_src comp="2935" pin="1"/><net_sink comp="1478" pin=2"/></net>

<net id="2942"><net_src comp="2939" pin="1"/><net_sink comp="1471" pin=2"/></net>

<net id="2946"><net_src comp="2943" pin="1"/><net_sink comp="1464" pin=2"/></net>

<net id="2950"><net_src comp="2947" pin="1"/><net_sink comp="1457" pin=2"/></net>

<net id="2954"><net_src comp="2951" pin="1"/><net_sink comp="1450" pin=2"/></net>

<net id="2958"><net_src comp="2955" pin="1"/><net_sink comp="1443" pin=2"/></net>

<net id="2962"><net_src comp="2959" pin="1"/><net_sink comp="1436" pin=2"/></net>

<net id="2966"><net_src comp="2963" pin="1"/><net_sink comp="1429" pin=2"/></net>

<net id="2970"><net_src comp="2967" pin="1"/><net_sink comp="1422" pin=2"/></net>

<net id="2974"><net_src comp="2971" pin="1"/><net_sink comp="1415" pin=2"/></net>

<net id="2978"><net_src comp="2975" pin="1"/><net_sink comp="1408" pin=2"/></net>

<net id="2982"><net_src comp="2979" pin="1"/><net_sink comp="1401" pin=2"/></net>

<net id="2986"><net_src comp="2983" pin="1"/><net_sink comp="1394" pin=2"/></net>

<net id="2990"><net_src comp="2987" pin="1"/><net_sink comp="1387" pin=2"/></net>

<net id="2994"><net_src comp="2991" pin="1"/><net_sink comp="1380" pin=2"/></net>

<net id="2998"><net_src comp="2995" pin="1"/><net_sink comp="1373" pin=2"/></net>

<net id="3002"><net_src comp="2999" pin="1"/><net_sink comp="1366" pin=2"/></net>

<net id="3006"><net_src comp="3003" pin="1"/><net_sink comp="1359" pin=2"/></net>

<net id="3010"><net_src comp="3007" pin="1"/><net_sink comp="1352" pin=2"/></net>

<net id="3014"><net_src comp="3011" pin="1"/><net_sink comp="1345" pin=2"/></net>

<net id="3018"><net_src comp="3015" pin="1"/><net_sink comp="1338" pin=2"/></net>

<net id="3022"><net_src comp="3019" pin="1"/><net_sink comp="1331" pin=2"/></net>

<net id="3026"><net_src comp="3023" pin="1"/><net_sink comp="1324" pin=2"/></net>

<net id="3030"><net_src comp="3027" pin="1"/><net_sink comp="1317" pin=2"/></net>

<net id="3034"><net_src comp="3031" pin="1"/><net_sink comp="1310" pin=2"/></net>

<net id="3038"><net_src comp="3035" pin="1"/><net_sink comp="1303" pin=2"/></net>

<net id="3042"><net_src comp="3039" pin="1"/><net_sink comp="1296" pin=2"/></net>

<net id="3046"><net_src comp="3043" pin="1"/><net_sink comp="1289" pin=2"/></net>

<net id="3050"><net_src comp="3047" pin="1"/><net_sink comp="1282" pin=2"/></net>

<net id="3054"><net_src comp="3051" pin="1"/><net_sink comp="1275" pin=2"/></net>

<net id="3058"><net_src comp="3055" pin="1"/><net_sink comp="1268" pin=2"/></net>

<net id="3062"><net_src comp="3059" pin="1"/><net_sink comp="1261" pin=2"/></net>

<net id="3066"><net_src comp="3063" pin="1"/><net_sink comp="1254" pin=2"/></net>

<net id="3070"><net_src comp="3067" pin="1"/><net_sink comp="1247" pin=2"/></net>

<net id="3074"><net_src comp="3071" pin="1"/><net_sink comp="1240" pin=2"/></net>

<net id="3078"><net_src comp="3075" pin="1"/><net_sink comp="1233" pin=2"/></net>

<net id="3082"><net_src comp="3079" pin="1"/><net_sink comp="1226" pin=2"/></net>

<net id="3086"><net_src comp="3083" pin="1"/><net_sink comp="1219" pin=2"/></net>

<net id="3090"><net_src comp="3087" pin="1"/><net_sink comp="1212" pin=2"/></net>

<net id="3094"><net_src comp="3091" pin="1"/><net_sink comp="1205" pin=2"/></net>

<net id="3098"><net_src comp="3095" pin="1"/><net_sink comp="1198" pin=2"/></net>

<net id="3102"><net_src comp="3099" pin="1"/><net_sink comp="1191" pin=2"/></net>

<net id="3106"><net_src comp="3103" pin="1"/><net_sink comp="1184" pin=2"/></net>

<net id="3110"><net_src comp="3107" pin="1"/><net_sink comp="1177" pin=2"/></net>

<net id="3114"><net_src comp="3111" pin="1"/><net_sink comp="1170" pin=2"/></net>

<net id="3118"><net_src comp="3115" pin="1"/><net_sink comp="1163" pin=2"/></net>

<net id="3122"><net_src comp="3119" pin="1"/><net_sink comp="1156" pin=2"/></net>

<net id="3126"><net_src comp="3123" pin="1"/><net_sink comp="1149" pin=2"/></net>

<net id="3130"><net_src comp="3127" pin="1"/><net_sink comp="1142" pin=2"/></net>

<net id="3134"><net_src comp="3131" pin="1"/><net_sink comp="1135" pin=2"/></net>

<net id="3138"><net_src comp="3135" pin="1"/><net_sink comp="1128" pin=2"/></net>

<net id="3144"><net_src comp="2200" pin="1"/><net_sink comp="3139" pin=0"/></net>

<net id="3145"><net_src comp="2196" pin="1"/><net_sink comp="3139" pin=1"/></net>

<net id="3146"><net_src comp="2435" pin="1"/><net_sink comp="3139" pin=2"/></net>

<net id="3147"><net_src comp="3139" pin="3"/><net_sink comp="2879" pin=0"/></net>

<net id="3153"><net_src comp="2216" pin="1"/><net_sink comp="3148" pin=0"/></net>

<net id="3154"><net_src comp="2196" pin="1"/><net_sink comp="3148" pin=1"/></net>

<net id="3155"><net_src comp="2438" pin="1"/><net_sink comp="3148" pin=2"/></net>

<net id="3156"><net_src comp="3148" pin="3"/><net_sink comp="2875" pin=0"/></net>

<net id="3162"><net_src comp="2232" pin="1"/><net_sink comp="3157" pin=0"/></net>

<net id="3163"><net_src comp="2196" pin="1"/><net_sink comp="3157" pin=1"/></net>

<net id="3164"><net_src comp="2441" pin="1"/><net_sink comp="3157" pin=2"/></net>

<net id="3165"><net_src comp="3157" pin="3"/><net_sink comp="2871" pin=0"/></net>

<net id="3171"><net_src comp="2248" pin="1"/><net_sink comp="3166" pin=0"/></net>

<net id="3172"><net_src comp="2196" pin="1"/><net_sink comp="3166" pin=1"/></net>

<net id="3173"><net_src comp="2444" pin="1"/><net_sink comp="3166" pin=2"/></net>

<net id="3174"><net_src comp="3166" pin="3"/><net_sink comp="2867" pin=0"/></net>

<net id="3180"><net_src comp="2264" pin="1"/><net_sink comp="3175" pin=0"/></net>

<net id="3181"><net_src comp="2196" pin="1"/><net_sink comp="3175" pin=1"/></net>

<net id="3182"><net_src comp="2447" pin="1"/><net_sink comp="3175" pin=2"/></net>

<net id="3183"><net_src comp="3175" pin="3"/><net_sink comp="2863" pin=0"/></net>

<net id="3189"><net_src comp="2280" pin="1"/><net_sink comp="3184" pin=0"/></net>

<net id="3190"><net_src comp="2196" pin="1"/><net_sink comp="3184" pin=1"/></net>

<net id="3191"><net_src comp="2450" pin="1"/><net_sink comp="3184" pin=2"/></net>

<net id="3192"><net_src comp="3184" pin="3"/><net_sink comp="2859" pin=0"/></net>

<net id="3198"><net_src comp="2296" pin="1"/><net_sink comp="3193" pin=0"/></net>

<net id="3199"><net_src comp="2196" pin="1"/><net_sink comp="3193" pin=1"/></net>

<net id="3200"><net_src comp="2453" pin="1"/><net_sink comp="3193" pin=2"/></net>

<net id="3201"><net_src comp="3193" pin="3"/><net_sink comp="2855" pin=0"/></net>

<net id="3207"><net_src comp="2312" pin="1"/><net_sink comp="3202" pin=0"/></net>

<net id="3208"><net_src comp="2196" pin="1"/><net_sink comp="3202" pin=1"/></net>

<net id="3209"><net_src comp="2456" pin="1"/><net_sink comp="3202" pin=2"/></net>

<net id="3210"><net_src comp="3202" pin="3"/><net_sink comp="2851" pin=0"/></net>

<net id="3216"><net_src comp="2200" pin="1"/><net_sink comp="3211" pin=0"/></net>

<net id="3217"><net_src comp="2329" pin="1"/><net_sink comp="3211" pin=1"/></net>

<net id="3218"><net_src comp="2459" pin="1"/><net_sink comp="3211" pin=2"/></net>

<net id="3219"><net_src comp="3211" pin="3"/><net_sink comp="2847" pin=0"/></net>

<net id="3225"><net_src comp="2216" pin="1"/><net_sink comp="3220" pin=0"/></net>

<net id="3226"><net_src comp="2329" pin="1"/><net_sink comp="3220" pin=1"/></net>

<net id="3227"><net_src comp="2462" pin="1"/><net_sink comp="3220" pin=2"/></net>

<net id="3228"><net_src comp="3220" pin="3"/><net_sink comp="2843" pin=0"/></net>

<net id="3234"><net_src comp="2232" pin="1"/><net_sink comp="3229" pin=0"/></net>

<net id="3235"><net_src comp="2329" pin="1"/><net_sink comp="3229" pin=1"/></net>

<net id="3236"><net_src comp="2465" pin="1"/><net_sink comp="3229" pin=2"/></net>

<net id="3237"><net_src comp="3229" pin="3"/><net_sink comp="2839" pin=0"/></net>

<net id="3243"><net_src comp="2248" pin="1"/><net_sink comp="3238" pin=0"/></net>

<net id="3244"><net_src comp="2329" pin="1"/><net_sink comp="3238" pin=1"/></net>

<net id="3245"><net_src comp="2468" pin="1"/><net_sink comp="3238" pin=2"/></net>

<net id="3246"><net_src comp="3238" pin="3"/><net_sink comp="2835" pin=0"/></net>

<net id="3252"><net_src comp="2264" pin="1"/><net_sink comp="3247" pin=0"/></net>

<net id="3253"><net_src comp="2329" pin="1"/><net_sink comp="3247" pin=1"/></net>

<net id="3254"><net_src comp="2471" pin="1"/><net_sink comp="3247" pin=2"/></net>

<net id="3255"><net_src comp="3247" pin="3"/><net_sink comp="2831" pin=0"/></net>

<net id="3261"><net_src comp="2280" pin="1"/><net_sink comp="3256" pin=0"/></net>

<net id="3262"><net_src comp="2329" pin="1"/><net_sink comp="3256" pin=1"/></net>

<net id="3263"><net_src comp="2474" pin="1"/><net_sink comp="3256" pin=2"/></net>

<net id="3264"><net_src comp="3256" pin="3"/><net_sink comp="2827" pin=0"/></net>

<net id="3270"><net_src comp="2296" pin="1"/><net_sink comp="3265" pin=0"/></net>

<net id="3271"><net_src comp="2329" pin="1"/><net_sink comp="3265" pin=1"/></net>

<net id="3272"><net_src comp="2477" pin="1"/><net_sink comp="3265" pin=2"/></net>

<net id="3273"><net_src comp="3265" pin="3"/><net_sink comp="2823" pin=0"/></net>

<net id="3279"><net_src comp="2312" pin="1"/><net_sink comp="3274" pin=0"/></net>

<net id="3280"><net_src comp="2329" pin="1"/><net_sink comp="3274" pin=1"/></net>

<net id="3281"><net_src comp="2480" pin="1"/><net_sink comp="3274" pin=2"/></net>

<net id="3282"><net_src comp="3274" pin="3"/><net_sink comp="2819" pin=0"/></net>

<net id="3288"><net_src comp="2200" pin="1"/><net_sink comp="3283" pin=0"/></net>

<net id="3289"><net_src comp="2346" pin="1"/><net_sink comp="3283" pin=1"/></net>

<net id="3290"><net_src comp="2483" pin="1"/><net_sink comp="3283" pin=2"/></net>

<net id="3291"><net_src comp="3283" pin="3"/><net_sink comp="2815" pin=0"/></net>

<net id="3297"><net_src comp="2216" pin="1"/><net_sink comp="3292" pin=0"/></net>

<net id="3298"><net_src comp="2346" pin="1"/><net_sink comp="3292" pin=1"/></net>

<net id="3299"><net_src comp="2486" pin="1"/><net_sink comp="3292" pin=2"/></net>

<net id="3300"><net_src comp="3292" pin="3"/><net_sink comp="2811" pin=0"/></net>

<net id="3306"><net_src comp="2232" pin="1"/><net_sink comp="3301" pin=0"/></net>

<net id="3307"><net_src comp="2346" pin="1"/><net_sink comp="3301" pin=1"/></net>

<net id="3308"><net_src comp="2489" pin="1"/><net_sink comp="3301" pin=2"/></net>

<net id="3309"><net_src comp="3301" pin="3"/><net_sink comp="2807" pin=0"/></net>

<net id="3315"><net_src comp="2248" pin="1"/><net_sink comp="3310" pin=0"/></net>

<net id="3316"><net_src comp="2346" pin="1"/><net_sink comp="3310" pin=1"/></net>

<net id="3317"><net_src comp="2492" pin="1"/><net_sink comp="3310" pin=2"/></net>

<net id="3318"><net_src comp="3310" pin="3"/><net_sink comp="2803" pin=0"/></net>

<net id="3324"><net_src comp="2264" pin="1"/><net_sink comp="3319" pin=0"/></net>

<net id="3325"><net_src comp="2346" pin="1"/><net_sink comp="3319" pin=1"/></net>

<net id="3326"><net_src comp="2495" pin="1"/><net_sink comp="3319" pin=2"/></net>

<net id="3327"><net_src comp="3319" pin="3"/><net_sink comp="2799" pin=0"/></net>

<net id="3333"><net_src comp="2280" pin="1"/><net_sink comp="3328" pin=0"/></net>

<net id="3334"><net_src comp="2346" pin="1"/><net_sink comp="3328" pin=1"/></net>

<net id="3335"><net_src comp="2498" pin="1"/><net_sink comp="3328" pin=2"/></net>

<net id="3336"><net_src comp="3328" pin="3"/><net_sink comp="2795" pin=0"/></net>

<net id="3342"><net_src comp="2296" pin="1"/><net_sink comp="3337" pin=0"/></net>

<net id="3343"><net_src comp="2346" pin="1"/><net_sink comp="3337" pin=1"/></net>

<net id="3344"><net_src comp="2501" pin="1"/><net_sink comp="3337" pin=2"/></net>

<net id="3345"><net_src comp="3337" pin="3"/><net_sink comp="2791" pin=0"/></net>

<net id="3351"><net_src comp="2312" pin="1"/><net_sink comp="3346" pin=0"/></net>

<net id="3352"><net_src comp="2346" pin="1"/><net_sink comp="3346" pin=1"/></net>

<net id="3353"><net_src comp="2504" pin="1"/><net_sink comp="3346" pin=2"/></net>

<net id="3354"><net_src comp="3346" pin="3"/><net_sink comp="2787" pin=0"/></net>

<net id="3360"><net_src comp="2200" pin="1"/><net_sink comp="3355" pin=0"/></net>

<net id="3361"><net_src comp="2363" pin="1"/><net_sink comp="3355" pin=1"/></net>

<net id="3362"><net_src comp="2507" pin="1"/><net_sink comp="3355" pin=2"/></net>

<net id="3363"><net_src comp="3355" pin="3"/><net_sink comp="2783" pin=0"/></net>

<net id="3369"><net_src comp="2216" pin="1"/><net_sink comp="3364" pin=0"/></net>

<net id="3370"><net_src comp="2363" pin="1"/><net_sink comp="3364" pin=1"/></net>

<net id="3371"><net_src comp="2510" pin="1"/><net_sink comp="3364" pin=2"/></net>

<net id="3372"><net_src comp="3364" pin="3"/><net_sink comp="2779" pin=0"/></net>

<net id="3378"><net_src comp="2232" pin="1"/><net_sink comp="3373" pin=0"/></net>

<net id="3379"><net_src comp="2363" pin="1"/><net_sink comp="3373" pin=1"/></net>

<net id="3380"><net_src comp="2513" pin="1"/><net_sink comp="3373" pin=2"/></net>

<net id="3381"><net_src comp="3373" pin="3"/><net_sink comp="2775" pin=0"/></net>

<net id="3387"><net_src comp="2248" pin="1"/><net_sink comp="3382" pin=0"/></net>

<net id="3388"><net_src comp="2363" pin="1"/><net_sink comp="3382" pin=1"/></net>

<net id="3389"><net_src comp="2516" pin="1"/><net_sink comp="3382" pin=2"/></net>

<net id="3390"><net_src comp="3382" pin="3"/><net_sink comp="2771" pin=0"/></net>

<net id="3396"><net_src comp="2264" pin="1"/><net_sink comp="3391" pin=0"/></net>

<net id="3397"><net_src comp="2363" pin="1"/><net_sink comp="3391" pin=1"/></net>

<net id="3398"><net_src comp="2519" pin="1"/><net_sink comp="3391" pin=2"/></net>

<net id="3399"><net_src comp="3391" pin="3"/><net_sink comp="2767" pin=0"/></net>

<net id="3405"><net_src comp="2280" pin="1"/><net_sink comp="3400" pin=0"/></net>

<net id="3406"><net_src comp="2363" pin="1"/><net_sink comp="3400" pin=1"/></net>

<net id="3407"><net_src comp="2522" pin="1"/><net_sink comp="3400" pin=2"/></net>

<net id="3408"><net_src comp="3400" pin="3"/><net_sink comp="2763" pin=0"/></net>

<net id="3414"><net_src comp="2296" pin="1"/><net_sink comp="3409" pin=0"/></net>

<net id="3415"><net_src comp="2363" pin="1"/><net_sink comp="3409" pin=1"/></net>

<net id="3416"><net_src comp="2525" pin="1"/><net_sink comp="3409" pin=2"/></net>

<net id="3417"><net_src comp="3409" pin="3"/><net_sink comp="2759" pin=0"/></net>

<net id="3423"><net_src comp="2312" pin="1"/><net_sink comp="3418" pin=0"/></net>

<net id="3424"><net_src comp="2363" pin="1"/><net_sink comp="3418" pin=1"/></net>

<net id="3425"><net_src comp="2528" pin="1"/><net_sink comp="3418" pin=2"/></net>

<net id="3426"><net_src comp="3418" pin="3"/><net_sink comp="2755" pin=0"/></net>

<net id="3432"><net_src comp="2200" pin="1"/><net_sink comp="3427" pin=0"/></net>

<net id="3433"><net_src comp="2380" pin="1"/><net_sink comp="3427" pin=1"/></net>

<net id="3434"><net_src comp="2531" pin="1"/><net_sink comp="3427" pin=2"/></net>

<net id="3435"><net_src comp="3427" pin="3"/><net_sink comp="2751" pin=0"/></net>

<net id="3441"><net_src comp="2216" pin="1"/><net_sink comp="3436" pin=0"/></net>

<net id="3442"><net_src comp="2380" pin="1"/><net_sink comp="3436" pin=1"/></net>

<net id="3443"><net_src comp="2534" pin="1"/><net_sink comp="3436" pin=2"/></net>

<net id="3444"><net_src comp="3436" pin="3"/><net_sink comp="2747" pin=0"/></net>

<net id="3450"><net_src comp="2232" pin="1"/><net_sink comp="3445" pin=0"/></net>

<net id="3451"><net_src comp="2380" pin="1"/><net_sink comp="3445" pin=1"/></net>

<net id="3452"><net_src comp="2537" pin="1"/><net_sink comp="3445" pin=2"/></net>

<net id="3453"><net_src comp="3445" pin="3"/><net_sink comp="2743" pin=0"/></net>

<net id="3459"><net_src comp="2248" pin="1"/><net_sink comp="3454" pin=0"/></net>

<net id="3460"><net_src comp="2380" pin="1"/><net_sink comp="3454" pin=1"/></net>

<net id="3461"><net_src comp="2540" pin="1"/><net_sink comp="3454" pin=2"/></net>

<net id="3462"><net_src comp="3454" pin="3"/><net_sink comp="2739" pin=0"/></net>

<net id="3468"><net_src comp="2264" pin="1"/><net_sink comp="3463" pin=0"/></net>

<net id="3469"><net_src comp="2380" pin="1"/><net_sink comp="3463" pin=1"/></net>

<net id="3470"><net_src comp="2543" pin="1"/><net_sink comp="3463" pin=2"/></net>

<net id="3471"><net_src comp="3463" pin="3"/><net_sink comp="2735" pin=0"/></net>

<net id="3477"><net_src comp="2280" pin="1"/><net_sink comp="3472" pin=0"/></net>

<net id="3478"><net_src comp="2380" pin="1"/><net_sink comp="3472" pin=1"/></net>

<net id="3479"><net_src comp="2546" pin="1"/><net_sink comp="3472" pin=2"/></net>

<net id="3480"><net_src comp="3472" pin="3"/><net_sink comp="2731" pin=0"/></net>

<net id="3486"><net_src comp="2296" pin="1"/><net_sink comp="3481" pin=0"/></net>

<net id="3487"><net_src comp="2380" pin="1"/><net_sink comp="3481" pin=1"/></net>

<net id="3488"><net_src comp="2549" pin="1"/><net_sink comp="3481" pin=2"/></net>

<net id="3489"><net_src comp="3481" pin="3"/><net_sink comp="2727" pin=0"/></net>

<net id="3495"><net_src comp="2312" pin="1"/><net_sink comp="3490" pin=0"/></net>

<net id="3496"><net_src comp="2380" pin="1"/><net_sink comp="3490" pin=1"/></net>

<net id="3497"><net_src comp="2552" pin="1"/><net_sink comp="3490" pin=2"/></net>

<net id="3498"><net_src comp="3490" pin="3"/><net_sink comp="2723" pin=0"/></net>

<net id="3504"><net_src comp="2200" pin="1"/><net_sink comp="3499" pin=0"/></net>

<net id="3505"><net_src comp="2397" pin="1"/><net_sink comp="3499" pin=1"/></net>

<net id="3506"><net_src comp="2555" pin="1"/><net_sink comp="3499" pin=2"/></net>

<net id="3507"><net_src comp="3499" pin="3"/><net_sink comp="2719" pin=0"/></net>

<net id="3513"><net_src comp="2216" pin="1"/><net_sink comp="3508" pin=0"/></net>

<net id="3514"><net_src comp="2397" pin="1"/><net_sink comp="3508" pin=1"/></net>

<net id="3515"><net_src comp="2558" pin="1"/><net_sink comp="3508" pin=2"/></net>

<net id="3516"><net_src comp="3508" pin="3"/><net_sink comp="2715" pin=0"/></net>

<net id="3522"><net_src comp="2232" pin="1"/><net_sink comp="3517" pin=0"/></net>

<net id="3523"><net_src comp="2397" pin="1"/><net_sink comp="3517" pin=1"/></net>

<net id="3524"><net_src comp="2561" pin="1"/><net_sink comp="3517" pin=2"/></net>

<net id="3525"><net_src comp="3517" pin="3"/><net_sink comp="2711" pin=0"/></net>

<net id="3531"><net_src comp="2248" pin="1"/><net_sink comp="3526" pin=0"/></net>

<net id="3532"><net_src comp="2397" pin="1"/><net_sink comp="3526" pin=1"/></net>

<net id="3533"><net_src comp="2564" pin="1"/><net_sink comp="3526" pin=2"/></net>

<net id="3534"><net_src comp="3526" pin="3"/><net_sink comp="2707" pin=0"/></net>

<net id="3540"><net_src comp="2264" pin="1"/><net_sink comp="3535" pin=0"/></net>

<net id="3541"><net_src comp="2397" pin="1"/><net_sink comp="3535" pin=1"/></net>

<net id="3542"><net_src comp="2567" pin="1"/><net_sink comp="3535" pin=2"/></net>

<net id="3543"><net_src comp="3535" pin="3"/><net_sink comp="2703" pin=0"/></net>

<net id="3549"><net_src comp="2280" pin="1"/><net_sink comp="3544" pin=0"/></net>

<net id="3550"><net_src comp="2397" pin="1"/><net_sink comp="3544" pin=1"/></net>

<net id="3551"><net_src comp="2570" pin="1"/><net_sink comp="3544" pin=2"/></net>

<net id="3552"><net_src comp="3544" pin="3"/><net_sink comp="2699" pin=0"/></net>

<net id="3558"><net_src comp="2296" pin="1"/><net_sink comp="3553" pin=0"/></net>

<net id="3559"><net_src comp="2397" pin="1"/><net_sink comp="3553" pin=1"/></net>

<net id="3560"><net_src comp="2573" pin="1"/><net_sink comp="3553" pin=2"/></net>

<net id="3561"><net_src comp="3553" pin="3"/><net_sink comp="2695" pin=0"/></net>

<net id="3567"><net_src comp="2312" pin="1"/><net_sink comp="3562" pin=0"/></net>

<net id="3568"><net_src comp="2397" pin="1"/><net_sink comp="3562" pin=1"/></net>

<net id="3569"><net_src comp="2576" pin="1"/><net_sink comp="3562" pin=2"/></net>

<net id="3570"><net_src comp="3562" pin="3"/><net_sink comp="2691" pin=0"/></net>

<net id="3576"><net_src comp="2200" pin="1"/><net_sink comp="3571" pin=0"/></net>

<net id="3577"><net_src comp="2414" pin="1"/><net_sink comp="3571" pin=1"/></net>

<net id="3578"><net_src comp="2579" pin="1"/><net_sink comp="3571" pin=2"/></net>

<net id="3579"><net_src comp="3571" pin="3"/><net_sink comp="2687" pin=0"/></net>

<net id="3585"><net_src comp="2216" pin="1"/><net_sink comp="3580" pin=0"/></net>

<net id="3586"><net_src comp="2414" pin="1"/><net_sink comp="3580" pin=1"/></net>

<net id="3587"><net_src comp="2582" pin="1"/><net_sink comp="3580" pin=2"/></net>

<net id="3588"><net_src comp="3580" pin="3"/><net_sink comp="2683" pin=0"/></net>

<net id="3594"><net_src comp="2232" pin="1"/><net_sink comp="3589" pin=0"/></net>

<net id="3595"><net_src comp="2414" pin="1"/><net_sink comp="3589" pin=1"/></net>

<net id="3596"><net_src comp="2585" pin="1"/><net_sink comp="3589" pin=2"/></net>

<net id="3597"><net_src comp="3589" pin="3"/><net_sink comp="2679" pin=0"/></net>

<net id="3603"><net_src comp="2248" pin="1"/><net_sink comp="3598" pin=0"/></net>

<net id="3604"><net_src comp="2414" pin="1"/><net_sink comp="3598" pin=1"/></net>

<net id="3605"><net_src comp="2588" pin="1"/><net_sink comp="3598" pin=2"/></net>

<net id="3606"><net_src comp="3598" pin="3"/><net_sink comp="2675" pin=0"/></net>

<net id="3612"><net_src comp="2264" pin="1"/><net_sink comp="3607" pin=0"/></net>

<net id="3613"><net_src comp="2414" pin="1"/><net_sink comp="3607" pin=1"/></net>

<net id="3614"><net_src comp="2591" pin="1"/><net_sink comp="3607" pin=2"/></net>

<net id="3615"><net_src comp="3607" pin="3"/><net_sink comp="2671" pin=0"/></net>

<net id="3621"><net_src comp="2280" pin="1"/><net_sink comp="3616" pin=0"/></net>

<net id="3622"><net_src comp="2414" pin="1"/><net_sink comp="3616" pin=1"/></net>

<net id="3623"><net_src comp="2594" pin="1"/><net_sink comp="3616" pin=2"/></net>

<net id="3624"><net_src comp="3616" pin="3"/><net_sink comp="2667" pin=0"/></net>

<net id="3630"><net_src comp="2296" pin="1"/><net_sink comp="3625" pin=0"/></net>

<net id="3631"><net_src comp="2414" pin="1"/><net_sink comp="3625" pin=1"/></net>

<net id="3632"><net_src comp="2597" pin="1"/><net_sink comp="3625" pin=2"/></net>

<net id="3633"><net_src comp="3625" pin="3"/><net_sink comp="2663" pin=0"/></net>

<net id="3639"><net_src comp="2312" pin="1"/><net_sink comp="3634" pin=0"/></net>

<net id="3640"><net_src comp="2414" pin="1"/><net_sink comp="3634" pin=1"/></net>

<net id="3641"><net_src comp="2600" pin="1"/><net_sink comp="3634" pin=2"/></net>

<net id="3642"><net_src comp="3634" pin="3"/><net_sink comp="2659" pin=0"/></net>

<net id="3648"><net_src comp="2200" pin="1"/><net_sink comp="3643" pin=0"/></net>

<net id="3649"><net_src comp="2431" pin="1"/><net_sink comp="3643" pin=1"/></net>

<net id="3650"><net_src comp="2603" pin="1"/><net_sink comp="3643" pin=2"/></net>

<net id="3651"><net_src comp="3643" pin="3"/><net_sink comp="2655" pin=0"/></net>

<net id="3657"><net_src comp="2216" pin="1"/><net_sink comp="3652" pin=0"/></net>

<net id="3658"><net_src comp="2431" pin="1"/><net_sink comp="3652" pin=1"/></net>

<net id="3659"><net_src comp="2606" pin="1"/><net_sink comp="3652" pin=2"/></net>

<net id="3660"><net_src comp="3652" pin="3"/><net_sink comp="2651" pin=0"/></net>

<net id="3666"><net_src comp="2232" pin="1"/><net_sink comp="3661" pin=0"/></net>

<net id="3667"><net_src comp="2431" pin="1"/><net_sink comp="3661" pin=1"/></net>

<net id="3668"><net_src comp="2609" pin="1"/><net_sink comp="3661" pin=2"/></net>

<net id="3669"><net_src comp="3661" pin="3"/><net_sink comp="2647" pin=0"/></net>

<net id="3675"><net_src comp="2248" pin="1"/><net_sink comp="3670" pin=0"/></net>

<net id="3676"><net_src comp="2431" pin="1"/><net_sink comp="3670" pin=1"/></net>

<net id="3677"><net_src comp="2612" pin="1"/><net_sink comp="3670" pin=2"/></net>

<net id="3678"><net_src comp="3670" pin="3"/><net_sink comp="2643" pin=0"/></net>

<net id="3684"><net_src comp="2264" pin="1"/><net_sink comp="3679" pin=0"/></net>

<net id="3685"><net_src comp="2431" pin="1"/><net_sink comp="3679" pin=1"/></net>

<net id="3686"><net_src comp="2615" pin="1"/><net_sink comp="3679" pin=2"/></net>

<net id="3687"><net_src comp="3679" pin="3"/><net_sink comp="2639" pin=0"/></net>

<net id="3693"><net_src comp="2280" pin="1"/><net_sink comp="3688" pin=0"/></net>

<net id="3694"><net_src comp="2431" pin="1"/><net_sink comp="3688" pin=1"/></net>

<net id="3695"><net_src comp="2618" pin="1"/><net_sink comp="3688" pin=2"/></net>

<net id="3696"><net_src comp="3688" pin="3"/><net_sink comp="2635" pin=0"/></net>

<net id="3702"><net_src comp="2296" pin="1"/><net_sink comp="3697" pin=0"/></net>

<net id="3703"><net_src comp="2431" pin="1"/><net_sink comp="3697" pin=1"/></net>

<net id="3704"><net_src comp="2621" pin="1"/><net_sink comp="3697" pin=2"/></net>

<net id="3705"><net_src comp="3697" pin="3"/><net_sink comp="2631" pin=0"/></net>

<net id="3711"><net_src comp="2312" pin="1"/><net_sink comp="3706" pin=0"/></net>

<net id="3712"><net_src comp="2431" pin="1"/><net_sink comp="3706" pin=1"/></net>

<net id="3713"><net_src comp="2624" pin="1"/><net_sink comp="3706" pin=2"/></net>

<net id="3714"><net_src comp="3706" pin="3"/><net_sink comp="2627" pin=0"/></net>

<net id="3718"><net_src comp="370" pin="1"/><net_sink comp="3715" pin=0"/></net>

<net id="3719"><net_src comp="3715" pin="1"/><net_sink comp="2116" pin=1"/></net>

<net id="3720"><net_src comp="3715" pin="1"/><net_sink comp="2435" pin=0"/></net>

<net id="3721"><net_src comp="3715" pin="1"/><net_sink comp="2879" pin=1"/></net>

<net id="3722"><net_src comp="3715" pin="1"/><net_sink comp="2883" pin=0"/></net>

<net id="3726"><net_src comp="374" pin="1"/><net_sink comp="3723" pin=0"/></net>

<net id="3727"><net_src comp="3723" pin="1"/><net_sink comp="2111" pin=1"/></net>

<net id="3728"><net_src comp="3723" pin="1"/><net_sink comp="2438" pin=0"/></net>

<net id="3729"><net_src comp="3723" pin="1"/><net_sink comp="2875" pin=1"/></net>

<net id="3730"><net_src comp="3723" pin="1"/><net_sink comp="2887" pin=0"/></net>

<net id="3734"><net_src comp="378" pin="1"/><net_sink comp="3731" pin=0"/></net>

<net id="3735"><net_src comp="3731" pin="1"/><net_sink comp="2106" pin=1"/></net>

<net id="3736"><net_src comp="3731" pin="1"/><net_sink comp="2441" pin=0"/></net>

<net id="3737"><net_src comp="3731" pin="1"/><net_sink comp="2871" pin=1"/></net>

<net id="3738"><net_src comp="3731" pin="1"/><net_sink comp="2891" pin=0"/></net>

<net id="3742"><net_src comp="382" pin="1"/><net_sink comp="3739" pin=0"/></net>

<net id="3743"><net_src comp="3739" pin="1"/><net_sink comp="2101" pin=1"/></net>

<net id="3744"><net_src comp="3739" pin="1"/><net_sink comp="2444" pin=0"/></net>

<net id="3745"><net_src comp="3739" pin="1"/><net_sink comp="2867" pin=1"/></net>

<net id="3746"><net_src comp="3739" pin="1"/><net_sink comp="2895" pin=0"/></net>

<net id="3750"><net_src comp="386" pin="1"/><net_sink comp="3747" pin=0"/></net>

<net id="3751"><net_src comp="3747" pin="1"/><net_sink comp="2096" pin=1"/></net>

<net id="3752"><net_src comp="3747" pin="1"/><net_sink comp="2447" pin=0"/></net>

<net id="3753"><net_src comp="3747" pin="1"/><net_sink comp="2863" pin=1"/></net>

<net id="3754"><net_src comp="3747" pin="1"/><net_sink comp="2899" pin=0"/></net>

<net id="3758"><net_src comp="390" pin="1"/><net_sink comp="3755" pin=0"/></net>

<net id="3759"><net_src comp="3755" pin="1"/><net_sink comp="2091" pin=1"/></net>

<net id="3760"><net_src comp="3755" pin="1"/><net_sink comp="2450" pin=0"/></net>

<net id="3761"><net_src comp="3755" pin="1"/><net_sink comp="2859" pin=1"/></net>

<net id="3762"><net_src comp="3755" pin="1"/><net_sink comp="2903" pin=0"/></net>

<net id="3766"><net_src comp="394" pin="1"/><net_sink comp="3763" pin=0"/></net>

<net id="3767"><net_src comp="3763" pin="1"/><net_sink comp="2086" pin=1"/></net>

<net id="3768"><net_src comp="3763" pin="1"/><net_sink comp="2453" pin=0"/></net>

<net id="3769"><net_src comp="3763" pin="1"/><net_sink comp="2855" pin=1"/></net>

<net id="3770"><net_src comp="3763" pin="1"/><net_sink comp="2907" pin=0"/></net>

<net id="3774"><net_src comp="398" pin="1"/><net_sink comp="3771" pin=0"/></net>

<net id="3775"><net_src comp="3771" pin="1"/><net_sink comp="2081" pin=1"/></net>

<net id="3776"><net_src comp="3771" pin="1"/><net_sink comp="2456" pin=0"/></net>

<net id="3777"><net_src comp="3771" pin="1"/><net_sink comp="2851" pin=1"/></net>

<net id="3778"><net_src comp="3771" pin="1"/><net_sink comp="2911" pin=0"/></net>

<net id="3782"><net_src comp="402" pin="1"/><net_sink comp="3779" pin=0"/></net>

<net id="3783"><net_src comp="3779" pin="1"/><net_sink comp="2076" pin=1"/></net>

<net id="3784"><net_src comp="3779" pin="1"/><net_sink comp="2459" pin=0"/></net>

<net id="3785"><net_src comp="3779" pin="1"/><net_sink comp="2847" pin=1"/></net>

<net id="3786"><net_src comp="3779" pin="1"/><net_sink comp="2915" pin=0"/></net>

<net id="3790"><net_src comp="406" pin="1"/><net_sink comp="3787" pin=0"/></net>

<net id="3791"><net_src comp="3787" pin="1"/><net_sink comp="2071" pin=1"/></net>

<net id="3792"><net_src comp="3787" pin="1"/><net_sink comp="2462" pin=0"/></net>

<net id="3793"><net_src comp="3787" pin="1"/><net_sink comp="2843" pin=1"/></net>

<net id="3794"><net_src comp="3787" pin="1"/><net_sink comp="2919" pin=0"/></net>

<net id="3798"><net_src comp="410" pin="1"/><net_sink comp="3795" pin=0"/></net>

<net id="3799"><net_src comp="3795" pin="1"/><net_sink comp="2066" pin=1"/></net>

<net id="3800"><net_src comp="3795" pin="1"/><net_sink comp="2465" pin=0"/></net>

<net id="3801"><net_src comp="3795" pin="1"/><net_sink comp="2839" pin=1"/></net>

<net id="3802"><net_src comp="3795" pin="1"/><net_sink comp="2923" pin=0"/></net>

<net id="3806"><net_src comp="414" pin="1"/><net_sink comp="3803" pin=0"/></net>

<net id="3807"><net_src comp="3803" pin="1"/><net_sink comp="2061" pin=1"/></net>

<net id="3808"><net_src comp="3803" pin="1"/><net_sink comp="2468" pin=0"/></net>

<net id="3809"><net_src comp="3803" pin="1"/><net_sink comp="2835" pin=1"/></net>

<net id="3810"><net_src comp="3803" pin="1"/><net_sink comp="2927" pin=0"/></net>

<net id="3814"><net_src comp="418" pin="1"/><net_sink comp="3811" pin=0"/></net>

<net id="3815"><net_src comp="3811" pin="1"/><net_sink comp="2056" pin=1"/></net>

<net id="3816"><net_src comp="3811" pin="1"/><net_sink comp="2471" pin=0"/></net>

<net id="3817"><net_src comp="3811" pin="1"/><net_sink comp="2831" pin=1"/></net>

<net id="3818"><net_src comp="3811" pin="1"/><net_sink comp="2931" pin=0"/></net>

<net id="3822"><net_src comp="422" pin="1"/><net_sink comp="3819" pin=0"/></net>

<net id="3823"><net_src comp="3819" pin="1"/><net_sink comp="2051" pin=1"/></net>

<net id="3824"><net_src comp="3819" pin="1"/><net_sink comp="2474" pin=0"/></net>

<net id="3825"><net_src comp="3819" pin="1"/><net_sink comp="2827" pin=1"/></net>

<net id="3826"><net_src comp="3819" pin="1"/><net_sink comp="2935" pin=0"/></net>

<net id="3830"><net_src comp="426" pin="1"/><net_sink comp="3827" pin=0"/></net>

<net id="3831"><net_src comp="3827" pin="1"/><net_sink comp="2046" pin=1"/></net>

<net id="3832"><net_src comp="3827" pin="1"/><net_sink comp="2477" pin=0"/></net>

<net id="3833"><net_src comp="3827" pin="1"/><net_sink comp="2823" pin=1"/></net>

<net id="3834"><net_src comp="3827" pin="1"/><net_sink comp="2939" pin=0"/></net>

<net id="3838"><net_src comp="430" pin="1"/><net_sink comp="3835" pin=0"/></net>

<net id="3839"><net_src comp="3835" pin="1"/><net_sink comp="2041" pin=1"/></net>

<net id="3840"><net_src comp="3835" pin="1"/><net_sink comp="2480" pin=0"/></net>

<net id="3841"><net_src comp="3835" pin="1"/><net_sink comp="2819" pin=1"/></net>

<net id="3842"><net_src comp="3835" pin="1"/><net_sink comp="2943" pin=0"/></net>

<net id="3846"><net_src comp="434" pin="1"/><net_sink comp="3843" pin=0"/></net>

<net id="3847"><net_src comp="3843" pin="1"/><net_sink comp="2036" pin=1"/></net>

<net id="3848"><net_src comp="3843" pin="1"/><net_sink comp="2483" pin=0"/></net>

<net id="3849"><net_src comp="3843" pin="1"/><net_sink comp="2815" pin=1"/></net>

<net id="3850"><net_src comp="3843" pin="1"/><net_sink comp="2947" pin=0"/></net>

<net id="3854"><net_src comp="438" pin="1"/><net_sink comp="3851" pin=0"/></net>

<net id="3855"><net_src comp="3851" pin="1"/><net_sink comp="2031" pin=1"/></net>

<net id="3856"><net_src comp="3851" pin="1"/><net_sink comp="2486" pin=0"/></net>

<net id="3857"><net_src comp="3851" pin="1"/><net_sink comp="2811" pin=1"/></net>

<net id="3858"><net_src comp="3851" pin="1"/><net_sink comp="2951" pin=0"/></net>

<net id="3862"><net_src comp="442" pin="1"/><net_sink comp="3859" pin=0"/></net>

<net id="3863"><net_src comp="3859" pin="1"/><net_sink comp="2026" pin=1"/></net>

<net id="3864"><net_src comp="3859" pin="1"/><net_sink comp="2489" pin=0"/></net>

<net id="3865"><net_src comp="3859" pin="1"/><net_sink comp="2807" pin=1"/></net>

<net id="3866"><net_src comp="3859" pin="1"/><net_sink comp="2955" pin=0"/></net>

<net id="3870"><net_src comp="446" pin="1"/><net_sink comp="3867" pin=0"/></net>

<net id="3871"><net_src comp="3867" pin="1"/><net_sink comp="2021" pin=1"/></net>

<net id="3872"><net_src comp="3867" pin="1"/><net_sink comp="2492" pin=0"/></net>

<net id="3873"><net_src comp="3867" pin="1"/><net_sink comp="2803" pin=1"/></net>

<net id="3874"><net_src comp="3867" pin="1"/><net_sink comp="2959" pin=0"/></net>

<net id="3878"><net_src comp="450" pin="1"/><net_sink comp="3875" pin=0"/></net>

<net id="3879"><net_src comp="3875" pin="1"/><net_sink comp="2016" pin=1"/></net>

<net id="3880"><net_src comp="3875" pin="1"/><net_sink comp="2495" pin=0"/></net>

<net id="3881"><net_src comp="3875" pin="1"/><net_sink comp="2799" pin=1"/></net>

<net id="3882"><net_src comp="3875" pin="1"/><net_sink comp="2963" pin=0"/></net>

<net id="3886"><net_src comp="454" pin="1"/><net_sink comp="3883" pin=0"/></net>

<net id="3887"><net_src comp="3883" pin="1"/><net_sink comp="2011" pin=1"/></net>

<net id="3888"><net_src comp="3883" pin="1"/><net_sink comp="2498" pin=0"/></net>

<net id="3889"><net_src comp="3883" pin="1"/><net_sink comp="2795" pin=1"/></net>

<net id="3890"><net_src comp="3883" pin="1"/><net_sink comp="2967" pin=0"/></net>

<net id="3894"><net_src comp="458" pin="1"/><net_sink comp="3891" pin=0"/></net>

<net id="3895"><net_src comp="3891" pin="1"/><net_sink comp="2006" pin=1"/></net>

<net id="3896"><net_src comp="3891" pin="1"/><net_sink comp="2501" pin=0"/></net>

<net id="3897"><net_src comp="3891" pin="1"/><net_sink comp="2791" pin=1"/></net>

<net id="3898"><net_src comp="3891" pin="1"/><net_sink comp="2971" pin=0"/></net>

<net id="3902"><net_src comp="462" pin="1"/><net_sink comp="3899" pin=0"/></net>

<net id="3903"><net_src comp="3899" pin="1"/><net_sink comp="2001" pin=1"/></net>

<net id="3904"><net_src comp="3899" pin="1"/><net_sink comp="2504" pin=0"/></net>

<net id="3905"><net_src comp="3899" pin="1"/><net_sink comp="2787" pin=1"/></net>

<net id="3906"><net_src comp="3899" pin="1"/><net_sink comp="2975" pin=0"/></net>

<net id="3910"><net_src comp="466" pin="1"/><net_sink comp="3907" pin=0"/></net>

<net id="3911"><net_src comp="3907" pin="1"/><net_sink comp="1996" pin=1"/></net>

<net id="3912"><net_src comp="3907" pin="1"/><net_sink comp="2507" pin=0"/></net>

<net id="3913"><net_src comp="3907" pin="1"/><net_sink comp="2783" pin=1"/></net>

<net id="3914"><net_src comp="3907" pin="1"/><net_sink comp="2979" pin=0"/></net>

<net id="3918"><net_src comp="470" pin="1"/><net_sink comp="3915" pin=0"/></net>

<net id="3919"><net_src comp="3915" pin="1"/><net_sink comp="1991" pin=1"/></net>

<net id="3920"><net_src comp="3915" pin="1"/><net_sink comp="2510" pin=0"/></net>

<net id="3921"><net_src comp="3915" pin="1"/><net_sink comp="2779" pin=1"/></net>

<net id="3922"><net_src comp="3915" pin="1"/><net_sink comp="2983" pin=0"/></net>

<net id="3926"><net_src comp="474" pin="1"/><net_sink comp="3923" pin=0"/></net>

<net id="3927"><net_src comp="3923" pin="1"/><net_sink comp="1986" pin=1"/></net>

<net id="3928"><net_src comp="3923" pin="1"/><net_sink comp="2513" pin=0"/></net>

<net id="3929"><net_src comp="3923" pin="1"/><net_sink comp="2775" pin=1"/></net>

<net id="3930"><net_src comp="3923" pin="1"/><net_sink comp="2987" pin=0"/></net>

<net id="3934"><net_src comp="478" pin="1"/><net_sink comp="3931" pin=0"/></net>

<net id="3935"><net_src comp="3931" pin="1"/><net_sink comp="1981" pin=1"/></net>

<net id="3936"><net_src comp="3931" pin="1"/><net_sink comp="2516" pin=0"/></net>

<net id="3937"><net_src comp="3931" pin="1"/><net_sink comp="2771" pin=1"/></net>

<net id="3938"><net_src comp="3931" pin="1"/><net_sink comp="2991" pin=0"/></net>

<net id="3942"><net_src comp="482" pin="1"/><net_sink comp="3939" pin=0"/></net>

<net id="3943"><net_src comp="3939" pin="1"/><net_sink comp="1976" pin=1"/></net>

<net id="3944"><net_src comp="3939" pin="1"/><net_sink comp="2519" pin=0"/></net>

<net id="3945"><net_src comp="3939" pin="1"/><net_sink comp="2767" pin=1"/></net>

<net id="3946"><net_src comp="3939" pin="1"/><net_sink comp="2995" pin=0"/></net>

<net id="3950"><net_src comp="486" pin="1"/><net_sink comp="3947" pin=0"/></net>

<net id="3951"><net_src comp="3947" pin="1"/><net_sink comp="1971" pin=1"/></net>

<net id="3952"><net_src comp="3947" pin="1"/><net_sink comp="2522" pin=0"/></net>

<net id="3953"><net_src comp="3947" pin="1"/><net_sink comp="2763" pin=1"/></net>

<net id="3954"><net_src comp="3947" pin="1"/><net_sink comp="2999" pin=0"/></net>

<net id="3958"><net_src comp="490" pin="1"/><net_sink comp="3955" pin=0"/></net>

<net id="3959"><net_src comp="3955" pin="1"/><net_sink comp="1966" pin=1"/></net>

<net id="3960"><net_src comp="3955" pin="1"/><net_sink comp="2525" pin=0"/></net>

<net id="3961"><net_src comp="3955" pin="1"/><net_sink comp="2759" pin=1"/></net>

<net id="3962"><net_src comp="3955" pin="1"/><net_sink comp="3003" pin=0"/></net>

<net id="3966"><net_src comp="494" pin="1"/><net_sink comp="3963" pin=0"/></net>

<net id="3967"><net_src comp="3963" pin="1"/><net_sink comp="1961" pin=1"/></net>

<net id="3968"><net_src comp="3963" pin="1"/><net_sink comp="2528" pin=0"/></net>

<net id="3969"><net_src comp="3963" pin="1"/><net_sink comp="2755" pin=1"/></net>

<net id="3970"><net_src comp="3963" pin="1"/><net_sink comp="3007" pin=0"/></net>

<net id="3974"><net_src comp="498" pin="1"/><net_sink comp="3971" pin=0"/></net>

<net id="3975"><net_src comp="3971" pin="1"/><net_sink comp="1956" pin=1"/></net>

<net id="3976"><net_src comp="3971" pin="1"/><net_sink comp="2531" pin=0"/></net>

<net id="3977"><net_src comp="3971" pin="1"/><net_sink comp="2751" pin=1"/></net>

<net id="3978"><net_src comp="3971" pin="1"/><net_sink comp="3011" pin=0"/></net>

<net id="3982"><net_src comp="502" pin="1"/><net_sink comp="3979" pin=0"/></net>

<net id="3983"><net_src comp="3979" pin="1"/><net_sink comp="1951" pin=1"/></net>

<net id="3984"><net_src comp="3979" pin="1"/><net_sink comp="2534" pin=0"/></net>

<net id="3985"><net_src comp="3979" pin="1"/><net_sink comp="2747" pin=1"/></net>

<net id="3986"><net_src comp="3979" pin="1"/><net_sink comp="3015" pin=0"/></net>

<net id="3990"><net_src comp="506" pin="1"/><net_sink comp="3987" pin=0"/></net>

<net id="3991"><net_src comp="3987" pin="1"/><net_sink comp="1946" pin=1"/></net>

<net id="3992"><net_src comp="3987" pin="1"/><net_sink comp="2537" pin=0"/></net>

<net id="3993"><net_src comp="3987" pin="1"/><net_sink comp="2743" pin=1"/></net>

<net id="3994"><net_src comp="3987" pin="1"/><net_sink comp="3019" pin=0"/></net>

<net id="3998"><net_src comp="510" pin="1"/><net_sink comp="3995" pin=0"/></net>

<net id="3999"><net_src comp="3995" pin="1"/><net_sink comp="1941" pin=1"/></net>

<net id="4000"><net_src comp="3995" pin="1"/><net_sink comp="2540" pin=0"/></net>

<net id="4001"><net_src comp="3995" pin="1"/><net_sink comp="2739" pin=1"/></net>

<net id="4002"><net_src comp="3995" pin="1"/><net_sink comp="3023" pin=0"/></net>

<net id="4006"><net_src comp="514" pin="1"/><net_sink comp="4003" pin=0"/></net>

<net id="4007"><net_src comp="4003" pin="1"/><net_sink comp="1936" pin=1"/></net>

<net id="4008"><net_src comp="4003" pin="1"/><net_sink comp="2543" pin=0"/></net>

<net id="4009"><net_src comp="4003" pin="1"/><net_sink comp="2735" pin=1"/></net>

<net id="4010"><net_src comp="4003" pin="1"/><net_sink comp="3027" pin=0"/></net>

<net id="4014"><net_src comp="518" pin="1"/><net_sink comp="4011" pin=0"/></net>

<net id="4015"><net_src comp="4011" pin="1"/><net_sink comp="1931" pin=1"/></net>

<net id="4016"><net_src comp="4011" pin="1"/><net_sink comp="2546" pin=0"/></net>

<net id="4017"><net_src comp="4011" pin="1"/><net_sink comp="2731" pin=1"/></net>

<net id="4018"><net_src comp="4011" pin="1"/><net_sink comp="3031" pin=0"/></net>

<net id="4022"><net_src comp="522" pin="1"/><net_sink comp="4019" pin=0"/></net>

<net id="4023"><net_src comp="4019" pin="1"/><net_sink comp="1926" pin=1"/></net>

<net id="4024"><net_src comp="4019" pin="1"/><net_sink comp="2549" pin=0"/></net>

<net id="4025"><net_src comp="4019" pin="1"/><net_sink comp="2727" pin=1"/></net>

<net id="4026"><net_src comp="4019" pin="1"/><net_sink comp="3035" pin=0"/></net>

<net id="4030"><net_src comp="526" pin="1"/><net_sink comp="4027" pin=0"/></net>

<net id="4031"><net_src comp="4027" pin="1"/><net_sink comp="1921" pin=1"/></net>

<net id="4032"><net_src comp="4027" pin="1"/><net_sink comp="2552" pin=0"/></net>

<net id="4033"><net_src comp="4027" pin="1"/><net_sink comp="2723" pin=1"/></net>

<net id="4034"><net_src comp="4027" pin="1"/><net_sink comp="3039" pin=0"/></net>

<net id="4038"><net_src comp="530" pin="1"/><net_sink comp="4035" pin=0"/></net>

<net id="4039"><net_src comp="4035" pin="1"/><net_sink comp="1916" pin=1"/></net>

<net id="4040"><net_src comp="4035" pin="1"/><net_sink comp="2555" pin=0"/></net>

<net id="4041"><net_src comp="4035" pin="1"/><net_sink comp="2719" pin=1"/></net>

<net id="4042"><net_src comp="4035" pin="1"/><net_sink comp="3043" pin=0"/></net>

<net id="4046"><net_src comp="534" pin="1"/><net_sink comp="4043" pin=0"/></net>

<net id="4047"><net_src comp="4043" pin="1"/><net_sink comp="1911" pin=1"/></net>

<net id="4048"><net_src comp="4043" pin="1"/><net_sink comp="2558" pin=0"/></net>

<net id="4049"><net_src comp="4043" pin="1"/><net_sink comp="2715" pin=1"/></net>

<net id="4050"><net_src comp="4043" pin="1"/><net_sink comp="3047" pin=0"/></net>

<net id="4054"><net_src comp="538" pin="1"/><net_sink comp="4051" pin=0"/></net>

<net id="4055"><net_src comp="4051" pin="1"/><net_sink comp="1906" pin=1"/></net>

<net id="4056"><net_src comp="4051" pin="1"/><net_sink comp="2561" pin=0"/></net>

<net id="4057"><net_src comp="4051" pin="1"/><net_sink comp="2711" pin=1"/></net>

<net id="4058"><net_src comp="4051" pin="1"/><net_sink comp="3051" pin=0"/></net>

<net id="4062"><net_src comp="542" pin="1"/><net_sink comp="4059" pin=0"/></net>

<net id="4063"><net_src comp="4059" pin="1"/><net_sink comp="1901" pin=1"/></net>

<net id="4064"><net_src comp="4059" pin="1"/><net_sink comp="2564" pin=0"/></net>

<net id="4065"><net_src comp="4059" pin="1"/><net_sink comp="2707" pin=1"/></net>

<net id="4066"><net_src comp="4059" pin="1"/><net_sink comp="3055" pin=0"/></net>

<net id="4070"><net_src comp="546" pin="1"/><net_sink comp="4067" pin=0"/></net>

<net id="4071"><net_src comp="4067" pin="1"/><net_sink comp="1896" pin=1"/></net>

<net id="4072"><net_src comp="4067" pin="1"/><net_sink comp="2567" pin=0"/></net>

<net id="4073"><net_src comp="4067" pin="1"/><net_sink comp="2703" pin=1"/></net>

<net id="4074"><net_src comp="4067" pin="1"/><net_sink comp="3059" pin=0"/></net>

<net id="4078"><net_src comp="550" pin="1"/><net_sink comp="4075" pin=0"/></net>

<net id="4079"><net_src comp="4075" pin="1"/><net_sink comp="1891" pin=1"/></net>

<net id="4080"><net_src comp="4075" pin="1"/><net_sink comp="2570" pin=0"/></net>

<net id="4081"><net_src comp="4075" pin="1"/><net_sink comp="2699" pin=1"/></net>

<net id="4082"><net_src comp="4075" pin="1"/><net_sink comp="3063" pin=0"/></net>

<net id="4086"><net_src comp="554" pin="1"/><net_sink comp="4083" pin=0"/></net>

<net id="4087"><net_src comp="4083" pin="1"/><net_sink comp="1886" pin=1"/></net>

<net id="4088"><net_src comp="4083" pin="1"/><net_sink comp="2573" pin=0"/></net>

<net id="4089"><net_src comp="4083" pin="1"/><net_sink comp="2695" pin=1"/></net>

<net id="4090"><net_src comp="4083" pin="1"/><net_sink comp="3067" pin=0"/></net>

<net id="4094"><net_src comp="558" pin="1"/><net_sink comp="4091" pin=0"/></net>

<net id="4095"><net_src comp="4091" pin="1"/><net_sink comp="1881" pin=1"/></net>

<net id="4096"><net_src comp="4091" pin="1"/><net_sink comp="2576" pin=0"/></net>

<net id="4097"><net_src comp="4091" pin="1"/><net_sink comp="2691" pin=1"/></net>

<net id="4098"><net_src comp="4091" pin="1"/><net_sink comp="3071" pin=0"/></net>

<net id="4102"><net_src comp="562" pin="1"/><net_sink comp="4099" pin=0"/></net>

<net id="4103"><net_src comp="4099" pin="1"/><net_sink comp="1876" pin=1"/></net>

<net id="4104"><net_src comp="4099" pin="1"/><net_sink comp="2579" pin=0"/></net>

<net id="4105"><net_src comp="4099" pin="1"/><net_sink comp="2687" pin=1"/></net>

<net id="4106"><net_src comp="4099" pin="1"/><net_sink comp="3075" pin=0"/></net>

<net id="4110"><net_src comp="566" pin="1"/><net_sink comp="4107" pin=0"/></net>

<net id="4111"><net_src comp="4107" pin="1"/><net_sink comp="1871" pin=1"/></net>

<net id="4112"><net_src comp="4107" pin="1"/><net_sink comp="2582" pin=0"/></net>

<net id="4113"><net_src comp="4107" pin="1"/><net_sink comp="2683" pin=1"/></net>

<net id="4114"><net_src comp="4107" pin="1"/><net_sink comp="3079" pin=0"/></net>

<net id="4118"><net_src comp="570" pin="1"/><net_sink comp="4115" pin=0"/></net>

<net id="4119"><net_src comp="4115" pin="1"/><net_sink comp="1866" pin=1"/></net>

<net id="4120"><net_src comp="4115" pin="1"/><net_sink comp="2585" pin=0"/></net>

<net id="4121"><net_src comp="4115" pin="1"/><net_sink comp="2679" pin=1"/></net>

<net id="4122"><net_src comp="4115" pin="1"/><net_sink comp="3083" pin=0"/></net>

<net id="4126"><net_src comp="574" pin="1"/><net_sink comp="4123" pin=0"/></net>

<net id="4127"><net_src comp="4123" pin="1"/><net_sink comp="1861" pin=1"/></net>

<net id="4128"><net_src comp="4123" pin="1"/><net_sink comp="2588" pin=0"/></net>

<net id="4129"><net_src comp="4123" pin="1"/><net_sink comp="2675" pin=1"/></net>

<net id="4130"><net_src comp="4123" pin="1"/><net_sink comp="3087" pin=0"/></net>

<net id="4134"><net_src comp="578" pin="1"/><net_sink comp="4131" pin=0"/></net>

<net id="4135"><net_src comp="4131" pin="1"/><net_sink comp="1856" pin=1"/></net>

<net id="4136"><net_src comp="4131" pin="1"/><net_sink comp="2591" pin=0"/></net>

<net id="4137"><net_src comp="4131" pin="1"/><net_sink comp="2671" pin=1"/></net>

<net id="4138"><net_src comp="4131" pin="1"/><net_sink comp="3091" pin=0"/></net>

<net id="4142"><net_src comp="582" pin="1"/><net_sink comp="4139" pin=0"/></net>

<net id="4143"><net_src comp="4139" pin="1"/><net_sink comp="1851" pin=1"/></net>

<net id="4144"><net_src comp="4139" pin="1"/><net_sink comp="2594" pin=0"/></net>

<net id="4145"><net_src comp="4139" pin="1"/><net_sink comp="2667" pin=1"/></net>

<net id="4146"><net_src comp="4139" pin="1"/><net_sink comp="3095" pin=0"/></net>

<net id="4150"><net_src comp="586" pin="1"/><net_sink comp="4147" pin=0"/></net>

<net id="4151"><net_src comp="4147" pin="1"/><net_sink comp="1846" pin=1"/></net>

<net id="4152"><net_src comp="4147" pin="1"/><net_sink comp="2597" pin=0"/></net>

<net id="4153"><net_src comp="4147" pin="1"/><net_sink comp="2663" pin=1"/></net>

<net id="4154"><net_src comp="4147" pin="1"/><net_sink comp="3099" pin=0"/></net>

<net id="4158"><net_src comp="590" pin="1"/><net_sink comp="4155" pin=0"/></net>

<net id="4159"><net_src comp="4155" pin="1"/><net_sink comp="1841" pin=1"/></net>

<net id="4160"><net_src comp="4155" pin="1"/><net_sink comp="2600" pin=0"/></net>

<net id="4161"><net_src comp="4155" pin="1"/><net_sink comp="2659" pin=1"/></net>

<net id="4162"><net_src comp="4155" pin="1"/><net_sink comp="3103" pin=0"/></net>

<net id="4166"><net_src comp="594" pin="1"/><net_sink comp="4163" pin=0"/></net>

<net id="4167"><net_src comp="4163" pin="1"/><net_sink comp="1836" pin=1"/></net>

<net id="4168"><net_src comp="4163" pin="1"/><net_sink comp="2603" pin=0"/></net>

<net id="4169"><net_src comp="4163" pin="1"/><net_sink comp="2655" pin=1"/></net>

<net id="4170"><net_src comp="4163" pin="1"/><net_sink comp="3107" pin=0"/></net>

<net id="4174"><net_src comp="598" pin="1"/><net_sink comp="4171" pin=0"/></net>

<net id="4175"><net_src comp="4171" pin="1"/><net_sink comp="1831" pin=1"/></net>

<net id="4176"><net_src comp="4171" pin="1"/><net_sink comp="2606" pin=0"/></net>

<net id="4177"><net_src comp="4171" pin="1"/><net_sink comp="2651" pin=1"/></net>

<net id="4178"><net_src comp="4171" pin="1"/><net_sink comp="3111" pin=0"/></net>

<net id="4182"><net_src comp="602" pin="1"/><net_sink comp="4179" pin=0"/></net>

<net id="4183"><net_src comp="4179" pin="1"/><net_sink comp="1826" pin=1"/></net>

<net id="4184"><net_src comp="4179" pin="1"/><net_sink comp="2609" pin=0"/></net>

<net id="4185"><net_src comp="4179" pin="1"/><net_sink comp="2647" pin=1"/></net>

<net id="4186"><net_src comp="4179" pin="1"/><net_sink comp="3115" pin=0"/></net>

<net id="4190"><net_src comp="606" pin="1"/><net_sink comp="4187" pin=0"/></net>

<net id="4191"><net_src comp="4187" pin="1"/><net_sink comp="1821" pin=1"/></net>

<net id="4192"><net_src comp="4187" pin="1"/><net_sink comp="2612" pin=0"/></net>

<net id="4193"><net_src comp="4187" pin="1"/><net_sink comp="2643" pin=1"/></net>

<net id="4194"><net_src comp="4187" pin="1"/><net_sink comp="3119" pin=0"/></net>

<net id="4198"><net_src comp="610" pin="1"/><net_sink comp="4195" pin=0"/></net>

<net id="4199"><net_src comp="4195" pin="1"/><net_sink comp="1816" pin=1"/></net>

<net id="4200"><net_src comp="4195" pin="1"/><net_sink comp="2615" pin=0"/></net>

<net id="4201"><net_src comp="4195" pin="1"/><net_sink comp="2639" pin=1"/></net>

<net id="4202"><net_src comp="4195" pin="1"/><net_sink comp="3123" pin=0"/></net>

<net id="4206"><net_src comp="614" pin="1"/><net_sink comp="4203" pin=0"/></net>

<net id="4207"><net_src comp="4203" pin="1"/><net_sink comp="1811" pin=1"/></net>

<net id="4208"><net_src comp="4203" pin="1"/><net_sink comp="2618" pin=0"/></net>

<net id="4209"><net_src comp="4203" pin="1"/><net_sink comp="2635" pin=1"/></net>

<net id="4210"><net_src comp="4203" pin="1"/><net_sink comp="3127" pin=0"/></net>

<net id="4214"><net_src comp="618" pin="1"/><net_sink comp="4211" pin=0"/></net>

<net id="4215"><net_src comp="4211" pin="1"/><net_sink comp="1806" pin=1"/></net>

<net id="4216"><net_src comp="4211" pin="1"/><net_sink comp="2621" pin=0"/></net>

<net id="4217"><net_src comp="4211" pin="1"/><net_sink comp="2631" pin=1"/></net>

<net id="4218"><net_src comp="4211" pin="1"/><net_sink comp="3131" pin=0"/></net>

<net id="4222"><net_src comp="622" pin="1"/><net_sink comp="4219" pin=0"/></net>

<net id="4223"><net_src comp="4219" pin="1"/><net_sink comp="1801" pin=1"/></net>

<net id="4224"><net_src comp="4219" pin="1"/><net_sink comp="2624" pin=0"/></net>

<net id="4225"><net_src comp="4219" pin="1"/><net_sink comp="2627" pin=1"/></net>

<net id="4226"><net_src comp="4219" pin="1"/><net_sink comp="3135" pin=0"/></net>

<net id="4230"><net_src comp="626" pin="1"/><net_sink comp="4227" pin=0"/></net>

<net id="4231"><net_src comp="4227" pin="1"/><net_sink comp="1796" pin=1"/></net>

<net id="4232"><net_src comp="4227" pin="1"/><net_sink comp="2121" pin=0"/></net>

<net id="4233"><net_src comp="4227" pin="1"/><net_sink comp="2161" pin=1"/></net>

<net id="4237"><net_src comp="630" pin="2"/><net_sink comp="4234" pin=0"/></net>

<net id="4238"><net_src comp="4234" pin="1"/><net_sink comp="2418" pin=0"/></net>

<net id="4242"><net_src comp="636" pin="2"/><net_sink comp="4239" pin=0"/></net>

<net id="4243"><net_src comp="4239" pin="1"/><net_sink comp="2401" pin=0"/></net>

<net id="4247"><net_src comp="642" pin="2"/><net_sink comp="4244" pin=0"/></net>

<net id="4248"><net_src comp="4244" pin="1"/><net_sink comp="2384" pin=0"/></net>

<net id="4252"><net_src comp="648" pin="2"/><net_sink comp="4249" pin=0"/></net>

<net id="4253"><net_src comp="4249" pin="1"/><net_sink comp="2367" pin=0"/></net>

<net id="4257"><net_src comp="654" pin="2"/><net_sink comp="4254" pin=0"/></net>

<net id="4258"><net_src comp="4254" pin="1"/><net_sink comp="2350" pin=0"/></net>

<net id="4262"><net_src comp="660" pin="2"/><net_sink comp="4259" pin=0"/></net>

<net id="4263"><net_src comp="4259" pin="1"/><net_sink comp="2333" pin=0"/></net>

<net id="4267"><net_src comp="666" pin="2"/><net_sink comp="4264" pin=0"/></net>

<net id="4268"><net_src comp="4264" pin="1"/><net_sink comp="2316" pin=0"/></net>

<net id="4272"><net_src comp="672" pin="2"/><net_sink comp="4269" pin=0"/></net>

<net id="4273"><net_src comp="4269" pin="1"/><net_sink comp="2300" pin=1"/></net>

<net id="4277"><net_src comp="678" pin="2"/><net_sink comp="4274" pin=0"/></net>

<net id="4278"><net_src comp="4274" pin="1"/><net_sink comp="2284" pin=1"/></net>

<net id="4282"><net_src comp="684" pin="2"/><net_sink comp="4279" pin=0"/></net>

<net id="4283"><net_src comp="4279" pin="1"/><net_sink comp="2268" pin=1"/></net>

<net id="4287"><net_src comp="690" pin="2"/><net_sink comp="4284" pin=0"/></net>

<net id="4288"><net_src comp="4284" pin="1"/><net_sink comp="2252" pin=1"/></net>

<net id="4292"><net_src comp="696" pin="2"/><net_sink comp="4289" pin=0"/></net>

<net id="4293"><net_src comp="4289" pin="1"/><net_sink comp="2236" pin=1"/></net>

<net id="4297"><net_src comp="702" pin="2"/><net_sink comp="4294" pin=0"/></net>

<net id="4298"><net_src comp="4294" pin="1"/><net_sink comp="2220" pin=1"/></net>

<net id="4302"><net_src comp="708" pin="2"/><net_sink comp="4299" pin=0"/></net>

<net id="4303"><net_src comp="4299" pin="1"/><net_sink comp="2204" pin=1"/></net>

<net id="4307"><net_src comp="714" pin="2"/><net_sink comp="4304" pin=0"/></net>

<net id="4308"><net_src comp="4304" pin="1"/><net_sink comp="2184" pin=1"/></net>

<net id="4312"><net_src comp="720" pin="2"/><net_sink comp="4309" pin=0"/></net>

<net id="4313"><net_src comp="4309" pin="1"/><net_sink comp="2171" pin=0"/></net>

<net id="4317"><net_src comp="1784" pin="1"/><net_sink comp="4314" pin=0"/></net>

<net id="4318"><net_src comp="4314" pin="1"/><net_sink comp="2145" pin=1"/></net>

<net id="4319"><net_src comp="4314" pin="1"/><net_sink comp="2150" pin=1"/></net>

<net id="4323"><net_src comp="1788" pin="1"/><net_sink comp="4320" pin=0"/></net>

<net id="4324"><net_src comp="4320" pin="1"/><net_sink comp="2140" pin=1"/></net>

<net id="4328"><net_src comp="2140" pin="2"/><net_sink comp="4325" pin=0"/></net>

<net id="4332"><net_src comp="2145" pin="2"/><net_sink comp="4329" pin=0"/></net>

<net id="4333"><net_src comp="4329" pin="1"/><net_sink comp="2184" pin=0"/></net>

<net id="4334"><net_src comp="4329" pin="1"/><net_sink comp="2204" pin=0"/></net>

<net id="4335"><net_src comp="4329" pin="1"/><net_sink comp="2220" pin=0"/></net>

<net id="4336"><net_src comp="4329" pin="1"/><net_sink comp="2236" pin=0"/></net>

<net id="4337"><net_src comp="4329" pin="1"/><net_sink comp="2252" pin=0"/></net>

<net id="4338"><net_src comp="4329" pin="1"/><net_sink comp="2268" pin=0"/></net>

<net id="4339"><net_src comp="4329" pin="1"/><net_sink comp="2284" pin=0"/></net>

<net id="4340"><net_src comp="4329" pin="1"/><net_sink comp="2300" pin=0"/></net>

<net id="4344"><net_src comp="1576" pin="3"/><net_sink comp="4341" pin=0"/></net>

<net id="4345"><net_src comp="4341" pin="1"/><net_sink comp="1632" pin=0"/></net>

<net id="4349"><net_src comp="1583" pin="3"/><net_sink comp="4346" pin=0"/></net>

<net id="4350"><net_src comp="4346" pin="1"/><net_sink comp="1742" pin=0"/></net>

<net id="4354"><net_src comp="1590" pin="3"/><net_sink comp="4351" pin=0"/></net>

<net id="4355"><net_src comp="4351" pin="1"/><net_sink comp="1748" pin=0"/></net>

<net id="4359"><net_src comp="1597" pin="3"/><net_sink comp="4356" pin=0"/></net>

<net id="4360"><net_src comp="4356" pin="1"/><net_sink comp="1754" pin=0"/></net>

<net id="4364"><net_src comp="1604" pin="3"/><net_sink comp="4361" pin=0"/></net>

<net id="4365"><net_src comp="4361" pin="1"/><net_sink comp="1760" pin=0"/></net>

<net id="4369"><net_src comp="1611" pin="3"/><net_sink comp="4366" pin=0"/></net>

<net id="4370"><net_src comp="4366" pin="1"/><net_sink comp="1766" pin=0"/></net>

<net id="4374"><net_src comp="1618" pin="3"/><net_sink comp="4371" pin=0"/></net>

<net id="4375"><net_src comp="4371" pin="1"/><net_sink comp="1772" pin=0"/></net>

<net id="4379"><net_src comp="1625" pin="3"/><net_sink comp="4376" pin=0"/></net>

<net id="4380"><net_src comp="4376" pin="1"/><net_sink comp="1778" pin=0"/></net>

<net id="4384"><net_src comp="2150" pin="2"/><net_sink comp="4381" pin=0"/></net>

<net id="4385"><net_src comp="4381" pin="1"/><net_sink comp="2166" pin=0"/></net>

<net id="4389"><net_src comp="1638" pin="3"/><net_sink comp="4386" pin=0"/></net>

<net id="4390"><net_src comp="4386" pin="1"/><net_sink comp="1645" pin=0"/></net>

<net id="4394"><net_src comp="1651" pin="3"/><net_sink comp="4391" pin=0"/></net>

<net id="4395"><net_src comp="4391" pin="1"/><net_sink comp="1658" pin=0"/></net>

<net id="4399"><net_src comp="1664" pin="3"/><net_sink comp="4396" pin=0"/></net>

<net id="4400"><net_src comp="4396" pin="1"/><net_sink comp="1671" pin=0"/></net>

<net id="4404"><net_src comp="1677" pin="3"/><net_sink comp="4401" pin=0"/></net>

<net id="4405"><net_src comp="4401" pin="1"/><net_sink comp="1684" pin=0"/></net>

<net id="4409"><net_src comp="1690" pin="3"/><net_sink comp="4406" pin=0"/></net>

<net id="4410"><net_src comp="4406" pin="1"/><net_sink comp="1697" pin=0"/></net>

<net id="4414"><net_src comp="1703" pin="3"/><net_sink comp="4411" pin=0"/></net>

<net id="4415"><net_src comp="4411" pin="1"/><net_sink comp="1710" pin=0"/></net>

<net id="4419"><net_src comp="1716" pin="3"/><net_sink comp="4416" pin=0"/></net>

<net id="4420"><net_src comp="4416" pin="1"/><net_sink comp="1723" pin=0"/></net>

<net id="4424"><net_src comp="1729" pin="3"/><net_sink comp="4421" pin=0"/></net>

<net id="4425"><net_src comp="4421" pin="1"/><net_sink comp="1736" pin=0"/></net>

<net id="4429"><net_src comp="2196" pin="1"/><net_sink comp="4426" pin=0"/></net>

<net id="4430"><net_src comp="4426" pin="1"/><net_sink comp="3139" pin=1"/></net>

<net id="4431"><net_src comp="4426" pin="1"/><net_sink comp="3148" pin=1"/></net>

<net id="4432"><net_src comp="4426" pin="1"/><net_sink comp="3157" pin=1"/></net>

<net id="4433"><net_src comp="4426" pin="1"/><net_sink comp="3166" pin=1"/></net>

<net id="4434"><net_src comp="4426" pin="1"/><net_sink comp="3175" pin=1"/></net>

<net id="4435"><net_src comp="4426" pin="1"/><net_sink comp="3184" pin=1"/></net>

<net id="4436"><net_src comp="4426" pin="1"/><net_sink comp="3193" pin=1"/></net>

<net id="4437"><net_src comp="4426" pin="1"/><net_sink comp="3202" pin=1"/></net>

<net id="4441"><net_src comp="2200" pin="1"/><net_sink comp="4438" pin=0"/></net>

<net id="4442"><net_src comp="4438" pin="1"/><net_sink comp="3139" pin=0"/></net>

<net id="4443"><net_src comp="4438" pin="1"/><net_sink comp="3211" pin=0"/></net>

<net id="4444"><net_src comp="4438" pin="1"/><net_sink comp="3283" pin=0"/></net>

<net id="4445"><net_src comp="4438" pin="1"/><net_sink comp="3355" pin=0"/></net>

<net id="4446"><net_src comp="4438" pin="1"/><net_sink comp="3427" pin=0"/></net>

<net id="4447"><net_src comp="4438" pin="1"/><net_sink comp="3499" pin=0"/></net>

<net id="4448"><net_src comp="4438" pin="1"/><net_sink comp="3571" pin=0"/></net>

<net id="4449"><net_src comp="4438" pin="1"/><net_sink comp="3643" pin=0"/></net>

<net id="4453"><net_src comp="2216" pin="1"/><net_sink comp="4450" pin=0"/></net>

<net id="4454"><net_src comp="4450" pin="1"/><net_sink comp="3148" pin=0"/></net>

<net id="4455"><net_src comp="4450" pin="1"/><net_sink comp="3220" pin=0"/></net>

<net id="4456"><net_src comp="4450" pin="1"/><net_sink comp="3292" pin=0"/></net>

<net id="4457"><net_src comp="4450" pin="1"/><net_sink comp="3364" pin=0"/></net>

<net id="4458"><net_src comp="4450" pin="1"/><net_sink comp="3436" pin=0"/></net>

<net id="4459"><net_src comp="4450" pin="1"/><net_sink comp="3508" pin=0"/></net>

<net id="4460"><net_src comp="4450" pin="1"/><net_sink comp="3580" pin=0"/></net>

<net id="4461"><net_src comp="4450" pin="1"/><net_sink comp="3652" pin=0"/></net>

<net id="4465"><net_src comp="2232" pin="1"/><net_sink comp="4462" pin=0"/></net>

<net id="4466"><net_src comp="4462" pin="1"/><net_sink comp="3157" pin=0"/></net>

<net id="4467"><net_src comp="4462" pin="1"/><net_sink comp="3229" pin=0"/></net>

<net id="4468"><net_src comp="4462" pin="1"/><net_sink comp="3301" pin=0"/></net>

<net id="4469"><net_src comp="4462" pin="1"/><net_sink comp="3373" pin=0"/></net>

<net id="4470"><net_src comp="4462" pin="1"/><net_sink comp="3445" pin=0"/></net>

<net id="4471"><net_src comp="4462" pin="1"/><net_sink comp="3517" pin=0"/></net>

<net id="4472"><net_src comp="4462" pin="1"/><net_sink comp="3589" pin=0"/></net>

<net id="4473"><net_src comp="4462" pin="1"/><net_sink comp="3661" pin=0"/></net>

<net id="4477"><net_src comp="2248" pin="1"/><net_sink comp="4474" pin=0"/></net>

<net id="4478"><net_src comp="4474" pin="1"/><net_sink comp="3166" pin=0"/></net>

<net id="4479"><net_src comp="4474" pin="1"/><net_sink comp="3238" pin=0"/></net>

<net id="4480"><net_src comp="4474" pin="1"/><net_sink comp="3310" pin=0"/></net>

<net id="4481"><net_src comp="4474" pin="1"/><net_sink comp="3382" pin=0"/></net>

<net id="4482"><net_src comp="4474" pin="1"/><net_sink comp="3454" pin=0"/></net>

<net id="4483"><net_src comp="4474" pin="1"/><net_sink comp="3526" pin=0"/></net>

<net id="4484"><net_src comp="4474" pin="1"/><net_sink comp="3598" pin=0"/></net>

<net id="4485"><net_src comp="4474" pin="1"/><net_sink comp="3670" pin=0"/></net>

<net id="4489"><net_src comp="2264" pin="1"/><net_sink comp="4486" pin=0"/></net>

<net id="4490"><net_src comp="4486" pin="1"/><net_sink comp="3175" pin=0"/></net>

<net id="4491"><net_src comp="4486" pin="1"/><net_sink comp="3247" pin=0"/></net>

<net id="4492"><net_src comp="4486" pin="1"/><net_sink comp="3319" pin=0"/></net>

<net id="4493"><net_src comp="4486" pin="1"/><net_sink comp="3391" pin=0"/></net>

<net id="4494"><net_src comp="4486" pin="1"/><net_sink comp="3463" pin=0"/></net>

<net id="4495"><net_src comp="4486" pin="1"/><net_sink comp="3535" pin=0"/></net>

<net id="4496"><net_src comp="4486" pin="1"/><net_sink comp="3607" pin=0"/></net>

<net id="4497"><net_src comp="4486" pin="1"/><net_sink comp="3679" pin=0"/></net>

<net id="4501"><net_src comp="2280" pin="1"/><net_sink comp="4498" pin=0"/></net>

<net id="4502"><net_src comp="4498" pin="1"/><net_sink comp="3184" pin=0"/></net>

<net id="4503"><net_src comp="4498" pin="1"/><net_sink comp="3256" pin=0"/></net>

<net id="4504"><net_src comp="4498" pin="1"/><net_sink comp="3328" pin=0"/></net>

<net id="4505"><net_src comp="4498" pin="1"/><net_sink comp="3400" pin=0"/></net>

<net id="4506"><net_src comp="4498" pin="1"/><net_sink comp="3472" pin=0"/></net>

<net id="4507"><net_src comp="4498" pin="1"/><net_sink comp="3544" pin=0"/></net>

<net id="4508"><net_src comp="4498" pin="1"/><net_sink comp="3616" pin=0"/></net>

<net id="4509"><net_src comp="4498" pin="1"/><net_sink comp="3688" pin=0"/></net>

<net id="4513"><net_src comp="2296" pin="1"/><net_sink comp="4510" pin=0"/></net>

<net id="4514"><net_src comp="4510" pin="1"/><net_sink comp="3193" pin=0"/></net>

<net id="4515"><net_src comp="4510" pin="1"/><net_sink comp="3265" pin=0"/></net>

<net id="4516"><net_src comp="4510" pin="1"/><net_sink comp="3337" pin=0"/></net>

<net id="4517"><net_src comp="4510" pin="1"/><net_sink comp="3409" pin=0"/></net>

<net id="4518"><net_src comp="4510" pin="1"/><net_sink comp="3481" pin=0"/></net>

<net id="4519"><net_src comp="4510" pin="1"/><net_sink comp="3553" pin=0"/></net>

<net id="4520"><net_src comp="4510" pin="1"/><net_sink comp="3625" pin=0"/></net>

<net id="4521"><net_src comp="4510" pin="1"/><net_sink comp="3697" pin=0"/></net>

<net id="4525"><net_src comp="2312" pin="1"/><net_sink comp="4522" pin=0"/></net>

<net id="4526"><net_src comp="4522" pin="1"/><net_sink comp="3202" pin=0"/></net>

<net id="4527"><net_src comp="4522" pin="1"/><net_sink comp="3274" pin=0"/></net>

<net id="4528"><net_src comp="4522" pin="1"/><net_sink comp="3346" pin=0"/></net>

<net id="4529"><net_src comp="4522" pin="1"/><net_sink comp="3418" pin=0"/></net>

<net id="4530"><net_src comp="4522" pin="1"/><net_sink comp="3490" pin=0"/></net>

<net id="4531"><net_src comp="4522" pin="1"/><net_sink comp="3562" pin=0"/></net>

<net id="4532"><net_src comp="4522" pin="1"/><net_sink comp="3634" pin=0"/></net>

<net id="4533"><net_src comp="4522" pin="1"/><net_sink comp="3706" pin=0"/></net>

<net id="4537"><net_src comp="2329" pin="1"/><net_sink comp="4534" pin=0"/></net>

<net id="4538"><net_src comp="4534" pin="1"/><net_sink comp="3211" pin=1"/></net>

<net id="4539"><net_src comp="4534" pin="1"/><net_sink comp="3220" pin=1"/></net>

<net id="4540"><net_src comp="4534" pin="1"/><net_sink comp="3229" pin=1"/></net>

<net id="4541"><net_src comp="4534" pin="1"/><net_sink comp="3238" pin=1"/></net>

<net id="4542"><net_src comp="4534" pin="1"/><net_sink comp="3247" pin=1"/></net>

<net id="4543"><net_src comp="4534" pin="1"/><net_sink comp="3256" pin=1"/></net>

<net id="4544"><net_src comp="4534" pin="1"/><net_sink comp="3265" pin=1"/></net>

<net id="4545"><net_src comp="4534" pin="1"/><net_sink comp="3274" pin=1"/></net>

<net id="4549"><net_src comp="2346" pin="1"/><net_sink comp="4546" pin=0"/></net>

<net id="4550"><net_src comp="4546" pin="1"/><net_sink comp="3283" pin=1"/></net>

<net id="4551"><net_src comp="4546" pin="1"/><net_sink comp="3292" pin=1"/></net>

<net id="4552"><net_src comp="4546" pin="1"/><net_sink comp="3301" pin=1"/></net>

<net id="4553"><net_src comp="4546" pin="1"/><net_sink comp="3310" pin=1"/></net>

<net id="4554"><net_src comp="4546" pin="1"/><net_sink comp="3319" pin=1"/></net>

<net id="4555"><net_src comp="4546" pin="1"/><net_sink comp="3328" pin=1"/></net>

<net id="4556"><net_src comp="4546" pin="1"/><net_sink comp="3337" pin=1"/></net>

<net id="4557"><net_src comp="4546" pin="1"/><net_sink comp="3346" pin=1"/></net>

<net id="4561"><net_src comp="2363" pin="1"/><net_sink comp="4558" pin=0"/></net>

<net id="4562"><net_src comp="4558" pin="1"/><net_sink comp="3355" pin=1"/></net>

<net id="4563"><net_src comp="4558" pin="1"/><net_sink comp="3364" pin=1"/></net>

<net id="4564"><net_src comp="4558" pin="1"/><net_sink comp="3373" pin=1"/></net>

<net id="4565"><net_src comp="4558" pin="1"/><net_sink comp="3382" pin=1"/></net>

<net id="4566"><net_src comp="4558" pin="1"/><net_sink comp="3391" pin=1"/></net>

<net id="4567"><net_src comp="4558" pin="1"/><net_sink comp="3400" pin=1"/></net>

<net id="4568"><net_src comp="4558" pin="1"/><net_sink comp="3409" pin=1"/></net>

<net id="4569"><net_src comp="4558" pin="1"/><net_sink comp="3418" pin=1"/></net>

<net id="4573"><net_src comp="2380" pin="1"/><net_sink comp="4570" pin=0"/></net>

<net id="4574"><net_src comp="4570" pin="1"/><net_sink comp="3427" pin=1"/></net>

<net id="4575"><net_src comp="4570" pin="1"/><net_sink comp="3436" pin=1"/></net>

<net id="4576"><net_src comp="4570" pin="1"/><net_sink comp="3445" pin=1"/></net>

<net id="4577"><net_src comp="4570" pin="1"/><net_sink comp="3454" pin=1"/></net>

<net id="4578"><net_src comp="4570" pin="1"/><net_sink comp="3463" pin=1"/></net>

<net id="4579"><net_src comp="4570" pin="1"/><net_sink comp="3472" pin=1"/></net>

<net id="4580"><net_src comp="4570" pin="1"/><net_sink comp="3481" pin=1"/></net>

<net id="4581"><net_src comp="4570" pin="1"/><net_sink comp="3490" pin=1"/></net>

<net id="4585"><net_src comp="2397" pin="1"/><net_sink comp="4582" pin=0"/></net>

<net id="4586"><net_src comp="4582" pin="1"/><net_sink comp="3499" pin=1"/></net>

<net id="4587"><net_src comp="4582" pin="1"/><net_sink comp="3508" pin=1"/></net>

<net id="4588"><net_src comp="4582" pin="1"/><net_sink comp="3517" pin=1"/></net>

<net id="4589"><net_src comp="4582" pin="1"/><net_sink comp="3526" pin=1"/></net>

<net id="4590"><net_src comp="4582" pin="1"/><net_sink comp="3535" pin=1"/></net>

<net id="4591"><net_src comp="4582" pin="1"/><net_sink comp="3544" pin=1"/></net>

<net id="4592"><net_src comp="4582" pin="1"/><net_sink comp="3553" pin=1"/></net>

<net id="4593"><net_src comp="4582" pin="1"/><net_sink comp="3562" pin=1"/></net>

<net id="4597"><net_src comp="2414" pin="1"/><net_sink comp="4594" pin=0"/></net>

<net id="4598"><net_src comp="4594" pin="1"/><net_sink comp="3571" pin=1"/></net>

<net id="4599"><net_src comp="4594" pin="1"/><net_sink comp="3580" pin=1"/></net>

<net id="4600"><net_src comp="4594" pin="1"/><net_sink comp="3589" pin=1"/></net>

<net id="4601"><net_src comp="4594" pin="1"/><net_sink comp="3598" pin=1"/></net>

<net id="4602"><net_src comp="4594" pin="1"/><net_sink comp="3607" pin=1"/></net>

<net id="4603"><net_src comp="4594" pin="1"/><net_sink comp="3616" pin=1"/></net>

<net id="4604"><net_src comp="4594" pin="1"/><net_sink comp="3625" pin=1"/></net>

<net id="4605"><net_src comp="4594" pin="1"/><net_sink comp="3634" pin=1"/></net>

<net id="4609"><net_src comp="2431" pin="1"/><net_sink comp="4606" pin=0"/></net>

<net id="4610"><net_src comp="4606" pin="1"/><net_sink comp="3643" pin=1"/></net>

<net id="4611"><net_src comp="4606" pin="1"/><net_sink comp="3652" pin=1"/></net>

<net id="4612"><net_src comp="4606" pin="1"/><net_sink comp="3661" pin=1"/></net>

<net id="4613"><net_src comp="4606" pin="1"/><net_sink comp="3670" pin=1"/></net>

<net id="4614"><net_src comp="4606" pin="1"/><net_sink comp="3679" pin=1"/></net>

<net id="4615"><net_src comp="4606" pin="1"/><net_sink comp="3688" pin=1"/></net>

<net id="4616"><net_src comp="4606" pin="1"/><net_sink comp="3697" pin=1"/></net>

<net id="4617"><net_src comp="4606" pin="1"/><net_sink comp="3706" pin=1"/></net>

<net id="4621"><net_src comp="2435" pin="1"/><net_sink comp="4618" pin=0"/></net>

<net id="4622"><net_src comp="4618" pin="1"/><net_sink comp="3139" pin=1"/></net>

<net id="4626"><net_src comp="2438" pin="1"/><net_sink comp="4623" pin=0"/></net>

<net id="4627"><net_src comp="4623" pin="1"/><net_sink comp="3148" pin=1"/></net>

<net id="4631"><net_src comp="2441" pin="1"/><net_sink comp="4628" pin=0"/></net>

<net id="4632"><net_src comp="4628" pin="1"/><net_sink comp="3157" pin=1"/></net>

<net id="4636"><net_src comp="2444" pin="1"/><net_sink comp="4633" pin=0"/></net>

<net id="4637"><net_src comp="4633" pin="1"/><net_sink comp="3166" pin=1"/></net>

<net id="4641"><net_src comp="2447" pin="1"/><net_sink comp="4638" pin=0"/></net>

<net id="4642"><net_src comp="4638" pin="1"/><net_sink comp="3175" pin=1"/></net>

<net id="4646"><net_src comp="2450" pin="1"/><net_sink comp="4643" pin=0"/></net>

<net id="4647"><net_src comp="4643" pin="1"/><net_sink comp="3184" pin=1"/></net>

<net id="4651"><net_src comp="2453" pin="1"/><net_sink comp="4648" pin=0"/></net>

<net id="4652"><net_src comp="4648" pin="1"/><net_sink comp="3193" pin=1"/></net>

<net id="4656"><net_src comp="2456" pin="1"/><net_sink comp="4653" pin=0"/></net>

<net id="4657"><net_src comp="4653" pin="1"/><net_sink comp="3202" pin=1"/></net>

<net id="4661"><net_src comp="2459" pin="1"/><net_sink comp="4658" pin=0"/></net>

<net id="4662"><net_src comp="4658" pin="1"/><net_sink comp="3211" pin=1"/></net>

<net id="4666"><net_src comp="2462" pin="1"/><net_sink comp="4663" pin=0"/></net>

<net id="4667"><net_src comp="4663" pin="1"/><net_sink comp="3220" pin=1"/></net>

<net id="4671"><net_src comp="2465" pin="1"/><net_sink comp="4668" pin=0"/></net>

<net id="4672"><net_src comp="4668" pin="1"/><net_sink comp="3229" pin=1"/></net>

<net id="4676"><net_src comp="2468" pin="1"/><net_sink comp="4673" pin=0"/></net>

<net id="4677"><net_src comp="4673" pin="1"/><net_sink comp="3238" pin=1"/></net>

<net id="4681"><net_src comp="2471" pin="1"/><net_sink comp="4678" pin=0"/></net>

<net id="4682"><net_src comp="4678" pin="1"/><net_sink comp="3247" pin=1"/></net>

<net id="4686"><net_src comp="2474" pin="1"/><net_sink comp="4683" pin=0"/></net>

<net id="4687"><net_src comp="4683" pin="1"/><net_sink comp="3256" pin=1"/></net>

<net id="4691"><net_src comp="2477" pin="1"/><net_sink comp="4688" pin=0"/></net>

<net id="4692"><net_src comp="4688" pin="1"/><net_sink comp="3265" pin=1"/></net>

<net id="4696"><net_src comp="2480" pin="1"/><net_sink comp="4693" pin=0"/></net>

<net id="4697"><net_src comp="4693" pin="1"/><net_sink comp="3274" pin=1"/></net>

<net id="4701"><net_src comp="2483" pin="1"/><net_sink comp="4698" pin=0"/></net>

<net id="4702"><net_src comp="4698" pin="1"/><net_sink comp="3283" pin=1"/></net>

<net id="4706"><net_src comp="2486" pin="1"/><net_sink comp="4703" pin=0"/></net>

<net id="4707"><net_src comp="4703" pin="1"/><net_sink comp="3292" pin=1"/></net>

<net id="4711"><net_src comp="2489" pin="1"/><net_sink comp="4708" pin=0"/></net>

<net id="4712"><net_src comp="4708" pin="1"/><net_sink comp="3301" pin=1"/></net>

<net id="4716"><net_src comp="2492" pin="1"/><net_sink comp="4713" pin=0"/></net>

<net id="4717"><net_src comp="4713" pin="1"/><net_sink comp="3310" pin=1"/></net>

<net id="4721"><net_src comp="2495" pin="1"/><net_sink comp="4718" pin=0"/></net>

<net id="4722"><net_src comp="4718" pin="1"/><net_sink comp="3319" pin=1"/></net>

<net id="4726"><net_src comp="2498" pin="1"/><net_sink comp="4723" pin=0"/></net>

<net id="4727"><net_src comp="4723" pin="1"/><net_sink comp="3328" pin=1"/></net>

<net id="4731"><net_src comp="2501" pin="1"/><net_sink comp="4728" pin=0"/></net>

<net id="4732"><net_src comp="4728" pin="1"/><net_sink comp="3337" pin=1"/></net>

<net id="4736"><net_src comp="2504" pin="1"/><net_sink comp="4733" pin=0"/></net>

<net id="4737"><net_src comp="4733" pin="1"/><net_sink comp="3346" pin=1"/></net>

<net id="4741"><net_src comp="2507" pin="1"/><net_sink comp="4738" pin=0"/></net>

<net id="4742"><net_src comp="4738" pin="1"/><net_sink comp="3355" pin=1"/></net>

<net id="4746"><net_src comp="2510" pin="1"/><net_sink comp="4743" pin=0"/></net>

<net id="4747"><net_src comp="4743" pin="1"/><net_sink comp="3364" pin=1"/></net>

<net id="4751"><net_src comp="2513" pin="1"/><net_sink comp="4748" pin=0"/></net>

<net id="4752"><net_src comp="4748" pin="1"/><net_sink comp="3373" pin=1"/></net>

<net id="4756"><net_src comp="2516" pin="1"/><net_sink comp="4753" pin=0"/></net>

<net id="4757"><net_src comp="4753" pin="1"/><net_sink comp="3382" pin=1"/></net>

<net id="4761"><net_src comp="2519" pin="1"/><net_sink comp="4758" pin=0"/></net>

<net id="4762"><net_src comp="4758" pin="1"/><net_sink comp="3391" pin=1"/></net>

<net id="4766"><net_src comp="2522" pin="1"/><net_sink comp="4763" pin=0"/></net>

<net id="4767"><net_src comp="4763" pin="1"/><net_sink comp="3400" pin=1"/></net>

<net id="4771"><net_src comp="2525" pin="1"/><net_sink comp="4768" pin=0"/></net>

<net id="4772"><net_src comp="4768" pin="1"/><net_sink comp="3409" pin=1"/></net>

<net id="4776"><net_src comp="2528" pin="1"/><net_sink comp="4773" pin=0"/></net>

<net id="4777"><net_src comp="4773" pin="1"/><net_sink comp="3418" pin=1"/></net>

<net id="4781"><net_src comp="2531" pin="1"/><net_sink comp="4778" pin=0"/></net>

<net id="4782"><net_src comp="4778" pin="1"/><net_sink comp="3427" pin=1"/></net>

<net id="4786"><net_src comp="2534" pin="1"/><net_sink comp="4783" pin=0"/></net>

<net id="4787"><net_src comp="4783" pin="1"/><net_sink comp="3436" pin=1"/></net>

<net id="4791"><net_src comp="2537" pin="1"/><net_sink comp="4788" pin=0"/></net>

<net id="4792"><net_src comp="4788" pin="1"/><net_sink comp="3445" pin=1"/></net>

<net id="4796"><net_src comp="2540" pin="1"/><net_sink comp="4793" pin=0"/></net>

<net id="4797"><net_src comp="4793" pin="1"/><net_sink comp="3454" pin=1"/></net>

<net id="4801"><net_src comp="2543" pin="1"/><net_sink comp="4798" pin=0"/></net>

<net id="4802"><net_src comp="4798" pin="1"/><net_sink comp="3463" pin=1"/></net>

<net id="4806"><net_src comp="2546" pin="1"/><net_sink comp="4803" pin=0"/></net>

<net id="4807"><net_src comp="4803" pin="1"/><net_sink comp="3472" pin=1"/></net>

<net id="4811"><net_src comp="2549" pin="1"/><net_sink comp="4808" pin=0"/></net>

<net id="4812"><net_src comp="4808" pin="1"/><net_sink comp="3481" pin=1"/></net>

<net id="4816"><net_src comp="2552" pin="1"/><net_sink comp="4813" pin=0"/></net>

<net id="4817"><net_src comp="4813" pin="1"/><net_sink comp="3490" pin=1"/></net>

<net id="4821"><net_src comp="2555" pin="1"/><net_sink comp="4818" pin=0"/></net>

<net id="4822"><net_src comp="4818" pin="1"/><net_sink comp="3499" pin=1"/></net>

<net id="4826"><net_src comp="2558" pin="1"/><net_sink comp="4823" pin=0"/></net>

<net id="4827"><net_src comp="4823" pin="1"/><net_sink comp="3508" pin=1"/></net>

<net id="4831"><net_src comp="2561" pin="1"/><net_sink comp="4828" pin=0"/></net>

<net id="4832"><net_src comp="4828" pin="1"/><net_sink comp="3517" pin=1"/></net>

<net id="4836"><net_src comp="2564" pin="1"/><net_sink comp="4833" pin=0"/></net>

<net id="4837"><net_src comp="4833" pin="1"/><net_sink comp="3526" pin=1"/></net>

<net id="4841"><net_src comp="2567" pin="1"/><net_sink comp="4838" pin=0"/></net>

<net id="4842"><net_src comp="4838" pin="1"/><net_sink comp="3535" pin=1"/></net>

<net id="4846"><net_src comp="2570" pin="1"/><net_sink comp="4843" pin=0"/></net>

<net id="4847"><net_src comp="4843" pin="1"/><net_sink comp="3544" pin=1"/></net>

<net id="4851"><net_src comp="2573" pin="1"/><net_sink comp="4848" pin=0"/></net>

<net id="4852"><net_src comp="4848" pin="1"/><net_sink comp="3553" pin=1"/></net>

<net id="4856"><net_src comp="2576" pin="1"/><net_sink comp="4853" pin=0"/></net>

<net id="4857"><net_src comp="4853" pin="1"/><net_sink comp="3562" pin=1"/></net>

<net id="4861"><net_src comp="2579" pin="1"/><net_sink comp="4858" pin=0"/></net>

<net id="4862"><net_src comp="4858" pin="1"/><net_sink comp="3571" pin=1"/></net>

<net id="4866"><net_src comp="2582" pin="1"/><net_sink comp="4863" pin=0"/></net>

<net id="4867"><net_src comp="4863" pin="1"/><net_sink comp="3580" pin=1"/></net>

<net id="4871"><net_src comp="2585" pin="1"/><net_sink comp="4868" pin=0"/></net>

<net id="4872"><net_src comp="4868" pin="1"/><net_sink comp="3589" pin=1"/></net>

<net id="4876"><net_src comp="2588" pin="1"/><net_sink comp="4873" pin=0"/></net>

<net id="4877"><net_src comp="4873" pin="1"/><net_sink comp="3598" pin=1"/></net>

<net id="4881"><net_src comp="2591" pin="1"/><net_sink comp="4878" pin=0"/></net>

<net id="4882"><net_src comp="4878" pin="1"/><net_sink comp="3607" pin=1"/></net>

<net id="4886"><net_src comp="2594" pin="1"/><net_sink comp="4883" pin=0"/></net>

<net id="4887"><net_src comp="4883" pin="1"/><net_sink comp="3616" pin=1"/></net>

<net id="4891"><net_src comp="2597" pin="1"/><net_sink comp="4888" pin=0"/></net>

<net id="4892"><net_src comp="4888" pin="1"/><net_sink comp="3625" pin=1"/></net>

<net id="4896"><net_src comp="2600" pin="1"/><net_sink comp="4893" pin=0"/></net>

<net id="4897"><net_src comp="4893" pin="1"/><net_sink comp="3634" pin=1"/></net>

<net id="4901"><net_src comp="2603" pin="1"/><net_sink comp="4898" pin=0"/></net>

<net id="4902"><net_src comp="4898" pin="1"/><net_sink comp="3643" pin=1"/></net>

<net id="4906"><net_src comp="2606" pin="1"/><net_sink comp="4903" pin=0"/></net>

<net id="4907"><net_src comp="4903" pin="1"/><net_sink comp="3652" pin=1"/></net>

<net id="4911"><net_src comp="2609" pin="1"/><net_sink comp="4908" pin=0"/></net>

<net id="4912"><net_src comp="4908" pin="1"/><net_sink comp="3661" pin=1"/></net>

<net id="4916"><net_src comp="2612" pin="1"/><net_sink comp="4913" pin=0"/></net>

<net id="4917"><net_src comp="4913" pin="1"/><net_sink comp="3670" pin=1"/></net>

<net id="4921"><net_src comp="2615" pin="1"/><net_sink comp="4918" pin=0"/></net>

<net id="4922"><net_src comp="4918" pin="1"/><net_sink comp="3679" pin=1"/></net>

<net id="4926"><net_src comp="2618" pin="1"/><net_sink comp="4923" pin=0"/></net>

<net id="4927"><net_src comp="4923" pin="1"/><net_sink comp="3688" pin=1"/></net>

<net id="4931"><net_src comp="2621" pin="1"/><net_sink comp="4928" pin=0"/></net>

<net id="4932"><net_src comp="4928" pin="1"/><net_sink comp="3697" pin=1"/></net>

<net id="4936"><net_src comp="2624" pin="1"/><net_sink comp="4933" pin=0"/></net>

<net id="4937"><net_src comp="4933" pin="1"/><net_sink comp="3706" pin=1"/></net>

</net_list>

</model> 
---------------- Datapath Model END ------------------

* FSMD analyzer results:
  - Output states:
	Port: a_row_major_0 | {}
	Port: a_row_major_1 | {}
	Port: a_row_major_2 | {}
	Port: a_row_major_3 | {}
	Port: a_row_major_4 | {}
	Port: a_row_major_5 | {}
	Port: a_row_major_6 | {}
	Port: a_row_major_7 | {}
	Port: b_row_major_0 | {}
	Port: b_row_major_1 | {}
	Port: b_row_major_2 | {}
	Port: b_row_major_3 | {}
	Port: b_row_major_4 | {}
	Port: b_row_major_5 | {}
	Port: b_row_major_6 | {}
	Port: b_row_major_7 | {}
	Port: c_row_major_7_7_0_out | {5 }
	Port: c_row_major_7_6_0_out | {5 }
	Port: c_row_major_7_5_0_out | {5 }
	Port: c_row_major_7_4_0_out | {5 }
	Port: c_row_major_7_3_0_out | {5 }
	Port: c_row_major_7_2_0_out | {5 }
	Port: c_row_major_7_1_0_out | {5 }
	Port: c_row_major_7_0_0_out | {5 }
	Port: c_row_major_6_7_0_out | {5 }
	Port: c_row_major_6_6_0_out | {5 }
	Port: c_row_major_6_5_0_out | {5 }
	Port: c_row_major_6_4_0_out | {5 }
	Port: c_row_major_6_3_0_out | {5 }
	Port: c_row_major_6_2_0_out | {5 }
	Port: c_row_major_6_1_0_out | {5 }
	Port: c_row_major_6_0_0_out | {5 }
	Port: c_row_major_5_7_0_out | {5 }
	Port: c_row_major_5_6_0_out | {5 }
	Port: c_row_major_5_5_0_out | {5 }
	Port: c_row_major_5_4_0_out | {5 }
	Port: c_row_major_5_3_0_out | {5 }
	Port: c_row_major_5_2_0_out | {5 }
	Port: c_row_major_5_1_0_out | {5 }
	Port: c_row_major_5_0_0_out | {5 }
	Port: c_row_major_4_7_0_out | {5 }
	Port: c_row_major_4_6_0_out | {5 }
	Port: c_row_major_4_5_0_out | {5 }
	Port: c_row_major_4_4_0_out | {5 }
	Port: c_row_major_4_3_0_out | {5 }
	Port: c_row_major_4_2_0_out | {5 }
	Port: c_row_major_4_1_0_out | {5 }
	Port: c_row_major_4_0_0_out | {5 }
	Port: c_row_major_3_7_0_out | {5 }
	Port: c_row_major_3_6_0_out | {5 }
	Port: c_row_major_3_5_0_out | {5 }
	Port: c_row_major_3_4_0_out | {5 }
	Port: c_row_major_3_3_0_out | {5 }
	Port: c_row_major_3_2_0_out | {5 }
	Port: c_row_major_3_1_0_out | {5 }
	Port: c_row_major_3_0_0_out | {5 }
	Port: c_row_major_2_7_0_out | {5 }
	Port: c_row_major_2_6_0_out | {5 }
	Port: c_row_major_2_5_0_out | {5 }
	Port: c_row_major_2_4_0_out | {5 }
	Port: c_row_major_2_3_0_out | {5 }
	Port: c_row_major_2_2_0_out | {5 }
	Port: c_row_major_2_1_0_out | {5 }
	Port: c_row_major_2_0_0_out | {5 }
	Port: c_row_major_1_7_0_out | {5 }
	Port: c_row_major_1_6_0_out | {5 }
	Port: c_row_major_1_5_0_out | {5 }
	Port: c_row_major_1_4_0_out | {5 }
	Port: c_row_major_1_3_0_out | {5 }
	Port: c_row_major_1_2_0_out | {5 }
	Port: c_row_major_1_1_0_out | {5 }
	Port: c_row_major_1_0_0_out | {5 }
	Port: c_row_major_0_7_0_out | {5 }
	Port: c_row_major_0_6_0_out | {5 }
	Port: c_row_major_0_5_0_out | {5 }
	Port: c_row_major_0_4_0_out | {5 }
	Port: c_row_major_0_3_0_out | {5 }
	Port: c_row_major_0_2_0_out | {5 }
	Port: c_row_major_0_1_0_out | {5 }
	Port: c_row_major_0_0_0_out | {5 }
 - Input state : 
	Port: tile_process_Pipeline_compute_pipeline : zext_ln81 | {1 }
	Port: tile_process_Pipeline_compute_pipeline : p_read63 | {1 }
	Port: tile_process_Pipeline_compute_pipeline : p_read62 | {1 }
	Port: tile_process_Pipeline_compute_pipeline : p_read61 | {1 }
	Port: tile_process_Pipeline_compute_pipeline : p_read60 | {1 }
	Port: tile_process_Pipeline_compute_pipeline : p_read59 | {1 }
	Port: tile_process_Pipeline_compute_pipeline : p_read58 | {1 }
	Port: tile_process_Pipeline_compute_pipeline : p_read57 | {1 }
	Port: tile_process_Pipeline_compute_pipeline : p_read56 | {1 }
	Port: tile_process_Pipeline_compute_pipeline : p_read55 | {1 }
	Port: tile_process_Pipeline_compute_pipeline : p_read54 | {1 }
	Port: tile_process_Pipeline_compute_pipeline : p_read53 | {1 }
	Port: tile_process_Pipeline_compute_pipeline : p_read52 | {1 }
	Port: tile_process_Pipeline_compute_pipeline : p_read51 | {1 }
	Port: tile_process_Pipeline_compute_pipeline : p_read50 | {1 }
	Port: tile_process_Pipeline_compute_pipeline : p_read49 | {1 }
	Port: tile_process_Pipeline_compute_pipeline : p_read48 | {1 }
	Port: tile_process_Pipeline_compute_pipeline : p_read47 | {1 }
	Port: tile_process_Pipeline_compute_pipeline : p_read46 | {1 }
	Port: tile_process_Pipeline_compute_pipeline : p_read45 | {1 }
	Port: tile_process_Pipeline_compute_pipeline : p_read44 | {1 }
	Port: tile_process_Pipeline_compute_pipeline : p_read43 | {1 }
	Port: tile_process_Pipeline_compute_pipeline : p_read42 | {1 }
	Port: tile_process_Pipeline_compute_pipeline : p_read41 | {1 }
	Port: tile_process_Pipeline_compute_pipeline : p_read40 | {1 }
	Port: tile_process_Pipeline_compute_pipeline : p_read39 | {1 }
	Port: tile_process_Pipeline_compute_pipeline : p_read38 | {1 }
	Port: tile_process_Pipeline_compute_pipeline : p_read37 | {1 }
	Port: tile_process_Pipeline_compute_pipeline : p_read36 | {1 }
	Port: tile_process_Pipeline_compute_pipeline : p_read35 | {1 }
	Port: tile_process_Pipeline_compute_pipeline : p_read34 | {1 }
	Port: tile_process_Pipeline_compute_pipeline : p_read33 | {1 }
	Port: tile_process_Pipeline_compute_pipeline : p_read32 | {1 }
	Port: tile_process_Pipeline_compute_pipeline : p_read31 | {1 }
	Port: tile_process_Pipeline_compute_pipeline : p_read30 | {1 }
	Port: tile_process_Pipeline_compute_pipeline : p_read29 | {1 }
	Port: tile_process_Pipeline_compute_pipeline : p_read28 | {1 }
	Port: tile_process_Pipeline_compute_pipeline : p_read27 | {1 }
	Port: tile_process_Pipeline_compute_pipeline : p_read26 | {1 }
	Port: tile_process_Pipeline_compute_pipeline : p_read25 | {1 }
	Port: tile_process_Pipeline_compute_pipeline : p_read24 | {1 }
	Port: tile_process_Pipeline_compute_pipeline : p_read23 | {1 }
	Port: tile_process_Pipeline_compute_pipeline : p_read22 | {1 }
	Port: tile_process_Pipeline_compute_pipeline : p_read21 | {1 }
	Port: tile_process_Pipeline_compute_pipeline : p_read20 | {1 }
	Port: tile_process_Pipeline_compute_pipeline : p_read19 | {1 }
	Port: tile_process_Pipeline_compute_pipeline : p_read18 | {1 }
	Port: tile_process_Pipeline_compute_pipeline : p_read17 | {1 }
	Port: tile_process_Pipeline_compute_pipeline : p_read16 | {1 }
	Port: tile_process_Pipeline_compute_pipeline : p_read15 | {1 }
	Port: tile_process_Pipeline_compute_pipeline : p_read14 | {1 }
	Port: tile_process_Pipeline_compute_pipeline : p_read13 | {1 }
	Port: tile_process_Pipeline_compute_pipeline : p_read12 | {1 }
	Port: tile_process_Pipeline_compute_pipeline : p_read11 | {1 }
	Port: tile_process_Pipeline_compute_pipeline : p_read10 | {1 }
	Port: tile_process_Pipeline_compute_pipeline : p_read9 | {1 }
	Port: tile_process_Pipeline_compute_pipeline : p_read8 | {1 }
	Port: tile_process_Pipeline_compute_pipeline : p_read7 | {1 }
	Port: tile_process_Pipeline_compute_pipeline : p_read6 | {1 }
	Port: tile_process_Pipeline_compute_pipeline : p_read5 | {1 }
	Port: tile_process_Pipeline_compute_pipeline : p_read4 | {1 }
	Port: tile_process_Pipeline_compute_pipeline : p_read3 | {1 }
	Port: tile_process_Pipeline_compute_pipeline : p_read2 | {1 }
	Port: tile_process_Pipeline_compute_pipeline : p_read1 | {1 }
	Port: tile_process_Pipeline_compute_pipeline : p_read | {1 }
	Port: tile_process_Pipeline_compute_pipeline : wide_trip_count | {1 }
	Port: tile_process_Pipeline_compute_pipeline : sext_ln81 | {1 }
	Port: tile_process_Pipeline_compute_pipeline : a_row_major_0 | {2 3 }
	Port: tile_process_Pipeline_compute_pipeline : a_row_major_1 | {2 3 }
	Port: tile_process_Pipeline_compute_pipeline : a_row_major_2 | {2 3 }
	Port: tile_process_Pipeline_compute_pipeline : a_row_major_3 | {2 3 }
	Port: tile_process_Pipeline_compute_pipeline : a_row_major_4 | {2 3 }
	Port: tile_process_Pipeline_compute_pipeline : a_row_major_5 | {2 3 }
	Port: tile_process_Pipeline_compute_pipeline : a_row_major_6 | {2 3 }
	Port: tile_process_Pipeline_compute_pipeline : a_row_major_7 | {2 3 }
	Port: tile_process_Pipeline_compute_pipeline : cmp9_not | {1 }
	Port: tile_process_Pipeline_compute_pipeline : cmp15 | {1 }
	Port: tile_process_Pipeline_compute_pipeline : b_row_major_0 | {2 3 }
	Port: tile_process_Pipeline_compute_pipeline : icmp | {1 }
	Port: tile_process_Pipeline_compute_pipeline : b_row_major_1 | {2 3 }
	Port: tile_process_Pipeline_compute_pipeline : cmp15_240 | {1 }
	Port: tile_process_Pipeline_compute_pipeline : b_row_major_2 | {2 3 }
	Port: tile_process_Pipeline_compute_pipeline : icmp3 | {1 }
	Port: tile_process_Pipeline_compute_pipeline : b_row_major_3 | {2 3 }
	Port: tile_process_Pipeline_compute_pipeline : cmp15_496 | {1 }
	Port: tile_process_Pipeline_compute_pipeline : b_row_major_4 | {2 3 }
	Port: tile_process_Pipeline_compute_pipeline : cmp15_5124 | {1 }
	Port: tile_process_Pipeline_compute_pipeline : b_row_major_5 | {2 3 }
	Port: tile_process_Pipeline_compute_pipeline : cmp15_6152 | {1 }
	Port: tile_process_Pipeline_compute_pipeline : b_row_major_6 | {2 3 }
	Port: tile_process_Pipeline_compute_pipeline : icmp6 | {1 }
	Port: tile_process_Pipeline_compute_pipeline : b_row_major_7 | {2 3 }
	Port: tile_process_Pipeline_compute_pipeline : icmp9 | {1 }
	Port: tile_process_Pipeline_compute_pipeline : cmp9_2_not | {1 }
	Port: tile_process_Pipeline_compute_pipeline : icmp12 | {1 }
	Port: tile_process_Pipeline_compute_pipeline : cmp9_4_not | {1 }
	Port: tile_process_Pipeline_compute_pipeline : cmp9_5_not | {1 }
	Port: tile_process_Pipeline_compute_pipeline : cmp9_6_not | {1 }
	Port: tile_process_Pipeline_compute_pipeline : icmp15 | {1 }
  - Chain level:
	State 1
		store_ln81 : 1
	State 2
		icmp_ln81 : 1
		br_ln81 : 2
		cmp13 : 1
		a_row_major_0_addr : 1
		a_row_major_1_addr : 1
		a_row_major_2_addr : 1
		a_row_major_3_addr : 1
		a_row_major_4_addr : 1
		a_row_major_5_addr : 1
		a_row_major_6_addr : 1
		a_row_major_7_addr : 1
		icmp_ln91 : 1
		a_forwarded : 2
		b_row_major_0_addr : 1
		b_forwarded : 2
		b_row_major_1_addr : 1
		b_forwarded_2 : 2
		b_row_major_2_addr : 1
		b_forwarded_4 : 2
		b_row_major_3_addr : 1
		b_forwarded_6 : 2
		b_row_major_4_addr : 1
		b_forwarded_8 : 2
		b_row_major_5_addr : 1
		b_forwarded_10 : 2
		b_row_major_6_addr : 1
		b_forwarded_12 : 2
		b_row_major_7_addr : 1
		b_forwarded_14 : 2
		a_forwarded_2 : 2
		a_forwarded_4 : 2
		a_forwarded_6 : 2
		a_forwarded_8 : 2
		a_forwarded_10 : 2
		a_forwarded_12 : 2
		a_forwarded_14 : 2
		add_ln81 : 1
		store_ln81 : 2
	State 3
		b_forwarded_1 : 1
		sext_ln100 : 1
		sext_ln100_1 : 2
		product : 2
		b_forwarded_3 : 1
		sext_ln100_2 : 2
		product_1 : 2
		b_forwarded_5 : 1
		sext_ln100_3 : 2
		product_2 : 2
		b_forwarded_7 : 1
		sext_ln100_4 : 2
		product_3 : 2
		b_forwarded_9 : 1
		sext_ln100_5 : 2
		product_4 : 2
		b_forwarded_11 : 1
		sext_ln100_6 : 2
		product_5 : 2
		b_forwarded_13 : 1
		sext_ln100_7 : 2
		product_6 : 2
		b_forwarded_15 : 1
		sext_ln100_8 : 2
		product_7 : 2
		sext_ln100_9 : 1
		product_8 : 2
		product_9 : 2
		product_10 : 2
		product_11 : 2
		product_12 : 2
		product_13 : 2
		product_14 : 2
		product_15 : 2
		sext_ln100_10 : 1
		product_16 : 2
		product_17 : 2
		product_18 : 2
		product_19 : 2
		product_20 : 2
		product_21 : 2
		product_22 : 2
		product_23 : 2
		sext_ln100_11 : 1
		product_24 : 2
		product_25 : 2
		product_26 : 2
		product_27 : 2
		product_28 : 2
		product_29 : 2
		product_30 : 2
		product_31 : 2
		sext_ln100_12 : 1
		product_32 : 2
		product_33 : 2
		product_34 : 2
		product_35 : 2
		product_36 : 2
		product_37 : 2
		product_38 : 2
		product_39 : 2
		sext_ln100_13 : 1
		product_40 : 2
		product_41 : 2
		product_42 : 2
		product_43 : 2
		product_44 : 2
		product_45 : 2
		product_46 : 2
		product_47 : 2
		sext_ln100_14 : 1
		product_48 : 2
		product_49 : 2
		product_50 : 2
		product_51 : 2
		product_52 : 2
		product_53 : 2
		product_54 : 2
		product_55 : 2
		sext_ln100_15 : 1
		product_56 : 2
		product_57 : 2
		product_58 : 2
		product_59 : 2
		product_60 : 2
		product_61 : 2
		product_62 : 2
		product_63 : 2
	State 4
	State 5
		add_ln101 : 1
		add_ln101_1 : 1
		add_ln101_2 : 1
		add_ln101_3 : 1
		add_ln101_4 : 1
		add_ln101_5 : 1
		add_ln101_6 : 1
		add_ln101_7 : 1
		add_ln101_8 : 1
		add_ln101_9 : 1
		add_ln101_10 : 1
		add_ln101_11 : 1
		add_ln101_12 : 1
		add_ln101_13 : 1
		add_ln101_14 : 1
		add_ln101_15 : 1
		add_ln101_16 : 1
		add_ln101_17 : 1
		add_ln101_18 : 1
		add_ln101_19 : 1
		add_ln101_20 : 1
		add_ln101_21 : 1
		add_ln101_22 : 1
		add_ln101_23 : 1
		add_ln101_24 : 1
		add_ln101_25 : 1
		add_ln101_26 : 1
		add_ln101_27 : 1
		add_ln101_28 : 1
		add_ln101_29 : 1
		add_ln101_30 : 1
		add_ln101_31 : 1
		add_ln101_32 : 1
		add_ln101_33 : 1
		add_ln101_34 : 1
		add_ln101_35 : 1
		add_ln101_36 : 1
		add_ln101_37 : 1
		add_ln101_38 : 1
		add_ln101_39 : 1
		add_ln101_40 : 1
		add_ln101_41 : 1
		add_ln101_42 : 1
		add_ln101_43 : 1
		add_ln101_44 : 1
		add_ln101_45 : 1
		add_ln101_46 : 1
		add_ln101_47 : 1
		add_ln101_48 : 1
		add_ln101_49 : 1
		add_ln101_50 : 1
		add_ln101_51 : 1
		add_ln101_52 : 1
		add_ln101_53 : 1
		add_ln101_54 : 1
		add_ln101_55 : 1
		add_ln101_56 : 1
		add_ln101_57 : 1
		add_ln101_58 : 1
		add_ln101_59 : 1
		add_ln101_60 : 1
		add_ln101_61 : 1
		add_ln101_62 : 1
		add_ln101_63 : 1
		write_ln0 : 1
		write_ln0 : 1
		write_ln0 : 1
		write_ln0 : 1
		write_ln0 : 1
		write_ln0 : 1
		write_ln0 : 1
		write_ln0 : 1
		write_ln0 : 1
		write_ln0 : 1
		write_ln0 : 1
		write_ln0 : 1
		write_ln0 : 1
		write_ln0 : 1
		write_ln0 : 1
		write_ln0 : 1
		write_ln0 : 1
		write_ln0 : 1
		write_ln0 : 1
		write_ln0 : 1
		write_ln0 : 1
		write_ln0 : 1
		write_ln0 : 1
		write_ln0 : 1
		write_ln0 : 1
		write_ln0 : 1
		write_ln0 : 1
		write_ln0 : 1
		write_ln0 : 1
		write_ln0 : 1
		write_ln0 : 1
		write_ln0 : 1
		write_ln0 : 1
		write_ln0 : 1
		write_ln0 : 1
		write_ln0 : 1
		write_ln0 : 1
		write_ln0 : 1
		write_ln0 : 1
		write_ln0 : 1
		write_ln0 : 1
		write_ln0 : 1
		write_ln0 : 1
		write_ln0 : 1
		write_ln0 : 1
		write_ln0 : 1
		write_ln0 : 1
		write_ln0 : 1
		write_ln0 : 1
		write_ln0 : 1
		write_ln0 : 1
		write_ln0 : 1
		write_ln0 : 1
		write_ln0 : 1
		write_ln0 : 1
		write_ln0 : 1
		write_ln0 : 1
		write_ln0 : 1
		write_ln0 : 1
		write_ln0 : 1
		write_ln0 : 1
		write_ln0 : 1
		write_ln0 : 1
		write_ln0 : 1
	State 6
		store_ln101 : 1
		store_ln101 : 1
		store_ln101 : 1
		store_ln101 : 1
		store_ln101 : 1
		store_ln101 : 1
		store_ln101 : 1
		store_ln101 : 1
		store_ln101 : 1
		store_ln101 : 1
		store_ln101 : 1
		store_ln101 : 1
		store_ln101 : 1
		store_ln101 : 1
		store_ln101 : 1
		store_ln101 : 1
		store_ln101 : 1
		store_ln101 : 1
		store_ln101 : 1
		store_ln101 : 1
		store_ln101 : 1
		store_ln101 : 1
		store_ln101 : 1
		store_ln101 : 1
		store_ln101 : 1
		store_ln101 : 1
		store_ln101 : 1
		store_ln101 : 1
		store_ln101 : 1
		store_ln101 : 1
		store_ln101 : 1
		store_ln101 : 1
		store_ln101 : 1
		store_ln101 : 1
		store_ln101 : 1
		store_ln101 : 1
		store_ln101 : 1
		store_ln101 : 1
		store_ln101 : 1
		store_ln101 : 1
		store_ln101 : 1
		store_ln101 : 1
		store_ln101 : 1
		store_ln101 : 1
		store_ln101 : 1
		store_ln101 : 1
		store_ln101 : 1
		store_ln101 : 1
		store_ln101 : 1
		store_ln101 : 1
		store_ln101 : 1
		store_ln101 : 1
		store_ln101 : 1
		store_ln101 : 1
		store_ln101 : 1
		store_ln101 : 1
		store_ln101 : 1
		store_ln101 : 1
		store_ln101 : 1
		store_ln101 : 1
		store_ln101 : 1
		store_ln101 : 1
		store_ln101 : 1
		store_ln101 : 1


============================================================
+ Verbose Summary: Datapath Resource usage 
============================================================

* Functional unit list:
|----------|----------------------------------|---------|---------|---------|
| Operation|          Functional Unit         |   DSP   |    FF   |   LUT   |
|----------|----------------------------------|---------|---------|---------|
|          |         icmp_ln81_fu_2140        |    0    |    0    |    71   |
|   icmp   |           cmp13_fu_2145          |    0    |    0    |    71   |
|          |         icmp_ln91_fu_2150        |    0    |    0    |    71   |
|----------|----------------------------------|---------|---------|---------|
|          |       a_forwarded_1_fu_2176      |    0    |    0    |    8    |
|          |       b_forwarded_1_fu_2188      |    0    |    0    |    8    |
|          |       b_forwarded_3_fu_2208      |    0    |    0    |    8    |
|          |       b_forwarded_5_fu_2224      |    0    |    0    |    8    |
|          |       b_forwarded_7_fu_2240      |    0    |    0    |    8    |
|          |       b_forwarded_9_fu_2256      |    0    |    0    |    8    |
|          |      b_forwarded_11_fu_2272      |    0    |    0    |    8    |
|  select  |      b_forwarded_13_fu_2288      |    0    |    0    |    8    |
|          |      b_forwarded_15_fu_2304      |    0    |    0    |    8    |
|          |       a_forwarded_3_fu_2321      |    0    |    0    |    8    |
|          |       a_forwarded_5_fu_2338      |    0    |    0    |    8    |
|          |       a_forwarded_7_fu_2355      |    0    |    0    |    8    |
|          |       a_forwarded_9_fu_2372      |    0    |    0    |    8    |
|          |      a_forwarded_11_fu_2389      |    0    |    0    |    8    |
|          |      a_forwarded_13_fu_2406      |    0    |    0    |    8    |
|          |      a_forwarded_15_fu_2423      |    0    |    0    |    8    |
|----------|----------------------------------|---------|---------|---------|
|    add   |         add_ln81_fu_2155         |    0    |    0    |    71   |
|----------|----------------------------------|---------|---------|---------|
|          |            grp_fu_3139           |    1    |    0    |    0    |
|          |            grp_fu_3148           |    1    |    0    |    0    |
|          |            grp_fu_3157           |    1    |    0    |    0    |
|          |            grp_fu_3166           |    1    |    0    |    0    |
|          |            grp_fu_3175           |    1    |    0    |    0    |
|          |            grp_fu_3184           |    1    |    0    |    0    |
|          |            grp_fu_3193           |    1    |    0    |    0    |
|          |            grp_fu_3202           |    1    |    0    |    0    |
|          |            grp_fu_3211           |    1    |    0    |    0    |
|          |            grp_fu_3220           |    1    |    0    |    0    |
|          |            grp_fu_3229           |    1    |    0    |    0    |
|          |            grp_fu_3238           |    1    |    0    |    0    |
|          |            grp_fu_3247           |    1    |    0    |    0    |
|          |            grp_fu_3256           |    1    |    0    |    0    |
|          |            grp_fu_3265           |    1    |    0    |    0    |
|          |            grp_fu_3274           |    1    |    0    |    0    |
|          |            grp_fu_3283           |    1    |    0    |    0    |
|          |            grp_fu_3292           |    1    |    0    |    0    |
|          |            grp_fu_3301           |    1    |    0    |    0    |
|          |            grp_fu_3310           |    1    |    0    |    0    |
|          |            grp_fu_3319           |    1    |    0    |    0    |
|          |            grp_fu_3328           |    1    |    0    |    0    |
|          |            grp_fu_3337           |    1    |    0    |    0    |
|          |            grp_fu_3346           |    1    |    0    |    0    |
|          |            grp_fu_3355           |    1    |    0    |    0    |
|          |            grp_fu_3364           |    1    |    0    |    0    |
|          |            grp_fu_3373           |    1    |    0    |    0    |
|          |            grp_fu_3382           |    1    |    0    |    0    |
|          |            grp_fu_3391           |    1    |    0    |    0    |
|          |            grp_fu_3400           |    1    |    0    |    0    |
|          |            grp_fu_3409           |    1    |    0    |    0    |
|  muladd  |            grp_fu_3418           |    1    |    0    |    0    |
|          |            grp_fu_3427           |    1    |    0    |    0    |
|          |            grp_fu_3436           |    1    |    0    |    0    |
|          |            grp_fu_3445           |    1    |    0    |    0    |
|          |            grp_fu_3454           |    1    |    0    |    0    |
|          |            grp_fu_3463           |    1    |    0    |    0    |
|          |            grp_fu_3472           |    1    |    0    |    0    |
|          |            grp_fu_3481           |    1    |    0    |    0    |
|          |            grp_fu_3490           |    1    |    0    |    0    |
|          |            grp_fu_3499           |    1    |    0    |    0    |
|          |            grp_fu_3508           |    1    |    0    |    0    |
|          |            grp_fu_3517           |    1    |    0    |    0    |
|          |            grp_fu_3526           |    1    |    0    |    0    |
|          |            grp_fu_3535           |    1    |    0    |    0    |
|          |            grp_fu_3544           |    1    |    0    |    0    |
|          |            grp_fu_3553           |    1    |    0    |    0    |
|          |            grp_fu_3562           |    1    |    0    |    0    |
|          |            grp_fu_3571           |    1    |    0    |    0    |
|          |            grp_fu_3580           |    1    |    0    |    0    |
|          |            grp_fu_3589           |    1    |    0    |    0    |
|          |            grp_fu_3598           |    1    |    0    |    0    |
|          |            grp_fu_3607           |    1    |    0    |    0    |
|          |            grp_fu_3616           |    1    |    0    |    0    |
|          |            grp_fu_3625           |    1    |    0    |    0    |
|          |            grp_fu_3634           |    1    |    0    |    0    |
|          |            grp_fu_3643           |    1    |    0    |    0    |
|          |            grp_fu_3652           |    1    |    0    |    0    |
|          |            grp_fu_3661           |    1    |    0    |    0    |
|          |            grp_fu_3670           |    1    |    0    |    0    |
|          |            grp_fu_3679           |    1    |    0    |    0    |
|          |            grp_fu_3688           |    1    |    0    |    0    |
|          |            grp_fu_3697           |    1    |    0    |    0    |
|          |            grp_fu_3706           |    1    |    0    |    0    |
|----------|----------------------------------|---------|---------|---------|
|          |          or_ln91_fu_2171         |    0    |    0    |    2    |
|          |         or_ln91_1_fu_2316        |    0    |    0    |    2    |
|          |         or_ln91_2_fu_2333        |    0    |    0    |    2    |
|    or    |         or_ln91_3_fu_2350        |    0    |    0    |    2    |
|          |         or_ln91_4_fu_2367        |    0    |    0    |    2    |
|          |         or_ln91_5_fu_2384        |    0    |    0    |    2    |
|          |         or_ln91_6_fu_2401        |    0    |    0    |    2    |
|          |         or_ln91_7_fu_2418        |    0    |    0    |    2    |
|----------|----------------------------------|---------|---------|---------|
|          |         and_ln96_fu_2184         |    0    |    0    |    2    |
|          |        and_ln96_1_fu_2204        |    0    |    0    |    2    |
|          |        and_ln96_2_fu_2220        |    0    |    0    |    2    |
|    and   |        and_ln96_3_fu_2236        |    0    |    0    |    2    |
|          |        and_ln96_4_fu_2252        |    0    |    0    |    2    |
|          |        and_ln96_5_fu_2268        |    0    |    0    |    2    |
|          |        and_ln96_6_fu_2284        |    0    |    0    |    2    |
|          |        and_ln96_7_fu_2300        |    0    |    0    |    2    |
|----------|----------------------------------|---------|---------|---------|
|    xor   |         xor_ln91_fu_2166         |    0    |    0    |    2    |
|----------|----------------------------------|---------|---------|---------|
|          |      icmp15_read_read_fu_630     |    0    |    0    |    0    |
|          |    cmp9_6_not_read_read_fu_636   |    0    |    0    |    0    |
|          |    cmp9_5_not_read_read_fu_642   |    0    |    0    |    0    |
|          |    cmp9_4_not_read_read_fu_648   |    0    |    0    |    0    |
|          |      icmp12_read_read_fu_654     |    0    |    0    |    0    |
|          |    cmp9_2_not_read_read_fu_660   |    0    |    0    |    0    |
|          |      icmp9_read_read_fu_666      |    0    |    0    |    0    |
|          |      icmp6_read_read_fu_672      |    0    |    0    |    0    |
|          |    cmp15_6152_read_read_fu_678   |    0    |    0    |    0    |
|          |    cmp15_5124_read_read_fu_684   |    0    |    0    |    0    |
|          |    cmp15_496_read_read_fu_690    |    0    |    0    |    0    |
|          |      icmp3_read_read_fu_696      |    0    |    0    |    0    |
|          |    cmp15_240_read_read_fu_702    |    0    |    0    |    0    |
|          |       icmp_read_read_fu_708      |    0    |    0    |    0    |
|          |      cmp15_read_read_fu_714      |    0    |    0    |    0    |
|          |     cmp9_not_read_read_fu_720    |    0    |    0    |    0    |
|          |    sext_ln81_read_read_fu_726    |    0    |    0    |    0    |
|          | wide_trip_count_read_read_fu_732 |    0    |    0    |    0    |
|          |       p_read_1_read_fu_738       |    0    |    0    |    0    |
|          |       p_read_2_read_fu_744       |    0    |    0    |    0    |
|          |       p_read_3_read_fu_750       |    0    |    0    |    0    |
|          |       p_read_4_read_fu_756       |    0    |    0    |    0    |
|          |       p_read_5_read_fu_762       |    0    |    0    |    0    |
|          |       p_read_6_read_fu_768       |    0    |    0    |    0    |
|          |       p_read_7_read_fu_774       |    0    |    0    |    0    |
|          |       p_read_8_read_fu_780       |    0    |    0    |    0    |
|          |       p_read_9_read_fu_786       |    0    |    0    |    0    |
|          |       p_read_10_read_fu_792      |    0    |    0    |    0    |
|          |       p_read_11_read_fu_798      |    0    |    0    |    0    |
|          |       p_read_12_read_fu_804      |    0    |    0    |    0    |
|          |       p_read_13_read_fu_810      |    0    |    0    |    0    |
|          |       p_read_14_read_fu_816      |    0    |    0    |    0    |
|          |       p_read_15_read_fu_822      |    0    |    0    |    0    |
|          |       p_read_16_read_fu_828      |    0    |    0    |    0    |
|          |       p_read_17_read_fu_834      |    0    |    0    |    0    |
|          |       p_read_18_read_fu_840      |    0    |    0    |    0    |
|          |       p_read_19_read_fu_846      |    0    |    0    |    0    |
|          |       p_read_20_read_fu_852      |    0    |    0    |    0    |
|          |       p_read_21_read_fu_858      |    0    |    0    |    0    |
|          |       p_read_22_read_fu_864      |    0    |    0    |    0    |
|          |       p_read_23_read_fu_870      |    0    |    0    |    0    |
|   read   |       p_read_24_read_fu_876      |    0    |    0    |    0    |
|          |       p_read_25_read_fu_882      |    0    |    0    |    0    |
|          |       p_read_26_read_fu_888      |    0    |    0    |    0    |
|          |       p_read_27_read_fu_894      |    0    |    0    |    0    |
|          |       p_read_28_read_fu_900      |    0    |    0    |    0    |
|          |       p_read_29_read_fu_906      |    0    |    0    |    0    |
|          |       p_read_30_read_fu_912      |    0    |    0    |    0    |
|          |       p_read_31_read_fu_918      |    0    |    0    |    0    |
|          |       p_read_32_read_fu_924      |    0    |    0    |    0    |
|          |       p_read_33_read_fu_930      |    0    |    0    |    0    |
|          |       p_read_34_read_fu_936      |    0    |    0    |    0    |
|          |       p_read_35_read_fu_942      |    0    |    0    |    0    |
|          |       p_read_36_read_fu_948      |    0    |    0    |    0    |
|          |       p_read_37_read_fu_954      |    0    |    0    |    0    |
|          |       p_read_38_read_fu_960      |    0    |    0    |    0    |
|          |       p_read_39_read_fu_966      |    0    |    0    |    0    |
|          |       p_read_40_read_fu_972      |    0    |    0    |    0    |
|          |      p_read4028_read_fu_978      |    0    |    0    |    0    |
|          |       p_read_41_read_fu_984      |    0    |    0    |    0    |
|          |       p_read_42_read_fu_990      |    0    |    0    |    0    |
|          |       p_read_43_read_fu_996      |    0    |    0    |    0    |
|          |      p_read_44_read_fu_1002      |    0    |    0    |    0    |
|          |      p_read_45_read_fu_1008      |    0    |    0    |    0    |
|          |      p_read_46_read_fu_1014      |    0    |    0    |    0    |
|          |      p_read_47_read_fu_1020      |    0    |    0    |    0    |
|          |      p_read_48_read_fu_1026      |    0    |    0    |    0    |
|          |      p_read_49_read_fu_1032      |    0    |    0    |    0    |
|          |      p_read5018_read_fu_1038     |    0    |    0    |    0    |
|          |      p_read_50_read_fu_1044      |    0    |    0    |    0    |
|          |      p_read_51_read_fu_1050      |    0    |    0    |    0    |
|          |      p_read_52_read_fu_1056      |    0    |    0    |    0    |
|          |      p_read_53_read_fu_1062      |    0    |    0    |    0    |
|          |      p_read_54_read_fu_1068      |    0    |    0    |    0    |
|          |      p_read_55_read_fu_1074      |    0    |    0    |    0    |
|          |      p_read_56_read_fu_1080      |    0    |    0    |    0    |
|          |      p_read_57_read_fu_1086      |    0    |    0    |    0    |
|          |      p_read_58_read_fu_1092      |    0    |    0    |    0    |
|          |      p_read608_read_fu_1098      |    0    |    0    |    0    |
|          |      p_read617_read_fu_1104      |    0    |    0    |    0    |
|          |      p_read626_read_fu_1110      |    0    |    0    |    0    |
|          |      p_read635_read_fu_1116      |    0    |    0    |    0    |
|          |    zext_ln81_read_read_fu_1122   |    0    |    0    |    0    |
|----------|----------------------------------|---------|---------|---------|
|          |      write_ln0_write_fu_1128     |    0    |    0    |    0    |
|          |      write_ln0_write_fu_1135     |    0    |    0    |    0    |
|          |      write_ln0_write_fu_1142     |    0    |    0    |    0    |
|          |      write_ln0_write_fu_1149     |    0    |    0    |    0    |
|          |      write_ln0_write_fu_1156     |    0    |    0    |    0    |
|          |      write_ln0_write_fu_1163     |    0    |    0    |    0    |
|          |      write_ln0_write_fu_1170     |    0    |    0    |    0    |
|          |      write_ln0_write_fu_1177     |    0    |    0    |    0    |
|          |      write_ln0_write_fu_1184     |    0    |    0    |    0    |
|          |      write_ln0_write_fu_1191     |    0    |    0    |    0    |
|          |      write_ln0_write_fu_1198     |    0    |    0    |    0    |
|          |      write_ln0_write_fu_1205     |    0    |    0    |    0    |
|          |      write_ln0_write_fu_1212     |    0    |    0    |    0    |
|          |      write_ln0_write_fu_1219     |    0    |    0    |    0    |
|          |      write_ln0_write_fu_1226     |    0    |    0    |    0    |
|          |      write_ln0_write_fu_1233     |    0    |    0    |    0    |
|          |      write_ln0_write_fu_1240     |    0    |    0    |    0    |
|          |      write_ln0_write_fu_1247     |    0    |    0    |    0    |
|          |      write_ln0_write_fu_1254     |    0    |    0    |    0    |
|          |      write_ln0_write_fu_1261     |    0    |    0    |    0    |
|          |      write_ln0_write_fu_1268     |    0    |    0    |    0    |
|          |      write_ln0_write_fu_1275     |    0    |    0    |    0    |
|          |      write_ln0_write_fu_1282     |    0    |    0    |    0    |
|          |      write_ln0_write_fu_1289     |    0    |    0    |    0    |
|          |      write_ln0_write_fu_1296     |    0    |    0    |    0    |
|          |      write_ln0_write_fu_1303     |    0    |    0    |    0    |
|          |      write_ln0_write_fu_1310     |    0    |    0    |    0    |
|          |      write_ln0_write_fu_1317     |    0    |    0    |    0    |
|          |      write_ln0_write_fu_1324     |    0    |    0    |    0    |
|          |      write_ln0_write_fu_1331     |    0    |    0    |    0    |
|          |      write_ln0_write_fu_1338     |    0    |    0    |    0    |
|   write  |      write_ln0_write_fu_1345     |    0    |    0    |    0    |
|          |      write_ln0_write_fu_1352     |    0    |    0    |    0    |
|          |      write_ln0_write_fu_1359     |    0    |    0    |    0    |
|          |      write_ln0_write_fu_1366     |    0    |    0    |    0    |
|          |      write_ln0_write_fu_1373     |    0    |    0    |    0    |
|          |      write_ln0_write_fu_1380     |    0    |    0    |    0    |
|          |      write_ln0_write_fu_1387     |    0    |    0    |    0    |
|          |      write_ln0_write_fu_1394     |    0    |    0    |    0    |
|          |      write_ln0_write_fu_1401     |    0    |    0    |    0    |
|          |      write_ln0_write_fu_1408     |    0    |    0    |    0    |
|          |      write_ln0_write_fu_1415     |    0    |    0    |    0    |
|          |      write_ln0_write_fu_1422     |    0    |    0    |    0    |
|          |      write_ln0_write_fu_1429     |    0    |    0    |    0    |
|          |      write_ln0_write_fu_1436     |    0    |    0    |    0    |
|          |      write_ln0_write_fu_1443     |    0    |    0    |    0    |
|          |      write_ln0_write_fu_1450     |    0    |    0    |    0    |
|          |      write_ln0_write_fu_1457     |    0    |    0    |    0    |
|          |      write_ln0_write_fu_1464     |    0    |    0    |    0    |
|          |      write_ln0_write_fu_1471     |    0    |    0    |    0    |
|          |      write_ln0_write_fu_1478     |    0    |    0    |    0    |
|          |      write_ln0_write_fu_1485     |    0    |    0    |    0    |
|          |      write_ln0_write_fu_1492     |    0    |    0    |    0    |
|          |      write_ln0_write_fu_1499     |    0    |    0    |    0    |
|          |      write_ln0_write_fu_1506     |    0    |    0    |    0    |
|          |      write_ln0_write_fu_1513     |    0    |    0    |    0    |
|          |      write_ln0_write_fu_1520     |    0    |    0    |    0    |
|          |      write_ln0_write_fu_1527     |    0    |    0    |    0    |
|          |      write_ln0_write_fu_1534     |    0    |    0    |    0    |
|          |      write_ln0_write_fu_1541     |    0    |    0    |    0    |
|          |      write_ln0_write_fu_1548     |    0    |    0    |    0    |
|          |      write_ln0_write_fu_1555     |    0    |    0    |    0    |
|          |      write_ln0_write_fu_1562     |    0    |    0    |    0    |
|          |      write_ln0_write_fu_1569     |    0    |    0    |    0    |
|----------|----------------------------------|---------|---------|---------|
|          |      sext_ln81_cast_fu_1784      |    0    |    0    |    0    |
|          |        sext_ln100_fu_2196        |    0    |    0    |    0    |
|          |       sext_ln100_1_fu_2200       |    0    |    0    |    0    |
|          |       sext_ln100_2_fu_2216       |    0    |    0    |    0    |
|          |       sext_ln100_3_fu_2232       |    0    |    0    |    0    |
|          |       sext_ln100_4_fu_2248       |    0    |    0    |    0    |
|          |       sext_ln100_5_fu_2264       |    0    |    0    |    0    |
|          |       sext_ln100_6_fu_2280       |    0    |    0    |    0    |
|   sext   |       sext_ln100_7_fu_2296       |    0    |    0    |    0    |
|          |       sext_ln100_8_fu_2312       |    0    |    0    |    0    |
|          |       sext_ln100_9_fu_2329       |    0    |    0    |    0    |
|          |       sext_ln100_10_fu_2346      |    0    |    0    |    0    |
|          |       sext_ln100_11_fu_2363      |    0    |    0    |    0    |
|          |       sext_ln100_12_fu_2380      |    0    |    0    |    0    |
|          |       sext_ln100_13_fu_2397      |    0    |    0    |    0    |
|          |       sext_ln100_14_fu_2414      |    0    |    0    |    0    |
|          |       sext_ln100_15_fu_2431      |    0    |    0    |    0    |
|----------|----------------------------------|---------|---------|---------|
|   zext   |   wide_trip_count_cast_fu_1788   |    0    |    0    |    0    |
|          |      zext_ln81_cast_fu_1792      |    0    |    0    |    0    |
|----------|----------------------------------|---------|---------|---------|
|   Total  |                                  |    64   |    0    |   446   |
|----------|----------------------------------|---------|---------|---------|

Memories:
N/A

* Register list:
+-------------------------------+--------+
|                               |   FF   |
+-------------------------------+--------+
|  a_row_major_0_addr_reg_4341  |    3   |
|  a_row_major_1_addr_reg_4346  |    3   |
|  a_row_major_2_addr_reg_4351  |    3   |
|  a_row_major_3_addr_reg_4356  |    3   |
|  a_row_major_4_addr_reg_4361  |    3   |
|  a_row_major_5_addr_reg_4366  |    3   |
|  a_row_major_6_addr_reg_4371  |    3   |
|  a_row_major_7_addr_reg_4376  |    3   |
|  b_row_major_0_addr_reg_4386  |    3   |
|  b_row_major_1_addr_reg_4391  |    3   |
|  b_row_major_2_addr_reg_4396  |    3   |
|  b_row_major_3_addr_reg_4401  |    3   |
|  b_row_major_4_addr_reg_4406  |    3   |
|  b_row_major_5_addr_reg_4411  |    3   |
|  b_row_major_6_addr_reg_4416  |    3   |
|  b_row_major_7_addr_reg_4421  |    3   |
|c_row_major_0_0_0_load_reg_4618|   16   |
|   c_row_major_0_0_0_reg_3715  |   16   |
|c_row_major_0_1_0_load_reg_4623|   16   |
|   c_row_major_0_1_0_reg_3723  |   16   |
|c_row_major_0_2_0_load_reg_4628|   16   |
|   c_row_major_0_2_0_reg_3731  |   16   |
|c_row_major_0_3_0_load_reg_4633|   16   |
|   c_row_major_0_3_0_reg_3739  |   16   |
|c_row_major_0_4_0_load_reg_4638|   16   |
|   c_row_major_0_4_0_reg_3747  |   16   |
|c_row_major_0_5_0_load_reg_4643|   16   |
|   c_row_major_0_5_0_reg_3755  |   16   |
|c_row_major_0_6_0_load_reg_4648|   16   |
|   c_row_major_0_6_0_reg_3763  |   16   |
|c_row_major_0_7_0_load_reg_4653|   16   |
|   c_row_major_0_7_0_reg_3771  |   16   |
|c_row_major_1_0_0_load_reg_4658|   16   |
|   c_row_major_1_0_0_reg_3779  |   16   |
|c_row_major_1_1_0_load_reg_4663|   16   |
|   c_row_major_1_1_0_reg_3787  |   16   |
|c_row_major_1_2_0_load_reg_4668|   16   |
|   c_row_major_1_2_0_reg_3795  |   16   |
|c_row_major_1_3_0_load_reg_4673|   16   |
|   c_row_major_1_3_0_reg_3803  |   16   |
|c_row_major_1_4_0_load_reg_4678|   16   |
|   c_row_major_1_4_0_reg_3811  |   16   |
|c_row_major_1_5_0_load_reg_4683|   16   |
|   c_row_major_1_5_0_reg_3819  |   16   |
|c_row_major_1_6_0_load_reg_4688|   16   |
|   c_row_major_1_6_0_reg_3827  |   16   |
|c_row_major_1_7_0_load_reg_4693|   16   |
|   c_row_major_1_7_0_reg_3835  |   16   |
|c_row_major_2_0_0_load_reg_4698|   16   |
|   c_row_major_2_0_0_reg_3843  |   16   |
|c_row_major_2_1_0_load_reg_4703|   16   |
|   c_row_major_2_1_0_reg_3851  |   16   |
|c_row_major_2_2_0_load_reg_4708|   16   |
|   c_row_major_2_2_0_reg_3859  |   16   |
|c_row_major_2_3_0_load_reg_4713|   16   |
|   c_row_major_2_3_0_reg_3867  |   16   |
|c_row_major_2_4_0_load_reg_4718|   16   |
|   c_row_major_2_4_0_reg_3875  |   16   |
|c_row_major_2_5_0_load_reg_4723|   16   |
|   c_row_major_2_5_0_reg_3883  |   16   |
|c_row_major_2_6_0_load_reg_4728|   16   |
|   c_row_major_2_6_0_reg_3891  |   16   |
|c_row_major_2_7_0_load_reg_4733|   16   |
|   c_row_major_2_7_0_reg_3899  |   16   |
|c_row_major_3_0_0_load_reg_4738|   16   |
|   c_row_major_3_0_0_reg_3907  |   16   |
|c_row_major_3_1_0_load_reg_4743|   16   |
|   c_row_major_3_1_0_reg_3915  |   16   |
|c_row_major_3_2_0_load_reg_4748|   16   |
|   c_row_major_3_2_0_reg_3923  |   16   |
|c_row_major_3_3_0_load_reg_4753|   16   |
|   c_row_major_3_3_0_reg_3931  |   16   |
|c_row_major_3_4_0_load_reg_4758|   16   |
|   c_row_major_3_4_0_reg_3939  |   16   |
|c_row_major_3_5_0_load_reg_4763|   16   |
|   c_row_major_3_5_0_reg_3947  |   16   |
|c_row_major_3_6_0_load_reg_4768|   16   |
|   c_row_major_3_6_0_reg_3955  |   16   |
|c_row_major_3_7_0_load_reg_4773|   16   |
|   c_row_major_3_7_0_reg_3963  |   16   |
|c_row_major_4_0_0_load_reg_4778|   16   |
|   c_row_major_4_0_0_reg_3971  |   16   |
|c_row_major_4_1_0_load_reg_4783|   16   |
|   c_row_major_4_1_0_reg_3979  |   16   |
|c_row_major_4_2_0_load_reg_4788|   16   |
|   c_row_major_4_2_0_reg_3987  |   16   |
|c_row_major_4_3_0_load_reg_4793|   16   |
|   c_row_major_4_3_0_reg_3995  |   16   |
|c_row_major_4_4_0_load_reg_4798|   16   |
|   c_row_major_4_4_0_reg_4003  |   16   |
|c_row_major_4_5_0_load_reg_4803|   16   |
|   c_row_major_4_5_0_reg_4011  |   16   |
|c_row_major_4_6_0_load_reg_4808|   16   |
|   c_row_major_4_6_0_reg_4019  |   16   |
|c_row_major_4_7_0_load_reg_4813|   16   |
|   c_row_major_4_7_0_reg_4027  |   16   |
|c_row_major_5_0_0_load_reg_4818|   16   |
|   c_row_major_5_0_0_reg_4035  |   16   |
|c_row_major_5_1_0_load_reg_4823|   16   |
|   c_row_major_5_1_0_reg_4043  |   16   |
|c_row_major_5_2_0_load_reg_4828|   16   |
|   c_row_major_5_2_0_reg_4051  |   16   |
|c_row_major_5_3_0_load_reg_4833|   16   |
|   c_row_major_5_3_0_reg_4059  |   16   |
|c_row_major_5_4_0_load_reg_4838|   16   |
|   c_row_major_5_4_0_reg_4067  |   16   |
|c_row_major_5_5_0_load_reg_4843|   16   |
|   c_row_major_5_5_0_reg_4075  |   16   |
|c_row_major_5_6_0_load_reg_4848|   16   |
|   c_row_major_5_6_0_reg_4083  |   16   |
|c_row_major_5_7_0_load_reg_4853|   16   |
|   c_row_major_5_7_0_reg_4091  |   16   |
|c_row_major_6_0_0_load_reg_4858|   16   |
|   c_row_major_6_0_0_reg_4099  |   16   |
|c_row_major_6_1_0_load_reg_4863|   16   |
|   c_row_major_6_1_0_reg_4107  |   16   |
|c_row_major_6_2_0_load_reg_4868|   16   |
|   c_row_major_6_2_0_reg_4115  |   16   |
|c_row_major_6_3_0_load_reg_4873|   16   |
|   c_row_major_6_3_0_reg_4123  |   16   |
|c_row_major_6_4_0_load_reg_4878|   16   |
|   c_row_major_6_4_0_reg_4131  |   16   |
|c_row_major_6_5_0_load_reg_4883|   16   |
|   c_row_major_6_5_0_reg_4139  |   16   |
|c_row_major_6_6_0_load_reg_4888|   16   |
|   c_row_major_6_6_0_reg_4147  |   16   |
|c_row_major_6_7_0_load_reg_4893|   16   |
|   c_row_major_6_7_0_reg_4155  |   16   |
|c_row_major_7_0_0_load_reg_4898|   16   |
|   c_row_major_7_0_0_reg_4163  |   16   |
|c_row_major_7_1_0_load_reg_4903|   16   |
|   c_row_major_7_1_0_reg_4171  |   16   |
|c_row_major_7_2_0_load_reg_4908|   16   |
|   c_row_major_7_2_0_reg_4179  |   16   |
|c_row_major_7_3_0_load_reg_4913|   16   |
|   c_row_major_7_3_0_reg_4187  |   16   |
|c_row_major_7_4_0_load_reg_4918|   16   |
|   c_row_major_7_4_0_reg_4195  |   16   |
|c_row_major_7_5_0_load_reg_4923|   16   |
|   c_row_major_7_5_0_reg_4203  |   16   |
|c_row_major_7_6_0_load_reg_4928|   16   |
|   c_row_major_7_6_0_reg_4211  |   16   |
|c_row_major_7_7_0_load_reg_4933|   16   |
|   c_row_major_7_7_0_reg_4219  |   16   |
|         cmp13_reg_4329        |    1   |
|    cmp15_240_read_reg_4294    |    1   |
|    cmp15_496_read_reg_4284    |    1   |
|    cmp15_5124_read_reg_4279   |    1   |
|    cmp15_6152_read_reg_4274   |    1   |
|      cmp15_read_reg_4304      |    1   |
|    cmp9_2_not_read_reg_4259   |    1   |
|    cmp9_4_not_read_reg_4249   |    1   |
|    cmp9_5_not_read_reg_4244   |    1   |
|    cmp9_6_not_read_reg_4239   |    1   |
|     cmp9_not_read_reg_4309    |    1   |
|      icmp12_read_reg_4254     |    1   |
|      icmp15_read_reg_4234     |    1   |
|      icmp3_read_reg_4289      |    1   |
|      icmp6_read_reg_4269      |    1   |
|      icmp9_read_reg_4264      |    1   |
|       icmp_ln81_reg_4325      |    1   |
|       icmp_ln91_reg_4381      |    1   |
|       icmp_read_reg_4299      |    1   |
|           k_reg_4227          |   64   |
|     sext_ln100_10_reg_4546    |   16   |
|     sext_ln100_11_reg_4558    |   16   |
|     sext_ln100_12_reg_4570    |   16   |
|     sext_ln100_13_reg_4582    |   16   |
|     sext_ln100_14_reg_4594    |   16   |
|     sext_ln100_15_reg_4606    |   16   |
|     sext_ln100_1_reg_4438     |   16   |
|     sext_ln100_2_reg_4450     |   16   |
|     sext_ln100_3_reg_4462     |   16   |
|     sext_ln100_4_reg_4474     |   16   |
|     sext_ln100_5_reg_4486     |   16   |
|     sext_ln100_6_reg_4498     |   16   |
|     sext_ln100_7_reg_4510     |   16   |
|     sext_ln100_8_reg_4522     |   16   |
|     sext_ln100_9_reg_4534     |   16   |
|      sext_ln100_reg_4426      |   16   |
|    sext_ln81_cast_reg_4314    |   64   |
| wide_trip_count_cast_reg_4320 |   64   |
+-------------------------------+--------+
|             Total             |  2563  |
+-------------------------------+--------+

* Multiplexer (MUX) list: 
|--------------------|------|------|------|--------||---------||---------|
|        Comp        |  Pin | Size |  BW  | S x BW ||  Delay  ||   LUT   |
|--------------------|------|------|------|--------||---------||---------|
| grp_access_fu_1632 |  p0  |   2  |   3  |    6   ||    9    |
| grp_access_fu_1645 |  p0  |   2  |   3  |    6   ||    9    |
| grp_access_fu_1658 |  p0  |   2  |   3  |    6   ||    9    |
| grp_access_fu_1671 |  p0  |   2  |   3  |    6   ||    9    |
| grp_access_fu_1684 |  p0  |   2  |   3  |    6   ||    9    |
| grp_access_fu_1697 |  p0  |   2  |   3  |    6   ||    9    |
| grp_access_fu_1710 |  p0  |   2  |   3  |    6   ||    9    |
| grp_access_fu_1723 |  p0  |   2  |   3  |    6   ||    9    |
| grp_access_fu_1736 |  p0  |   2  |   3  |    6   ||    9    |
| grp_access_fu_1742 |  p0  |   2  |   3  |    6   ||    9    |
| grp_access_fu_1748 |  p0  |   2  |   3  |    6   ||    9    |
| grp_access_fu_1754 |  p0  |   2  |   3  |    6   ||    9    |
| grp_access_fu_1760 |  p0  |   2  |   3  |    6   ||    9    |
| grp_access_fu_1766 |  p0  |   2  |   3  |    6   ||    9    |
| grp_access_fu_1772 |  p0  |   2  |   3  |    6   ||    9    |
| grp_access_fu_1778 |  p0  |   2  |   3  |    6   ||    9    |
|     grp_fu_3139    |  p0  |   2  |   8  |   16   ||    9    |
|     grp_fu_3139    |  p1  |   3  |   8  |   24   ||    14   |
|     grp_fu_3148    |  p0  |   2  |   8  |   16   ||    9    |
|     grp_fu_3148    |  p1  |   3  |   8  |   24   ||    14   |
|     grp_fu_3157    |  p0  |   2  |   8  |   16   ||    9    |
|     grp_fu_3157    |  p1  |   3  |   8  |   24   ||    14   |
|     grp_fu_3166    |  p0  |   2  |   8  |   16   ||    9    |
|     grp_fu_3166    |  p1  |   3  |   8  |   24   ||    14   |
|     grp_fu_3175    |  p0  |   2  |   8  |   16   ||    9    |
|     grp_fu_3175    |  p1  |   3  |   8  |   24   ||    14   |
|     grp_fu_3184    |  p0  |   2  |   8  |   16   ||    9    |
|     grp_fu_3184    |  p1  |   3  |   8  |   24   ||    14   |
|     grp_fu_3193    |  p0  |   2  |   8  |   16   ||    9    |
|     grp_fu_3193    |  p1  |   3  |   8  |   24   ||    14   |
|     grp_fu_3202    |  p0  |   2  |   8  |   16   ||    9    |
|     grp_fu_3202    |  p1  |   3  |   8  |   24   ||    14   |
|     grp_fu_3211    |  p0  |   2  |   8  |   16   ||    9    |
|     grp_fu_3211    |  p1  |   3  |   8  |   24   ||    14   |
|     grp_fu_3220    |  p0  |   2  |   8  |   16   ||    9    |
|     grp_fu_3220    |  p1  |   3  |   8  |   24   ||    14   |
|     grp_fu_3229    |  p0  |   2  |   8  |   16   ||    9    |
|     grp_fu_3229    |  p1  |   3  |   8  |   24   ||    14   |
|     grp_fu_3238    |  p0  |   2  |   8  |   16   ||    9    |
|     grp_fu_3238    |  p1  |   3  |   8  |   24   ||    14   |
|     grp_fu_3247    |  p0  |   2  |   8  |   16   ||    9    |
|     grp_fu_3247    |  p1  |   3  |   8  |   24   ||    14   |
|     grp_fu_3256    |  p0  |   2  |   8  |   16   ||    9    |
|     grp_fu_3256    |  p1  |   3  |   8  |   24   ||    14   |
|     grp_fu_3265    |  p0  |   2  |   8  |   16   ||    9    |
|     grp_fu_3265    |  p1  |   3  |   8  |   24   ||    14   |
|     grp_fu_3274    |  p0  |   2  |   8  |   16   ||    9    |
|     grp_fu_3274    |  p1  |   3  |   8  |   24   ||    14   |
|     grp_fu_3283    |  p0  |   2  |   8  |   16   ||    9    |
|     grp_fu_3283    |  p1  |   3  |   8  |   24   ||    14   |
|     grp_fu_3292    |  p0  |   2  |   8  |   16   ||    9    |
|     grp_fu_3292    |  p1  |   3  |   8  |   24   ||    14   |
|     grp_fu_3301    |  p0  |   2  |   8  |   16   ||    9    |
|     grp_fu_3301    |  p1  |   3  |   8  |   24   ||    14   |
|     grp_fu_3310    |  p0  |   2  |   8  |   16   ||    9    |
|     grp_fu_3310    |  p1  |   3  |   8  |   24   ||    14   |
|     grp_fu_3319    |  p0  |   2  |   8  |   16   ||    9    |
|     grp_fu_3319    |  p1  |   3  |   8  |   24   ||    14   |
|     grp_fu_3328    |  p0  |   2  |   8  |   16   ||    9    |
|     grp_fu_3328    |  p1  |   3  |   8  |   24   ||    14   |
|     grp_fu_3337    |  p0  |   2  |   8  |   16   ||    9    |
|     grp_fu_3337    |  p1  |   3  |   8  |   24   ||    14   |
|     grp_fu_3346    |  p0  |   2  |   8  |   16   ||    9    |
|     grp_fu_3346    |  p1  |   3  |   8  |   24   ||    14   |
|     grp_fu_3355    |  p0  |   2  |   8  |   16   ||    9    |
|     grp_fu_3355    |  p1  |   3  |   8  |   24   ||    14   |
|     grp_fu_3364    |  p0  |   2  |   8  |   16   ||    9    |
|     grp_fu_3364    |  p1  |   3  |   8  |   24   ||    14   |
|     grp_fu_3373    |  p0  |   2  |   8  |   16   ||    9    |
|     grp_fu_3373    |  p1  |   3  |   8  |   24   ||    14   |
|     grp_fu_3382    |  p0  |   2  |   8  |   16   ||    9    |
|     grp_fu_3382    |  p1  |   3  |   8  |   24   ||    14   |
|     grp_fu_3391    |  p0  |   2  |   8  |   16   ||    9    |
|     grp_fu_3391    |  p1  |   3  |   8  |   24   ||    14   |
|     grp_fu_3400    |  p0  |   2  |   8  |   16   ||    9    |
|     grp_fu_3400    |  p1  |   3  |   8  |   24   ||    14   |
|     grp_fu_3409    |  p0  |   2  |   8  |   16   ||    9    |
|     grp_fu_3409    |  p1  |   3  |   8  |   24   ||    14   |
|     grp_fu_3418    |  p0  |   2  |   8  |   16   ||    9    |
|     grp_fu_3418    |  p1  |   3  |   8  |   24   ||    14   |
|     grp_fu_3427    |  p0  |   2  |   8  |   16   ||    9    |
|     grp_fu_3427    |  p1  |   3  |   8  |   24   ||    14   |
|     grp_fu_3436    |  p0  |   2  |   8  |   16   ||    9    |
|     grp_fu_3436    |  p1  |   3  |   8  |   24   ||    14   |
|     grp_fu_3445    |  p0  |   2  |   8  |   16   ||    9    |
|     grp_fu_3445    |  p1  |   3  |   8  |   24   ||    14   |
|     grp_fu_3454    |  p0  |   2  |   8  |   16   ||    9    |
|     grp_fu_3454    |  p1  |   3  |   8  |   24   ||    14   |
|     grp_fu_3463    |  p0  |   2  |   8  |   16   ||    9    |
|     grp_fu_3463    |  p1  |   3  |   8  |   24   ||    14   |
|     grp_fu_3472    |  p0  |   2  |   8  |   16   ||    9    |
|     grp_fu_3472    |  p1  |   3  |   8  |   24   ||    14   |
|     grp_fu_3481    |  p0  |   2  |   8  |   16   ||    9    |
|     grp_fu_3481    |  p1  |   3  |   8  |   24   ||    14   |
|     grp_fu_3490    |  p0  |   2  |   8  |   16   ||    9    |
|     grp_fu_3490    |  p1  |   3  |   8  |   24   ||    14   |
|     grp_fu_3499    |  p0  |   2  |   8  |   16   ||    9    |
|     grp_fu_3499    |  p1  |   3  |   8  |   24   ||    14   |
|     grp_fu_3508    |  p0  |   2  |   8  |   16   ||    9    |
|     grp_fu_3508    |  p1  |   3  |   8  |   24   ||    14   |
|     grp_fu_3517    |  p0  |   2  |   8  |   16   ||    9    |
|     grp_fu_3517    |  p1  |   3  |   8  |   24   ||    14   |
|     grp_fu_3526    |  p0  |   2  |   8  |   16   ||    9    |
|     grp_fu_3526    |  p1  |   3  |   8  |   24   ||    14   |
|     grp_fu_3535    |  p0  |   2  |   8  |   16   ||    9    |
|     grp_fu_3535    |  p1  |   3  |   8  |   24   ||    14   |
|     grp_fu_3544    |  p0  |   2  |   8  |   16   ||    9    |
|     grp_fu_3544    |  p1  |   3  |   8  |   24   ||    14   |
|     grp_fu_3553    |  p0  |   2  |   8  |   16   ||    9    |
|     grp_fu_3553    |  p1  |   3  |   8  |   24   ||    14   |
|     grp_fu_3562    |  p0  |   2  |   8  |   16   ||    9    |
|     grp_fu_3562    |  p1  |   3  |   8  |   24   ||    14   |
|     grp_fu_3571    |  p0  |   2  |   8  |   16   ||    9    |
|     grp_fu_3571    |  p1  |   3  |   8  |   24   ||    14   |
|     grp_fu_3580    |  p0  |   2  |   8  |   16   ||    9    |
|     grp_fu_3580    |  p1  |   3  |   8  |   24   ||    14   |
|     grp_fu_3589    |  p0  |   2  |   8  |   16   ||    9    |
|     grp_fu_3589    |  p1  |   3  |   8  |   24   ||    14   |
|     grp_fu_3598    |  p0  |   2  |   8  |   16   ||    9    |
|     grp_fu_3598    |  p1  |   3  |   8  |   24   ||    14   |
|     grp_fu_3607    |  p0  |   2  |   8  |   16   ||    9    |
|     grp_fu_3607    |  p1  |   3  |   8  |   24   ||    14   |
|     grp_fu_3616    |  p0  |   2  |   8  |   16   ||    9    |
|     grp_fu_3616    |  p1  |   3  |   8  |   24   ||    14   |
|     grp_fu_3625    |  p0  |   2  |   8  |   16   ||    9    |
|     grp_fu_3625    |  p1  |   3  |   8  |   24   ||    14   |
|     grp_fu_3634    |  p0  |   2  |   8  |   16   ||    9    |
|     grp_fu_3634    |  p1  |   3  |   8  |   24   ||    14   |
|     grp_fu_3643    |  p0  |   2  |   8  |   16   ||    9    |
|     grp_fu_3643    |  p1  |   3  |   8  |   24   ||    14   |
|     grp_fu_3652    |  p0  |   2  |   8  |   16   ||    9    |
|     grp_fu_3652    |  p1  |   3  |   8  |   24   ||    14   |
|     grp_fu_3661    |  p0  |   2  |   8  |   16   ||    9    |
|     grp_fu_3661    |  p1  |   3  |   8  |   24   ||    14   |
|     grp_fu_3670    |  p0  |   2  |   8  |   16   ||    9    |
|     grp_fu_3670    |  p1  |   3  |   8  |   24   ||    14   |
|     grp_fu_3679    |  p0  |   2  |   8  |   16   ||    9    |
|     grp_fu_3679    |  p1  |   3  |   8  |   24   ||    14   |
|     grp_fu_3688    |  p0  |   2  |   8  |   16   ||    9    |
|     grp_fu_3688    |  p1  |   3  |   8  |   24   ||    14   |
|     grp_fu_3697    |  p0  |   2  |   8  |   16   ||    9    |
|     grp_fu_3697    |  p1  |   3  |   8  |   24   ||    14   |
|     grp_fu_3706    |  p0  |   2  |   8  |   16   ||    9    |
|     grp_fu_3706    |  p1  |   3  |   8  |   24   ||    14   |
|--------------------|------|------|------|--------||---------||---------|
|        Total       |      |      |      |  2656  ||  64.624 ||   1616  |
|--------------------|------|------|------|--------||---------||---------|



* Summary:
+-----------+--------+--------+--------+--------+
|           |   DSP  |  Delay |   FF   |   LUT  |
+-----------+--------+--------+--------+--------+
|  Function |   64   |    -   |    0   |   446  |
|   Memory  |    -   |    -   |    -   |    -   |
|Multiplexer|    -   |   64   |    -   |  1616  |
|  Register |    -   |    -   |  2563  |    -   |
+-----------+--------+--------+--------+--------+
|   Total   |   64   |   64   |  2563  |  2062  |
+-----------+--------+--------+--------+--------+
