

================================================================
== Synthesis Summary Report of 'mmult'
================================================================
+ General Information: 
    * Date:           Fri Jun  5 01:39:05 2026
    * Version:        2023.2 (Build 4023990 on Oct 11 2023)
    * Project:        hls_prj
    * Solution:       s1 (Vivado IP Flow Target)
    * Product family: zynquplus
    * Target device:  xck26-sfvc784-2LV-c
    

+ Performance & Resource Estimates: 
    
    PS: '+' for module; 'o' for loop; '*' for dataflow
    +-----------------------------------------------------+--------+-------+---------+-----------+----------+---------+------+----------+--------+------------+-------------+-------------+-----+
    |                       Modules                       |  Issue |       | Latency |  Latency  | Iteration|         | Trip |          |        |            |             |             |     |
    |                       & Loops                       |  Type  | Slack | (cycles)|    (ns)   |  Latency | Interval| Count| Pipelined|  BRAM  |     DSP    |      FF     |     LUT     | URAM|
    +-----------------------------------------------------+--------+-------+---------+-----------+----------+---------+------+----------+--------+------------+-------------+-------------+-----+
    |+ mmult                                              |  Timing|  -0.46|     2943|  9.712e+03|         -|     2944|     -|        no|  6 (2%)|  1038 (83%)|  41816 (17%)|  39453 (33%)|    -|
    | + mmult_Pipeline_readA_VITIS_LOOP_147_1             |  Timing|  -0.19|     1027|  3.389e+03|         -|     1027|     -|        no|       -|           -|    137 (~0%)|    354 (~0%)|    -|
    |  o readA_VITIS_LOOP_147_1                           |       -|   2.41|     1025|  3.382e+03|         3|        1|  1024|       yes|       -|           -|            -|            -|    -|
    | + mmult_Pipeline_readB_VITIS_LOOP_158_2             |  Timing|  -0.46|     1027|  3.389e+03|         -|     1027|     -|        no|       -|           -|    160 (~0%)|    400 (~0%)|    -|
    |  o readB_VITIS_LOOP_158_2                           |       -|   2.41|     1025|  3.382e+03|         3|        1|  1024|       yes|       -|           -|            -|            -|    -|
    | + mmult_Pipeline_VITIS_LOOP_166_3_VITIS_LOOP_167_4  |       -|   0.08|      130|    429.000|         -|      130|     -|        no|       -|           -|     30 (~0%)|    143 (~0%)|    -|
    |  o VITIS_LOOP_166_3_VITIS_LOOP_167_4                |       -|   2.41|      128|    422.400|         2|        1|   128|       yes|       -|           -|            -|            -|    -|
    | + mmult_Pipeline_writeC_VITIS_LOOP_187_5            |  Timing|  -0.46|     1028|  3.392e+03|         -|     1028|     -|        no|       -|           -|    166 (~0%)|    785 (~0%)|    -|
    |  o writeC_VITIS_LOOP_187_5                          |       -|   2.41|     1026|  3.386e+03|         4|        1|  1024|       yes|       -|           -|            -|            -|    -|
    | o tile_processing                                   |       -|   2.41|      864|  2.851e+03|       216|        -|     4|        no|       -|           -|            -|            -|    -|
    |  + tile_process                                     |       -|   0.34|      214|    706.200|         -|      214|     -|        no|       -|  1024 (82%)|  34667 (14%)|  27051 (23%)|    -|
    |   + tile_process_Pipeline_compute_pipeline          |       -|   0.34|      197|    650.100|         -|      197|     -|        no|       -|  1024 (82%)|   18199 (7%)|   11291 (9%)|    -|
    |    o compute_pipeline                               |      II|   2.41|      195|    643.500|        10|        6|    32|       yes|       -|           -|            -|            -|    -|
    +-----------------------------------------------------+--------+-------+---------+-----------+----------+---------+------+----------+--------+------------+-------------+-------------+-----+


================================================================
== HW Interfaces
================================================================
* M_AXI
+-------------+------------+---------------+---------+--------+----------+-----------+--------------+--------------+-------------+-------------+-------------------+
| Interface   | Data Width | Address Width | Latency | Offset | Register | Max Widen | Max Read     | Max Write    | Num Read    | Num Write   | Resource Estimate |
|             | (SW->HW)   |               |         |        |          | Bitwidth  | Burst Length | Burst Length | Outstanding | Outstanding |                   |
+-------------+------------+---------------+---------+--------+----------+-----------+--------------+--------------+-------------+-------------+-------------------+
| m_axi_gmem0 | 8 -> 8     | 64            | 0       | slave  | 0        | 0         | 16           | 16           | 16          | 16          | BRAM=2            |
| m_axi_gmem1 | 8 -> 8     | 64            | 0       | slave  | 0        | 0         | 16           | 16           | 16          | 16          | BRAM=2            |
| m_axi_gmem2 | 16 -> 16   | 64            | 0       | slave  | 0        | 0         | 16           | 16           | 16          | 16          | BRAM=2            |
+-------------+------------+---------------+---------+--------+----------+-----------+--------------+--------------+-------------+-------------+-------------------+

* S_AXILITE Interfaces
+---------------+------------+---------------+--------+----------+
| Interface     | Data Width | Address Width | Offset | Register |
+---------------+------------+---------------+--------+----------+
| s_axi_control | 32         | 7             | 16     | 0        |
+---------------+------------+---------------+--------+----------+

* S_AXILITE Registers
+---------------+----------+--------+-------+--------+----------------------------------+----------------------------------------------------------------------+
| Interface     | Register | Offset | Width | Access | Description                      | Bit Fields                                                           |
+---------------+----------+--------+-------+--------+----------------------------------+----------------------------------------------------------------------+
| s_axi_control | CTRL     | 0x00   | 32    | RW     | Control signals                  | 0=AP_START 1=AP_DONE 2=AP_IDLE 3=AP_READY 7=AUTO_RESTART 9=INTERRUPT |
| s_axi_control | GIER     | 0x04   | 32    | RW     | Global Interrupt Enable Register | 0=Enable                                                             |
| s_axi_control | IP_IER   | 0x08   | 32    | RW     | IP Interrupt Enable Register     | 0=CHAN0_INT_EN 1=CHAN1_INT_EN                                        |
| s_axi_control | IP_ISR   | 0x0c   | 32    | RW     | IP Interrupt Status Register     | 0=CHAN0_INT_ST 1=CHAN1_INT_ST                                        |
| s_axi_control | a_1      | 0x10   | 32    | W      | Data signal of a                 |                                                                      |
| s_axi_control | a_2      | 0x14   | 32    | W      | Data signal of a                 |                                                                      |
| s_axi_control | b_1      | 0x1c   | 32    | W      | Data signal of b                 |                                                                      |
| s_axi_control | b_2      | 0x20   | 32    | W      | Data signal of b                 |                                                                      |
| s_axi_control | c_1      | 0x28   | 32    | W      | Data signal of c                 |                                                                      |
| s_axi_control | c_2      | 0x2c   | 32    | W      | Data signal of c                 |                                                                      |
| s_axi_control | a_row    | 0x34   | 32    | W      | Data signal of a_row             |                                                                      |
| s_axi_control | a_col    | 0x3c   | 32    | W      | Data signal of a_col             |                                                                      |
| s_axi_control | b_col    | 0x44   | 32    | W      | Data signal of b_col             |                                                                      |
+---------------+----------+--------+-------+--------+----------------------------------+----------------------------------------------------------------------+

* TOP LEVEL CONTROL
+-----------+------------+-----------+
| Interface | Type       | Ports     |
+-----------+------------+-----------+
| ap_clk    | clock      | ap_clk    |
| ap_rst_n  | reset      | ap_rst_n  |
| interrupt | interrupt  | interrupt |
| ap_ctrl   | ap_ctrl_hs |           |
+-----------+------------+-----------+


================================================================
== SW I/O Information
================================================================
* Top Function Arguments
+----------+-----------+-------------+
| Argument | Direction | Datatype    |
+----------+-----------+-------------+
| a        | in        | ap_int<8>*  |
| b        | in        | ap_int<8>*  |
| c        | out       | ap_int<16>* |
| a_row    | in        | int         |
| a_col    | in        | int         |
| b_col    | in        | int         |
+----------+-----------+-------------+

* SW-to-HW Mapping
+----------+---------------+-----------+----------+---------------------------------+
| Argument | HW Interface  | HW Type   | HW Usage | HW Info                         |
+----------+---------------+-----------+----------+---------------------------------+
| a        | m_axi_gmem0   | interface |          |                                 |
| a        | s_axi_control | register  | offset   | name=a_1 offset=0x10 range=32   |
| a        | s_axi_control | register  | offset   | name=a_2 offset=0x14 range=32   |
| b        | m_axi_gmem1   | interface |          |                                 |
| b        | s_axi_control | register  | offset   | name=b_1 offset=0x1c range=32   |
| b        | s_axi_control | register  | offset   | name=b_2 offset=0x20 range=32   |
| c        | m_axi_gmem2   | interface |          |                                 |
| c        | s_axi_control | register  | offset   | name=c_1 offset=0x28 range=32   |
| c        | s_axi_control | register  | offset   | name=c_2 offset=0x2c range=32   |
| a_row    | s_axi_control | register  |          | name=a_row offset=0x34 range=32 |
| a_col    | s_axi_control | register  |          | name=a_col offset=0x3c range=32 |
| b_col    | s_axi_control | register  |          | name=b_col offset=0x44 range=32 |
+----------+---------------+-----------+----------+---------------------------------+


================================================================
== M_AXI Burst Information
================================================================
 Note: All burst requests might be further partitioned into multiple requests during RTL generation based on max_read_burst_length or max_write_burst_length settings.

* Inferred Burst Summary
+--------------+-----------+----------+-------+-------+-----------------+
| HW Interface | Direction | Length   | Width | Loop  | Loop Location   |
+--------------+-----------+----------+-------+-------+-----------------+
| m_axi_gmem0  | read      | variable | 8     | readA | mmult.cpp:145:3 |
| m_axi_gmem1  | read      | variable | 8     | readB | mmult.cpp:156:3 |
| m_axi_gmem2  | write     | variable | 16    |       |                 |
+--------------+-----------+----------+-------+-------+-----------------+

* All M_AXI Variable Accesses
+--------------+----------+------------------+-----------+--------------+----------+------------------+------------------+------------+-------------------------------------------------------------------------------------------------------+
| HW Interface | Variable | Access Location  | Direction | Burst Status | Length   | Loop             | Loop Location    | Resolution | Problem                                                                                               |
+--------------+----------+------------------+-----------+--------------+----------+------------------+------------------+------------+-------------------------------------------------------------------------------------------------------+
| m_axi_gmem0  | a        | mmult.cpp:150:15 | read      | Widen Fail   |          | VITIS_LOOP_147_1 | mmult.cpp:147:20 | 214-353    | Could not widen since type i8 size is greater than or equal to the max_widen_bitwidth threshold of 0  |
| m_axi_gmem0  | a        | mmult.cpp:150:15 | read      | Inferred     | variable | readA            | mmult.cpp:145:3  |            |                                                                                                       |
| m_axi_gmem1  | b        | mmult.cpp:161:15 | read      | Widen Fail   |          | VITIS_LOOP_158_2 | mmult.cpp:158:20 | 214-353    | Could not widen since type i8 size is greater than or equal to the max_widen_bitwidth threshold of 0  |
| m_axi_gmem1  | b        | mmult.cpp:161:15 | read      | Inferred     | variable | readB            | mmult.cpp:156:3  |            |                                                                                                       |
| m_axi_gmem2  | c        | mmult.cpp:190:19 | write     | Widen Fail   |          | VITIS_LOOP_187_5 | mmult.cpp:187:20 | 214-353    | Could not widen since type i16 size is greater than or equal to the max_widen_bitwidth threshold of 0 |
| m_axi_gmem2  | c        | mmult.cpp:190:19 | write     | Inferred     | variable | writeC           | mmult.cpp:185:3  |            |                                                                                                       |
+--------------+----------+------------------+-----------+--------------+----------+------------------+------------------+------------+-------------------------------------------------------------------------------------------------------+

    * Resolution URL: docs.xilinx.com/access/sources/dita/topic?Doc_Version=2023.2%20English&url=ug1448-hls-guidance&resourceid=XXX-YYY.html (replace XXX-YYY with column value)

================================================================
== Bind Op Report
================================================================
+-----------------------------------------------------+------+--------+----------------+-----+-----------+---------+
| Name                                                | DSP  | Pragma | Variable       | Op  | Impl      | Latency |
+-----------------------------------------------------+------+--------+----------------+-----+-----------+---------+
| + mmult                                             | 1038 |        |                |     |           |         |
|   mul_32s_32s_32_2_1_U3410                          | 3    |        | mul_ln145      | mul | auto      | 1       |
|   mul_32ns_32ns_64_2_1_U3408                        | 4    |        | mul_ln107      | mul | auto      | 1       |
|   mul_32s_32s_32_2_1_U3411                          | 3    |        | mul_ln156      | mul | auto      | 1       |
|   mul_32ns_32ns_64_2_1_U3409                        | 4    |        | mul_ln145_1    | mul | auto      | 1       |
|   q_2_fu_873_p2                                     |      |        | q_2            | add | fabric    | 0       |
|   finish_k_fu_896_p2                                |      |        | finish_k       | add | fabric    | 0       |
|   mul_32s_32s_32_2_1_U3410                          | 3    |        | mul_ln185      | mul | auto      | 1       |
|   mul_32ns_32ns_64_2_1_U3408                        | 4    |        | mul_ln185_1    | mul | auto      | 1       |
|  + mmult_Pipeline_readA_VITIS_LOOP_147_1            | 0    |        |                |     |           |         |
|    add_ln145_1_fu_310_p2                            |      |        | add_ln145_1    | add | fabric    | 0       |
|    add_ln145_fu_324_p2                              |      |        | add_ln145      | add | fabric    | 0       |
|    add_ln150_fu_372_p2                              |      |        | add_ln150      | add | fabric    | 0       |
|    add_ln147_fu_378_p2                              |      |        | add_ln147      | add | fabric    | 0       |
|  + mmult_Pipeline_readB_VITIS_LOOP_158_2            | 0    |        |                |     |           |         |
|    add_ln156_1_fu_306_p2                            |      |        | add_ln156_1    | add | fabric    | 0       |
|    add_ln156_fu_320_p2                              |      |        | add_ln156      | add | fabric    | 0       |
|    add_ln161_fu_368_p2                              |      |        | add_ln161      | add | fabric    | 0       |
|    add_ln158_fu_374_p2                              |      |        | add_ln158      | add | fabric    | 0       |
|  + mmult_Pipeline_VITIS_LOOP_166_3_VITIS_LOOP_167_4 | 0    |        |                |     |           |         |
|    add_ln166_1_fu_1120_p2                           |      |        | add_ln166_1    | add | fabric    | 0       |
|    add_ln166_fu_1132_p2                             |      |        | add_ln166      | add | fabric    | 0       |
|    add_ln167_fu_1186_p2                             |      |        | add_ln167      | add | fabric    | 0       |
|  + tile_process                                     | 1024 |        |                |     |           |         |
|   + tile_process_Pipeline_compute_pipeline          | 1024 |        |                |     |           |         |
|     empty_29_fu_28000_p2                            |      |        | empty_29       | add | fabric    | 0       |
|     empty_31_fu_28103_p2                            |      |        | empty_31       | add | fabric    | 0       |
|     mac_muladd_8s_8s_16ns_16_4_1_U89                | 1    |        | product        | mul | dsp_slice | 3       |
|     mac_muladd_8s_8s_16ns_16_4_1_U89                | 1    |        | add_ln101      | add | dsp_slice | 3       |
|     mac_muladd_8s_8s_16ns_16_4_1_U90                | 1    |        | product_1      | mul | dsp_slice | 3       |
|     mac_muladd_8s_8s_16ns_16_4_1_U90                | 1    |        | add_ln101_1    | add | dsp_slice | 3       |
|     mac_muladd_8s_8s_16ns_16_4_1_U91                | 1    |        | product_2      | mul | dsp_slice | 3       |
|     mac_muladd_8s_8s_16ns_16_4_1_U91                | 1    |        | add_ln101_2    | add | dsp_slice | 3       |
|     mac_muladd_8s_8s_16ns_16_4_1_U92                | 1    |        | product_3      | mul | dsp_slice | 3       |
|     mac_muladd_8s_8s_16ns_16_4_1_U92                | 1    |        | add_ln101_3    | add | dsp_slice | 3       |
|     mac_muladd_8s_8s_16ns_16_4_1_U93                | 1    |        | product_4      | mul | dsp_slice | 3       |
|     mac_muladd_8s_8s_16ns_16_4_1_U93                | 1    |        | add_ln101_4    | add | dsp_slice | 3       |
|     mac_muladd_8s_8s_16ns_16_4_1_U94                | 1    |        | product_5      | mul | dsp_slice | 3       |
|     mac_muladd_8s_8s_16ns_16_4_1_U94                | 1    |        | add_ln101_5    | add | dsp_slice | 3       |
|     mac_muladd_8s_8s_16ns_16_4_1_U95                | 1    |        | product_6      | mul | dsp_slice | 3       |
|     mac_muladd_8s_8s_16ns_16_4_1_U95                | 1    |        | add_ln101_6    | add | dsp_slice | 3       |
|     mac_muladd_8s_8s_16ns_16_4_1_U96                | 1    |        | product_7      | mul | dsp_slice | 3       |
|     mac_muladd_8s_8s_16ns_16_4_1_U96                | 1    |        | add_ln101_7    | add | dsp_slice | 3       |
|     mac_muladd_8s_8s_16ns_16_4_1_U97                | 1    |        | product_8      | mul | dsp_slice | 3       |
|     mac_muladd_8s_8s_16ns_16_4_1_U97                | 1    |        | add_ln101_8    | add | dsp_slice | 3       |
|     mac_muladd_8s_8s_16ns_16_4_1_U98                | 1    |        | product_9      | mul | dsp_slice | 3       |
|     mac_muladd_8s_8s_16ns_16_4_1_U98                | 1    |        | add_ln101_9    | add | dsp_slice | 3       |
|     mac_muladd_8s_8s_16ns_16_4_1_U99                | 1    |        | product_10     | mul | dsp_slice | 3       |
|     mac_muladd_8s_8s_16ns_16_4_1_U99                | 1    |        | add_ln101_10   | add | dsp_slice | 3       |
|     mac_muladd_8s_8s_16ns_16_4_1_U100               | 1    |        | product_11     | mul | dsp_slice | 3       |
|     mac_muladd_8s_8s_16ns_16_4_1_U100               | 1    |        | add_ln101_11   | add | dsp_slice | 3       |
|     mac_muladd_8s_8s_16ns_16_4_1_U101               | 1    |        | product_12     | mul | dsp_slice | 3       |
|     mac_muladd_8s_8s_16ns_16_4_1_U101               | 1    |        | add_ln101_12   | add | dsp_slice | 3       |
|     mac_muladd_8s_8s_16ns_16_4_1_U102               | 1    |        | product_13     | mul | dsp_slice | 3       |
|     mac_muladd_8s_8s_16ns_16_4_1_U102               | 1    |        | add_ln101_13   | add | dsp_slice | 3       |
|     mac_muladd_8s_8s_16ns_16_4_1_U103               | 1    |        | product_14     | mul | dsp_slice | 3       |
|     mac_muladd_8s_8s_16ns_16_4_1_U103               | 1    |        | add_ln101_14   | add | dsp_slice | 3       |
|     mac_muladd_8s_8s_16ns_16_4_1_U104               | 1    |        | product_15     | mul | dsp_slice | 3       |
|     mac_muladd_8s_8s_16ns_16_4_1_U104               | 1    |        | add_ln101_15   | add | dsp_slice | 3       |
|     mac_muladd_8s_8s_16ns_16_4_1_U260               | 1    |        | product_16     | mul | dsp_slice | 3       |
|     mac_muladd_8s_8s_16ns_16_4_1_U260               | 1    |        | add_ln101_16   | add | dsp_slice | 3       |
|     mac_muladd_8s_8s_16ns_16_4_1_U261               | 1    |        | product_17     | mul | dsp_slice | 3       |
|     mac_muladd_8s_8s_16ns_16_4_1_U261               | 1    |        | add_ln101_17   | add | dsp_slice | 3       |
|     mac_muladd_8s_8s_16ns_16_4_1_U262               | 1    |        | product_18     | mul | dsp_slice | 3       |
|     mac_muladd_8s_8s_16ns_16_4_1_U262               | 1    |        | add_ln101_18   | add | dsp_slice | 3       |
|     mac_muladd_8s_8s_16ns_16_4_1_U263               | 1    |        | product_19     | mul | dsp_slice | 3       |
|     mac_muladd_8s_8s_16ns_16_4_1_U263               | 1    |        | add_ln101_19   | add | dsp_slice | 3       |
|     mac_muladd_8s_8s_16ns_16_4_1_U264               | 1    |        | product_20     | mul | dsp_slice | 3       |
|     mac_muladd_8s_8s_16ns_16_4_1_U264               | 1    |        | add_ln101_20   | add | dsp_slice | 3       |
|     mac_muladd_8s_8s_16ns_16_4_1_U265               | 1    |        | product_21     | mul | dsp_slice | 3       |
|     mac_muladd_8s_8s_16ns_16_4_1_U265               | 1    |        | add_ln101_21   | add | dsp_slice | 3       |
|     mac_muladd_8s_8s_16ns_16_4_1_U266               | 1    |        | product_22     | mul | dsp_slice | 3       |
|     mac_muladd_8s_8s_16ns_16_4_1_U266               | 1    |        | add_ln101_22   | add | dsp_slice | 3       |
|     mac_muladd_8s_8s_16ns_16_4_1_U267               | 1    |        | product_23     | mul | dsp_slice | 3       |
|     mac_muladd_8s_8s_16ns_16_4_1_U267               | 1    |        | add_ln101_23   | add | dsp_slice | 3       |
|     mac_muladd_8s_8s_16ns_16_4_1_U268               | 1    |        | product_24     | mul | dsp_slice | 3       |
|     mac_muladd_8s_8s_16ns_16_4_1_U268               | 1    |        | add_ln101_24   | add | dsp_slice | 3       |
|     mac_muladd_8s_8s_16ns_16_4_1_U269               | 1    |        | product_25     | mul | dsp_slice | 3       |
|     mac_muladd_8s_8s_16ns_16_4_1_U269               | 1    |        | add_ln101_25   | add | dsp_slice | 3       |
|     mac_muladd_8s_8s_16ns_16_4_1_U270               | 1    |        | product_26     | mul | dsp_slice | 3       |
|     mac_muladd_8s_8s_16ns_16_4_1_U270               | 1    |        | add_ln101_26   | add | dsp_slice | 3       |
|     mac_muladd_8s_8s_16ns_16_4_1_U271               | 1    |        | product_27     | mul | dsp_slice | 3       |
|     mac_muladd_8s_8s_16ns_16_4_1_U271               | 1    |        | add_ln101_27   | add | dsp_slice | 3       |
|     mac_muladd_8s_8s_16ns_16_4_1_U272               | 1    |        | product_28     | mul | dsp_slice | 3       |
|     mac_muladd_8s_8s_16ns_16_4_1_U272               | 1    |        | add_ln101_28   | add | dsp_slice | 3       |
|     mac_muladd_8s_8s_16ns_16_4_1_U273               | 1    |        | product_29     | mul | dsp_slice | 3       |
|     mac_muladd_8s_8s_16ns_16_4_1_U273               | 1    |        | add_ln101_29   | add | dsp_slice | 3       |
|     mac_muladd_8s_8s_16ns_16_4_1_U274               | 1    |        | product_30     | mul | dsp_slice | 3       |
|     mac_muladd_8s_8s_16ns_16_4_1_U274               | 1    |        | add_ln101_30   | add | dsp_slice | 3       |
|     mac_muladd_8s_8s_16ns_16_4_1_U275               | 1    |        | product_31     | mul | dsp_slice | 3       |
|     mac_muladd_8s_8s_16ns_16_4_1_U275               | 1    |        | add_ln101_31   | add | dsp_slice | 3       |
|     mac_muladd_8s_8s_16ns_16_4_1_U105               | 1    |        | product_32     | mul | dsp_slice | 3       |
|     mac_muladd_8s_8s_16ns_16_4_1_U105               | 1    |        | add_ln101_32   | add | dsp_slice | 3       |
|     mac_muladd_8s_8s_16ns_16_4_1_U106               | 1    |        | product_33     | mul | dsp_slice | 3       |
|     mac_muladd_8s_8s_16ns_16_4_1_U106               | 1    |        | add_ln101_33   | add | dsp_slice | 3       |
|     mac_muladd_8s_8s_16ns_16_4_1_U107               | 1    |        | product_34     | mul | dsp_slice | 3       |
|     mac_muladd_8s_8s_16ns_16_4_1_U107               | 1    |        | add_ln101_34   | add | dsp_slice | 3       |
|     mac_muladd_8s_8s_16ns_16_4_1_U108               | 1    |        | product_35     | mul | dsp_slice | 3       |
|     mac_muladd_8s_8s_16ns_16_4_1_U108               | 1    |        | add_ln101_35   | add | dsp_slice | 3       |
|     mac_muladd_8s_8s_16ns_16_4_1_U109               | 1    |        | product_36     | mul | dsp_slice | 3       |
|     mac_muladd_8s_8s_16ns_16_4_1_U109               | 1    |        | add_ln101_36   | add | dsp_slice | 3       |
|     mac_muladd_8s_8s_16ns_16_4_1_U110               | 1    |        | product_37     | mul | dsp_slice | 3       |
|     mac_muladd_8s_8s_16ns_16_4_1_U110               | 1    |        | add_ln101_37   | add | dsp_slice | 3       |
|     mac_muladd_8s_8s_16ns_16_4_1_U111               | 1    |        | product_38     | mul | dsp_slice | 3       |
|     mac_muladd_8s_8s_16ns_16_4_1_U111               | 1    |        | add_ln101_38   | add | dsp_slice | 3       |
|     mac_muladd_8s_8s_16ns_16_4_1_U112               | 1    |        | product_39     | mul | dsp_slice | 3       |
|     mac_muladd_8s_8s_16ns_16_4_1_U112               | 1    |        | add_ln101_39   | add | dsp_slice | 3       |
|     mac_muladd_8s_8s_16ns_16_4_1_U113               | 1    |        | product_40     | mul | dsp_slice | 3       |
|     mac_muladd_8s_8s_16ns_16_4_1_U113               | 1    |        | add_ln101_40   | add | dsp_slice | 3       |
|     mac_muladd_8s_8s_16ns_16_4_1_U114               | 1    |        | product_41     | mul | dsp_slice | 3       |
|     mac_muladd_8s_8s_16ns_16_4_1_U114               | 1    |        | add_ln101_41   | add | dsp_slice | 3       |
|     mac_muladd_8s_8s_16ns_16_4_1_U115               | 1    |        | product_42     | mul | dsp_slice | 3       |
|     mac_muladd_8s_8s_16ns_16_4_1_U115               | 1    |        | add_ln101_42   | add | dsp_slice | 3       |
|     mac_muladd_8s_8s_16ns_16_4_1_U116               | 1    |        | product_43     | mul | dsp_slice | 3       |
|     mac_muladd_8s_8s_16ns_16_4_1_U116               | 1    |        | add_ln101_43   | add | dsp_slice | 3       |
|     mac_muladd_8s_8s_16ns_16_4_1_U117               | 1    |        | product_44     | mul | dsp_slice | 3       |
|     mac_muladd_8s_8s_16ns_16_4_1_U117               | 1    |        | add_ln101_44   | add | dsp_slice | 3       |
|     mac_muladd_8s_8s_16ns_16_4_1_U118               | 1    |        | product_45     | mul | dsp_slice | 3       |
|     mac_muladd_8s_8s_16ns_16_4_1_U118               | 1    |        | add_ln101_45   | add | dsp_slice | 3       |
|     mac_muladd_8s_8s_16ns_16_4_1_U119               | 1    |        | product_46     | mul | dsp_slice | 3       |
|     mac_muladd_8s_8s_16ns_16_4_1_U119               | 1    |        | add_ln101_46   | add | dsp_slice | 3       |
|     mac_muladd_8s_8s_16ns_16_4_1_U120               | 1    |        | product_47     | mul | dsp_slice | 3       |
|     mac_muladd_8s_8s_16ns_16_4_1_U120               | 1    |        | add_ln101_47   | add | dsp_slice | 3       |
|     mac_muladd_8s_8s_16ns_16_4_1_U276               | 1    |        | product_48     | mul | dsp_slice | 3       |
|     mac_muladd_8s_8s_16ns_16_4_1_U276               | 1    |        | add_ln101_48   | add | dsp_slice | 3       |
|     mac_muladd_8s_8s_16ns_16_4_1_U277               | 1    |        | product_49     | mul | dsp_slice | 3       |
|     mac_muladd_8s_8s_16ns_16_4_1_U277               | 1    |        | add_ln101_49   | add | dsp_slice | 3       |
|     mac_muladd_8s_8s_16ns_16_4_1_U278               | 1    |        | product_50     | mul | dsp_slice | 3       |
|     mac_muladd_8s_8s_16ns_16_4_1_U278               | 1    |        | add_ln101_50   | add | dsp_slice | 3       |
|     mac_muladd_8s_8s_16ns_16_4_1_U279               | 1    |        | product_51     | mul | dsp_slice | 3       |
|     mac_muladd_8s_8s_16ns_16_4_1_U279               | 1    |        | add_ln101_51   | add | dsp_slice | 3       |
|     mac_muladd_8s_8s_16ns_16_4_1_U280               | 1    |        | product_52     | mul | dsp_slice | 3       |
|     mac_muladd_8s_8s_16ns_16_4_1_U280               | 1    |        | add_ln101_52   | add | dsp_slice | 3       |
|     mac_muladd_8s_8s_16ns_16_4_1_U281               | 1    |        | product_53     | mul | dsp_slice | 3       |
|     mac_muladd_8s_8s_16ns_16_4_1_U281               | 1    |        | add_ln101_53   | add | dsp_slice | 3       |
|     mac_muladd_8s_8s_16ns_16_4_1_U282               | 1    |        | product_54     | mul | dsp_slice | 3       |
|     mac_muladd_8s_8s_16ns_16_4_1_U282               | 1    |        | add_ln101_54   | add | dsp_slice | 3       |
|     mac_muladd_8s_8s_16ns_16_4_1_U283               | 1    |        | product_55     | mul | dsp_slice | 3       |
|     mac_muladd_8s_8s_16ns_16_4_1_U283               | 1    |        | add_ln101_55   | add | dsp_slice | 3       |
|     mac_muladd_8s_8s_16ns_16_4_1_U284               | 1    |        | product_56     | mul | dsp_slice | 3       |
|     mac_muladd_8s_8s_16ns_16_4_1_U284               | 1    |        | add_ln101_56   | add | dsp_slice | 3       |
|     mac_muladd_8s_8s_16ns_16_4_1_U285               | 1    |        | product_57     | mul | dsp_slice | 3       |
|     mac_muladd_8s_8s_16ns_16_4_1_U285               | 1    |        | add_ln101_57   | add | dsp_slice | 3       |
|     mac_muladd_8s_8s_16ns_16_4_1_U286               | 1    |        | product_58     | mul | dsp_slice | 3       |
|     mac_muladd_8s_8s_16ns_16_4_1_U286               | 1    |        | add_ln101_58   | add | dsp_slice | 3       |
|     mac_muladd_8s_8s_16ns_16_4_1_U287               | 1    |        | product_59     | mul | dsp_slice | 3       |
|     mac_muladd_8s_8s_16ns_16_4_1_U287               | 1    |        | add_ln101_59   | add | dsp_slice | 3       |
|     mac_muladd_8s_8s_16ns_16_4_1_U288               | 1    |        | product_60     | mul | dsp_slice | 3       |
|     mac_muladd_8s_8s_16ns_16_4_1_U288               | 1    |        | add_ln101_60   | add | dsp_slice | 3       |
|     mac_muladd_8s_8s_16ns_16_4_1_U289               | 1    |        | product_61     | mul | dsp_slice | 3       |
|     mac_muladd_8s_8s_16ns_16_4_1_U289               | 1    |        | add_ln101_61   | add | dsp_slice | 3       |
|     mac_muladd_8s_8s_16ns_16_4_1_U290               | 1    |        | product_62     | mul | dsp_slice | 3       |
|     mac_muladd_8s_8s_16ns_16_4_1_U290               | 1    |        | add_ln101_62   | add | dsp_slice | 3       |
|     mac_muladd_8s_8s_16ns_16_4_1_U291               | 1    |        | product_63     | mul | dsp_slice | 3       |
|     mac_muladd_8s_8s_16ns_16_4_1_U291               | 1    |        | add_ln101_63   | add | dsp_slice | 3       |
|     mac_muladd_8s_8s_16ns_16_4_1_U121               | 1    |        | product_64     | mul | dsp_slice | 3       |
|     mac_muladd_8s_8s_16ns_16_4_1_U121               | 1    |        | add_ln101_64   | add | dsp_slice | 3       |
|     mac_muladd_8s_8s_16ns_16_4_1_U122               | 1    |        | product_65     | mul | dsp_slice | 3       |
|     mac_muladd_8s_8s_16ns_16_4_1_U122               | 1    |        | add_ln101_65   | add | dsp_slice | 3       |
|     mac_muladd_8s_8s_16ns_16_4_1_U123               | 1    |        | product_66     | mul | dsp_slice | 3       |
|     mac_muladd_8s_8s_16ns_16_4_1_U123               | 1    |        | add_ln101_66   | add | dsp_slice | 3       |
|     mac_muladd_8s_8s_16ns_16_4_1_U124               | 1    |        | product_67     | mul | dsp_slice | 3       |
|     mac_muladd_8s_8s_16ns_16_4_1_U124               | 1    |        | add_ln101_67   | add | dsp_slice | 3       |
|     mac_muladd_8s_8s_16ns_16_4_1_U125               | 1    |        | product_68     | mul | dsp_slice | 3       |
|     mac_muladd_8s_8s_16ns_16_4_1_U125               | 1    |        | add_ln101_68   | add | dsp_slice | 3       |
|     mac_muladd_8s_8s_16ns_16_4_1_U126               | 1    |        | product_69     | mul | dsp_slice | 3       |
|     mac_muladd_8s_8s_16ns_16_4_1_U126               | 1    |        | add_ln101_69   | add | dsp_slice | 3       |
|     mac_muladd_8s_8s_16ns_16_4_1_U127               | 1    |        | product_70     | mul | dsp_slice | 3       |
|     mac_muladd_8s_8s_16ns_16_4_1_U127               | 1    |        | add_ln101_70   | add | dsp_slice | 3       |
|     mac_muladd_8s_8s_16ns_16_4_1_U128               | 1    |        | product_71     | mul | dsp_slice | 3       |
|     mac_muladd_8s_8s_16ns_16_4_1_U128               | 1    |        | add_ln101_71   | add | dsp_slice | 3       |
|     mac_muladd_8s_8s_16ns_16_4_1_U129               | 1    |        | product_72     | mul | dsp_slice | 3       |
|     mac_muladd_8s_8s_16ns_16_4_1_U129               | 1    |        | add_ln101_72   | add | dsp_slice | 3       |
|     mac_muladd_8s_8s_16ns_16_4_1_U130               | 1    |        | product_73     | mul | dsp_slice | 3       |
|     mac_muladd_8s_8s_16ns_16_4_1_U130               | 1    |        | add_ln101_73   | add | dsp_slice | 3       |
|     mac_muladd_8s_8s_16ns_16_4_1_U131               | 1    |        | product_74     | mul | dsp_slice | 3       |
|     mac_muladd_8s_8s_16ns_16_4_1_U131               | 1    |        | add_ln101_74   | add | dsp_slice | 3       |
|     mac_muladd_8s_8s_16ns_16_4_1_U132               | 1    |        | product_75     | mul | dsp_slice | 3       |
|     mac_muladd_8s_8s_16ns_16_4_1_U132               | 1    |        | add_ln101_75   | add | dsp_slice | 3       |
|     mac_muladd_8s_8s_16ns_16_4_1_U133               | 1    |        | product_76     | mul | dsp_slice | 3       |
|     mac_muladd_8s_8s_16ns_16_4_1_U133               | 1    |        | add_ln101_76   | add | dsp_slice | 3       |
|     mac_muladd_8s_8s_16ns_16_4_1_U134               | 1    |        | product_77     | mul | dsp_slice | 3       |
|     mac_muladd_8s_8s_16ns_16_4_1_U134               | 1    |        | add_ln101_77   | add | dsp_slice | 3       |
|     mac_muladd_8s_8s_16ns_16_4_1_U135               | 1    |        | product_78     | mul | dsp_slice | 3       |
|     mac_muladd_8s_8s_16ns_16_4_1_U135               | 1    |        | add_ln101_78   | add | dsp_slice | 3       |
|     mac_muladd_8s_8s_16ns_16_4_1_U136               | 1    |        | product_79     | mul | dsp_slice | 3       |
|     mac_muladd_8s_8s_16ns_16_4_1_U136               | 1    |        | add_ln101_79   | add | dsp_slice | 3       |
|     mac_muladd_8s_8s_16ns_16_4_1_U292               | 1    |        | product_80     | mul | dsp_slice | 3       |
|     mac_muladd_8s_8s_16ns_16_4_1_U292               | 1    |        | add_ln101_80   | add | dsp_slice | 3       |
|     mac_muladd_8s_8s_16ns_16_4_1_U293               | 1    |        | product_81     | mul | dsp_slice | 3       |
|     mac_muladd_8s_8s_16ns_16_4_1_U293               | 1    |        | add_ln101_81   | add | dsp_slice | 3       |
|     mac_muladd_8s_8s_16ns_16_4_1_U294               | 1    |        | product_82     | mul | dsp_slice | 3       |
|     mac_muladd_8s_8s_16ns_16_4_1_U294               | 1    |        | add_ln101_82   | add | dsp_slice | 3       |
|     mac_muladd_8s_8s_16ns_16_4_1_U295               | 1    |        | product_83     | mul | dsp_slice | 3       |
|     mac_muladd_8s_8s_16ns_16_4_1_U295               | 1    |        | add_ln101_83   | add | dsp_slice | 3       |
|     mac_muladd_8s_8s_16ns_16_4_1_U296               | 1    |        | product_84     | mul | dsp_slice | 3       |
|     mac_muladd_8s_8s_16ns_16_4_1_U296               | 1    |        | add_ln101_84   | add | dsp_slice | 3       |
|     mac_muladd_8s_8s_16ns_16_4_1_U297               | 1    |        | product_85     | mul | dsp_slice | 3       |
|     mac_muladd_8s_8s_16ns_16_4_1_U297               | 1    |        | add_ln101_85   | add | dsp_slice | 3       |
|     mac_muladd_8s_8s_16ns_16_4_1_U298               | 1    |        | product_86     | mul | dsp_slice | 3       |
|     mac_muladd_8s_8s_16ns_16_4_1_U298               | 1    |        | add_ln101_86   | add | dsp_slice | 3       |
|     mac_muladd_8s_8s_16ns_16_4_1_U299               | 1    |        | product_87     | mul | dsp_slice | 3       |
|     mac_muladd_8s_8s_16ns_16_4_1_U299               | 1    |        | add_ln101_87   | add | dsp_slice | 3       |
|     mac_muladd_8s_8s_16ns_16_4_1_U300               | 1    |        | product_88     | mul | dsp_slice | 3       |
|     mac_muladd_8s_8s_16ns_16_4_1_U300               | 1    |        | add_ln101_88   | add | dsp_slice | 3       |
|     mac_muladd_8s_8s_16ns_16_4_1_U301               | 1    |        | product_89     | mul | dsp_slice | 3       |
|     mac_muladd_8s_8s_16ns_16_4_1_U301               | 1    |        | add_ln101_89   | add | dsp_slice | 3       |
|     mac_muladd_8s_8s_16ns_16_4_1_U302               | 1    |        | product_90     | mul | dsp_slice | 3       |
|     mac_muladd_8s_8s_16ns_16_4_1_U302               | 1    |        | add_ln101_90   | add | dsp_slice | 3       |
|     mac_muladd_8s_8s_16ns_16_4_1_U303               | 1    |        | product_91     | mul | dsp_slice | 3       |
|     mac_muladd_8s_8s_16ns_16_4_1_U303               | 1    |        | add_ln101_91   | add | dsp_slice | 3       |
|     mac_muladd_8s_8s_16ns_16_4_1_U304               | 1    |        | product_92     | mul | dsp_slice | 3       |
|     mac_muladd_8s_8s_16ns_16_4_1_U304               | 1    |        | add_ln101_92   | add | dsp_slice | 3       |
|     mac_muladd_8s_8s_16ns_16_4_1_U305               | 1    |        | product_93     | mul | dsp_slice | 3       |
|     mac_muladd_8s_8s_16ns_16_4_1_U305               | 1    |        | add_ln101_93   | add | dsp_slice | 3       |
|     mac_muladd_8s_8s_16ns_16_4_1_U306               | 1    |        | product_94     | mul | dsp_slice | 3       |
|     mac_muladd_8s_8s_16ns_16_4_1_U306               | 1    |        | add_ln101_94   | add | dsp_slice | 3       |
|     mac_muladd_8s_8s_16ns_16_4_1_U307               | 1    |        | product_95     | mul | dsp_slice | 3       |
|     mac_muladd_8s_8s_16ns_16_4_1_U307               | 1    |        | add_ln101_95   | add | dsp_slice | 3       |
|     mac_muladd_8s_8s_16ns_16_4_1_U137               | 1    |        | product_96     | mul | dsp_slice | 3       |
|     mac_muladd_8s_8s_16ns_16_4_1_U137               | 1    |        | add_ln101_96   | add | dsp_slice | 3       |
|     mac_muladd_8s_8s_16ns_16_4_1_U138               | 1    |        | product_97     | mul | dsp_slice | 3       |
|     mac_muladd_8s_8s_16ns_16_4_1_U138               | 1    |        | add_ln101_97   | add | dsp_slice | 3       |
|     mac_muladd_8s_8s_16ns_16_4_1_U139               | 1    |        | product_98     | mul | dsp_slice | 3       |
|     mac_muladd_8s_8s_16ns_16_4_1_U139               | 1    |        | add_ln101_98   | add | dsp_slice | 3       |
|     mac_muladd_8s_8s_16ns_16_4_1_U140               | 1    |        | product_99     | mul | dsp_slice | 3       |
|     mac_muladd_8s_8s_16ns_16_4_1_U140               | 1    |        | add_ln101_99   | add | dsp_slice | 3       |
|     mac_muladd_8s_8s_16ns_16_4_1_U141               | 1    |        | product_100    | mul | dsp_slice | 3       |
|     mac_muladd_8s_8s_16ns_16_4_1_U141               | 1    |        | add_ln101_100  | add | dsp_slice | 3       |
|     mac_muladd_8s_8s_16ns_16_4_1_U142               | 1    |        | product_101    | mul | dsp_slice | 3       |
|     mac_muladd_8s_8s_16ns_16_4_1_U142               | 1    |        | add_ln101_101  | add | dsp_slice | 3       |
|     mac_muladd_8s_8s_16ns_16_4_1_U143               | 1    |        | product_102    | mul | dsp_slice | 3       |
|     mac_muladd_8s_8s_16ns_16_4_1_U143               | 1    |        | add_ln101_102  | add | dsp_slice | 3       |
|     mac_muladd_8s_8s_16ns_16_4_1_U144               | 1    |        | product_103    | mul | dsp_slice | 3       |
|     mac_muladd_8s_8s_16ns_16_4_1_U144               | 1    |        | add_ln101_103  | add | dsp_slice | 3       |
|     mac_muladd_8s_8s_16ns_16_4_1_U145               | 1    |        | product_104    | mul | dsp_slice | 3       |
|     mac_muladd_8s_8s_16ns_16_4_1_U145               | 1    |        | add_ln101_104  | add | dsp_slice | 3       |
|     mac_muladd_8s_8s_16ns_16_4_1_U146               | 1    |        | product_105    | mul | dsp_slice | 3       |
|     mac_muladd_8s_8s_16ns_16_4_1_U146               | 1    |        | add_ln101_105  | add | dsp_slice | 3       |
|     mac_muladd_8s_8s_16ns_16_4_1_U147               | 1    |        | product_106    | mul | dsp_slice | 3       |
|     mac_muladd_8s_8s_16ns_16_4_1_U147               | 1    |        | add_ln101_106  | add | dsp_slice | 3       |
|     mac_muladd_8s_8s_16ns_16_4_1_U148               | 1    |        | product_107    | mul | dsp_slice | 3       |
|     mac_muladd_8s_8s_16ns_16_4_1_U148               | 1    |        | add_ln101_107  | add | dsp_slice | 3       |
|     mac_muladd_8s_8s_16ns_16_4_1_U149               | 1    |        | product_108    | mul | dsp_slice | 3       |
|     mac_muladd_8s_8s_16ns_16_4_1_U149               | 1    |        | add_ln101_108  | add | dsp_slice | 3       |
|     mac_muladd_8s_8s_16ns_16_4_1_U150               | 1    |        | product_109    | mul | dsp_slice | 3       |
|     mac_muladd_8s_8s_16ns_16_4_1_U150               | 1    |        | add_ln101_109  | add | dsp_slice | 3       |
|     mac_muladd_8s_8s_16ns_16_4_1_U151               | 1    |        | product_110    | mul | dsp_slice | 3       |
|     mac_muladd_8s_8s_16ns_16_4_1_U151               | 1    |        | add_ln101_110  | add | dsp_slice | 3       |
|     mac_muladd_8s_8s_16ns_16_4_1_U152               | 1    |        | product_111    | mul | dsp_slice | 3       |
|     mac_muladd_8s_8s_16ns_16_4_1_U152               | 1    |        | add_ln101_111  | add | dsp_slice | 3       |
|     mac_muladd_8s_8s_16ns_16_4_1_U308               | 1    |        | product_112    | mul | dsp_slice | 3       |
|     mac_muladd_8s_8s_16ns_16_4_1_U308               | 1    |        | add_ln101_112  | add | dsp_slice | 3       |
|     mac_muladd_8s_8s_16ns_16_4_1_U309               | 1    |        | product_113    | mul | dsp_slice | 3       |
|     mac_muladd_8s_8s_16ns_16_4_1_U309               | 1    |        | add_ln101_113  | add | dsp_slice | 3       |
|     mac_muladd_8s_8s_16ns_16_4_1_U310               | 1    |        | product_114    | mul | dsp_slice | 3       |
|     mac_muladd_8s_8s_16ns_16_4_1_U310               | 1    |        | add_ln101_114  | add | dsp_slice | 3       |
|     mac_muladd_8s_8s_16ns_16_4_1_U311               | 1    |        | product_115    | mul | dsp_slice | 3       |
|     mac_muladd_8s_8s_16ns_16_4_1_U311               | 1    |        | add_ln101_115  | add | dsp_slice | 3       |
|     mac_muladd_8s_8s_16ns_16_4_1_U312               | 1    |        | product_116    | mul | dsp_slice | 3       |
|     mac_muladd_8s_8s_16ns_16_4_1_U312               | 1    |        | add_ln101_116  | add | dsp_slice | 3       |
|     mac_muladd_8s_8s_16ns_16_4_1_U313               | 1    |        | product_117    | mul | dsp_slice | 3       |
|     mac_muladd_8s_8s_16ns_16_4_1_U313               | 1    |        | add_ln101_117  | add | dsp_slice | 3       |
|     mac_muladd_8s_8s_16ns_16_4_1_U314               | 1    |        | product_118    | mul | dsp_slice | 3       |
|     mac_muladd_8s_8s_16ns_16_4_1_U314               | 1    |        | add_ln101_118  | add | dsp_slice | 3       |
|     mac_muladd_8s_8s_16ns_16_4_1_U315               | 1    |        | product_119    | mul | dsp_slice | 3       |
|     mac_muladd_8s_8s_16ns_16_4_1_U315               | 1    |        | add_ln101_119  | add | dsp_slice | 3       |
|     mac_muladd_8s_8s_16ns_16_4_1_U316               | 1    |        | product_120    | mul | dsp_slice | 3       |
|     mac_muladd_8s_8s_16ns_16_4_1_U316               | 1    |        | add_ln101_120  | add | dsp_slice | 3       |
|     mac_muladd_8s_8s_16ns_16_4_1_U317               | 1    |        | product_121    | mul | dsp_slice | 3       |
|     mac_muladd_8s_8s_16ns_16_4_1_U317               | 1    |        | add_ln101_121  | add | dsp_slice | 3       |
|     mac_muladd_8s_8s_16ns_16_4_1_U318               | 1    |        | product_122    | mul | dsp_slice | 3       |
|     mac_muladd_8s_8s_16ns_16_4_1_U318               | 1    |        | add_ln101_122  | add | dsp_slice | 3       |
|     mac_muladd_8s_8s_16ns_16_4_1_U319               | 1    |        | product_123    | mul | dsp_slice | 3       |
|     mac_muladd_8s_8s_16ns_16_4_1_U319               | 1    |        | add_ln101_123  | add | dsp_slice | 3       |
|     mac_muladd_8s_8s_16ns_16_4_1_U320               | 1    |        | product_124    | mul | dsp_slice | 3       |
|     mac_muladd_8s_8s_16ns_16_4_1_U320               | 1    |        | add_ln101_124  | add | dsp_slice | 3       |
|     mac_muladd_8s_8s_16ns_16_4_1_U321               | 1    |        | product_125    | mul | dsp_slice | 3       |
|     mac_muladd_8s_8s_16ns_16_4_1_U321               | 1    |        | add_ln101_125  | add | dsp_slice | 3       |
|     mac_muladd_8s_8s_16ns_16_4_1_U322               | 1    |        | product_126    | mul | dsp_slice | 3       |
|     mac_muladd_8s_8s_16ns_16_4_1_U322               | 1    |        | add_ln101_126  | add | dsp_slice | 3       |
|     mac_muladd_8s_8s_16ns_16_4_1_U323               | 1    |        | product_127    | mul | dsp_slice | 3       |
|     mac_muladd_8s_8s_16ns_16_4_1_U323               | 1    |        | add_ln101_127  | add | dsp_slice | 3       |
|     mac_muladd_8s_8s_16ns_16_4_1_U153               | 1    |        | product_128    | mul | dsp_slice | 3       |
|     mac_muladd_8s_8s_16ns_16_4_1_U153               | 1    |        | add_ln101_128  | add | dsp_slice | 3       |
|     mac_muladd_8s_8s_16ns_16_4_1_U154               | 1    |        | product_129    | mul | dsp_slice | 3       |
|     mac_muladd_8s_8s_16ns_16_4_1_U154               | 1    |        | add_ln101_129  | add | dsp_slice | 3       |
|     mac_muladd_8s_8s_16ns_16_4_1_U155               | 1    |        | product_130    | mul | dsp_slice | 3       |
|     mac_muladd_8s_8s_16ns_16_4_1_U155               | 1    |        | add_ln101_130  | add | dsp_slice | 3       |
|     mac_muladd_8s_8s_16ns_16_4_1_U156               | 1    |        | product_131    | mul | dsp_slice | 3       |
|     mac_muladd_8s_8s_16ns_16_4_1_U156               | 1    |        | add_ln101_131  | add | dsp_slice | 3       |
|     mac_muladd_8s_8s_16ns_16_4_1_U157               | 1    |        | product_132    | mul | dsp_slice | 3       |
|     mac_muladd_8s_8s_16ns_16_4_1_U157               | 1    |        | add_ln101_132  | add | dsp_slice | 3       |
|     mac_muladd_8s_8s_16ns_16_4_1_U158               | 1    |        | product_133    | mul | dsp_slice | 3       |
|     mac_muladd_8s_8s_16ns_16_4_1_U158               | 1    |        | add_ln101_133  | add | dsp_slice | 3       |
|     mac_muladd_8s_8s_16ns_16_4_1_U159               | 1    |        | product_134    | mul | dsp_slice | 3       |
|     mac_muladd_8s_8s_16ns_16_4_1_U159               | 1    |        | add_ln101_134  | add | dsp_slice | 3       |
|     mac_muladd_8s_8s_16ns_16_4_1_U160               | 1    |        | product_135    | mul | dsp_slice | 3       |
|     mac_muladd_8s_8s_16ns_16_4_1_U160               | 1    |        | add_ln101_135  | add | dsp_slice | 3       |
|     mac_muladd_8s_8s_16ns_16_4_1_U161               | 1    |        | product_136    | mul | dsp_slice | 3       |
|     mac_muladd_8s_8s_16ns_16_4_1_U161               | 1    |        | add_ln101_136  | add | dsp_slice | 3       |
|     mac_muladd_8s_8s_16ns_16_4_1_U162               | 1    |        | product_137    | mul | dsp_slice | 3       |
|     mac_muladd_8s_8s_16ns_16_4_1_U162               | 1    |        | add_ln101_137  | add | dsp_slice | 3       |
|     mac_muladd_8s_8s_16ns_16_4_1_U163               | 1    |        | product_138    | mul | dsp_slice | 3       |
|     mac_muladd_8s_8s_16ns_16_4_1_U163               | 1    |        | add_ln101_138  | add | dsp_slice | 3       |
|     mac_muladd_8s_8s_16ns_16_4_1_U164               | 1    |        | product_139    | mul | dsp_slice | 3       |
|     mac_muladd_8s_8s_16ns_16_4_1_U164               | 1    |        | add_ln101_139  | add | dsp_slice | 3       |
|     mac_muladd_8s_8s_16ns_16_4_1_U165               | 1    |        | product_140    | mul | dsp_slice | 3       |
|     mac_muladd_8s_8s_16ns_16_4_1_U165               | 1    |        | add_ln101_140  | add | dsp_slice | 3       |
|     mac_muladd_8s_8s_16ns_16_4_1_U166               | 1    |        | product_141    | mul | dsp_slice | 3       |
|     mac_muladd_8s_8s_16ns_16_4_1_U166               | 1    |        | add_ln101_141  | add | dsp_slice | 3       |
|     mac_muladd_8s_8s_16ns_16_4_1_U167               | 1    |        | product_142    | mul | dsp_slice | 3       |
|     mac_muladd_8s_8s_16ns_16_4_1_U167               | 1    |        | add_ln101_142  | add | dsp_slice | 3       |
|     mac_muladd_8s_8s_16ns_16_4_1_U168               | 1    |        | product_143    | mul | dsp_slice | 3       |
|     mac_muladd_8s_8s_16ns_16_4_1_U168               | 1    |        | add_ln101_143  | add | dsp_slice | 3       |
|     mac_muladd_8s_8s_16ns_16_4_1_U324               | 1    |        | product_144    | mul | dsp_slice | 3       |
|     mac_muladd_8s_8s_16ns_16_4_1_U324               | 1    |        | add_ln101_144  | add | dsp_slice | 3       |
|     mac_muladd_8s_8s_16ns_16_4_1_U325               | 1    |        | product_145    | mul | dsp_slice | 3       |
|     mac_muladd_8s_8s_16ns_16_4_1_U325               | 1    |        | add_ln101_145  | add | dsp_slice | 3       |
|     mac_muladd_8s_8s_16ns_16_4_1_U326               | 1    |        | product_146    | mul | dsp_slice | 3       |
|     mac_muladd_8s_8s_16ns_16_4_1_U326               | 1    |        | add_ln101_146  | add | dsp_slice | 3       |
|     mac_muladd_8s_8s_16ns_16_4_1_U327               | 1    |        | product_147    | mul | dsp_slice | 3       |
|     mac_muladd_8s_8s_16ns_16_4_1_U327               | 1    |        | add_ln101_147  | add | dsp_slice | 3       |
|     mac_muladd_8s_8s_16ns_16_4_1_U328               | 1    |        | product_148    | mul | dsp_slice | 3       |
|     mac_muladd_8s_8s_16ns_16_4_1_U328               | 1    |        | add_ln101_148  | add | dsp_slice | 3       |
|     mac_muladd_8s_8s_16ns_16_4_1_U329               | 1    |        | product_149    | mul | dsp_slice | 3       |
|     mac_muladd_8s_8s_16ns_16_4_1_U329               | 1    |        | add_ln101_149  | add | dsp_slice | 3       |
|     mac_muladd_8s_8s_16ns_16_4_1_U330               | 1    |        | product_150    | mul | dsp_slice | 3       |
|     mac_muladd_8s_8s_16ns_16_4_1_U330               | 1    |        | add_ln101_150  | add | dsp_slice | 3       |
|     mac_muladd_8s_8s_16ns_16_4_1_U331               | 1    |        | product_151    | mul | dsp_slice | 3       |
|     mac_muladd_8s_8s_16ns_16_4_1_U331               | 1    |        | add_ln101_151  | add | dsp_slice | 3       |
|     mac_muladd_8s_8s_16ns_16_4_1_U332               | 1    |        | product_152    | mul | dsp_slice | 3       |
|     mac_muladd_8s_8s_16ns_16_4_1_U332               | 1    |        | add_ln101_152  | add | dsp_slice | 3       |
|     mac_muladd_8s_8s_16ns_16_4_1_U333               | 1    |        | product_153    | mul | dsp_slice | 3       |
|     mac_muladd_8s_8s_16ns_16_4_1_U333               | 1    |        | add_ln101_153  | add | dsp_slice | 3       |
|     mac_muladd_8s_8s_16ns_16_4_1_U334               | 1    |        | product_154    | mul | dsp_slice | 3       |
|     mac_muladd_8s_8s_16ns_16_4_1_U334               | 1    |        | add_ln101_154  | add | dsp_slice | 3       |
|     mac_muladd_8s_8s_16ns_16_4_1_U335               | 1    |        | product_155    | mul | dsp_slice | 3       |
|     mac_muladd_8s_8s_16ns_16_4_1_U335               | 1    |        | add_ln101_155  | add | dsp_slice | 3       |
|     mac_muladd_8s_8s_16ns_16_4_1_U336               | 1    |        | product_156    | mul | dsp_slice | 3       |
|     mac_muladd_8s_8s_16ns_16_4_1_U336               | 1    |        | add_ln101_156  | add | dsp_slice | 3       |
|     mac_muladd_8s_8s_16ns_16_4_1_U337               | 1    |        | product_157    | mul | dsp_slice | 3       |
|     mac_muladd_8s_8s_16ns_16_4_1_U337               | 1    |        | add_ln101_157  | add | dsp_slice | 3       |
|     mac_muladd_8s_8s_16ns_16_4_1_U338               | 1    |        | product_158    | mul | dsp_slice | 3       |
|     mac_muladd_8s_8s_16ns_16_4_1_U338               | 1    |        | add_ln101_158  | add | dsp_slice | 3       |
|     mac_muladd_8s_8s_16ns_16_4_1_U339               | 1    |        | product_159    | mul | dsp_slice | 3       |
|     mac_muladd_8s_8s_16ns_16_4_1_U339               | 1    |        | add_ln101_159  | add | dsp_slice | 3       |
|     mac_muladd_8s_8s_16ns_16_4_1_U169               | 1    |        | product_160    | mul | dsp_slice | 3       |
|     mac_muladd_8s_8s_16ns_16_4_1_U169               | 1    |        | add_ln101_160  | add | dsp_slice | 3       |
|     mac_muladd_8s_8s_16ns_16_4_1_U170               | 1    |        | product_161    | mul | dsp_slice | 3       |
|     mac_muladd_8s_8s_16ns_16_4_1_U170               | 1    |        | add_ln101_161  | add | dsp_slice | 3       |
|     mac_muladd_8s_8s_16ns_16_4_1_U171               | 1    |        | product_162    | mul | dsp_slice | 3       |
|     mac_muladd_8s_8s_16ns_16_4_1_U171               | 1    |        | add_ln101_162  | add | dsp_slice | 3       |
|     mac_muladd_8s_8s_16ns_16_4_1_U172               | 1    |        | product_163    | mul | dsp_slice | 3       |
|     mac_muladd_8s_8s_16ns_16_4_1_U172               | 1    |        | add_ln101_163  | add | dsp_slice | 3       |
|     mac_muladd_8s_8s_16ns_16_4_1_U173               | 1    |        | product_164    | mul | dsp_slice | 3       |
|     mac_muladd_8s_8s_16ns_16_4_1_U173               | 1    |        | add_ln101_164  | add | dsp_slice | 3       |
|     mac_muladd_8s_8s_16ns_16_4_1_U174               | 1    |        | product_165    | mul | dsp_slice | 3       |
|     mac_muladd_8s_8s_16ns_16_4_1_U174               | 1    |        | add_ln101_165  | add | dsp_slice | 3       |
|     mac_muladd_8s_8s_16ns_16_4_1_U175               | 1    |        | product_166    | mul | dsp_slice | 3       |
|     mac_muladd_8s_8s_16ns_16_4_1_U175               | 1    |        | add_ln101_166  | add | dsp_slice | 3       |
|     mac_muladd_8s_8s_16ns_16_4_1_U176               | 1    |        | product_167    | mul | dsp_slice | 3       |
|     mac_muladd_8s_8s_16ns_16_4_1_U176               | 1    |        | add_ln101_167  | add | dsp_slice | 3       |
|     mac_muladd_8s_8s_16ns_16_4_1_U177               | 1    |        | product_168    | mul | dsp_slice | 3       |
|     mac_muladd_8s_8s_16ns_16_4_1_U177               | 1    |        | add_ln101_168  | add | dsp_slice | 3       |
|     mac_muladd_8s_8s_16ns_16_4_1_U178               | 1    |        | product_169    | mul | dsp_slice | 3       |
|     mac_muladd_8s_8s_16ns_16_4_1_U178               | 1    |        | add_ln101_169  | add | dsp_slice | 3       |
|     mac_muladd_8s_8s_16ns_16_4_1_U179               | 1    |        | product_170    | mul | dsp_slice | 3       |
|     mac_muladd_8s_8s_16ns_16_4_1_U179               | 1    |        | add_ln101_170  | add | dsp_slice | 3       |
|     mac_muladd_8s_8s_16ns_16_4_1_U180               | 1    |        | product_171    | mul | dsp_slice | 3       |
|     mac_muladd_8s_8s_16ns_16_4_1_U180               | 1    |        | add_ln101_171  | add | dsp_slice | 3       |
|     mac_muladd_8s_8s_16ns_16_4_1_U181               | 1    |        | product_172    | mul | dsp_slice | 3       |
|     mac_muladd_8s_8s_16ns_16_4_1_U181               | 1    |        | add_ln101_172  | add | dsp_slice | 3       |
|     mac_muladd_8s_8s_16ns_16_4_1_U182               | 1    |        | product_173    | mul | dsp_slice | 3       |
|     mac_muladd_8s_8s_16ns_16_4_1_U182               | 1    |        | add_ln101_173  | add | dsp_slice | 3       |
|     mac_muladd_8s_8s_16ns_16_4_1_U183               | 1    |        | product_174    | mul | dsp_slice | 3       |
|     mac_muladd_8s_8s_16ns_16_4_1_U183               | 1    |        | add_ln101_174  | add | dsp_slice | 3       |
|     mac_muladd_8s_8s_16ns_16_4_1_U184               | 1    |        | product_175    | mul | dsp_slice | 3       |
|     mac_muladd_8s_8s_16ns_16_4_1_U184               | 1    |        | add_ln101_175  | add | dsp_slice | 3       |
|     mac_muladd_8s_8s_16ns_16_4_1_U340               | 1    |        | product_176    | mul | dsp_slice | 3       |
|     mac_muladd_8s_8s_16ns_16_4_1_U340               | 1    |        | add_ln101_176  | add | dsp_slice | 3       |
|     mac_muladd_8s_8s_16ns_16_4_1_U341               | 1    |        | product_177    | mul | dsp_slice | 3       |
|     mac_muladd_8s_8s_16ns_16_4_1_U341               | 1    |        | add_ln101_177  | add | dsp_slice | 3       |
|     mac_muladd_8s_8s_16ns_16_4_1_U342               | 1    |        | product_178    | mul | dsp_slice | 3       |
|     mac_muladd_8s_8s_16ns_16_4_1_U342               | 1    |        | add_ln101_178  | add | dsp_slice | 3       |
|     mac_muladd_8s_8s_16ns_16_4_1_U343               | 1    |        | product_179    | mul | dsp_slice | 3       |
|     mac_muladd_8s_8s_16ns_16_4_1_U343               | 1    |        | add_ln101_179  | add | dsp_slice | 3       |
|     mac_muladd_8s_8s_16ns_16_4_1_U344               | 1    |        | product_180    | mul | dsp_slice | 3       |
|     mac_muladd_8s_8s_16ns_16_4_1_U344               | 1    |        | add_ln101_180  | add | dsp_slice | 3       |
|     mac_muladd_8s_8s_16ns_16_4_1_U345               | 1    |        | product_181    | mul | dsp_slice | 3       |
|     mac_muladd_8s_8s_16ns_16_4_1_U345               | 1    |        | add_ln101_181  | add | dsp_slice | 3       |
|     mac_muladd_8s_8s_16ns_16_4_1_U346               | 1    |        | product_182    | mul | dsp_slice | 3       |
|     mac_muladd_8s_8s_16ns_16_4_1_U346               | 1    |        | add_ln101_182  | add | dsp_slice | 3       |
|     mac_muladd_8s_8s_16ns_16_4_1_U347               | 1    |        | product_183    | mul | dsp_slice | 3       |
|     mac_muladd_8s_8s_16ns_16_4_1_U347               | 1    |        | add_ln101_183  | add | dsp_slice | 3       |
|     mac_muladd_8s_8s_16ns_16_4_1_U348               | 1    |        | product_184    | mul | dsp_slice | 3       |
|     mac_muladd_8s_8s_16ns_16_4_1_U348               | 1    |        | add_ln101_184  | add | dsp_slice | 3       |
|     mac_muladd_8s_8s_16ns_16_4_1_U349               | 1    |        | product_185    | mul | dsp_slice | 3       |
|     mac_muladd_8s_8s_16ns_16_4_1_U349               | 1    |        | add_ln101_185  | add | dsp_slice | 3       |
|     mac_muladd_8s_8s_16ns_16_4_1_U350               | 1    |        | product_186    | mul | dsp_slice | 3       |
|     mac_muladd_8s_8s_16ns_16_4_1_U350               | 1    |        | add_ln101_186  | add | dsp_slice | 3       |
|     mac_muladd_8s_8s_16ns_16_4_1_U351               | 1    |        | product_187    | mul | dsp_slice | 3       |
|     mac_muladd_8s_8s_16ns_16_4_1_U351               | 1    |        | add_ln101_187  | add | dsp_slice | 3       |
|     mac_muladd_8s_8s_16ns_16_4_1_U352               | 1    |        | product_188    | mul | dsp_slice | 3       |
|     mac_muladd_8s_8s_16ns_16_4_1_U352               | 1    |        | add_ln101_188  | add | dsp_slice | 3       |
|     mac_muladd_8s_8s_16ns_16_4_1_U353               | 1    |        | product_189    | mul | dsp_slice | 3       |
|     mac_muladd_8s_8s_16ns_16_4_1_U353               | 1    |        | add_ln101_189  | add | dsp_slice | 3       |
|     mac_muladd_8s_8s_16ns_16_4_1_U354               | 1    |        | product_190    | mul | dsp_slice | 3       |
|     mac_muladd_8s_8s_16ns_16_4_1_U354               | 1    |        | add_ln101_190  | add | dsp_slice | 3       |
|     mac_muladd_8s_8s_16ns_16_4_1_U355               | 1    |        | product_191    | mul | dsp_slice | 3       |
|     mac_muladd_8s_8s_16ns_16_4_1_U355               | 1    |        | add_ln101_191  | add | dsp_slice | 3       |
|     mac_muladd_8s_8s_16ns_16_4_1_U185               | 1    |        | product_192    | mul | dsp_slice | 3       |
|     mac_muladd_8s_8s_16ns_16_4_1_U185               | 1    |        | add_ln101_192  | add | dsp_slice | 3       |
|     mac_muladd_8s_8s_16ns_16_4_1_U186               | 1    |        | product_193    | mul | dsp_slice | 3       |
|     mac_muladd_8s_8s_16ns_16_4_1_U186               | 1    |        | add_ln101_193  | add | dsp_slice | 3       |
|     mac_muladd_8s_8s_16ns_16_4_1_U187               | 1    |        | product_194    | mul | dsp_slice | 3       |
|     mac_muladd_8s_8s_16ns_16_4_1_U187               | 1    |        | add_ln101_194  | add | dsp_slice | 3       |
|     mac_muladd_8s_8s_16ns_16_4_1_U188               | 1    |        | product_195    | mul | dsp_slice | 3       |
|     mac_muladd_8s_8s_16ns_16_4_1_U188               | 1    |        | add_ln101_195  | add | dsp_slice | 3       |
|     mac_muladd_8s_8s_16ns_16_4_1_U189               | 1    |        | product_196    | mul | dsp_slice | 3       |
|     mac_muladd_8s_8s_16ns_16_4_1_U189               | 1    |        | add_ln101_196  | add | dsp_slice | 3       |
|     mac_muladd_8s_8s_16ns_16_4_1_U190               | 1    |        | product_197    | mul | dsp_slice | 3       |
|     mac_muladd_8s_8s_16ns_16_4_1_U190               | 1    |        | add_ln101_197  | add | dsp_slice | 3       |
|     mac_muladd_8s_8s_16ns_16_4_1_U191               | 1    |        | product_198    | mul | dsp_slice | 3       |
|     mac_muladd_8s_8s_16ns_16_4_1_U191               | 1    |        | add_ln101_198  | add | dsp_slice | 3       |
|     mac_muladd_8s_8s_16ns_16_4_1_U192               | 1    |        | product_199    | mul | dsp_slice | 3       |
|     mac_muladd_8s_8s_16ns_16_4_1_U192               | 1    |        | add_ln101_199  | add | dsp_slice | 3       |
|     mac_muladd_8s_8s_16ns_16_4_1_U193               | 1    |        | product_200    | mul | dsp_slice | 3       |
|     mac_muladd_8s_8s_16ns_16_4_1_U193               | 1    |        | add_ln101_200  | add | dsp_slice | 3       |
|     mac_muladd_8s_8s_16ns_16_4_1_U194               | 1    |        | product_201    | mul | dsp_slice | 3       |
|     mac_muladd_8s_8s_16ns_16_4_1_U194               | 1    |        | add_ln101_201  | add | dsp_slice | 3       |
|     mac_muladd_8s_8s_16ns_16_4_1_U195               | 1    |        | product_202    | mul | dsp_slice | 3       |
|     mac_muladd_8s_8s_16ns_16_4_1_U195               | 1    |        | add_ln101_202  | add | dsp_slice | 3       |
|     mac_muladd_8s_8s_16ns_16_4_1_U196               | 1    |        | product_203    | mul | dsp_slice | 3       |
|     mac_muladd_8s_8s_16ns_16_4_1_U196               | 1    |        | add_ln101_203  | add | dsp_slice | 3       |
|     mac_muladd_8s_8s_16ns_16_4_1_U197               | 1    |        | product_204    | mul | dsp_slice | 3       |
|     mac_muladd_8s_8s_16ns_16_4_1_U197               | 1    |        | add_ln101_204  | add | dsp_slice | 3       |
|     mac_muladd_8s_8s_16ns_16_4_1_U198               | 1    |        | product_205    | mul | dsp_slice | 3       |
|     mac_muladd_8s_8s_16ns_16_4_1_U198               | 1    |        | add_ln101_205  | add | dsp_slice | 3       |
|     mac_muladd_8s_8s_16ns_16_4_1_U199               | 1    |        | product_206    | mul | dsp_slice | 3       |
|     mac_muladd_8s_8s_16ns_16_4_1_U199               | 1    |        | add_ln101_206  | add | dsp_slice | 3       |
|     mac_muladd_8s_8s_16ns_16_4_1_U200               | 1    |        | product_207    | mul | dsp_slice | 3       |
|     mac_muladd_8s_8s_16ns_16_4_1_U200               | 1    |        | add_ln101_207  | add | dsp_slice | 3       |
|     mac_muladd_8s_8s_16ns_16_4_1_U356               | 1    |        | product_208    | mul | dsp_slice | 3       |
|     mac_muladd_8s_8s_16ns_16_4_1_U356               | 1    |        | add_ln101_208  | add | dsp_slice | 3       |
|     mac_muladd_8s_8s_16ns_16_4_1_U357               | 1    |        | product_209    | mul | dsp_slice | 3       |
|     mac_muladd_8s_8s_16ns_16_4_1_U357               | 1    |        | add_ln101_209  | add | dsp_slice | 3       |
|     mac_muladd_8s_8s_16ns_16_4_1_U358               | 1    |        | product_210    | mul | dsp_slice | 3       |
|     mac_muladd_8s_8s_16ns_16_4_1_U358               | 1    |        | add_ln101_210  | add | dsp_slice | 3       |
|     mac_muladd_8s_8s_16ns_16_4_1_U359               | 1    |        | product_211    | mul | dsp_slice | 3       |
|     mac_muladd_8s_8s_16ns_16_4_1_U359               | 1    |        | add_ln101_211  | add | dsp_slice | 3       |
|     mac_muladd_8s_8s_16ns_16_4_1_U360               | 1    |        | product_212    | mul | dsp_slice | 3       |
|     mac_muladd_8s_8s_16ns_16_4_1_U360               | 1    |        | add_ln101_212  | add | dsp_slice | 3       |
|     mac_muladd_8s_8s_16ns_16_4_1_U361               | 1    |        | product_213    | mul | dsp_slice | 3       |
|     mac_muladd_8s_8s_16ns_16_4_1_U361               | 1    |        | add_ln101_213  | add | dsp_slice | 3       |
|     mac_muladd_8s_8s_16ns_16_4_1_U362               | 1    |        | product_214    | mul | dsp_slice | 3       |
|     mac_muladd_8s_8s_16ns_16_4_1_U362               | 1    |        | add_ln101_214  | add | dsp_slice | 3       |
|     mac_muladd_8s_8s_16ns_16_4_1_U363               | 1    |        | product_215    | mul | dsp_slice | 3       |
|     mac_muladd_8s_8s_16ns_16_4_1_U363               | 1    |        | add_ln101_215  | add | dsp_slice | 3       |
|     mac_muladd_8s_8s_16ns_16_4_1_U364               | 1    |        | product_216    | mul | dsp_slice | 3       |
|     mac_muladd_8s_8s_16ns_16_4_1_U364               | 1    |        | add_ln101_216  | add | dsp_slice | 3       |
|     mac_muladd_8s_8s_16ns_16_4_1_U365               | 1    |        | product_217    | mul | dsp_slice | 3       |
|     mac_muladd_8s_8s_16ns_16_4_1_U365               | 1    |        | add_ln101_217  | add | dsp_slice | 3       |
|     mac_muladd_8s_8s_16ns_16_4_1_U366               | 1    |        | product_218    | mul | dsp_slice | 3       |
|     mac_muladd_8s_8s_16ns_16_4_1_U366               | 1    |        | add_ln101_218  | add | dsp_slice | 3       |
|     mac_muladd_8s_8s_16ns_16_4_1_U367               | 1    |        | product_219    | mul | dsp_slice | 3       |
|     mac_muladd_8s_8s_16ns_16_4_1_U367               | 1    |        | add_ln101_219  | add | dsp_slice | 3       |
|     mac_muladd_8s_8s_16ns_16_4_1_U368               | 1    |        | product_220    | mul | dsp_slice | 3       |
|     mac_muladd_8s_8s_16ns_16_4_1_U368               | 1    |        | add_ln101_220  | add | dsp_slice | 3       |
|     mac_muladd_8s_8s_16ns_16_4_1_U369               | 1    |        | product_221    | mul | dsp_slice | 3       |
|     mac_muladd_8s_8s_16ns_16_4_1_U369               | 1    |        | add_ln101_221  | add | dsp_slice | 3       |
|     mac_muladd_8s_8s_16ns_16_4_1_U370               | 1    |        | product_222    | mul | dsp_slice | 3       |
|     mac_muladd_8s_8s_16ns_16_4_1_U370               | 1    |        | add_ln101_222  | add | dsp_slice | 3       |
|     mac_muladd_8s_8s_16ns_16_4_1_U371               | 1    |        | product_223    | mul | dsp_slice | 3       |
|     mac_muladd_8s_8s_16ns_16_4_1_U371               | 1    |        | add_ln101_223  | add | dsp_slice | 3       |
|     mac_muladd_8s_8s_16ns_16_4_1_U201               | 1    |        | product_224    | mul | dsp_slice | 3       |
|     mac_muladd_8s_8s_16ns_16_4_1_U201               | 1    |        | add_ln101_224  | add | dsp_slice | 3       |
|     mac_muladd_8s_8s_16ns_16_4_1_U202               | 1    |        | product_225    | mul | dsp_slice | 3       |
|     mac_muladd_8s_8s_16ns_16_4_1_U202               | 1    |        | add_ln101_225  | add | dsp_slice | 3       |
|     mac_muladd_8s_8s_16ns_16_4_1_U203               | 1    |        | product_226    | mul | dsp_slice | 3       |
|     mac_muladd_8s_8s_16ns_16_4_1_U203               | 1    |        | add_ln101_226  | add | dsp_slice | 3       |
|     mac_muladd_8s_8s_16ns_16_4_1_U204               | 1    |        | product_227    | mul | dsp_slice | 3       |
|     mac_muladd_8s_8s_16ns_16_4_1_U204               | 1    |        | add_ln101_227  | add | dsp_slice | 3       |
|     mac_muladd_8s_8s_16ns_16_4_1_U205               | 1    |        | product_228    | mul | dsp_slice | 3       |
|     mac_muladd_8s_8s_16ns_16_4_1_U205               | 1    |        | add_ln101_228  | add | dsp_slice | 3       |
|     mac_muladd_8s_8s_16ns_16_4_1_U206               | 1    |        | product_229    | mul | dsp_slice | 3       |
|     mac_muladd_8s_8s_16ns_16_4_1_U206               | 1    |        | add_ln101_229  | add | dsp_slice | 3       |
|     mac_muladd_8s_8s_16ns_16_4_1_U207               | 1    |        | product_230    | mul | dsp_slice | 3       |
|     mac_muladd_8s_8s_16ns_16_4_1_U207               | 1    |        | add_ln101_230  | add | dsp_slice | 3       |
|     mac_muladd_8s_8s_16ns_16_4_1_U208               | 1    |        | product_231    | mul | dsp_slice | 3       |
|     mac_muladd_8s_8s_16ns_16_4_1_U208               | 1    |        | add_ln101_231  | add | dsp_slice | 3       |
|     mac_muladd_8s_8s_16ns_16_4_1_U209               | 1    |        | product_232    | mul | dsp_slice | 3       |
|     mac_muladd_8s_8s_16ns_16_4_1_U209               | 1    |        | add_ln101_232  | add | dsp_slice | 3       |
|     mac_muladd_8s_8s_16ns_16_4_1_U210               | 1    |        | product_233    | mul | dsp_slice | 3       |
|     mac_muladd_8s_8s_16ns_16_4_1_U210               | 1    |        | add_ln101_233  | add | dsp_slice | 3       |
|     mac_muladd_8s_8s_16ns_16_4_1_U211               | 1    |        | product_234    | mul | dsp_slice | 3       |
|     mac_muladd_8s_8s_16ns_16_4_1_U211               | 1    |        | add_ln101_234  | add | dsp_slice | 3       |
|     mac_muladd_8s_8s_16ns_16_4_1_U212               | 1    |        | product_235    | mul | dsp_slice | 3       |
|     mac_muladd_8s_8s_16ns_16_4_1_U212               | 1    |        | add_ln101_235  | add | dsp_slice | 3       |
|     mac_muladd_8s_8s_16ns_16_4_1_U213               | 1    |        | product_236    | mul | dsp_slice | 3       |
|     mac_muladd_8s_8s_16ns_16_4_1_U213               | 1    |        | add_ln101_236  | add | dsp_slice | 3       |
|     mac_muladd_8s_8s_16ns_16_4_1_U214               | 1    |        | product_237    | mul | dsp_slice | 3       |
|     mac_muladd_8s_8s_16ns_16_4_1_U214               | 1    |        | add_ln101_237  | add | dsp_slice | 3       |
|     mac_muladd_8s_8s_16ns_16_4_1_U215               | 1    |        | product_238    | mul | dsp_slice | 3       |
|     mac_muladd_8s_8s_16ns_16_4_1_U215               | 1    |        | add_ln101_238  | add | dsp_slice | 3       |
|     mac_muladd_8s_8s_16ns_16_4_1_U216               | 1    |        | product_239    | mul | dsp_slice | 3       |
|     mac_muladd_8s_8s_16ns_16_4_1_U216               | 1    |        | add_ln101_239  | add | dsp_slice | 3       |
|     mac_muladd_8s_8s_16ns_16_4_1_U372               | 1    |        | product_240    | mul | dsp_slice | 3       |
|     mac_muladd_8s_8s_16ns_16_4_1_U372               | 1    |        | add_ln101_240  | add | dsp_slice | 3       |
|     mac_muladd_8s_8s_16ns_16_4_1_U373               | 1    |        | product_241    | mul | dsp_slice | 3       |
|     mac_muladd_8s_8s_16ns_16_4_1_U373               | 1    |        | add_ln101_241  | add | dsp_slice | 3       |
|     mac_muladd_8s_8s_16ns_16_4_1_U374               | 1    |        | product_242    | mul | dsp_slice | 3       |
|     mac_muladd_8s_8s_16ns_16_4_1_U374               | 1    |        | add_ln101_242  | add | dsp_slice | 3       |
|     mac_muladd_8s_8s_16ns_16_4_1_U375               | 1    |        | product_243    | mul | dsp_slice | 3       |
|     mac_muladd_8s_8s_16ns_16_4_1_U375               | 1    |        | add_ln101_243  | add | dsp_slice | 3       |
|     mac_muladd_8s_8s_16ns_16_4_1_U376               | 1    |        | product_244    | mul | dsp_slice | 3       |
|     mac_muladd_8s_8s_16ns_16_4_1_U376               | 1    |        | add_ln101_244  | add | dsp_slice | 3       |
|     mac_muladd_8s_8s_16ns_16_4_1_U377               | 1    |        | product_245    | mul | dsp_slice | 3       |
|     mac_muladd_8s_8s_16ns_16_4_1_U377               | 1    |        | add_ln101_245  | add | dsp_slice | 3       |
|     mac_muladd_8s_8s_16ns_16_4_1_U378               | 1    |        | product_246    | mul | dsp_slice | 3       |
|     mac_muladd_8s_8s_16ns_16_4_1_U378               | 1    |        | add_ln101_246  | add | dsp_slice | 3       |
|     mac_muladd_8s_8s_16ns_16_4_1_U379               | 1    |        | product_247    | mul | dsp_slice | 3       |
|     mac_muladd_8s_8s_16ns_16_4_1_U379               | 1    |        | add_ln101_247  | add | dsp_slice | 3       |
|     mac_muladd_8s_8s_16ns_16_4_1_U380               | 1    |        | product_248    | mul | dsp_slice | 3       |
|     mac_muladd_8s_8s_16ns_16_4_1_U380               | 1    |        | add_ln101_248  | add | dsp_slice | 3       |
|     mac_muladd_8s_8s_16ns_16_4_1_U381               | 1    |        | product_249    | mul | dsp_slice | 3       |
|     mac_muladd_8s_8s_16ns_16_4_1_U381               | 1    |        | add_ln101_249  | add | dsp_slice | 3       |
|     mac_muladd_8s_8s_16ns_16_4_1_U382               | 1    |        | product_250    | mul | dsp_slice | 3       |
|     mac_muladd_8s_8s_16ns_16_4_1_U382               | 1    |        | add_ln101_250  | add | dsp_slice | 3       |
|     mac_muladd_8s_8s_16ns_16_4_1_U383               | 1    |        | product_251    | mul | dsp_slice | 3       |
|     mac_muladd_8s_8s_16ns_16_4_1_U383               | 1    |        | add_ln101_251  | add | dsp_slice | 3       |
|     mac_muladd_8s_8s_16ns_16_4_1_U384               | 1    |        | product_252    | mul | dsp_slice | 3       |
|     mac_muladd_8s_8s_16ns_16_4_1_U384               | 1    |        | add_ln101_252  | add | dsp_slice | 3       |
|     mac_muladd_8s_8s_16ns_16_4_1_U385               | 1    |        | product_253    | mul | dsp_slice | 3       |
|     mac_muladd_8s_8s_16ns_16_4_1_U385               | 1    |        | add_ln101_253  | add | dsp_slice | 3       |
|     mac_muladd_8s_8s_16ns_16_4_1_U386               | 1    |        | product_254    | mul | dsp_slice | 3       |
|     mac_muladd_8s_8s_16ns_16_4_1_U386               | 1    |        | add_ln101_254  | add | dsp_slice | 3       |
|     mac_muladd_8s_8s_16ns_16_4_1_U387               | 1    |        | product_255    | mul | dsp_slice | 3       |
|     mac_muladd_8s_8s_16ns_16_4_1_U387               | 1    |        | add_ln101_255  | add | dsp_slice | 3       |
|     mac_muladd_8s_8s_16ns_16_4_1_U217               | 1    |        | product_256    | mul | dsp_slice | 3       |
|     mac_muladd_8s_8s_16ns_16_4_1_U217               | 1    |        | add_ln101_256  | add | dsp_slice | 3       |
|     mac_muladd_8s_8s_16ns_16_4_1_U218               | 1    |        | product_257    | mul | dsp_slice | 3       |
|     mac_muladd_8s_8s_16ns_16_4_1_U218               | 1    |        | add_ln101_257  | add | dsp_slice | 3       |
|     mac_muladd_8s_8s_16ns_16_4_1_U219               | 1    |        | product_258    | mul | dsp_slice | 3       |
|     mac_muladd_8s_8s_16ns_16_4_1_U219               | 1    |        | add_ln101_258  | add | dsp_slice | 3       |
|     mac_muladd_8s_8s_16ns_16_4_1_U220               | 1    |        | product_259    | mul | dsp_slice | 3       |
|     mac_muladd_8s_8s_16ns_16_4_1_U220               | 1    |        | add_ln101_259  | add | dsp_slice | 3       |
|     mac_muladd_8s_8s_16ns_16_4_1_U221               | 1    |        | product_260    | mul | dsp_slice | 3       |
|     mac_muladd_8s_8s_16ns_16_4_1_U221               | 1    |        | add_ln101_260  | add | dsp_slice | 3       |
|     mac_muladd_8s_8s_16ns_16_4_1_U222               | 1    |        | product_261    | mul | dsp_slice | 3       |
|     mac_muladd_8s_8s_16ns_16_4_1_U222               | 1    |        | add_ln101_261  | add | dsp_slice | 3       |
|     mac_muladd_8s_8s_16ns_16_4_1_U223               | 1    |        | product_262    | mul | dsp_slice | 3       |
|     mac_muladd_8s_8s_16ns_16_4_1_U223               | 1    |        | add_ln101_262  | add | dsp_slice | 3       |
|     mac_muladd_8s_8s_16ns_16_4_1_U224               | 1    |        | product_263    | mul | dsp_slice | 3       |
|     mac_muladd_8s_8s_16ns_16_4_1_U224               | 1    |        | add_ln101_263  | add | dsp_slice | 3       |
|     mac_muladd_8s_8s_16ns_16_4_1_U225               | 1    |        | product_264    | mul | dsp_slice | 3       |
|     mac_muladd_8s_8s_16ns_16_4_1_U225               | 1    |        | add_ln101_264  | add | dsp_slice | 3       |
|     mac_muladd_8s_8s_16ns_16_4_1_U226               | 1    |        | product_265    | mul | dsp_slice | 3       |
|     mac_muladd_8s_8s_16ns_16_4_1_U226               | 1    |        | add_ln101_265  | add | dsp_slice | 3       |
|     mac_muladd_8s_8s_16ns_16_4_1_U227               | 1    |        | product_266    | mul | dsp_slice | 3       |
|     mac_muladd_8s_8s_16ns_16_4_1_U227               | 1    |        | add_ln101_266  | add | dsp_slice | 3       |
|     mac_muladd_8s_8s_16ns_16_4_1_U228               | 1    |        | product_267    | mul | dsp_slice | 3       |
|     mac_muladd_8s_8s_16ns_16_4_1_U228               | 1    |        | add_ln101_267  | add | dsp_slice | 3       |
|     mac_muladd_8s_8s_16ns_16_4_1_U229               | 1    |        | product_268    | mul | dsp_slice | 3       |
|     mac_muladd_8s_8s_16ns_16_4_1_U229               | 1    |        | add_ln101_268  | add | dsp_slice | 3       |
|     mac_muladd_8s_8s_16ns_16_4_1_U230               | 1    |        | product_269    | mul | dsp_slice | 3       |
|     mac_muladd_8s_8s_16ns_16_4_1_U230               | 1    |        | add_ln101_269  | add | dsp_slice | 3       |
|     mac_muladd_8s_8s_16ns_16_4_1_U231               | 1    |        | product_270    | mul | dsp_slice | 3       |
|     mac_muladd_8s_8s_16ns_16_4_1_U231               | 1    |        | add_ln101_270  | add | dsp_slice | 3       |
|     mac_muladd_8s_8s_16ns_16_4_1_U232               | 1    |        | product_271    | mul | dsp_slice | 3       |
|     mac_muladd_8s_8s_16ns_16_4_1_U232               | 1    |        | add_ln101_271  | add | dsp_slice | 3       |
|     mac_muladd_8s_8s_16ns_16_4_1_U388               | 1    |        | product_272    | mul | dsp_slice | 3       |
|     mac_muladd_8s_8s_16ns_16_4_1_U388               | 1    |        | add_ln101_272  | add | dsp_slice | 3       |
|     mac_muladd_8s_8s_16ns_16_4_1_U389               | 1    |        | product_273    | mul | dsp_slice | 3       |
|     mac_muladd_8s_8s_16ns_16_4_1_U389               | 1    |        | add_ln101_273  | add | dsp_slice | 3       |
|     mac_muladd_8s_8s_16ns_16_4_1_U390               | 1    |        | product_274    | mul | dsp_slice | 3       |
|     mac_muladd_8s_8s_16ns_16_4_1_U390               | 1    |        | add_ln101_274  | add | dsp_slice | 3       |
|     mac_muladd_8s_8s_16ns_16_4_1_U391               | 1    |        | product_275    | mul | dsp_slice | 3       |
|     mac_muladd_8s_8s_16ns_16_4_1_U391               | 1    |        | add_ln101_275  | add | dsp_slice | 3       |
|     mac_muladd_8s_8s_16ns_16_4_1_U392               | 1    |        | product_276    | mul | dsp_slice | 3       |
|     mac_muladd_8s_8s_16ns_16_4_1_U392               | 1    |        | add_ln101_276  | add | dsp_slice | 3       |
|     mac_muladd_8s_8s_16ns_16_4_1_U393               | 1    |        | product_277    | mul | dsp_slice | 3       |
|     mac_muladd_8s_8s_16ns_16_4_1_U393               | 1    |        | add_ln101_277  | add | dsp_slice | 3       |
|     mac_muladd_8s_8s_16ns_16_4_1_U394               | 1    |        | product_278    | mul | dsp_slice | 3       |
|     mac_muladd_8s_8s_16ns_16_4_1_U394               | 1    |        | add_ln101_278  | add | dsp_slice | 3       |
|     mac_muladd_8s_8s_16ns_16_4_1_U395               | 1    |        | product_279    | mul | dsp_slice | 3       |
|     mac_muladd_8s_8s_16ns_16_4_1_U395               | 1    |        | add_ln101_279  | add | dsp_slice | 3       |
|     mac_muladd_8s_8s_16ns_16_4_1_U396               | 1    |        | product_280    | mul | dsp_slice | 3       |
|     mac_muladd_8s_8s_16ns_16_4_1_U396               | 1    |        | add_ln101_280  | add | dsp_slice | 3       |
|     mac_muladd_8s_8s_16ns_16_4_1_U397               | 1    |        | product_281    | mul | dsp_slice | 3       |
|     mac_muladd_8s_8s_16ns_16_4_1_U397               | 1    |        | add_ln101_281  | add | dsp_slice | 3       |
|     mac_muladd_8s_8s_16ns_16_4_1_U398               | 1    |        | product_282    | mul | dsp_slice | 3       |
|     mac_muladd_8s_8s_16ns_16_4_1_U398               | 1    |        | add_ln101_282  | add | dsp_slice | 3       |
|     mac_muladd_8s_8s_16ns_16_4_1_U399               | 1    |        | product_283    | mul | dsp_slice | 3       |
|     mac_muladd_8s_8s_16ns_16_4_1_U399               | 1    |        | add_ln101_283  | add | dsp_slice | 3       |
|     mac_muladd_8s_8s_16ns_16_4_1_U400               | 1    |        | product_284    | mul | dsp_slice | 3       |
|     mac_muladd_8s_8s_16ns_16_4_1_U400               | 1    |        | add_ln101_284  | add | dsp_slice | 3       |
|     mac_muladd_8s_8s_16ns_16_4_1_U401               | 1    |        | product_285    | mul | dsp_slice | 3       |
|     mac_muladd_8s_8s_16ns_16_4_1_U401               | 1    |        | add_ln101_285  | add | dsp_slice | 3       |
|     mac_muladd_8s_8s_16ns_16_4_1_U402               | 1    |        | product_286    | mul | dsp_slice | 3       |
|     mac_muladd_8s_8s_16ns_16_4_1_U402               | 1    |        | add_ln101_286  | add | dsp_slice | 3       |
|     mac_muladd_8s_8s_16ns_16_4_1_U403               | 1    |        | product_287    | mul | dsp_slice | 3       |
|     mac_muladd_8s_8s_16ns_16_4_1_U403               | 1    |        | add_ln101_287  | add | dsp_slice | 3       |
|     mac_muladd_8s_8s_16ns_16_4_1_U233               | 1    |        | product_288    | mul | dsp_slice | 3       |
|     mac_muladd_8s_8s_16ns_16_4_1_U233               | 1    |        | add_ln101_288  | add | dsp_slice | 3       |
|     mac_muladd_8s_8s_16ns_16_4_1_U234               | 1    |        | product_289    | mul | dsp_slice | 3       |
|     mac_muladd_8s_8s_16ns_16_4_1_U234               | 1    |        | add_ln101_289  | add | dsp_slice | 3       |
|     mac_muladd_8s_8s_16ns_16_4_1_U235               | 1    |        | product_290    | mul | dsp_slice | 3       |
|     mac_muladd_8s_8s_16ns_16_4_1_U235               | 1    |        | add_ln101_290  | add | dsp_slice | 3       |
|     mac_muladd_8s_8s_16ns_16_4_1_U236               | 1    |        | product_291    | mul | dsp_slice | 3       |
|     mac_muladd_8s_8s_16ns_16_4_1_U236               | 1    |        | add_ln101_291  | add | dsp_slice | 3       |
|     mac_muladd_8s_8s_16ns_16_4_1_U237               | 1    |        | product_292    | mul | dsp_slice | 3       |
|     mac_muladd_8s_8s_16ns_16_4_1_U237               | 1    |        | add_ln101_292  | add | dsp_slice | 3       |
|     mac_muladd_8s_8s_16ns_16_4_1_U238               | 1    |        | product_293    | mul | dsp_slice | 3       |
|     mac_muladd_8s_8s_16ns_16_4_1_U238               | 1    |        | add_ln101_293  | add | dsp_slice | 3       |
|     mac_muladd_8s_8s_16ns_16_4_1_U239               | 1    |        | product_294    | mul | dsp_slice | 3       |
|     mac_muladd_8s_8s_16ns_16_4_1_U239               | 1    |        | add_ln101_294  | add | dsp_slice | 3       |
|     mac_muladd_8s_8s_16ns_16_4_1_U240               | 1    |        | product_295    | mul | dsp_slice | 3       |
|     mac_muladd_8s_8s_16ns_16_4_1_U240               | 1    |        | add_ln101_295  | add | dsp_slice | 3       |
|     mac_muladd_8s_8s_16ns_16_4_1_U241               | 1    |        | product_296    | mul | dsp_slice | 3       |
|     mac_muladd_8s_8s_16ns_16_4_1_U241               | 1    |        | add_ln101_296  | add | dsp_slice | 3       |
|     mac_muladd_8s_8s_16ns_16_4_1_U242               | 1    |        | product_297    | mul | dsp_slice | 3       |
|     mac_muladd_8s_8s_16ns_16_4_1_U242               | 1    |        | add_ln101_297  | add | dsp_slice | 3       |
|     mac_muladd_8s_8s_16ns_16_4_1_U243               | 1    |        | product_298    | mul | dsp_slice | 3       |
|     mac_muladd_8s_8s_16ns_16_4_1_U243               | 1    |        | add_ln101_298  | add | dsp_slice | 3       |
|     mac_muladd_8s_8s_16ns_16_4_1_U244               | 1    |        | product_299    | mul | dsp_slice | 3       |
|     mac_muladd_8s_8s_16ns_16_4_1_U244               | 1    |        | add_ln101_299  | add | dsp_slice | 3       |
|     mac_muladd_8s_8s_16ns_16_4_1_U245               | 1    |        | product_300    | mul | dsp_slice | 3       |
|     mac_muladd_8s_8s_16ns_16_4_1_U245               | 1    |        | add_ln101_300  | add | dsp_slice | 3       |
|     mac_muladd_8s_8s_16ns_16_4_1_U246               | 1    |        | product_301    | mul | dsp_slice | 3       |
|     mac_muladd_8s_8s_16ns_16_4_1_U246               | 1    |        | add_ln101_301  | add | dsp_slice | 3       |
|     mac_muladd_8s_8s_16ns_16_4_1_U247               | 1    |        | product_302    | mul | dsp_slice | 3       |
|     mac_muladd_8s_8s_16ns_16_4_1_U247               | 1    |        | add_ln101_302  | add | dsp_slice | 3       |
|     mac_muladd_8s_8s_16ns_16_4_1_U248               | 1    |        | product_303    | mul | dsp_slice | 3       |
|     mac_muladd_8s_8s_16ns_16_4_1_U248               | 1    |        | add_ln101_303  | add | dsp_slice | 3       |
|     mac_muladd_8s_8s_16ns_16_4_1_U404               | 1    |        | product_304    | mul | dsp_slice | 3       |
|     mac_muladd_8s_8s_16ns_16_4_1_U404               | 1    |        | add_ln101_304  | add | dsp_slice | 3       |
|     mac_muladd_8s_8s_16ns_16_4_1_U405               | 1    |        | product_305    | mul | dsp_slice | 3       |
|     mac_muladd_8s_8s_16ns_16_4_1_U405               | 1    |        | add_ln101_305  | add | dsp_slice | 3       |
|     mac_muladd_8s_8s_16ns_16_4_1_U406               | 1    |        | product_306    | mul | dsp_slice | 3       |
|     mac_muladd_8s_8s_16ns_16_4_1_U406               | 1    |        | add_ln101_306  | add | dsp_slice | 3       |
|     mac_muladd_8s_8s_16ns_16_4_1_U407               | 1    |        | product_307    | mul | dsp_slice | 3       |
|     mac_muladd_8s_8s_16ns_16_4_1_U407               | 1    |        | add_ln101_307  | add | dsp_slice | 3       |
|     mac_muladd_8s_8s_16ns_16_4_1_U408               | 1    |        | product_308    | mul | dsp_slice | 3       |
|     mac_muladd_8s_8s_16ns_16_4_1_U408               | 1    |        | add_ln101_308  | add | dsp_slice | 3       |
|     mac_muladd_8s_8s_16ns_16_4_1_U409               | 1    |        | product_309    | mul | dsp_slice | 3       |
|     mac_muladd_8s_8s_16ns_16_4_1_U409               | 1    |        | add_ln101_309  | add | dsp_slice | 3       |
|     mac_muladd_8s_8s_16ns_16_4_1_U410               | 1    |        | product_310    | mul | dsp_slice | 3       |
|     mac_muladd_8s_8s_16ns_16_4_1_U410               | 1    |        | add_ln101_310  | add | dsp_slice | 3       |
|     mac_muladd_8s_8s_16ns_16_4_1_U411               | 1    |        | product_311    | mul | dsp_slice | 3       |
|     mac_muladd_8s_8s_16ns_16_4_1_U411               | 1    |        | add_ln101_311  | add | dsp_slice | 3       |
|     mac_muladd_8s_8s_16ns_16_4_1_U412               | 1    |        | product_312    | mul | dsp_slice | 3       |
|     mac_muladd_8s_8s_16ns_16_4_1_U412               | 1    |        | add_ln101_312  | add | dsp_slice | 3       |
|     mac_muladd_8s_8s_16ns_16_4_1_U413               | 1    |        | product_313    | mul | dsp_slice | 3       |
|     mac_muladd_8s_8s_16ns_16_4_1_U413               | 1    |        | add_ln101_313  | add | dsp_slice | 3       |
|     mac_muladd_8s_8s_16ns_16_4_1_U414               | 1    |        | product_314    | mul | dsp_slice | 3       |
|     mac_muladd_8s_8s_16ns_16_4_1_U414               | 1    |        | add_ln101_314  | add | dsp_slice | 3       |
|     mac_muladd_8s_8s_16ns_16_4_1_U415               | 1    |        | product_315    | mul | dsp_slice | 3       |
|     mac_muladd_8s_8s_16ns_16_4_1_U415               | 1    |        | add_ln101_315  | add | dsp_slice | 3       |
|     mac_muladd_8s_8s_16ns_16_4_1_U416               | 1    |        | product_316    | mul | dsp_slice | 3       |
|     mac_muladd_8s_8s_16ns_16_4_1_U416               | 1    |        | add_ln101_316  | add | dsp_slice | 3       |
|     mac_muladd_8s_8s_16ns_16_4_1_U417               | 1    |        | product_317    | mul | dsp_slice | 3       |
|     mac_muladd_8s_8s_16ns_16_4_1_U417               | 1    |        | add_ln101_317  | add | dsp_slice | 3       |
|     mac_muladd_8s_8s_16ns_16_4_1_U418               | 1    |        | product_318    | mul | dsp_slice | 3       |
|     mac_muladd_8s_8s_16ns_16_4_1_U418               | 1    |        | add_ln101_318  | add | dsp_slice | 3       |
|     mac_muladd_8s_8s_16ns_16_4_1_U419               | 1    |        | product_319    | mul | dsp_slice | 3       |
|     mac_muladd_8s_8s_16ns_16_4_1_U419               | 1    |        | add_ln101_319  | add | dsp_slice | 3       |
|     mac_muladd_8s_8s_16ns_16_4_1_U249               | 1    |        | product_320    | mul | dsp_slice | 3       |
|     mac_muladd_8s_8s_16ns_16_4_1_U249               | 1    |        | add_ln101_320  | add | dsp_slice | 3       |
|     mac_muladd_8s_8s_16ns_16_4_1_U250               | 1    |        | product_321    | mul | dsp_slice | 3       |
|     mac_muladd_8s_8s_16ns_16_4_1_U250               | 1    |        | add_ln101_321  | add | dsp_slice | 3       |
|     mac_muladd_8s_8s_16ns_16_4_1_U251               | 1    |        | product_322    | mul | dsp_slice | 3       |
|     mac_muladd_8s_8s_16ns_16_4_1_U251               | 1    |        | add_ln101_322  | add | dsp_slice | 3       |
|     mac_muladd_8s_8s_16ns_16_4_1_U252               | 1    |        | product_323    | mul | dsp_slice | 3       |
|     mac_muladd_8s_8s_16ns_16_4_1_U252               | 1    |        | add_ln101_323  | add | dsp_slice | 3       |
|     mac_muladd_8s_8s_16ns_16_4_1_U253               | 1    |        | product_324    | mul | dsp_slice | 3       |
|     mac_muladd_8s_8s_16ns_16_4_1_U253               | 1    |        | add_ln101_324  | add | dsp_slice | 3       |
|     mac_muladd_8s_8s_16ns_16_4_1_U254               | 1    |        | product_325    | mul | dsp_slice | 3       |
|     mac_muladd_8s_8s_16ns_16_4_1_U254               | 1    |        | add_ln101_325  | add | dsp_slice | 3       |
|     mac_muladd_8s_8s_16ns_16_4_1_U255               | 1    |        | product_326    | mul | dsp_slice | 3       |
|     mac_muladd_8s_8s_16ns_16_4_1_U255               | 1    |        | add_ln101_326  | add | dsp_slice | 3       |
|     mac_muladd_8s_8s_16ns_16_4_1_U256               | 1    |        | product_327    | mul | dsp_slice | 3       |
|     mac_muladd_8s_8s_16ns_16_4_1_U256               | 1    |        | add_ln101_327  | add | dsp_slice | 3       |
|     mac_muladd_8s_8s_16ns_16_4_1_U257               | 1    |        | product_328    | mul | dsp_slice | 3       |
|     mac_muladd_8s_8s_16ns_16_4_1_U257               | 1    |        | add_ln101_328  | add | dsp_slice | 3       |
|     mac_muladd_8s_8s_16ns_16_4_1_U258               | 1    |        | product_329    | mul | dsp_slice | 3       |
|     mac_muladd_8s_8s_16ns_16_4_1_U258               | 1    |        | add_ln101_329  | add | dsp_slice | 3       |
|     mac_muladd_8s_8s_16ns_16_4_1_U259               | 1    |        | product_330    | mul | dsp_slice | 3       |
|     mac_muladd_8s_8s_16ns_16_4_1_U259               | 1    |        | add_ln101_330  | add | dsp_slice | 3       |
|     mac_muladd_8s_8s_16ns_16_4_1_U420               | 1    |        | product_331    | mul | dsp_slice | 3       |
|     mac_muladd_8s_8s_16ns_16_4_1_U420               | 1    |        | add_ln101_331  | add | dsp_slice | 3       |
|     mac_muladd_8s_8s_16ns_16_4_1_U421               | 1    |        | product_332    | mul | dsp_slice | 3       |
|     mac_muladd_8s_8s_16ns_16_4_1_U421               | 1    |        | add_ln101_332  | add | dsp_slice | 3       |
|     mac_muladd_8s_8s_16ns_16_4_1_U422               | 1    |        | product_333    | mul | dsp_slice | 3       |
|     mac_muladd_8s_8s_16ns_16_4_1_U422               | 1    |        | add_ln101_333  | add | dsp_slice | 3       |
|     mac_muladd_8s_8s_16ns_16_4_1_U423               | 1    |        | product_334    | mul | dsp_slice | 3       |
|     mac_muladd_8s_8s_16ns_16_4_1_U423               | 1    |        | add_ln101_334  | add | dsp_slice | 3       |
|     mac_muladd_8s_8s_16ns_16_4_1_U424               | 1    |        | product_335    | mul | dsp_slice | 3       |
|     mac_muladd_8s_8s_16ns_16_4_1_U424               | 1    |        | add_ln101_335  | add | dsp_slice | 3       |
|     mac_muladd_8s_8s_16ns_16_4_1_U425               | 1    |        | product_336    | mul | dsp_slice | 3       |
|     mac_muladd_8s_8s_16ns_16_4_1_U425               | 1    |        | add_ln101_336  | add | dsp_slice | 3       |
|     mac_muladd_8s_8s_16ns_16_4_1_U426               | 1    |        | product_337    | mul | dsp_slice | 3       |
|     mac_muladd_8s_8s_16ns_16_4_1_U426               | 1    |        | add_ln101_337  | add | dsp_slice | 3       |
|     mac_muladd_8s_8s_16ns_16_4_1_U427               | 1    |        | product_338    | mul | dsp_slice | 3       |
|     mac_muladd_8s_8s_16ns_16_4_1_U427               | 1    |        | add_ln101_338  | add | dsp_slice | 3       |
|     mac_muladd_8s_8s_16ns_16_4_1_U428               | 1    |        | product_339    | mul | dsp_slice | 3       |
|     mac_muladd_8s_8s_16ns_16_4_1_U428               | 1    |        | add_ln101_339  | add | dsp_slice | 3       |
|     mac_muladd_8s_8s_16ns_16_4_1_U429               | 1    |        | product_340    | mul | dsp_slice | 3       |
|     mac_muladd_8s_8s_16ns_16_4_1_U429               | 1    |        | add_ln101_340  | add | dsp_slice | 3       |
|     mac_muladd_8s_8s_16ns_16_4_1_U430               | 1    |        | product_341    | mul | dsp_slice | 3       |
|     mac_muladd_8s_8s_16ns_16_4_1_U430               | 1    |        | add_ln101_341  | add | dsp_slice | 3       |
|     mac_muladd_8s_8s_16ns_16_4_1_U431               | 1    |        | product_342    | mul | dsp_slice | 3       |
|     mac_muladd_8s_8s_16ns_16_4_1_U431               | 1    |        | add_ln101_342  | add | dsp_slice | 3       |
|     mac_muladd_8s_8s_16ns_16_4_1_U432               | 1    |        | product_343    | mul | dsp_slice | 3       |
|     mac_muladd_8s_8s_16ns_16_4_1_U432               | 1    |        | add_ln101_343  | add | dsp_slice | 3       |
|     mac_muladd_8s_8s_16ns_16_4_1_U433               | 1    |        | product_344    | mul | dsp_slice | 3       |
|     mac_muladd_8s_8s_16ns_16_4_1_U433               | 1    |        | add_ln101_344  | add | dsp_slice | 3       |
|     mac_muladd_8s_8s_16ns_16_4_1_U434               | 1    |        | product_345    | mul | dsp_slice | 3       |
|     mac_muladd_8s_8s_16ns_16_4_1_U434               | 1    |        | add_ln101_345  | add | dsp_slice | 3       |
|     mac_muladd_8s_8s_16ns_16_4_1_U435               | 1    |        | product_346    | mul | dsp_slice | 3       |
|     mac_muladd_8s_8s_16ns_16_4_1_U435               | 1    |        | add_ln101_346  | add | dsp_slice | 3       |
|     mac_muladd_8s_8s_16ns_16_4_1_U436               | 1    |        | product_347    | mul | dsp_slice | 3       |
|     mac_muladd_8s_8s_16ns_16_4_1_U436               | 1    |        | add_ln101_347  | add | dsp_slice | 3       |
|     mac_muladd_8s_8s_16ns_16_4_1_U437               | 1    |        | product_348    | mul | dsp_slice | 3       |
|     mac_muladd_8s_8s_16ns_16_4_1_U437               | 1    |        | add_ln101_348  | add | dsp_slice | 3       |
|     mac_muladd_8s_8s_16ns_16_4_1_U438               | 1    |        | product_349    | mul | dsp_slice | 3       |
|     mac_muladd_8s_8s_16ns_16_4_1_U438               | 1    |        | add_ln101_349  | add | dsp_slice | 3       |
|     mac_muladd_8s_8s_16ns_16_4_1_U439               | 1    |        | product_350    | mul | dsp_slice | 3       |
|     mac_muladd_8s_8s_16ns_16_4_1_U439               | 1    |        | add_ln101_350  | add | dsp_slice | 3       |
|     mac_muladd_8s_8s_16ns_16_4_1_U440               | 1    |        | product_351    | mul | dsp_slice | 3       |
|     mac_muladd_8s_8s_16ns_16_4_1_U440               | 1    |        | add_ln101_351  | add | dsp_slice | 3       |
|     mac_muladd_8s_8s_16ns_16_4_1_U441               | 1    |        | product_352    | mul | dsp_slice | 3       |
|     mac_muladd_8s_8s_16ns_16_4_1_U441               | 1    |        | add_ln101_352  | add | dsp_slice | 3       |
|     mac_muladd_8s_8s_16ns_16_4_1_U442               | 1    |        | product_353    | mul | dsp_slice | 3       |
|     mac_muladd_8s_8s_16ns_16_4_1_U442               | 1    |        | add_ln101_353  | add | dsp_slice | 3       |
|     mac_muladd_8s_8s_16ns_16_4_1_U443               | 1    |        | product_354    | mul | dsp_slice | 3       |
|     mac_muladd_8s_8s_16ns_16_4_1_U443               | 1    |        | add_ln101_354  | add | dsp_slice | 3       |
|     mac_muladd_8s_8s_16ns_16_4_1_U444               | 1    |        | product_355    | mul | dsp_slice | 3       |
|     mac_muladd_8s_8s_16ns_16_4_1_U444               | 1    |        | add_ln101_355  | add | dsp_slice | 3       |
|     mac_muladd_8s_8s_16ns_16_4_1_U445               | 1    |        | product_356    | mul | dsp_slice | 3       |
|     mac_muladd_8s_8s_16ns_16_4_1_U445               | 1    |        | add_ln101_356  | add | dsp_slice | 3       |
|     mac_muladd_8s_8s_16ns_16_4_1_U446               | 1    |        | product_357    | mul | dsp_slice | 3       |
|     mac_muladd_8s_8s_16ns_16_4_1_U446               | 1    |        | add_ln101_357  | add | dsp_slice | 3       |
|     mac_muladd_8s_8s_16ns_16_4_1_U447               | 1    |        | product_358    | mul | dsp_slice | 3       |
|     mac_muladd_8s_8s_16ns_16_4_1_U447               | 1    |        | add_ln101_358  | add | dsp_slice | 3       |
|     mac_muladd_8s_8s_16ns_16_4_1_U448               | 1    |        | product_359    | mul | dsp_slice | 3       |
|     mac_muladd_8s_8s_16ns_16_4_1_U448               | 1    |        | add_ln101_359  | add | dsp_slice | 3       |
|     mac_muladd_8s_8s_16ns_16_4_1_U449               | 1    |        | product_360    | mul | dsp_slice | 3       |
|     mac_muladd_8s_8s_16ns_16_4_1_U449               | 1    |        | add_ln101_360  | add | dsp_slice | 3       |
|     mac_muladd_8s_8s_16ns_16_4_1_U450               | 1    |        | product_361    | mul | dsp_slice | 3       |
|     mac_muladd_8s_8s_16ns_16_4_1_U450               | 1    |        | add_ln101_361  | add | dsp_slice | 3       |
|     mac_muladd_8s_8s_16ns_16_4_1_U451               | 1    |        | product_362    | mul | dsp_slice | 3       |
|     mac_muladd_8s_8s_16ns_16_4_1_U451               | 1    |        | add_ln101_362  | add | dsp_slice | 3       |
|     mac_muladd_8s_8s_16ns_16_4_1_U452               | 1    |        | product_363    | mul | dsp_slice | 3       |
|     mac_muladd_8s_8s_16ns_16_4_1_U452               | 1    |        | add_ln101_363  | add | dsp_slice | 3       |
|     mac_muladd_8s_8s_16ns_16_4_1_U453               | 1    |        | product_364    | mul | dsp_slice | 3       |
|     mac_muladd_8s_8s_16ns_16_4_1_U453               | 1    |        | add_ln101_364  | add | dsp_slice | 3       |
|     mac_muladd_8s_8s_16ns_16_4_1_U454               | 1    |        | product_365    | mul | dsp_slice | 3       |
|     mac_muladd_8s_8s_16ns_16_4_1_U454               | 1    |        | add_ln101_365  | add | dsp_slice | 3       |
|     mac_muladd_8s_8s_16ns_16_4_1_U455               | 1    |        | product_366    | mul | dsp_slice | 3       |
|     mac_muladd_8s_8s_16ns_16_4_1_U455               | 1    |        | add_ln101_366  | add | dsp_slice | 3       |
|     mac_muladd_8s_8s_16ns_16_4_1_U456               | 1    |        | product_367    | mul | dsp_slice | 3       |
|     mac_muladd_8s_8s_16ns_16_4_1_U456               | 1    |        | add_ln101_367  | add | dsp_slice | 3       |
|     mac_muladd_8s_8s_16ns_16_4_1_U457               | 1    |        | product_368    | mul | dsp_slice | 3       |
|     mac_muladd_8s_8s_16ns_16_4_1_U457               | 1    |        | add_ln101_368  | add | dsp_slice | 3       |
|     mac_muladd_8s_8s_16ns_16_4_1_U458               | 1    |        | product_369    | mul | dsp_slice | 3       |
|     mac_muladd_8s_8s_16ns_16_4_1_U458               | 1    |        | add_ln101_369  | add | dsp_slice | 3       |
|     mac_muladd_8s_8s_16ns_16_4_1_U459               | 1    |        | product_370    | mul | dsp_slice | 3       |
|     mac_muladd_8s_8s_16ns_16_4_1_U459               | 1    |        | add_ln101_370  | add | dsp_slice | 3       |
|     mac_muladd_8s_8s_16ns_16_4_1_U460               | 1    |        | product_371    | mul | dsp_slice | 3       |
|     mac_muladd_8s_8s_16ns_16_4_1_U460               | 1    |        | add_ln101_371  | add | dsp_slice | 3       |
|     mac_muladd_8s_8s_16ns_16_4_1_U461               | 1    |        | product_372    | mul | dsp_slice | 3       |
|     mac_muladd_8s_8s_16ns_16_4_1_U461               | 1    |        | add_ln101_372  | add | dsp_slice | 3       |
|     mac_muladd_8s_8s_16ns_16_4_1_U462               | 1    |        | product_373    | mul | dsp_slice | 3       |
|     mac_muladd_8s_8s_16ns_16_4_1_U462               | 1    |        | add_ln101_373  | add | dsp_slice | 3       |
|     mac_muladd_8s_8s_16ns_16_4_1_U463               | 1    |        | product_374    | mul | dsp_slice | 3       |
|     mac_muladd_8s_8s_16ns_16_4_1_U463               | 1    |        | add_ln101_374  | add | dsp_slice | 3       |
|     mac_muladd_8s_8s_16ns_16_4_1_U464               | 1    |        | product_375    | mul | dsp_slice | 3       |
|     mac_muladd_8s_8s_16ns_16_4_1_U464               | 1    |        | add_ln101_375  | add | dsp_slice | 3       |
|     mac_muladd_8s_8s_16ns_16_4_1_U465               | 1    |        | product_376    | mul | dsp_slice | 3       |
|     mac_muladd_8s_8s_16ns_16_4_1_U465               | 1    |        | add_ln101_376  | add | dsp_slice | 3       |
|     mac_muladd_8s_8s_16ns_16_4_1_U466               | 1    |        | product_377    | mul | dsp_slice | 3       |
|     mac_muladd_8s_8s_16ns_16_4_1_U466               | 1    |        | add_ln101_377  | add | dsp_slice | 3       |
|     mac_muladd_8s_8s_16ns_16_4_1_U467               | 1    |        | product_378    | mul | dsp_slice | 3       |
|     mac_muladd_8s_8s_16ns_16_4_1_U467               | 1    |        | add_ln101_378  | add | dsp_slice | 3       |
|     mac_muladd_8s_8s_16ns_16_4_1_U468               | 1    |        | product_379    | mul | dsp_slice | 3       |
|     mac_muladd_8s_8s_16ns_16_4_1_U468               | 1    |        | add_ln101_379  | add | dsp_slice | 3       |
|     mac_muladd_8s_8s_16ns_16_4_1_U469               | 1    |        | product_380    | mul | dsp_slice | 3       |
|     mac_muladd_8s_8s_16ns_16_4_1_U469               | 1    |        | add_ln101_380  | add | dsp_slice | 3       |
|     mac_muladd_8s_8s_16ns_16_4_1_U470               | 1    |        | product_381    | mul | dsp_slice | 3       |
|     mac_muladd_8s_8s_16ns_16_4_1_U470               | 1    |        | add_ln101_381  | add | dsp_slice | 3       |
|     mac_muladd_8s_8s_16ns_16_4_1_U471               | 1    |        | product_382    | mul | dsp_slice | 3       |
|     mac_muladd_8s_8s_16ns_16_4_1_U471               | 1    |        | add_ln101_382  | add | dsp_slice | 3       |
|     mac_muladd_8s_8s_16ns_16_4_1_U472               | 1    |        | product_383    | mul | dsp_slice | 3       |
|     mac_muladd_8s_8s_16ns_16_4_1_U472               | 1    |        | add_ln101_383  | add | dsp_slice | 3       |
|     mac_muladd_8s_8s_16ns_16_4_1_U473               | 1    |        | product_384    | mul | dsp_slice | 3       |
|     mac_muladd_8s_8s_16ns_16_4_1_U473               | 1    |        | add_ln101_384  | add | dsp_slice | 3       |
|     mac_muladd_8s_8s_16ns_16_4_1_U474               | 1    |        | product_385    | mul | dsp_slice | 3       |
|     mac_muladd_8s_8s_16ns_16_4_1_U474               | 1    |        | add_ln101_385  | add | dsp_slice | 3       |
|     mac_muladd_8s_8s_16ns_16_4_1_U475               | 1    |        | product_386    | mul | dsp_slice | 3       |
|     mac_muladd_8s_8s_16ns_16_4_1_U475               | 1    |        | add_ln101_386  | add | dsp_slice | 3       |
|     mac_muladd_8s_8s_16ns_16_4_1_U476               | 1    |        | product_387    | mul | dsp_slice | 3       |
|     mac_muladd_8s_8s_16ns_16_4_1_U476               | 1    |        | add_ln101_387  | add | dsp_slice | 3       |
|     mac_muladd_8s_8s_16ns_16_4_1_U477               | 1    |        | product_388    | mul | dsp_slice | 3       |
|     mac_muladd_8s_8s_16ns_16_4_1_U477               | 1    |        | add_ln101_388  | add | dsp_slice | 3       |
|     mac_muladd_8s_8s_16ns_16_4_1_U478               | 1    |        | product_389    | mul | dsp_slice | 3       |
|     mac_muladd_8s_8s_16ns_16_4_1_U478               | 1    |        | add_ln101_389  | add | dsp_slice | 3       |
|     mac_muladd_8s_8s_16ns_16_4_1_U479               | 1    |        | product_390    | mul | dsp_slice | 3       |
|     mac_muladd_8s_8s_16ns_16_4_1_U479               | 1    |        | add_ln101_390  | add | dsp_slice | 3       |
|     mac_muladd_8s_8s_16ns_16_4_1_U480               | 1    |        | product_391    | mul | dsp_slice | 3       |
|     mac_muladd_8s_8s_16ns_16_4_1_U480               | 1    |        | add_ln101_391  | add | dsp_slice | 3       |
|     mac_muladd_8s_8s_16ns_16_4_1_U481               | 1    |        | product_392    | mul | dsp_slice | 3       |
|     mac_muladd_8s_8s_16ns_16_4_1_U481               | 1    |        | add_ln101_392  | add | dsp_slice | 3       |
|     mac_muladd_8s_8s_16ns_16_4_1_U482               | 1    |        | product_393    | mul | dsp_slice | 3       |
|     mac_muladd_8s_8s_16ns_16_4_1_U482               | 1    |        | add_ln101_393  | add | dsp_slice | 3       |
|     mac_muladd_8s_8s_16ns_16_4_1_U483               | 1    |        | product_394    | mul | dsp_slice | 3       |
|     mac_muladd_8s_8s_16ns_16_4_1_U483               | 1    |        | add_ln101_394  | add | dsp_slice | 3       |
|     mac_muladd_8s_8s_16ns_16_4_1_U484               | 1    |        | product_395    | mul | dsp_slice | 3       |
|     mac_muladd_8s_8s_16ns_16_4_1_U484               | 1    |        | add_ln101_395  | add | dsp_slice | 3       |
|     mac_muladd_8s_8s_16ns_16_4_1_U485               | 1    |        | product_396    | mul | dsp_slice | 3       |
|     mac_muladd_8s_8s_16ns_16_4_1_U485               | 1    |        | add_ln101_396  | add | dsp_slice | 3       |
|     mac_muladd_8s_8s_16ns_16_4_1_U486               | 1    |        | product_397    | mul | dsp_slice | 3       |
|     mac_muladd_8s_8s_16ns_16_4_1_U486               | 1    |        | add_ln101_397  | add | dsp_slice | 3       |
|     mac_muladd_8s_8s_16ns_16_4_1_U487               | 1    |        | product_398    | mul | dsp_slice | 3       |
|     mac_muladd_8s_8s_16ns_16_4_1_U487               | 1    |        | add_ln101_398  | add | dsp_slice | 3       |
|     mac_muladd_8s_8s_16ns_16_4_1_U488               | 1    |        | product_399    | mul | dsp_slice | 3       |
|     mac_muladd_8s_8s_16ns_16_4_1_U488               | 1    |        | add_ln101_399  | add | dsp_slice | 3       |
|     mac_muladd_8s_8s_16ns_16_4_1_U489               | 1    |        | product_400    | mul | dsp_slice | 3       |
|     mac_muladd_8s_8s_16ns_16_4_1_U489               | 1    |        | add_ln101_400  | add | dsp_slice | 3       |
|     mac_muladd_8s_8s_16ns_16_4_1_U490               | 1    |        | product_401    | mul | dsp_slice | 3       |
|     mac_muladd_8s_8s_16ns_16_4_1_U490               | 1    |        | add_ln101_401  | add | dsp_slice | 3       |
|     mac_muladd_8s_8s_16ns_16_4_1_U491               | 1    |        | product_402    | mul | dsp_slice | 3       |
|     mac_muladd_8s_8s_16ns_16_4_1_U491               | 1    |        | add_ln101_402  | add | dsp_slice | 3       |
|     mac_muladd_8s_8s_16ns_16_4_1_U492               | 1    |        | product_403    | mul | dsp_slice | 3       |
|     mac_muladd_8s_8s_16ns_16_4_1_U492               | 1    |        | add_ln101_403  | add | dsp_slice | 3       |
|     mac_muladd_8s_8s_16ns_16_4_1_U493               | 1    |        | product_404    | mul | dsp_slice | 3       |
|     mac_muladd_8s_8s_16ns_16_4_1_U493               | 1    |        | add_ln101_404  | add | dsp_slice | 3       |
|     mac_muladd_8s_8s_16ns_16_4_1_U494               | 1    |        | product_405    | mul | dsp_slice | 3       |
|     mac_muladd_8s_8s_16ns_16_4_1_U494               | 1    |        | add_ln101_405  | add | dsp_slice | 3       |
|     mac_muladd_8s_8s_16ns_16_4_1_U495               | 1    |        | product_406    | mul | dsp_slice | 3       |
|     mac_muladd_8s_8s_16ns_16_4_1_U495               | 1    |        | add_ln101_406  | add | dsp_slice | 3       |
|     mac_muladd_8s_8s_16ns_16_4_1_U496               | 1    |        | product_407    | mul | dsp_slice | 3       |
|     mac_muladd_8s_8s_16ns_16_4_1_U496               | 1    |        | add_ln101_407  | add | dsp_slice | 3       |
|     mac_muladd_8s_8s_16ns_16_4_1_U497               | 1    |        | product_408    | mul | dsp_slice | 3       |
|     mac_muladd_8s_8s_16ns_16_4_1_U497               | 1    |        | add_ln101_408  | add | dsp_slice | 3       |
|     mac_muladd_8s_8s_16ns_16_4_1_U498               | 1    |        | product_409    | mul | dsp_slice | 3       |
|     mac_muladd_8s_8s_16ns_16_4_1_U498               | 1    |        | add_ln101_409  | add | dsp_slice | 3       |
|     mac_muladd_8s_8s_16ns_16_4_1_U499               | 1    |        | product_410    | mul | dsp_slice | 3       |
|     mac_muladd_8s_8s_16ns_16_4_1_U499               | 1    |        | add_ln101_410  | add | dsp_slice | 3       |
|     mac_muladd_8s_8s_16ns_16_4_1_U500               | 1    |        | product_411    | mul | dsp_slice | 3       |
|     mac_muladd_8s_8s_16ns_16_4_1_U500               | 1    |        | add_ln101_411  | add | dsp_slice | 3       |
|     mac_muladd_8s_8s_16ns_16_4_1_U501               | 1    |        | product_412    | mul | dsp_slice | 3       |
|     mac_muladd_8s_8s_16ns_16_4_1_U501               | 1    |        | add_ln101_412  | add | dsp_slice | 3       |
|     mac_muladd_8s_8s_16ns_16_4_1_U502               | 1    |        | product_413    | mul | dsp_slice | 3       |
|     mac_muladd_8s_8s_16ns_16_4_1_U502               | 1    |        | add_ln101_413  | add | dsp_slice | 3       |
|     mac_muladd_8s_8s_16ns_16_4_1_U503               | 1    |        | product_414    | mul | dsp_slice | 3       |
|     mac_muladd_8s_8s_16ns_16_4_1_U503               | 1    |        | add_ln101_414  | add | dsp_slice | 3       |
|     mac_muladd_8s_8s_16ns_16_4_1_U504               | 1    |        | product_415    | mul | dsp_slice | 3       |
|     mac_muladd_8s_8s_16ns_16_4_1_U504               | 1    |        | add_ln101_415  | add | dsp_slice | 3       |
|     mac_muladd_8s_8s_16ns_16_4_1_U505               | 1    |        | product_416    | mul | dsp_slice | 3       |
|     mac_muladd_8s_8s_16ns_16_4_1_U505               | 1    |        | add_ln101_416  | add | dsp_slice | 3       |
|     mac_muladd_8s_8s_16ns_16_4_1_U506               | 1    |        | product_417    | mul | dsp_slice | 3       |
|     mac_muladd_8s_8s_16ns_16_4_1_U506               | 1    |        | add_ln101_417  | add | dsp_slice | 3       |
|     mac_muladd_8s_8s_16ns_16_4_1_U507               | 1    |        | product_418    | mul | dsp_slice | 3       |
|     mac_muladd_8s_8s_16ns_16_4_1_U507               | 1    |        | add_ln101_418  | add | dsp_slice | 3       |
|     mac_muladd_8s_8s_16ns_16_4_1_U508               | 1    |        | product_419    | mul | dsp_slice | 3       |
|     mac_muladd_8s_8s_16ns_16_4_1_U508               | 1    |        | add_ln101_419  | add | dsp_slice | 3       |
|     mac_muladd_8s_8s_16ns_16_4_1_U509               | 1    |        | product_420    | mul | dsp_slice | 3       |
|     mac_muladd_8s_8s_16ns_16_4_1_U509               | 1    |        | add_ln101_420  | add | dsp_slice | 3       |
|     mac_muladd_8s_8s_16ns_16_4_1_U510               | 1    |        | product_421    | mul | dsp_slice | 3       |
|     mac_muladd_8s_8s_16ns_16_4_1_U510               | 1    |        | add_ln101_421  | add | dsp_slice | 3       |
|     mac_muladd_8s_8s_16ns_16_4_1_U511               | 1    |        | product_422    | mul | dsp_slice | 3       |
|     mac_muladd_8s_8s_16ns_16_4_1_U511               | 1    |        | add_ln101_422  | add | dsp_slice | 3       |
|     mac_muladd_8s_8s_16ns_16_4_1_U512               | 1    |        | product_423    | mul | dsp_slice | 3       |
|     mac_muladd_8s_8s_16ns_16_4_1_U512               | 1    |        | add_ln101_423  | add | dsp_slice | 3       |
|     mac_muladd_8s_8s_16ns_16_4_1_U513               | 1    |        | product_424    | mul | dsp_slice | 3       |
|     mac_muladd_8s_8s_16ns_16_4_1_U513               | 1    |        | add_ln101_424  | add | dsp_slice | 3       |
|     mac_muladd_8s_8s_16ns_16_4_1_U514               | 1    |        | product_425    | mul | dsp_slice | 3       |
|     mac_muladd_8s_8s_16ns_16_4_1_U514               | 1    |        | add_ln101_425  | add | dsp_slice | 3       |
|     mac_muladd_8s_8s_16ns_16_4_1_U515               | 1    |        | product_426    | mul | dsp_slice | 3       |
|     mac_muladd_8s_8s_16ns_16_4_1_U515               | 1    |        | add_ln101_426  | add | dsp_slice | 3       |
|     mac_muladd_8s_8s_16ns_16_4_1_U516               | 1    |        | product_427    | mul | dsp_slice | 3       |
|     mac_muladd_8s_8s_16ns_16_4_1_U516               | 1    |        | add_ln101_427  | add | dsp_slice | 3       |
|     mac_muladd_8s_8s_16ns_16_4_1_U517               | 1    |        | product_428    | mul | dsp_slice | 3       |
|     mac_muladd_8s_8s_16ns_16_4_1_U517               | 1    |        | add_ln101_428  | add | dsp_slice | 3       |
|     mac_muladd_8s_8s_16ns_16_4_1_U518               | 1    |        | product_429    | mul | dsp_slice | 3       |
|     mac_muladd_8s_8s_16ns_16_4_1_U518               | 1    |        | add_ln101_429  | add | dsp_slice | 3       |
|     mac_muladd_8s_8s_16ns_16_4_1_U519               | 1    |        | product_430    | mul | dsp_slice | 3       |
|     mac_muladd_8s_8s_16ns_16_4_1_U519               | 1    |        | add_ln101_430  | add | dsp_slice | 3       |
|     mac_muladd_8s_8s_16ns_16_4_1_U520               | 1    |        | product_431    | mul | dsp_slice | 3       |
|     mac_muladd_8s_8s_16ns_16_4_1_U520               | 1    |        | add_ln101_431  | add | dsp_slice | 3       |
|     mac_muladd_8s_8s_16ns_16_4_1_U521               | 1    |        | product_432    | mul | dsp_slice | 3       |
|     mac_muladd_8s_8s_16ns_16_4_1_U521               | 1    |        | add_ln101_432  | add | dsp_slice | 3       |
|     mac_muladd_8s_8s_16ns_16_4_1_U522               | 1    |        | product_433    | mul | dsp_slice | 3       |
|     mac_muladd_8s_8s_16ns_16_4_1_U522               | 1    |        | add_ln101_433  | add | dsp_slice | 3       |
|     mac_muladd_8s_8s_16ns_16_4_1_U523               | 1    |        | product_434    | mul | dsp_slice | 3       |
|     mac_muladd_8s_8s_16ns_16_4_1_U523               | 1    |        | add_ln101_434  | add | dsp_slice | 3       |
|     mac_muladd_8s_8s_16ns_16_4_1_U524               | 1    |        | product_435    | mul | dsp_slice | 3       |
|     mac_muladd_8s_8s_16ns_16_4_1_U524               | 1    |        | add_ln101_435  | add | dsp_slice | 3       |
|     mac_muladd_8s_8s_16ns_16_4_1_U525               | 1    |        | product_436    | mul | dsp_slice | 3       |
|     mac_muladd_8s_8s_16ns_16_4_1_U525               | 1    |        | add_ln101_436  | add | dsp_slice | 3       |
|     mac_muladd_8s_8s_16ns_16_4_1_U526               | 1    |        | product_437    | mul | dsp_slice | 3       |
|     mac_muladd_8s_8s_16ns_16_4_1_U526               | 1    |        | add_ln101_437  | add | dsp_slice | 3       |
|     mac_muladd_8s_8s_16ns_16_4_1_U527               | 1    |        | product_438    | mul | dsp_slice | 3       |
|     mac_muladd_8s_8s_16ns_16_4_1_U527               | 1    |        | add_ln101_438  | add | dsp_slice | 3       |
|     mac_muladd_8s_8s_16ns_16_4_1_U528               | 1    |        | product_439    | mul | dsp_slice | 3       |
|     mac_muladd_8s_8s_16ns_16_4_1_U528               | 1    |        | add_ln101_439  | add | dsp_slice | 3       |
|     mac_muladd_8s_8s_16ns_16_4_1_U529               | 1    |        | product_440    | mul | dsp_slice | 3       |
|     mac_muladd_8s_8s_16ns_16_4_1_U529               | 1    |        | add_ln101_440  | add | dsp_slice | 3       |
|     mac_muladd_8s_8s_16ns_16_4_1_U530               | 1    |        | product_441    | mul | dsp_slice | 3       |
|     mac_muladd_8s_8s_16ns_16_4_1_U530               | 1    |        | add_ln101_441  | add | dsp_slice | 3       |
|     mac_muladd_8s_8s_16ns_16_4_1_U531               | 1    |        | product_442    | mul | dsp_slice | 3       |
|     mac_muladd_8s_8s_16ns_16_4_1_U531               | 1    |        | add_ln101_442  | add | dsp_slice | 3       |
|     mac_muladd_8s_8s_16ns_16_4_1_U532               | 1    |        | product_443    | mul | dsp_slice | 3       |
|     mac_muladd_8s_8s_16ns_16_4_1_U532               | 1    |        | add_ln101_443  | add | dsp_slice | 3       |
|     mac_muladd_8s_8s_16ns_16_4_1_U533               | 1    |        | product_444    | mul | dsp_slice | 3       |
|     mac_muladd_8s_8s_16ns_16_4_1_U533               | 1    |        | add_ln101_444  | add | dsp_slice | 3       |
|     mac_muladd_8s_8s_16ns_16_4_1_U534               | 1    |        | product_445    | mul | dsp_slice | 3       |
|     mac_muladd_8s_8s_16ns_16_4_1_U534               | 1    |        | add_ln101_445  | add | dsp_slice | 3       |
|     mac_muladd_8s_8s_16ns_16_4_1_U535               | 1    |        | product_446    | mul | dsp_slice | 3       |
|     mac_muladd_8s_8s_16ns_16_4_1_U535               | 1    |        | add_ln101_446  | add | dsp_slice | 3       |
|     mac_muladd_8s_8s_16ns_16_4_1_U536               | 1    |        | product_447    | mul | dsp_slice | 3       |
|     mac_muladd_8s_8s_16ns_16_4_1_U536               | 1    |        | add_ln101_447  | add | dsp_slice | 3       |
|     mac_muladd_8s_8s_16ns_16_4_1_U537               | 1    |        | product_448    | mul | dsp_slice | 3       |
|     mac_muladd_8s_8s_16ns_16_4_1_U537               | 1    |        | add_ln101_448  | add | dsp_slice | 3       |
|     mac_muladd_8s_8s_16ns_16_4_1_U538               | 1    |        | product_449    | mul | dsp_slice | 3       |
|     mac_muladd_8s_8s_16ns_16_4_1_U538               | 1    |        | add_ln101_449  | add | dsp_slice | 3       |
|     mac_muladd_8s_8s_16ns_16_4_1_U539               | 1    |        | product_450    | mul | dsp_slice | 3       |
|     mac_muladd_8s_8s_16ns_16_4_1_U539               | 1    |        | add_ln101_450  | add | dsp_slice | 3       |
|     mac_muladd_8s_8s_16ns_16_4_1_U540               | 1    |        | product_451    | mul | dsp_slice | 3       |
|     mac_muladd_8s_8s_16ns_16_4_1_U540               | 1    |        | add_ln101_451  | add | dsp_slice | 3       |
|     mac_muladd_8s_8s_16ns_16_4_1_U541               | 1    |        | product_452    | mul | dsp_slice | 3       |
|     mac_muladd_8s_8s_16ns_16_4_1_U541               | 1    |        | add_ln101_452  | add | dsp_slice | 3       |
|     mac_muladd_8s_8s_16ns_16_4_1_U542               | 1    |        | product_453    | mul | dsp_slice | 3       |
|     mac_muladd_8s_8s_16ns_16_4_1_U542               | 1    |        | add_ln101_453  | add | dsp_slice | 3       |
|     mac_muladd_8s_8s_16ns_16_4_1_U543               | 1    |        | product_454    | mul | dsp_slice | 3       |
|     mac_muladd_8s_8s_16ns_16_4_1_U543               | 1    |        | add_ln101_454  | add | dsp_slice | 3       |
|     mac_muladd_8s_8s_16ns_16_4_1_U544               | 1    |        | product_455    | mul | dsp_slice | 3       |
|     mac_muladd_8s_8s_16ns_16_4_1_U544               | 1    |        | add_ln101_455  | add | dsp_slice | 3       |
|     mac_muladd_8s_8s_16ns_16_4_1_U545               | 1    |        | product_456    | mul | dsp_slice | 3       |
|     mac_muladd_8s_8s_16ns_16_4_1_U545               | 1    |        | add_ln101_456  | add | dsp_slice | 3       |
|     mac_muladd_8s_8s_16ns_16_4_1_U546               | 1    |        | product_457    | mul | dsp_slice | 3       |
|     mac_muladd_8s_8s_16ns_16_4_1_U546               | 1    |        | add_ln101_457  | add | dsp_slice | 3       |
|     mac_muladd_8s_8s_16ns_16_4_1_U547               | 1    |        | product_458    | mul | dsp_slice | 3       |
|     mac_muladd_8s_8s_16ns_16_4_1_U547               | 1    |        | add_ln101_458  | add | dsp_slice | 3       |
|     mac_muladd_8s_8s_16ns_16_4_1_U548               | 1    |        | product_459    | mul | dsp_slice | 3       |
|     mac_muladd_8s_8s_16ns_16_4_1_U548               | 1    |        | add_ln101_459  | add | dsp_slice | 3       |
|     mac_muladd_8s_8s_16ns_16_4_1_U549               | 1    |        | product_460    | mul | dsp_slice | 3       |
|     mac_muladd_8s_8s_16ns_16_4_1_U549               | 1    |        | add_ln101_460  | add | dsp_slice | 3       |
|     mac_muladd_8s_8s_16ns_16_4_1_U550               | 1    |        | product_461    | mul | dsp_slice | 3       |
|     mac_muladd_8s_8s_16ns_16_4_1_U550               | 1    |        | add_ln101_461  | add | dsp_slice | 3       |
|     mac_muladd_8s_8s_16ns_16_4_1_U551               | 1    |        | product_462    | mul | dsp_slice | 3       |
|     mac_muladd_8s_8s_16ns_16_4_1_U551               | 1    |        | add_ln101_462  | add | dsp_slice | 3       |
|     mac_muladd_8s_8s_16ns_16_4_1_U552               | 1    |        | product_463    | mul | dsp_slice | 3       |
|     mac_muladd_8s_8s_16ns_16_4_1_U552               | 1    |        | add_ln101_463  | add | dsp_slice | 3       |
|     mac_muladd_8s_8s_16ns_16_4_1_U553               | 1    |        | product_464    | mul | dsp_slice | 3       |
|     mac_muladd_8s_8s_16ns_16_4_1_U553               | 1    |        | add_ln101_464  | add | dsp_slice | 3       |
|     mac_muladd_8s_8s_16ns_16_4_1_U554               | 1    |        | product_465    | mul | dsp_slice | 3       |
|     mac_muladd_8s_8s_16ns_16_4_1_U554               | 1    |        | add_ln101_465  | add | dsp_slice | 3       |
|     mac_muladd_8s_8s_16ns_16_4_1_U555               | 1    |        | product_466    | mul | dsp_slice | 3       |
|     mac_muladd_8s_8s_16ns_16_4_1_U555               | 1    |        | add_ln101_466  | add | dsp_slice | 3       |
|     mac_muladd_8s_8s_16ns_16_4_1_U556               | 1    |        | product_467    | mul | dsp_slice | 3       |
|     mac_muladd_8s_8s_16ns_16_4_1_U556               | 1    |        | add_ln101_467  | add | dsp_slice | 3       |
|     mac_muladd_8s_8s_16ns_16_4_1_U557               | 1    |        | product_468    | mul | dsp_slice | 3       |
|     mac_muladd_8s_8s_16ns_16_4_1_U557               | 1    |        | add_ln101_468  | add | dsp_slice | 3       |
|     mac_muladd_8s_8s_16ns_16_4_1_U558               | 1    |        | product_469    | mul | dsp_slice | 3       |
|     mac_muladd_8s_8s_16ns_16_4_1_U558               | 1    |        | add_ln101_469  | add | dsp_slice | 3       |
|     mac_muladd_8s_8s_16ns_16_4_1_U559               | 1    |        | product_470    | mul | dsp_slice | 3       |
|     mac_muladd_8s_8s_16ns_16_4_1_U559               | 1    |        | add_ln101_470  | add | dsp_slice | 3       |
|     mac_muladd_8s_8s_16ns_16_4_1_U560               | 1    |        | product_471    | mul | dsp_slice | 3       |
|     mac_muladd_8s_8s_16ns_16_4_1_U560               | 1    |        | add_ln101_471  | add | dsp_slice | 3       |
|     mac_muladd_8s_8s_16ns_16_4_1_U561               | 1    |        | product_472    | mul | dsp_slice | 3       |
|     mac_muladd_8s_8s_16ns_16_4_1_U561               | 1    |        | add_ln101_472  | add | dsp_slice | 3       |
|     mac_muladd_8s_8s_16ns_16_4_1_U562               | 1    |        | product_473    | mul | dsp_slice | 3       |
|     mac_muladd_8s_8s_16ns_16_4_1_U562               | 1    |        | add_ln101_473  | add | dsp_slice | 3       |
|     mac_muladd_8s_8s_16ns_16_4_1_U602               | 1    |        | product_474    | mul | dsp_slice | 3       |
|     mac_muladd_8s_8s_16ns_16_4_1_U602               | 1    |        | add_ln101_474  | add | dsp_slice | 3       |
|     mac_muladd_8s_8s_16ns_16_4_1_U603               | 1    |        | product_475    | mul | dsp_slice | 3       |
|     mac_muladd_8s_8s_16ns_16_4_1_U603               | 1    |        | add_ln101_475  | add | dsp_slice | 3       |
|     mac_muladd_8s_8s_16ns_16_4_1_U563               | 1    |        | product_476    | mul | dsp_slice | 3       |
|     mac_muladd_8s_8s_16ns_16_4_1_U563               | 1    |        | add_ln101_476  | add | dsp_slice | 3       |
|     mac_muladd_8s_8s_16ns_16_4_1_U564               | 1    |        | product_477    | mul | dsp_slice | 3       |
|     mac_muladd_8s_8s_16ns_16_4_1_U564               | 1    |        | add_ln101_477  | add | dsp_slice | 3       |
|     mac_muladd_8s_8s_16ns_16_4_1_U565               | 1    |        | product_478    | mul | dsp_slice | 3       |
|     mac_muladd_8s_8s_16ns_16_4_1_U565               | 1    |        | add_ln101_478  | add | dsp_slice | 3       |
|     mac_muladd_8s_8s_16ns_16_4_1_U566               | 1    |        | product_479    | mul | dsp_slice | 3       |
|     mac_muladd_8s_8s_16ns_16_4_1_U566               | 1    |        | add_ln101_479  | add | dsp_slice | 3       |
|     mac_muladd_8s_8s_16ns_16_4_1_U567               | 1    |        | product_480    | mul | dsp_slice | 3       |
|     mac_muladd_8s_8s_16ns_16_4_1_U567               | 1    |        | add_ln101_480  | add | dsp_slice | 3       |
|     mac_muladd_8s_8s_16ns_16_4_1_U568               | 1    |        | product_481    | mul | dsp_slice | 3       |
|     mac_muladd_8s_8s_16ns_16_4_1_U568               | 1    |        | add_ln101_481  | add | dsp_slice | 3       |
|     mac_muladd_8s_8s_16ns_16_4_1_U569               | 1    |        | product_482    | mul | dsp_slice | 3       |
|     mac_muladd_8s_8s_16ns_16_4_1_U569               | 1    |        | add_ln101_482  | add | dsp_slice | 3       |
|     mac_muladd_8s_8s_16ns_16_4_1_U570               | 1    |        | product_483    | mul | dsp_slice | 3       |
|     mac_muladd_8s_8s_16ns_16_4_1_U570               | 1    |        | add_ln101_483  | add | dsp_slice | 3       |
|     mac_muladd_8s_8s_16ns_16_4_1_U571               | 1    |        | product_484    | mul | dsp_slice | 3       |
|     mac_muladd_8s_8s_16ns_16_4_1_U571               | 1    |        | add_ln101_484  | add | dsp_slice | 3       |
|     mac_muladd_8s_8s_16ns_16_4_1_U572               | 1    |        | product_485    | mul | dsp_slice | 3       |
|     mac_muladd_8s_8s_16ns_16_4_1_U572               | 1    |        | add_ln101_485  | add | dsp_slice | 3       |
|     mac_muladd_8s_8s_16ns_16_4_1_U573               | 1    |        | product_486    | mul | dsp_slice | 3       |
|     mac_muladd_8s_8s_16ns_16_4_1_U573               | 1    |        | add_ln101_486  | add | dsp_slice | 3       |
|     mac_muladd_8s_8s_16ns_16_4_1_U574               | 1    |        | product_487    | mul | dsp_slice | 3       |
|     mac_muladd_8s_8s_16ns_16_4_1_U574               | 1    |        | add_ln101_487  | add | dsp_slice | 3       |
|     mac_muladd_8s_8s_16ns_16_4_1_U575               | 1    |        | product_488    | mul | dsp_slice | 3       |
|     mac_muladd_8s_8s_16ns_16_4_1_U575               | 1    |        | add_ln101_488  | add | dsp_slice | 3       |
|     mac_muladd_8s_8s_16ns_16_4_1_U576               | 1    |        | product_489    | mul | dsp_slice | 3       |
|     mac_muladd_8s_8s_16ns_16_4_1_U576               | 1    |        | add_ln101_489  | add | dsp_slice | 3       |
|     mac_muladd_8s_8s_16ns_16_4_1_U577               | 1    |        | product_490    | mul | dsp_slice | 3       |
|     mac_muladd_8s_8s_16ns_16_4_1_U577               | 1    |        | add_ln101_490  | add | dsp_slice | 3       |
|     mac_muladd_8s_8s_16ns_16_4_1_U578               | 1    |        | product_491    | mul | dsp_slice | 3       |
|     mac_muladd_8s_8s_16ns_16_4_1_U578               | 1    |        | add_ln101_491  | add | dsp_slice | 3       |
|     mac_muladd_8s_8s_16ns_16_4_1_U579               | 1    |        | product_492    | mul | dsp_slice | 3       |
|     mac_muladd_8s_8s_16ns_16_4_1_U579               | 1    |        | add_ln101_492  | add | dsp_slice | 3       |
|     mac_muladd_8s_8s_16ns_16_4_1_U580               | 1    |        | product_493    | mul | dsp_slice | 3       |
|     mac_muladd_8s_8s_16ns_16_4_1_U580               | 1    |        | add_ln101_493  | add | dsp_slice | 3       |
|     mac_muladd_8s_8s_16ns_16_4_1_U581               | 1    |        | product_494    | mul | dsp_slice | 3       |
|     mac_muladd_8s_8s_16ns_16_4_1_U581               | 1    |        | add_ln101_494  | add | dsp_slice | 3       |
|     mac_muladd_8s_8s_16ns_16_4_1_U582               | 1    |        | product_495    | mul | dsp_slice | 3       |
|     mac_muladd_8s_8s_16ns_16_4_1_U582               | 1    |        | add_ln101_495  | add | dsp_slice | 3       |
|     mac_muladd_8s_8s_16ns_16_4_1_U583               | 1    |        | product_496    | mul | dsp_slice | 3       |
|     mac_muladd_8s_8s_16ns_16_4_1_U583               | 1    |        | add_ln101_496  | add | dsp_slice | 3       |
|     mac_muladd_8s_8s_16ns_16_4_1_U584               | 1    |        | product_497    | mul | dsp_slice | 3       |
|     mac_muladd_8s_8s_16ns_16_4_1_U584               | 1    |        | add_ln101_497  | add | dsp_slice | 3       |
|     mac_muladd_8s_8s_16ns_16_4_1_U585               | 1    |        | product_498    | mul | dsp_slice | 3       |
|     mac_muladd_8s_8s_16ns_16_4_1_U585               | 1    |        | add_ln101_498  | add | dsp_slice | 3       |
|     mac_muladd_8s_8s_16ns_16_4_1_U586               | 1    |        | product_499    | mul | dsp_slice | 3       |
|     mac_muladd_8s_8s_16ns_16_4_1_U586               | 1    |        | add_ln101_499  | add | dsp_slice | 3       |
|     mac_muladd_8s_8s_16ns_16_4_1_U587               | 1    |        | product_500    | mul | dsp_slice | 3       |
|     mac_muladd_8s_8s_16ns_16_4_1_U587               | 1    |        | add_ln101_500  | add | dsp_slice | 3       |
|     mac_muladd_8s_8s_16ns_16_4_1_U588               | 1    |        | product_501    | mul | dsp_slice | 3       |
|     mac_muladd_8s_8s_16ns_16_4_1_U588               | 1    |        | add_ln101_501  | add | dsp_slice | 3       |
|     mac_muladd_8s_8s_16ns_16_4_1_U589               | 1    |        | product_502    | mul | dsp_slice | 3       |
|     mac_muladd_8s_8s_16ns_16_4_1_U589               | 1    |        | add_ln101_502  | add | dsp_slice | 3       |
|     mac_muladd_8s_8s_16ns_16_4_1_U590               | 1    |        | product_503    | mul | dsp_slice | 3       |
|     mac_muladd_8s_8s_16ns_16_4_1_U590               | 1    |        | add_ln101_503  | add | dsp_slice | 3       |
|     mac_muladd_8s_8s_16ns_16_4_1_U591               | 1    |        | product_504    | mul | dsp_slice | 3       |
|     mac_muladd_8s_8s_16ns_16_4_1_U591               | 1    |        | add_ln101_504  | add | dsp_slice | 3       |
|     mac_muladd_8s_8s_16ns_16_4_1_U592               | 1    |        | product_505    | mul | dsp_slice | 3       |
|     mac_muladd_8s_8s_16ns_16_4_1_U592               | 1    |        | add_ln101_505  | add | dsp_slice | 3       |
|     mac_muladd_8s_8s_16ns_16_4_1_U604               | 1    |        | product_506    | mul | dsp_slice | 3       |
|     mac_muladd_8s_8s_16ns_16_4_1_U604               | 1    |        | add_ln101_506  | add | dsp_slice | 3       |
|     mac_muladd_8s_8s_16ns_16_4_1_U605               | 1    |        | product_507    | mul | dsp_slice | 3       |
|     mac_muladd_8s_8s_16ns_16_4_1_U605               | 1    |        | add_ln101_507  | add | dsp_slice | 3       |
|     mac_muladd_8s_8s_16ns_16_4_1_U593               | 1    |        | product_508    | mul | dsp_slice | 3       |
|     mac_muladd_8s_8s_16ns_16_4_1_U593               | 1    |        | add_ln101_508  | add | dsp_slice | 3       |
|     mac_muladd_8s_8s_16ns_16_4_1_U594               | 1    |        | product_509    | mul | dsp_slice | 3       |
|     mac_muladd_8s_8s_16ns_16_4_1_U594               | 1    |        | add_ln101_509  | add | dsp_slice | 3       |
|     mac_muladd_8s_8s_16ns_16_4_1_U595               | 1    |        | product_510    | mul | dsp_slice | 3       |
|     mac_muladd_8s_8s_16ns_16_4_1_U595               | 1    |        | add_ln101_510  | add | dsp_slice | 3       |
|     mac_muladd_8s_8s_16ns_16_4_1_U596               | 1    |        | product_511    | mul | dsp_slice | 3       |
|     mac_muladd_8s_8s_16ns_16_4_1_U596               | 1    |        | add_ln101_511  | add | dsp_slice | 3       |
|     mac_muladd_8s_8s_16ns_16_4_1_U597               | 1    |        | product_512    | mul | dsp_slice | 3       |
|     mac_muladd_8s_8s_16ns_16_4_1_U597               | 1    |        | add_ln101_512  | add | dsp_slice | 3       |
|     mac_muladd_8s_8s_16ns_16_4_1_U598               | 1    |        | product_513    | mul | dsp_slice | 3       |
|     mac_muladd_8s_8s_16ns_16_4_1_U598               | 1    |        | add_ln101_513  | add | dsp_slice | 3       |
|     mac_muladd_8s_8s_16ns_16_4_1_U599               | 1    |        | product_514    | mul | dsp_slice | 3       |
|     mac_muladd_8s_8s_16ns_16_4_1_U599               | 1    |        | add_ln101_514  | add | dsp_slice | 3       |
|     mac_muladd_8s_8s_16ns_16_4_1_U600               | 1    |        | product_515    | mul | dsp_slice | 3       |
|     mac_muladd_8s_8s_16ns_16_4_1_U600               | 1    |        | add_ln101_515  | add | dsp_slice | 3       |
|     mac_muladd_8s_8s_16ns_16_4_1_U601               | 1    |        | product_516    | mul | dsp_slice | 3       |
|     mac_muladd_8s_8s_16ns_16_4_1_U601               | 1    |        | add_ln101_516  | add | dsp_slice | 3       |
|     mac_muladd_8s_8s_16ns_16_4_1_U606               | 1    |        | product_517    | mul | dsp_slice | 3       |
|     mac_muladd_8s_8s_16ns_16_4_1_U606               | 1    |        | add_ln101_517  | add | dsp_slice | 3       |
|     mac_muladd_8s_8s_16ns_16_4_1_U607               | 1    |        | product_518    | mul | dsp_slice | 3       |
|     mac_muladd_8s_8s_16ns_16_4_1_U607               | 1    |        | add_ln101_518  | add | dsp_slice | 3       |
|     mac_muladd_8s_8s_16ns_16_4_1_U608               | 1    |        | product_519    | mul | dsp_slice | 3       |
|     mac_muladd_8s_8s_16ns_16_4_1_U608               | 1    |        | add_ln101_519  | add | dsp_slice | 3       |
|     mac_muladd_8s_8s_16ns_16_4_1_U609               | 1    |        | product_520    | mul | dsp_slice | 3       |
|     mac_muladd_8s_8s_16ns_16_4_1_U609               | 1    |        | add_ln101_520  | add | dsp_slice | 3       |
|     mac_muladd_8s_8s_16ns_16_4_1_U610               | 1    |        | product_521    | mul | dsp_slice | 3       |
|     mac_muladd_8s_8s_16ns_16_4_1_U610               | 1    |        | add_ln101_521  | add | dsp_slice | 3       |
|     mac_muladd_8s_8s_16ns_16_4_1_U611               | 1    |        | product_522    | mul | dsp_slice | 3       |
|     mac_muladd_8s_8s_16ns_16_4_1_U611               | 1    |        | add_ln101_522  | add | dsp_slice | 3       |
|     mac_muladd_8s_8s_16ns_16_4_1_U612               | 1    |        | product_523    | mul | dsp_slice | 3       |
|     mac_muladd_8s_8s_16ns_16_4_1_U612               | 1    |        | add_ln101_523  | add | dsp_slice | 3       |
|     mac_muladd_8s_8s_16ns_16_4_1_U613               | 1    |        | product_524    | mul | dsp_slice | 3       |
|     mac_muladd_8s_8s_16ns_16_4_1_U613               | 1    |        | add_ln101_524  | add | dsp_slice | 3       |
|     mac_muladd_8s_8s_16ns_16_4_1_U614               | 1    |        | product_525    | mul | dsp_slice | 3       |
|     mac_muladd_8s_8s_16ns_16_4_1_U614               | 1    |        | add_ln101_525  | add | dsp_slice | 3       |
|     mac_muladd_8s_8s_16ns_16_4_1_U615               | 1    |        | product_526    | mul | dsp_slice | 3       |
|     mac_muladd_8s_8s_16ns_16_4_1_U615               | 1    |        | add_ln101_526  | add | dsp_slice | 3       |
|     mac_muladd_8s_8s_16ns_16_4_1_U616               | 1    |        | product_527    | mul | dsp_slice | 3       |
|     mac_muladd_8s_8s_16ns_16_4_1_U616               | 1    |        | add_ln101_527  | add | dsp_slice | 3       |
|     mac_muladd_8s_8s_16ns_16_4_1_U617               | 1    |        | product_528    | mul | dsp_slice | 3       |
|     mac_muladd_8s_8s_16ns_16_4_1_U617               | 1    |        | add_ln101_528  | add | dsp_slice | 3       |
|     mac_muladd_8s_8s_16ns_16_4_1_U618               | 1    |        | product_529    | mul | dsp_slice | 3       |
|     mac_muladd_8s_8s_16ns_16_4_1_U618               | 1    |        | add_ln101_529  | add | dsp_slice | 3       |
|     mac_muladd_8s_8s_16ns_16_4_1_U619               | 1    |        | product_530    | mul | dsp_slice | 3       |
|     mac_muladd_8s_8s_16ns_16_4_1_U619               | 1    |        | add_ln101_530  | add | dsp_slice | 3       |
|     mac_muladd_8s_8s_16ns_16_4_1_U620               | 1    |        | product_531    | mul | dsp_slice | 3       |
|     mac_muladd_8s_8s_16ns_16_4_1_U620               | 1    |        | add_ln101_531  | add | dsp_slice | 3       |
|     mac_muladd_8s_8s_16ns_16_4_1_U621               | 1    |        | product_532    | mul | dsp_slice | 3       |
|     mac_muladd_8s_8s_16ns_16_4_1_U621               | 1    |        | add_ln101_532  | add | dsp_slice | 3       |
|     mac_muladd_8s_8s_16ns_16_4_1_U622               | 1    |        | product_533    | mul | dsp_slice | 3       |
|     mac_muladd_8s_8s_16ns_16_4_1_U622               | 1    |        | add_ln101_533  | add | dsp_slice | 3       |
|     mac_muladd_8s_8s_16ns_16_4_1_U623               | 1    |        | product_534    | mul | dsp_slice | 3       |
|     mac_muladd_8s_8s_16ns_16_4_1_U623               | 1    |        | add_ln101_534  | add | dsp_slice | 3       |
|     mac_muladd_8s_8s_16ns_16_4_1_U624               | 1    |        | product_535    | mul | dsp_slice | 3       |
|     mac_muladd_8s_8s_16ns_16_4_1_U624               | 1    |        | add_ln101_535  | add | dsp_slice | 3       |
|     mac_muladd_8s_8s_16ns_16_4_1_U625               | 1    |        | product_536    | mul | dsp_slice | 3       |
|     mac_muladd_8s_8s_16ns_16_4_1_U625               | 1    |        | add_ln101_536  | add | dsp_slice | 3       |
|     mac_muladd_8s_8s_16ns_16_4_1_U626               | 1    |        | product_537    | mul | dsp_slice | 3       |
|     mac_muladd_8s_8s_16ns_16_4_1_U626               | 1    |        | add_ln101_537  | add | dsp_slice | 3       |
|     mac_muladd_8s_8s_16ns_16_4_1_U627               | 1    |        | product_538    | mul | dsp_slice | 3       |
|     mac_muladd_8s_8s_16ns_16_4_1_U627               | 1    |        | add_ln101_538  | add | dsp_slice | 3       |
|     mac_muladd_8s_8s_16ns_16_4_1_U628               | 1    |        | product_539    | mul | dsp_slice | 3       |
|     mac_muladd_8s_8s_16ns_16_4_1_U628               | 1    |        | add_ln101_539  | add | dsp_slice | 3       |
|     mac_muladd_8s_8s_16ns_16_4_1_U629               | 1    |        | product_540    | mul | dsp_slice | 3       |
|     mac_muladd_8s_8s_16ns_16_4_1_U629               | 1    |        | add_ln101_540  | add | dsp_slice | 3       |
|     mac_muladd_8s_8s_16ns_16_4_1_U630               | 1    |        | product_541    | mul | dsp_slice | 3       |
|     mac_muladd_8s_8s_16ns_16_4_1_U630               | 1    |        | add_ln101_541  | add | dsp_slice | 3       |
|     mac_muladd_8s_8s_16ns_16_4_1_U631               | 1    |        | product_542    | mul | dsp_slice | 3       |
|     mac_muladd_8s_8s_16ns_16_4_1_U631               | 1    |        | add_ln101_542  | add | dsp_slice | 3       |
|     mac_muladd_8s_8s_16ns_16_4_1_U632               | 1    |        | product_543    | mul | dsp_slice | 3       |
|     mac_muladd_8s_8s_16ns_16_4_1_U632               | 1    |        | add_ln101_543  | add | dsp_slice | 3       |
|     mac_muladd_8s_8s_16ns_16_4_1_U633               | 1    |        | product_544    | mul | dsp_slice | 3       |
|     mac_muladd_8s_8s_16ns_16_4_1_U633               | 1    |        | add_ln101_544  | add | dsp_slice | 3       |
|     mac_muladd_8s_8s_16ns_16_4_1_U634               | 1    |        | product_545    | mul | dsp_slice | 3       |
|     mac_muladd_8s_8s_16ns_16_4_1_U634               | 1    |        | add_ln101_545  | add | dsp_slice | 3       |
|     mac_muladd_8s_8s_16ns_16_4_1_U635               | 1    |        | product_546    | mul | dsp_slice | 3       |
|     mac_muladd_8s_8s_16ns_16_4_1_U635               | 1    |        | add_ln101_546  | add | dsp_slice | 3       |
|     mac_muladd_8s_8s_16ns_16_4_1_U636               | 1    |        | product_547    | mul | dsp_slice | 3       |
|     mac_muladd_8s_8s_16ns_16_4_1_U636               | 1    |        | add_ln101_547  | add | dsp_slice | 3       |
|     mac_muladd_8s_8s_16ns_16_4_1_U637               | 1    |        | product_548    | mul | dsp_slice | 3       |
|     mac_muladd_8s_8s_16ns_16_4_1_U637               | 1    |        | add_ln101_548  | add | dsp_slice | 3       |
|     mac_muladd_8s_8s_16ns_16_4_1_U638               | 1    |        | product_549    | mul | dsp_slice | 3       |
|     mac_muladd_8s_8s_16ns_16_4_1_U638               | 1    |        | add_ln101_549  | add | dsp_slice | 3       |
|     mac_muladd_8s_8s_16ns_16_4_1_U639               | 1    |        | product_550    | mul | dsp_slice | 3       |
|     mac_muladd_8s_8s_16ns_16_4_1_U639               | 1    |        | add_ln101_550  | add | dsp_slice | 3       |
|     mac_muladd_8s_8s_16ns_16_4_1_U640               | 1    |        | product_551    | mul | dsp_slice | 3       |
|     mac_muladd_8s_8s_16ns_16_4_1_U640               | 1    |        | add_ln101_551  | add | dsp_slice | 3       |
|     mac_muladd_8s_8s_16ns_16_4_1_U641               | 1    |        | product_552    | mul | dsp_slice | 3       |
|     mac_muladd_8s_8s_16ns_16_4_1_U641               | 1    |        | add_ln101_552  | add | dsp_slice | 3       |
|     mac_muladd_8s_8s_16ns_16_4_1_U642               | 1    |        | product_553    | mul | dsp_slice | 3       |
|     mac_muladd_8s_8s_16ns_16_4_1_U642               | 1    |        | add_ln101_553  | add | dsp_slice | 3       |
|     mac_muladd_8s_8s_16ns_16_4_1_U643               | 1    |        | product_554    | mul | dsp_slice | 3       |
|     mac_muladd_8s_8s_16ns_16_4_1_U643               | 1    |        | add_ln101_554  | add | dsp_slice | 3       |
|     mac_muladd_8s_8s_16ns_16_4_1_U644               | 1    |        | product_555    | mul | dsp_slice | 3       |
|     mac_muladd_8s_8s_16ns_16_4_1_U644               | 1    |        | add_ln101_555  | add | dsp_slice | 3       |
|     mac_muladd_8s_8s_16ns_16_4_1_U645               | 1    |        | product_556    | mul | dsp_slice | 3       |
|     mac_muladd_8s_8s_16ns_16_4_1_U645               | 1    |        | add_ln101_556  | add | dsp_slice | 3       |
|     mac_muladd_8s_8s_16ns_16_4_1_U646               | 1    |        | product_557    | mul | dsp_slice | 3       |
|     mac_muladd_8s_8s_16ns_16_4_1_U646               | 1    |        | add_ln101_557  | add | dsp_slice | 3       |
|     mac_muladd_8s_8s_16ns_16_4_1_U647               | 1    |        | product_558    | mul | dsp_slice | 3       |
|     mac_muladd_8s_8s_16ns_16_4_1_U647               | 1    |        | add_ln101_558  | add | dsp_slice | 3       |
|     mac_muladd_8s_8s_16ns_16_4_1_U648               | 1    |        | product_559    | mul | dsp_slice | 3       |
|     mac_muladd_8s_8s_16ns_16_4_1_U648               | 1    |        | add_ln101_559  | add | dsp_slice | 3       |
|     mac_muladd_8s_8s_16ns_16_4_1_U649               | 1    |        | product_560    | mul | dsp_slice | 3       |
|     mac_muladd_8s_8s_16ns_16_4_1_U649               | 1    |        | add_ln101_560  | add | dsp_slice | 3       |
|     mac_muladd_8s_8s_16ns_16_4_1_U650               | 1    |        | product_561    | mul | dsp_slice | 3       |
|     mac_muladd_8s_8s_16ns_16_4_1_U650               | 1    |        | add_ln101_561  | add | dsp_slice | 3       |
|     mac_muladd_8s_8s_16ns_16_4_1_U651               | 1    |        | product_562    | mul | dsp_slice | 3       |
|     mac_muladd_8s_8s_16ns_16_4_1_U651               | 1    |        | add_ln101_562  | add | dsp_slice | 3       |
|     mac_muladd_8s_8s_16ns_16_4_1_U652               | 1    |        | product_563    | mul | dsp_slice | 3       |
|     mac_muladd_8s_8s_16ns_16_4_1_U652               | 1    |        | add_ln101_563  | add | dsp_slice | 3       |
|     mac_muladd_8s_8s_16ns_16_4_1_U653               | 1    |        | product_564    | mul | dsp_slice | 3       |
|     mac_muladd_8s_8s_16ns_16_4_1_U653               | 1    |        | add_ln101_564  | add | dsp_slice | 3       |
|     mac_muladd_8s_8s_16ns_16_4_1_U654               | 1    |        | product_565    | mul | dsp_slice | 3       |
|     mac_muladd_8s_8s_16ns_16_4_1_U654               | 1    |        | add_ln101_565  | add | dsp_slice | 3       |
|     mac_muladd_8s_8s_16ns_16_4_1_U655               | 1    |        | product_566    | mul | dsp_slice | 3       |
|     mac_muladd_8s_8s_16ns_16_4_1_U655               | 1    |        | add_ln101_566  | add | dsp_slice | 3       |
|     mac_muladd_8s_8s_16ns_16_4_1_U656               | 1    |        | product_567    | mul | dsp_slice | 3       |
|     mac_muladd_8s_8s_16ns_16_4_1_U656               | 1    |        | add_ln101_567  | add | dsp_slice | 3       |
|     mac_muladd_8s_8s_16ns_16_4_1_U657               | 1    |        | product_568    | mul | dsp_slice | 3       |
|     mac_muladd_8s_8s_16ns_16_4_1_U657               | 1    |        | add_ln101_568  | add | dsp_slice | 3       |
|     mac_muladd_8s_8s_16ns_16_4_1_U658               | 1    |        | product_569    | mul | dsp_slice | 3       |
|     mac_muladd_8s_8s_16ns_16_4_1_U658               | 1    |        | add_ln101_569  | add | dsp_slice | 3       |
|     mac_muladd_8s_8s_16ns_16_4_1_U659               | 1    |        | product_570    | mul | dsp_slice | 3       |
|     mac_muladd_8s_8s_16ns_16_4_1_U659               | 1    |        | add_ln101_570  | add | dsp_slice | 3       |
|     mac_muladd_8s_8s_16ns_16_4_1_U660               | 1    |        | product_571    | mul | dsp_slice | 3       |
|     mac_muladd_8s_8s_16ns_16_4_1_U660               | 1    |        | add_ln101_571  | add | dsp_slice | 3       |
|     mac_muladd_8s_8s_16ns_16_4_1_U661               | 1    |        | product_572    | mul | dsp_slice | 3       |
|     mac_muladd_8s_8s_16ns_16_4_1_U661               | 1    |        | add_ln101_572  | add | dsp_slice | 3       |
|     mac_muladd_8s_8s_16ns_16_4_1_U662               | 1    |        | product_573    | mul | dsp_slice | 3       |
|     mac_muladd_8s_8s_16ns_16_4_1_U662               | 1    |        | add_ln101_573  | add | dsp_slice | 3       |
|     mac_muladd_8s_8s_16ns_16_4_1_U663               | 1    |        | product_574    | mul | dsp_slice | 3       |
|     mac_muladd_8s_8s_16ns_16_4_1_U663               | 1    |        | add_ln101_574  | add | dsp_slice | 3       |
|     mac_muladd_8s_8s_16ns_16_4_1_U664               | 1    |        | product_575    | mul | dsp_slice | 3       |
|     mac_muladd_8s_8s_16ns_16_4_1_U664               | 1    |        | add_ln101_575  | add | dsp_slice | 3       |
|     mac_muladd_8s_8s_16ns_16_4_1_U665               | 1    |        | product_576    | mul | dsp_slice | 3       |
|     mac_muladd_8s_8s_16ns_16_4_1_U665               | 1    |        | add_ln101_576  | add | dsp_slice | 3       |
|     mac_muladd_8s_8s_16ns_16_4_1_U666               | 1    |        | product_577    | mul | dsp_slice | 3       |
|     mac_muladd_8s_8s_16ns_16_4_1_U666               | 1    |        | add_ln101_577  | add | dsp_slice | 3       |
|     mac_muladd_8s_8s_16ns_16_4_1_U667               | 1    |        | product_578    | mul | dsp_slice | 3       |
|     mac_muladd_8s_8s_16ns_16_4_1_U667               | 1    |        | add_ln101_578  | add | dsp_slice | 3       |
|     mac_muladd_8s_8s_16ns_16_4_1_U668               | 1    |        | product_579    | mul | dsp_slice | 3       |
|     mac_muladd_8s_8s_16ns_16_4_1_U668               | 1    |        | add_ln101_579  | add | dsp_slice | 3       |
|     mac_muladd_8s_8s_16ns_16_4_1_U669               | 1    |        | product_580    | mul | dsp_slice | 3       |
|     mac_muladd_8s_8s_16ns_16_4_1_U669               | 1    |        | add_ln101_580  | add | dsp_slice | 3       |
|     mac_muladd_8s_8s_16ns_16_4_1_U670               | 1    |        | product_581    | mul | dsp_slice | 3       |
|     mac_muladd_8s_8s_16ns_16_4_1_U670               | 1    |        | add_ln101_581  | add | dsp_slice | 3       |
|     mac_muladd_8s_8s_16ns_16_4_1_U671               | 1    |        | product_582    | mul | dsp_slice | 3       |
|     mac_muladd_8s_8s_16ns_16_4_1_U671               | 1    |        | add_ln101_582  | add | dsp_slice | 3       |
|     mac_muladd_8s_8s_16ns_16_4_1_U672               | 1    |        | product_583    | mul | dsp_slice | 3       |
|     mac_muladd_8s_8s_16ns_16_4_1_U672               | 1    |        | add_ln101_583  | add | dsp_slice | 3       |
|     mac_muladd_8s_8s_16ns_16_4_1_U673               | 1    |        | product_584    | mul | dsp_slice | 3       |
|     mac_muladd_8s_8s_16ns_16_4_1_U673               | 1    |        | add_ln101_584  | add | dsp_slice | 3       |
|     mac_muladd_8s_8s_16ns_16_4_1_U674               | 1    |        | product_585    | mul | dsp_slice | 3       |
|     mac_muladd_8s_8s_16ns_16_4_1_U674               | 1    |        | add_ln101_585  | add | dsp_slice | 3       |
|     mac_muladd_8s_8s_16ns_16_4_1_U675               | 1    |        | product_586    | mul | dsp_slice | 3       |
|     mac_muladd_8s_8s_16ns_16_4_1_U675               | 1    |        | add_ln101_586  | add | dsp_slice | 3       |
|     mac_muladd_8s_8s_16ns_16_4_1_U676               | 1    |        | product_587    | mul | dsp_slice | 3       |
|     mac_muladd_8s_8s_16ns_16_4_1_U676               | 1    |        | add_ln101_587  | add | dsp_slice | 3       |
|     mac_muladd_8s_8s_16ns_16_4_1_U677               | 1    |        | product_588    | mul | dsp_slice | 3       |
|     mac_muladd_8s_8s_16ns_16_4_1_U677               | 1    |        | add_ln101_588  | add | dsp_slice | 3       |
|     mac_muladd_8s_8s_16ns_16_4_1_U678               | 1    |        | product_589    | mul | dsp_slice | 3       |
|     mac_muladd_8s_8s_16ns_16_4_1_U678               | 1    |        | add_ln101_589  | add | dsp_slice | 3       |
|     mac_muladd_8s_8s_16ns_16_4_1_U679               | 1    |        | product_590    | mul | dsp_slice | 3       |
|     mac_muladd_8s_8s_16ns_16_4_1_U679               | 1    |        | add_ln101_590  | add | dsp_slice | 3       |
|     mac_muladd_8s_8s_16ns_16_4_1_U680               | 1    |        | product_591    | mul | dsp_slice | 3       |
|     mac_muladd_8s_8s_16ns_16_4_1_U680               | 1    |        | add_ln101_591  | add | dsp_slice | 3       |
|     mac_muladd_8s_8s_16ns_16_4_1_U681               | 1    |        | product_592    | mul | dsp_slice | 3       |
|     mac_muladd_8s_8s_16ns_16_4_1_U681               | 1    |        | add_ln101_592  | add | dsp_slice | 3       |
|     mac_muladd_8s_8s_16ns_16_4_1_U682               | 1    |        | product_593    | mul | dsp_slice | 3       |
|     mac_muladd_8s_8s_16ns_16_4_1_U682               | 1    |        | add_ln101_593  | add | dsp_slice | 3       |
|     mac_muladd_8s_8s_16ns_16_4_1_U683               | 1    |        | product_594    | mul | dsp_slice | 3       |
|     mac_muladd_8s_8s_16ns_16_4_1_U683               | 1    |        | add_ln101_594  | add | dsp_slice | 3       |
|     mac_muladd_8s_8s_16ns_16_4_1_U684               | 1    |        | product_595    | mul | dsp_slice | 3       |
|     mac_muladd_8s_8s_16ns_16_4_1_U684               | 1    |        | add_ln101_595  | add | dsp_slice | 3       |
|     mac_muladd_8s_8s_16ns_16_4_1_U685               | 1    |        | product_596    | mul | dsp_slice | 3       |
|     mac_muladd_8s_8s_16ns_16_4_1_U685               | 1    |        | add_ln101_596  | add | dsp_slice | 3       |
|     mac_muladd_8s_8s_16ns_16_4_1_U686               | 1    |        | product_597    | mul | dsp_slice | 3       |
|     mac_muladd_8s_8s_16ns_16_4_1_U686               | 1    |        | add_ln101_597  | add | dsp_slice | 3       |
|     mac_muladd_8s_8s_16ns_16_4_1_U687               | 1    |        | product_598    | mul | dsp_slice | 3       |
|     mac_muladd_8s_8s_16ns_16_4_1_U687               | 1    |        | add_ln101_598  | add | dsp_slice | 3       |
|     mac_muladd_8s_8s_16ns_16_4_1_U688               | 1    |        | product_599    | mul | dsp_slice | 3       |
|     mac_muladd_8s_8s_16ns_16_4_1_U688               | 1    |        | add_ln101_599  | add | dsp_slice | 3       |
|     mac_muladd_8s_8s_16ns_16_4_1_U689               | 1    |        | product_600    | mul | dsp_slice | 3       |
|     mac_muladd_8s_8s_16ns_16_4_1_U689               | 1    |        | add_ln101_600  | add | dsp_slice | 3       |
|     mac_muladd_8s_8s_16ns_16_4_1_U690               | 1    |        | product_601    | mul | dsp_slice | 3       |
|     mac_muladd_8s_8s_16ns_16_4_1_U690               | 1    |        | add_ln101_601  | add | dsp_slice | 3       |
|     mac_muladd_8s_8s_16ns_16_4_1_U691               | 1    |        | product_602    | mul | dsp_slice | 3       |
|     mac_muladd_8s_8s_16ns_16_4_1_U691               | 1    |        | add_ln101_602  | add | dsp_slice | 3       |
|     mac_muladd_8s_8s_16ns_16_4_1_U692               | 1    |        | product_603    | mul | dsp_slice | 3       |
|     mac_muladd_8s_8s_16ns_16_4_1_U692               | 1    |        | add_ln101_603  | add | dsp_slice | 3       |
|     mac_muladd_8s_8s_16ns_16_4_1_U693               | 1    |        | product_604    | mul | dsp_slice | 3       |
|     mac_muladd_8s_8s_16ns_16_4_1_U693               | 1    |        | add_ln101_604  | add | dsp_slice | 3       |
|     mac_muladd_8s_8s_16ns_16_4_1_U694               | 1    |        | product_605    | mul | dsp_slice | 3       |
|     mac_muladd_8s_8s_16ns_16_4_1_U694               | 1    |        | add_ln101_605  | add | dsp_slice | 3       |
|     mac_muladd_8s_8s_16ns_16_4_1_U695               | 1    |        | product_606    | mul | dsp_slice | 3       |
|     mac_muladd_8s_8s_16ns_16_4_1_U695               | 1    |        | add_ln101_606  | add | dsp_slice | 3       |
|     mac_muladd_8s_8s_16ns_16_4_1_U696               | 1    |        | product_607    | mul | dsp_slice | 3       |
|     mac_muladd_8s_8s_16ns_16_4_1_U696               | 1    |        | add_ln101_607  | add | dsp_slice | 3       |
|     mac_muladd_8s_8s_16ns_16_4_1_U697               | 1    |        | product_608    | mul | dsp_slice | 3       |
|     mac_muladd_8s_8s_16ns_16_4_1_U697               | 1    |        | add_ln101_608  | add | dsp_slice | 3       |
|     mac_muladd_8s_8s_16ns_16_4_1_U698               | 1    |        | product_609    | mul | dsp_slice | 3       |
|     mac_muladd_8s_8s_16ns_16_4_1_U698               | 1    |        | add_ln101_609  | add | dsp_slice | 3       |
|     mac_muladd_8s_8s_16ns_16_4_1_U699               | 1    |        | product_610    | mul | dsp_slice | 3       |
|     mac_muladd_8s_8s_16ns_16_4_1_U699               | 1    |        | add_ln101_610  | add | dsp_slice | 3       |
|     mac_muladd_8s_8s_16ns_16_4_1_U700               | 1    |        | product_611    | mul | dsp_slice | 3       |
|     mac_muladd_8s_8s_16ns_16_4_1_U700               | 1    |        | add_ln101_611  | add | dsp_slice | 3       |
|     mac_muladd_8s_8s_16ns_16_4_1_U701               | 1    |        | product_612    | mul | dsp_slice | 3       |
|     mac_muladd_8s_8s_16ns_16_4_1_U701               | 1    |        | add_ln101_612  | add | dsp_slice | 3       |
|     mac_muladd_8s_8s_16ns_16_4_1_U702               | 1    |        | product_613    | mul | dsp_slice | 3       |
|     mac_muladd_8s_8s_16ns_16_4_1_U702               | 1    |        | add_ln101_613  | add | dsp_slice | 3       |
|     mac_muladd_8s_8s_16ns_16_4_1_U703               | 1    |        | product_614    | mul | dsp_slice | 3       |
|     mac_muladd_8s_8s_16ns_16_4_1_U703               | 1    |        | add_ln101_614  | add | dsp_slice | 3       |
|     mac_muladd_8s_8s_16ns_16_4_1_U704               | 1    |        | product_615    | mul | dsp_slice | 3       |
|     mac_muladd_8s_8s_16ns_16_4_1_U704               | 1    |        | add_ln101_615  | add | dsp_slice | 3       |
|     mac_muladd_8s_8s_16ns_16_4_1_U705               | 1    |        | product_616    | mul | dsp_slice | 3       |
|     mac_muladd_8s_8s_16ns_16_4_1_U705               | 1    |        | add_ln101_616  | add | dsp_slice | 3       |
|     mac_muladd_8s_8s_16ns_16_4_1_U706               | 1    |        | product_617    | mul | dsp_slice | 3       |
|     mac_muladd_8s_8s_16ns_16_4_1_U706               | 1    |        | add_ln101_617  | add | dsp_slice | 3       |
|     mac_muladd_8s_8s_16ns_16_4_1_U707               | 1    |        | product_618    | mul | dsp_slice | 3       |
|     mac_muladd_8s_8s_16ns_16_4_1_U707               | 1    |        | add_ln101_618  | add | dsp_slice | 3       |
|     mac_muladd_8s_8s_16ns_16_4_1_U708               | 1    |        | product_619    | mul | dsp_slice | 3       |
|     mac_muladd_8s_8s_16ns_16_4_1_U708               | 1    |        | add_ln101_619  | add | dsp_slice | 3       |
|     mac_muladd_8s_8s_16ns_16_4_1_U709               | 1    |        | product_620    | mul | dsp_slice | 3       |
|     mac_muladd_8s_8s_16ns_16_4_1_U709               | 1    |        | add_ln101_620  | add | dsp_slice | 3       |
|     mac_muladd_8s_8s_16ns_16_4_1_U710               | 1    |        | product_621    | mul | dsp_slice | 3       |
|     mac_muladd_8s_8s_16ns_16_4_1_U710               | 1    |        | add_ln101_621  | add | dsp_slice | 3       |
|     mac_muladd_8s_8s_16ns_16_4_1_U711               | 1    |        | product_622    | mul | dsp_slice | 3       |
|     mac_muladd_8s_8s_16ns_16_4_1_U711               | 1    |        | add_ln101_622  | add | dsp_slice | 3       |
|     mac_muladd_8s_8s_16ns_16_4_1_U712               | 1    |        | product_623    | mul | dsp_slice | 3       |
|     mac_muladd_8s_8s_16ns_16_4_1_U712               | 1    |        | add_ln101_623  | add | dsp_slice | 3       |
|     mac_muladd_8s_8s_16ns_16_4_1_U713               | 1    |        | product_624    | mul | dsp_slice | 3       |
|     mac_muladd_8s_8s_16ns_16_4_1_U713               | 1    |        | add_ln101_624  | add | dsp_slice | 3       |
|     mac_muladd_8s_8s_16ns_16_4_1_U714               | 1    |        | product_625    | mul | dsp_slice | 3       |
|     mac_muladd_8s_8s_16ns_16_4_1_U714               | 1    |        | add_ln101_625  | add | dsp_slice | 3       |
|     mac_muladd_8s_8s_16ns_16_4_1_U715               | 1    |        | product_626    | mul | dsp_slice | 3       |
|     mac_muladd_8s_8s_16ns_16_4_1_U715               | 1    |        | add_ln101_626  | add | dsp_slice | 3       |
|     mac_muladd_8s_8s_16ns_16_4_1_U716               | 1    |        | product_627    | mul | dsp_slice | 3       |
|     mac_muladd_8s_8s_16ns_16_4_1_U716               | 1    |        | add_ln101_627  | add | dsp_slice | 3       |
|     mac_muladd_8s_8s_16ns_16_4_1_U717               | 1    |        | product_628    | mul | dsp_slice | 3       |
|     mac_muladd_8s_8s_16ns_16_4_1_U717               | 1    |        | add_ln101_628  | add | dsp_slice | 3       |
|     mac_muladd_8s_8s_16ns_16_4_1_U718               | 1    |        | product_629    | mul | dsp_slice | 3       |
|     mac_muladd_8s_8s_16ns_16_4_1_U718               | 1    |        | add_ln101_629  | add | dsp_slice | 3       |
|     mac_muladd_8s_8s_16ns_16_4_1_U719               | 1    |        | product_630    | mul | dsp_slice | 3       |
|     mac_muladd_8s_8s_16ns_16_4_1_U719               | 1    |        | add_ln101_630  | add | dsp_slice | 3       |
|     mac_muladd_8s_8s_16ns_16_4_1_U720               | 1    |        | product_631    | mul | dsp_slice | 3       |
|     mac_muladd_8s_8s_16ns_16_4_1_U720               | 1    |        | add_ln101_631  | add | dsp_slice | 3       |
|     mac_muladd_8s_8s_16ns_16_4_1_U721               | 1    |        | product_632    | mul | dsp_slice | 3       |
|     mac_muladd_8s_8s_16ns_16_4_1_U721               | 1    |        | add_ln101_632  | add | dsp_slice | 3       |
|     mac_muladd_8s_8s_16ns_16_4_1_U722               | 1    |        | product_633    | mul | dsp_slice | 3       |
|     mac_muladd_8s_8s_16ns_16_4_1_U722               | 1    |        | add_ln101_633  | add | dsp_slice | 3       |
|     mac_muladd_8s_8s_16ns_16_4_1_U723               | 1    |        | product_634    | mul | dsp_slice | 3       |
|     mac_muladd_8s_8s_16ns_16_4_1_U723               | 1    |        | add_ln101_634  | add | dsp_slice | 3       |
|     mac_muladd_8s_8s_16ns_16_4_1_U724               | 1    |        | product_635    | mul | dsp_slice | 3       |
|     mac_muladd_8s_8s_16ns_16_4_1_U724               | 1    |        | add_ln101_635  | add | dsp_slice | 3       |
|     mac_muladd_8s_8s_16ns_16_4_1_U725               | 1    |        | product_636    | mul | dsp_slice | 3       |
|     mac_muladd_8s_8s_16ns_16_4_1_U725               | 1    |        | add_ln101_636  | add | dsp_slice | 3       |
|     mac_muladd_8s_8s_16ns_16_4_1_U726               | 1    |        | product_637    | mul | dsp_slice | 3       |
|     mac_muladd_8s_8s_16ns_16_4_1_U726               | 1    |        | add_ln101_637  | add | dsp_slice | 3       |
|     mac_muladd_8s_8s_16ns_16_4_1_U727               | 1    |        | product_638    | mul | dsp_slice | 3       |
|     mac_muladd_8s_8s_16ns_16_4_1_U727               | 1    |        | add_ln101_638  | add | dsp_slice | 3       |
|     mac_muladd_8s_8s_16ns_16_4_1_U728               | 1    |        | product_639    | mul | dsp_slice | 3       |
|     mac_muladd_8s_8s_16ns_16_4_1_U728               | 1    |        | add_ln101_639  | add | dsp_slice | 3       |
|     mac_muladd_8s_8s_16ns_16_4_1_U729               | 1    |        | product_640    | mul | dsp_slice | 3       |
|     mac_muladd_8s_8s_16ns_16_4_1_U729               | 1    |        | add_ln101_640  | add | dsp_slice | 3       |
|     mac_muladd_8s_8s_16ns_16_4_1_U730               | 1    |        | product_641    | mul | dsp_slice | 3       |
|     mac_muladd_8s_8s_16ns_16_4_1_U730               | 1    |        | add_ln101_641  | add | dsp_slice | 3       |
|     mac_muladd_8s_8s_16ns_16_4_1_U731               | 1    |        | product_642    | mul | dsp_slice | 3       |
|     mac_muladd_8s_8s_16ns_16_4_1_U731               | 1    |        | add_ln101_642  | add | dsp_slice | 3       |
|     mac_muladd_8s_8s_16ns_16_4_1_U732               | 1    |        | product_643    | mul | dsp_slice | 3       |
|     mac_muladd_8s_8s_16ns_16_4_1_U732               | 1    |        | add_ln101_643  | add | dsp_slice | 3       |
|     mac_muladd_8s_8s_16ns_16_4_1_U733               | 1    |        | product_644    | mul | dsp_slice | 3       |
|     mac_muladd_8s_8s_16ns_16_4_1_U733               | 1    |        | add_ln101_644  | add | dsp_slice | 3       |
|     mac_muladd_8s_8s_16ns_16_4_1_U734               | 1    |        | product_645    | mul | dsp_slice | 3       |
|     mac_muladd_8s_8s_16ns_16_4_1_U734               | 1    |        | add_ln101_645  | add | dsp_slice | 3       |
|     mac_muladd_8s_8s_16ns_16_4_1_U735               | 1    |        | product_646    | mul | dsp_slice | 3       |
|     mac_muladd_8s_8s_16ns_16_4_1_U735               | 1    |        | add_ln101_646  | add | dsp_slice | 3       |
|     mac_muladd_8s_8s_16ns_16_4_1_U736               | 1    |        | product_647    | mul | dsp_slice | 3       |
|     mac_muladd_8s_8s_16ns_16_4_1_U736               | 1    |        | add_ln101_647  | add | dsp_slice | 3       |
|     mac_muladd_8s_8s_16ns_16_4_1_U737               | 1    |        | product_648    | mul | dsp_slice | 3       |
|     mac_muladd_8s_8s_16ns_16_4_1_U737               | 1    |        | add_ln101_648  | add | dsp_slice | 3       |
|     mac_muladd_8s_8s_16ns_16_4_1_U738               | 1    |        | product_649    | mul | dsp_slice | 3       |
|     mac_muladd_8s_8s_16ns_16_4_1_U738               | 1    |        | add_ln101_649  | add | dsp_slice | 3       |
|     mac_muladd_8s_8s_16ns_16_4_1_U739               | 1    |        | product_650    | mul | dsp_slice | 3       |
|     mac_muladd_8s_8s_16ns_16_4_1_U739               | 1    |        | add_ln101_650  | add | dsp_slice | 3       |
|     mac_muladd_8s_8s_16ns_16_4_1_U740               | 1    |        | product_651    | mul | dsp_slice | 3       |
|     mac_muladd_8s_8s_16ns_16_4_1_U740               | 1    |        | add_ln101_651  | add | dsp_slice | 3       |
|     mac_muladd_8s_8s_16ns_16_4_1_U741               | 1    |        | product_652    | mul | dsp_slice | 3       |
|     mac_muladd_8s_8s_16ns_16_4_1_U741               | 1    |        | add_ln101_652  | add | dsp_slice | 3       |
|     mac_muladd_8s_8s_16ns_16_4_1_U742               | 1    |        | product_653    | mul | dsp_slice | 3       |
|     mac_muladd_8s_8s_16ns_16_4_1_U742               | 1    |        | add_ln101_653  | add | dsp_slice | 3       |
|     mac_muladd_8s_8s_16ns_16_4_1_U743               | 1    |        | product_654    | mul | dsp_slice | 3       |
|     mac_muladd_8s_8s_16ns_16_4_1_U743               | 1    |        | add_ln101_654  | add | dsp_slice | 3       |
|     mac_muladd_8s_8s_16ns_16_4_1_U744               | 1    |        | product_655    | mul | dsp_slice | 3       |
|     mac_muladd_8s_8s_16ns_16_4_1_U744               | 1    |        | add_ln101_655  | add | dsp_slice | 3       |
|     mac_muladd_8s_8s_16ns_16_4_1_U745               | 1    |        | product_656    | mul | dsp_slice | 3       |
|     mac_muladd_8s_8s_16ns_16_4_1_U745               | 1    |        | add_ln101_656  | add | dsp_slice | 3       |
|     mac_muladd_8s_8s_16ns_16_4_1_U746               | 1    |        | product_657    | mul | dsp_slice | 3       |
|     mac_muladd_8s_8s_16ns_16_4_1_U746               | 1    |        | add_ln101_657  | add | dsp_slice | 3       |
|     mac_muladd_8s_8s_16ns_16_4_1_U747               | 1    |        | product_658    | mul | dsp_slice | 3       |
|     mac_muladd_8s_8s_16ns_16_4_1_U747               | 1    |        | add_ln101_658  | add | dsp_slice | 3       |
|     mac_muladd_8s_8s_16ns_16_4_1_U748               | 1    |        | product_659    | mul | dsp_slice | 3       |
|     mac_muladd_8s_8s_16ns_16_4_1_U748               | 1    |        | add_ln101_659  | add | dsp_slice | 3       |
|     mac_muladd_8s_8s_16ns_16_4_1_U749               | 1    |        | product_660    | mul | dsp_slice | 3       |
|     mac_muladd_8s_8s_16ns_16_4_1_U749               | 1    |        | add_ln101_660  | add | dsp_slice | 3       |
|     mac_muladd_8s_8s_16ns_16_4_1_U750               | 1    |        | product_661    | mul | dsp_slice | 3       |
|     mac_muladd_8s_8s_16ns_16_4_1_U750               | 1    |        | add_ln101_661  | add | dsp_slice | 3       |
|     mac_muladd_8s_8s_16ns_16_4_1_U751               | 1    |        | product_662    | mul | dsp_slice | 3       |
|     mac_muladd_8s_8s_16ns_16_4_1_U751               | 1    |        | add_ln101_662  | add | dsp_slice | 3       |
|     mac_muladd_8s_8s_16ns_16_4_1_U752               | 1    |        | product_663    | mul | dsp_slice | 3       |
|     mac_muladd_8s_8s_16ns_16_4_1_U752               | 1    |        | add_ln101_663  | add | dsp_slice | 3       |
|     mac_muladd_8s_8s_16ns_16_4_1_U753               | 1    |        | product_664    | mul | dsp_slice | 3       |
|     mac_muladd_8s_8s_16ns_16_4_1_U753               | 1    |        | add_ln101_664  | add | dsp_slice | 3       |
|     mac_muladd_8s_8s_16ns_16_4_1_U754               | 1    |        | product_665    | mul | dsp_slice | 3       |
|     mac_muladd_8s_8s_16ns_16_4_1_U754               | 1    |        | add_ln101_665  | add | dsp_slice | 3       |
|     mac_muladd_8s_8s_16ns_16_4_1_U755               | 1    |        | product_666    | mul | dsp_slice | 3       |
|     mac_muladd_8s_8s_16ns_16_4_1_U755               | 1    |        | add_ln101_666  | add | dsp_slice | 3       |
|     mac_muladd_8s_8s_16ns_16_4_1_U756               | 1    |        | product_667    | mul | dsp_slice | 3       |
|     mac_muladd_8s_8s_16ns_16_4_1_U756               | 1    |        | add_ln101_667  | add | dsp_slice | 3       |
|     mac_muladd_8s_8s_16ns_16_4_1_U757               | 1    |        | product_668    | mul | dsp_slice | 3       |
|     mac_muladd_8s_8s_16ns_16_4_1_U757               | 1    |        | add_ln101_668  | add | dsp_slice | 3       |
|     mac_muladd_8s_8s_16ns_16_4_1_U758               | 1    |        | product_669    | mul | dsp_slice | 3       |
|     mac_muladd_8s_8s_16ns_16_4_1_U758               | 1    |        | add_ln101_669  | add | dsp_slice | 3       |
|     mac_muladd_8s_8s_16ns_16_4_1_U759               | 1    |        | product_670    | mul | dsp_slice | 3       |
|     mac_muladd_8s_8s_16ns_16_4_1_U759               | 1    |        | add_ln101_670  | add | dsp_slice | 3       |
|     mac_muladd_8s_8s_16ns_16_4_1_U760               | 1    |        | product_671    | mul | dsp_slice | 3       |
|     mac_muladd_8s_8s_16ns_16_4_1_U760               | 1    |        | add_ln101_671  | add | dsp_slice | 3       |
|     mac_muladd_8s_8s_16ns_16_4_1_U761               | 1    |        | product_672    | mul | dsp_slice | 3       |
|     mac_muladd_8s_8s_16ns_16_4_1_U761               | 1    |        | add_ln101_672  | add | dsp_slice | 3       |
|     mac_muladd_8s_8s_16ns_16_4_1_U762               | 1    |        | product_673    | mul | dsp_slice | 3       |
|     mac_muladd_8s_8s_16ns_16_4_1_U762               | 1    |        | add_ln101_673  | add | dsp_slice | 3       |
|     mac_muladd_8s_8s_16ns_16_4_1_U763               | 1    |        | product_674    | mul | dsp_slice | 3       |
|     mac_muladd_8s_8s_16ns_16_4_1_U763               | 1    |        | add_ln101_674  | add | dsp_slice | 3       |
|     mac_muladd_8s_8s_16ns_16_4_1_U764               | 1    |        | product_675    | mul | dsp_slice | 3       |
|     mac_muladd_8s_8s_16ns_16_4_1_U764               | 1    |        | add_ln101_675  | add | dsp_slice | 3       |
|     mac_muladd_8s_8s_16ns_16_4_1_U765               | 1    |        | product_676    | mul | dsp_slice | 3       |
|     mac_muladd_8s_8s_16ns_16_4_1_U765               | 1    |        | add_ln101_676  | add | dsp_slice | 3       |
|     mac_muladd_8s_8s_16ns_16_4_1_U766               | 1    |        | product_677    | mul | dsp_slice | 3       |
|     mac_muladd_8s_8s_16ns_16_4_1_U766               | 1    |        | add_ln101_677  | add | dsp_slice | 3       |
|     mac_muladd_8s_8s_16ns_16_4_1_U767               | 1    |        | product_678    | mul | dsp_slice | 3       |
|     mac_muladd_8s_8s_16ns_16_4_1_U767               | 1    |        | add_ln101_678  | add | dsp_slice | 3       |
|     mac_muladd_8s_8s_16ns_16_4_1_U768               | 1    |        | product_679    | mul | dsp_slice | 3       |
|     mac_muladd_8s_8s_16ns_16_4_1_U768               | 1    |        | add_ln101_679  | add | dsp_slice | 3       |
|     mac_muladd_8s_8s_16ns_16_4_1_U769               | 1    |        | product_680    | mul | dsp_slice | 3       |
|     mac_muladd_8s_8s_16ns_16_4_1_U769               | 1    |        | add_ln101_680  | add | dsp_slice | 3       |
|     mac_muladd_8s_8s_16ns_16_4_1_U770               | 1    |        | product_681    | mul | dsp_slice | 3       |
|     mac_muladd_8s_8s_16ns_16_4_1_U770               | 1    |        | add_ln101_681  | add | dsp_slice | 3       |
|     mac_muladd_8s_8s_16ns_16_4_1_U771               | 1    |        | product_682    | mul | dsp_slice | 3       |
|     mac_muladd_8s_8s_16ns_16_4_1_U771               | 1    |        | add_ln101_682  | add | dsp_slice | 3       |
|     mac_muladd_8s_8s_16ns_16_4_1_U772               | 1    |        | product_683    | mul | dsp_slice | 3       |
|     mac_muladd_8s_8s_16ns_16_4_1_U772               | 1    |        | add_ln101_683  | add | dsp_slice | 3       |
|     mac_muladd_8s_8s_16ns_16_4_1_U773               | 1    |        | product_684    | mul | dsp_slice | 3       |
|     mac_muladd_8s_8s_16ns_16_4_1_U773               | 1    |        | add_ln101_684  | add | dsp_slice | 3       |
|     mac_muladd_8s_8s_16ns_16_4_1_U774               | 1    |        | product_685    | mul | dsp_slice | 3       |
|     mac_muladd_8s_8s_16ns_16_4_1_U774               | 1    |        | add_ln101_685  | add | dsp_slice | 3       |
|     mac_muladd_8s_8s_16ns_16_4_1_U775               | 1    |        | product_686    | mul | dsp_slice | 3       |
|     mac_muladd_8s_8s_16ns_16_4_1_U775               | 1    |        | add_ln101_686  | add | dsp_slice | 3       |
|     mac_muladd_8s_8s_16ns_16_4_1_U776               | 1    |        | product_687    | mul | dsp_slice | 3       |
|     mac_muladd_8s_8s_16ns_16_4_1_U776               | 1    |        | add_ln101_687  | add | dsp_slice | 3       |
|     mac_muladd_8s_8s_16ns_16_4_1_U777               | 1    |        | product_688    | mul | dsp_slice | 3       |
|     mac_muladd_8s_8s_16ns_16_4_1_U777               | 1    |        | add_ln101_688  | add | dsp_slice | 3       |
|     mac_muladd_8s_8s_16ns_16_4_1_U778               | 1    |        | product_689    | mul | dsp_slice | 3       |
|     mac_muladd_8s_8s_16ns_16_4_1_U778               | 1    |        | add_ln101_689  | add | dsp_slice | 3       |
|     mac_muladd_8s_8s_16ns_16_4_1_U779               | 1    |        | product_690    | mul | dsp_slice | 3       |
|     mac_muladd_8s_8s_16ns_16_4_1_U779               | 1    |        | add_ln101_690  | add | dsp_slice | 3       |
|     mac_muladd_8s_8s_16ns_16_4_1_U780               | 1    |        | product_691    | mul | dsp_slice | 3       |
|     mac_muladd_8s_8s_16ns_16_4_1_U780               | 1    |        | add_ln101_691  | add | dsp_slice | 3       |
|     mac_muladd_8s_8s_16ns_16_4_1_U781               | 1    |        | product_692    | mul | dsp_slice | 3       |
|     mac_muladd_8s_8s_16ns_16_4_1_U781               | 1    |        | add_ln101_692  | add | dsp_slice | 3       |
|     mac_muladd_8s_8s_16ns_16_4_1_U782               | 1    |        | product_693    | mul | dsp_slice | 3       |
|     mac_muladd_8s_8s_16ns_16_4_1_U782               | 1    |        | add_ln101_693  | add | dsp_slice | 3       |
|     mac_muladd_8s_8s_16ns_16_4_1_U783               | 1    |        | product_694    | mul | dsp_slice | 3       |
|     mac_muladd_8s_8s_16ns_16_4_1_U783               | 1    |        | add_ln101_694  | add | dsp_slice | 3       |
|     mac_muladd_8s_8s_16ns_16_4_1_U784               | 1    |        | product_695    | mul | dsp_slice | 3       |
|     mac_muladd_8s_8s_16ns_16_4_1_U784               | 1    |        | add_ln101_695  | add | dsp_slice | 3       |
|     mac_muladd_8s_8s_16ns_16_4_1_U785               | 1    |        | product_696    | mul | dsp_slice | 3       |
|     mac_muladd_8s_8s_16ns_16_4_1_U785               | 1    |        | add_ln101_696  | add | dsp_slice | 3       |
|     mac_muladd_8s_8s_16ns_16_4_1_U786               | 1    |        | product_697    | mul | dsp_slice | 3       |
|     mac_muladd_8s_8s_16ns_16_4_1_U786               | 1    |        | add_ln101_697  | add | dsp_slice | 3       |
|     mac_muladd_8s_8s_16ns_16_4_1_U787               | 1    |        | product_698    | mul | dsp_slice | 3       |
|     mac_muladd_8s_8s_16ns_16_4_1_U787               | 1    |        | add_ln101_698  | add | dsp_slice | 3       |
|     mac_muladd_8s_8s_16ns_16_4_1_U788               | 1    |        | product_699    | mul | dsp_slice | 3       |
|     mac_muladd_8s_8s_16ns_16_4_1_U788               | 1    |        | add_ln101_699  | add | dsp_slice | 3       |
|     mac_muladd_8s_8s_16ns_16_4_1_U789               | 1    |        | product_700    | mul | dsp_slice | 3       |
|     mac_muladd_8s_8s_16ns_16_4_1_U789               | 1    |        | add_ln101_700  | add | dsp_slice | 3       |
|     mac_muladd_8s_8s_16ns_16_4_1_U790               | 1    |        | product_701    | mul | dsp_slice | 3       |
|     mac_muladd_8s_8s_16ns_16_4_1_U790               | 1    |        | add_ln101_701  | add | dsp_slice | 3       |
|     mac_muladd_8s_8s_16ns_16_4_1_U791               | 1    |        | product_702    | mul | dsp_slice | 3       |
|     mac_muladd_8s_8s_16ns_16_4_1_U791               | 1    |        | add_ln101_702  | add | dsp_slice | 3       |
|     mac_muladd_8s_8s_16ns_16_4_1_U792               | 1    |        | product_703    | mul | dsp_slice | 3       |
|     mac_muladd_8s_8s_16ns_16_4_1_U792               | 1    |        | add_ln101_703  | add | dsp_slice | 3       |
|     mac_muladd_8s_8s_16ns_16_4_1_U793               | 1    |        | product_704    | mul | dsp_slice | 3       |
|     mac_muladd_8s_8s_16ns_16_4_1_U793               | 1    |        | add_ln101_704  | add | dsp_slice | 3       |
|     mac_muladd_8s_8s_16ns_16_4_1_U794               | 1    |        | product_705    | mul | dsp_slice | 3       |
|     mac_muladd_8s_8s_16ns_16_4_1_U794               | 1    |        | add_ln101_705  | add | dsp_slice | 3       |
|     mac_muladd_8s_8s_16ns_16_4_1_U795               | 1    |        | product_706    | mul | dsp_slice | 3       |
|     mac_muladd_8s_8s_16ns_16_4_1_U795               | 1    |        | add_ln101_706  | add | dsp_slice | 3       |
|     mac_muladd_8s_8s_16ns_16_4_1_U796               | 1    |        | product_707    | mul | dsp_slice | 3       |
|     mac_muladd_8s_8s_16ns_16_4_1_U796               | 1    |        | add_ln101_707  | add | dsp_slice | 3       |
|     mac_muladd_8s_8s_16ns_16_4_1_U797               | 1    |        | product_708    | mul | dsp_slice | 3       |
|     mac_muladd_8s_8s_16ns_16_4_1_U797               | 1    |        | add_ln101_708  | add | dsp_slice | 3       |
|     mac_muladd_8s_8s_16ns_16_4_1_U798               | 1    |        | product_709    | mul | dsp_slice | 3       |
|     mac_muladd_8s_8s_16ns_16_4_1_U798               | 1    |        | add_ln101_709  | add | dsp_slice | 3       |
|     mac_muladd_8s_8s_16ns_16_4_1_U799               | 1    |        | product_710    | mul | dsp_slice | 3       |
|     mac_muladd_8s_8s_16ns_16_4_1_U799               | 1    |        | add_ln101_710  | add | dsp_slice | 3       |
|     mac_muladd_8s_8s_16ns_16_4_1_U800               | 1    |        | product_711    | mul | dsp_slice | 3       |
|     mac_muladd_8s_8s_16ns_16_4_1_U800               | 1    |        | add_ln101_711  | add | dsp_slice | 3       |
|     mac_muladd_8s_8s_16ns_16_4_1_U801               | 1    |        | product_712    | mul | dsp_slice | 3       |
|     mac_muladd_8s_8s_16ns_16_4_1_U801               | 1    |        | add_ln101_712  | add | dsp_slice | 3       |
|     mac_muladd_8s_8s_16ns_16_4_1_U802               | 1    |        | product_713    | mul | dsp_slice | 3       |
|     mac_muladd_8s_8s_16ns_16_4_1_U802               | 1    |        | add_ln101_713  | add | dsp_slice | 3       |
|     mac_muladd_8s_8s_16ns_16_4_1_U803               | 1    |        | product_714    | mul | dsp_slice | 3       |
|     mac_muladd_8s_8s_16ns_16_4_1_U803               | 1    |        | add_ln101_714  | add | dsp_slice | 3       |
|     mac_muladd_8s_8s_16ns_16_4_1_U804               | 1    |        | product_715    | mul | dsp_slice | 3       |
|     mac_muladd_8s_8s_16ns_16_4_1_U804               | 1    |        | add_ln101_715  | add | dsp_slice | 3       |
|     mac_muladd_8s_8s_16ns_16_4_1_U805               | 1    |        | product_716    | mul | dsp_slice | 3       |
|     mac_muladd_8s_8s_16ns_16_4_1_U805               | 1    |        | add_ln101_716  | add | dsp_slice | 3       |
|     mac_muladd_8s_8s_16ns_16_4_1_U806               | 1    |        | product_717    | mul | dsp_slice | 3       |
|     mac_muladd_8s_8s_16ns_16_4_1_U806               | 1    |        | add_ln101_717  | add | dsp_slice | 3       |
|     mac_muladd_8s_8s_16ns_16_4_1_U807               | 1    |        | product_718    | mul | dsp_slice | 3       |
|     mac_muladd_8s_8s_16ns_16_4_1_U807               | 1    |        | add_ln101_718  | add | dsp_slice | 3       |
|     mac_muladd_8s_8s_16ns_16_4_1_U808               | 1    |        | product_719    | mul | dsp_slice | 3       |
|     mac_muladd_8s_8s_16ns_16_4_1_U808               | 1    |        | add_ln101_719  | add | dsp_slice | 3       |
|     mac_muladd_8s_8s_16ns_16_4_1_U809               | 1    |        | product_720    | mul | dsp_slice | 3       |
|     mac_muladd_8s_8s_16ns_16_4_1_U809               | 1    |        | add_ln101_720  | add | dsp_slice | 3       |
|     mac_muladd_8s_8s_16ns_16_4_1_U810               | 1    |        | product_721    | mul | dsp_slice | 3       |
|     mac_muladd_8s_8s_16ns_16_4_1_U810               | 1    |        | add_ln101_721  | add | dsp_slice | 3       |
|     mac_muladd_8s_8s_16ns_16_4_1_U811               | 1    |        | product_722    | mul | dsp_slice | 3       |
|     mac_muladd_8s_8s_16ns_16_4_1_U811               | 1    |        | add_ln101_722  | add | dsp_slice | 3       |
|     mac_muladd_8s_8s_16ns_16_4_1_U812               | 1    |        | product_723    | mul | dsp_slice | 3       |
|     mac_muladd_8s_8s_16ns_16_4_1_U812               | 1    |        | add_ln101_723  | add | dsp_slice | 3       |
|     mac_muladd_8s_8s_16ns_16_4_1_U813               | 1    |        | product_724    | mul | dsp_slice | 3       |
|     mac_muladd_8s_8s_16ns_16_4_1_U813               | 1    |        | add_ln101_724  | add | dsp_slice | 3       |
|     mac_muladd_8s_8s_16ns_16_4_1_U814               | 1    |        | product_725    | mul | dsp_slice | 3       |
|     mac_muladd_8s_8s_16ns_16_4_1_U814               | 1    |        | add_ln101_725  | add | dsp_slice | 3       |
|     mac_muladd_8s_8s_16ns_16_4_1_U815               | 1    |        | product_726    | mul | dsp_slice | 3       |
|     mac_muladd_8s_8s_16ns_16_4_1_U815               | 1    |        | add_ln101_726  | add | dsp_slice | 3       |
|     mac_muladd_8s_8s_16ns_16_4_1_U816               | 1    |        | product_727    | mul | dsp_slice | 3       |
|     mac_muladd_8s_8s_16ns_16_4_1_U816               | 1    |        | add_ln101_727  | add | dsp_slice | 3       |
|     mac_muladd_8s_8s_16ns_16_4_1_U817               | 1    |        | product_728    | mul | dsp_slice | 3       |
|     mac_muladd_8s_8s_16ns_16_4_1_U817               | 1    |        | add_ln101_728  | add | dsp_slice | 3       |
|     mac_muladd_8s_8s_16ns_16_4_1_U818               | 1    |        | product_729    | mul | dsp_slice | 3       |
|     mac_muladd_8s_8s_16ns_16_4_1_U818               | 1    |        | add_ln101_729  | add | dsp_slice | 3       |
|     mac_muladd_8s_8s_16ns_16_4_1_U819               | 1    |        | product_730    | mul | dsp_slice | 3       |
|     mac_muladd_8s_8s_16ns_16_4_1_U819               | 1    |        | add_ln101_730  | add | dsp_slice | 3       |
|     mac_muladd_8s_8s_16ns_16_4_1_U820               | 1    |        | product_731    | mul | dsp_slice | 3       |
|     mac_muladd_8s_8s_16ns_16_4_1_U820               | 1    |        | add_ln101_731  | add | dsp_slice | 3       |
|     mac_muladd_8s_8s_16ns_16_4_1_U821               | 1    |        | product_732    | mul | dsp_slice | 3       |
|     mac_muladd_8s_8s_16ns_16_4_1_U821               | 1    |        | add_ln101_732  | add | dsp_slice | 3       |
|     mac_muladd_8s_8s_16ns_16_4_1_U822               | 1    |        | product_733    | mul | dsp_slice | 3       |
|     mac_muladd_8s_8s_16ns_16_4_1_U822               | 1    |        | add_ln101_733  | add | dsp_slice | 3       |
|     mac_muladd_8s_8s_16ns_16_4_1_U823               | 1    |        | product_734    | mul | dsp_slice | 3       |
|     mac_muladd_8s_8s_16ns_16_4_1_U823               | 1    |        | add_ln101_734  | add | dsp_slice | 3       |
|     mac_muladd_8s_8s_16ns_16_4_1_U824               | 1    |        | product_735    | mul | dsp_slice | 3       |
|     mac_muladd_8s_8s_16ns_16_4_1_U824               | 1    |        | add_ln101_735  | add | dsp_slice | 3       |
|     mac_muladd_8s_8s_16ns_16_4_1_U825               | 1    |        | product_736    | mul | dsp_slice | 3       |
|     mac_muladd_8s_8s_16ns_16_4_1_U825               | 1    |        | add_ln101_736  | add | dsp_slice | 3       |
|     mac_muladd_8s_8s_16ns_16_4_1_U826               | 1    |        | product_737    | mul | dsp_slice | 3       |
|     mac_muladd_8s_8s_16ns_16_4_1_U826               | 1    |        | add_ln101_737  | add | dsp_slice | 3       |
|     mac_muladd_8s_8s_16ns_16_4_1_U827               | 1    |        | product_738    | mul | dsp_slice | 3       |
|     mac_muladd_8s_8s_16ns_16_4_1_U827               | 1    |        | add_ln101_738  | add | dsp_slice | 3       |
|     mac_muladd_8s_8s_16ns_16_4_1_U828               | 1    |        | product_739    | mul | dsp_slice | 3       |
|     mac_muladd_8s_8s_16ns_16_4_1_U828               | 1    |        | add_ln101_739  | add | dsp_slice | 3       |
|     mac_muladd_8s_8s_16ns_16_4_1_U829               | 1    |        | product_740    | mul | dsp_slice | 3       |
|     mac_muladd_8s_8s_16ns_16_4_1_U829               | 1    |        | add_ln101_740  | add | dsp_slice | 3       |
|     mac_muladd_8s_8s_16ns_16_4_1_U830               | 1    |        | product_741    | mul | dsp_slice | 3       |
|     mac_muladd_8s_8s_16ns_16_4_1_U830               | 1    |        | add_ln101_741  | add | dsp_slice | 3       |
|     mac_muladd_8s_8s_16ns_16_4_1_U831               | 1    |        | product_742    | mul | dsp_slice | 3       |
|     mac_muladd_8s_8s_16ns_16_4_1_U831               | 1    |        | add_ln101_742  | add | dsp_slice | 3       |
|     mac_muladd_8s_8s_16ns_16_4_1_U832               | 1    |        | product_743    | mul | dsp_slice | 3       |
|     mac_muladd_8s_8s_16ns_16_4_1_U832               | 1    |        | add_ln101_743  | add | dsp_slice | 3       |
|     mac_muladd_8s_8s_16ns_16_4_1_U833               | 1    |        | product_744    | mul | dsp_slice | 3       |
|     mac_muladd_8s_8s_16ns_16_4_1_U833               | 1    |        | add_ln101_744  | add | dsp_slice | 3       |
|     mac_muladd_8s_8s_16ns_16_4_1_U834               | 1    |        | product_745    | mul | dsp_slice | 3       |
|     mac_muladd_8s_8s_16ns_16_4_1_U834               | 1    |        | add_ln101_745  | add | dsp_slice | 3       |
|     mac_muladd_8s_8s_16ns_16_4_1_U835               | 1    |        | product_746    | mul | dsp_slice | 3       |
|     mac_muladd_8s_8s_16ns_16_4_1_U835               | 1    |        | add_ln101_746  | add | dsp_slice | 3       |
|     mac_muladd_8s_8s_16ns_16_4_1_U836               | 1    |        | product_747    | mul | dsp_slice | 3       |
|     mac_muladd_8s_8s_16ns_16_4_1_U836               | 1    |        | add_ln101_747  | add | dsp_slice | 3       |
|     mac_muladd_8s_8s_16ns_16_4_1_U837               | 1    |        | product_748    | mul | dsp_slice | 3       |
|     mac_muladd_8s_8s_16ns_16_4_1_U837               | 1    |        | add_ln101_748  | add | dsp_slice | 3       |
|     mac_muladd_8s_8s_16ns_16_4_1_U838               | 1    |        | product_749    | mul | dsp_slice | 3       |
|     mac_muladd_8s_8s_16ns_16_4_1_U838               | 1    |        | add_ln101_749  | add | dsp_slice | 3       |
|     mac_muladd_8s_8s_16ns_16_4_1_U839               | 1    |        | product_750    | mul | dsp_slice | 3       |
|     mac_muladd_8s_8s_16ns_16_4_1_U839               | 1    |        | add_ln101_750  | add | dsp_slice | 3       |
|     mac_muladd_8s_8s_16ns_16_4_1_U840               | 1    |        | product_751    | mul | dsp_slice | 3       |
|     mac_muladd_8s_8s_16ns_16_4_1_U840               | 1    |        | add_ln101_751  | add | dsp_slice | 3       |
|     mac_muladd_8s_8s_16ns_16_4_1_U841               | 1    |        | product_752    | mul | dsp_slice | 3       |
|     mac_muladd_8s_8s_16ns_16_4_1_U841               | 1    |        | add_ln101_752  | add | dsp_slice | 3       |
|     mac_muladd_8s_8s_16ns_16_4_1_U842               | 1    |        | product_753    | mul | dsp_slice | 3       |
|     mac_muladd_8s_8s_16ns_16_4_1_U842               | 1    |        | add_ln101_753  | add | dsp_slice | 3       |
|     mac_muladd_8s_8s_16ns_16_4_1_U843               | 1    |        | product_754    | mul | dsp_slice | 3       |
|     mac_muladd_8s_8s_16ns_16_4_1_U843               | 1    |        | add_ln101_754  | add | dsp_slice | 3       |
|     mac_muladd_8s_8s_16ns_16_4_1_U844               | 1    |        | product_755    | mul | dsp_slice | 3       |
|     mac_muladd_8s_8s_16ns_16_4_1_U844               | 1    |        | add_ln101_755  | add | dsp_slice | 3       |
|     mac_muladd_8s_8s_16ns_16_4_1_U845               | 1    |        | product_756    | mul | dsp_slice | 3       |
|     mac_muladd_8s_8s_16ns_16_4_1_U845               | 1    |        | add_ln101_756  | add | dsp_slice | 3       |
|     mac_muladd_8s_8s_16ns_16_4_1_U846               | 1    |        | product_757    | mul | dsp_slice | 3       |
|     mac_muladd_8s_8s_16ns_16_4_1_U846               | 1    |        | add_ln101_757  | add | dsp_slice | 3       |
|     mac_muladd_8s_8s_16ns_16_4_1_U847               | 1    |        | product_758    | mul | dsp_slice | 3       |
|     mac_muladd_8s_8s_16ns_16_4_1_U847               | 1    |        | add_ln101_758  | add | dsp_slice | 3       |
|     mac_muladd_8s_8s_16ns_16_4_1_U848               | 1    |        | product_759    | mul | dsp_slice | 3       |
|     mac_muladd_8s_8s_16ns_16_4_1_U848               | 1    |        | add_ln101_759  | add | dsp_slice | 3       |
|     mac_muladd_8s_8s_16ns_16_4_1_U849               | 1    |        | product_760    | mul | dsp_slice | 3       |
|     mac_muladd_8s_8s_16ns_16_4_1_U849               | 1    |        | add_ln101_760  | add | dsp_slice | 3       |
|     mac_muladd_8s_8s_16ns_16_4_1_U850               | 1    |        | product_761    | mul | dsp_slice | 3       |
|     mac_muladd_8s_8s_16ns_16_4_1_U850               | 1    |        | add_ln101_761  | add | dsp_slice | 3       |
|     mac_muladd_8s_8s_16ns_16_4_1_U851               | 1    |        | product_762    | mul | dsp_slice | 3       |
|     mac_muladd_8s_8s_16ns_16_4_1_U851               | 1    |        | add_ln101_762  | add | dsp_slice | 3       |
|     mac_muladd_8s_8s_16ns_16_4_1_U852               | 1    |        | product_763    | mul | dsp_slice | 3       |
|     mac_muladd_8s_8s_16ns_16_4_1_U852               | 1    |        | add_ln101_763  | add | dsp_slice | 3       |
|     mac_muladd_8s_8s_16ns_16_4_1_U853               | 1    |        | product_764    | mul | dsp_slice | 3       |
|     mac_muladd_8s_8s_16ns_16_4_1_U853               | 1    |        | add_ln101_764  | add | dsp_slice | 3       |
|     mac_muladd_8s_8s_16ns_16_4_1_U854               | 1    |        | product_765    | mul | dsp_slice | 3       |
|     mac_muladd_8s_8s_16ns_16_4_1_U854               | 1    |        | add_ln101_765  | add | dsp_slice | 3       |
|     mac_muladd_8s_8s_16ns_16_4_1_U855               | 1    |        | product_766    | mul | dsp_slice | 3       |
|     mac_muladd_8s_8s_16ns_16_4_1_U855               | 1    |        | add_ln101_766  | add | dsp_slice | 3       |
|     mac_muladd_8s_8s_16ns_16_4_1_U856               | 1    |        | product_767    | mul | dsp_slice | 3       |
|     mac_muladd_8s_8s_16ns_16_4_1_U856               | 1    |        | add_ln101_767  | add | dsp_slice | 3       |
|     mac_muladd_8s_8s_16ns_16_4_1_U857               | 1    |        | product_768    | mul | dsp_slice | 3       |
|     mac_muladd_8s_8s_16ns_16_4_1_U857               | 1    |        | add_ln101_768  | add | dsp_slice | 3       |
|     mac_muladd_8s_8s_16ns_16_4_1_U858               | 1    |        | product_769    | mul | dsp_slice | 3       |
|     mac_muladd_8s_8s_16ns_16_4_1_U858               | 1    |        | add_ln101_769  | add | dsp_slice | 3       |
|     mac_muladd_8s_8s_16ns_16_4_1_U859               | 1    |        | product_770    | mul | dsp_slice | 3       |
|     mac_muladd_8s_8s_16ns_16_4_1_U859               | 1    |        | add_ln101_770  | add | dsp_slice | 3       |
|     mac_muladd_8s_8s_16ns_16_4_1_U860               | 1    |        | product_771    | mul | dsp_slice | 3       |
|     mac_muladd_8s_8s_16ns_16_4_1_U860               | 1    |        | add_ln101_771  | add | dsp_slice | 3       |
|     mac_muladd_8s_8s_16ns_16_4_1_U861               | 1    |        | product_772    | mul | dsp_slice | 3       |
|     mac_muladd_8s_8s_16ns_16_4_1_U861               | 1    |        | add_ln101_772  | add | dsp_slice | 3       |
|     mac_muladd_8s_8s_16ns_16_4_1_U862               | 1    |        | product_773    | mul | dsp_slice | 3       |
|     mac_muladd_8s_8s_16ns_16_4_1_U862               | 1    |        | add_ln101_773  | add | dsp_slice | 3       |
|     mac_muladd_8s_8s_16ns_16_4_1_U863               | 1    |        | product_774    | mul | dsp_slice | 3       |
|     mac_muladd_8s_8s_16ns_16_4_1_U863               | 1    |        | add_ln101_774  | add | dsp_slice | 3       |
|     mac_muladd_8s_8s_16ns_16_4_1_U864               | 1    |        | product_775    | mul | dsp_slice | 3       |
|     mac_muladd_8s_8s_16ns_16_4_1_U864               | 1    |        | add_ln101_775  | add | dsp_slice | 3       |
|     mac_muladd_8s_8s_16ns_16_4_1_U865               | 1    |        | product_776    | mul | dsp_slice | 3       |
|     mac_muladd_8s_8s_16ns_16_4_1_U865               | 1    |        | add_ln101_776  | add | dsp_slice | 3       |
|     mac_muladd_8s_8s_16ns_16_4_1_U866               | 1    |        | product_777    | mul | dsp_slice | 3       |
|     mac_muladd_8s_8s_16ns_16_4_1_U866               | 1    |        | add_ln101_777  | add | dsp_slice | 3       |
|     mac_muladd_8s_8s_16ns_16_4_1_U867               | 1    |        | product_778    | mul | dsp_slice | 3       |
|     mac_muladd_8s_8s_16ns_16_4_1_U867               | 1    |        | add_ln101_778  | add | dsp_slice | 3       |
|     mac_muladd_8s_8s_16ns_16_4_1_U868               | 1    |        | product_779    | mul | dsp_slice | 3       |
|     mac_muladd_8s_8s_16ns_16_4_1_U868               | 1    |        | add_ln101_779  | add | dsp_slice | 3       |
|     mac_muladd_8s_8s_16ns_16_4_1_U869               | 1    |        | product_780    | mul | dsp_slice | 3       |
|     mac_muladd_8s_8s_16ns_16_4_1_U869               | 1    |        | add_ln101_780  | add | dsp_slice | 3       |
|     mac_muladd_8s_8s_16ns_16_4_1_U870               | 1    |        | product_781    | mul | dsp_slice | 3       |
|     mac_muladd_8s_8s_16ns_16_4_1_U870               | 1    |        | add_ln101_781  | add | dsp_slice | 3       |
|     mac_muladd_8s_8s_16ns_16_4_1_U871               | 1    |        | product_782    | mul | dsp_slice | 3       |
|     mac_muladd_8s_8s_16ns_16_4_1_U871               | 1    |        | add_ln101_782  | add | dsp_slice | 3       |
|     mac_muladd_8s_8s_16ns_16_4_1_U872               | 1    |        | product_783    | mul | dsp_slice | 3       |
|     mac_muladd_8s_8s_16ns_16_4_1_U872               | 1    |        | add_ln101_783  | add | dsp_slice | 3       |
|     mac_muladd_8s_8s_16ns_16_4_1_U873               | 1    |        | product_784    | mul | dsp_slice | 3       |
|     mac_muladd_8s_8s_16ns_16_4_1_U873               | 1    |        | add_ln101_784  | add | dsp_slice | 3       |
|     mac_muladd_8s_8s_16ns_16_4_1_U874               | 1    |        | product_785    | mul | dsp_slice | 3       |
|     mac_muladd_8s_8s_16ns_16_4_1_U874               | 1    |        | add_ln101_785  | add | dsp_slice | 3       |
|     mac_muladd_8s_8s_16ns_16_4_1_U875               | 1    |        | product_786    | mul | dsp_slice | 3       |
|     mac_muladd_8s_8s_16ns_16_4_1_U875               | 1    |        | add_ln101_786  | add | dsp_slice | 3       |
|     mac_muladd_8s_8s_16ns_16_4_1_U876               | 1    |        | product_787    | mul | dsp_slice | 3       |
|     mac_muladd_8s_8s_16ns_16_4_1_U876               | 1    |        | add_ln101_787  | add | dsp_slice | 3       |
|     mac_muladd_8s_8s_16ns_16_4_1_U877               | 1    |        | product_788    | mul | dsp_slice | 3       |
|     mac_muladd_8s_8s_16ns_16_4_1_U877               | 1    |        | add_ln101_788  | add | dsp_slice | 3       |
|     mac_muladd_8s_8s_16ns_16_4_1_U878               | 1    |        | product_789    | mul | dsp_slice | 3       |
|     mac_muladd_8s_8s_16ns_16_4_1_U878               | 1    |        | add_ln101_789  | add | dsp_slice | 3       |
|     mac_muladd_8s_8s_16ns_16_4_1_U879               | 1    |        | product_790    | mul | dsp_slice | 3       |
|     mac_muladd_8s_8s_16ns_16_4_1_U879               | 1    |        | add_ln101_790  | add | dsp_slice | 3       |
|     mac_muladd_8s_8s_16ns_16_4_1_U880               | 1    |        | product_791    | mul | dsp_slice | 3       |
|     mac_muladd_8s_8s_16ns_16_4_1_U880               | 1    |        | add_ln101_791  | add | dsp_slice | 3       |
|     mac_muladd_8s_8s_16ns_16_4_1_U881               | 1    |        | product_792    | mul | dsp_slice | 3       |
|     mac_muladd_8s_8s_16ns_16_4_1_U881               | 1    |        | add_ln101_792  | add | dsp_slice | 3       |
|     mac_muladd_8s_8s_16ns_16_4_1_U882               | 1    |        | product_793    | mul | dsp_slice | 3       |
|     mac_muladd_8s_8s_16ns_16_4_1_U882               | 1    |        | add_ln101_793  | add | dsp_slice | 3       |
|     mac_muladd_8s_8s_16ns_16_4_1_U883               | 1    |        | product_794    | mul | dsp_slice | 3       |
|     mac_muladd_8s_8s_16ns_16_4_1_U883               | 1    |        | add_ln101_794  | add | dsp_slice | 3       |
|     mac_muladd_8s_8s_16ns_16_4_1_U884               | 1    |        | product_795    | mul | dsp_slice | 3       |
|     mac_muladd_8s_8s_16ns_16_4_1_U884               | 1    |        | add_ln101_795  | add | dsp_slice | 3       |
|     mac_muladd_8s_8s_16ns_16_4_1_U885               | 1    |        | product_796    | mul | dsp_slice | 3       |
|     mac_muladd_8s_8s_16ns_16_4_1_U885               | 1    |        | add_ln101_796  | add | dsp_slice | 3       |
|     mac_muladd_8s_8s_16ns_16_4_1_U886               | 1    |        | product_797    | mul | dsp_slice | 3       |
|     mac_muladd_8s_8s_16ns_16_4_1_U886               | 1    |        | add_ln101_797  | add | dsp_slice | 3       |
|     mac_muladd_8s_8s_16ns_16_4_1_U887               | 1    |        | product_798    | mul | dsp_slice | 3       |
|     mac_muladd_8s_8s_16ns_16_4_1_U887               | 1    |        | add_ln101_798  | add | dsp_slice | 3       |
|     mac_muladd_8s_8s_16ns_16_4_1_U888               | 1    |        | product_799    | mul | dsp_slice | 3       |
|     mac_muladd_8s_8s_16ns_16_4_1_U888               | 1    |        | add_ln101_799  | add | dsp_slice | 3       |
|     mac_muladd_8s_8s_16ns_16_4_1_U889               | 1    |        | product_800    | mul | dsp_slice | 3       |
|     mac_muladd_8s_8s_16ns_16_4_1_U889               | 1    |        | add_ln101_800  | add | dsp_slice | 3       |
|     mac_muladd_8s_8s_16ns_16_4_1_U890               | 1    |        | product_801    | mul | dsp_slice | 3       |
|     mac_muladd_8s_8s_16ns_16_4_1_U890               | 1    |        | add_ln101_801  | add | dsp_slice | 3       |
|     mac_muladd_8s_8s_16ns_16_4_1_U891               | 1    |        | product_802    | mul | dsp_slice | 3       |
|     mac_muladd_8s_8s_16ns_16_4_1_U891               | 1    |        | add_ln101_802  | add | dsp_slice | 3       |
|     mac_muladd_8s_8s_16ns_16_4_1_U892               | 1    |        | product_803    | mul | dsp_slice | 3       |
|     mac_muladd_8s_8s_16ns_16_4_1_U892               | 1    |        | add_ln101_803  | add | dsp_slice | 3       |
|     mac_muladd_8s_8s_16ns_16_4_1_U893               | 1    |        | product_804    | mul | dsp_slice | 3       |
|     mac_muladd_8s_8s_16ns_16_4_1_U893               | 1    |        | add_ln101_804  | add | dsp_slice | 3       |
|     mac_muladd_8s_8s_16ns_16_4_1_U894               | 1    |        | product_805    | mul | dsp_slice | 3       |
|     mac_muladd_8s_8s_16ns_16_4_1_U894               | 1    |        | add_ln101_805  | add | dsp_slice | 3       |
|     mac_muladd_8s_8s_16ns_16_4_1_U895               | 1    |        | product_806    | mul | dsp_slice | 3       |
|     mac_muladd_8s_8s_16ns_16_4_1_U895               | 1    |        | add_ln101_806  | add | dsp_slice | 3       |
|     mac_muladd_8s_8s_16ns_16_4_1_U896               | 1    |        | product_807    | mul | dsp_slice | 3       |
|     mac_muladd_8s_8s_16ns_16_4_1_U896               | 1    |        | add_ln101_807  | add | dsp_slice | 3       |
|     mac_muladd_8s_8s_16ns_16_4_1_U897               | 1    |        | product_808    | mul | dsp_slice | 3       |
|     mac_muladd_8s_8s_16ns_16_4_1_U897               | 1    |        | add_ln101_808  | add | dsp_slice | 3       |
|     mac_muladd_8s_8s_16ns_16_4_1_U898               | 1    |        | product_809    | mul | dsp_slice | 3       |
|     mac_muladd_8s_8s_16ns_16_4_1_U898               | 1    |        | add_ln101_809  | add | dsp_slice | 3       |
|     mac_muladd_8s_8s_16ns_16_4_1_U899               | 1    |        | product_810    | mul | dsp_slice | 3       |
|     mac_muladd_8s_8s_16ns_16_4_1_U899               | 1    |        | add_ln101_810  | add | dsp_slice | 3       |
|     mac_muladd_8s_8s_16ns_16_4_1_U900               | 1    |        | product_811    | mul | dsp_slice | 3       |
|     mac_muladd_8s_8s_16ns_16_4_1_U900               | 1    |        | add_ln101_811  | add | dsp_slice | 3       |
|     mac_muladd_8s_8s_16ns_16_4_1_U901               | 1    |        | product_812    | mul | dsp_slice | 3       |
|     mac_muladd_8s_8s_16ns_16_4_1_U901               | 1    |        | add_ln101_812  | add | dsp_slice | 3       |
|     mac_muladd_8s_8s_16ns_16_4_1_U902               | 1    |        | product_813    | mul | dsp_slice | 3       |
|     mac_muladd_8s_8s_16ns_16_4_1_U902               | 1    |        | add_ln101_813  | add | dsp_slice | 3       |
|     mac_muladd_8s_8s_16ns_16_4_1_U903               | 1    |        | product_814    | mul | dsp_slice | 3       |
|     mac_muladd_8s_8s_16ns_16_4_1_U903               | 1    |        | add_ln101_814  | add | dsp_slice | 3       |
|     mac_muladd_8s_8s_16ns_16_4_1_U904               | 1    |        | product_815    | mul | dsp_slice | 3       |
|     mac_muladd_8s_8s_16ns_16_4_1_U904               | 1    |        | add_ln101_815  | add | dsp_slice | 3       |
|     mac_muladd_8s_8s_16ns_16_4_1_U905               | 1    |        | product_816    | mul | dsp_slice | 3       |
|     mac_muladd_8s_8s_16ns_16_4_1_U905               | 1    |        | add_ln101_816  | add | dsp_slice | 3       |
|     mac_muladd_8s_8s_16ns_16_4_1_U906               | 1    |        | product_817    | mul | dsp_slice | 3       |
|     mac_muladd_8s_8s_16ns_16_4_1_U906               | 1    |        | add_ln101_817  | add | dsp_slice | 3       |
|     mac_muladd_8s_8s_16ns_16_4_1_U907               | 1    |        | product_818    | mul | dsp_slice | 3       |
|     mac_muladd_8s_8s_16ns_16_4_1_U907               | 1    |        | add_ln101_818  | add | dsp_slice | 3       |
|     mac_muladd_8s_8s_16ns_16_4_1_U908               | 1    |        | product_819    | mul | dsp_slice | 3       |
|     mac_muladd_8s_8s_16ns_16_4_1_U908               | 1    |        | add_ln101_819  | add | dsp_slice | 3       |
|     mac_muladd_8s_8s_16ns_16_4_1_U909               | 1    |        | product_820    | mul | dsp_slice | 3       |
|     mac_muladd_8s_8s_16ns_16_4_1_U909               | 1    |        | add_ln101_820  | add | dsp_slice | 3       |
|     mac_muladd_8s_8s_16ns_16_4_1_U910               | 1    |        | product_821    | mul | dsp_slice | 3       |
|     mac_muladd_8s_8s_16ns_16_4_1_U910               | 1    |        | add_ln101_821  | add | dsp_slice | 3       |
|     mac_muladd_8s_8s_16ns_16_4_1_U911               | 1    |        | product_822    | mul | dsp_slice | 3       |
|     mac_muladd_8s_8s_16ns_16_4_1_U911               | 1    |        | add_ln101_822  | add | dsp_slice | 3       |
|     mac_muladd_8s_8s_16ns_16_4_1_U912               | 1    |        | product_823    | mul | dsp_slice | 3       |
|     mac_muladd_8s_8s_16ns_16_4_1_U912               | 1    |        | add_ln101_823  | add | dsp_slice | 3       |
|     mac_muladd_8s_8s_16ns_16_4_1_U913               | 1    |        | product_824    | mul | dsp_slice | 3       |
|     mac_muladd_8s_8s_16ns_16_4_1_U913               | 1    |        | add_ln101_824  | add | dsp_slice | 3       |
|     mac_muladd_8s_8s_16ns_16_4_1_U914               | 1    |        | product_825    | mul | dsp_slice | 3       |
|     mac_muladd_8s_8s_16ns_16_4_1_U914               | 1    |        | add_ln101_825  | add | dsp_slice | 3       |
|     mac_muladd_8s_8s_16ns_16_4_1_U915               | 1    |        | product_826    | mul | dsp_slice | 3       |
|     mac_muladd_8s_8s_16ns_16_4_1_U915               | 1    |        | add_ln101_826  | add | dsp_slice | 3       |
|     mac_muladd_8s_8s_16ns_16_4_1_U916               | 1    |        | product_827    | mul | dsp_slice | 3       |
|     mac_muladd_8s_8s_16ns_16_4_1_U916               | 1    |        | add_ln101_827  | add | dsp_slice | 3       |
|     mac_muladd_8s_8s_16ns_16_4_1_U917               | 1    |        | product_828    | mul | dsp_slice | 3       |
|     mac_muladd_8s_8s_16ns_16_4_1_U917               | 1    |        | add_ln101_828  | add | dsp_slice | 3       |
|     mac_muladd_8s_8s_16ns_16_4_1_U918               | 1    |        | product_829    | mul | dsp_slice | 3       |
|     mac_muladd_8s_8s_16ns_16_4_1_U918               | 1    |        | add_ln101_829  | add | dsp_slice | 3       |
|     mac_muladd_8s_8s_16ns_16_4_1_U919               | 1    |        | product_830    | mul | dsp_slice | 3       |
|     mac_muladd_8s_8s_16ns_16_4_1_U919               | 1    |        | add_ln101_830  | add | dsp_slice | 3       |
|     mac_muladd_8s_8s_16ns_16_4_1_U920               | 1    |        | product_831    | mul | dsp_slice | 3       |
|     mac_muladd_8s_8s_16ns_16_4_1_U920               | 1    |        | add_ln101_831  | add | dsp_slice | 3       |
|     mac_muladd_8s_8s_16ns_16_4_1_U921               | 1    |        | product_832    | mul | dsp_slice | 3       |
|     mac_muladd_8s_8s_16ns_16_4_1_U921               | 1    |        | add_ln101_832  | add | dsp_slice | 3       |
|     mac_muladd_8s_8s_16ns_16_4_1_U922               | 1    |        | product_833    | mul | dsp_slice | 3       |
|     mac_muladd_8s_8s_16ns_16_4_1_U922               | 1    |        | add_ln101_833  | add | dsp_slice | 3       |
|     mac_muladd_8s_8s_16ns_16_4_1_U923               | 1    |        | product_834    | mul | dsp_slice | 3       |
|     mac_muladd_8s_8s_16ns_16_4_1_U923               | 1    |        | add_ln101_834  | add | dsp_slice | 3       |
|     mac_muladd_8s_8s_16ns_16_4_1_U924               | 1    |        | product_835    | mul | dsp_slice | 3       |
|     mac_muladd_8s_8s_16ns_16_4_1_U924               | 1    |        | add_ln101_835  | add | dsp_slice | 3       |
|     mac_muladd_8s_8s_16ns_16_4_1_U925               | 1    |        | product_836    | mul | dsp_slice | 3       |
|     mac_muladd_8s_8s_16ns_16_4_1_U925               | 1    |        | add_ln101_836  | add | dsp_slice | 3       |
|     mac_muladd_8s_8s_16ns_16_4_1_U926               | 1    |        | product_837    | mul | dsp_slice | 3       |
|     mac_muladd_8s_8s_16ns_16_4_1_U926               | 1    |        | add_ln101_837  | add | dsp_slice | 3       |
|     mac_muladd_8s_8s_16ns_16_4_1_U927               | 1    |        | product_838    | mul | dsp_slice | 3       |
|     mac_muladd_8s_8s_16ns_16_4_1_U927               | 1    |        | add_ln101_838  | add | dsp_slice | 3       |
|     mac_muladd_8s_8s_16ns_16_4_1_U928               | 1    |        | product_839    | mul | dsp_slice | 3       |
|     mac_muladd_8s_8s_16ns_16_4_1_U928               | 1    |        | add_ln101_839  | add | dsp_slice | 3       |
|     mac_muladd_8s_8s_16ns_16_4_1_U929               | 1    |        | product_840    | mul | dsp_slice | 3       |
|     mac_muladd_8s_8s_16ns_16_4_1_U929               | 1    |        | add_ln101_840  | add | dsp_slice | 3       |
|     mac_muladd_8s_8s_16ns_16_4_1_U930               | 1    |        | product_841    | mul | dsp_slice | 3       |
|     mac_muladd_8s_8s_16ns_16_4_1_U930               | 1    |        | add_ln101_841  | add | dsp_slice | 3       |
|     mac_muladd_8s_8s_16ns_16_4_1_U931               | 1    |        | product_842    | mul | dsp_slice | 3       |
|     mac_muladd_8s_8s_16ns_16_4_1_U931               | 1    |        | add_ln101_842  | add | dsp_slice | 3       |
|     mac_muladd_8s_8s_16ns_16_4_1_U932               | 1    |        | product_843    | mul | dsp_slice | 3       |
|     mac_muladd_8s_8s_16ns_16_4_1_U932               | 1    |        | add_ln101_843  | add | dsp_slice | 3       |
|     mac_muladd_8s_8s_16ns_16_4_1_U933               | 1    |        | product_844    | mul | dsp_slice | 3       |
|     mac_muladd_8s_8s_16ns_16_4_1_U933               | 1    |        | add_ln101_844  | add | dsp_slice | 3       |
|     mac_muladd_8s_8s_16ns_16_4_1_U934               | 1    |        | product_845    | mul | dsp_slice | 3       |
|     mac_muladd_8s_8s_16ns_16_4_1_U934               | 1    |        | add_ln101_845  | add | dsp_slice | 3       |
|     mac_muladd_8s_8s_16ns_16_4_1_U935               | 1    |        | product_846    | mul | dsp_slice | 3       |
|     mac_muladd_8s_8s_16ns_16_4_1_U935               | 1    |        | add_ln101_846  | add | dsp_slice | 3       |
|     mac_muladd_8s_8s_16ns_16_4_1_U936               | 1    |        | product_847    | mul | dsp_slice | 3       |
|     mac_muladd_8s_8s_16ns_16_4_1_U936               | 1    |        | add_ln101_847  | add | dsp_slice | 3       |
|     mac_muladd_8s_8s_16ns_16_4_1_U937               | 1    |        | product_848    | mul | dsp_slice | 3       |
|     mac_muladd_8s_8s_16ns_16_4_1_U937               | 1    |        | add_ln101_848  | add | dsp_slice | 3       |
|     mac_muladd_8s_8s_16ns_16_4_1_U938               | 1    |        | product_849    | mul | dsp_slice | 3       |
|     mac_muladd_8s_8s_16ns_16_4_1_U938               | 1    |        | add_ln101_849  | add | dsp_slice | 3       |
|     mac_muladd_8s_8s_16ns_16_4_1_U939               | 1    |        | product_850    | mul | dsp_slice | 3       |
|     mac_muladd_8s_8s_16ns_16_4_1_U939               | 1    |        | add_ln101_850  | add | dsp_slice | 3       |
|     mac_muladd_8s_8s_16ns_16_4_1_U940               | 1    |        | product_851    | mul | dsp_slice | 3       |
|     mac_muladd_8s_8s_16ns_16_4_1_U940               | 1    |        | add_ln101_851  | add | dsp_slice | 3       |
|     mac_muladd_8s_8s_16ns_16_4_1_U941               | 1    |        | product_852    | mul | dsp_slice | 3       |
|     mac_muladd_8s_8s_16ns_16_4_1_U941               | 1    |        | add_ln101_852  | add | dsp_slice | 3       |
|     mac_muladd_8s_8s_16ns_16_4_1_U942               | 1    |        | product_853    | mul | dsp_slice | 3       |
|     mac_muladd_8s_8s_16ns_16_4_1_U942               | 1    |        | add_ln101_853  | add | dsp_slice | 3       |
|     mac_muladd_8s_8s_16ns_16_4_1_U943               | 1    |        | product_854    | mul | dsp_slice | 3       |
|     mac_muladd_8s_8s_16ns_16_4_1_U943               | 1    |        | add_ln101_854  | add | dsp_slice | 3       |
|     mac_muladd_8s_8s_16ns_16_4_1_U944               | 1    |        | product_855    | mul | dsp_slice | 3       |
|     mac_muladd_8s_8s_16ns_16_4_1_U944               | 1    |        | add_ln101_855  | add | dsp_slice | 3       |
|     mac_muladd_8s_8s_16ns_16_4_1_U945               | 1    |        | product_856    | mul | dsp_slice | 3       |
|     mac_muladd_8s_8s_16ns_16_4_1_U945               | 1    |        | add_ln101_856  | add | dsp_slice | 3       |
|     mac_muladd_8s_8s_16ns_16_4_1_U946               | 1    |        | product_857    | mul | dsp_slice | 3       |
|     mac_muladd_8s_8s_16ns_16_4_1_U946               | 1    |        | add_ln101_857  | add | dsp_slice | 3       |
|     mac_muladd_8s_8s_16ns_16_4_1_U947               | 1    |        | product_858    | mul | dsp_slice | 3       |
|     mac_muladd_8s_8s_16ns_16_4_1_U947               | 1    |        | add_ln101_858  | add | dsp_slice | 3       |
|     mac_muladd_8s_8s_16ns_16_4_1_U948               | 1    |        | product_859    | mul | dsp_slice | 3       |
|     mac_muladd_8s_8s_16ns_16_4_1_U948               | 1    |        | add_ln101_859  | add | dsp_slice | 3       |
|     mac_muladd_8s_8s_16ns_16_4_1_U949               | 1    |        | product_860    | mul | dsp_slice | 3       |
|     mac_muladd_8s_8s_16ns_16_4_1_U949               | 1    |        | add_ln101_860  | add | dsp_slice | 3       |
|     mac_muladd_8s_8s_16ns_16_4_1_U950               | 1    |        | product_861    | mul | dsp_slice | 3       |
|     mac_muladd_8s_8s_16ns_16_4_1_U950               | 1    |        | add_ln101_861  | add | dsp_slice | 3       |
|     mac_muladd_8s_8s_16ns_16_4_1_U951               | 1    |        | product_862    | mul | dsp_slice | 3       |
|     mac_muladd_8s_8s_16ns_16_4_1_U951               | 1    |        | add_ln101_862  | add | dsp_slice | 3       |
|     mac_muladd_8s_8s_16ns_16_4_1_U952               | 1    |        | product_863    | mul | dsp_slice | 3       |
|     mac_muladd_8s_8s_16ns_16_4_1_U952               | 1    |        | add_ln101_863  | add | dsp_slice | 3       |
|     mac_muladd_8s_8s_16ns_16_4_1_U953               | 1    |        | product_864    | mul | dsp_slice | 3       |
|     mac_muladd_8s_8s_16ns_16_4_1_U953               | 1    |        | add_ln101_864  | add | dsp_slice | 3       |
|     mac_muladd_8s_8s_16ns_16_4_1_U954               | 1    |        | product_865    | mul | dsp_slice | 3       |
|     mac_muladd_8s_8s_16ns_16_4_1_U954               | 1    |        | add_ln101_865  | add | dsp_slice | 3       |
|     mac_muladd_8s_8s_16ns_16_4_1_U955               | 1    |        | product_866    | mul | dsp_slice | 3       |
|     mac_muladd_8s_8s_16ns_16_4_1_U955               | 1    |        | add_ln101_866  | add | dsp_slice | 3       |
|     mac_muladd_8s_8s_16ns_16_4_1_U956               | 1    |        | product_867    | mul | dsp_slice | 3       |
|     mac_muladd_8s_8s_16ns_16_4_1_U956               | 1    |        | add_ln101_867  | add | dsp_slice | 3       |
|     mac_muladd_8s_8s_16ns_16_4_1_U957               | 1    |        | product_868    | mul | dsp_slice | 3       |
|     mac_muladd_8s_8s_16ns_16_4_1_U957               | 1    |        | add_ln101_868  | add | dsp_slice | 3       |
|     mac_muladd_8s_8s_16ns_16_4_1_U958               | 1    |        | product_869    | mul | dsp_slice | 3       |
|     mac_muladd_8s_8s_16ns_16_4_1_U958               | 1    |        | add_ln101_869  | add | dsp_slice | 3       |
|     mac_muladd_8s_8s_16ns_16_4_1_U959               | 1    |        | product_870    | mul | dsp_slice | 3       |
|     mac_muladd_8s_8s_16ns_16_4_1_U959               | 1    |        | add_ln101_870  | add | dsp_slice | 3       |
|     mac_muladd_8s_8s_16ns_16_4_1_U960               | 1    |        | product_871    | mul | dsp_slice | 3       |
|     mac_muladd_8s_8s_16ns_16_4_1_U960               | 1    |        | add_ln101_871  | add | dsp_slice | 3       |
|     mac_muladd_8s_8s_16ns_16_4_1_U961               | 1    |        | product_872    | mul | dsp_slice | 3       |
|     mac_muladd_8s_8s_16ns_16_4_1_U961               | 1    |        | add_ln101_872  | add | dsp_slice | 3       |
|     mac_muladd_8s_8s_16ns_16_4_1_U962               | 1    |        | product_873    | mul | dsp_slice | 3       |
|     mac_muladd_8s_8s_16ns_16_4_1_U962               | 1    |        | add_ln101_873  | add | dsp_slice | 3       |
|     mac_muladd_8s_8s_16ns_16_4_1_U963               | 1    |        | product_874    | mul | dsp_slice | 3       |
|     mac_muladd_8s_8s_16ns_16_4_1_U963               | 1    |        | add_ln101_874  | add | dsp_slice | 3       |
|     mac_muladd_8s_8s_16ns_16_4_1_U964               | 1    |        | product_875    | mul | dsp_slice | 3       |
|     mac_muladd_8s_8s_16ns_16_4_1_U964               | 1    |        | add_ln101_875  | add | dsp_slice | 3       |
|     mac_muladd_8s_8s_16ns_16_4_1_U965               | 1    |        | product_876    | mul | dsp_slice | 3       |
|     mac_muladd_8s_8s_16ns_16_4_1_U965               | 1    |        | add_ln101_876  | add | dsp_slice | 3       |
|     mac_muladd_8s_8s_16ns_16_4_1_U966               | 1    |        | product_877    | mul | dsp_slice | 3       |
|     mac_muladd_8s_8s_16ns_16_4_1_U966               | 1    |        | add_ln101_877  | add | dsp_slice | 3       |
|     mac_muladd_8s_8s_16ns_16_4_1_U967               | 1    |        | product_878    | mul | dsp_slice | 3       |
|     mac_muladd_8s_8s_16ns_16_4_1_U967               | 1    |        | add_ln101_878  | add | dsp_slice | 3       |
|     mac_muladd_8s_8s_16ns_16_4_1_U968               | 1    |        | product_879    | mul | dsp_slice | 3       |
|     mac_muladd_8s_8s_16ns_16_4_1_U968               | 1    |        | add_ln101_879  | add | dsp_slice | 3       |
|     mac_muladd_8s_8s_16ns_16_4_1_U969               | 1    |        | product_880    | mul | dsp_slice | 3       |
|     mac_muladd_8s_8s_16ns_16_4_1_U969               | 1    |        | add_ln101_880  | add | dsp_slice | 3       |
|     mac_muladd_8s_8s_16ns_16_4_1_U970               | 1    |        | product_881    | mul | dsp_slice | 3       |
|     mac_muladd_8s_8s_16ns_16_4_1_U970               | 1    |        | add_ln101_881  | add | dsp_slice | 3       |
|     mac_muladd_8s_8s_16ns_16_4_1_U971               | 1    |        | product_882    | mul | dsp_slice | 3       |
|     mac_muladd_8s_8s_16ns_16_4_1_U971               | 1    |        | add_ln101_882  | add | dsp_slice | 3       |
|     mac_muladd_8s_8s_16ns_16_4_1_U972               | 1    |        | product_883    | mul | dsp_slice | 3       |
|     mac_muladd_8s_8s_16ns_16_4_1_U972               | 1    |        | add_ln101_883  | add | dsp_slice | 3       |
|     mac_muladd_8s_8s_16ns_16_4_1_U973               | 1    |        | product_884    | mul | dsp_slice | 3       |
|     mac_muladd_8s_8s_16ns_16_4_1_U973               | 1    |        | add_ln101_884  | add | dsp_slice | 3       |
|     mac_muladd_8s_8s_16ns_16_4_1_U974               | 1    |        | product_885    | mul | dsp_slice | 3       |
|     mac_muladd_8s_8s_16ns_16_4_1_U974               | 1    |        | add_ln101_885  | add | dsp_slice | 3       |
|     mac_muladd_8s_8s_16ns_16_4_1_U975               | 1    |        | product_886    | mul | dsp_slice | 3       |
|     mac_muladd_8s_8s_16ns_16_4_1_U975               | 1    |        | add_ln101_886  | add | dsp_slice | 3       |
|     mac_muladd_8s_8s_16ns_16_4_1_U976               | 1    |        | product_887    | mul | dsp_slice | 3       |
|     mac_muladd_8s_8s_16ns_16_4_1_U976               | 1    |        | add_ln101_887  | add | dsp_slice | 3       |
|     mac_muladd_8s_8s_16ns_16_4_1_U977               | 1    |        | product_888    | mul | dsp_slice | 3       |
|     mac_muladd_8s_8s_16ns_16_4_1_U977               | 1    |        | add_ln101_888  | add | dsp_slice | 3       |
|     mac_muladd_8s_8s_16ns_16_4_1_U978               | 1    |        | product_889    | mul | dsp_slice | 3       |
|     mac_muladd_8s_8s_16ns_16_4_1_U978               | 1    |        | add_ln101_889  | add | dsp_slice | 3       |
|     mac_muladd_8s_8s_16ns_16_4_1_U979               | 1    |        | product_890    | mul | dsp_slice | 3       |
|     mac_muladd_8s_8s_16ns_16_4_1_U979               | 1    |        | add_ln101_890  | add | dsp_slice | 3       |
|     mac_muladd_8s_8s_16ns_16_4_1_U980               | 1    |        | product_891    | mul | dsp_slice | 3       |
|     mac_muladd_8s_8s_16ns_16_4_1_U980               | 1    |        | add_ln101_891  | add | dsp_slice | 3       |
|     mac_muladd_8s_8s_16ns_16_4_1_U981               | 1    |        | product_892    | mul | dsp_slice | 3       |
|     mac_muladd_8s_8s_16ns_16_4_1_U981               | 1    |        | add_ln101_892  | add | dsp_slice | 3       |
|     mac_muladd_8s_8s_16ns_16_4_1_U982               | 1    |        | product_893    | mul | dsp_slice | 3       |
|     mac_muladd_8s_8s_16ns_16_4_1_U982               | 1    |        | add_ln101_893  | add | dsp_slice | 3       |
|     mac_muladd_8s_8s_16ns_16_4_1_U983               | 1    |        | product_894    | mul | dsp_slice | 3       |
|     mac_muladd_8s_8s_16ns_16_4_1_U983               | 1    |        | add_ln101_894  | add | dsp_slice | 3       |
|     mac_muladd_8s_8s_16ns_16_4_1_U984               | 1    |        | product_895    | mul | dsp_slice | 3       |
|     mac_muladd_8s_8s_16ns_16_4_1_U984               | 1    |        | add_ln101_895  | add | dsp_slice | 3       |
|     mac_muladd_8s_8s_16ns_16_4_1_U985               | 1    |        | product_896    | mul | dsp_slice | 3       |
|     mac_muladd_8s_8s_16ns_16_4_1_U985               | 1    |        | add_ln101_896  | add | dsp_slice | 3       |
|     mac_muladd_8s_8s_16ns_16_4_1_U986               | 1    |        | product_897    | mul | dsp_slice | 3       |
|     mac_muladd_8s_8s_16ns_16_4_1_U986               | 1    |        | add_ln101_897  | add | dsp_slice | 3       |
|     mac_muladd_8s_8s_16ns_16_4_1_U987               | 1    |        | product_898    | mul | dsp_slice | 3       |
|     mac_muladd_8s_8s_16ns_16_4_1_U987               | 1    |        | add_ln101_898  | add | dsp_slice | 3       |
|     mac_muladd_8s_8s_16ns_16_4_1_U988               | 1    |        | product_899    | mul | dsp_slice | 3       |
|     mac_muladd_8s_8s_16ns_16_4_1_U988               | 1    |        | add_ln101_899  | add | dsp_slice | 3       |
|     mac_muladd_8s_8s_16ns_16_4_1_U989               | 1    |        | product_900    | mul | dsp_slice | 3       |
|     mac_muladd_8s_8s_16ns_16_4_1_U989               | 1    |        | add_ln101_900  | add | dsp_slice | 3       |
|     mac_muladd_8s_8s_16ns_16_4_1_U990               | 1    |        | product_901    | mul | dsp_slice | 3       |
|     mac_muladd_8s_8s_16ns_16_4_1_U990               | 1    |        | add_ln101_901  | add | dsp_slice | 3       |
|     mac_muladd_8s_8s_16ns_16_4_1_U991               | 1    |        | product_902    | mul | dsp_slice | 3       |
|     mac_muladd_8s_8s_16ns_16_4_1_U991               | 1    |        | add_ln101_902  | add | dsp_slice | 3       |
|     mac_muladd_8s_8s_16ns_16_4_1_U992               | 1    |        | product_903    | mul | dsp_slice | 3       |
|     mac_muladd_8s_8s_16ns_16_4_1_U992               | 1    |        | add_ln101_903  | add | dsp_slice | 3       |
|     mac_muladd_8s_8s_16ns_16_4_1_U993               | 1    |        | product_904    | mul | dsp_slice | 3       |
|     mac_muladd_8s_8s_16ns_16_4_1_U993               | 1    |        | add_ln101_904  | add | dsp_slice | 3       |
|     mac_muladd_8s_8s_16ns_16_4_1_U994               | 1    |        | product_905    | mul | dsp_slice | 3       |
|     mac_muladd_8s_8s_16ns_16_4_1_U994               | 1    |        | add_ln101_905  | add | dsp_slice | 3       |
|     mac_muladd_8s_8s_16ns_16_4_1_U995               | 1    |        | product_906    | mul | dsp_slice | 3       |
|     mac_muladd_8s_8s_16ns_16_4_1_U995               | 1    |        | add_ln101_906  | add | dsp_slice | 3       |
|     mac_muladd_8s_8s_16ns_16_4_1_U996               | 1    |        | product_907    | mul | dsp_slice | 3       |
|     mac_muladd_8s_8s_16ns_16_4_1_U996               | 1    |        | add_ln101_907  | add | dsp_slice | 3       |
|     mac_muladd_8s_8s_16ns_16_4_1_U997               | 1    |        | product_908    | mul | dsp_slice | 3       |
|     mac_muladd_8s_8s_16ns_16_4_1_U997               | 1    |        | add_ln101_908  | add | dsp_slice | 3       |
|     mac_muladd_8s_8s_16ns_16_4_1_U998               | 1    |        | product_909    | mul | dsp_slice | 3       |
|     mac_muladd_8s_8s_16ns_16_4_1_U998               | 1    |        | add_ln101_909  | add | dsp_slice | 3       |
|     mac_muladd_8s_8s_16ns_16_4_1_U999               | 1    |        | product_910    | mul | dsp_slice | 3       |
|     mac_muladd_8s_8s_16ns_16_4_1_U999               | 1    |        | add_ln101_910  | add | dsp_slice | 3       |
|     mac_muladd_8s_8s_16ns_16_4_1_U1000              | 1    |        | product_911    | mul | dsp_slice | 3       |
|     mac_muladd_8s_8s_16ns_16_4_1_U1000              | 1    |        | add_ln101_911  | add | dsp_slice | 3       |
|     mac_muladd_8s_8s_16ns_16_4_1_U1001              | 1    |        | product_912    | mul | dsp_slice | 3       |
|     mac_muladd_8s_8s_16ns_16_4_1_U1001              | 1    |        | add_ln101_912  | add | dsp_slice | 3       |
|     mac_muladd_8s_8s_16ns_16_4_1_U1002              | 1    |        | product_913    | mul | dsp_slice | 3       |
|     mac_muladd_8s_8s_16ns_16_4_1_U1002              | 1    |        | add_ln101_913  | add | dsp_slice | 3       |
|     mac_muladd_8s_8s_16ns_16_4_1_U1003              | 1    |        | product_914    | mul | dsp_slice | 3       |
|     mac_muladd_8s_8s_16ns_16_4_1_U1003              | 1    |        | add_ln101_914  | add | dsp_slice | 3       |
|     mac_muladd_8s_8s_16ns_16_4_1_U1004              | 1    |        | product_915    | mul | dsp_slice | 3       |
|     mac_muladd_8s_8s_16ns_16_4_1_U1004              | 1    |        | add_ln101_915  | add | dsp_slice | 3       |
|     mac_muladd_8s_8s_16ns_16_4_1_U1005              | 1    |        | product_916    | mul | dsp_slice | 3       |
|     mac_muladd_8s_8s_16ns_16_4_1_U1005              | 1    |        | add_ln101_916  | add | dsp_slice | 3       |
|     mac_muladd_8s_8s_16ns_16_4_1_U1006              | 1    |        | product_917    | mul | dsp_slice | 3       |
|     mac_muladd_8s_8s_16ns_16_4_1_U1006              | 1    |        | add_ln101_917  | add | dsp_slice | 3       |
|     mac_muladd_8s_8s_16ns_16_4_1_U1007              | 1    |        | product_918    | mul | dsp_slice | 3       |
|     mac_muladd_8s_8s_16ns_16_4_1_U1007              | 1    |        | add_ln101_918  | add | dsp_slice | 3       |
|     mac_muladd_8s_8s_16ns_16_4_1_U1008              | 1    |        | product_919    | mul | dsp_slice | 3       |
|     mac_muladd_8s_8s_16ns_16_4_1_U1008              | 1    |        | add_ln101_919  | add | dsp_slice | 3       |
|     mac_muladd_8s_8s_16ns_16_4_1_U1009              | 1    |        | product_920    | mul | dsp_slice | 3       |
|     mac_muladd_8s_8s_16ns_16_4_1_U1009              | 1    |        | add_ln101_920  | add | dsp_slice | 3       |
|     mac_muladd_8s_8s_16ns_16_4_1_U1010              | 1    |        | product_921    | mul | dsp_slice | 3       |
|     mac_muladd_8s_8s_16ns_16_4_1_U1010              | 1    |        | add_ln101_921  | add | dsp_slice | 3       |
|     mac_muladd_8s_8s_16ns_16_4_1_U1011              | 1    |        | product_922    | mul | dsp_slice | 3       |
|     mac_muladd_8s_8s_16ns_16_4_1_U1011              | 1    |        | add_ln101_922  | add | dsp_slice | 3       |
|     mac_muladd_8s_8s_16ns_16_4_1_U1012              | 1    |        | product_923    | mul | dsp_slice | 3       |
|     mac_muladd_8s_8s_16ns_16_4_1_U1012              | 1    |        | add_ln101_923  | add | dsp_slice | 3       |
|     mac_muladd_8s_8s_16ns_16_4_1_U1013              | 1    |        | product_924    | mul | dsp_slice | 3       |
|     mac_muladd_8s_8s_16ns_16_4_1_U1013              | 1    |        | add_ln101_924  | add | dsp_slice | 3       |
|     mac_muladd_8s_8s_16ns_16_4_1_U1014              | 1    |        | product_925    | mul | dsp_slice | 3       |
|     mac_muladd_8s_8s_16ns_16_4_1_U1014              | 1    |        | add_ln101_925  | add | dsp_slice | 3       |
|     mac_muladd_8s_8s_16ns_16_4_1_U1015              | 1    |        | product_926    | mul | dsp_slice | 3       |
|     mac_muladd_8s_8s_16ns_16_4_1_U1015              | 1    |        | add_ln101_926  | add | dsp_slice | 3       |
|     mac_muladd_8s_8s_16ns_16_4_1_U1016              | 1    |        | product_927    | mul | dsp_slice | 3       |
|     mac_muladd_8s_8s_16ns_16_4_1_U1016              | 1    |        | add_ln101_927  | add | dsp_slice | 3       |
|     mac_muladd_8s_8s_16ns_16_4_1_U1017              | 1    |        | product_928    | mul | dsp_slice | 3       |
|     mac_muladd_8s_8s_16ns_16_4_1_U1017              | 1    |        | add_ln101_928  | add | dsp_slice | 3       |
|     mac_muladd_8s_8s_16ns_16_4_1_U1018              | 1    |        | product_929    | mul | dsp_slice | 3       |
|     mac_muladd_8s_8s_16ns_16_4_1_U1018              | 1    |        | add_ln101_929  | add | dsp_slice | 3       |
|     mac_muladd_8s_8s_16ns_16_4_1_U1019              | 1    |        | product_930    | mul | dsp_slice | 3       |
|     mac_muladd_8s_8s_16ns_16_4_1_U1019              | 1    |        | add_ln101_930  | add | dsp_slice | 3       |
|     mac_muladd_8s_8s_16ns_16_4_1_U1020              | 1    |        | product_931    | mul | dsp_slice | 3       |
|     mac_muladd_8s_8s_16ns_16_4_1_U1020              | 1    |        | add_ln101_931  | add | dsp_slice | 3       |
|     mac_muladd_8s_8s_16ns_16_4_1_U1021              | 1    |        | product_932    | mul | dsp_slice | 3       |
|     mac_muladd_8s_8s_16ns_16_4_1_U1021              | 1    |        | add_ln101_932  | add | dsp_slice | 3       |
|     mac_muladd_8s_8s_16ns_16_4_1_U1022              | 1    |        | product_933    | mul | dsp_slice | 3       |
|     mac_muladd_8s_8s_16ns_16_4_1_U1022              | 1    |        | add_ln101_933  | add | dsp_slice | 3       |
|     mac_muladd_8s_8s_16ns_16_4_1_U1023              | 1    |        | product_934    | mul | dsp_slice | 3       |
|     mac_muladd_8s_8s_16ns_16_4_1_U1023              | 1    |        | add_ln101_934  | add | dsp_slice | 3       |
|     mac_muladd_8s_8s_16ns_16_4_1_U1024              | 1    |        | product_935    | mul | dsp_slice | 3       |
|     mac_muladd_8s_8s_16ns_16_4_1_U1024              | 1    |        | add_ln101_935  | add | dsp_slice | 3       |
|     mac_muladd_8s_8s_16ns_16_4_1_U1025              | 1    |        | product_936    | mul | dsp_slice | 3       |
|     mac_muladd_8s_8s_16ns_16_4_1_U1025              | 1    |        | add_ln101_936  | add | dsp_slice | 3       |
|     mac_muladd_8s_8s_16ns_16_4_1_U1026              | 1    |        | product_937    | mul | dsp_slice | 3       |
|     mac_muladd_8s_8s_16ns_16_4_1_U1026              | 1    |        | add_ln101_937  | add | dsp_slice | 3       |
|     mac_muladd_8s_8s_16ns_16_4_1_U1027              | 1    |        | product_938    | mul | dsp_slice | 3       |
|     mac_muladd_8s_8s_16ns_16_4_1_U1027              | 1    |        | add_ln101_938  | add | dsp_slice | 3       |
|     mac_muladd_8s_8s_16ns_16_4_1_U1028              | 1    |        | product_939    | mul | dsp_slice | 3       |
|     mac_muladd_8s_8s_16ns_16_4_1_U1028              | 1    |        | add_ln101_939  | add | dsp_slice | 3       |
|     mac_muladd_8s_8s_16ns_16_4_1_U1029              | 1    |        | product_940    | mul | dsp_slice | 3       |
|     mac_muladd_8s_8s_16ns_16_4_1_U1029              | 1    |        | add_ln101_940  | add | dsp_slice | 3       |
|     mac_muladd_8s_8s_16ns_16_4_1_U1030              | 1    |        | product_941    | mul | dsp_slice | 3       |
|     mac_muladd_8s_8s_16ns_16_4_1_U1030              | 1    |        | add_ln101_941  | add | dsp_slice | 3       |
|     mac_muladd_8s_8s_16ns_16_4_1_U1031              | 1    |        | product_942    | mul | dsp_slice | 3       |
|     mac_muladd_8s_8s_16ns_16_4_1_U1031              | 1    |        | add_ln101_942  | add | dsp_slice | 3       |
|     mac_muladd_8s_8s_16ns_16_4_1_U1032              | 1    |        | product_943    | mul | dsp_slice | 3       |
|     mac_muladd_8s_8s_16ns_16_4_1_U1032              | 1    |        | add_ln101_943  | add | dsp_slice | 3       |
|     mac_muladd_8s_8s_16ns_16_4_1_U1033              | 1    |        | product_944    | mul | dsp_slice | 3       |
|     mac_muladd_8s_8s_16ns_16_4_1_U1033              | 1    |        | add_ln101_944  | add | dsp_slice | 3       |
|     mac_muladd_8s_8s_16ns_16_4_1_U1034              | 1    |        | product_945    | mul | dsp_slice | 3       |
|     mac_muladd_8s_8s_16ns_16_4_1_U1034              | 1    |        | add_ln101_945  | add | dsp_slice | 3       |
|     mac_muladd_8s_8s_16ns_16_4_1_U1035              | 1    |        | product_946    | mul | dsp_slice | 3       |
|     mac_muladd_8s_8s_16ns_16_4_1_U1035              | 1    |        | add_ln101_946  | add | dsp_slice | 3       |
|     mac_muladd_8s_8s_16ns_16_4_1_U1036              | 1    |        | product_947    | mul | dsp_slice | 3       |
|     mac_muladd_8s_8s_16ns_16_4_1_U1036              | 1    |        | add_ln101_947  | add | dsp_slice | 3       |
|     mac_muladd_8s_8s_16ns_16_4_1_U1037              | 1    |        | product_948    | mul | dsp_slice | 3       |
|     mac_muladd_8s_8s_16ns_16_4_1_U1037              | 1    |        | add_ln101_948  | add | dsp_slice | 3       |
|     mac_muladd_8s_8s_16ns_16_4_1_U1038              | 1    |        | product_949    | mul | dsp_slice | 3       |
|     mac_muladd_8s_8s_16ns_16_4_1_U1038              | 1    |        | add_ln101_949  | add | dsp_slice | 3       |
|     mac_muladd_8s_8s_16ns_16_4_1_U1039              | 1    |        | product_950    | mul | dsp_slice | 3       |
|     mac_muladd_8s_8s_16ns_16_4_1_U1039              | 1    |        | add_ln101_950  | add | dsp_slice | 3       |
|     mac_muladd_8s_8s_16ns_16_4_1_U1040              | 1    |        | product_951    | mul | dsp_slice | 3       |
|     mac_muladd_8s_8s_16ns_16_4_1_U1040              | 1    |        | add_ln101_951  | add | dsp_slice | 3       |
|     mac_muladd_8s_8s_16ns_16_4_1_U1041              | 1    |        | product_952    | mul | dsp_slice | 3       |
|     mac_muladd_8s_8s_16ns_16_4_1_U1041              | 1    |        | add_ln101_952  | add | dsp_slice | 3       |
|     mac_muladd_8s_8s_16ns_16_4_1_U1042              | 1    |        | product_953    | mul | dsp_slice | 3       |
|     mac_muladd_8s_8s_16ns_16_4_1_U1042              | 1    |        | add_ln101_953  | add | dsp_slice | 3       |
|     mac_muladd_8s_8s_16ns_16_4_1_U1043              | 1    |        | product_954    | mul | dsp_slice | 3       |
|     mac_muladd_8s_8s_16ns_16_4_1_U1043              | 1    |        | add_ln101_954  | add | dsp_slice | 3       |
|     mac_muladd_8s_8s_16ns_16_4_1_U1044              | 1    |        | product_955    | mul | dsp_slice | 3       |
|     mac_muladd_8s_8s_16ns_16_4_1_U1044              | 1    |        | add_ln101_955  | add | dsp_slice | 3       |
|     mac_muladd_8s_8s_16ns_16_4_1_U1045              | 1    |        | product_956    | mul | dsp_slice | 3       |
|     mac_muladd_8s_8s_16ns_16_4_1_U1045              | 1    |        | add_ln101_956  | add | dsp_slice | 3       |
|     mac_muladd_8s_8s_16ns_16_4_1_U1046              | 1    |        | product_957    | mul | dsp_slice | 3       |
|     mac_muladd_8s_8s_16ns_16_4_1_U1046              | 1    |        | add_ln101_957  | add | dsp_slice | 3       |
|     mac_muladd_8s_8s_16ns_16_4_1_U1047              | 1    |        | product_958    | mul | dsp_slice | 3       |
|     mac_muladd_8s_8s_16ns_16_4_1_U1047              | 1    |        | add_ln101_958  | add | dsp_slice | 3       |
|     mac_muladd_8s_8s_16ns_16_4_1_U1048              | 1    |        | product_959    | mul | dsp_slice | 3       |
|     mac_muladd_8s_8s_16ns_16_4_1_U1048              | 1    |        | add_ln101_959  | add | dsp_slice | 3       |
|     mac_muladd_8s_8s_16ns_16_4_1_U1049              | 1    |        | product_960    | mul | dsp_slice | 3       |
|     mac_muladd_8s_8s_16ns_16_4_1_U1049              | 1    |        | add_ln101_960  | add | dsp_slice | 3       |
|     mac_muladd_8s_8s_16ns_16_4_1_U1050              | 1    |        | product_961    | mul | dsp_slice | 3       |
|     mac_muladd_8s_8s_16ns_16_4_1_U1050              | 1    |        | add_ln101_961  | add | dsp_slice | 3       |
|     mac_muladd_8s_8s_16ns_16_4_1_U1051              | 1    |        | product_962    | mul | dsp_slice | 3       |
|     mac_muladd_8s_8s_16ns_16_4_1_U1051              | 1    |        | add_ln101_962  | add | dsp_slice | 3       |
|     mac_muladd_8s_8s_16ns_16_4_1_U1052              | 1    |        | product_963    | mul | dsp_slice | 3       |
|     mac_muladd_8s_8s_16ns_16_4_1_U1052              | 1    |        | add_ln101_963  | add | dsp_slice | 3       |
|     mac_muladd_8s_8s_16ns_16_4_1_U1053              | 1    |        | product_964    | mul | dsp_slice | 3       |
|     mac_muladd_8s_8s_16ns_16_4_1_U1053              | 1    |        | add_ln101_964  | add | dsp_slice | 3       |
|     mac_muladd_8s_8s_16ns_16_4_1_U1054              | 1    |        | product_965    | mul | dsp_slice | 3       |
|     mac_muladd_8s_8s_16ns_16_4_1_U1054              | 1    |        | add_ln101_965  | add | dsp_slice | 3       |
|     mac_muladd_8s_8s_16ns_16_4_1_U1055              | 1    |        | product_966    | mul | dsp_slice | 3       |
|     mac_muladd_8s_8s_16ns_16_4_1_U1055              | 1    |        | add_ln101_966  | add | dsp_slice | 3       |
|     mac_muladd_8s_8s_16ns_16_4_1_U1056              | 1    |        | product_967    | mul | dsp_slice | 3       |
|     mac_muladd_8s_8s_16ns_16_4_1_U1056              | 1    |        | add_ln101_967  | add | dsp_slice | 3       |
|     mac_muladd_8s_8s_16ns_16_4_1_U1057              | 1    |        | product_968    | mul | dsp_slice | 3       |
|     mac_muladd_8s_8s_16ns_16_4_1_U1057              | 1    |        | add_ln101_968  | add | dsp_slice | 3       |
|     mac_muladd_8s_8s_16ns_16_4_1_U1058              | 1    |        | product_969    | mul | dsp_slice | 3       |
|     mac_muladd_8s_8s_16ns_16_4_1_U1058              | 1    |        | add_ln101_969  | add | dsp_slice | 3       |
|     mac_muladd_8s_8s_16ns_16_4_1_U1059              | 1    |        | product_970    | mul | dsp_slice | 3       |
|     mac_muladd_8s_8s_16ns_16_4_1_U1059              | 1    |        | add_ln101_970  | add | dsp_slice | 3       |
|     mac_muladd_8s_8s_16ns_16_4_1_U1060              | 1    |        | product_971    | mul | dsp_slice | 3       |
|     mac_muladd_8s_8s_16ns_16_4_1_U1060              | 1    |        | add_ln101_971  | add | dsp_slice | 3       |
|     mac_muladd_8s_8s_16ns_16_4_1_U1061              | 1    |        | product_972    | mul | dsp_slice | 3       |
|     mac_muladd_8s_8s_16ns_16_4_1_U1061              | 1    |        | add_ln101_972  | add | dsp_slice | 3       |
|     mac_muladd_8s_8s_16ns_16_4_1_U1062              | 1    |        | product_973    | mul | dsp_slice | 3       |
|     mac_muladd_8s_8s_16ns_16_4_1_U1062              | 1    |        | add_ln101_973  | add | dsp_slice | 3       |
|     mac_muladd_8s_8s_16ns_16_4_1_U1063              | 1    |        | product_974    | mul | dsp_slice | 3       |
|     mac_muladd_8s_8s_16ns_16_4_1_U1063              | 1    |        | add_ln101_974  | add | dsp_slice | 3       |
|     mac_muladd_8s_8s_16ns_16_4_1_U1064              | 1    |        | product_975    | mul | dsp_slice | 3       |
|     mac_muladd_8s_8s_16ns_16_4_1_U1064              | 1    |        | add_ln101_975  | add | dsp_slice | 3       |
|     mac_muladd_8s_8s_16ns_16_4_1_U1065              | 1    |        | product_976    | mul | dsp_slice | 3       |
|     mac_muladd_8s_8s_16ns_16_4_1_U1065              | 1    |        | add_ln101_976  | add | dsp_slice | 3       |
|     mac_muladd_8s_8s_16ns_16_4_1_U1066              | 1    |        | product_977    | mul | dsp_slice | 3       |
|     mac_muladd_8s_8s_16ns_16_4_1_U1066              | 1    |        | add_ln101_977  | add | dsp_slice | 3       |
|     mac_muladd_8s_8s_16ns_16_4_1_U1067              | 1    |        | product_978    | mul | dsp_slice | 3       |
|     mac_muladd_8s_8s_16ns_16_4_1_U1067              | 1    |        | add_ln101_978  | add | dsp_slice | 3       |
|     mac_muladd_8s_8s_16ns_16_4_1_U1068              | 1    |        | product_979    | mul | dsp_slice | 3       |
|     mac_muladd_8s_8s_16ns_16_4_1_U1068              | 1    |        | add_ln101_979  | add | dsp_slice | 3       |
|     mac_muladd_8s_8s_16ns_16_4_1_U1069              | 1    |        | product_980    | mul | dsp_slice | 3       |
|     mac_muladd_8s_8s_16ns_16_4_1_U1069              | 1    |        | add_ln101_980  | add | dsp_slice | 3       |
|     mac_muladd_8s_8s_16ns_16_4_1_U1070              | 1    |        | product_981    | mul | dsp_slice | 3       |
|     mac_muladd_8s_8s_16ns_16_4_1_U1070              | 1    |        | add_ln101_981  | add | dsp_slice | 3       |
|     mac_muladd_8s_8s_16ns_16_4_1_U1071              | 1    |        | product_982    | mul | dsp_slice | 3       |
|     mac_muladd_8s_8s_16ns_16_4_1_U1071              | 1    |        | add_ln101_982  | add | dsp_slice | 3       |
|     mac_muladd_8s_8s_16ns_16_4_1_U1072              | 1    |        | product_983    | mul | dsp_slice | 3       |
|     mac_muladd_8s_8s_16ns_16_4_1_U1072              | 1    |        | add_ln101_983  | add | dsp_slice | 3       |
|     mac_muladd_8s_8s_16ns_16_4_1_U1073              | 1    |        | product_984    | mul | dsp_slice | 3       |
|     mac_muladd_8s_8s_16ns_16_4_1_U1073              | 1    |        | add_ln101_984  | add | dsp_slice | 3       |
|     mac_muladd_8s_8s_16ns_16_4_1_U1074              | 1    |        | product_985    | mul | dsp_slice | 3       |
|     mac_muladd_8s_8s_16ns_16_4_1_U1074              | 1    |        | add_ln101_985  | add | dsp_slice | 3       |
|     mac_muladd_8s_8s_16ns_16_4_1_U1075              | 1    |        | product_986    | mul | dsp_slice | 3       |
|     mac_muladd_8s_8s_16ns_16_4_1_U1075              | 1    |        | add_ln101_986  | add | dsp_slice | 3       |
|     mac_muladd_8s_8s_16ns_16_4_1_U1076              | 1    |        | product_987    | mul | dsp_slice | 3       |
|     mac_muladd_8s_8s_16ns_16_4_1_U1076              | 1    |        | add_ln101_987  | add | dsp_slice | 3       |
|     mac_muladd_8s_8s_16ns_16_4_1_U1077              | 1    |        | product_988    | mul | dsp_slice | 3       |
|     mac_muladd_8s_8s_16ns_16_4_1_U1077              | 1    |        | add_ln101_988  | add | dsp_slice | 3       |
|     mac_muladd_8s_8s_16ns_16_4_1_U1078              | 1    |        | product_989    | mul | dsp_slice | 3       |
|     mac_muladd_8s_8s_16ns_16_4_1_U1078              | 1    |        | add_ln101_989  | add | dsp_slice | 3       |
|     mac_muladd_8s_8s_16ns_16_4_1_U1079              | 1    |        | product_990    | mul | dsp_slice | 3       |
|     mac_muladd_8s_8s_16ns_16_4_1_U1079              | 1    |        | add_ln101_990  | add | dsp_slice | 3       |
|     mac_muladd_8s_8s_16ns_16_4_1_U1080              | 1    |        | product_991    | mul | dsp_slice | 3       |
|     mac_muladd_8s_8s_16ns_16_4_1_U1080              | 1    |        | add_ln101_991  | add | dsp_slice | 3       |
|     mac_muladd_8s_8s_16ns_16_4_1_U1081              | 1    |        | product_992    | mul | dsp_slice | 3       |
|     mac_muladd_8s_8s_16ns_16_4_1_U1081              | 1    |        | add_ln101_992  | add | dsp_slice | 3       |
|     mac_muladd_8s_8s_16ns_16_4_1_U1082              | 1    |        | product_993    | mul | dsp_slice | 3       |
|     mac_muladd_8s_8s_16ns_16_4_1_U1082              | 1    |        | add_ln101_993  | add | dsp_slice | 3       |
|     mac_muladd_8s_8s_16ns_16_4_1_U1083              | 1    |        | product_994    | mul | dsp_slice | 3       |
|     mac_muladd_8s_8s_16ns_16_4_1_U1083              | 1    |        | add_ln101_994  | add | dsp_slice | 3       |
|     mac_muladd_8s_8s_16ns_16_4_1_U1084              | 1    |        | product_995    | mul | dsp_slice | 3       |
|     mac_muladd_8s_8s_16ns_16_4_1_U1084              | 1    |        | add_ln101_995  | add | dsp_slice | 3       |
|     mac_muladd_8s_8s_16ns_16_4_1_U1085              | 1    |        | product_996    | mul | dsp_slice | 3       |
|     mac_muladd_8s_8s_16ns_16_4_1_U1085              | 1    |        | add_ln101_996  | add | dsp_slice | 3       |
|     mac_muladd_8s_8s_16ns_16_4_1_U1086              | 1    |        | product_997    | mul | dsp_slice | 3       |
|     mac_muladd_8s_8s_16ns_16_4_1_U1086              | 1    |        | add_ln101_997  | add | dsp_slice | 3       |
|     mac_muladd_8s_8s_16ns_16_4_1_U1087              | 1    |        | product_998    | mul | dsp_slice | 3       |
|     mac_muladd_8s_8s_16ns_16_4_1_U1087              | 1    |        | add_ln101_998  | add | dsp_slice | 3       |
|     mac_muladd_8s_8s_16ns_16_4_1_U1088              | 1    |        | product_999    | mul | dsp_slice | 3       |
|     mac_muladd_8s_8s_16ns_16_4_1_U1088              | 1    |        | add_ln101_999  | add | dsp_slice | 3       |
|     mac_muladd_8s_8s_16ns_16_4_1_U1089              | 1    |        | product_1000   | mul | dsp_slice | 3       |
|     mac_muladd_8s_8s_16ns_16_4_1_U1089              | 1    |        | add_ln101_1000 | add | dsp_slice | 3       |
|     mac_muladd_8s_8s_16ns_16_4_1_U1090              | 1    |        | product_1001   | mul | dsp_slice | 3       |
|     mac_muladd_8s_8s_16ns_16_4_1_U1090              | 1    |        | add_ln101_1001 | add | dsp_slice | 3       |
|     mac_muladd_8s_8s_16ns_16_4_1_U1091              | 1    |        | product_1002   | mul | dsp_slice | 3       |
|     mac_muladd_8s_8s_16ns_16_4_1_U1091              | 1    |        | add_ln101_1002 | add | dsp_slice | 3       |
|     mac_muladd_8s_8s_16ns_16_4_1_U1092              | 1    |        | product_1003   | mul | dsp_slice | 3       |
|     mac_muladd_8s_8s_16ns_16_4_1_U1092              | 1    |        | add_ln101_1003 | add | dsp_slice | 3       |
|     mac_muladd_8s_8s_16ns_16_4_1_U1093              | 1    |        | product_1004   | mul | dsp_slice | 3       |
|     mac_muladd_8s_8s_16ns_16_4_1_U1093              | 1    |        | add_ln101_1004 | add | dsp_slice | 3       |
|     mac_muladd_8s_8s_16ns_16_4_1_U1094              | 1    |        | product_1005   | mul | dsp_slice | 3       |
|     mac_muladd_8s_8s_16ns_16_4_1_U1094              | 1    |        | add_ln101_1005 | add | dsp_slice | 3       |
|     mac_muladd_8s_8s_16ns_16_4_1_U1095              | 1    |        | product_1006   | mul | dsp_slice | 3       |
|     mac_muladd_8s_8s_16ns_16_4_1_U1095              | 1    |        | add_ln101_1006 | add | dsp_slice | 3       |
|     mac_muladd_8s_8s_16ns_16_4_1_U1096              | 1    |        | product_1007   | mul | dsp_slice | 3       |
|     mac_muladd_8s_8s_16ns_16_4_1_U1096              | 1    |        | add_ln101_1007 | add | dsp_slice | 3       |
|     mac_muladd_8s_8s_16ns_16_4_1_U1097              | 1    |        | product_1008   | mul | dsp_slice | 3       |
|     mac_muladd_8s_8s_16ns_16_4_1_U1097              | 1    |        | add_ln101_1008 | add | dsp_slice | 3       |
|     mac_muladd_8s_8s_16ns_16_4_1_U1098              | 1    |        | product_1009   | mul | dsp_slice | 3       |
|     mac_muladd_8s_8s_16ns_16_4_1_U1098              | 1    |        | add_ln101_1009 | add | dsp_slice | 3       |
|     mac_muladd_8s_8s_16ns_16_4_1_U1099              | 1    |        | product_1010   | mul | dsp_slice | 3       |
|     mac_muladd_8s_8s_16ns_16_4_1_U1099              | 1    |        | add_ln101_1010 | add | dsp_slice | 3       |
|     mac_muladd_8s_8s_16ns_16_4_1_U1100              | 1    |        | product_1011   | mul | dsp_slice | 3       |
|     mac_muladd_8s_8s_16ns_16_4_1_U1100              | 1    |        | add_ln101_1011 | add | dsp_slice | 3       |
|     mac_muladd_8s_8s_16ns_16_4_1_U1101              | 1    |        | product_1012   | mul | dsp_slice | 3       |
|     mac_muladd_8s_8s_16ns_16_4_1_U1101              | 1    |        | add_ln101_1012 | add | dsp_slice | 3       |
|     mac_muladd_8s_8s_16ns_16_4_1_U1102              | 1    |        | product_1013   | mul | dsp_slice | 3       |
|     mac_muladd_8s_8s_16ns_16_4_1_U1102              | 1    |        | add_ln101_1013 | add | dsp_slice | 3       |
|     mac_muladd_8s_8s_16ns_16_4_1_U1103              | 1    |        | product_1014   | mul | dsp_slice | 3       |
|     mac_muladd_8s_8s_16ns_16_4_1_U1103              | 1    |        | add_ln101_1014 | add | dsp_slice | 3       |
|     mac_muladd_8s_8s_16ns_16_4_1_U1104              | 1    |        | product_1015   | mul | dsp_slice | 3       |
|     mac_muladd_8s_8s_16ns_16_4_1_U1104              | 1    |        | add_ln101_1015 | add | dsp_slice | 3       |
|     mac_muladd_8s_8s_16ns_16_4_1_U1105              | 1    |        | product_1016   | mul | dsp_slice | 3       |
|     mac_muladd_8s_8s_16ns_16_4_1_U1105              | 1    |        | add_ln101_1016 | add | dsp_slice | 3       |
|     mac_muladd_8s_8s_16ns_16_4_1_U1106              | 1    |        | product_1017   | mul | dsp_slice | 3       |
|     mac_muladd_8s_8s_16ns_16_4_1_U1106              | 1    |        | add_ln101_1017 | add | dsp_slice | 3       |
|     mac_muladd_8s_8s_16ns_16_4_1_U1107              | 1    |        | product_1018   | mul | dsp_slice | 3       |
|     mac_muladd_8s_8s_16ns_16_4_1_U1107              | 1    |        | add_ln101_1018 | add | dsp_slice | 3       |
|     mac_muladd_8s_8s_16ns_16_4_1_U1108              | 1    |        | product_1019   | mul | dsp_slice | 3       |
|     mac_muladd_8s_8s_16ns_16_4_1_U1108              | 1    |        | add_ln101_1019 | add | dsp_slice | 3       |
|     mac_muladd_8s_8s_16ns_16_4_1_U1109              | 1    |        | product_1020   | mul | dsp_slice | 3       |
|     mac_muladd_8s_8s_16ns_16_4_1_U1109              | 1    |        | add_ln101_1020 | add | dsp_slice | 3       |
|     mac_muladd_8s_8s_16ns_16_4_1_U1110              | 1    |        | product_1021   | mul | dsp_slice | 3       |
|     mac_muladd_8s_8s_16ns_16_4_1_U1110              | 1    |        | add_ln101_1021 | add | dsp_slice | 3       |
|     mac_muladd_8s_8s_16ns_16_4_1_U1111              | 1    |        | product_1022   | mul | dsp_slice | 3       |
|     mac_muladd_8s_8s_16ns_16_4_1_U1111              | 1    |        | add_ln101_1022 | add | dsp_slice | 3       |
|     mac_muladd_8s_8s_16ns_16_4_1_U1112              | 1    |        | product_1023   | mul | dsp_slice | 3       |
|     mac_muladd_8s_8s_16ns_16_4_1_U1112              | 1    |        | add_ln101_1023 | add | dsp_slice | 3       |
|     add_ln81_fu_28075_p2                            |      |        | add_ln81       | add | fabric    | 0       |
|  + mmult_Pipeline_writeC_VITIS_LOOP_187_5           | 0    |        |                |     |           |         |
|    add_ln185_1_fu_1127_p2                           |      |        | add_ln185_1    | add | fabric    | 0       |
|    add_ln185_fu_1136_p2                             |      |        | add_ln185      | add | fabric    | 0       |
|    add_ln190_fu_1194_p2                             |      |        | add_ln190      | add | fabric    | 0       |
|    add_ln187_fu_1200_p2                             |      |        | add_ln187      | add | fabric    | 0       |
+-----------------------------------------------------+------+--------+----------------+-----+-----------+---------+


================================================================
== Storage Report
================================================================
+-------------------+---------------+-----------+------+------+--------+-----------+--------+---------+------------------+
| Name              | Usage         | Type      | BRAM | URAM | Pragma | Variable  | Impl   | Latency | Bitwidth, Depth, |
|                   |               |           |      |      |        |           |        |         | Banks            |
+-------------------+---------------+-----------+------+------+--------+-----------+--------+---------+------------------+
| + mmult           |               |           | 6    | 0    |        |           |        |         |                  |
|   control_s_axi_U | interface     | s_axilite |      |      |        |           |        |         |                  |
|   gmem0_m_axi_U   | interface     | m_axi     | 2    |      |        |           |        |         |                  |
|   gmem1_m_axi_U   | interface     | m_axi     | 2    |      |        |           |        |         |                  |
|   gmem2_m_axi_U   | interface     | m_axi     | 2    |      |        |           |        |         |                  |
|   localA_U        | ram_2p array  |           |      |      | yes    | localA    | lutram | 1       | 8, 128, 1        |
|   localA_1_U      | ram_2p array  |           |      |      | yes    | localA_1  | lutram | 1       | 8, 128, 1        |
|   localA_2_U      | ram_2p array  |           |      |      | yes    | localA_2  | lutram | 1       | 8, 128, 1        |
|   localA_3_U      | ram_2p array  |           |      |      | yes    | localA_3  | lutram | 1       | 8, 128, 1        |
|   localA_4_U      | ram_2p array  |           |      |      | yes    | localA_4  | lutram | 1       | 8, 128, 1        |
|   localA_5_U      | ram_2p array  |           |      |      | yes    | localA_5  | lutram | 1       | 8, 128, 1        |
|   localA_6_U      | ram_2p array  |           |      |      | yes    | localA_6  | lutram | 1       | 8, 128, 1        |
|   localA_7_U      | ram_2p array  |           |      |      | yes    | localA_7  | lutram | 1       | 8, 128, 1        |
|   localB_U        | ram_2p array  |           |      |      | yes    | localB    | lutram | 1       | 8, 128, 1        |
|   localB_1_U      | ram_2p array  |           |      |      | yes    | localB_1  | lutram | 1       | 8, 128, 1        |
|   localB_2_U      | ram_2p array  |           |      |      | yes    | localB_2  | lutram | 1       | 8, 128, 1        |
|   localB_3_U      | ram_2p array  |           |      |      | yes    | localB_3  | lutram | 1       | 8, 128, 1        |
|   localB_4_U      | ram_2p array  |           |      |      | yes    | localB_4  | lutram | 1       | 8, 128, 1        |
|   localB_5_U      | ram_2p array  |           |      |      | yes    | localB_5  | lutram | 1       | 8, 128, 1        |
|   localB_6_U      | ram_2p array  |           |      |      | yes    | localB_6  | lutram | 1       | 8, 128, 1        |
|   localB_7_U      | ram_2p array  |           |      |      | yes    | localB_7  | lutram | 1       | 8, 128, 1        |
|   localC_U        | ram_t2p array |           |      |      |        | localC    | auto   | 1       | 16, 16, 1        |
|   localC_1_U      | ram_t2p array |           |      |      |        | localC_1  | auto   | 1       | 16, 16, 1        |
|   localC_2_U      | ram_t2p array |           |      |      |        | localC_2  | auto   | 1       | 16, 16, 1        |
|   localC_3_U      | ram_t2p array |           |      |      |        | localC_3  | auto   | 1       | 16, 16, 1        |
|   localC_4_U      | ram_t2p array |           |      |      |        | localC_4  | auto   | 1       | 16, 16, 1        |
|   localC_5_U      | ram_t2p array |           |      |      |        | localC_5  | auto   | 1       | 16, 16, 1        |
|   localC_6_U      | ram_t2p array |           |      |      |        | localC_6  | auto   | 1       | 16, 16, 1        |
|   localC_7_U      | ram_t2p array |           |      |      |        | localC_7  | auto   | 1       | 16, 16, 1        |
|   localC_8_U      | ram_t2p array |           |      |      |        | localC_8  | auto   | 1       | 16, 16, 1        |
|   localC_9_U      | ram_t2p array |           |      |      |        | localC_9  | auto   | 1       | 16, 16, 1        |
|   localC_10_U     | ram_t2p array |           |      |      |        | localC_10 | auto   | 1       | 16, 16, 1        |
|   localC_11_U     | ram_t2p array |           |      |      |        | localC_11 | auto   | 1       | 16, 16, 1        |
|   localC_12_U     | ram_t2p array |           |      |      |        | localC_12 | auto   | 1       | 16, 16, 1        |
|   localC_13_U     | ram_t2p array |           |      |      |        | localC_13 | auto   | 1       | 16, 16, 1        |
|   localC_14_U     | ram_t2p array |           |      |      |        | localC_14 | auto   | 1       | 16, 16, 1        |
|   localC_15_U     | ram_t2p array |           |      |      |        | localC_15 | auto   | 1       | 16, 16, 1        |
|   localC_16_U     | ram_t2p array |           |      |      |        | localC_16 | auto   | 1       | 16, 16, 1        |
|   localC_17_U     | ram_t2p array |           |      |      |        | localC_17 | auto   | 1       | 16, 16, 1        |
|   localC_18_U     | ram_t2p array |           |      |      |        | localC_18 | auto   | 1       | 16, 16, 1        |
|   localC_19_U     | ram_t2p array |           |      |      |        | localC_19 | auto   | 1       | 16, 16, 1        |
|   localC_20_U     | ram_t2p array |           |      |      |        | localC_20 | auto   | 1       | 16, 16, 1        |
|   localC_21_U     | ram_t2p array |           |      |      |        | localC_21 | auto   | 1       | 16, 16, 1        |
|   localC_22_U     | ram_t2p array |           |      |      |        | localC_22 | auto   | 1       | 16, 16, 1        |
|   localC_23_U     | ram_t2p array |           |      |      |        | localC_23 | auto   | 1       | 16, 16, 1        |
|   localC_24_U     | ram_t2p array |           |      |      |        | localC_24 | auto   | 1       | 16, 16, 1        |
|   localC_25_U     | ram_t2p array |           |      |      |        | localC_25 | auto   | 1       | 16, 16, 1        |
|   localC_26_U     | ram_t2p array |           |      |      |        | localC_26 | auto   | 1       | 16, 16, 1        |
|   localC_27_U     | ram_t2p array |           |      |      |        | localC_27 | auto   | 1       | 16, 16, 1        |
|   localC_28_U     | ram_t2p array |           |      |      |        | localC_28 | auto   | 1       | 16, 16, 1        |
|   localC_29_U     | ram_t2p array |           |      |      |        | localC_29 | auto   | 1       | 16, 16, 1        |
|   localC_30_U     | ram_t2p array |           |      |      |        | localC_30 | auto   | 1       | 16, 16, 1        |
|   localC_31_U     | ram_t2p array |           |      |      |        | localC_31 | auto   | 1       | 16, 16, 1        |
|   localC_32_U     | ram_t2p array |           |      |      |        | localC_32 | auto   | 1       | 16, 16, 1        |
|   localC_33_U     | ram_t2p array |           |      |      |        | localC_33 | auto   | 1       | 16, 16, 1        |
|   localC_34_U     | ram_t2p array |           |      |      |        | localC_34 | auto   | 1       | 16, 16, 1        |
|   localC_35_U     | ram_t2p array |           |      |      |        | localC_35 | auto   | 1       | 16, 16, 1        |
|   localC_36_U     | ram_t2p array |           |      |      |        | localC_36 | auto   | 1       | 16, 16, 1        |
|   localC_37_U     | ram_t2p array |           |      |      |        | localC_37 | auto   | 1       | 16, 16, 1        |
|   localC_38_U     | ram_t2p array |           |      |      |        | localC_38 | auto   | 1       | 16, 16, 1        |
|   localC_39_U     | ram_t2p array |           |      |      |        | localC_39 | auto   | 1       | 16, 16, 1        |
|   localC_40_U     | ram_t2p array |           |      |      |        | localC_40 | auto   | 1       | 16, 16, 1        |
|   localC_41_U     | ram_t2p array |           |      |      |        | localC_41 | auto   | 1       | 16, 16, 1        |
|   localC_42_U     | ram_t2p array |           |      |      |        | localC_42 | auto   | 1       | 16, 16, 1        |
|   localC_43_U     | ram_t2p array |           |      |      |        | localC_43 | auto   | 1       | 16, 16, 1        |
|   localC_44_U     | ram_t2p array |           |      |      |        | localC_44 | auto   | 1       | 16, 16, 1        |
|   localC_45_U     | ram_t2p array |           |      |      |        | localC_45 | auto   | 1       | 16, 16, 1        |
|   localC_46_U     | ram_t2p array |           |      |      |        | localC_46 | auto   | 1       | 16, 16, 1        |
|   localC_47_U     | ram_t2p array |           |      |      |        | localC_47 | auto   | 1       | 16, 16, 1        |
|   localC_48_U     | ram_t2p array |           |      |      |        | localC_48 | auto   | 1       | 16, 16, 1        |
|   localC_49_U     | ram_t2p array |           |      |      |        | localC_49 | auto   | 1       | 16, 16, 1        |
|   localC_50_U     | ram_t2p array |           |      |      |        | localC_50 | auto   | 1       | 16, 16, 1        |
|   localC_51_U     | ram_t2p array |           |      |      |        | localC_51 | auto   | 1       | 16, 16, 1        |
|   localC_52_U     | ram_t2p array |           |      |      |        | localC_52 | auto   | 1       | 16, 16, 1        |
|   localC_53_U     | ram_t2p array |           |      |      |        | localC_53 | auto   | 1       | 16, 16, 1        |
|   localC_54_U     | ram_t2p array |           |      |      |        | localC_54 | auto   | 1       | 16, 16, 1        |
|   localC_55_U     | ram_t2p array |           |      |      |        | localC_55 | auto   | 1       | 16, 16, 1        |
|   localC_56_U     | ram_t2p array |           |      |      |        | localC_56 | auto   | 1       | 16, 16, 1        |
|   localC_57_U     | ram_t2p array |           |      |      |        | localC_57 | auto   | 1       | 16, 16, 1        |
|   localC_58_U     | ram_t2p array |           |      |      |        | localC_58 | auto   | 1       | 16, 16, 1        |
|   localC_59_U     | ram_t2p array |           |      |      |        | localC_59 | auto   | 1       | 16, 16, 1        |
|   localC_60_U     | ram_t2p array |           |      |      |        | localC_60 | auto   | 1       | 16, 16, 1        |
|   localC_61_U     | ram_t2p array |           |      |      |        | localC_61 | auto   | 1       | 16, 16, 1        |
|   localC_62_U     | ram_t2p array |           |      |      |        | localC_62 | auto   | 1       | 16, 16, 1        |
|   localC_63_U     | ram_t2p array |           |      |      |        | localC_63 | auto   | 1       | 16, 16, 1        |
+-------------------+---------------+-----------+------+------+--------+-----------+--------+---------+------------------+


================================================================
== Pragma Report
================================================================
* Valid Pragma Syntax
+-----------------+--------------------------------------------------+------------------------------+
| Type            | Options                                          | Location                     |
+-----------------+--------------------------------------------------+------------------------------+
| array_partition | variable = c_row_major dim = 1 factor = 8 cyclic | mmult.cpp:75 in tile_process |
| array_partition | variable = c_row_major dim = 2 factor = 8 cyclic | mmult.cpp:76 in tile_process |
| loop_tripcount  | min = c_size max = c_size                        | mmult.cpp:82 in tile_process |
| pipeline        | II = 1                                           | mmult.cpp:83 in tile_process |
| unroll          | factor = 8                                       | mmult.cpp:87 in tile_process |
| unroll          | factor = 8                                       | mmult.cpp:89 in tile_process |
| interface       | m_axi port = a offset = slave bundle = gmem0     | mmult.cpp:117 in mmult       |
| interface       | m_axi port = b offset = slave bundle = gmem1     | mmult.cpp:118 in mmult       |
| interface       | m_axi port = c offset = slave bundle = gmem2     | mmult.cpp:119 in mmult       |
| interface       | s_axilite port = a bundle = control              | mmult.cpp:121 in mmult       |
| interface       | s_axilite port = b bundle = control              | mmult.cpp:122 in mmult       |
| interface       | s_axilite port = c bundle = control              | mmult.cpp:123 in mmult       |
| interface       | s_axilite port = a_row bundle = control          | mmult.cpp:124 in mmult       |
| interface       | s_axilite port = a_col bundle = control          | mmult.cpp:125 in mmult       |
| interface       | s_axilite port = b_col bundle = control          | mmult.cpp:126 in mmult       |
| interface       | s_axilite port = return bundle = control         | mmult.cpp:127 in mmult       |
| array_partition | variable = localA dim = 1 factor = 8 cyclic      | mmult.cpp:131 in mmult       |
| bind_storage    | variable = localA type = ram_2p impl = lutram    | mmult.cpp:132 in mmult       |
| array_partition | variable = localB dim = 2 factor = 8 cyclic      | mmult.cpp:135 in mmult       |
| bind_storage    | variable = localB type = ram_2p impl = lutram    | mmult.cpp:136 in mmult       |
| array_partition | variable = localC dim = 1 factor = 8 cyclic      | mmult.cpp:139 in mmult       |
| array_partition | variable = localC dim = 2 factor = 8 cyclic      | mmult.cpp:140 in mmult       |
| loop_tripcount  | min = c_size max = c_size                        | mmult.cpp:146 in mmult       |
| loop_tripcount  | min = c_size max = c_size                        | mmult.cpp:148 in mmult       |
| pipeline        | II = 1                                           | mmult.cpp:149 in mmult       |
| loop_tripcount  | min = c_size max = c_size                        | mmult.cpp:157 in mmult       |
| loop_tripcount  | min = c_size max = c_size                        | mmult.cpp:159 in mmult       |
| pipeline        | II = 1                                           | mmult.cpp:160 in mmult       |
| unroll          | factor = 8                                       | mmult.cpp:168 in mmult       |
| loop_tripcount  | min = c_size max = c_size                        | mmult.cpp:186 in mmult       |
| loop_tripcount  | min = c_size max = c_size                        | mmult.cpp:188 in mmult       |
| pipeline        | II = 1                                           | mmult.cpp:189 in mmult       |
+-----------------+--------------------------------------------------+------------------------------+


