

================================================================
== Vitis HLS Report for 'tile_process'
================================================================
* Date:           Fri Jun  5 01:39:02 2026

* Version:        2023.2 (Build 4023990 on Oct 11 2023)
* Project:        hls_prj
* Solution:       s1 (Vivado IP Flow Target)
* Product family: zynquplus
* Target device:  xck26-sfvc784-2LV-c


================================================================
== Performance Estimates
================================================================
+ Timing: 
    * Summary: 
    +--------+---------+----------+------------+
    |  Clock |  Target | Estimated| Uncertainty|
    +--------+---------+----------+------------+
    |ap_clk  |  3.30 ns|  2.066 ns|     0.89 ns|
    +--------+---------+----------+------------+

+ Latency: 
    * Summary: 
    +---------+---------+----------+----------+-----+-----+---------+
    |  Latency (cycles) |  Latency (absolute) |  Interval | Pipeline|
    |   min   |   max   |    min   |    max   | min | max |   Type  |
    +---------+---------+----------+----------+-----+-----+---------+
    |        1|      214|  3.300 ns|  0.706 us|    1|  214|       no|
    +---------+---------+----------+----------+-----+-----+---------+

    + Detail: 
        * Instance: 
        +-----------------------------------------------------+----------------------------------------+---------+---------+----------+----------+-----+-----+---------+
        |                                                     |                                        |  Latency (cycles) |  Latency (absolute) |  Interval | Pipeline|
        |                       Instance                      |                 Module                 |   min   |   max   |    min   |    max   | min | max |   Type  |
        +-----------------------------------------------------+----------------------------------------+---------+---------+----------+----------+-----+-----+---------+
        |grp_tile_process_Pipeline_compute_pipeline_fu_13334  |tile_process_Pipeline_compute_pipeline  |      197|      197|  0.650 us|  0.650 us|  197|  197|       no|
        +-----------------------------------------------------+----------------------------------------+---------+---------+----------+----------+-----+-----+---------+

        * Loop: 
        N/A



================================================================
== Utilization Estimates
================================================================
* Summary: 
+-----------------+---------+------+--------+--------+-----+
|       Name      | BRAM_18K|  DSP |   FF   |   LUT  | URAM|
+-----------------+---------+------+--------+--------+-----+
|DSP              |        -|     -|       -|       -|    -|
|Expression       |        -|     -|       0|    2479|    -|
|FIFO             |        -|     -|       -|       -|    -|
|Instance         |        -|  1024|   18199|   11291|    -|
|Memory           |        -|     -|       -|       -|    -|
|Multiplexer      |        -|     -|       -|   13281|    -|
|Register         |        -|     -|   16468|       -|    -|
+-----------------+---------+------+--------+--------+-----+
|Total            |        0|  1024|   34667|   27051|    0|
+-----------------+---------+------+--------+--------+-----+
|Available        |      288|  1248|  234240|  117120|   64|
+-----------------+---------+------+--------+--------+-----+
|Utilization (%)  |        0|    82|      14|      23|    0|
+-----------------+---------+------+--------+--------+-----+

+ Detail: 
    * Instance: 
    +-----------------------------------------------------+----------------------------------------+---------+------+-------+-------+-----+
    |                       Instance                      |                 Module                 | BRAM_18K|  DSP |   FF  |  LUT  | URAM|
    +-----------------------------------------------------+----------------------------------------+---------+------+-------+-------+-----+
    |grp_tile_process_Pipeline_compute_pipeline_fu_13334  |tile_process_Pipeline_compute_pipeline  |        0|  1024|  18199|  11291|    0|
    +-----------------------------------------------------+----------------------------------------+---------+------+-------+-------+-----+
    |Total                                                |                                        |        0|  1024|  18199|  11291|    0|
    +-----------------------------------------------------+----------------------------------------+---------+------+-------+-------+-----+

    * DSP: 
    N/A

    * Memory: 
    N/A

    * FIFO: 
    N/A

    * Expression: 
    +-------------------------+----------+----+---+----+------------+------------+
    |      Variable Name      | Operation| DSP| FF| LUT| Bitwidth P0| Bitwidth P1|
    +-------------------------+----------+----+---+----+------------+------------+
    |cmp15_10268_fu_15719_p2  |      icmp|   0|  0|  39|          32|           4|
    |cmp15_11296_fu_15725_p2  |      icmp|   0|  0|  39|          32|           4|
    |cmp15_12324_fu_15731_p2  |      icmp|   0|  0|  39|          32|           4|
    |cmp15_13352_fu_15737_p2  |      icmp|   0|  0|  39|          32|           4|
    |cmp15_14380_fu_15743_p2  |      icmp|   0|  0|  39|          32|           4|
    |cmp15_16436_fu_15765_p2  |      icmp|   0|  0|  39|          32|           5|
    |cmp15_17464_fu_15771_p2  |      icmp|   0|  0|  39|          32|           5|
    |cmp15_18492_fu_15777_p2  |      icmp|   0|  0|  39|          32|           5|
    |cmp15_19520_fu_15783_p2  |      icmp|   0|  0|  39|          32|           5|
    |cmp15_20548_fu_15789_p2  |      icmp|   0|  0|  39|          32|           5|
    |cmp15_21576_fu_15795_p2  |      icmp|   0|  0|  39|          32|           5|
    |cmp15_22604_fu_15801_p2  |      icmp|   0|  0|  39|          32|           5|
    |cmp15_23632_fu_15807_p2  |      icmp|   0|  0|  39|          32|           5|
    |cmp15_244_fu_15651_p2    |      icmp|   0|  0|  39|          32|           2|
    |cmp15_24660_fu_15813_p2  |      icmp|   0|  0|  39|          32|           5|
    |cmp15_25688_fu_15819_p2  |      icmp|   0|  0|  39|          32|           5|
    |cmp15_26716_fu_15825_p2  |      icmp|   0|  0|  39|          32|           5|
    |cmp15_27744_fu_15831_p2  |      icmp|   0|  0|  39|          32|           5|
    |cmp15_28772_fu_15837_p2  |      icmp|   0|  0|  39|          32|           5|
    |cmp15_29800_fu_15843_p2  |      icmp|   0|  0|  39|          32|           5|
    |cmp15_30828_fu_15849_p2  |      icmp|   0|  0|  39|          32|           5|
    |cmp15_4100_fu_15673_p2   |      icmp|   0|  0|  39|          32|           3|
    |cmp15_5128_fu_15679_p2   |      icmp|   0|  0|  39|          32|           3|
    |cmp15_6156_fu_15685_p2   |      icmp|   0|  0|  39|          32|           3|
    |cmp15_8212_fu_15707_p2   |      icmp|   0|  0|  39|          32|           4|
    |cmp15_9240_fu_15713_p2   |      icmp|   0|  0|  39|          32|           4|
    |cmp15_fu_15629_p2        |      icmp|   0|  0|  39|          32|           1|
    |cmp9_10_not_fu_15955_p2  |      icmp|   0|  0|  39|          32|           4|
    |cmp9_11_not_fu_15961_p2  |      icmp|   0|  0|  39|          32|           4|
    |cmp9_12_not_fu_15967_p2  |      icmp|   0|  0|  39|          32|           4|
    |cmp9_13_not_fu_15973_p2  |      icmp|   0|  0|  39|          32|           4|
    |cmp9_14_not_fu_15979_p2  |      icmp|   0|  0|  39|          32|           4|
    |cmp9_16_not_fu_16001_p2  |      icmp|   0|  0|  39|          32|           5|
    |cmp9_17_not_fu_16007_p2  |      icmp|   0|  0|  39|          32|           5|
    |cmp9_18_not_fu_16013_p2  |      icmp|   0|  0|  39|          32|           5|
    |cmp9_19_not_fu_16019_p2  |      icmp|   0|  0|  39|          32|           5|
    |cmp9_20_not_fu_16025_p2  |      icmp|   0|  0|  39|          32|           5|
    |cmp9_21_not_fu_16031_p2  |      icmp|   0|  0|  39|          32|           5|
    |cmp9_22_not_fu_16037_p2  |      icmp|   0|  0|  39|          32|           5|
    |cmp9_23_not_fu_16043_p2  |      icmp|   0|  0|  39|          32|           5|
    |cmp9_24_not_fu_16049_p2  |      icmp|   0|  0|  39|          32|           5|
    |cmp9_25_not_fu_16055_p2  |      icmp|   0|  0|  39|          32|           5|
    |cmp9_26_not_fu_16061_p2  |      icmp|   0|  0|  39|          32|           5|
    |cmp9_27_not_fu_16067_p2  |      icmp|   0|  0|  39|          32|           5|
    |cmp9_28_not_fu_16073_p2  |      icmp|   0|  0|  39|          32|           5|
    |cmp9_29_not_fu_16079_p2  |      icmp|   0|  0|  39|          32|           5|
    |cmp9_2_not_fu_15887_p2   |      icmp|   0|  0|  39|          32|           2|
    |cmp9_30_not_fu_16085_p2  |      icmp|   0|  0|  39|          32|           5|
    |cmp9_4_not_fu_15909_p2   |      icmp|   0|  0|  39|          32|           3|
    |cmp9_5_not_fu_15915_p2   |      icmp|   0|  0|  39|          32|           3|
    |cmp9_6_not_fu_15921_p2   |      icmp|   0|  0|  39|          32|           3|
    |cmp9_8_not_fu_15943_p2   |      icmp|   0|  0|  39|          32|           4|
    |cmp9_9_not_fu_15949_p2   |      icmp|   0|  0|  39|          32|           4|
    |cmp9_not_fu_15623_p2     |      icmp|   0|  0|  39|          32|           1|
    |icmp12_fu_15864_p2       |      icmp|   0|  0|  34|          27|           1|
    |icmp15_fu_15880_p2       |      icmp|   0|  0|  38|          31|           1|
    |icmp18_fu_15902_p2       |      icmp|   0|  0|  37|          30|           1|
    |icmp21_fu_15936_p2       |      icmp|   0|  0|  36|          29|           1|
    |icmp24_fu_15994_p2       |      icmp|   0|  0|  35|          28|           1|
    |icmp27_fu_16100_p2       |      icmp|   0|  0|  34|          27|           1|
    |icmp3_fu_15666_p2        |      icmp|   0|  0|  37|          30|           1|
    |icmp6_fu_15700_p2        |      icmp|   0|  0|  36|          29|           1|
    |icmp9_fu_15758_p2        |      icmp|   0|  0|  35|          28|           1|
    |icmp_fu_15644_p2         |      icmp|   0|  0|  38|          31|           1|
    |icmp_ln81_fu_15617_p2    |      icmp|   0|  0|  13|           6|           6|
    +-------------------------+----------+----+---+----+------------+------------+
    |Total                    |          |   0|  0|2479|        2024|         246|
    +-------------------------+----------+----+---+----+------------+------------+

    * Multiplexer: 
    +--------------------------+-----+-----------+-----+-----------+
    |           Name           | LUT | Input Size| Bits| Total Bits|
    +--------------------------+-----+-----------+-----+-----------+
    |ap_NS_fsm                 |   97|         19|    1|         19|
    |c_row_major_0_0_address0  |   54|         10|    4|         40|
    |c_row_major_0_0_address1  |   54|         10|    4|         40|
    |c_row_major_0_0_d0        |   49|          9|   16|        144|
    |c_row_major_0_0_d1        |   49|          9|   16|        144|
    |c_row_major_0_1_address0  |   54|         10|    4|         40|
    |c_row_major_0_1_address1  |   54|         10|    4|         40|
    |c_row_major_0_1_d0        |   49|          9|   16|        144|
    |c_row_major_0_1_d1        |   49|          9|   16|        144|
    |c_row_major_0_2_address0  |   54|         10|    4|         40|
    |c_row_major_0_2_address1  |   54|         10|    4|         40|
    |c_row_major_0_2_d0        |   49|          9|   16|        144|
    |c_row_major_0_2_d1        |   49|          9|   16|        144|
    |c_row_major_0_3_address0  |   54|         10|    4|         40|
    |c_row_major_0_3_address1  |   54|         10|    4|         40|
    |c_row_major_0_3_d0        |   49|          9|   16|        144|
    |c_row_major_0_3_d1        |   49|          9|   16|        144|
    |c_row_major_0_4_address0  |   54|         10|    4|         40|
    |c_row_major_0_4_address1  |   54|         10|    4|         40|
    |c_row_major_0_4_d0        |   49|          9|   16|        144|
    |c_row_major_0_4_d1        |   49|          9|   16|        144|
    |c_row_major_0_5_address0  |   54|         10|    4|         40|
    |c_row_major_0_5_address1  |   54|         10|    4|         40|
    |c_row_major_0_5_d0        |   49|          9|   16|        144|
    |c_row_major_0_5_d1        |   49|          9|   16|        144|
    |c_row_major_0_6_address0  |   54|         10|    4|         40|
    |c_row_major_0_6_address1  |   54|         10|    4|         40|
    |c_row_major_0_6_d0        |   49|          9|   16|        144|
    |c_row_major_0_6_d1        |   49|          9|   16|        144|
    |c_row_major_0_7_address0  |   54|         10|    4|         40|
    |c_row_major_0_7_address1  |   54|         10|    4|         40|
    |c_row_major_0_7_d0        |   49|          9|   16|        144|
    |c_row_major_0_7_d1        |   49|          9|   16|        144|
    |c_row_major_1_0_address0  |   54|         10|    4|         40|
    |c_row_major_1_0_address1  |   54|         10|    4|         40|
    |c_row_major_1_0_d0        |   49|          9|   16|        144|
    |c_row_major_1_0_d1        |   49|          9|   16|        144|
    |c_row_major_1_1_address0  |   54|         10|    4|         40|
    |c_row_major_1_1_address1  |   54|         10|    4|         40|
    |c_row_major_1_1_d0        |   49|          9|   16|        144|
    |c_row_major_1_1_d1        |   49|          9|   16|        144|
    |c_row_major_1_2_address0  |   54|         10|    4|         40|
    |c_row_major_1_2_address1  |   54|         10|    4|         40|
    |c_row_major_1_2_d0        |   49|          9|   16|        144|
    |c_row_major_1_2_d1        |   49|          9|   16|        144|
    |c_row_major_1_3_address0  |   54|         10|    4|         40|
    |c_row_major_1_3_address1  |   54|         10|    4|         40|
    |c_row_major_1_3_d0        |   49|          9|   16|        144|
    |c_row_major_1_3_d1        |   49|          9|   16|        144|
    |c_row_major_1_4_address0  |   54|         10|    4|         40|
    |c_row_major_1_4_address1  |   54|         10|    4|         40|
    |c_row_major_1_4_d0        |   49|          9|   16|        144|
    |c_row_major_1_4_d1        |   49|          9|   16|        144|
    |c_row_major_1_5_address0  |   54|         10|    4|         40|
    |c_row_major_1_5_address1  |   54|         10|    4|         40|
    |c_row_major_1_5_d0        |   49|          9|   16|        144|
    |c_row_major_1_5_d1        |   49|          9|   16|        144|
    |c_row_major_1_6_address0  |   54|         10|    4|         40|
    |c_row_major_1_6_address1  |   54|         10|    4|         40|
    |c_row_major_1_6_d0        |   49|          9|   16|        144|
    |c_row_major_1_6_d1        |   49|          9|   16|        144|
    |c_row_major_1_7_address0  |   54|         10|    4|         40|
    |c_row_major_1_7_address1  |   54|         10|    4|         40|
    |c_row_major_1_7_d0        |   49|          9|   16|        144|
    |c_row_major_1_7_d1        |   49|          9|   16|        144|
    |c_row_major_2_0_address0  |   54|         10|    4|         40|
    |c_row_major_2_0_address1  |   54|         10|    4|         40|
    |c_row_major_2_0_d0        |   49|          9|   16|        144|
    |c_row_major_2_0_d1        |   49|          9|   16|        144|
    |c_row_major_2_1_address0  |   54|         10|    4|         40|
    |c_row_major_2_1_address1  |   54|         10|    4|         40|
    |c_row_major_2_1_d0        |   49|          9|   16|        144|
    |c_row_major_2_1_d1        |   49|          9|   16|        144|
    |c_row_major_2_2_address0  |   54|         10|    4|         40|
    |c_row_major_2_2_address1  |   54|         10|    4|         40|
    |c_row_major_2_2_d0        |   49|          9|   16|        144|
    |c_row_major_2_2_d1        |   49|          9|   16|        144|
    |c_row_major_2_3_address0  |   54|         10|    4|         40|
    |c_row_major_2_3_address1  |   54|         10|    4|         40|
    |c_row_major_2_3_d0        |   49|          9|   16|        144|
    |c_row_major_2_3_d1        |   49|          9|   16|        144|
    |c_row_major_2_4_address0  |   54|         10|    4|         40|
    |c_row_major_2_4_address1  |   54|         10|    4|         40|
    |c_row_major_2_4_d0        |   49|          9|   16|        144|
    |c_row_major_2_4_d1        |   49|          9|   16|        144|
    |c_row_major_2_5_address0  |   54|         10|    4|         40|
    |c_row_major_2_5_address1  |   54|         10|    4|         40|
    |c_row_major_2_5_d0        |   49|          9|   16|        144|
    |c_row_major_2_5_d1        |   49|          9|   16|        144|
    |c_row_major_2_6_address0  |   54|         10|    4|         40|
    |c_row_major_2_6_address1  |   54|         10|    4|         40|
    |c_row_major_2_6_d0        |   49|          9|   16|        144|
    |c_row_major_2_6_d1        |   49|          9|   16|        144|
    |c_row_major_2_7_address0  |   54|         10|    4|         40|
    |c_row_major_2_7_address1  |   54|         10|    4|         40|
    |c_row_major_2_7_d0        |   49|          9|   16|        144|
    |c_row_major_2_7_d1        |   49|          9|   16|        144|
    |c_row_major_3_0_address0  |   54|         10|    4|         40|
    |c_row_major_3_0_address1  |   54|         10|    4|         40|
    |c_row_major_3_0_d0        |   49|          9|   16|        144|
    |c_row_major_3_0_d1        |   49|          9|   16|        144|
    |c_row_major_3_1_address0  |   54|         10|    4|         40|
    |c_row_major_3_1_address1  |   54|         10|    4|         40|
    |c_row_major_3_1_d0        |   49|          9|   16|        144|
    |c_row_major_3_1_d1        |   49|          9|   16|        144|
    |c_row_major_3_2_address0  |   54|         10|    4|         40|
    |c_row_major_3_2_address1  |   54|         10|    4|         40|
    |c_row_major_3_2_d0        |   49|          9|   16|        144|
    |c_row_major_3_2_d1        |   49|          9|   16|        144|
    |c_row_major_3_3_address0  |   54|         10|    4|         40|
    |c_row_major_3_3_address1  |   54|         10|    4|         40|
    |c_row_major_3_3_d0        |   49|          9|   16|        144|
    |c_row_major_3_3_d1        |   49|          9|   16|        144|
    |c_row_major_3_4_address0  |   54|         10|    4|         40|
    |c_row_major_3_4_address1  |   54|         10|    4|         40|
    |c_row_major_3_4_d0        |   49|          9|   16|        144|
    |c_row_major_3_4_d1        |   49|          9|   16|        144|
    |c_row_major_3_5_address0  |   54|         10|    4|         40|
    |c_row_major_3_5_address1  |   54|         10|    4|         40|
    |c_row_major_3_5_d0        |   49|          9|   16|        144|
    |c_row_major_3_5_d1        |   49|          9|   16|        144|
    |c_row_major_3_6_address0  |   54|         10|    4|         40|
    |c_row_major_3_6_address1  |   54|         10|    4|         40|
    |c_row_major_3_6_d0        |   49|          9|   16|        144|
    |c_row_major_3_6_d1        |   49|          9|   16|        144|
    |c_row_major_3_7_address0  |   54|         10|    4|         40|
    |c_row_major_3_7_address1  |   54|         10|    4|         40|
    |c_row_major_3_7_d0        |   49|          9|   16|        144|
    |c_row_major_3_7_d1        |   49|          9|   16|        144|
    |c_row_major_4_0_address0  |   54|         10|    4|         40|
    |c_row_major_4_0_address1  |   54|         10|    4|         40|
    |c_row_major_4_0_d0        |   49|          9|   16|        144|
    |c_row_major_4_0_d1        |   49|          9|   16|        144|
    |c_row_major_4_1_address0  |   54|         10|    4|         40|
    |c_row_major_4_1_address1  |   54|         10|    4|         40|
    |c_row_major_4_1_d0        |   49|          9|   16|        144|
    |c_row_major_4_1_d1        |   49|          9|   16|        144|
    |c_row_major_4_2_address0  |   54|         10|    4|         40|
    |c_row_major_4_2_address1  |   54|         10|    4|         40|
    |c_row_major_4_2_d0        |   49|          9|   16|        144|
    |c_row_major_4_2_d1        |   49|          9|   16|        144|
    |c_row_major_4_3_address0  |   54|         10|    4|         40|
    |c_row_major_4_3_address1  |   54|         10|    4|         40|
    |c_row_major_4_3_d0        |   49|          9|   16|        144|
    |c_row_major_4_3_d1        |   49|          9|   16|        144|
    |c_row_major_4_4_address0  |   54|         10|    4|         40|
    |c_row_major_4_4_address1  |   54|         10|    4|         40|
    |c_row_major_4_4_d0        |   49|          9|   16|        144|
    |c_row_major_4_4_d1        |   49|          9|   16|        144|
    |c_row_major_4_5_address0  |   54|         10|    4|         40|
    |c_row_major_4_5_address1  |   54|         10|    4|         40|
    |c_row_major_4_5_d0        |   49|          9|   16|        144|
    |c_row_major_4_5_d1        |   49|          9|   16|        144|
    |c_row_major_4_6_address0  |   54|         10|    4|         40|
    |c_row_major_4_6_address1  |   54|         10|    4|         40|
    |c_row_major_4_6_d0        |   49|          9|   16|        144|
    |c_row_major_4_6_d1        |   49|          9|   16|        144|
    |c_row_major_4_7_address0  |   54|         10|    4|         40|
    |c_row_major_4_7_address1  |   54|         10|    4|         40|
    |c_row_major_4_7_d0        |   49|          9|   16|        144|
    |c_row_major_4_7_d1        |   49|          9|   16|        144|
    |c_row_major_5_0_address0  |   54|         10|    4|         40|
    |c_row_major_5_0_address1  |   54|         10|    4|         40|
    |c_row_major_5_0_d0        |   49|          9|   16|        144|
    |c_row_major_5_0_d1        |   49|          9|   16|        144|
    |c_row_major_5_1_address0  |   54|         10|    4|         40|
    |c_row_major_5_1_address1  |   54|         10|    4|         40|
    |c_row_major_5_1_d0        |   49|          9|   16|        144|
    |c_row_major_5_1_d1        |   49|          9|   16|        144|
    |c_row_major_5_2_address0  |   54|         10|    4|         40|
    |c_row_major_5_2_address1  |   54|         10|    4|         40|
    |c_row_major_5_2_d0        |   49|          9|   16|        144|
    |c_row_major_5_2_d1        |   49|          9|   16|        144|
    |c_row_major_5_3_address0  |   54|         10|    4|         40|
    |c_row_major_5_3_address1  |   54|         10|    4|         40|
    |c_row_major_5_3_d0        |   49|          9|   16|        144|
    |c_row_major_5_3_d1        |   49|          9|   16|        144|
    |c_row_major_5_4_address0  |   54|         10|    4|         40|
    |c_row_major_5_4_address1  |   54|         10|    4|         40|
    |c_row_major_5_4_d0        |   49|          9|   16|        144|
    |c_row_major_5_4_d1        |   49|          9|   16|        144|
    |c_row_major_5_5_address0  |   54|         10|    4|         40|
    |c_row_major_5_5_address1  |   54|         10|    4|         40|
    |c_row_major_5_5_d0        |   49|          9|   16|        144|
    |c_row_major_5_5_d1        |   49|          9|   16|        144|
    |c_row_major_5_6_address0  |   54|         10|    4|         40|
    |c_row_major_5_6_address1  |   54|         10|    4|         40|
    |c_row_major_5_6_d0        |   49|          9|   16|        144|
    |c_row_major_5_6_d1        |   49|          9|   16|        144|
    |c_row_major_5_7_address0  |   54|         10|    4|         40|
    |c_row_major_5_7_address1  |   54|         10|    4|         40|
    |c_row_major_5_7_d0        |   49|          9|   16|        144|
    |c_row_major_5_7_d1        |   49|          9|   16|        144|
    |c_row_major_6_0_address0  |   54|         10|    4|         40|
    |c_row_major_6_0_address1  |   54|         10|    4|         40|
    |c_row_major_6_0_d0        |   49|          9|   16|        144|
    |c_row_major_6_0_d1        |   49|          9|   16|        144|
    |c_row_major_6_1_address0  |   54|         10|    4|         40|
    |c_row_major_6_1_address1  |   54|         10|    4|         40|
    |c_row_major_6_1_d0        |   49|          9|   16|        144|
    |c_row_major_6_1_d1        |   49|          9|   16|        144|
    |c_row_major_6_2_address0  |   54|         10|    4|         40|
    |c_row_major_6_2_address1  |   54|         10|    4|         40|
    |c_row_major_6_2_d0        |   49|          9|   16|        144|
    |c_row_major_6_2_d1        |   49|          9|   16|        144|
    |c_row_major_6_3_address0  |   54|         10|    4|         40|
    |c_row_major_6_3_address1  |   54|         10|    4|         40|
    |c_row_major_6_3_d0        |   49|          9|   16|        144|
    |c_row_major_6_3_d1        |   49|          9|   16|        144|
    |c_row_major_6_4_address0  |   54|         10|    4|         40|
    |c_row_major_6_4_address1  |   54|         10|    4|         40|
    |c_row_major_6_4_d0        |   49|          9|   16|        144|
    |c_row_major_6_4_d1        |   49|          9|   16|        144|
    |c_row_major_6_5_address0  |   54|         10|    4|         40|
    |c_row_major_6_5_address1  |   54|         10|    4|         40|
    |c_row_major_6_5_d0        |   49|          9|   16|        144|
    |c_row_major_6_5_d1        |   49|          9|   16|        144|
    |c_row_major_6_6_address0  |   54|         10|    4|         40|
    |c_row_major_6_6_address1  |   54|         10|    4|         40|
    |c_row_major_6_6_d0        |   49|          9|   16|        144|
    |c_row_major_6_6_d1        |   49|          9|   16|        144|
    |c_row_major_6_7_address0  |   54|         10|    4|         40|
    |c_row_major_6_7_address1  |   54|         10|    4|         40|
    |c_row_major_6_7_d0        |   49|          9|   16|        144|
    |c_row_major_6_7_d1        |   49|          9|   16|        144|
    |c_row_major_7_0_address0  |   54|         10|    4|         40|
    |c_row_major_7_0_address1  |   54|         10|    4|         40|
    |c_row_major_7_0_d0        |   49|          9|   16|        144|
    |c_row_major_7_0_d1        |   49|          9|   16|        144|
    |c_row_major_7_1_address0  |   54|         10|    4|         40|
    |c_row_major_7_1_address1  |   54|         10|    4|         40|
    |c_row_major_7_1_d0        |   49|          9|   16|        144|
    |c_row_major_7_1_d1        |   49|          9|   16|        144|
    |c_row_major_7_2_address0  |   54|         10|    4|         40|
    |c_row_major_7_2_address1  |   54|         10|    4|         40|
    |c_row_major_7_2_d0        |   49|          9|   16|        144|
    |c_row_major_7_2_d1        |   49|          9|   16|        144|
    |c_row_major_7_3_address0  |   54|         10|    4|         40|
    |c_row_major_7_3_address1  |   54|         10|    4|         40|
    |c_row_major_7_3_d0        |   49|          9|   16|        144|
    |c_row_major_7_3_d1        |   49|          9|   16|        144|
    |c_row_major_7_4_address0  |   54|         10|    4|         40|
    |c_row_major_7_4_address1  |   54|         10|    4|         40|
    |c_row_major_7_4_d0        |   49|          9|   16|        144|
    |c_row_major_7_4_d1        |   49|          9|   16|        144|
    |c_row_major_7_5_address0  |   54|         10|    4|         40|
    |c_row_major_7_5_address1  |   54|         10|    4|         40|
    |c_row_major_7_5_d0        |   49|          9|   16|        144|
    |c_row_major_7_5_d1        |   49|          9|   16|        144|
    |c_row_major_7_6_address0  |   54|         10|    4|         40|
    |c_row_major_7_6_address1  |   54|         10|    4|         40|
    |c_row_major_7_6_d0        |   49|          9|   16|        144|
    |c_row_major_7_6_d1        |   49|          9|   16|        144|
    |c_row_major_7_7_address0  |   54|         10|    4|         40|
    |c_row_major_7_7_address1  |   54|         10|    4|         40|
    |c_row_major_7_7_d0        |   49|          9|   16|        144|
    |c_row_major_7_7_d1        |   49|          9|   16|        144|
    +--------------------------+-----+-----------+-----+-----------+
    |Total                     |13281|       2451| 2561|      23571|
    +--------------------------+-----+-----------+-----+-----------+

    * Register: 
    +------------------------------------------------------------------+-----+----+-----+-----------+
    |                               Name                               |  FF | LUT| Bits| Const Bits|
    +------------------------------------------------------------------+-----+----+-----+-----------+
    |ap_CS_fsm                                                         |   18|   0|   18|          0|
    |c_row_major_0_0_load_10_reg_34758                                 |   16|   0|   16|          0|
    |c_row_major_0_0_load_11_reg_34798                                 |   16|   0|   16|          0|
    |c_row_major_0_0_load_12_reg_35398                                 |   16|   0|   16|          0|
    |c_row_major_0_0_load_13_reg_35438                                 |   16|   0|   16|          0|
    |c_row_major_0_0_load_14_reg_36358                                 |   16|   0|   16|          0|
    |c_row_major_0_0_load_15_reg_36398                                 |   16|   0|   16|          0|
    |c_row_major_0_0_load_1_reg_31598                                  |   16|   0|   16|          0|
    |c_row_major_0_0_load_2_reg_32198                                  |   16|   0|   16|          0|
    |c_row_major_0_0_load_3_reg_32238                                  |   16|   0|   16|          0|
    |c_row_major_0_0_load_4_reg_32838                                  |   16|   0|   16|          0|
    |c_row_major_0_0_load_5_reg_32878                                  |   16|   0|   16|          0|
    |c_row_major_0_0_load_6_reg_33478                                  |   16|   0|   16|          0|
    |c_row_major_0_0_load_7_reg_33518                                  |   16|   0|   16|          0|
    |c_row_major_0_0_load_8_reg_34118                                  |   16|   0|   16|          0|
    |c_row_major_0_0_load_9_reg_34158                                  |   16|   0|   16|          0|
    |c_row_major_0_0_load_reg_31558                                    |   16|   0|   16|          0|
    |c_row_major_0_1_load_10_reg_34763                                 |   16|   0|   16|          0|
    |c_row_major_0_1_load_11_reg_34803                                 |   16|   0|   16|          0|
    |c_row_major_0_1_load_12_reg_35403                                 |   16|   0|   16|          0|
    |c_row_major_0_1_load_13_reg_35443                                 |   16|   0|   16|          0|
    |c_row_major_0_1_load_14_reg_36363                                 |   16|   0|   16|          0|
    |c_row_major_0_1_load_15_reg_36403                                 |   16|   0|   16|          0|
    |c_row_major_0_1_load_1_reg_31603                                  |   16|   0|   16|          0|
    |c_row_major_0_1_load_2_reg_32203                                  |   16|   0|   16|          0|
    |c_row_major_0_1_load_3_reg_32243                                  |   16|   0|   16|          0|
    |c_row_major_0_1_load_4_reg_32843                                  |   16|   0|   16|          0|
    |c_row_major_0_1_load_5_reg_32883                                  |   16|   0|   16|          0|
    |c_row_major_0_1_load_6_reg_33483                                  |   16|   0|   16|          0|
    |c_row_major_0_1_load_7_reg_33523                                  |   16|   0|   16|          0|
    |c_row_major_0_1_load_8_reg_34123                                  |   16|   0|   16|          0|
    |c_row_major_0_1_load_9_reg_34163                                  |   16|   0|   16|          0|
    |c_row_major_0_1_load_reg_31563                                    |   16|   0|   16|          0|
    |c_row_major_0_2_load_10_reg_34768                                 |   16|   0|   16|          0|
    |c_row_major_0_2_load_11_reg_34808                                 |   16|   0|   16|          0|
    |c_row_major_0_2_load_12_reg_35408                                 |   16|   0|   16|          0|
    |c_row_major_0_2_load_13_reg_35448                                 |   16|   0|   16|          0|
    |c_row_major_0_2_load_14_reg_36368                                 |   16|   0|   16|          0|
    |c_row_major_0_2_load_15_reg_36408                                 |   16|   0|   16|          0|
    |c_row_major_0_2_load_1_reg_31608                                  |   16|   0|   16|          0|
    |c_row_major_0_2_load_2_reg_32208                                  |   16|   0|   16|          0|
    |c_row_major_0_2_load_3_reg_32248                                  |   16|   0|   16|          0|
    |c_row_major_0_2_load_4_reg_32848                                  |   16|   0|   16|          0|
    |c_row_major_0_2_load_5_reg_32888                                  |   16|   0|   16|          0|
    |c_row_major_0_2_load_6_reg_33488                                  |   16|   0|   16|          0|
    |c_row_major_0_2_load_7_reg_33528                                  |   16|   0|   16|          0|
    |c_row_major_0_2_load_8_reg_34128                                  |   16|   0|   16|          0|
    |c_row_major_0_2_load_9_reg_34168                                  |   16|   0|   16|          0|
    |c_row_major_0_2_load_reg_31568                                    |   16|   0|   16|          0|
    |c_row_major_0_3_load_10_reg_34773                                 |   16|   0|   16|          0|
    |c_row_major_0_3_load_11_reg_34813                                 |   16|   0|   16|          0|
    |c_row_major_0_3_load_12_reg_35413                                 |   16|   0|   16|          0|
    |c_row_major_0_3_load_13_reg_35453                                 |   16|   0|   16|          0|
    |c_row_major_0_3_load_14_reg_36373                                 |   16|   0|   16|          0|
    |c_row_major_0_3_load_15_reg_36413                                 |   16|   0|   16|          0|
    |c_row_major_0_3_load_1_reg_31613                                  |   16|   0|   16|          0|
    |c_row_major_0_3_load_2_reg_32213                                  |   16|   0|   16|          0|
    |c_row_major_0_3_load_3_reg_32253                                  |   16|   0|   16|          0|
    |c_row_major_0_3_load_4_reg_32853                                  |   16|   0|   16|          0|
    |c_row_major_0_3_load_5_reg_32893                                  |   16|   0|   16|          0|
    |c_row_major_0_3_load_6_reg_33493                                  |   16|   0|   16|          0|
    |c_row_major_0_3_load_7_reg_33533                                  |   16|   0|   16|          0|
    |c_row_major_0_3_load_8_reg_34133                                  |   16|   0|   16|          0|
    |c_row_major_0_3_load_9_reg_34173                                  |   16|   0|   16|          0|
    |c_row_major_0_3_load_reg_31573                                    |   16|   0|   16|          0|
    |c_row_major_0_4_load_10_reg_34778                                 |   16|   0|   16|          0|
    |c_row_major_0_4_load_11_reg_34818                                 |   16|   0|   16|          0|
    |c_row_major_0_4_load_12_reg_35418                                 |   16|   0|   16|          0|
    |c_row_major_0_4_load_13_reg_35458                                 |   16|   0|   16|          0|
    |c_row_major_0_4_load_14_reg_36378                                 |   16|   0|   16|          0|
    |c_row_major_0_4_load_15_reg_36418                                 |   16|   0|   16|          0|
    |c_row_major_0_4_load_1_reg_31618                                  |   16|   0|   16|          0|
    |c_row_major_0_4_load_2_reg_32218                                  |   16|   0|   16|          0|
    |c_row_major_0_4_load_3_reg_32258                                  |   16|   0|   16|          0|
    |c_row_major_0_4_load_4_reg_32858                                  |   16|   0|   16|          0|
    |c_row_major_0_4_load_5_reg_32898                                  |   16|   0|   16|          0|
    |c_row_major_0_4_load_6_reg_33498                                  |   16|   0|   16|          0|
    |c_row_major_0_4_load_7_reg_33538                                  |   16|   0|   16|          0|
    |c_row_major_0_4_load_8_reg_34138                                  |   16|   0|   16|          0|
    |c_row_major_0_4_load_9_reg_34178                                  |   16|   0|   16|          0|
    |c_row_major_0_4_load_reg_31578                                    |   16|   0|   16|          0|
    |c_row_major_0_5_load_10_reg_34783                                 |   16|   0|   16|          0|
    |c_row_major_0_5_load_11_reg_34823                                 |   16|   0|   16|          0|
    |c_row_major_0_5_load_12_reg_35423                                 |   16|   0|   16|          0|
    |c_row_major_0_5_load_13_reg_35463                                 |   16|   0|   16|          0|
    |c_row_major_0_5_load_14_reg_36383                                 |   16|   0|   16|          0|
    |c_row_major_0_5_load_15_reg_36423                                 |   16|   0|   16|          0|
    |c_row_major_0_5_load_1_reg_31623                                  |   16|   0|   16|          0|
    |c_row_major_0_5_load_2_reg_32223                                  |   16|   0|   16|          0|
    |c_row_major_0_5_load_3_reg_32263                                  |   16|   0|   16|          0|
    |c_row_major_0_5_load_4_reg_32863                                  |   16|   0|   16|          0|
    |c_row_major_0_5_load_5_reg_32903                                  |   16|   0|   16|          0|
    |c_row_major_0_5_load_6_reg_33503                                  |   16|   0|   16|          0|
    |c_row_major_0_5_load_7_reg_33543                                  |   16|   0|   16|          0|
    |c_row_major_0_5_load_8_reg_34143                                  |   16|   0|   16|          0|
    |c_row_major_0_5_load_9_reg_34183                                  |   16|   0|   16|          0|
    |c_row_major_0_5_load_reg_31583                                    |   16|   0|   16|          0|
    |c_row_major_0_6_load_10_reg_34788                                 |   16|   0|   16|          0|
    |c_row_major_0_6_load_11_reg_34828                                 |   16|   0|   16|          0|
    |c_row_major_0_6_load_12_reg_35428                                 |   16|   0|   16|          0|
    |c_row_major_0_6_load_13_reg_35468                                 |   16|   0|   16|          0|
    |c_row_major_0_6_load_14_reg_36388                                 |   16|   0|   16|          0|
    |c_row_major_0_6_load_15_reg_36428                                 |   16|   0|   16|          0|
    |c_row_major_0_6_load_1_reg_31628                                  |   16|   0|   16|          0|
    |c_row_major_0_6_load_2_reg_32228                                  |   16|   0|   16|          0|
    |c_row_major_0_6_load_3_reg_32268                                  |   16|   0|   16|          0|
    |c_row_major_0_6_load_4_reg_32868                                  |   16|   0|   16|          0|
    |c_row_major_0_6_load_5_reg_32908                                  |   16|   0|   16|          0|
    |c_row_major_0_6_load_6_reg_33508                                  |   16|   0|   16|          0|
    |c_row_major_0_6_load_7_reg_33548                                  |   16|   0|   16|          0|
    |c_row_major_0_6_load_8_reg_34148                                  |   16|   0|   16|          0|
    |c_row_major_0_6_load_9_reg_34188                                  |   16|   0|   16|          0|
    |c_row_major_0_6_load_reg_31588                                    |   16|   0|   16|          0|
    |c_row_major_0_7_load_10_reg_34793                                 |   16|   0|   16|          0|
    |c_row_major_0_7_load_11_reg_34833                                 |   16|   0|   16|          0|
    |c_row_major_0_7_load_12_reg_35433                                 |   16|   0|   16|          0|
    |c_row_major_0_7_load_13_reg_35473                                 |   16|   0|   16|          0|
    |c_row_major_0_7_load_14_reg_36393                                 |   16|   0|   16|          0|
    |c_row_major_0_7_load_15_reg_36433                                 |   16|   0|   16|          0|
    |c_row_major_0_7_load_1_reg_31633                                  |   16|   0|   16|          0|
    |c_row_major_0_7_load_2_reg_32233                                  |   16|   0|   16|          0|
    |c_row_major_0_7_load_3_reg_32273                                  |   16|   0|   16|          0|
    |c_row_major_0_7_load_4_reg_32873                                  |   16|   0|   16|          0|
    |c_row_major_0_7_load_5_reg_32913                                  |   16|   0|   16|          0|
    |c_row_major_0_7_load_6_reg_33513                                  |   16|   0|   16|          0|
    |c_row_major_0_7_load_7_reg_33553                                  |   16|   0|   16|          0|
    |c_row_major_0_7_load_8_reg_34153                                  |   16|   0|   16|          0|
    |c_row_major_0_7_load_9_reg_34193                                  |   16|   0|   16|          0|
    |c_row_major_0_7_load_reg_31593                                    |   16|   0|   16|          0|
    |c_row_major_1_0_load_10_reg_34838                                 |   16|   0|   16|          0|
    |c_row_major_1_0_load_11_reg_34878                                 |   16|   0|   16|          0|
    |c_row_major_1_0_load_12_reg_35478                                 |   16|   0|   16|          0|
    |c_row_major_1_0_load_13_reg_35518                                 |   16|   0|   16|          0|
    |c_row_major_1_0_load_14_reg_36438                                 |   16|   0|   16|          0|
    |c_row_major_1_0_load_15_reg_36478                                 |   16|   0|   16|          0|
    |c_row_major_1_0_load_1_reg_31678                                  |   16|   0|   16|          0|
    |c_row_major_1_0_load_2_reg_32278                                  |   16|   0|   16|          0|
    |c_row_major_1_0_load_3_reg_32318                                  |   16|   0|   16|          0|
    |c_row_major_1_0_load_4_reg_32918                                  |   16|   0|   16|          0|
    |c_row_major_1_0_load_5_reg_32958                                  |   16|   0|   16|          0|
    |c_row_major_1_0_load_6_reg_33558                                  |   16|   0|   16|          0|
    |c_row_major_1_0_load_7_reg_33598                                  |   16|   0|   16|          0|
    |c_row_major_1_0_load_8_reg_34198                                  |   16|   0|   16|          0|
    |c_row_major_1_0_load_9_reg_34238                                  |   16|   0|   16|          0|
    |c_row_major_1_0_load_reg_31638                                    |   16|   0|   16|          0|
    |c_row_major_1_1_load_10_reg_34843                                 |   16|   0|   16|          0|
    |c_row_major_1_1_load_11_reg_34883                                 |   16|   0|   16|          0|
    |c_row_major_1_1_load_12_reg_35483                                 |   16|   0|   16|          0|
    |c_row_major_1_1_load_13_reg_35523                                 |   16|   0|   16|          0|
    |c_row_major_1_1_load_14_reg_36443                                 |   16|   0|   16|          0|
    |c_row_major_1_1_load_15_reg_36483                                 |   16|   0|   16|          0|
    |c_row_major_1_1_load_1_reg_31683                                  |   16|   0|   16|          0|
    |c_row_major_1_1_load_2_reg_32283                                  |   16|   0|   16|          0|
    |c_row_major_1_1_load_3_reg_32323                                  |   16|   0|   16|          0|
    |c_row_major_1_1_load_4_reg_32923                                  |   16|   0|   16|          0|
    |c_row_major_1_1_load_5_reg_32963                                  |   16|   0|   16|          0|
    |c_row_major_1_1_load_6_reg_33563                                  |   16|   0|   16|          0|
    |c_row_major_1_1_load_7_reg_33603                                  |   16|   0|   16|          0|
    |c_row_major_1_1_load_8_reg_34203                                  |   16|   0|   16|          0|
    |c_row_major_1_1_load_9_reg_34243                                  |   16|   0|   16|          0|
    |c_row_major_1_1_load_reg_31643                                    |   16|   0|   16|          0|
    |c_row_major_1_2_load_10_reg_34848                                 |   16|   0|   16|          0|
    |c_row_major_1_2_load_11_reg_34888                                 |   16|   0|   16|          0|
    |c_row_major_1_2_load_12_reg_35488                                 |   16|   0|   16|          0|
    |c_row_major_1_2_load_13_reg_35528                                 |   16|   0|   16|          0|
    |c_row_major_1_2_load_14_reg_36448                                 |   16|   0|   16|          0|
    |c_row_major_1_2_load_15_reg_36488                                 |   16|   0|   16|          0|
    |c_row_major_1_2_load_1_reg_31688                                  |   16|   0|   16|          0|
    |c_row_major_1_2_load_2_reg_32288                                  |   16|   0|   16|          0|
    |c_row_major_1_2_load_3_reg_32328                                  |   16|   0|   16|          0|
    |c_row_major_1_2_load_4_reg_32928                                  |   16|   0|   16|          0|
    |c_row_major_1_2_load_5_reg_32968                                  |   16|   0|   16|          0|
    |c_row_major_1_2_load_6_reg_33568                                  |   16|   0|   16|          0|
    |c_row_major_1_2_load_7_reg_33608                                  |   16|   0|   16|          0|
    |c_row_major_1_2_load_8_reg_34208                                  |   16|   0|   16|          0|
    |c_row_major_1_2_load_9_reg_34248                                  |   16|   0|   16|          0|
    |c_row_major_1_2_load_reg_31648                                    |   16|   0|   16|          0|
    |c_row_major_1_3_load_10_reg_34853                                 |   16|   0|   16|          0|
    |c_row_major_1_3_load_11_reg_34893                                 |   16|   0|   16|          0|
    |c_row_major_1_3_load_12_reg_35493                                 |   16|   0|   16|          0|
    |c_row_major_1_3_load_13_reg_35533                                 |   16|   0|   16|          0|
    |c_row_major_1_3_load_14_reg_36453                                 |   16|   0|   16|          0|
    |c_row_major_1_3_load_15_reg_36493                                 |   16|   0|   16|          0|
    |c_row_major_1_3_load_1_reg_31693                                  |   16|   0|   16|          0|
    |c_row_major_1_3_load_2_reg_32293                                  |   16|   0|   16|          0|
    |c_row_major_1_3_load_3_reg_32333                                  |   16|   0|   16|          0|
    |c_row_major_1_3_load_4_reg_32933                                  |   16|   0|   16|          0|
    |c_row_major_1_3_load_5_reg_32973                                  |   16|   0|   16|          0|
    |c_row_major_1_3_load_6_reg_33573                                  |   16|   0|   16|          0|
    |c_row_major_1_3_load_7_reg_33613                                  |   16|   0|   16|          0|
    |c_row_major_1_3_load_8_reg_34213                                  |   16|   0|   16|          0|
    |c_row_major_1_3_load_9_reg_34253                                  |   16|   0|   16|          0|
    |c_row_major_1_3_load_reg_31653                                    |   16|   0|   16|          0|
    |c_row_major_1_4_load_10_reg_34858                                 |   16|   0|   16|          0|
    |c_row_major_1_4_load_11_reg_34898                                 |   16|   0|   16|          0|
    |c_row_major_1_4_load_12_reg_35498                                 |   16|   0|   16|          0|
    |c_row_major_1_4_load_13_reg_35538                                 |   16|   0|   16|          0|
    |c_row_major_1_4_load_14_reg_36458                                 |   16|   0|   16|          0|
    |c_row_major_1_4_load_15_reg_36498                                 |   16|   0|   16|          0|
    |c_row_major_1_4_load_1_reg_31698                                  |   16|   0|   16|          0|
    |c_row_major_1_4_load_2_reg_32298                                  |   16|   0|   16|          0|
    |c_row_major_1_4_load_3_reg_32338                                  |   16|   0|   16|          0|
    |c_row_major_1_4_load_4_reg_32938                                  |   16|   0|   16|          0|
    |c_row_major_1_4_load_5_reg_32978                                  |   16|   0|   16|          0|
    |c_row_major_1_4_load_6_reg_33578                                  |   16|   0|   16|          0|
    |c_row_major_1_4_load_7_reg_33618                                  |   16|   0|   16|          0|
    |c_row_major_1_4_load_8_reg_34218                                  |   16|   0|   16|          0|
    |c_row_major_1_4_load_9_reg_34258                                  |   16|   0|   16|          0|
    |c_row_major_1_4_load_reg_31658                                    |   16|   0|   16|          0|
    |c_row_major_1_5_load_10_reg_34863                                 |   16|   0|   16|          0|
    |c_row_major_1_5_load_11_reg_34903                                 |   16|   0|   16|          0|
    |c_row_major_1_5_load_12_reg_35503                                 |   16|   0|   16|          0|
    |c_row_major_1_5_load_13_reg_35543                                 |   16|   0|   16|          0|
    |c_row_major_1_5_load_14_reg_36463                                 |   16|   0|   16|          0|
    |c_row_major_1_5_load_15_reg_36503                                 |   16|   0|   16|          0|
    |c_row_major_1_5_load_1_reg_31703                                  |   16|   0|   16|          0|
    |c_row_major_1_5_load_2_reg_32303                                  |   16|   0|   16|          0|
    |c_row_major_1_5_load_3_reg_32343                                  |   16|   0|   16|          0|
    |c_row_major_1_5_load_4_reg_32943                                  |   16|   0|   16|          0|
    |c_row_major_1_5_load_5_reg_32983                                  |   16|   0|   16|          0|
    |c_row_major_1_5_load_6_reg_33583                                  |   16|   0|   16|          0|
    |c_row_major_1_5_load_7_reg_33623                                  |   16|   0|   16|          0|
    |c_row_major_1_5_load_8_reg_34223                                  |   16|   0|   16|          0|
    |c_row_major_1_5_load_9_reg_34263                                  |   16|   0|   16|          0|
    |c_row_major_1_5_load_reg_31663                                    |   16|   0|   16|          0|
    |c_row_major_1_6_load_10_reg_34868                                 |   16|   0|   16|          0|
    |c_row_major_1_6_load_11_reg_34908                                 |   16|   0|   16|          0|
    |c_row_major_1_6_load_12_reg_35508                                 |   16|   0|   16|          0|
    |c_row_major_1_6_load_13_reg_35548                                 |   16|   0|   16|          0|
    |c_row_major_1_6_load_14_reg_36468                                 |   16|   0|   16|          0|
    |c_row_major_1_6_load_15_reg_36508                                 |   16|   0|   16|          0|
    |c_row_major_1_6_load_1_reg_31708                                  |   16|   0|   16|          0|
    |c_row_major_1_6_load_2_reg_32308                                  |   16|   0|   16|          0|
    |c_row_major_1_6_load_3_reg_32348                                  |   16|   0|   16|          0|
    |c_row_major_1_6_load_4_reg_32948                                  |   16|   0|   16|          0|
    |c_row_major_1_6_load_5_reg_32988                                  |   16|   0|   16|          0|
    |c_row_major_1_6_load_6_reg_33588                                  |   16|   0|   16|          0|
    |c_row_major_1_6_load_7_reg_33628                                  |   16|   0|   16|          0|
    |c_row_major_1_6_load_8_reg_34228                                  |   16|   0|   16|          0|
    |c_row_major_1_6_load_9_reg_34268                                  |   16|   0|   16|          0|
    |c_row_major_1_6_load_reg_31668                                    |   16|   0|   16|          0|
    |c_row_major_1_7_load_10_reg_34873                                 |   16|   0|   16|          0|
    |c_row_major_1_7_load_11_reg_34913                                 |   16|   0|   16|          0|
    |c_row_major_1_7_load_12_reg_35513                                 |   16|   0|   16|          0|
    |c_row_major_1_7_load_13_reg_35553                                 |   16|   0|   16|          0|
    |c_row_major_1_7_load_14_reg_36473                                 |   16|   0|   16|          0|
    |c_row_major_1_7_load_15_reg_36513                                 |   16|   0|   16|          0|
    |c_row_major_1_7_load_1_reg_31713                                  |   16|   0|   16|          0|
    |c_row_major_1_7_load_2_reg_32313                                  |   16|   0|   16|          0|
    |c_row_major_1_7_load_3_reg_32353                                  |   16|   0|   16|          0|
    |c_row_major_1_7_load_4_reg_32953                                  |   16|   0|   16|          0|
    |c_row_major_1_7_load_5_reg_32993                                  |   16|   0|   16|          0|
    |c_row_major_1_7_load_6_reg_33593                                  |   16|   0|   16|          0|
    |c_row_major_1_7_load_7_reg_33633                                  |   16|   0|   16|          0|
    |c_row_major_1_7_load_8_reg_34233                                  |   16|   0|   16|          0|
    |c_row_major_1_7_load_9_reg_34273                                  |   16|   0|   16|          0|
    |c_row_major_1_7_load_reg_31673                                    |   16|   0|   16|          0|
    |c_row_major_2_0_load_10_reg_34918                                 |   16|   0|   16|          0|
    |c_row_major_2_0_load_11_reg_34958                                 |   16|   0|   16|          0|
    |c_row_major_2_0_load_12_reg_35558                                 |   16|   0|   16|          0|
    |c_row_major_2_0_load_13_reg_35598                                 |   16|   0|   16|          0|
    |c_row_major_2_0_load_14_reg_36518                                 |   16|   0|   16|          0|
    |c_row_major_2_0_load_15_reg_36558                                 |   16|   0|   16|          0|
    |c_row_major_2_0_load_1_reg_31758                                  |   16|   0|   16|          0|
    |c_row_major_2_0_load_2_reg_32358                                  |   16|   0|   16|          0|
    |c_row_major_2_0_load_3_reg_32398                                  |   16|   0|   16|          0|
    |c_row_major_2_0_load_4_reg_32998                                  |   16|   0|   16|          0|
    |c_row_major_2_0_load_5_reg_33038                                  |   16|   0|   16|          0|
    |c_row_major_2_0_load_6_reg_33638                                  |   16|   0|   16|          0|
    |c_row_major_2_0_load_7_reg_33678                                  |   16|   0|   16|          0|
    |c_row_major_2_0_load_8_reg_34278                                  |   16|   0|   16|          0|
    |c_row_major_2_0_load_9_reg_34318                                  |   16|   0|   16|          0|
    |c_row_major_2_0_load_reg_31718                                    |   16|   0|   16|          0|
    |c_row_major_2_1_load_10_reg_34923                                 |   16|   0|   16|          0|
    |c_row_major_2_1_load_11_reg_34963                                 |   16|   0|   16|          0|
    |c_row_major_2_1_load_12_reg_35563                                 |   16|   0|   16|          0|
    |c_row_major_2_1_load_13_reg_35603                                 |   16|   0|   16|          0|
    |c_row_major_2_1_load_14_reg_36523                                 |   16|   0|   16|          0|
    |c_row_major_2_1_load_15_reg_36563                                 |   16|   0|   16|          0|
    |c_row_major_2_1_load_1_reg_31763                                  |   16|   0|   16|          0|
    |c_row_major_2_1_load_2_reg_32363                                  |   16|   0|   16|          0|
    |c_row_major_2_1_load_3_reg_32403                                  |   16|   0|   16|          0|
    |c_row_major_2_1_load_4_reg_33003                                  |   16|   0|   16|          0|
    |c_row_major_2_1_load_5_reg_33043                                  |   16|   0|   16|          0|
    |c_row_major_2_1_load_6_reg_33643                                  |   16|   0|   16|          0|
    |c_row_major_2_1_load_7_reg_33683                                  |   16|   0|   16|          0|
    |c_row_major_2_1_load_8_reg_34283                                  |   16|   0|   16|          0|
    |c_row_major_2_1_load_9_reg_34323                                  |   16|   0|   16|          0|
    |c_row_major_2_1_load_reg_31723                                    |   16|   0|   16|          0|
    |c_row_major_2_2_load_10_reg_34928                                 |   16|   0|   16|          0|
    |c_row_major_2_2_load_11_reg_34968                                 |   16|   0|   16|          0|
    |c_row_major_2_2_load_12_reg_35568                                 |   16|   0|   16|          0|
    |c_row_major_2_2_load_13_reg_35608                                 |   16|   0|   16|          0|
    |c_row_major_2_2_load_14_reg_36528                                 |   16|   0|   16|          0|
    |c_row_major_2_2_load_15_reg_36568                                 |   16|   0|   16|          0|
    |c_row_major_2_2_load_1_reg_31768                                  |   16|   0|   16|          0|
    |c_row_major_2_2_load_2_reg_32368                                  |   16|   0|   16|          0|
    |c_row_major_2_2_load_3_reg_32408                                  |   16|   0|   16|          0|
    |c_row_major_2_2_load_4_reg_33008                                  |   16|   0|   16|          0|
    |c_row_major_2_2_load_5_reg_33048                                  |   16|   0|   16|          0|
    |c_row_major_2_2_load_6_reg_33648                                  |   16|   0|   16|          0|
    |c_row_major_2_2_load_7_reg_33688                                  |   16|   0|   16|          0|
    |c_row_major_2_2_load_8_reg_34288                                  |   16|   0|   16|          0|
    |c_row_major_2_2_load_9_reg_34328                                  |   16|   0|   16|          0|
    |c_row_major_2_2_load_reg_31728                                    |   16|   0|   16|          0|
    |c_row_major_2_3_load_10_reg_34933                                 |   16|   0|   16|          0|
    |c_row_major_2_3_load_11_reg_34973                                 |   16|   0|   16|          0|
    |c_row_major_2_3_load_12_reg_35573                                 |   16|   0|   16|          0|
    |c_row_major_2_3_load_13_reg_35613                                 |   16|   0|   16|          0|
    |c_row_major_2_3_load_14_reg_36533                                 |   16|   0|   16|          0|
    |c_row_major_2_3_load_15_reg_36573                                 |   16|   0|   16|          0|
    |c_row_major_2_3_load_1_reg_31773                                  |   16|   0|   16|          0|
    |c_row_major_2_3_load_2_reg_32373                                  |   16|   0|   16|          0|
    |c_row_major_2_3_load_3_reg_32413                                  |   16|   0|   16|          0|
    |c_row_major_2_3_load_4_reg_33013                                  |   16|   0|   16|          0|
    |c_row_major_2_3_load_5_reg_33053                                  |   16|   0|   16|          0|
    |c_row_major_2_3_load_6_reg_33653                                  |   16|   0|   16|          0|
    |c_row_major_2_3_load_7_reg_33693                                  |   16|   0|   16|          0|
    |c_row_major_2_3_load_8_reg_34293                                  |   16|   0|   16|          0|
    |c_row_major_2_3_load_9_reg_34333                                  |   16|   0|   16|          0|
    |c_row_major_2_3_load_reg_31733                                    |   16|   0|   16|          0|
    |c_row_major_2_4_load_10_reg_34938                                 |   16|   0|   16|          0|
    |c_row_major_2_4_load_11_reg_34978                                 |   16|   0|   16|          0|
    |c_row_major_2_4_load_12_reg_35578                                 |   16|   0|   16|          0|
    |c_row_major_2_4_load_13_reg_35618                                 |   16|   0|   16|          0|
    |c_row_major_2_4_load_14_reg_36538                                 |   16|   0|   16|          0|
    |c_row_major_2_4_load_15_reg_36578                                 |   16|   0|   16|          0|
    |c_row_major_2_4_load_1_reg_31778                                  |   16|   0|   16|          0|
    |c_row_major_2_4_load_2_reg_32378                                  |   16|   0|   16|          0|
    |c_row_major_2_4_load_3_reg_32418                                  |   16|   0|   16|          0|
    |c_row_major_2_4_load_4_reg_33018                                  |   16|   0|   16|          0|
    |c_row_major_2_4_load_5_reg_33058                                  |   16|   0|   16|          0|
    |c_row_major_2_4_load_6_reg_33658                                  |   16|   0|   16|          0|
    |c_row_major_2_4_load_7_reg_33698                                  |   16|   0|   16|          0|
    |c_row_major_2_4_load_8_reg_34298                                  |   16|   0|   16|          0|
    |c_row_major_2_4_load_9_reg_34338                                  |   16|   0|   16|          0|
    |c_row_major_2_4_load_reg_31738                                    |   16|   0|   16|          0|
    |c_row_major_2_5_load_10_reg_34943                                 |   16|   0|   16|          0|
    |c_row_major_2_5_load_11_reg_34983                                 |   16|   0|   16|          0|
    |c_row_major_2_5_load_12_reg_35583                                 |   16|   0|   16|          0|
    |c_row_major_2_5_load_13_reg_35623                                 |   16|   0|   16|          0|
    |c_row_major_2_5_load_14_reg_36543                                 |   16|   0|   16|          0|
    |c_row_major_2_5_load_15_reg_36583                                 |   16|   0|   16|          0|
    |c_row_major_2_5_load_1_reg_31783                                  |   16|   0|   16|          0|
    |c_row_major_2_5_load_2_reg_32383                                  |   16|   0|   16|          0|
    |c_row_major_2_5_load_3_reg_32423                                  |   16|   0|   16|          0|
    |c_row_major_2_5_load_4_reg_33023                                  |   16|   0|   16|          0|
    |c_row_major_2_5_load_5_reg_33063                                  |   16|   0|   16|          0|
    |c_row_major_2_5_load_6_reg_33663                                  |   16|   0|   16|          0|
    |c_row_major_2_5_load_7_reg_33703                                  |   16|   0|   16|          0|
    |c_row_major_2_5_load_8_reg_34303                                  |   16|   0|   16|          0|
    |c_row_major_2_5_load_9_reg_34343                                  |   16|   0|   16|          0|
    |c_row_major_2_5_load_reg_31743                                    |   16|   0|   16|          0|
    |c_row_major_2_6_load_10_reg_34948                                 |   16|   0|   16|          0|
    |c_row_major_2_6_load_11_reg_34988                                 |   16|   0|   16|          0|
    |c_row_major_2_6_load_12_reg_35588                                 |   16|   0|   16|          0|
    |c_row_major_2_6_load_13_reg_35628                                 |   16|   0|   16|          0|
    |c_row_major_2_6_load_14_reg_36548                                 |   16|   0|   16|          0|
    |c_row_major_2_6_load_15_reg_36588                                 |   16|   0|   16|          0|
    |c_row_major_2_6_load_1_reg_31788                                  |   16|   0|   16|          0|
    |c_row_major_2_6_load_2_reg_32388                                  |   16|   0|   16|          0|
    |c_row_major_2_6_load_3_reg_32428                                  |   16|   0|   16|          0|
    |c_row_major_2_6_load_4_reg_33028                                  |   16|   0|   16|          0|
    |c_row_major_2_6_load_5_reg_33068                                  |   16|   0|   16|          0|
    |c_row_major_2_6_load_6_reg_33668                                  |   16|   0|   16|          0|
    |c_row_major_2_6_load_7_reg_33708                                  |   16|   0|   16|          0|
    |c_row_major_2_6_load_8_reg_34308                                  |   16|   0|   16|          0|
    |c_row_major_2_6_load_9_reg_34348                                  |   16|   0|   16|          0|
    |c_row_major_2_6_load_reg_31748                                    |   16|   0|   16|          0|
    |c_row_major_2_7_load_10_reg_34953                                 |   16|   0|   16|          0|
    |c_row_major_2_7_load_11_reg_34993                                 |   16|   0|   16|          0|
    |c_row_major_2_7_load_12_reg_35593                                 |   16|   0|   16|          0|
    |c_row_major_2_7_load_13_reg_35633                                 |   16|   0|   16|          0|
    |c_row_major_2_7_load_14_reg_36553                                 |   16|   0|   16|          0|
    |c_row_major_2_7_load_15_reg_36593                                 |   16|   0|   16|          0|
    |c_row_major_2_7_load_1_reg_31793                                  |   16|   0|   16|          0|
    |c_row_major_2_7_load_2_reg_32393                                  |   16|   0|   16|          0|
    |c_row_major_2_7_load_3_reg_32433                                  |   16|   0|   16|          0|
    |c_row_major_2_7_load_4_reg_33033                                  |   16|   0|   16|          0|
    |c_row_major_2_7_load_5_reg_33073                                  |   16|   0|   16|          0|
    |c_row_major_2_7_load_6_reg_33673                                  |   16|   0|   16|          0|
    |c_row_major_2_7_load_7_reg_33713                                  |   16|   0|   16|          0|
    |c_row_major_2_7_load_8_reg_34313                                  |   16|   0|   16|          0|
    |c_row_major_2_7_load_9_reg_34353                                  |   16|   0|   16|          0|
    |c_row_major_2_7_load_reg_31753                                    |   16|   0|   16|          0|
    |c_row_major_3_0_load_10_reg_34998                                 |   16|   0|   16|          0|
    |c_row_major_3_0_load_11_reg_35038                                 |   16|   0|   16|          0|
    |c_row_major_3_0_load_12_reg_35638                                 |   16|   0|   16|          0|
    |c_row_major_3_0_load_13_reg_35678                                 |   16|   0|   16|          0|
    |c_row_major_3_0_load_14_reg_36598                                 |   16|   0|   16|          0|
    |c_row_major_3_0_load_15_reg_36638                                 |   16|   0|   16|          0|
    |c_row_major_3_0_load_1_reg_31838                                  |   16|   0|   16|          0|
    |c_row_major_3_0_load_2_reg_32438                                  |   16|   0|   16|          0|
    |c_row_major_3_0_load_3_reg_32478                                  |   16|   0|   16|          0|
    |c_row_major_3_0_load_4_reg_33078                                  |   16|   0|   16|          0|
    |c_row_major_3_0_load_5_reg_33118                                  |   16|   0|   16|          0|
    |c_row_major_3_0_load_6_reg_33718                                  |   16|   0|   16|          0|
    |c_row_major_3_0_load_7_reg_33758                                  |   16|   0|   16|          0|
    |c_row_major_3_0_load_8_reg_34358                                  |   16|   0|   16|          0|
    |c_row_major_3_0_load_9_reg_34398                                  |   16|   0|   16|          0|
    |c_row_major_3_0_load_reg_31798                                    |   16|   0|   16|          0|
    |c_row_major_3_1_load_10_reg_35003                                 |   16|   0|   16|          0|
    |c_row_major_3_1_load_11_reg_35043                                 |   16|   0|   16|          0|
    |c_row_major_3_1_load_12_reg_35643                                 |   16|   0|   16|          0|
    |c_row_major_3_1_load_13_reg_35683                                 |   16|   0|   16|          0|
    |c_row_major_3_1_load_14_reg_36603                                 |   16|   0|   16|          0|
    |c_row_major_3_1_load_15_reg_36643                                 |   16|   0|   16|          0|
    |c_row_major_3_1_load_1_reg_31843                                  |   16|   0|   16|          0|
    |c_row_major_3_1_load_2_reg_32443                                  |   16|   0|   16|          0|
    |c_row_major_3_1_load_3_reg_32483                                  |   16|   0|   16|          0|
    |c_row_major_3_1_load_4_reg_33083                                  |   16|   0|   16|          0|
    |c_row_major_3_1_load_5_reg_33123                                  |   16|   0|   16|          0|
    |c_row_major_3_1_load_6_reg_33723                                  |   16|   0|   16|          0|
    |c_row_major_3_1_load_7_reg_33763                                  |   16|   0|   16|          0|
    |c_row_major_3_1_load_8_reg_34363                                  |   16|   0|   16|          0|
    |c_row_major_3_1_load_9_reg_34403                                  |   16|   0|   16|          0|
    |c_row_major_3_1_load_reg_31803                                    |   16|   0|   16|          0|
    |c_row_major_3_2_load_10_reg_35008                                 |   16|   0|   16|          0|
    |c_row_major_3_2_load_11_reg_35048                                 |   16|   0|   16|          0|
    |c_row_major_3_2_load_12_reg_35648                                 |   16|   0|   16|          0|
    |c_row_major_3_2_load_13_reg_35688                                 |   16|   0|   16|          0|
    |c_row_major_3_2_load_14_reg_36608                                 |   16|   0|   16|          0|
    |c_row_major_3_2_load_15_reg_36648                                 |   16|   0|   16|          0|
    |c_row_major_3_2_load_1_reg_31848                                  |   16|   0|   16|          0|
    |c_row_major_3_2_load_2_reg_32448                                  |   16|   0|   16|          0|
    |c_row_major_3_2_load_3_reg_32488                                  |   16|   0|   16|          0|
    |c_row_major_3_2_load_4_reg_33088                                  |   16|   0|   16|          0|
    |c_row_major_3_2_load_5_reg_33128                                  |   16|   0|   16|          0|
    |c_row_major_3_2_load_6_reg_33728                                  |   16|   0|   16|          0|
    |c_row_major_3_2_load_7_reg_33768                                  |   16|   0|   16|          0|
    |c_row_major_3_2_load_8_reg_34368                                  |   16|   0|   16|          0|
    |c_row_major_3_2_load_9_reg_34408                                  |   16|   0|   16|          0|
    |c_row_major_3_2_load_reg_31808                                    |   16|   0|   16|          0|
    |c_row_major_3_3_load_10_reg_35013                                 |   16|   0|   16|          0|
    |c_row_major_3_3_load_11_reg_35053                                 |   16|   0|   16|          0|
    |c_row_major_3_3_load_12_reg_35653                                 |   16|   0|   16|          0|
    |c_row_major_3_3_load_13_reg_35693                                 |   16|   0|   16|          0|
    |c_row_major_3_3_load_14_reg_36613                                 |   16|   0|   16|          0|
    |c_row_major_3_3_load_15_reg_36653                                 |   16|   0|   16|          0|
    |c_row_major_3_3_load_1_reg_31853                                  |   16|   0|   16|          0|
    |c_row_major_3_3_load_2_reg_32453                                  |   16|   0|   16|          0|
    |c_row_major_3_3_load_3_reg_32493                                  |   16|   0|   16|          0|
    |c_row_major_3_3_load_4_reg_33093                                  |   16|   0|   16|          0|
    |c_row_major_3_3_load_5_reg_33133                                  |   16|   0|   16|          0|
    |c_row_major_3_3_load_6_reg_33733                                  |   16|   0|   16|          0|
    |c_row_major_3_3_load_7_reg_33773                                  |   16|   0|   16|          0|
    |c_row_major_3_3_load_8_reg_34373                                  |   16|   0|   16|          0|
    |c_row_major_3_3_load_9_reg_34413                                  |   16|   0|   16|          0|
    |c_row_major_3_3_load_reg_31813                                    |   16|   0|   16|          0|
    |c_row_major_3_4_load_10_reg_35018                                 |   16|   0|   16|          0|
    |c_row_major_3_4_load_11_reg_35058                                 |   16|   0|   16|          0|
    |c_row_major_3_4_load_12_reg_35658                                 |   16|   0|   16|          0|
    |c_row_major_3_4_load_13_reg_35698                                 |   16|   0|   16|          0|
    |c_row_major_3_4_load_14_reg_36618                                 |   16|   0|   16|          0|
    |c_row_major_3_4_load_15_reg_36658                                 |   16|   0|   16|          0|
    |c_row_major_3_4_load_1_reg_31858                                  |   16|   0|   16|          0|
    |c_row_major_3_4_load_2_reg_32458                                  |   16|   0|   16|          0|
    |c_row_major_3_4_load_3_reg_32498                                  |   16|   0|   16|          0|
    |c_row_major_3_4_load_4_reg_33098                                  |   16|   0|   16|          0|
    |c_row_major_3_4_load_5_reg_33138                                  |   16|   0|   16|          0|
    |c_row_major_3_4_load_6_reg_33738                                  |   16|   0|   16|          0|
    |c_row_major_3_4_load_7_reg_33778                                  |   16|   0|   16|          0|
    |c_row_major_3_4_load_8_reg_34378                                  |   16|   0|   16|          0|
    |c_row_major_3_4_load_9_reg_34418                                  |   16|   0|   16|          0|
    |c_row_major_3_4_load_reg_31818                                    |   16|   0|   16|          0|
    |c_row_major_3_5_load_10_reg_35023                                 |   16|   0|   16|          0|
    |c_row_major_3_5_load_11_reg_35063                                 |   16|   0|   16|          0|
    |c_row_major_3_5_load_12_reg_35663                                 |   16|   0|   16|          0|
    |c_row_major_3_5_load_13_reg_35703                                 |   16|   0|   16|          0|
    |c_row_major_3_5_load_14_reg_36623                                 |   16|   0|   16|          0|
    |c_row_major_3_5_load_15_reg_36663                                 |   16|   0|   16|          0|
    |c_row_major_3_5_load_1_reg_31863                                  |   16|   0|   16|          0|
    |c_row_major_3_5_load_2_reg_32463                                  |   16|   0|   16|          0|
    |c_row_major_3_5_load_3_reg_32503                                  |   16|   0|   16|          0|
    |c_row_major_3_5_load_4_reg_33103                                  |   16|   0|   16|          0|
    |c_row_major_3_5_load_5_reg_33143                                  |   16|   0|   16|          0|
    |c_row_major_3_5_load_6_reg_33743                                  |   16|   0|   16|          0|
    |c_row_major_3_5_load_7_reg_33783                                  |   16|   0|   16|          0|
    |c_row_major_3_5_load_8_reg_34383                                  |   16|   0|   16|          0|
    |c_row_major_3_5_load_9_reg_34423                                  |   16|   0|   16|          0|
    |c_row_major_3_5_load_reg_31823                                    |   16|   0|   16|          0|
    |c_row_major_3_6_load_10_reg_35028                                 |   16|   0|   16|          0|
    |c_row_major_3_6_load_11_reg_35068                                 |   16|   0|   16|          0|
    |c_row_major_3_6_load_12_reg_35668                                 |   16|   0|   16|          0|
    |c_row_major_3_6_load_13_reg_35708                                 |   16|   0|   16|          0|
    |c_row_major_3_6_load_14_reg_36628                                 |   16|   0|   16|          0|
    |c_row_major_3_6_load_15_reg_36668                                 |   16|   0|   16|          0|
    |c_row_major_3_6_load_1_reg_31868                                  |   16|   0|   16|          0|
    |c_row_major_3_6_load_2_reg_32468                                  |   16|   0|   16|          0|
    |c_row_major_3_6_load_3_reg_32508                                  |   16|   0|   16|          0|
    |c_row_major_3_6_load_4_reg_33108                                  |   16|   0|   16|          0|
    |c_row_major_3_6_load_5_reg_33148                                  |   16|   0|   16|          0|
    |c_row_major_3_6_load_6_reg_33748                                  |   16|   0|   16|          0|
    |c_row_major_3_6_load_7_reg_33788                                  |   16|   0|   16|          0|
    |c_row_major_3_6_load_8_reg_34388                                  |   16|   0|   16|          0|
    |c_row_major_3_6_load_9_reg_34428                                  |   16|   0|   16|          0|
    |c_row_major_3_6_load_reg_31828                                    |   16|   0|   16|          0|
    |c_row_major_3_7_load_10_reg_35033                                 |   16|   0|   16|          0|
    |c_row_major_3_7_load_11_reg_35073                                 |   16|   0|   16|          0|
    |c_row_major_3_7_load_12_reg_35673                                 |   16|   0|   16|          0|
    |c_row_major_3_7_load_13_reg_35713                                 |   16|   0|   16|          0|
    |c_row_major_3_7_load_14_reg_36633                                 |   16|   0|   16|          0|
    |c_row_major_3_7_load_15_reg_36673                                 |   16|   0|   16|          0|
    |c_row_major_3_7_load_1_reg_31873                                  |   16|   0|   16|          0|
    |c_row_major_3_7_load_2_reg_32473                                  |   16|   0|   16|          0|
    |c_row_major_3_7_load_3_reg_32513                                  |   16|   0|   16|          0|
    |c_row_major_3_7_load_4_reg_33113                                  |   16|   0|   16|          0|
    |c_row_major_3_7_load_5_reg_33153                                  |   16|   0|   16|          0|
    |c_row_major_3_7_load_6_reg_33753                                  |   16|   0|   16|          0|
    |c_row_major_3_7_load_7_reg_33793                                  |   16|   0|   16|          0|
    |c_row_major_3_7_load_8_reg_34393                                  |   16|   0|   16|          0|
    |c_row_major_3_7_load_9_reg_34433                                  |   16|   0|   16|          0|
    |c_row_major_3_7_load_reg_31833                                    |   16|   0|   16|          0|
    |c_row_major_4_0_load_10_reg_35078                                 |   16|   0|   16|          0|
    |c_row_major_4_0_load_11_reg_35118                                 |   16|   0|   16|          0|
    |c_row_major_4_0_load_12_reg_35718                                 |   16|   0|   16|          0|
    |c_row_major_4_0_load_13_reg_35758                                 |   16|   0|   16|          0|
    |c_row_major_4_0_load_14_reg_36678                                 |   16|   0|   16|          0|
    |c_row_major_4_0_load_15_reg_36718                                 |   16|   0|   16|          0|
    |c_row_major_4_0_load_1_reg_31918                                  |   16|   0|   16|          0|
    |c_row_major_4_0_load_2_reg_32518                                  |   16|   0|   16|          0|
    |c_row_major_4_0_load_3_reg_32558                                  |   16|   0|   16|          0|
    |c_row_major_4_0_load_4_reg_33158                                  |   16|   0|   16|          0|
    |c_row_major_4_0_load_5_reg_33198                                  |   16|   0|   16|          0|
    |c_row_major_4_0_load_6_reg_33798                                  |   16|   0|   16|          0|
    |c_row_major_4_0_load_7_reg_33838                                  |   16|   0|   16|          0|
    |c_row_major_4_0_load_8_reg_34438                                  |   16|   0|   16|          0|
    |c_row_major_4_0_load_9_reg_34478                                  |   16|   0|   16|          0|
    |c_row_major_4_0_load_reg_31878                                    |   16|   0|   16|          0|
    |c_row_major_4_1_load_10_reg_35083                                 |   16|   0|   16|          0|
    |c_row_major_4_1_load_11_reg_35123                                 |   16|   0|   16|          0|
    |c_row_major_4_1_load_12_reg_35723                                 |   16|   0|   16|          0|
    |c_row_major_4_1_load_13_reg_35763                                 |   16|   0|   16|          0|
    |c_row_major_4_1_load_14_reg_36683                                 |   16|   0|   16|          0|
    |c_row_major_4_1_load_15_reg_36723                                 |   16|   0|   16|          0|
    |c_row_major_4_1_load_1_reg_31923                                  |   16|   0|   16|          0|
    |c_row_major_4_1_load_2_reg_32523                                  |   16|   0|   16|          0|
    |c_row_major_4_1_load_3_reg_32563                                  |   16|   0|   16|          0|
    |c_row_major_4_1_load_4_reg_33163                                  |   16|   0|   16|          0|
    |c_row_major_4_1_load_5_reg_33203                                  |   16|   0|   16|          0|
    |c_row_major_4_1_load_6_reg_33803                                  |   16|   0|   16|          0|
    |c_row_major_4_1_load_7_reg_33843                                  |   16|   0|   16|          0|
    |c_row_major_4_1_load_8_reg_34443                                  |   16|   0|   16|          0|
    |c_row_major_4_1_load_9_reg_34483                                  |   16|   0|   16|          0|
    |c_row_major_4_1_load_reg_31883                                    |   16|   0|   16|          0|
    |c_row_major_4_2_load_10_reg_35088                                 |   16|   0|   16|          0|
    |c_row_major_4_2_load_11_reg_35128                                 |   16|   0|   16|          0|
    |c_row_major_4_2_load_12_reg_35728                                 |   16|   0|   16|          0|
    |c_row_major_4_2_load_13_reg_35768                                 |   16|   0|   16|          0|
    |c_row_major_4_2_load_14_reg_36688                                 |   16|   0|   16|          0|
    |c_row_major_4_2_load_15_reg_36728                                 |   16|   0|   16|          0|
    |c_row_major_4_2_load_1_reg_31928                                  |   16|   0|   16|          0|
    |c_row_major_4_2_load_2_reg_32528                                  |   16|   0|   16|          0|
    |c_row_major_4_2_load_3_reg_32568                                  |   16|   0|   16|          0|
    |c_row_major_4_2_load_4_reg_33168                                  |   16|   0|   16|          0|
    |c_row_major_4_2_load_5_reg_33208                                  |   16|   0|   16|          0|
    |c_row_major_4_2_load_6_reg_33808                                  |   16|   0|   16|          0|
    |c_row_major_4_2_load_7_reg_33848                                  |   16|   0|   16|          0|
    |c_row_major_4_2_load_8_reg_34448                                  |   16|   0|   16|          0|
    |c_row_major_4_2_load_9_reg_34488                                  |   16|   0|   16|          0|
    |c_row_major_4_2_load_reg_31888                                    |   16|   0|   16|          0|
    |c_row_major_4_3_load_10_reg_35093                                 |   16|   0|   16|          0|
    |c_row_major_4_3_load_11_reg_35133                                 |   16|   0|   16|          0|
    |c_row_major_4_3_load_12_reg_35733                                 |   16|   0|   16|          0|
    |c_row_major_4_3_load_13_reg_35773                                 |   16|   0|   16|          0|
    |c_row_major_4_3_load_14_reg_36693                                 |   16|   0|   16|          0|
    |c_row_major_4_3_load_15_reg_36733                                 |   16|   0|   16|          0|
    |c_row_major_4_3_load_1_reg_31933                                  |   16|   0|   16|          0|
    |c_row_major_4_3_load_2_reg_32533                                  |   16|   0|   16|          0|
    |c_row_major_4_3_load_3_reg_32573                                  |   16|   0|   16|          0|
    |c_row_major_4_3_load_4_reg_33173                                  |   16|   0|   16|          0|
    |c_row_major_4_3_load_5_reg_33213                                  |   16|   0|   16|          0|
    |c_row_major_4_3_load_6_reg_33813                                  |   16|   0|   16|          0|
    |c_row_major_4_3_load_7_reg_33853                                  |   16|   0|   16|          0|
    |c_row_major_4_3_load_8_reg_34453                                  |   16|   0|   16|          0|
    |c_row_major_4_3_load_9_reg_34493                                  |   16|   0|   16|          0|
    |c_row_major_4_3_load_reg_31893                                    |   16|   0|   16|          0|
    |c_row_major_4_4_load_10_reg_35098                                 |   16|   0|   16|          0|
    |c_row_major_4_4_load_11_reg_35138                                 |   16|   0|   16|          0|
    |c_row_major_4_4_load_12_reg_35738                                 |   16|   0|   16|          0|
    |c_row_major_4_4_load_13_reg_35778                                 |   16|   0|   16|          0|
    |c_row_major_4_4_load_14_reg_36698                                 |   16|   0|   16|          0|
    |c_row_major_4_4_load_15_reg_36738                                 |   16|   0|   16|          0|
    |c_row_major_4_4_load_1_reg_31938                                  |   16|   0|   16|          0|
    |c_row_major_4_4_load_2_reg_32538                                  |   16|   0|   16|          0|
    |c_row_major_4_4_load_3_reg_32578                                  |   16|   0|   16|          0|
    |c_row_major_4_4_load_4_reg_33178                                  |   16|   0|   16|          0|
    |c_row_major_4_4_load_5_reg_33218                                  |   16|   0|   16|          0|
    |c_row_major_4_4_load_6_reg_33818                                  |   16|   0|   16|          0|
    |c_row_major_4_4_load_7_reg_33858                                  |   16|   0|   16|          0|
    |c_row_major_4_4_load_8_reg_34458                                  |   16|   0|   16|          0|
    |c_row_major_4_4_load_9_reg_34498                                  |   16|   0|   16|          0|
    |c_row_major_4_4_load_reg_31898                                    |   16|   0|   16|          0|
    |c_row_major_4_5_load_10_reg_35103                                 |   16|   0|   16|          0|
    |c_row_major_4_5_load_11_reg_35143                                 |   16|   0|   16|          0|
    |c_row_major_4_5_load_12_reg_35743                                 |   16|   0|   16|          0|
    |c_row_major_4_5_load_13_reg_35783                                 |   16|   0|   16|          0|
    |c_row_major_4_5_load_14_reg_36703                                 |   16|   0|   16|          0|
    |c_row_major_4_5_load_15_reg_36743                                 |   16|   0|   16|          0|
    |c_row_major_4_5_load_1_reg_31943                                  |   16|   0|   16|          0|
    |c_row_major_4_5_load_2_reg_32543                                  |   16|   0|   16|          0|
    |c_row_major_4_5_load_3_reg_32583                                  |   16|   0|   16|          0|
    |c_row_major_4_5_load_4_reg_33183                                  |   16|   0|   16|          0|
    |c_row_major_4_5_load_5_reg_33223                                  |   16|   0|   16|          0|
    |c_row_major_4_5_load_6_reg_33823                                  |   16|   0|   16|          0|
    |c_row_major_4_5_load_7_reg_33863                                  |   16|   0|   16|          0|
    |c_row_major_4_5_load_8_reg_34463                                  |   16|   0|   16|          0|
    |c_row_major_4_5_load_9_reg_34503                                  |   16|   0|   16|          0|
    |c_row_major_4_5_load_reg_31903                                    |   16|   0|   16|          0|
    |c_row_major_4_6_load_10_reg_35108                                 |   16|   0|   16|          0|
    |c_row_major_4_6_load_11_reg_35148                                 |   16|   0|   16|          0|
    |c_row_major_4_6_load_12_reg_35748                                 |   16|   0|   16|          0|
    |c_row_major_4_6_load_13_reg_35788                                 |   16|   0|   16|          0|
    |c_row_major_4_6_load_14_reg_36708                                 |   16|   0|   16|          0|
    |c_row_major_4_6_load_15_reg_36748                                 |   16|   0|   16|          0|
    |c_row_major_4_6_load_1_reg_31948                                  |   16|   0|   16|          0|
    |c_row_major_4_6_load_2_reg_32548                                  |   16|   0|   16|          0|
    |c_row_major_4_6_load_3_reg_32588                                  |   16|   0|   16|          0|
    |c_row_major_4_6_load_4_reg_33188                                  |   16|   0|   16|          0|
    |c_row_major_4_6_load_5_reg_33228                                  |   16|   0|   16|          0|
    |c_row_major_4_6_load_6_reg_33828                                  |   16|   0|   16|          0|
    |c_row_major_4_6_load_7_reg_33868                                  |   16|   0|   16|          0|
    |c_row_major_4_6_load_8_reg_34468                                  |   16|   0|   16|          0|
    |c_row_major_4_6_load_9_reg_34508                                  |   16|   0|   16|          0|
    |c_row_major_4_6_load_reg_31908                                    |   16|   0|   16|          0|
    |c_row_major_4_7_load_10_reg_35113                                 |   16|   0|   16|          0|
    |c_row_major_4_7_load_11_reg_35153                                 |   16|   0|   16|          0|
    |c_row_major_4_7_load_12_reg_35753                                 |   16|   0|   16|          0|
    |c_row_major_4_7_load_13_reg_35793                                 |   16|   0|   16|          0|
    |c_row_major_4_7_load_14_reg_36713                                 |   16|   0|   16|          0|
    |c_row_major_4_7_load_15_reg_36753                                 |   16|   0|   16|          0|
    |c_row_major_4_7_load_1_reg_31953                                  |   16|   0|   16|          0|
    |c_row_major_4_7_load_2_reg_32553                                  |   16|   0|   16|          0|
    |c_row_major_4_7_load_3_reg_32593                                  |   16|   0|   16|          0|
    |c_row_major_4_7_load_4_reg_33193                                  |   16|   0|   16|          0|
    |c_row_major_4_7_load_5_reg_33233                                  |   16|   0|   16|          0|
    |c_row_major_4_7_load_6_reg_33833                                  |   16|   0|   16|          0|
    |c_row_major_4_7_load_7_reg_33873                                  |   16|   0|   16|          0|
    |c_row_major_4_7_load_8_reg_34473                                  |   16|   0|   16|          0|
    |c_row_major_4_7_load_9_reg_34513                                  |   16|   0|   16|          0|
    |c_row_major_4_7_load_reg_31913                                    |   16|   0|   16|          0|
    |c_row_major_5_0_load_10_reg_35158                                 |   16|   0|   16|          0|
    |c_row_major_5_0_load_11_reg_35198                                 |   16|   0|   16|          0|
    |c_row_major_5_0_load_12_reg_35798                                 |   16|   0|   16|          0|
    |c_row_major_5_0_load_13_reg_35838                                 |   16|   0|   16|          0|
    |c_row_major_5_0_load_14_reg_36758                                 |   16|   0|   16|          0|
    |c_row_major_5_0_load_15_reg_36798                                 |   16|   0|   16|          0|
    |c_row_major_5_0_load_1_reg_31998                                  |   16|   0|   16|          0|
    |c_row_major_5_0_load_2_reg_32598                                  |   16|   0|   16|          0|
    |c_row_major_5_0_load_3_reg_32638                                  |   16|   0|   16|          0|
    |c_row_major_5_0_load_4_reg_33238                                  |   16|   0|   16|          0|
    |c_row_major_5_0_load_5_reg_33278                                  |   16|   0|   16|          0|
    |c_row_major_5_0_load_6_reg_33878                                  |   16|   0|   16|          0|
    |c_row_major_5_0_load_7_reg_33918                                  |   16|   0|   16|          0|
    |c_row_major_5_0_load_8_reg_34518                                  |   16|   0|   16|          0|
    |c_row_major_5_0_load_9_reg_34558                                  |   16|   0|   16|          0|
    |c_row_major_5_0_load_reg_31958                                    |   16|   0|   16|          0|
    |c_row_major_5_1_load_10_reg_35163                                 |   16|   0|   16|          0|
    |c_row_major_5_1_load_11_reg_35203                                 |   16|   0|   16|          0|
    |c_row_major_5_1_load_12_reg_35803                                 |   16|   0|   16|          0|
    |c_row_major_5_1_load_13_reg_35843                                 |   16|   0|   16|          0|
    |c_row_major_5_1_load_14_reg_36763                                 |   16|   0|   16|          0|
    |c_row_major_5_1_load_15_reg_36803                                 |   16|   0|   16|          0|
    |c_row_major_5_1_load_1_reg_32003                                  |   16|   0|   16|          0|
    |c_row_major_5_1_load_2_reg_32603                                  |   16|   0|   16|          0|
    |c_row_major_5_1_load_3_reg_32643                                  |   16|   0|   16|          0|
    |c_row_major_5_1_load_4_reg_33243                                  |   16|   0|   16|          0|
    |c_row_major_5_1_load_5_reg_33283                                  |   16|   0|   16|          0|
    |c_row_major_5_1_load_6_reg_33883                                  |   16|   0|   16|          0|
    |c_row_major_5_1_load_7_reg_33923                                  |   16|   0|   16|          0|
    |c_row_major_5_1_load_8_reg_34523                                  |   16|   0|   16|          0|
    |c_row_major_5_1_load_9_reg_34563                                  |   16|   0|   16|          0|
    |c_row_major_5_1_load_reg_31963                                    |   16|   0|   16|          0|
    |c_row_major_5_2_load_10_reg_35168                                 |   16|   0|   16|          0|
    |c_row_major_5_2_load_11_reg_35208                                 |   16|   0|   16|          0|
    |c_row_major_5_2_load_12_reg_35808                                 |   16|   0|   16|          0|
    |c_row_major_5_2_load_13_reg_35848                                 |   16|   0|   16|          0|
    |c_row_major_5_2_load_14_reg_36768                                 |   16|   0|   16|          0|
    |c_row_major_5_2_load_15_reg_36808                                 |   16|   0|   16|          0|
    |c_row_major_5_2_load_1_reg_32008                                  |   16|   0|   16|          0|
    |c_row_major_5_2_load_2_reg_32608                                  |   16|   0|   16|          0|
    |c_row_major_5_2_load_3_reg_32648                                  |   16|   0|   16|          0|
    |c_row_major_5_2_load_4_reg_33248                                  |   16|   0|   16|          0|
    |c_row_major_5_2_load_5_reg_33288                                  |   16|   0|   16|          0|
    |c_row_major_5_2_load_6_reg_33888                                  |   16|   0|   16|          0|
    |c_row_major_5_2_load_7_reg_33928                                  |   16|   0|   16|          0|
    |c_row_major_5_2_load_8_reg_34528                                  |   16|   0|   16|          0|
    |c_row_major_5_2_load_9_reg_34568                                  |   16|   0|   16|          0|
    |c_row_major_5_2_load_reg_31968                                    |   16|   0|   16|          0|
    |c_row_major_5_3_load_10_reg_35173                                 |   16|   0|   16|          0|
    |c_row_major_5_3_load_11_reg_35213                                 |   16|   0|   16|          0|
    |c_row_major_5_3_load_12_reg_35813                                 |   16|   0|   16|          0|
    |c_row_major_5_3_load_13_reg_35853                                 |   16|   0|   16|          0|
    |c_row_major_5_3_load_14_reg_36773                                 |   16|   0|   16|          0|
    |c_row_major_5_3_load_15_reg_36813                                 |   16|   0|   16|          0|
    |c_row_major_5_3_load_1_reg_32013                                  |   16|   0|   16|          0|
    |c_row_major_5_3_load_2_reg_32613                                  |   16|   0|   16|          0|
    |c_row_major_5_3_load_3_reg_32653                                  |   16|   0|   16|          0|
    |c_row_major_5_3_load_4_reg_33253                                  |   16|   0|   16|          0|
    |c_row_major_5_3_load_5_reg_33293                                  |   16|   0|   16|          0|
    |c_row_major_5_3_load_6_reg_33893                                  |   16|   0|   16|          0|
    |c_row_major_5_3_load_7_reg_33933                                  |   16|   0|   16|          0|
    |c_row_major_5_3_load_8_reg_34533                                  |   16|   0|   16|          0|
    |c_row_major_5_3_load_9_reg_34573                                  |   16|   0|   16|          0|
    |c_row_major_5_3_load_reg_31973                                    |   16|   0|   16|          0|
    |c_row_major_5_4_load_10_reg_35178                                 |   16|   0|   16|          0|
    |c_row_major_5_4_load_11_reg_35218                                 |   16|   0|   16|          0|
    |c_row_major_5_4_load_12_reg_35818                                 |   16|   0|   16|          0|
    |c_row_major_5_4_load_13_reg_35858                                 |   16|   0|   16|          0|
    |c_row_major_5_4_load_14_reg_36778                                 |   16|   0|   16|          0|
    |c_row_major_5_4_load_15_reg_36818                                 |   16|   0|   16|          0|
    |c_row_major_5_4_load_1_reg_32018                                  |   16|   0|   16|          0|
    |c_row_major_5_4_load_2_reg_32618                                  |   16|   0|   16|          0|
    |c_row_major_5_4_load_3_reg_32658                                  |   16|   0|   16|          0|
    |c_row_major_5_4_load_4_reg_33258                                  |   16|   0|   16|          0|
    |c_row_major_5_4_load_5_reg_33298                                  |   16|   0|   16|          0|
    |c_row_major_5_4_load_6_reg_33898                                  |   16|   0|   16|          0|
    |c_row_major_5_4_load_7_reg_33938                                  |   16|   0|   16|          0|
    |c_row_major_5_4_load_8_reg_34538                                  |   16|   0|   16|          0|
    |c_row_major_5_4_load_9_reg_34578                                  |   16|   0|   16|          0|
    |c_row_major_5_4_load_reg_31978                                    |   16|   0|   16|          0|
    |c_row_major_5_5_load_10_reg_35183                                 |   16|   0|   16|          0|
    |c_row_major_5_5_load_11_reg_35223                                 |   16|   0|   16|          0|
    |c_row_major_5_5_load_12_reg_35823                                 |   16|   0|   16|          0|
    |c_row_major_5_5_load_13_reg_35863                                 |   16|   0|   16|          0|
    |c_row_major_5_5_load_14_reg_36783                                 |   16|   0|   16|          0|
    |c_row_major_5_5_load_15_reg_36823                                 |   16|   0|   16|          0|
    |c_row_major_5_5_load_1_reg_32023                                  |   16|   0|   16|          0|
    |c_row_major_5_5_load_2_reg_32623                                  |   16|   0|   16|          0|
    |c_row_major_5_5_load_3_reg_32663                                  |   16|   0|   16|          0|
    |c_row_major_5_5_load_4_reg_33263                                  |   16|   0|   16|          0|
    |c_row_major_5_5_load_5_reg_33303                                  |   16|   0|   16|          0|
    |c_row_major_5_5_load_6_reg_33903                                  |   16|   0|   16|          0|
    |c_row_major_5_5_load_7_reg_33943                                  |   16|   0|   16|          0|
    |c_row_major_5_5_load_8_reg_34543                                  |   16|   0|   16|          0|
    |c_row_major_5_5_load_9_reg_34583                                  |   16|   0|   16|          0|
    |c_row_major_5_5_load_reg_31983                                    |   16|   0|   16|          0|
    |c_row_major_5_6_load_10_reg_35188                                 |   16|   0|   16|          0|
    |c_row_major_5_6_load_11_reg_35228                                 |   16|   0|   16|          0|
    |c_row_major_5_6_load_12_reg_35828                                 |   16|   0|   16|          0|
    |c_row_major_5_6_load_13_reg_35868                                 |   16|   0|   16|          0|
    |c_row_major_5_6_load_14_reg_36788                                 |   16|   0|   16|          0|
    |c_row_major_5_6_load_15_reg_36828                                 |   16|   0|   16|          0|
    |c_row_major_5_6_load_1_reg_32028                                  |   16|   0|   16|          0|
    |c_row_major_5_6_load_2_reg_32628                                  |   16|   0|   16|          0|
    |c_row_major_5_6_load_3_reg_32668                                  |   16|   0|   16|          0|
    |c_row_major_5_6_load_4_reg_33268                                  |   16|   0|   16|          0|
    |c_row_major_5_6_load_5_reg_33308                                  |   16|   0|   16|          0|
    |c_row_major_5_6_load_6_reg_33908                                  |   16|   0|   16|          0|
    |c_row_major_5_6_load_7_reg_33948                                  |   16|   0|   16|          0|
    |c_row_major_5_6_load_8_reg_34548                                  |   16|   0|   16|          0|
    |c_row_major_5_6_load_9_reg_34588                                  |   16|   0|   16|          0|
    |c_row_major_5_6_load_reg_31988                                    |   16|   0|   16|          0|
    |c_row_major_5_7_load_10_reg_35193                                 |   16|   0|   16|          0|
    |c_row_major_5_7_load_11_reg_35233                                 |   16|   0|   16|          0|
    |c_row_major_5_7_load_12_reg_35833                                 |   16|   0|   16|          0|
    |c_row_major_5_7_load_13_reg_35873                                 |   16|   0|   16|          0|
    |c_row_major_5_7_load_14_reg_36793                                 |   16|   0|   16|          0|
    |c_row_major_5_7_load_15_reg_36833                                 |   16|   0|   16|          0|
    |c_row_major_5_7_load_1_reg_32033                                  |   16|   0|   16|          0|
    |c_row_major_5_7_load_2_reg_32633                                  |   16|   0|   16|          0|
    |c_row_major_5_7_load_3_reg_32673                                  |   16|   0|   16|          0|
    |c_row_major_5_7_load_4_reg_33273                                  |   16|   0|   16|          0|
    |c_row_major_5_7_load_5_reg_33313                                  |   16|   0|   16|          0|
    |c_row_major_5_7_load_6_reg_33913                                  |   16|   0|   16|          0|
    |c_row_major_5_7_load_7_reg_33953                                  |   16|   0|   16|          0|
    |c_row_major_5_7_load_8_reg_34553                                  |   16|   0|   16|          0|
    |c_row_major_5_7_load_9_reg_34593                                  |   16|   0|   16|          0|
    |c_row_major_5_7_load_reg_31993                                    |   16|   0|   16|          0|
    |c_row_major_6_0_load_10_reg_35238                                 |   16|   0|   16|          0|
    |c_row_major_6_0_load_11_reg_35278                                 |   16|   0|   16|          0|
    |c_row_major_6_0_load_12_reg_35878                                 |   16|   0|   16|          0|
    |c_row_major_6_0_load_13_reg_35918                                 |   16|   0|   16|          0|
    |c_row_major_6_0_load_14_reg_36838                                 |   16|   0|   16|          0|
    |c_row_major_6_0_load_15_reg_36878                                 |   16|   0|   16|          0|
    |c_row_major_6_0_load_1_reg_32078                                  |   16|   0|   16|          0|
    |c_row_major_6_0_load_2_reg_32678                                  |   16|   0|   16|          0|
    |c_row_major_6_0_load_3_reg_32718                                  |   16|   0|   16|          0|
    |c_row_major_6_0_load_4_reg_33318                                  |   16|   0|   16|          0|
    |c_row_major_6_0_load_5_reg_33358                                  |   16|   0|   16|          0|
    |c_row_major_6_0_load_6_reg_33958                                  |   16|   0|   16|          0|
    |c_row_major_6_0_load_7_reg_33998                                  |   16|   0|   16|          0|
    |c_row_major_6_0_load_8_reg_34598                                  |   16|   0|   16|          0|
    |c_row_major_6_0_load_9_reg_34638                                  |   16|   0|   16|          0|
    |c_row_major_6_0_load_reg_32038                                    |   16|   0|   16|          0|
    |c_row_major_6_1_load_10_reg_35243                                 |   16|   0|   16|          0|
    |c_row_major_6_1_load_11_reg_35283                                 |   16|   0|   16|          0|
    |c_row_major_6_1_load_12_reg_35883                                 |   16|   0|   16|          0|
    |c_row_major_6_1_load_13_reg_35923                                 |   16|   0|   16|          0|
    |c_row_major_6_1_load_14_reg_36843                                 |   16|   0|   16|          0|
    |c_row_major_6_1_load_15_reg_36883                                 |   16|   0|   16|          0|
    |c_row_major_6_1_load_1_reg_32083                                  |   16|   0|   16|          0|
    |c_row_major_6_1_load_2_reg_32683                                  |   16|   0|   16|          0|
    |c_row_major_6_1_load_3_reg_32723                                  |   16|   0|   16|          0|
    |c_row_major_6_1_load_4_reg_33323                                  |   16|   0|   16|          0|
    |c_row_major_6_1_load_5_reg_33363                                  |   16|   0|   16|          0|
    |c_row_major_6_1_load_6_reg_33963                                  |   16|   0|   16|          0|
    |c_row_major_6_1_load_7_reg_34003                                  |   16|   0|   16|          0|
    |c_row_major_6_1_load_8_reg_34603                                  |   16|   0|   16|          0|
    |c_row_major_6_1_load_9_reg_34643                                  |   16|   0|   16|          0|
    |c_row_major_6_1_load_reg_32043                                    |   16|   0|   16|          0|
    |c_row_major_6_2_load_10_reg_35248                                 |   16|   0|   16|          0|
    |c_row_major_6_2_load_11_reg_35288                                 |   16|   0|   16|          0|
    |c_row_major_6_2_load_12_reg_35888                                 |   16|   0|   16|          0|
    |c_row_major_6_2_load_13_reg_35928                                 |   16|   0|   16|          0|
    |c_row_major_6_2_load_14_reg_36848                                 |   16|   0|   16|          0|
    |c_row_major_6_2_load_15_reg_36888                                 |   16|   0|   16|          0|
    |c_row_major_6_2_load_1_reg_32088                                  |   16|   0|   16|          0|
    |c_row_major_6_2_load_2_reg_32688                                  |   16|   0|   16|          0|
    |c_row_major_6_2_load_3_reg_32728                                  |   16|   0|   16|          0|
    |c_row_major_6_2_load_4_reg_33328                                  |   16|   0|   16|          0|
    |c_row_major_6_2_load_5_reg_33368                                  |   16|   0|   16|          0|
    |c_row_major_6_2_load_6_reg_33968                                  |   16|   0|   16|          0|
    |c_row_major_6_2_load_7_reg_34008                                  |   16|   0|   16|          0|
    |c_row_major_6_2_load_8_reg_34608                                  |   16|   0|   16|          0|
    |c_row_major_6_2_load_9_reg_34648                                  |   16|   0|   16|          0|
    |c_row_major_6_2_load_reg_32048                                    |   16|   0|   16|          0|
    |c_row_major_6_3_load_10_reg_35253                                 |   16|   0|   16|          0|
    |c_row_major_6_3_load_11_reg_35293                                 |   16|   0|   16|          0|
    |c_row_major_6_3_load_12_reg_35893                                 |   16|   0|   16|          0|
    |c_row_major_6_3_load_13_reg_35933                                 |   16|   0|   16|          0|
    |c_row_major_6_3_load_14_reg_36853                                 |   16|   0|   16|          0|
    |c_row_major_6_3_load_15_reg_36893                                 |   16|   0|   16|          0|
    |c_row_major_6_3_load_1_reg_32093                                  |   16|   0|   16|          0|
    |c_row_major_6_3_load_2_reg_32693                                  |   16|   0|   16|          0|
    |c_row_major_6_3_load_3_reg_32733                                  |   16|   0|   16|          0|
    |c_row_major_6_3_load_4_reg_33333                                  |   16|   0|   16|          0|
    |c_row_major_6_3_load_5_reg_33373                                  |   16|   0|   16|          0|
    |c_row_major_6_3_load_6_reg_33973                                  |   16|   0|   16|          0|
    |c_row_major_6_3_load_7_reg_34013                                  |   16|   0|   16|          0|
    |c_row_major_6_3_load_8_reg_34613                                  |   16|   0|   16|          0|
    |c_row_major_6_3_load_9_reg_34653                                  |   16|   0|   16|          0|
    |c_row_major_6_3_load_reg_32053                                    |   16|   0|   16|          0|
    |c_row_major_6_4_load_10_reg_35258                                 |   16|   0|   16|          0|
    |c_row_major_6_4_load_11_reg_35298                                 |   16|   0|   16|          0|
    |c_row_major_6_4_load_12_reg_35898                                 |   16|   0|   16|          0|
    |c_row_major_6_4_load_13_reg_35938                                 |   16|   0|   16|          0|
    |c_row_major_6_4_load_14_reg_36858                                 |   16|   0|   16|          0|
    |c_row_major_6_4_load_15_reg_36898                                 |   16|   0|   16|          0|
    |c_row_major_6_4_load_1_reg_32098                                  |   16|   0|   16|          0|
    |c_row_major_6_4_load_2_reg_32698                                  |   16|   0|   16|          0|
    |c_row_major_6_4_load_3_reg_32738                                  |   16|   0|   16|          0|
    |c_row_major_6_4_load_4_reg_33338                                  |   16|   0|   16|          0|
    |c_row_major_6_4_load_5_reg_33378                                  |   16|   0|   16|          0|
    |c_row_major_6_4_load_6_reg_33978                                  |   16|   0|   16|          0|
    |c_row_major_6_4_load_7_reg_34018                                  |   16|   0|   16|          0|
    |c_row_major_6_4_load_8_reg_34618                                  |   16|   0|   16|          0|
    |c_row_major_6_4_load_9_reg_34658                                  |   16|   0|   16|          0|
    |c_row_major_6_4_load_reg_32058                                    |   16|   0|   16|          0|
    |c_row_major_6_5_load_10_reg_35263                                 |   16|   0|   16|          0|
    |c_row_major_6_5_load_11_reg_35303                                 |   16|   0|   16|          0|
    |c_row_major_6_5_load_12_reg_35903                                 |   16|   0|   16|          0|
    |c_row_major_6_5_load_13_reg_35943                                 |   16|   0|   16|          0|
    |c_row_major_6_5_load_14_reg_36863                                 |   16|   0|   16|          0|
    |c_row_major_6_5_load_15_reg_36903                                 |   16|   0|   16|          0|
    |c_row_major_6_5_load_1_reg_32103                                  |   16|   0|   16|          0|
    |c_row_major_6_5_load_2_reg_32703                                  |   16|   0|   16|          0|
    |c_row_major_6_5_load_3_reg_32743                                  |   16|   0|   16|          0|
    |c_row_major_6_5_load_4_reg_33343                                  |   16|   0|   16|          0|
    |c_row_major_6_5_load_5_reg_33383                                  |   16|   0|   16|          0|
    |c_row_major_6_5_load_6_reg_33983                                  |   16|   0|   16|          0|
    |c_row_major_6_5_load_7_reg_34023                                  |   16|   0|   16|          0|
    |c_row_major_6_5_load_8_reg_34623                                  |   16|   0|   16|          0|
    |c_row_major_6_5_load_9_reg_34663                                  |   16|   0|   16|          0|
    |c_row_major_6_5_load_reg_32063                                    |   16|   0|   16|          0|
    |c_row_major_6_6_load_10_reg_35268                                 |   16|   0|   16|          0|
    |c_row_major_6_6_load_11_reg_35308                                 |   16|   0|   16|          0|
    |c_row_major_6_6_load_12_reg_35908                                 |   16|   0|   16|          0|
    |c_row_major_6_6_load_13_reg_35948                                 |   16|   0|   16|          0|
    |c_row_major_6_6_load_14_reg_36868                                 |   16|   0|   16|          0|
    |c_row_major_6_6_load_15_reg_36908                                 |   16|   0|   16|          0|
    |c_row_major_6_6_load_1_reg_32108                                  |   16|   0|   16|          0|
    |c_row_major_6_6_load_2_reg_32708                                  |   16|   0|   16|          0|
    |c_row_major_6_6_load_3_reg_32748                                  |   16|   0|   16|          0|
    |c_row_major_6_6_load_4_reg_33348                                  |   16|   0|   16|          0|
    |c_row_major_6_6_load_5_reg_33388                                  |   16|   0|   16|          0|
    |c_row_major_6_6_load_6_reg_33988                                  |   16|   0|   16|          0|
    |c_row_major_6_6_load_7_reg_34028                                  |   16|   0|   16|          0|
    |c_row_major_6_6_load_8_reg_34628                                  |   16|   0|   16|          0|
    |c_row_major_6_6_load_9_reg_34668                                  |   16|   0|   16|          0|
    |c_row_major_6_6_load_reg_32068                                    |   16|   0|   16|          0|
    |c_row_major_6_7_load_10_reg_35273                                 |   16|   0|   16|          0|
    |c_row_major_6_7_load_11_reg_35313                                 |   16|   0|   16|          0|
    |c_row_major_6_7_load_12_reg_35913                                 |   16|   0|   16|          0|
    |c_row_major_6_7_load_13_reg_35953                                 |   16|   0|   16|          0|
    |c_row_major_6_7_load_14_reg_36873                                 |   16|   0|   16|          0|
    |c_row_major_6_7_load_15_reg_36913                                 |   16|   0|   16|          0|
    |c_row_major_6_7_load_1_reg_32113                                  |   16|   0|   16|          0|
    |c_row_major_6_7_load_2_reg_32713                                  |   16|   0|   16|          0|
    |c_row_major_6_7_load_3_reg_32753                                  |   16|   0|   16|          0|
    |c_row_major_6_7_load_4_reg_33353                                  |   16|   0|   16|          0|
    |c_row_major_6_7_load_5_reg_33393                                  |   16|   0|   16|          0|
    |c_row_major_6_7_load_6_reg_33993                                  |   16|   0|   16|          0|
    |c_row_major_6_7_load_7_reg_34033                                  |   16|   0|   16|          0|
    |c_row_major_6_7_load_8_reg_34633                                  |   16|   0|   16|          0|
    |c_row_major_6_7_load_9_reg_34673                                  |   16|   0|   16|          0|
    |c_row_major_6_7_load_reg_32073                                    |   16|   0|   16|          0|
    |c_row_major_7_0_load_10_reg_35318                                 |   16|   0|   16|          0|
    |c_row_major_7_0_load_11_reg_35358                                 |   16|   0|   16|          0|
    |c_row_major_7_0_load_12_reg_35958                                 |   16|   0|   16|          0|
    |c_row_major_7_0_load_13_reg_35998                                 |   16|   0|   16|          0|
    |c_row_major_7_0_load_14_reg_36918                                 |   16|   0|   16|          0|
    |c_row_major_7_0_load_15_reg_36958                                 |   16|   0|   16|          0|
    |c_row_major_7_0_load_1_reg_32158                                  |   16|   0|   16|          0|
    |c_row_major_7_0_load_2_reg_32758                                  |   16|   0|   16|          0|
    |c_row_major_7_0_load_3_reg_32798                                  |   16|   0|   16|          0|
    |c_row_major_7_0_load_4_reg_33398                                  |   16|   0|   16|          0|
    |c_row_major_7_0_load_5_reg_33438                                  |   16|   0|   16|          0|
    |c_row_major_7_0_load_6_reg_34038                                  |   16|   0|   16|          0|
    |c_row_major_7_0_load_7_reg_34078                                  |   16|   0|   16|          0|
    |c_row_major_7_0_load_8_reg_34678                                  |   16|   0|   16|          0|
    |c_row_major_7_0_load_9_reg_34718                                  |   16|   0|   16|          0|
    |c_row_major_7_0_load_reg_32118                                    |   16|   0|   16|          0|
    |c_row_major_7_1_load_10_reg_35323                                 |   16|   0|   16|          0|
    |c_row_major_7_1_load_11_reg_35363                                 |   16|   0|   16|          0|
    |c_row_major_7_1_load_12_reg_35963                                 |   16|   0|   16|          0|
    |c_row_major_7_1_load_13_reg_36003                                 |   16|   0|   16|          0|
    |c_row_major_7_1_load_14_reg_36923                                 |   16|   0|   16|          0|
    |c_row_major_7_1_load_15_reg_36963                                 |   16|   0|   16|          0|
    |c_row_major_7_1_load_1_reg_32163                                  |   16|   0|   16|          0|
    |c_row_major_7_1_load_2_reg_32763                                  |   16|   0|   16|          0|
    |c_row_major_7_1_load_3_reg_32803                                  |   16|   0|   16|          0|
    |c_row_major_7_1_load_4_reg_33403                                  |   16|   0|   16|          0|
    |c_row_major_7_1_load_5_reg_33443                                  |   16|   0|   16|          0|
    |c_row_major_7_1_load_6_reg_34043                                  |   16|   0|   16|          0|
    |c_row_major_7_1_load_7_reg_34083                                  |   16|   0|   16|          0|
    |c_row_major_7_1_load_8_reg_34683                                  |   16|   0|   16|          0|
    |c_row_major_7_1_load_9_reg_34723                                  |   16|   0|   16|          0|
    |c_row_major_7_1_load_reg_32123                                    |   16|   0|   16|          0|
    |c_row_major_7_2_load_10_reg_35328                                 |   16|   0|   16|          0|
    |c_row_major_7_2_load_11_reg_35368                                 |   16|   0|   16|          0|
    |c_row_major_7_2_load_12_reg_35968                                 |   16|   0|   16|          0|
    |c_row_major_7_2_load_13_reg_36008                                 |   16|   0|   16|          0|
    |c_row_major_7_2_load_14_reg_36928                                 |   16|   0|   16|          0|
    |c_row_major_7_2_load_15_reg_36968                                 |   16|   0|   16|          0|
    |c_row_major_7_2_load_1_reg_32168                                  |   16|   0|   16|          0|
    |c_row_major_7_2_load_2_reg_32768                                  |   16|   0|   16|          0|
    |c_row_major_7_2_load_3_reg_32808                                  |   16|   0|   16|          0|
    |c_row_major_7_2_load_4_reg_33408                                  |   16|   0|   16|          0|
    |c_row_major_7_2_load_5_reg_33448                                  |   16|   0|   16|          0|
    |c_row_major_7_2_load_6_reg_34048                                  |   16|   0|   16|          0|
    |c_row_major_7_2_load_7_reg_34088                                  |   16|   0|   16|          0|
    |c_row_major_7_2_load_8_reg_34688                                  |   16|   0|   16|          0|
    |c_row_major_7_2_load_9_reg_34728                                  |   16|   0|   16|          0|
    |c_row_major_7_2_load_reg_32128                                    |   16|   0|   16|          0|
    |c_row_major_7_3_load_10_reg_35333                                 |   16|   0|   16|          0|
    |c_row_major_7_3_load_11_reg_35373                                 |   16|   0|   16|          0|
    |c_row_major_7_3_load_12_reg_35973                                 |   16|   0|   16|          0|
    |c_row_major_7_3_load_13_reg_36013                                 |   16|   0|   16|          0|
    |c_row_major_7_3_load_14_reg_36933                                 |   16|   0|   16|          0|
    |c_row_major_7_3_load_15_reg_36973                                 |   16|   0|   16|          0|
    |c_row_major_7_3_load_1_reg_32173                                  |   16|   0|   16|          0|
    |c_row_major_7_3_load_2_reg_32773                                  |   16|   0|   16|          0|
    |c_row_major_7_3_load_3_reg_32813                                  |   16|   0|   16|          0|
    |c_row_major_7_3_load_4_reg_33413                                  |   16|   0|   16|          0|
    |c_row_major_7_3_load_5_reg_33453                                  |   16|   0|   16|          0|
    |c_row_major_7_3_load_6_reg_34053                                  |   16|   0|   16|          0|
    |c_row_major_7_3_load_7_reg_34093                                  |   16|   0|   16|          0|
    |c_row_major_7_3_load_8_reg_34693                                  |   16|   0|   16|          0|
    |c_row_major_7_3_load_9_reg_34733                                  |   16|   0|   16|          0|
    |c_row_major_7_3_load_reg_32133                                    |   16|   0|   16|          0|
    |c_row_major_7_4_load_10_reg_35338                                 |   16|   0|   16|          0|
    |c_row_major_7_4_load_11_reg_35378                                 |   16|   0|   16|          0|
    |c_row_major_7_4_load_12_reg_35978                                 |   16|   0|   16|          0|
    |c_row_major_7_4_load_13_reg_36018                                 |   16|   0|   16|          0|
    |c_row_major_7_4_load_14_reg_36938                                 |   16|   0|   16|          0|
    |c_row_major_7_4_load_15_reg_36978                                 |   16|   0|   16|          0|
    |c_row_major_7_4_load_1_reg_32178                                  |   16|   0|   16|          0|
    |c_row_major_7_4_load_2_reg_32778                                  |   16|   0|   16|          0|
    |c_row_major_7_4_load_3_reg_32818                                  |   16|   0|   16|          0|
    |c_row_major_7_4_load_4_reg_33418                                  |   16|   0|   16|          0|
    |c_row_major_7_4_load_5_reg_33458                                  |   16|   0|   16|          0|
    |c_row_major_7_4_load_6_reg_34058                                  |   16|   0|   16|          0|
    |c_row_major_7_4_load_7_reg_34098                                  |   16|   0|   16|          0|
    |c_row_major_7_4_load_8_reg_34698                                  |   16|   0|   16|          0|
    |c_row_major_7_4_load_9_reg_34738                                  |   16|   0|   16|          0|
    |c_row_major_7_4_load_reg_32138                                    |   16|   0|   16|          0|
    |c_row_major_7_5_load_10_reg_35343                                 |   16|   0|   16|          0|
    |c_row_major_7_5_load_11_reg_35383                                 |   16|   0|   16|          0|
    |c_row_major_7_5_load_12_reg_35983                                 |   16|   0|   16|          0|
    |c_row_major_7_5_load_13_reg_36023                                 |   16|   0|   16|          0|
    |c_row_major_7_5_load_14_reg_36943                                 |   16|   0|   16|          0|
    |c_row_major_7_5_load_15_reg_36983                                 |   16|   0|   16|          0|
    |c_row_major_7_5_load_1_reg_32183                                  |   16|   0|   16|          0|
    |c_row_major_7_5_load_2_reg_32783                                  |   16|   0|   16|          0|
    |c_row_major_7_5_load_3_reg_32823                                  |   16|   0|   16|          0|
    |c_row_major_7_5_load_4_reg_33423                                  |   16|   0|   16|          0|
    |c_row_major_7_5_load_5_reg_33463                                  |   16|   0|   16|          0|
    |c_row_major_7_5_load_6_reg_34063                                  |   16|   0|   16|          0|
    |c_row_major_7_5_load_7_reg_34103                                  |   16|   0|   16|          0|
    |c_row_major_7_5_load_8_reg_34703                                  |   16|   0|   16|          0|
    |c_row_major_7_5_load_9_reg_34743                                  |   16|   0|   16|          0|
    |c_row_major_7_5_load_reg_32143                                    |   16|   0|   16|          0|
    |c_row_major_7_6_load_10_reg_35348                                 |   16|   0|   16|          0|
    |c_row_major_7_6_load_11_reg_35388                                 |   16|   0|   16|          0|
    |c_row_major_7_6_load_12_reg_35988                                 |   16|   0|   16|          0|
    |c_row_major_7_6_load_13_reg_36028                                 |   16|   0|   16|          0|
    |c_row_major_7_6_load_14_reg_36948                                 |   16|   0|   16|          0|
    |c_row_major_7_6_load_15_reg_36988                                 |   16|   0|   16|          0|
    |c_row_major_7_6_load_1_reg_32188                                  |   16|   0|   16|          0|
    |c_row_major_7_6_load_2_reg_32788                                  |   16|   0|   16|          0|
    |c_row_major_7_6_load_3_reg_32828                                  |   16|   0|   16|          0|
    |c_row_major_7_6_load_4_reg_33428                                  |   16|   0|   16|          0|
    |c_row_major_7_6_load_5_reg_33468                                  |   16|   0|   16|          0|
    |c_row_major_7_6_load_6_reg_34068                                  |   16|   0|   16|          0|
    |c_row_major_7_6_load_7_reg_34108                                  |   16|   0|   16|          0|
    |c_row_major_7_6_load_8_reg_34708                                  |   16|   0|   16|          0|
    |c_row_major_7_6_load_9_reg_34748                                  |   16|   0|   16|          0|
    |c_row_major_7_6_load_reg_32148                                    |   16|   0|   16|          0|
    |c_row_major_7_7_load_10_reg_35353                                 |   16|   0|   16|          0|
    |c_row_major_7_7_load_11_reg_35393                                 |   16|   0|   16|          0|
    |c_row_major_7_7_load_12_reg_35993                                 |   16|   0|   16|          0|
    |c_row_major_7_7_load_13_reg_36033                                 |   16|   0|   16|          0|
    |c_row_major_7_7_load_14_reg_36953                                 |   16|   0|   16|          0|
    |c_row_major_7_7_load_15_reg_36993                                 |   16|   0|   16|          0|
    |c_row_major_7_7_load_1_reg_32193                                  |   16|   0|   16|          0|
    |c_row_major_7_7_load_2_reg_32793                                  |   16|   0|   16|          0|
    |c_row_major_7_7_load_3_reg_32833                                  |   16|   0|   16|          0|
    |c_row_major_7_7_load_4_reg_33433                                  |   16|   0|   16|          0|
    |c_row_major_7_7_load_5_reg_33473                                  |   16|   0|   16|          0|
    |c_row_major_7_7_load_6_reg_34073                                  |   16|   0|   16|          0|
    |c_row_major_7_7_load_7_reg_34113                                  |   16|   0|   16|          0|
    |c_row_major_7_7_load_8_reg_34713                                  |   16|   0|   16|          0|
    |c_row_major_7_7_load_9_reg_34753                                  |   16|   0|   16|          0|
    |c_row_major_7_7_load_reg_32153                                    |   16|   0|   16|          0|
    |cmp15_10268_reg_36093                                             |    1|   0|    1|          0|
    |cmp15_11296_reg_36098                                             |    1|   0|    1|          0|
    |cmp15_12324_reg_36103                                             |    1|   0|    1|          0|
    |cmp15_13352_reg_36108                                             |    1|   0|    1|          0|
    |cmp15_14380_reg_36113                                             |    1|   0|    1|          0|
    |cmp15_16436_reg_36123                                             |    1|   0|    1|          0|
    |cmp15_17464_reg_36128                                             |    1|   0|    1|          0|
    |cmp15_18492_reg_36133                                             |    1|   0|    1|          0|
    |cmp15_19520_reg_36138                                             |    1|   0|    1|          0|
    |cmp15_20548_reg_36143                                             |    1|   0|    1|          0|
    |cmp15_21576_reg_36148                                             |    1|   0|    1|          0|
    |cmp15_22604_reg_36153                                             |    1|   0|    1|          0|
    |cmp15_23632_reg_36158                                             |    1|   0|    1|          0|
    |cmp15_244_reg_36053                                               |    1|   0|    1|          0|
    |cmp15_24660_reg_36163                                             |    1|   0|    1|          0|
    |cmp15_25688_reg_36168                                             |    1|   0|    1|          0|
    |cmp15_26716_reg_36173                                             |    1|   0|    1|          0|
    |cmp15_27744_reg_36178                                             |    1|   0|    1|          0|
    |cmp15_28772_reg_36183                                             |    1|   0|    1|          0|
    |cmp15_29800_reg_36188                                             |    1|   0|    1|          0|
    |cmp15_30828_reg_36193                                             |    1|   0|    1|          0|
    |cmp15_4100_reg_36063                                              |    1|   0|    1|          0|
    |cmp15_5128_reg_36068                                              |    1|   0|    1|          0|
    |cmp15_6156_reg_36073                                              |    1|   0|    1|          0|
    |cmp15_8212_reg_36083                                              |    1|   0|    1|          0|
    |cmp15_9240_reg_36088                                              |    1|   0|    1|          0|
    |cmp15_reg_36043                                                   |    1|   0|    1|          0|
    |cmp9_10_not_reg_36248                                             |    1|   0|    1|          0|
    |cmp9_11_not_reg_36253                                             |    1|   0|    1|          0|
    |cmp9_12_not_reg_36258                                             |    1|   0|    1|          0|
    |cmp9_13_not_reg_36263                                             |    1|   0|    1|          0|
    |cmp9_14_not_reg_36268                                             |    1|   0|    1|          0|
    |cmp9_16_not_reg_36278                                             |    1|   0|    1|          0|
    |cmp9_17_not_reg_36283                                             |    1|   0|    1|          0|
    |cmp9_18_not_reg_36288                                             |    1|   0|    1|          0|
    |cmp9_19_not_reg_36293                                             |    1|   0|    1|          0|
    |cmp9_20_not_reg_36298                                             |    1|   0|    1|          0|
    |cmp9_21_not_reg_36303                                             |    1|   0|    1|          0|
    |cmp9_22_not_reg_36308                                             |    1|   0|    1|          0|
    |cmp9_23_not_reg_36313                                             |    1|   0|    1|          0|
    |cmp9_24_not_reg_36318                                             |    1|   0|    1|          0|
    |cmp9_25_not_reg_36323                                             |    1|   0|    1|          0|
    |cmp9_26_not_reg_36328                                             |    1|   0|    1|          0|
    |cmp9_27_not_reg_36333                                             |    1|   0|    1|          0|
    |cmp9_28_not_reg_36338                                             |    1|   0|    1|          0|
    |cmp9_29_not_reg_36343                                             |    1|   0|    1|          0|
    |cmp9_2_not_reg_36208                                              |    1|   0|    1|          0|
    |cmp9_30_not_reg_36348                                             |    1|   0|    1|          0|
    |cmp9_4_not_reg_36218                                              |    1|   0|    1|          0|
    |cmp9_5_not_reg_36223                                              |    1|   0|    1|          0|
    |cmp9_6_not_reg_36228                                              |    1|   0|    1|          0|
    |cmp9_8_not_reg_36238                                              |    1|   0|    1|          0|
    |cmp9_9_not_reg_36243                                              |    1|   0|    1|          0|
    |cmp9_not_reg_36038                                                |    1|   0|    1|          0|
    |grp_tile_process_Pipeline_compute_pipeline_fu_13334_ap_start_reg  |    1|   0|    1|          0|
    |icmp12_reg_36198                                                  |    1|   0|    1|          0|
    |icmp15_reg_36203                                                  |    1|   0|    1|          0|
    |icmp18_reg_36213                                                  |    1|   0|    1|          0|
    |icmp21_reg_36233                                                  |    1|   0|    1|          0|
    |icmp24_reg_36273                                                  |    1|   0|    1|          0|
    |icmp27_reg_36353                                                  |    1|   0|    1|          0|
    |icmp3_reg_36058                                                   |    1|   0|    1|          0|
    |icmp6_reg_36078                                                   |    1|   0|    1|          0|
    |icmp9_reg_36118                                                   |    1|   0|    1|          0|
    |icmp_ln81_reg_31554                                               |    1|   0|    1|          0|
    |icmp_reg_36048                                                    |    1|   0|    1|          0|
    +------------------------------------------------------------------+-----+----+-----+-----------+
    |Total                                                             |16468|   0|16468|          0|
    +------------------------------------------------------------------+-----+----+-----+-----------+



================================================================
== Interface
================================================================
* Summary: 
+--------------------------+-----+-----+------------+-----------------+--------------+
|         RTL Ports        | Dir | Bits|  Protocol  |  Source Object  |    C Type    |
+--------------------------+-----+-----+------------+-----------------+--------------+
|ap_clk                    |   in|    1|  ap_ctrl_hs|     tile_process|  return value|
|ap_rst                    |   in|    1|  ap_ctrl_hs|     tile_process|  return value|
|ap_start                  |   in|    1|  ap_ctrl_hs|     tile_process|  return value|
|ap_done                   |  out|    1|  ap_ctrl_hs|     tile_process|  return value|
|ap_idle                   |  out|    1|  ap_ctrl_hs|     tile_process|  return value|
|ap_ready                  |  out|    1|  ap_ctrl_hs|     tile_process|  return value|
|a_row_major_0_address0    |  out|    7|   ap_memory|    a_row_major_0|         array|
|a_row_major_0_ce0         |  out|    1|   ap_memory|    a_row_major_0|         array|
|a_row_major_0_q0          |   in|    8|   ap_memory|    a_row_major_0|         array|
|a_row_major_0_address1    |  out|    7|   ap_memory|    a_row_major_0|         array|
|a_row_major_0_ce1         |  out|    1|   ap_memory|    a_row_major_0|         array|
|a_row_major_0_q1          |   in|    8|   ap_memory|    a_row_major_0|         array|
|a_row_major_1_address0    |  out|    7|   ap_memory|    a_row_major_1|         array|
|a_row_major_1_ce0         |  out|    1|   ap_memory|    a_row_major_1|         array|
|a_row_major_1_q0          |   in|    8|   ap_memory|    a_row_major_1|         array|
|a_row_major_1_address1    |  out|    7|   ap_memory|    a_row_major_1|         array|
|a_row_major_1_ce1         |  out|    1|   ap_memory|    a_row_major_1|         array|
|a_row_major_1_q1          |   in|    8|   ap_memory|    a_row_major_1|         array|
|a_row_major_2_address0    |  out|    7|   ap_memory|    a_row_major_2|         array|
|a_row_major_2_ce0         |  out|    1|   ap_memory|    a_row_major_2|         array|
|a_row_major_2_q0          |   in|    8|   ap_memory|    a_row_major_2|         array|
|a_row_major_2_address1    |  out|    7|   ap_memory|    a_row_major_2|         array|
|a_row_major_2_ce1         |  out|    1|   ap_memory|    a_row_major_2|         array|
|a_row_major_2_q1          |   in|    8|   ap_memory|    a_row_major_2|         array|
|a_row_major_3_address0    |  out|    7|   ap_memory|    a_row_major_3|         array|
|a_row_major_3_ce0         |  out|    1|   ap_memory|    a_row_major_3|         array|
|a_row_major_3_q0          |   in|    8|   ap_memory|    a_row_major_3|         array|
|a_row_major_3_address1    |  out|    7|   ap_memory|    a_row_major_3|         array|
|a_row_major_3_ce1         |  out|    1|   ap_memory|    a_row_major_3|         array|
|a_row_major_3_q1          |   in|    8|   ap_memory|    a_row_major_3|         array|
|a_row_major_4_address0    |  out|    7|   ap_memory|    a_row_major_4|         array|
|a_row_major_4_ce0         |  out|    1|   ap_memory|    a_row_major_4|         array|
|a_row_major_4_q0          |   in|    8|   ap_memory|    a_row_major_4|         array|
|a_row_major_4_address1    |  out|    7|   ap_memory|    a_row_major_4|         array|
|a_row_major_4_ce1         |  out|    1|   ap_memory|    a_row_major_4|         array|
|a_row_major_4_q1          |   in|    8|   ap_memory|    a_row_major_4|         array|
|a_row_major_5_address0    |  out|    7|   ap_memory|    a_row_major_5|         array|
|a_row_major_5_ce0         |  out|    1|   ap_memory|    a_row_major_5|         array|
|a_row_major_5_q0          |   in|    8|   ap_memory|    a_row_major_5|         array|
|a_row_major_5_address1    |  out|    7|   ap_memory|    a_row_major_5|         array|
|a_row_major_5_ce1         |  out|    1|   ap_memory|    a_row_major_5|         array|
|a_row_major_5_q1          |   in|    8|   ap_memory|    a_row_major_5|         array|
|a_row_major_6_address0    |  out|    7|   ap_memory|    a_row_major_6|         array|
|a_row_major_6_ce0         |  out|    1|   ap_memory|    a_row_major_6|         array|
|a_row_major_6_q0          |   in|    8|   ap_memory|    a_row_major_6|         array|
|a_row_major_6_address1    |  out|    7|   ap_memory|    a_row_major_6|         array|
|a_row_major_6_ce1         |  out|    1|   ap_memory|    a_row_major_6|         array|
|a_row_major_6_q1          |   in|    8|   ap_memory|    a_row_major_6|         array|
|a_row_major_7_address0    |  out|    7|   ap_memory|    a_row_major_7|         array|
|a_row_major_7_ce0         |  out|    1|   ap_memory|    a_row_major_7|         array|
|a_row_major_7_q0          |   in|    8|   ap_memory|    a_row_major_7|         array|
|a_row_major_7_address1    |  out|    7|   ap_memory|    a_row_major_7|         array|
|a_row_major_7_ce1         |  out|    1|   ap_memory|    a_row_major_7|         array|
|a_row_major_7_q1          |   in|    8|   ap_memory|    a_row_major_7|         array|
|b_row_major_0_address0    |  out|    7|   ap_memory|    b_row_major_0|         array|
|b_row_major_0_ce0         |  out|    1|   ap_memory|    b_row_major_0|         array|
|b_row_major_0_q0          |   in|    8|   ap_memory|    b_row_major_0|         array|
|b_row_major_0_address1    |  out|    7|   ap_memory|    b_row_major_0|         array|
|b_row_major_0_ce1         |  out|    1|   ap_memory|    b_row_major_0|         array|
|b_row_major_0_q1          |   in|    8|   ap_memory|    b_row_major_0|         array|
|b_row_major_1_address0    |  out|    7|   ap_memory|    b_row_major_1|         array|
|b_row_major_1_ce0         |  out|    1|   ap_memory|    b_row_major_1|         array|
|b_row_major_1_q0          |   in|    8|   ap_memory|    b_row_major_1|         array|
|b_row_major_1_address1    |  out|    7|   ap_memory|    b_row_major_1|         array|
|b_row_major_1_ce1         |  out|    1|   ap_memory|    b_row_major_1|         array|
|b_row_major_1_q1          |   in|    8|   ap_memory|    b_row_major_1|         array|
|b_row_major_2_address0    |  out|    7|   ap_memory|    b_row_major_2|         array|
|b_row_major_2_ce0         |  out|    1|   ap_memory|    b_row_major_2|         array|
|b_row_major_2_q0          |   in|    8|   ap_memory|    b_row_major_2|         array|
|b_row_major_2_address1    |  out|    7|   ap_memory|    b_row_major_2|         array|
|b_row_major_2_ce1         |  out|    1|   ap_memory|    b_row_major_2|         array|
|b_row_major_2_q1          |   in|    8|   ap_memory|    b_row_major_2|         array|
|b_row_major_3_address0    |  out|    7|   ap_memory|    b_row_major_3|         array|
|b_row_major_3_ce0         |  out|    1|   ap_memory|    b_row_major_3|         array|
|b_row_major_3_q0          |   in|    8|   ap_memory|    b_row_major_3|         array|
|b_row_major_3_address1    |  out|    7|   ap_memory|    b_row_major_3|         array|
|b_row_major_3_ce1         |  out|    1|   ap_memory|    b_row_major_3|         array|
|b_row_major_3_q1          |   in|    8|   ap_memory|    b_row_major_3|         array|
|b_row_major_4_address0    |  out|    7|   ap_memory|    b_row_major_4|         array|
|b_row_major_4_ce0         |  out|    1|   ap_memory|    b_row_major_4|         array|
|b_row_major_4_q0          |   in|    8|   ap_memory|    b_row_major_4|         array|
|b_row_major_4_address1    |  out|    7|   ap_memory|    b_row_major_4|         array|
|b_row_major_4_ce1         |  out|    1|   ap_memory|    b_row_major_4|         array|
|b_row_major_4_q1          |   in|    8|   ap_memory|    b_row_major_4|         array|
|b_row_major_5_address0    |  out|    7|   ap_memory|    b_row_major_5|         array|
|b_row_major_5_ce0         |  out|    1|   ap_memory|    b_row_major_5|         array|
|b_row_major_5_q0          |   in|    8|   ap_memory|    b_row_major_5|         array|
|b_row_major_5_address1    |  out|    7|   ap_memory|    b_row_major_5|         array|
|b_row_major_5_ce1         |  out|    1|   ap_memory|    b_row_major_5|         array|
|b_row_major_5_q1          |   in|    8|   ap_memory|    b_row_major_5|         array|
|b_row_major_6_address0    |  out|    7|   ap_memory|    b_row_major_6|         array|
|b_row_major_6_ce0         |  out|    1|   ap_memory|    b_row_major_6|         array|
|b_row_major_6_q0          |   in|    8|   ap_memory|    b_row_major_6|         array|
|b_row_major_6_address1    |  out|    7|   ap_memory|    b_row_major_6|         array|
|b_row_major_6_ce1         |  out|    1|   ap_memory|    b_row_major_6|         array|
|b_row_major_6_q1          |   in|    8|   ap_memory|    b_row_major_6|         array|
|b_row_major_7_address0    |  out|    7|   ap_memory|    b_row_major_7|         array|
|b_row_major_7_ce0         |  out|    1|   ap_memory|    b_row_major_7|         array|
|b_row_major_7_q0          |   in|    8|   ap_memory|    b_row_major_7|         array|
|b_row_major_7_address1    |  out|    7|   ap_memory|    b_row_major_7|         array|
|b_row_major_7_ce1         |  out|    1|   ap_memory|    b_row_major_7|         array|
|b_row_major_7_q1          |   in|    8|   ap_memory|    b_row_major_7|         array|
|c_row_major_0_0_address0  |  out|    4|   ap_memory|  c_row_major_0_0|         array|
|c_row_major_0_0_ce0       |  out|    1|   ap_memory|  c_row_major_0_0|         array|
|c_row_major_0_0_we0       |  out|    1|   ap_memory|  c_row_major_0_0|         array|
|c_row_major_0_0_d0        |  out|   16|   ap_memory|  c_row_major_0_0|         array|
|c_row_major_0_0_q0        |   in|   16|   ap_memory|  c_row_major_0_0|         array|
|c_row_major_0_0_address1  |  out|    4|   ap_memory|  c_row_major_0_0|         array|
|c_row_major_0_0_ce1       |  out|    1|   ap_memory|  c_row_major_0_0|         array|
|c_row_major_0_0_we1       |  out|    1|   ap_memory|  c_row_major_0_0|         array|
|c_row_major_0_0_d1        |  out|   16|   ap_memory|  c_row_major_0_0|         array|
|c_row_major_0_0_q1        |   in|   16|   ap_memory|  c_row_major_0_0|         array|
|c_row_major_0_1_address0  |  out|    4|   ap_memory|  c_row_major_0_1|         array|
|c_row_major_0_1_ce0       |  out|    1|   ap_memory|  c_row_major_0_1|         array|
|c_row_major_0_1_we0       |  out|    1|   ap_memory|  c_row_major_0_1|         array|
|c_row_major_0_1_d0        |  out|   16|   ap_memory|  c_row_major_0_1|         array|
|c_row_major_0_1_q0        |   in|   16|   ap_memory|  c_row_major_0_1|         array|
|c_row_major_0_1_address1  |  out|    4|   ap_memory|  c_row_major_0_1|         array|
|c_row_major_0_1_ce1       |  out|    1|   ap_memory|  c_row_major_0_1|         array|
|c_row_major_0_1_we1       |  out|    1|   ap_memory|  c_row_major_0_1|         array|
|c_row_major_0_1_d1        |  out|   16|   ap_memory|  c_row_major_0_1|         array|
|c_row_major_0_1_q1        |   in|   16|   ap_memory|  c_row_major_0_1|         array|
|c_row_major_0_2_address0  |  out|    4|   ap_memory|  c_row_major_0_2|         array|
|c_row_major_0_2_ce0       |  out|    1|   ap_memory|  c_row_major_0_2|         array|
|c_row_major_0_2_we0       |  out|    1|   ap_memory|  c_row_major_0_2|         array|
|c_row_major_0_2_d0        |  out|   16|   ap_memory|  c_row_major_0_2|         array|
|c_row_major_0_2_q0        |   in|   16|   ap_memory|  c_row_major_0_2|         array|
|c_row_major_0_2_address1  |  out|    4|   ap_memory|  c_row_major_0_2|         array|
|c_row_major_0_2_ce1       |  out|    1|   ap_memory|  c_row_major_0_2|         array|
|c_row_major_0_2_we1       |  out|    1|   ap_memory|  c_row_major_0_2|         array|
|c_row_major_0_2_d1        |  out|   16|   ap_memory|  c_row_major_0_2|         array|
|c_row_major_0_2_q1        |   in|   16|   ap_memory|  c_row_major_0_2|         array|
|c_row_major_0_3_address0  |  out|    4|   ap_memory|  c_row_major_0_3|         array|
|c_row_major_0_3_ce0       |  out|    1|   ap_memory|  c_row_major_0_3|         array|
|c_row_major_0_3_we0       |  out|    1|   ap_memory|  c_row_major_0_3|         array|
|c_row_major_0_3_d0        |  out|   16|   ap_memory|  c_row_major_0_3|         array|
|c_row_major_0_3_q0        |   in|   16|   ap_memory|  c_row_major_0_3|         array|
|c_row_major_0_3_address1  |  out|    4|   ap_memory|  c_row_major_0_3|         array|
|c_row_major_0_3_ce1       |  out|    1|   ap_memory|  c_row_major_0_3|         array|
|c_row_major_0_3_we1       |  out|    1|   ap_memory|  c_row_major_0_3|         array|
|c_row_major_0_3_d1        |  out|   16|   ap_memory|  c_row_major_0_3|         array|
|c_row_major_0_3_q1        |   in|   16|   ap_memory|  c_row_major_0_3|         array|
|c_row_major_0_4_address0  |  out|    4|   ap_memory|  c_row_major_0_4|         array|
|c_row_major_0_4_ce0       |  out|    1|   ap_memory|  c_row_major_0_4|         array|
|c_row_major_0_4_we0       |  out|    1|   ap_memory|  c_row_major_0_4|         array|
|c_row_major_0_4_d0        |  out|   16|   ap_memory|  c_row_major_0_4|         array|
|c_row_major_0_4_q0        |   in|   16|   ap_memory|  c_row_major_0_4|         array|
|c_row_major_0_4_address1  |  out|    4|   ap_memory|  c_row_major_0_4|         array|
|c_row_major_0_4_ce1       |  out|    1|   ap_memory|  c_row_major_0_4|         array|
|c_row_major_0_4_we1       |  out|    1|   ap_memory|  c_row_major_0_4|         array|
|c_row_major_0_4_d1        |  out|   16|   ap_memory|  c_row_major_0_4|         array|
|c_row_major_0_4_q1        |   in|   16|   ap_memory|  c_row_major_0_4|         array|
|c_row_major_0_5_address0  |  out|    4|   ap_memory|  c_row_major_0_5|         array|
|c_row_major_0_5_ce0       |  out|    1|   ap_memory|  c_row_major_0_5|         array|
|c_row_major_0_5_we0       |  out|    1|   ap_memory|  c_row_major_0_5|         array|
|c_row_major_0_5_d0        |  out|   16|   ap_memory|  c_row_major_0_5|         array|
|c_row_major_0_5_q0        |   in|   16|   ap_memory|  c_row_major_0_5|         array|
|c_row_major_0_5_address1  |  out|    4|   ap_memory|  c_row_major_0_5|         array|
|c_row_major_0_5_ce1       |  out|    1|   ap_memory|  c_row_major_0_5|         array|
|c_row_major_0_5_we1       |  out|    1|   ap_memory|  c_row_major_0_5|         array|
|c_row_major_0_5_d1        |  out|   16|   ap_memory|  c_row_major_0_5|         array|
|c_row_major_0_5_q1        |   in|   16|   ap_memory|  c_row_major_0_5|         array|
|c_row_major_0_6_address0  |  out|    4|   ap_memory|  c_row_major_0_6|         array|
|c_row_major_0_6_ce0       |  out|    1|   ap_memory|  c_row_major_0_6|         array|
|c_row_major_0_6_we0       |  out|    1|   ap_memory|  c_row_major_0_6|         array|
|c_row_major_0_6_d0        |  out|   16|   ap_memory|  c_row_major_0_6|         array|
|c_row_major_0_6_q0        |   in|   16|   ap_memory|  c_row_major_0_6|         array|
|c_row_major_0_6_address1  |  out|    4|   ap_memory|  c_row_major_0_6|         array|
|c_row_major_0_6_ce1       |  out|    1|   ap_memory|  c_row_major_0_6|         array|
|c_row_major_0_6_we1       |  out|    1|   ap_memory|  c_row_major_0_6|         array|
|c_row_major_0_6_d1        |  out|   16|   ap_memory|  c_row_major_0_6|         array|
|c_row_major_0_6_q1        |   in|   16|   ap_memory|  c_row_major_0_6|         array|
|c_row_major_0_7_address0  |  out|    4|   ap_memory|  c_row_major_0_7|         array|
|c_row_major_0_7_ce0       |  out|    1|   ap_memory|  c_row_major_0_7|         array|
|c_row_major_0_7_we0       |  out|    1|   ap_memory|  c_row_major_0_7|         array|
|c_row_major_0_7_d0        |  out|   16|   ap_memory|  c_row_major_0_7|         array|
|c_row_major_0_7_q0        |   in|   16|   ap_memory|  c_row_major_0_7|         array|
|c_row_major_0_7_address1  |  out|    4|   ap_memory|  c_row_major_0_7|         array|
|c_row_major_0_7_ce1       |  out|    1|   ap_memory|  c_row_major_0_7|         array|
|c_row_major_0_7_we1       |  out|    1|   ap_memory|  c_row_major_0_7|         array|
|c_row_major_0_7_d1        |  out|   16|   ap_memory|  c_row_major_0_7|         array|
|c_row_major_0_7_q1        |   in|   16|   ap_memory|  c_row_major_0_7|         array|
|c_row_major_1_0_address0  |  out|    4|   ap_memory|  c_row_major_1_0|         array|
|c_row_major_1_0_ce0       |  out|    1|   ap_memory|  c_row_major_1_0|         array|
|c_row_major_1_0_we0       |  out|    1|   ap_memory|  c_row_major_1_0|         array|
|c_row_major_1_0_d0        |  out|   16|   ap_memory|  c_row_major_1_0|         array|
|c_row_major_1_0_q0        |   in|   16|   ap_memory|  c_row_major_1_0|         array|
|c_row_major_1_0_address1  |  out|    4|   ap_memory|  c_row_major_1_0|         array|
|c_row_major_1_0_ce1       |  out|    1|   ap_memory|  c_row_major_1_0|         array|
|c_row_major_1_0_we1       |  out|    1|   ap_memory|  c_row_major_1_0|         array|
|c_row_major_1_0_d1        |  out|   16|   ap_memory|  c_row_major_1_0|         array|
|c_row_major_1_0_q1        |   in|   16|   ap_memory|  c_row_major_1_0|         array|
|c_row_major_1_1_address0  |  out|    4|   ap_memory|  c_row_major_1_1|         array|
|c_row_major_1_1_ce0       |  out|    1|   ap_memory|  c_row_major_1_1|         array|
|c_row_major_1_1_we0       |  out|    1|   ap_memory|  c_row_major_1_1|         array|
|c_row_major_1_1_d0        |  out|   16|   ap_memory|  c_row_major_1_1|         array|
|c_row_major_1_1_q0        |   in|   16|   ap_memory|  c_row_major_1_1|         array|
|c_row_major_1_1_address1  |  out|    4|   ap_memory|  c_row_major_1_1|         array|
|c_row_major_1_1_ce1       |  out|    1|   ap_memory|  c_row_major_1_1|         array|
|c_row_major_1_1_we1       |  out|    1|   ap_memory|  c_row_major_1_1|         array|
|c_row_major_1_1_d1        |  out|   16|   ap_memory|  c_row_major_1_1|         array|
|c_row_major_1_1_q1        |   in|   16|   ap_memory|  c_row_major_1_1|         array|
|c_row_major_1_2_address0  |  out|    4|   ap_memory|  c_row_major_1_2|         array|
|c_row_major_1_2_ce0       |  out|    1|   ap_memory|  c_row_major_1_2|         array|
|c_row_major_1_2_we0       |  out|    1|   ap_memory|  c_row_major_1_2|         array|
|c_row_major_1_2_d0        |  out|   16|   ap_memory|  c_row_major_1_2|         array|
|c_row_major_1_2_q0        |   in|   16|   ap_memory|  c_row_major_1_2|         array|
|c_row_major_1_2_address1  |  out|    4|   ap_memory|  c_row_major_1_2|         array|
|c_row_major_1_2_ce1       |  out|    1|   ap_memory|  c_row_major_1_2|         array|
|c_row_major_1_2_we1       |  out|    1|   ap_memory|  c_row_major_1_2|         array|
|c_row_major_1_2_d1        |  out|   16|   ap_memory|  c_row_major_1_2|         array|
|c_row_major_1_2_q1        |   in|   16|   ap_memory|  c_row_major_1_2|         array|
|c_row_major_1_3_address0  |  out|    4|   ap_memory|  c_row_major_1_3|         array|
|c_row_major_1_3_ce0       |  out|    1|   ap_memory|  c_row_major_1_3|         array|
|c_row_major_1_3_we0       |  out|    1|   ap_memory|  c_row_major_1_3|         array|
|c_row_major_1_3_d0        |  out|   16|   ap_memory|  c_row_major_1_3|         array|
|c_row_major_1_3_q0        |   in|   16|   ap_memory|  c_row_major_1_3|         array|
|c_row_major_1_3_address1  |  out|    4|   ap_memory|  c_row_major_1_3|         array|
|c_row_major_1_3_ce1       |  out|    1|   ap_memory|  c_row_major_1_3|         array|
|c_row_major_1_3_we1       |  out|    1|   ap_memory|  c_row_major_1_3|         array|
|c_row_major_1_3_d1        |  out|   16|   ap_memory|  c_row_major_1_3|         array|
|c_row_major_1_3_q1        |   in|   16|   ap_memory|  c_row_major_1_3|         array|
|c_row_major_1_4_address0  |  out|    4|   ap_memory|  c_row_major_1_4|         array|
|c_row_major_1_4_ce0       |  out|    1|   ap_memory|  c_row_major_1_4|         array|
|c_row_major_1_4_we0       |  out|    1|   ap_memory|  c_row_major_1_4|         array|
|c_row_major_1_4_d0        |  out|   16|   ap_memory|  c_row_major_1_4|         array|
|c_row_major_1_4_q0        |   in|   16|   ap_memory|  c_row_major_1_4|         array|
|c_row_major_1_4_address1  |  out|    4|   ap_memory|  c_row_major_1_4|         array|
|c_row_major_1_4_ce1       |  out|    1|   ap_memory|  c_row_major_1_4|         array|
|c_row_major_1_4_we1       |  out|    1|   ap_memory|  c_row_major_1_4|         array|
|c_row_major_1_4_d1        |  out|   16|   ap_memory|  c_row_major_1_4|         array|
|c_row_major_1_4_q1        |   in|   16|   ap_memory|  c_row_major_1_4|         array|
|c_row_major_1_5_address0  |  out|    4|   ap_memory|  c_row_major_1_5|         array|
|c_row_major_1_5_ce0       |  out|    1|   ap_memory|  c_row_major_1_5|         array|
|c_row_major_1_5_we0       |  out|    1|   ap_memory|  c_row_major_1_5|         array|
|c_row_major_1_5_d0        |  out|   16|   ap_memory|  c_row_major_1_5|         array|
|c_row_major_1_5_q0        |   in|   16|   ap_memory|  c_row_major_1_5|         array|
|c_row_major_1_5_address1  |  out|    4|   ap_memory|  c_row_major_1_5|         array|
|c_row_major_1_5_ce1       |  out|    1|   ap_memory|  c_row_major_1_5|         array|
|c_row_major_1_5_we1       |  out|    1|   ap_memory|  c_row_major_1_5|         array|
|c_row_major_1_5_d1        |  out|   16|   ap_memory|  c_row_major_1_5|         array|
|c_row_major_1_5_q1        |   in|   16|   ap_memory|  c_row_major_1_5|         array|
|c_row_major_1_6_address0  |  out|    4|   ap_memory|  c_row_major_1_6|         array|
|c_row_major_1_6_ce0       |  out|    1|   ap_memory|  c_row_major_1_6|         array|
|c_row_major_1_6_we0       |  out|    1|   ap_memory|  c_row_major_1_6|         array|
|c_row_major_1_6_d0        |  out|   16|   ap_memory|  c_row_major_1_6|         array|
|c_row_major_1_6_q0        |   in|   16|   ap_memory|  c_row_major_1_6|         array|
|c_row_major_1_6_address1  |  out|    4|   ap_memory|  c_row_major_1_6|         array|
|c_row_major_1_6_ce1       |  out|    1|   ap_memory|  c_row_major_1_6|         array|
|c_row_major_1_6_we1       |  out|    1|   ap_memory|  c_row_major_1_6|         array|
|c_row_major_1_6_d1        |  out|   16|   ap_memory|  c_row_major_1_6|         array|
|c_row_major_1_6_q1        |   in|   16|   ap_memory|  c_row_major_1_6|         array|
|c_row_major_1_7_address0  |  out|    4|   ap_memory|  c_row_major_1_7|         array|
|c_row_major_1_7_ce0       |  out|    1|   ap_memory|  c_row_major_1_7|         array|
|c_row_major_1_7_we0       |  out|    1|   ap_memory|  c_row_major_1_7|         array|
|c_row_major_1_7_d0        |  out|   16|   ap_memory|  c_row_major_1_7|         array|
|c_row_major_1_7_q0        |   in|   16|   ap_memory|  c_row_major_1_7|         array|
|c_row_major_1_7_address1  |  out|    4|   ap_memory|  c_row_major_1_7|         array|
|c_row_major_1_7_ce1       |  out|    1|   ap_memory|  c_row_major_1_7|         array|
|c_row_major_1_7_we1       |  out|    1|   ap_memory|  c_row_major_1_7|         array|
|c_row_major_1_7_d1        |  out|   16|   ap_memory|  c_row_major_1_7|         array|
|c_row_major_1_7_q1        |   in|   16|   ap_memory|  c_row_major_1_7|         array|
|c_row_major_2_0_address0  |  out|    4|   ap_memory|  c_row_major_2_0|         array|
|c_row_major_2_0_ce0       |  out|    1|   ap_memory|  c_row_major_2_0|         array|
|c_row_major_2_0_we0       |  out|    1|   ap_memory|  c_row_major_2_0|         array|
|c_row_major_2_0_d0        |  out|   16|   ap_memory|  c_row_major_2_0|         array|
|c_row_major_2_0_q0        |   in|   16|   ap_memory|  c_row_major_2_0|         array|
|c_row_major_2_0_address1  |  out|    4|   ap_memory|  c_row_major_2_0|         array|
|c_row_major_2_0_ce1       |  out|    1|   ap_memory|  c_row_major_2_0|         array|
|c_row_major_2_0_we1       |  out|    1|   ap_memory|  c_row_major_2_0|         array|
|c_row_major_2_0_d1        |  out|   16|   ap_memory|  c_row_major_2_0|         array|
|c_row_major_2_0_q1        |   in|   16|   ap_memory|  c_row_major_2_0|         array|
|c_row_major_2_1_address0  |  out|    4|   ap_memory|  c_row_major_2_1|         array|
|c_row_major_2_1_ce0       |  out|    1|   ap_memory|  c_row_major_2_1|         array|
|c_row_major_2_1_we0       |  out|    1|   ap_memory|  c_row_major_2_1|         array|
|c_row_major_2_1_d0        |  out|   16|   ap_memory|  c_row_major_2_1|         array|
|c_row_major_2_1_q0        |   in|   16|   ap_memory|  c_row_major_2_1|         array|
|c_row_major_2_1_address1  |  out|    4|   ap_memory|  c_row_major_2_1|         array|
|c_row_major_2_1_ce1       |  out|    1|   ap_memory|  c_row_major_2_1|         array|
|c_row_major_2_1_we1       |  out|    1|   ap_memory|  c_row_major_2_1|         array|
|c_row_major_2_1_d1        |  out|   16|   ap_memory|  c_row_major_2_1|         array|
|c_row_major_2_1_q1        |   in|   16|   ap_memory|  c_row_major_2_1|         array|
|c_row_major_2_2_address0  |  out|    4|   ap_memory|  c_row_major_2_2|         array|
|c_row_major_2_2_ce0       |  out|    1|   ap_memory|  c_row_major_2_2|         array|
|c_row_major_2_2_we0       |  out|    1|   ap_memory|  c_row_major_2_2|         array|
|c_row_major_2_2_d0        |  out|   16|   ap_memory|  c_row_major_2_2|         array|
|c_row_major_2_2_q0        |   in|   16|   ap_memory|  c_row_major_2_2|         array|
|c_row_major_2_2_address1  |  out|    4|   ap_memory|  c_row_major_2_2|         array|
|c_row_major_2_2_ce1       |  out|    1|   ap_memory|  c_row_major_2_2|         array|
|c_row_major_2_2_we1       |  out|    1|   ap_memory|  c_row_major_2_2|         array|
|c_row_major_2_2_d1        |  out|   16|   ap_memory|  c_row_major_2_2|         array|
|c_row_major_2_2_q1        |   in|   16|   ap_memory|  c_row_major_2_2|         array|
|c_row_major_2_3_address0  |  out|    4|   ap_memory|  c_row_major_2_3|         array|
|c_row_major_2_3_ce0       |  out|    1|   ap_memory|  c_row_major_2_3|         array|
|c_row_major_2_3_we0       |  out|    1|   ap_memory|  c_row_major_2_3|         array|
|c_row_major_2_3_d0        |  out|   16|   ap_memory|  c_row_major_2_3|         array|
|c_row_major_2_3_q0        |   in|   16|   ap_memory|  c_row_major_2_3|         array|
|c_row_major_2_3_address1  |  out|    4|   ap_memory|  c_row_major_2_3|         array|
|c_row_major_2_3_ce1       |  out|    1|   ap_memory|  c_row_major_2_3|         array|
|c_row_major_2_3_we1       |  out|    1|   ap_memory|  c_row_major_2_3|         array|
|c_row_major_2_3_d1        |  out|   16|   ap_memory|  c_row_major_2_3|         array|
|c_row_major_2_3_q1        |   in|   16|   ap_memory|  c_row_major_2_3|         array|
|c_row_major_2_4_address0  |  out|    4|   ap_memory|  c_row_major_2_4|         array|
|c_row_major_2_4_ce0       |  out|    1|   ap_memory|  c_row_major_2_4|         array|
|c_row_major_2_4_we0       |  out|    1|   ap_memory|  c_row_major_2_4|         array|
|c_row_major_2_4_d0        |  out|   16|   ap_memory|  c_row_major_2_4|         array|
|c_row_major_2_4_q0        |   in|   16|   ap_memory|  c_row_major_2_4|         array|
|c_row_major_2_4_address1  |  out|    4|   ap_memory|  c_row_major_2_4|         array|
|c_row_major_2_4_ce1       |  out|    1|   ap_memory|  c_row_major_2_4|         array|
|c_row_major_2_4_we1       |  out|    1|   ap_memory|  c_row_major_2_4|         array|
|c_row_major_2_4_d1        |  out|   16|   ap_memory|  c_row_major_2_4|         array|
|c_row_major_2_4_q1        |   in|   16|   ap_memory|  c_row_major_2_4|         array|
|c_row_major_2_5_address0  |  out|    4|   ap_memory|  c_row_major_2_5|         array|
|c_row_major_2_5_ce0       |  out|    1|   ap_memory|  c_row_major_2_5|         array|
|c_row_major_2_5_we0       |  out|    1|   ap_memory|  c_row_major_2_5|         array|
|c_row_major_2_5_d0        |  out|   16|   ap_memory|  c_row_major_2_5|         array|
|c_row_major_2_5_q0        |   in|   16|   ap_memory|  c_row_major_2_5|         array|
|c_row_major_2_5_address1  |  out|    4|   ap_memory|  c_row_major_2_5|         array|
|c_row_major_2_5_ce1       |  out|    1|   ap_memory|  c_row_major_2_5|         array|
|c_row_major_2_5_we1       |  out|    1|   ap_memory|  c_row_major_2_5|         array|
|c_row_major_2_5_d1        |  out|   16|   ap_memory|  c_row_major_2_5|         array|
|c_row_major_2_5_q1        |   in|   16|   ap_memory|  c_row_major_2_5|         array|
|c_row_major_2_6_address0  |  out|    4|   ap_memory|  c_row_major_2_6|         array|
|c_row_major_2_6_ce0       |  out|    1|   ap_memory|  c_row_major_2_6|         array|
|c_row_major_2_6_we0       |  out|    1|   ap_memory|  c_row_major_2_6|         array|
|c_row_major_2_6_d0        |  out|   16|   ap_memory|  c_row_major_2_6|         array|
|c_row_major_2_6_q0        |   in|   16|   ap_memory|  c_row_major_2_6|         array|
|c_row_major_2_6_address1  |  out|    4|   ap_memory|  c_row_major_2_6|         array|
|c_row_major_2_6_ce1       |  out|    1|   ap_memory|  c_row_major_2_6|         array|
|c_row_major_2_6_we1       |  out|    1|   ap_memory|  c_row_major_2_6|         array|
|c_row_major_2_6_d1        |  out|   16|   ap_memory|  c_row_major_2_6|         array|
|c_row_major_2_6_q1        |   in|   16|   ap_memory|  c_row_major_2_6|         array|
|c_row_major_2_7_address0  |  out|    4|   ap_memory|  c_row_major_2_7|         array|
|c_row_major_2_7_ce0       |  out|    1|   ap_memory|  c_row_major_2_7|         array|
|c_row_major_2_7_we0       |  out|    1|   ap_memory|  c_row_major_2_7|         array|
|c_row_major_2_7_d0        |  out|   16|   ap_memory|  c_row_major_2_7|         array|
|c_row_major_2_7_q0        |   in|   16|   ap_memory|  c_row_major_2_7|         array|
|c_row_major_2_7_address1  |  out|    4|   ap_memory|  c_row_major_2_7|         array|
|c_row_major_2_7_ce1       |  out|    1|   ap_memory|  c_row_major_2_7|         array|
|c_row_major_2_7_we1       |  out|    1|   ap_memory|  c_row_major_2_7|         array|
|c_row_major_2_7_d1        |  out|   16|   ap_memory|  c_row_major_2_7|         array|
|c_row_major_2_7_q1        |   in|   16|   ap_memory|  c_row_major_2_7|         array|
|c_row_major_3_0_address0  |  out|    4|   ap_memory|  c_row_major_3_0|         array|
|c_row_major_3_0_ce0       |  out|    1|   ap_memory|  c_row_major_3_0|         array|
|c_row_major_3_0_we0       |  out|    1|   ap_memory|  c_row_major_3_0|         array|
|c_row_major_3_0_d0        |  out|   16|   ap_memory|  c_row_major_3_0|         array|
|c_row_major_3_0_q0        |   in|   16|   ap_memory|  c_row_major_3_0|         array|
|c_row_major_3_0_address1  |  out|    4|   ap_memory|  c_row_major_3_0|         array|
|c_row_major_3_0_ce1       |  out|    1|   ap_memory|  c_row_major_3_0|         array|
|c_row_major_3_0_we1       |  out|    1|   ap_memory|  c_row_major_3_0|         array|
|c_row_major_3_0_d1        |  out|   16|   ap_memory|  c_row_major_3_0|         array|
|c_row_major_3_0_q1        |   in|   16|   ap_memory|  c_row_major_3_0|         array|
|c_row_major_3_1_address0  |  out|    4|   ap_memory|  c_row_major_3_1|         array|
|c_row_major_3_1_ce0       |  out|    1|   ap_memory|  c_row_major_3_1|         array|
|c_row_major_3_1_we0       |  out|    1|   ap_memory|  c_row_major_3_1|         array|
|c_row_major_3_1_d0        |  out|   16|   ap_memory|  c_row_major_3_1|         array|
|c_row_major_3_1_q0        |   in|   16|   ap_memory|  c_row_major_3_1|         array|
|c_row_major_3_1_address1  |  out|    4|   ap_memory|  c_row_major_3_1|         array|
|c_row_major_3_1_ce1       |  out|    1|   ap_memory|  c_row_major_3_1|         array|
|c_row_major_3_1_we1       |  out|    1|   ap_memory|  c_row_major_3_1|         array|
|c_row_major_3_1_d1        |  out|   16|   ap_memory|  c_row_major_3_1|         array|
|c_row_major_3_1_q1        |   in|   16|   ap_memory|  c_row_major_3_1|         array|
|c_row_major_3_2_address0  |  out|    4|   ap_memory|  c_row_major_3_2|         array|
|c_row_major_3_2_ce0       |  out|    1|   ap_memory|  c_row_major_3_2|         array|
|c_row_major_3_2_we0       |  out|    1|   ap_memory|  c_row_major_3_2|         array|
|c_row_major_3_2_d0        |  out|   16|   ap_memory|  c_row_major_3_2|         array|
|c_row_major_3_2_q0        |   in|   16|   ap_memory|  c_row_major_3_2|         array|
|c_row_major_3_2_address1  |  out|    4|   ap_memory|  c_row_major_3_2|         array|
|c_row_major_3_2_ce1       |  out|    1|   ap_memory|  c_row_major_3_2|         array|
|c_row_major_3_2_we1       |  out|    1|   ap_memory|  c_row_major_3_2|         array|
|c_row_major_3_2_d1        |  out|   16|   ap_memory|  c_row_major_3_2|         array|
|c_row_major_3_2_q1        |   in|   16|   ap_memory|  c_row_major_3_2|         array|
|c_row_major_3_3_address0  |  out|    4|   ap_memory|  c_row_major_3_3|         array|
|c_row_major_3_3_ce0       |  out|    1|   ap_memory|  c_row_major_3_3|         array|
|c_row_major_3_3_we0       |  out|    1|   ap_memory|  c_row_major_3_3|         array|
|c_row_major_3_3_d0        |  out|   16|   ap_memory|  c_row_major_3_3|         array|
|c_row_major_3_3_q0        |   in|   16|   ap_memory|  c_row_major_3_3|         array|
|c_row_major_3_3_address1  |  out|    4|   ap_memory|  c_row_major_3_3|         array|
|c_row_major_3_3_ce1       |  out|    1|   ap_memory|  c_row_major_3_3|         array|
|c_row_major_3_3_we1       |  out|    1|   ap_memory|  c_row_major_3_3|         array|
|c_row_major_3_3_d1        |  out|   16|   ap_memory|  c_row_major_3_3|         array|
|c_row_major_3_3_q1        |   in|   16|   ap_memory|  c_row_major_3_3|         array|
|c_row_major_3_4_address0  |  out|    4|   ap_memory|  c_row_major_3_4|         array|
|c_row_major_3_4_ce0       |  out|    1|   ap_memory|  c_row_major_3_4|         array|
|c_row_major_3_4_we0       |  out|    1|   ap_memory|  c_row_major_3_4|         array|
|c_row_major_3_4_d0        |  out|   16|   ap_memory|  c_row_major_3_4|         array|
|c_row_major_3_4_q0        |   in|   16|   ap_memory|  c_row_major_3_4|         array|
|c_row_major_3_4_address1  |  out|    4|   ap_memory|  c_row_major_3_4|         array|
|c_row_major_3_4_ce1       |  out|    1|   ap_memory|  c_row_major_3_4|         array|
|c_row_major_3_4_we1       |  out|    1|   ap_memory|  c_row_major_3_4|         array|
|c_row_major_3_4_d1        |  out|   16|   ap_memory|  c_row_major_3_4|         array|
|c_row_major_3_4_q1        |   in|   16|   ap_memory|  c_row_major_3_4|         array|
|c_row_major_3_5_address0  |  out|    4|   ap_memory|  c_row_major_3_5|         array|
|c_row_major_3_5_ce0       |  out|    1|   ap_memory|  c_row_major_3_5|         array|
|c_row_major_3_5_we0       |  out|    1|   ap_memory|  c_row_major_3_5|         array|
|c_row_major_3_5_d0        |  out|   16|   ap_memory|  c_row_major_3_5|         array|
|c_row_major_3_5_q0        |   in|   16|   ap_memory|  c_row_major_3_5|         array|
|c_row_major_3_5_address1  |  out|    4|   ap_memory|  c_row_major_3_5|         array|
|c_row_major_3_5_ce1       |  out|    1|   ap_memory|  c_row_major_3_5|         array|
|c_row_major_3_5_we1       |  out|    1|   ap_memory|  c_row_major_3_5|         array|
|c_row_major_3_5_d1        |  out|   16|   ap_memory|  c_row_major_3_5|         array|
|c_row_major_3_5_q1        |   in|   16|   ap_memory|  c_row_major_3_5|         array|
|c_row_major_3_6_address0  |  out|    4|   ap_memory|  c_row_major_3_6|         array|
|c_row_major_3_6_ce0       |  out|    1|   ap_memory|  c_row_major_3_6|         array|
|c_row_major_3_6_we0       |  out|    1|   ap_memory|  c_row_major_3_6|         array|
|c_row_major_3_6_d0        |  out|   16|   ap_memory|  c_row_major_3_6|         array|
|c_row_major_3_6_q0        |   in|   16|   ap_memory|  c_row_major_3_6|         array|
|c_row_major_3_6_address1  |  out|    4|   ap_memory|  c_row_major_3_6|         array|
|c_row_major_3_6_ce1       |  out|    1|   ap_memory|  c_row_major_3_6|         array|
|c_row_major_3_6_we1       |  out|    1|   ap_memory|  c_row_major_3_6|         array|
|c_row_major_3_6_d1        |  out|   16|   ap_memory|  c_row_major_3_6|         array|
|c_row_major_3_6_q1        |   in|   16|   ap_memory|  c_row_major_3_6|         array|
|c_row_major_3_7_address0  |  out|    4|   ap_memory|  c_row_major_3_7|         array|
|c_row_major_3_7_ce0       |  out|    1|   ap_memory|  c_row_major_3_7|         array|
|c_row_major_3_7_we0       |  out|    1|   ap_memory|  c_row_major_3_7|         array|
|c_row_major_3_7_d0        |  out|   16|   ap_memory|  c_row_major_3_7|         array|
|c_row_major_3_7_q0        |   in|   16|   ap_memory|  c_row_major_3_7|         array|
|c_row_major_3_7_address1  |  out|    4|   ap_memory|  c_row_major_3_7|         array|
|c_row_major_3_7_ce1       |  out|    1|   ap_memory|  c_row_major_3_7|         array|
|c_row_major_3_7_we1       |  out|    1|   ap_memory|  c_row_major_3_7|         array|
|c_row_major_3_7_d1        |  out|   16|   ap_memory|  c_row_major_3_7|         array|
|c_row_major_3_7_q1        |   in|   16|   ap_memory|  c_row_major_3_7|         array|
|c_row_major_4_0_address0  |  out|    4|   ap_memory|  c_row_major_4_0|         array|
|c_row_major_4_0_ce0       |  out|    1|   ap_memory|  c_row_major_4_0|         array|
|c_row_major_4_0_we0       |  out|    1|   ap_memory|  c_row_major_4_0|         array|
|c_row_major_4_0_d0        |  out|   16|   ap_memory|  c_row_major_4_0|         array|
|c_row_major_4_0_q0        |   in|   16|   ap_memory|  c_row_major_4_0|         array|
|c_row_major_4_0_address1  |  out|    4|   ap_memory|  c_row_major_4_0|         array|
|c_row_major_4_0_ce1       |  out|    1|   ap_memory|  c_row_major_4_0|         array|
|c_row_major_4_0_we1       |  out|    1|   ap_memory|  c_row_major_4_0|         array|
|c_row_major_4_0_d1        |  out|   16|   ap_memory|  c_row_major_4_0|         array|
|c_row_major_4_0_q1        |   in|   16|   ap_memory|  c_row_major_4_0|         array|
|c_row_major_4_1_address0  |  out|    4|   ap_memory|  c_row_major_4_1|         array|
|c_row_major_4_1_ce0       |  out|    1|   ap_memory|  c_row_major_4_1|         array|
|c_row_major_4_1_we0       |  out|    1|   ap_memory|  c_row_major_4_1|         array|
|c_row_major_4_1_d0        |  out|   16|   ap_memory|  c_row_major_4_1|         array|
|c_row_major_4_1_q0        |   in|   16|   ap_memory|  c_row_major_4_1|         array|
|c_row_major_4_1_address1  |  out|    4|   ap_memory|  c_row_major_4_1|         array|
|c_row_major_4_1_ce1       |  out|    1|   ap_memory|  c_row_major_4_1|         array|
|c_row_major_4_1_we1       |  out|    1|   ap_memory|  c_row_major_4_1|         array|
|c_row_major_4_1_d1        |  out|   16|   ap_memory|  c_row_major_4_1|         array|
|c_row_major_4_1_q1        |   in|   16|   ap_memory|  c_row_major_4_1|         array|
|c_row_major_4_2_address0  |  out|    4|   ap_memory|  c_row_major_4_2|         array|
|c_row_major_4_2_ce0       |  out|    1|   ap_memory|  c_row_major_4_2|         array|
|c_row_major_4_2_we0       |  out|    1|   ap_memory|  c_row_major_4_2|         array|
|c_row_major_4_2_d0        |  out|   16|   ap_memory|  c_row_major_4_2|         array|
|c_row_major_4_2_q0        |   in|   16|   ap_memory|  c_row_major_4_2|         array|
|c_row_major_4_2_address1  |  out|    4|   ap_memory|  c_row_major_4_2|         array|
|c_row_major_4_2_ce1       |  out|    1|   ap_memory|  c_row_major_4_2|         array|
|c_row_major_4_2_we1       |  out|    1|   ap_memory|  c_row_major_4_2|         array|
|c_row_major_4_2_d1        |  out|   16|   ap_memory|  c_row_major_4_2|         array|
|c_row_major_4_2_q1        |   in|   16|   ap_memory|  c_row_major_4_2|         array|
|c_row_major_4_3_address0  |  out|    4|   ap_memory|  c_row_major_4_3|         array|
|c_row_major_4_3_ce0       |  out|    1|   ap_memory|  c_row_major_4_3|         array|
|c_row_major_4_3_we0       |  out|    1|   ap_memory|  c_row_major_4_3|         array|
|c_row_major_4_3_d0        |  out|   16|   ap_memory|  c_row_major_4_3|         array|
|c_row_major_4_3_q0        |   in|   16|   ap_memory|  c_row_major_4_3|         array|
|c_row_major_4_3_address1  |  out|    4|   ap_memory|  c_row_major_4_3|         array|
|c_row_major_4_3_ce1       |  out|    1|   ap_memory|  c_row_major_4_3|         array|
|c_row_major_4_3_we1       |  out|    1|   ap_memory|  c_row_major_4_3|         array|
|c_row_major_4_3_d1        |  out|   16|   ap_memory|  c_row_major_4_3|         array|
|c_row_major_4_3_q1        |   in|   16|   ap_memory|  c_row_major_4_3|         array|
|c_row_major_4_4_address0  |  out|    4|   ap_memory|  c_row_major_4_4|         array|
|c_row_major_4_4_ce0       |  out|    1|   ap_memory|  c_row_major_4_4|         array|
|c_row_major_4_4_we0       |  out|    1|   ap_memory|  c_row_major_4_4|         array|
|c_row_major_4_4_d0        |  out|   16|   ap_memory|  c_row_major_4_4|         array|
|c_row_major_4_4_q0        |   in|   16|   ap_memory|  c_row_major_4_4|         array|
|c_row_major_4_4_address1  |  out|    4|   ap_memory|  c_row_major_4_4|         array|
|c_row_major_4_4_ce1       |  out|    1|   ap_memory|  c_row_major_4_4|         array|
|c_row_major_4_4_we1       |  out|    1|   ap_memory|  c_row_major_4_4|         array|
|c_row_major_4_4_d1        |  out|   16|   ap_memory|  c_row_major_4_4|         array|
|c_row_major_4_4_q1        |   in|   16|   ap_memory|  c_row_major_4_4|         array|
|c_row_major_4_5_address0  |  out|    4|   ap_memory|  c_row_major_4_5|         array|
|c_row_major_4_5_ce0       |  out|    1|   ap_memory|  c_row_major_4_5|         array|
|c_row_major_4_5_we0       |  out|    1|   ap_memory|  c_row_major_4_5|         array|
|c_row_major_4_5_d0        |  out|   16|   ap_memory|  c_row_major_4_5|         array|
|c_row_major_4_5_q0        |   in|   16|   ap_memory|  c_row_major_4_5|         array|
|c_row_major_4_5_address1  |  out|    4|   ap_memory|  c_row_major_4_5|         array|
|c_row_major_4_5_ce1       |  out|    1|   ap_memory|  c_row_major_4_5|         array|
|c_row_major_4_5_we1       |  out|    1|   ap_memory|  c_row_major_4_5|         array|
|c_row_major_4_5_d1        |  out|   16|   ap_memory|  c_row_major_4_5|         array|
|c_row_major_4_5_q1        |   in|   16|   ap_memory|  c_row_major_4_5|         array|
|c_row_major_4_6_address0  |  out|    4|   ap_memory|  c_row_major_4_6|         array|
|c_row_major_4_6_ce0       |  out|    1|   ap_memory|  c_row_major_4_6|         array|
|c_row_major_4_6_we0       |  out|    1|   ap_memory|  c_row_major_4_6|         array|
|c_row_major_4_6_d0        |  out|   16|   ap_memory|  c_row_major_4_6|         array|
|c_row_major_4_6_q0        |   in|   16|   ap_memory|  c_row_major_4_6|         array|
|c_row_major_4_6_address1  |  out|    4|   ap_memory|  c_row_major_4_6|         array|
|c_row_major_4_6_ce1       |  out|    1|   ap_memory|  c_row_major_4_6|         array|
|c_row_major_4_6_we1       |  out|    1|   ap_memory|  c_row_major_4_6|         array|
|c_row_major_4_6_d1        |  out|   16|   ap_memory|  c_row_major_4_6|         array|
|c_row_major_4_6_q1        |   in|   16|   ap_memory|  c_row_major_4_6|         array|
|c_row_major_4_7_address0  |  out|    4|   ap_memory|  c_row_major_4_7|         array|
|c_row_major_4_7_ce0       |  out|    1|   ap_memory|  c_row_major_4_7|         array|
|c_row_major_4_7_we0       |  out|    1|   ap_memory|  c_row_major_4_7|         array|
|c_row_major_4_7_d0        |  out|   16|   ap_memory|  c_row_major_4_7|         array|
|c_row_major_4_7_q0        |   in|   16|   ap_memory|  c_row_major_4_7|         array|
|c_row_major_4_7_address1  |  out|    4|   ap_memory|  c_row_major_4_7|         array|
|c_row_major_4_7_ce1       |  out|    1|   ap_memory|  c_row_major_4_7|         array|
|c_row_major_4_7_we1       |  out|    1|   ap_memory|  c_row_major_4_7|         array|
|c_row_major_4_7_d1        |  out|   16|   ap_memory|  c_row_major_4_7|         array|
|c_row_major_4_7_q1        |   in|   16|   ap_memory|  c_row_major_4_7|         array|
|c_row_major_5_0_address0  |  out|    4|   ap_memory|  c_row_major_5_0|         array|
|c_row_major_5_0_ce0       |  out|    1|   ap_memory|  c_row_major_5_0|         array|
|c_row_major_5_0_we0       |  out|    1|   ap_memory|  c_row_major_5_0|         array|
|c_row_major_5_0_d0        |  out|   16|   ap_memory|  c_row_major_5_0|         array|
|c_row_major_5_0_q0        |   in|   16|   ap_memory|  c_row_major_5_0|         array|
|c_row_major_5_0_address1  |  out|    4|   ap_memory|  c_row_major_5_0|         array|
|c_row_major_5_0_ce1       |  out|    1|   ap_memory|  c_row_major_5_0|         array|
|c_row_major_5_0_we1       |  out|    1|   ap_memory|  c_row_major_5_0|         array|
|c_row_major_5_0_d1        |  out|   16|   ap_memory|  c_row_major_5_0|         array|
|c_row_major_5_0_q1        |   in|   16|   ap_memory|  c_row_major_5_0|         array|
|c_row_major_5_1_address0  |  out|    4|   ap_memory|  c_row_major_5_1|         array|
|c_row_major_5_1_ce0       |  out|    1|   ap_memory|  c_row_major_5_1|         array|
|c_row_major_5_1_we0       |  out|    1|   ap_memory|  c_row_major_5_1|         array|
|c_row_major_5_1_d0        |  out|   16|   ap_memory|  c_row_major_5_1|         array|
|c_row_major_5_1_q0        |   in|   16|   ap_memory|  c_row_major_5_1|         array|
|c_row_major_5_1_address1  |  out|    4|   ap_memory|  c_row_major_5_1|         array|
|c_row_major_5_1_ce1       |  out|    1|   ap_memory|  c_row_major_5_1|         array|
|c_row_major_5_1_we1       |  out|    1|   ap_memory|  c_row_major_5_1|         array|
|c_row_major_5_1_d1        |  out|   16|   ap_memory|  c_row_major_5_1|         array|
|c_row_major_5_1_q1        |   in|   16|   ap_memory|  c_row_major_5_1|         array|
|c_row_major_5_2_address0  |  out|    4|   ap_memory|  c_row_major_5_2|         array|
|c_row_major_5_2_ce0       |  out|    1|   ap_memory|  c_row_major_5_2|         array|
|c_row_major_5_2_we0       |  out|    1|   ap_memory|  c_row_major_5_2|         array|
|c_row_major_5_2_d0        |  out|   16|   ap_memory|  c_row_major_5_2|         array|
|c_row_major_5_2_q0        |   in|   16|   ap_memory|  c_row_major_5_2|         array|
|c_row_major_5_2_address1  |  out|    4|   ap_memory|  c_row_major_5_2|         array|
|c_row_major_5_2_ce1       |  out|    1|   ap_memory|  c_row_major_5_2|         array|
|c_row_major_5_2_we1       |  out|    1|   ap_memory|  c_row_major_5_2|         array|
|c_row_major_5_2_d1        |  out|   16|   ap_memory|  c_row_major_5_2|         array|
|c_row_major_5_2_q1        |   in|   16|   ap_memory|  c_row_major_5_2|         array|
|c_row_major_5_3_address0  |  out|    4|   ap_memory|  c_row_major_5_3|         array|
|c_row_major_5_3_ce0       |  out|    1|   ap_memory|  c_row_major_5_3|         array|
|c_row_major_5_3_we0       |  out|    1|   ap_memory|  c_row_major_5_3|         array|
|c_row_major_5_3_d0        |  out|   16|   ap_memory|  c_row_major_5_3|         array|
|c_row_major_5_3_q0        |   in|   16|   ap_memory|  c_row_major_5_3|         array|
|c_row_major_5_3_address1  |  out|    4|   ap_memory|  c_row_major_5_3|         array|
|c_row_major_5_3_ce1       |  out|    1|   ap_memory|  c_row_major_5_3|         array|
|c_row_major_5_3_we1       |  out|    1|   ap_memory|  c_row_major_5_3|         array|
|c_row_major_5_3_d1        |  out|   16|   ap_memory|  c_row_major_5_3|         array|
|c_row_major_5_3_q1        |   in|   16|   ap_memory|  c_row_major_5_3|         array|
|c_row_major_5_4_address0  |  out|    4|   ap_memory|  c_row_major_5_4|         array|
|c_row_major_5_4_ce0       |  out|    1|   ap_memory|  c_row_major_5_4|         array|
|c_row_major_5_4_we0       |  out|    1|   ap_memory|  c_row_major_5_4|         array|
|c_row_major_5_4_d0        |  out|   16|   ap_memory|  c_row_major_5_4|         array|
|c_row_major_5_4_q0        |   in|   16|   ap_memory|  c_row_major_5_4|         array|
|c_row_major_5_4_address1  |  out|    4|   ap_memory|  c_row_major_5_4|         array|
|c_row_major_5_4_ce1       |  out|    1|   ap_memory|  c_row_major_5_4|         array|
|c_row_major_5_4_we1       |  out|    1|   ap_memory|  c_row_major_5_4|         array|
|c_row_major_5_4_d1        |  out|   16|   ap_memory|  c_row_major_5_4|         array|
|c_row_major_5_4_q1        |   in|   16|   ap_memory|  c_row_major_5_4|         array|
|c_row_major_5_5_address0  |  out|    4|   ap_memory|  c_row_major_5_5|         array|
|c_row_major_5_5_ce0       |  out|    1|   ap_memory|  c_row_major_5_5|         array|
|c_row_major_5_5_we0       |  out|    1|   ap_memory|  c_row_major_5_5|         array|
|c_row_major_5_5_d0        |  out|   16|   ap_memory|  c_row_major_5_5|         array|
|c_row_major_5_5_q0        |   in|   16|   ap_memory|  c_row_major_5_5|         array|
|c_row_major_5_5_address1  |  out|    4|   ap_memory|  c_row_major_5_5|         array|
|c_row_major_5_5_ce1       |  out|    1|   ap_memory|  c_row_major_5_5|         array|
|c_row_major_5_5_we1       |  out|    1|   ap_memory|  c_row_major_5_5|         array|
|c_row_major_5_5_d1        |  out|   16|   ap_memory|  c_row_major_5_5|         array|
|c_row_major_5_5_q1        |   in|   16|   ap_memory|  c_row_major_5_5|         array|
|c_row_major_5_6_address0  |  out|    4|   ap_memory|  c_row_major_5_6|         array|
|c_row_major_5_6_ce0       |  out|    1|   ap_memory|  c_row_major_5_6|         array|
|c_row_major_5_6_we0       |  out|    1|   ap_memory|  c_row_major_5_6|         array|
|c_row_major_5_6_d0        |  out|   16|   ap_memory|  c_row_major_5_6|         array|
|c_row_major_5_6_q0        |   in|   16|   ap_memory|  c_row_major_5_6|         array|
|c_row_major_5_6_address1  |  out|    4|   ap_memory|  c_row_major_5_6|         array|
|c_row_major_5_6_ce1       |  out|    1|   ap_memory|  c_row_major_5_6|         array|
|c_row_major_5_6_we1       |  out|    1|   ap_memory|  c_row_major_5_6|         array|
|c_row_major_5_6_d1        |  out|   16|   ap_memory|  c_row_major_5_6|         array|
|c_row_major_5_6_q1        |   in|   16|   ap_memory|  c_row_major_5_6|         array|
|c_row_major_5_7_address0  |  out|    4|   ap_memory|  c_row_major_5_7|         array|
|c_row_major_5_7_ce0       |  out|    1|   ap_memory|  c_row_major_5_7|         array|
|c_row_major_5_7_we0       |  out|    1|   ap_memory|  c_row_major_5_7|         array|
|c_row_major_5_7_d0        |  out|   16|   ap_memory|  c_row_major_5_7|         array|
|c_row_major_5_7_q0        |   in|   16|   ap_memory|  c_row_major_5_7|         array|
|c_row_major_5_7_address1  |  out|    4|   ap_memory|  c_row_major_5_7|         array|
|c_row_major_5_7_ce1       |  out|    1|   ap_memory|  c_row_major_5_7|         array|
|c_row_major_5_7_we1       |  out|    1|   ap_memory|  c_row_major_5_7|         array|
|c_row_major_5_7_d1        |  out|   16|   ap_memory|  c_row_major_5_7|         array|
|c_row_major_5_7_q1        |   in|   16|   ap_memory|  c_row_major_5_7|         array|
|c_row_major_6_0_address0  |  out|    4|   ap_memory|  c_row_major_6_0|         array|
|c_row_major_6_0_ce0       |  out|    1|   ap_memory|  c_row_major_6_0|         array|
|c_row_major_6_0_we0       |  out|    1|   ap_memory|  c_row_major_6_0|         array|
|c_row_major_6_0_d0        |  out|   16|   ap_memory|  c_row_major_6_0|         array|
|c_row_major_6_0_q0        |   in|   16|   ap_memory|  c_row_major_6_0|         array|
|c_row_major_6_0_address1  |  out|    4|   ap_memory|  c_row_major_6_0|         array|
|c_row_major_6_0_ce1       |  out|    1|   ap_memory|  c_row_major_6_0|         array|
|c_row_major_6_0_we1       |  out|    1|   ap_memory|  c_row_major_6_0|         array|
|c_row_major_6_0_d1        |  out|   16|   ap_memory|  c_row_major_6_0|         array|
|c_row_major_6_0_q1        |   in|   16|   ap_memory|  c_row_major_6_0|         array|
|c_row_major_6_1_address0  |  out|    4|   ap_memory|  c_row_major_6_1|         array|
|c_row_major_6_1_ce0       |  out|    1|   ap_memory|  c_row_major_6_1|         array|
|c_row_major_6_1_we0       |  out|    1|   ap_memory|  c_row_major_6_1|         array|
|c_row_major_6_1_d0        |  out|   16|   ap_memory|  c_row_major_6_1|         array|
|c_row_major_6_1_q0        |   in|   16|   ap_memory|  c_row_major_6_1|         array|
|c_row_major_6_1_address1  |  out|    4|   ap_memory|  c_row_major_6_1|         array|
|c_row_major_6_1_ce1       |  out|    1|   ap_memory|  c_row_major_6_1|         array|
|c_row_major_6_1_we1       |  out|    1|   ap_memory|  c_row_major_6_1|         array|
|c_row_major_6_1_d1        |  out|   16|   ap_memory|  c_row_major_6_1|         array|
|c_row_major_6_1_q1        |   in|   16|   ap_memory|  c_row_major_6_1|         array|
|c_row_major_6_2_address0  |  out|    4|   ap_memory|  c_row_major_6_2|         array|
|c_row_major_6_2_ce0       |  out|    1|   ap_memory|  c_row_major_6_2|         array|
|c_row_major_6_2_we0       |  out|    1|   ap_memory|  c_row_major_6_2|         array|
|c_row_major_6_2_d0        |  out|   16|   ap_memory|  c_row_major_6_2|         array|
|c_row_major_6_2_q0        |   in|   16|   ap_memory|  c_row_major_6_2|         array|
|c_row_major_6_2_address1  |  out|    4|   ap_memory|  c_row_major_6_2|         array|
|c_row_major_6_2_ce1       |  out|    1|   ap_memory|  c_row_major_6_2|         array|
|c_row_major_6_2_we1       |  out|    1|   ap_memory|  c_row_major_6_2|         array|
|c_row_major_6_2_d1        |  out|   16|   ap_memory|  c_row_major_6_2|         array|
|c_row_major_6_2_q1        |   in|   16|   ap_memory|  c_row_major_6_2|         array|
|c_row_major_6_3_address0  |  out|    4|   ap_memory|  c_row_major_6_3|         array|
|c_row_major_6_3_ce0       |  out|    1|   ap_memory|  c_row_major_6_3|         array|
|c_row_major_6_3_we0       |  out|    1|   ap_memory|  c_row_major_6_3|         array|
|c_row_major_6_3_d0        |  out|   16|   ap_memory|  c_row_major_6_3|         array|
|c_row_major_6_3_q0        |   in|   16|   ap_memory|  c_row_major_6_3|         array|
|c_row_major_6_3_address1  |  out|    4|   ap_memory|  c_row_major_6_3|         array|
|c_row_major_6_3_ce1       |  out|    1|   ap_memory|  c_row_major_6_3|         array|
|c_row_major_6_3_we1       |  out|    1|   ap_memory|  c_row_major_6_3|         array|
|c_row_major_6_3_d1        |  out|   16|   ap_memory|  c_row_major_6_3|         array|
|c_row_major_6_3_q1        |   in|   16|   ap_memory|  c_row_major_6_3|         array|
|c_row_major_6_4_address0  |  out|    4|   ap_memory|  c_row_major_6_4|         array|
|c_row_major_6_4_ce0       |  out|    1|   ap_memory|  c_row_major_6_4|         array|
|c_row_major_6_4_we0       |  out|    1|   ap_memory|  c_row_major_6_4|         array|
|c_row_major_6_4_d0        |  out|   16|   ap_memory|  c_row_major_6_4|         array|
|c_row_major_6_4_q0        |   in|   16|   ap_memory|  c_row_major_6_4|         array|
|c_row_major_6_4_address1  |  out|    4|   ap_memory|  c_row_major_6_4|         array|
|c_row_major_6_4_ce1       |  out|    1|   ap_memory|  c_row_major_6_4|         array|
|c_row_major_6_4_we1       |  out|    1|   ap_memory|  c_row_major_6_4|         array|
|c_row_major_6_4_d1        |  out|   16|   ap_memory|  c_row_major_6_4|         array|
|c_row_major_6_4_q1        |   in|   16|   ap_memory|  c_row_major_6_4|         array|
|c_row_major_6_5_address0  |  out|    4|   ap_memory|  c_row_major_6_5|         array|
|c_row_major_6_5_ce0       |  out|    1|   ap_memory|  c_row_major_6_5|         array|
|c_row_major_6_5_we0       |  out|    1|   ap_memory|  c_row_major_6_5|         array|
|c_row_major_6_5_d0        |  out|   16|   ap_memory|  c_row_major_6_5|         array|
|c_row_major_6_5_q0        |   in|   16|   ap_memory|  c_row_major_6_5|         array|
|c_row_major_6_5_address1  |  out|    4|   ap_memory|  c_row_major_6_5|         array|
|c_row_major_6_5_ce1       |  out|    1|   ap_memory|  c_row_major_6_5|         array|
|c_row_major_6_5_we1       |  out|    1|   ap_memory|  c_row_major_6_5|         array|
|c_row_major_6_5_d1        |  out|   16|   ap_memory|  c_row_major_6_5|         array|
|c_row_major_6_5_q1        |   in|   16|   ap_memory|  c_row_major_6_5|         array|
|c_row_major_6_6_address0  |  out|    4|   ap_memory|  c_row_major_6_6|         array|
|c_row_major_6_6_ce0       |  out|    1|   ap_memory|  c_row_major_6_6|         array|
|c_row_major_6_6_we0       |  out|    1|   ap_memory|  c_row_major_6_6|         array|
|c_row_major_6_6_d0        |  out|   16|   ap_memory|  c_row_major_6_6|         array|
|c_row_major_6_6_q0        |   in|   16|   ap_memory|  c_row_major_6_6|         array|
|c_row_major_6_6_address1  |  out|    4|   ap_memory|  c_row_major_6_6|         array|
|c_row_major_6_6_ce1       |  out|    1|   ap_memory|  c_row_major_6_6|         array|
|c_row_major_6_6_we1       |  out|    1|   ap_memory|  c_row_major_6_6|         array|
|c_row_major_6_6_d1        |  out|   16|   ap_memory|  c_row_major_6_6|         array|
|c_row_major_6_6_q1        |   in|   16|   ap_memory|  c_row_major_6_6|         array|
|c_row_major_6_7_address0  |  out|    4|   ap_memory|  c_row_major_6_7|         array|
|c_row_major_6_7_ce0       |  out|    1|   ap_memory|  c_row_major_6_7|         array|
|c_row_major_6_7_we0       |  out|    1|   ap_memory|  c_row_major_6_7|         array|
|c_row_major_6_7_d0        |  out|   16|   ap_memory|  c_row_major_6_7|         array|
|c_row_major_6_7_q0        |   in|   16|   ap_memory|  c_row_major_6_7|         array|
|c_row_major_6_7_address1  |  out|    4|   ap_memory|  c_row_major_6_7|         array|
|c_row_major_6_7_ce1       |  out|    1|   ap_memory|  c_row_major_6_7|         array|
|c_row_major_6_7_we1       |  out|    1|   ap_memory|  c_row_major_6_7|         array|
|c_row_major_6_7_d1        |  out|   16|   ap_memory|  c_row_major_6_7|         array|
|c_row_major_6_7_q1        |   in|   16|   ap_memory|  c_row_major_6_7|         array|
|c_row_major_7_0_address0  |  out|    4|   ap_memory|  c_row_major_7_0|         array|
|c_row_major_7_0_ce0       |  out|    1|   ap_memory|  c_row_major_7_0|         array|
|c_row_major_7_0_we0       |  out|    1|   ap_memory|  c_row_major_7_0|         array|
|c_row_major_7_0_d0        |  out|   16|   ap_memory|  c_row_major_7_0|         array|
|c_row_major_7_0_q0        |   in|   16|   ap_memory|  c_row_major_7_0|         array|
|c_row_major_7_0_address1  |  out|    4|   ap_memory|  c_row_major_7_0|         array|
|c_row_major_7_0_ce1       |  out|    1|   ap_memory|  c_row_major_7_0|         array|
|c_row_major_7_0_we1       |  out|    1|   ap_memory|  c_row_major_7_0|         array|
|c_row_major_7_0_d1        |  out|   16|   ap_memory|  c_row_major_7_0|         array|
|c_row_major_7_0_q1        |   in|   16|   ap_memory|  c_row_major_7_0|         array|
|c_row_major_7_1_address0  |  out|    4|   ap_memory|  c_row_major_7_1|         array|
|c_row_major_7_1_ce0       |  out|    1|   ap_memory|  c_row_major_7_1|         array|
|c_row_major_7_1_we0       |  out|    1|   ap_memory|  c_row_major_7_1|         array|
|c_row_major_7_1_d0        |  out|   16|   ap_memory|  c_row_major_7_1|         array|
|c_row_major_7_1_q0        |   in|   16|   ap_memory|  c_row_major_7_1|         array|
|c_row_major_7_1_address1  |  out|    4|   ap_memory|  c_row_major_7_1|         array|
|c_row_major_7_1_ce1       |  out|    1|   ap_memory|  c_row_major_7_1|         array|
|c_row_major_7_1_we1       |  out|    1|   ap_memory|  c_row_major_7_1|         array|
|c_row_major_7_1_d1        |  out|   16|   ap_memory|  c_row_major_7_1|         array|
|c_row_major_7_1_q1        |   in|   16|   ap_memory|  c_row_major_7_1|         array|
|c_row_major_7_2_address0  |  out|    4|   ap_memory|  c_row_major_7_2|         array|
|c_row_major_7_2_ce0       |  out|    1|   ap_memory|  c_row_major_7_2|         array|
|c_row_major_7_2_we0       |  out|    1|   ap_memory|  c_row_major_7_2|         array|
|c_row_major_7_2_d0        |  out|   16|   ap_memory|  c_row_major_7_2|         array|
|c_row_major_7_2_q0        |   in|   16|   ap_memory|  c_row_major_7_2|         array|
|c_row_major_7_2_address1  |  out|    4|   ap_memory|  c_row_major_7_2|         array|
|c_row_major_7_2_ce1       |  out|    1|   ap_memory|  c_row_major_7_2|         array|
|c_row_major_7_2_we1       |  out|    1|   ap_memory|  c_row_major_7_2|         array|
|c_row_major_7_2_d1        |  out|   16|   ap_memory|  c_row_major_7_2|         array|
|c_row_major_7_2_q1        |   in|   16|   ap_memory|  c_row_major_7_2|         array|
|c_row_major_7_3_address0  |  out|    4|   ap_memory|  c_row_major_7_3|         array|
|c_row_major_7_3_ce0       |  out|    1|   ap_memory|  c_row_major_7_3|         array|
|c_row_major_7_3_we0       |  out|    1|   ap_memory|  c_row_major_7_3|         array|
|c_row_major_7_3_d0        |  out|   16|   ap_memory|  c_row_major_7_3|         array|
|c_row_major_7_3_q0        |   in|   16|   ap_memory|  c_row_major_7_3|         array|
|c_row_major_7_3_address1  |  out|    4|   ap_memory|  c_row_major_7_3|         array|
|c_row_major_7_3_ce1       |  out|    1|   ap_memory|  c_row_major_7_3|         array|
|c_row_major_7_3_we1       |  out|    1|   ap_memory|  c_row_major_7_3|         array|
|c_row_major_7_3_d1        |  out|   16|   ap_memory|  c_row_major_7_3|         array|
|c_row_major_7_3_q1        |   in|   16|   ap_memory|  c_row_major_7_3|         array|
|c_row_major_7_4_address0  |  out|    4|   ap_memory|  c_row_major_7_4|         array|
|c_row_major_7_4_ce0       |  out|    1|   ap_memory|  c_row_major_7_4|         array|
|c_row_major_7_4_we0       |  out|    1|   ap_memory|  c_row_major_7_4|         array|
|c_row_major_7_4_d0        |  out|   16|   ap_memory|  c_row_major_7_4|         array|
|c_row_major_7_4_q0        |   in|   16|   ap_memory|  c_row_major_7_4|         array|
|c_row_major_7_4_address1  |  out|    4|   ap_memory|  c_row_major_7_4|         array|
|c_row_major_7_4_ce1       |  out|    1|   ap_memory|  c_row_major_7_4|         array|
|c_row_major_7_4_we1       |  out|    1|   ap_memory|  c_row_major_7_4|         array|
|c_row_major_7_4_d1        |  out|   16|   ap_memory|  c_row_major_7_4|         array|
|c_row_major_7_4_q1        |   in|   16|   ap_memory|  c_row_major_7_4|         array|
|c_row_major_7_5_address0  |  out|    4|   ap_memory|  c_row_major_7_5|         array|
|c_row_major_7_5_ce0       |  out|    1|   ap_memory|  c_row_major_7_5|         array|
|c_row_major_7_5_we0       |  out|    1|   ap_memory|  c_row_major_7_5|         array|
|c_row_major_7_5_d0        |  out|   16|   ap_memory|  c_row_major_7_5|         array|
|c_row_major_7_5_q0        |   in|   16|   ap_memory|  c_row_major_7_5|         array|
|c_row_major_7_5_address1  |  out|    4|   ap_memory|  c_row_major_7_5|         array|
|c_row_major_7_5_ce1       |  out|    1|   ap_memory|  c_row_major_7_5|         array|
|c_row_major_7_5_we1       |  out|    1|   ap_memory|  c_row_major_7_5|         array|
|c_row_major_7_5_d1        |  out|   16|   ap_memory|  c_row_major_7_5|         array|
|c_row_major_7_5_q1        |   in|   16|   ap_memory|  c_row_major_7_5|         array|
|c_row_major_7_6_address0  |  out|    4|   ap_memory|  c_row_major_7_6|         array|
|c_row_major_7_6_ce0       |  out|    1|   ap_memory|  c_row_major_7_6|         array|
|c_row_major_7_6_we0       |  out|    1|   ap_memory|  c_row_major_7_6|         array|
|c_row_major_7_6_d0        |  out|   16|   ap_memory|  c_row_major_7_6|         array|
|c_row_major_7_6_q0        |   in|   16|   ap_memory|  c_row_major_7_6|         array|
|c_row_major_7_6_address1  |  out|    4|   ap_memory|  c_row_major_7_6|         array|
|c_row_major_7_6_ce1       |  out|    1|   ap_memory|  c_row_major_7_6|         array|
|c_row_major_7_6_we1       |  out|    1|   ap_memory|  c_row_major_7_6|         array|
|c_row_major_7_6_d1        |  out|   16|   ap_memory|  c_row_major_7_6|         array|
|c_row_major_7_6_q1        |   in|   16|   ap_memory|  c_row_major_7_6|         array|
|c_row_major_7_7_address0  |  out|    4|   ap_memory|  c_row_major_7_7|         array|
|c_row_major_7_7_ce0       |  out|    1|   ap_memory|  c_row_major_7_7|         array|
|c_row_major_7_7_we0       |  out|    1|   ap_memory|  c_row_major_7_7|         array|
|c_row_major_7_7_d0        |  out|   16|   ap_memory|  c_row_major_7_7|         array|
|c_row_major_7_7_q0        |   in|   16|   ap_memory|  c_row_major_7_7|         array|
|c_row_major_7_7_address1  |  out|    4|   ap_memory|  c_row_major_7_7|         array|
|c_row_major_7_7_ce1       |  out|    1|   ap_memory|  c_row_major_7_7|         array|
|c_row_major_7_7_we1       |  out|    1|   ap_memory|  c_row_major_7_7|         array|
|c_row_major_7_7_d1        |  out|   16|   ap_memory|  c_row_major_7_7|         array|
|c_row_major_7_7_q1        |   in|   16|   ap_memory|  c_row_major_7_7|         array|
|start_k                   |   in|    5|     ap_none|          start_k|        scalar|
|finish_k                  |   in|    6|     ap_none|         finish_k|        scalar|
|a_row                     |   in|   32|     ap_none|            a_row|        scalar|
|a_col                     |   in|   32|     ap_none|            a_col|        scalar|
|b_col                     |   in|   32|     ap_none|            b_col|        scalar|
+--------------------------+-----+-----+------------+-----------------+--------------+

